Date,Open,Close,Volume,Raw
2010-10-01,9980.0,9945.642578125,53631.0,9995.0
2010-10-04,10055.0,10015.296875,67972.0,10065.0
2010-10-05,10040.0,10015.296875,13891.0,10065.0
2010-10-06,10225.0,10234.2099609375,12205.0,10285.0
2010-10-07,10270.0,10283.962890625,17231.0,10335.0
2010-10-08,10190.0,10119.7783203125,24222.0,10170.0
2010-10-11,10345.0,10283.962890625,6554.0,10335.0
2010-10-12,10335.0,10224.259765625,26030.0,10275.0
2010-10-13,10310.0,10293.9140625,6499.0,10345.0
2010-10-14,10485.0,10473.025390625,40903.0,10525.0
2010-10-15,10535.0,10468.0498046875,24024.0,10520.0
2010-10-18,10425.0,10333.716796875,32736.0,10385.0
2010-10-19,10435.0,10358.5927734375,19912.0,10410.0
2010-10-20,10175.0,10164.5556640625,21030.0,10215.0
2010-10-21,10275.0,10184.45703125,13010.0,10235.0
2010-10-22,10115.0,10079.9755859375,13049.0,10130.0
2010-10-25,10175.0,10179.4814453125,8379.0,10230.0
2010-10-26,10225.0,10159.580078125,14573.0,10210.0
2010-10-27,10220.0,10114.802734375,14993.0,10165.0
2010-10-28,10110.0,10065.0498046875,17420.0,10115.0
2010-10-29,10235.0,10189.4326171875,7387.0,10240.0
2010-11-01,10385.0,10338.69140625,7727.0,10390.0
2010-11-02,10400.0,10288.9384765625,7193.0,10340.0
2010-11-03,10355.0,10283.962890625,11511.0,10335.0
2010-11-04,10295.0,10283.962890625,20230.0,10335.0
2010-11-05,10585.0,10557.60546875,19098.0,10610.0
2010-11-08,10640.0,10567.5556640625,121471.0,10620.0
2010-11-09,10710.0,10716.8154296875,11405.0,10770.0
2010-11-10,10660.0,10627.259765625,30519.0,10680.0
2010-11-11,10675.0,10667.0625,6616.0,10720.0
2010-11-12,10730.0,10512.8271484375,72605.0,10565.0
2010-11-15,10440.0,10368.5439453125,18484.0,10420.0
2010-11-16,10355.0,10328.7412109375,5620.0,10380.0
2010-11-17,10190.0,10124.7529296875,24859.0,10175.0
2010-11-18,10240.0,10269.037109375,24688.0,10320.0
2010-11-19,10365.0,10269.037109375,7264.0,10320.0
2010-11-22,10360.0,10333.716796875,6245.0,10385.0
2010-11-23,10380.0,10293.9140625,4377.0,10345.0
2010-11-24,10465.0,10438.1982421875,16223.0,10490.0
2010-11-25,10460.0,10398.3955078125,3514.0,10450.0
2010-11-26,10430.0,10368.5439453125,9304.0,10420.0
2010-11-29,10300.0,10269.037109375,4520.0,10320.0
2010-11-30,10395.0,10348.642578125,2998.0,10400.0
2010-12-01,10470.0,10542.6796875,22822.0,10595.0
2010-12-02,10565.0,10532.728515625,9232.0,10585.0
2010-12-03,10575.0,10537.7041015625,4839.0,10590.0
2010-12-06,10730.0,10696.9140625,10087.0,10750.0
2010-12-07,10840.0,10766.568359375,13832.0,10820.0
2010-12-08,10675.0,10547.654296875,17562.0,10600.0
2010-12-09,10535.0,10507.8525390625,13999.0,10560.0
2010-12-10,10545.0,10542.6796875,5896.0,10595.0
2010-12-13,10535.0,10517.802734375,8363.0,10570.0
2010-12-14,10620.0,10627.259765625,79624.0,10680.0
2010-12-15,10645.0,10562.580078125,17109.0,10615.0
2010-12-16,10565.0,10468.0498046875,33211.0,10520.0
2010-12-17,10440.0,10423.271484375,23143.0,10475.0
2010-12-20,10510.0,10497.9013671875,78270.0,10550.0
2010-12-21,10550.0,10487.951171875,5907.0,10540.0
2010-12-22,10575.0,10527.7529296875,11751.0,10580.0
2010-12-23,10565.0,10517.802734375,5267.0,10570.0
2010-12-24,10520.0,10478.0,12574.0,10530.0
2010-12-27,10420.0,10448.1484375,3739.0,10500.0
2010-12-28,10540.0,10537.7041015625,11530.0,10590.0
2010-12-29,10720.0,10667.0625,66582.0,10720.0
2010-12-30,10760.0,10726.765625,5409.0,10780.0
2011-01-03,10830.0,10801.3955078125,10178.0,10855.0
2011-01-04,10785.0,10751.642578125,30921.0,10805.0
2011-01-05,10540.0,10482.9755859375,39816.0,10535.0
2011-01-06,10495.0,10443.1728515625,30463.0,10495.0
2011-01-07,10450.0,10353.6171875,20104.0,10405.0
2011-01-10,10445.0,10413.3212890625,15969.0,10465.0
2011-01-11,10480.0,10433.22265625,15852.0,10485.0
2011-01-12,10525.0,10492.92578125,16845.0,10545.0
2011-01-13,10550.0,10478.0,12202.0,10530.0
2011-01-14,10480.0,10438.1982421875,23263.0,10490.0
2011-01-17,10380.0,10298.8896484375,39407.0,10350.0
2011-01-18,10170.0,10124.7529296875,43995.0,10175.0
2011-01-19,10395.0,10388.4443359375,14649.0,10440.0
2011-01-20,10430.0,10373.5185546875,8308.0,10425.0
2011-01-21,10280.0,10184.45703125,14582.0,10235.0
2011-01-24,10145.0,10224.259765625,7766.0,10275.0
2011-01-25,10190.0,10089.92578125,28599.0,10140.0
2011-01-26,10120.0,10089.92578125,4238.0,10140.0
2011-01-27,10230.0,10194.4072265625,5689.0,10245.0
2011-01-28,10025.0,9930.716796875,40212.0,9980.0
2011-01-31,10210.0,10109.8271484375,13669.0,10160.0
2011-02-01,10150.0,10119.7783203125,11389.0,10170.0
2011-02-07,10220.0,10219.2841796875,30513.0,10270.0
2011-02-08,10290.0,10219.2841796875,3285.0,10270.0
2011-02-09,10350.0,10318.7900390625,8411.0,10370.0
2011-02-10,10370.0,10308.83984375,10170.0,10360.0
2011-02-11,10355.0,10308.83984375,8776.0,10360.0
2011-02-14,10330.0,10303.8642578125,6900.0,10355.0
2011-02-15,10380.0,10343.6669921875,4860.0,10395.0
2011-02-16,10420.0,10388.4443359375,19418.0,10440.0
2011-02-17,10445.0,10418.296875,6436.0,10470.0
2011-02-18,10520.0,10473.025390625,21553.0,10525.0
2011-02-21,10565.0,10532.728515625,15290.0,10585.0
2011-02-22,10680.0,10607.3583984375,30896.0,10660.0
2011-02-23,10665.0,10597.4072265625,21964.0,10650.0
2011-02-24,10735.0,10681.98828125,17219.0,10735.0
2011-02-25,10650.0,10627.259765625,8702.0,10680.0
2011-02-28,10650.0,10711.83984375,26806.0,10765.0
2011-03-02,10890.0,10851.1484375,23026.0,10905.0
2011-03-03,10930.0,10851.1484375,30064.0,10905.0
2011-03-04,10760.0,10736.716796875,26592.0,10790.0
2011-03-07,10910.0,10905.876953125,19078.0,10960.0
2011-03-08,10925.0,10846.1728515625,14550.0,10900.0
2011-03-09,10890.0,10806.37109375,22209.0,10860.0
2011-03-10,10905.0,10831.2470703125,18148.0,10885.0
2011-03-11,10770.0,10731.7412109375,18646.0,10785.0
2011-03-14,10885.0,10796.419921875,9082.0,10850.0
2011-03-15,10895.0,10746.6669921875,17682.0,10800.0
2011-03-16,10625.0,10627.259765625,33928.0,10680.0
2011-03-17,10580.0,10577.5068359375,6355.0,10630.0
2011-03-18,10735.0,10716.8154296875,10749.0,10770.0
2011-03-21,10850.0,10836.22265625,11388.0,10890.0
2011-03-22,10895.0,10836.22265625,11351.0,10890.0
2011-03-23,10885.0,10821.296875,7727.0,10875.0
2011-03-24,10945.0,10910.8525390625,19787.0,10965.0
2011-03-25,10925.0,10871.0498046875,26948.0,10925.0
2011-03-28,10880.0,10801.3955078125,86735.0,10855.0
2011-03-29,10840.0,10771.5439453125,12897.0,10825.0
2011-03-30,10815.0,10771.5439453125,8076.0,10825.0
2011-03-31,10840.0,10831.2470703125,6024.0,10885.0
2011-04-01,10925.0,10885.9755859375,14349.0,10940.0
2011-04-04,10905.0,10851.1484375,20472.0,10905.0
2011-04-05,10910.0,10895.92578125,23134.0,10950.0
2011-04-06,11060.0,11035.2353515625,142159.0,11090.0
2011-04-07,11120.0,11045.185546875,16472.0,11100.0
2011-04-08,11140.0,11129.765625,7300.0,11185.0
2011-04-11,11245.0,11204.3955078125,18889.0,11260.0
2011-04-12,11175.0,11060.111328125,26809.0,11115.0
2011-04-13,11060.0,11055.1357421875,10959.0,11110.0
2011-04-14,11110.0,11099.9140625,3575.0,11155.0
2011-04-15,11250.0,11204.3955078125,6578.0,11260.0
2011-04-18,11325.0,11274.0498046875,17371.0,11330.0
2011-04-19,11405.0,11308.876953125,20637.0,11365.0
2011-04-20,11400.0,11373.5556640625,20314.0,11430.0
2011-04-21,11450.0,11433.259765625,23581.0,11490.0
2011-04-22,11510.0,11418.333984375,10827.0,11475.0
2011-04-25,11530.0,11483.0126953125,20913.0,11540.0
2011-04-26,11485.0,11363.60546875,69715.0,11420.0
2011-04-27,11495.0,11428.2841796875,13991.0,11485.0
2011-04-28,11600.0,11607.3955078125,37318.0,11665.0
2011-04-29,11725.0,11637.2470703125,25620.0,11695.0
2011-05-02,11845.0,11751.6796875,49812.0,11810.0
2011-05-03,11725.0,11731.7783203125,22007.0,11790.0
2011-05-04,11670.0,11582.5185546875,71251.0,11640.0
2011-05-06,11200.0,11244.1982421875,86803.0,11300.0
2011-05-09,11340.0,11353.654296875,59002.0,11410.0
2011-05-11,11520.0,11522.8154296875,21318.0,11580.0
2011-05-12,11440.0,11353.654296875,54823.0,11410.0
2011-05-13,11450.0,11423.30859375,72698.0,11480.0
2011-05-16,11370.0,11303.9013671875,17393.0,11360.0
2011-05-17,11355.0,11323.802734375,4941.0,11380.0
2011-05-18,11325.0,11298.92578125,6431.0,11355.0
2011-05-19,11400.0,11348.6796875,72302.0,11405.0
2011-05-20,11400.0,11348.6796875,2045.0,11405.0
2011-05-23,11540.0,11443.2099609375,9637.0,11500.0
2011-05-24,11530.0,11487.98828125,13504.0,11545.0
2011-05-25,11600.0,11542.716796875,6737.0,11600.0
2011-05-26,11635.0,11582.5185546875,4675.0,11640.0
2011-05-27,11620.0,11562.6171875,8707.0,11620.0
2011-05-30,11710.0,11652.1728515625,18141.0,11710.0
2011-05-31,11740.0,11657.1484375,22136.0,11715.0
2011-06-01,11720.0,11627.296875,3710.0,11685.0
2011-06-02,11760.0,11672.07421875,5694.0,11730.0
2011-06-03,11700.0,11612.37109375,5271.0,11670.0
2011-06-07,11760.0,11716.8525390625,5276.0,11775.0
2011-06-08,11790.0,11682.025390625,5499.0,11740.0
2011-06-09,11725.0,11647.1982421875,15506.0,11705.0
2011-06-10,11745.0,11706.9013671875,2757.0,11765.0
2011-06-13,11670.0,11617.345703125,9244.0,11675.0
2011-06-14,11590.0,11542.716796875,21749.0,11600.0
2011-06-15,11650.0,11582.5185546875,10797.0,11640.0
2011-06-16,11660.0,11587.494140625,26804.0,11645.0
2011-06-17,11655.0,11572.568359375,40166.0,11630.0
2011-06-20,11720.0,11672.07421875,25154.0,11730.0
2011-06-21,11750.0,11716.8525390625,9284.0,11775.0
2011-06-22,11785.0,11726.802734375,16353.0,11785.0
2011-06-23,11815.0,11751.6796875,41607.0,11810.0
2011-06-24,11635.0,11552.6669921875,20062.0,11610.0
2011-06-27,11470.0,11408.3828125,40862.0,11465.0
2011-06-28,11455.0,11378.53125,16313.0,11435.0
2011-06-29,11455.0,11423.30859375,4843.0,11480.0
2011-06-30,11530.0,11473.0625,5109.0,11530.0
2011-07-01,11465.0,11388.4814453125,26811.0,11445.0
2011-07-04,11370.0,11343.7041015625,11244.0,11400.0
2011-07-05,11425.0,11358.6298828125,13242.0,11415.0
2011-07-06,11520.0,11507.8896484375,28684.0,11565.0
2011-07-07,11650.0,11657.1484375,27105.0,11715.0
2011-07-08,11690.0,11617.345703125,5047.0,11675.0
2011-07-11,11770.0,11741.728515625,14147.0,11800.0
2011-07-12,11840.0,11786.5068359375,17030.0,11845.0
2011-07-13,11960.0,11900.9384765625,30408.0,11960.0
2011-07-14,12120.0,12050.1982421875,17919.0,12110.0
2011-07-15,12120.0,12030.296875,35190.0,12090.0
2011-07-18,12195.0,12134.7783203125,18359.0,12195.0
2011-07-19,12260.0,12199.45703125,33116.0,12260.0
2011-07-20,12145.0,12090.0,36151.0,12150.0
2011-07-21,12205.0,12159.654296875,18932.0,12220.0
2011-07-22,12170.0,12070.0986328125,20438.0,12130.0
2011-07-25,12330.0,12284.037109375,24774.0,12345.0
2011-07-26,12345.0,12289.0126953125,10399.0,12350.0
2011-07-27,12355.0,12358.6669921875,22966.0,12420.0
2011-07-28,12340.0,12298.962890625,28977.0,12360.0
2011-07-29,12345.0,12259.1611328125,20796.0,12320.0
2011-08-01,12355.0,12264.1357421875,35704.0,12325.0
2011-08-02,12370.0,12363.642578125,46255.0,12425.0
2011-08-03,12660.0,12652.2099609375,88798.0,12715.0
2011-08-04,12715.0,12672.111328125,115204.0,12735.0
2011-08-05,12565.0,12652.2099609375,120707.0,12715.0
2011-08-08,12895.0,13025.3583984375,285604.0,13090.0
2011-08-09,13195.0,13363.6796875,493136.0,13430.0
2011-08-10,13490.0,13313.9267578125,280995.0,13380.0
2011-08-11,13825.0,13622.3955078125,394788.0,13690.0
2011-08-12,13445.0,13488.0625,186059.0,13555.0
2011-08-16,13550.0,13458.2099609375,135107.0,13525.0
2011-08-17,13700.0,13642.296875,119190.0,13710.0
2011-08-18,13715.0,13702.0,124225.0,13770.0
2011-08-19,14000.0,14085.099609375,270842.0,14155.0
2011-08-22,14370.0,14393.568359375,437235.0,14465.0
2011-08-23,14665.0,14512.9755859375,337483.0,14585.0
2011-08-24,14105.0,14085.099609375,394321.0,14155.0
2011-08-25,13360.0,13184.568359375,365119.0,13250.0
2011-08-26,13525.0,13572.642578125,154615.0,13640.0
2011-08-29,14000.0,13896.037109375,201210.0,13965.0
2011-08-30,13780.0,13741.802734375,99945.0,13810.0
2011-08-31,14010.0,14000.5185546875,122325.0,14070.0
2011-09-01,14010.0,13891.0625,219593.0,13960.0
2011-09-02,13985.0,13945.7900390625,58200.0,14015.0
2011-09-05,14480.0,14358.7412109375,207543.0,14430.0
2011-09-06,14590.0,14667.2099609375,240767.0,14740.0
2011-09-07,14420.0,14070.1728515625,347311.0,14140.0
2011-09-08,13895.0,14035.345703125,220721.0,14105.0
2011-09-09,14325.0,14294.0625,116155.0,14365.0
2011-09-14,14130.0,14000.5185546875,210767.0,14070.0
2011-09-15,13985.0,13786.5810546875,188036.0,13855.0
2011-09-16,13680.0,13502.98828125,213045.0,13570.0
2011-09-19,13995.0,13930.8642578125,199585.0,14000.0
2011-09-20,13675.0,13537.8154296875,163548.0,13605.0
2011-09-21,13785.0,13821.408203125,95353.0,13890.0
2011-09-22,13700.0,13562.69140625,195990.0,13630.0
2011-09-23,13275.0,13065.1611328125,279773.0,13130.0
2011-09-26,12575.0,12010.3955078125,372028.0,12070.0
2011-09-27,12345.0,12557.6796875,123305.0,12620.0
2011-09-28,12610.0,12512.9013671875,76188.0,12575.0
2011-09-29,12165.0,12388.5185546875,75952.0,12450.0
2011-09-30,12420.0,12388.5185546875,28506.0,12450.0
2011-10-04,12720.0,12716.8896484375,105976.0,12780.0
2011-10-05,12430.0,12328.8154296875,94600.0,12390.0
2011-10-06,12485.0,12497.9755859375,57781.0,12560.0
2011-10-07,12600.0,12632.30859375,45359.0,12695.0
2011-10-10,12590.0,12542.75390625,31907.0,12605.0
2011-10-11,12785.0,12796.494140625,36376.0,12860.0
2011-10-12,12745.0,12692.0126953125,13066.0,12755.0
2011-10-13,12820.0,12746.7412109375,34451.0,12810.0
2011-10-14,12780.0,12667.1357421875,20449.0,12730.0
2011-10-17,12835.0,12806.4443359375,24013.0,12870.0
2011-10-18,12775.0,12731.8154296875,13056.0,12795.0
2011-10-19,12650.0,12642.259765625,18770.0,12705.0
2011-10-20,12595.0,12298.962890625,151275.0,12360.0
2011-10-21,12360.0,12393.494140625,63625.0,12455.0
2011-10-24,12540.0,12557.6796875,33254.0,12620.0
2011-10-25,12640.0,12622.3583984375,80577.0,12685.0
2011-10-26,12975.0,13090.037109375,35831.0,13155.0
2011-10-27,13200.0,13104.962890625,16633.0,13170.0
2011-10-28,13320.0,13264.1728515625,51558.0,13330.0
2011-10-31,13330.0,13040.2841796875,27662.0,13105.0
2011-11-01,13120.0,13050.2353515625,21322.0,13115.0
2011-11-02,13090.0,13119.8896484375,31092.0,13185.0
2011-11-03,13245.0,13184.568359375,22873.0,13250.0
2011-11-04,13440.0,13398.5068359375,28439.0,13465.0
2011-11-07,13450.0,13483.0869140625,11775.0,13550.0
2011-11-08,13685.0,13632.345703125,25124.0,13700.0
2011-11-09,13715.0,13637.3212890625,12083.0,13705.0
2011-11-10,13570.0,13383.5810546875,37925.0,13450.0
2011-11-11,13385.0,13443.2841796875,20792.0,13510.0
2011-11-14,13700.0,13632.345703125,21918.0,13700.0
2011-11-15,13600.0,13493.037109375,17210.0,13560.0
2011-11-16,13575.0,13433.333984375,20862.0,13500.0
2011-11-17,13490.0,13433.333984375,15657.0,13500.0
2011-11-18,13175.0,13124.8642578125,30651.0,13190.0
2011-11-21,13180.0,13099.98828125,14539.0,13165.0
2011-11-22,12800.0,12831.3212890625,48841.0,12895.0
2011-11-23,13045.0,13005.45703125,67290.0,13070.0
2011-11-24,12920.0,12905.951171875,34296.0,12970.0
2011-11-25,12975.0,12876.0986328125,47674.0,12940.0
2011-11-28,12975.0,12975.60546875,43140.0,13040.0
2011-11-29,13080.0,13020.3828125,10054.0,13085.0
2011-11-30,13125.0,13080.0869140625,82693.0,13145.0
2011-12-01,13385.0,13279.099609375,79722.0,13345.0
2011-12-02,13360.0,13284.07421875,29396.0,13350.0
2011-12-05,13435.0,13284.07421875,18524.0,13350.0
2011-12-06,13135.0,13010.4326171875,64364.0,13075.0
2011-12-07,13170.0,13134.8154296875,10953.0,13200.0
2011-12-08,13285.0,13209.4443359375,17198.0,13275.0
2011-12-09,13100.0,13005.45703125,33745.0,13070.0
2011-12-12,13125.0,12886.0498046875,36430.0,12950.0
2011-12-13,12760.0,12582.5556640625,84485.0,12645.0
2011-12-14,12475.0,12463.1484375,47935.0,12525.0
2011-12-15,12045.0,11920.83984375,124808.0,11980.0
2011-12-16,12045.0,12070.0986328125,71282.0,12130.0
2011-12-19,12200.0,12050.1982421875,42977.0,12110.0
2011-12-20,12180.0,12159.654296875,30090.0,12220.0
2011-12-21,12340.0,12363.642578125,27823.0,12425.0
2011-12-22,12300.0,12199.45703125,32680.0,12260.0
2011-12-23,12300.0,12244.2353515625,18762.0,12305.0
2011-12-26,12295.0,12164.6298828125,24236.0,12225.0
2011-12-27,12225.0,12114.876953125,23911.0,12175.0
2011-12-28,12170.0,12090.0,12982.0,12150.0
2011-12-29,11905.0,11821.333984375,38818.0,11880.0
2012-01-02,11920.0,11915.8642578125,16526.0,11975.0
2012-01-03,12015.0,12050.1982421875,31276.0,12110.0
2012-01-04,12250.0,12109.9013671875,25519.0,12170.0
2012-01-05,12275.0,12318.8642578125,21548.0,12380.0
2012-01-06,12350.0,12328.8154296875,27567.0,12390.0
2012-01-09,12345.0,12254.185546875,13594.0,12315.0
2012-01-10,12315.0,12328.8154296875,26962.0,12390.0
2012-01-11,12495.0,12428.3212890625,22082.0,12490.0
2012-01-12,12520.0,12488.025390625,8328.0,12550.0
2012-01-13,12560.0,12483.0498046875,18450.0,12545.0
2012-01-16,12505.0,12438.271484375,27093.0,12500.0
2012-01-17,12525.0,12587.53125,25281.0,12650.0
2012-01-18,12665.0,12607.4326171875,16009.0,12670.0
2012-01-19,12690.0,12637.2841796875,21898.0,12700.0
2012-01-20,12665.0,12602.45703125,25610.0,12665.0
2012-01-25,12705.0,12652.2099609375,18066.0,12715.0
2012-01-26,13015.0,12990.53125,103362.0,13055.0
2012-01-27,13120.0,13070.1357421875,30944.0,13135.0
2012-01-30,13245.0,13159.69140625,32387.0,13225.0
2012-01-31,13195.0,13199.494140625,22043.0,13265.0
2012-02-01,13255.0,13189.5439453125,19716.0,13255.0
2012-02-02,13300.0,13289.0498046875,39205.0,13355.0
2012-02-03,13400.0,13328.8525390625,33382.0,13395.0
2012-02-06,13200.0,13154.716796875,26355.0,13220.0
2012-02-07,13100.0,13045.259765625,75810.0,13110.0
2012-02-08,13300.0,13259.1982421875,50700.0,13325.0
2012-02-09,13250.0,13189.5439453125,9904.0,13255.0
2012-02-10,13200.0,13174.6171875,12198.0,13240.0
2012-02-13,13200.0,13109.9384765625,11520.0,13175.0
2012-02-14,13150.0,13020.3828125,19440.0,13085.0
2012-02-15,13110.0,13095.0126953125,14548.0,13160.0
2012-02-16,13175.0,13075.111328125,19176.0,13140.0
2012-02-17,13175.0,13154.716796875,20946.0,13220.0
2012-02-20,13220.0,13169.642578125,20415.0,13235.0
2012-02-21,13235.0,13194.5185546875,9110.0,13260.0
2012-02-22,13405.0,13348.75390625,25203.0,13415.0
2012-02-23,13535.0,13502.98828125,20932.0,13570.0
2012-02-24,13600.0,13537.8154296875,70086.0,13605.0
2012-02-27,13555.0,13498.0126953125,17205.0,13565.0
2012-02-28,13480.0,13453.2353515625,6841.0,13520.0
2012-02-29,13610.0,13557.716796875,105739.0,13625.0
2012-03-02,13155.0,13090.037109375,94236.0,13155.0
2012-03-05,13105.0,13035.30859375,56569.0,13100.0
2012-03-06,13055.0,12965.654296875,22268.0,13030.0
2012-03-07,12810.0,12761.6669921875,31794.0,12825.0
2012-03-08,12850.0,12826.345703125,22644.0,12890.0
2012-03-09,13000.0,12975.60546875,10182.0,13040.0
2012-03-12,13100.0,12965.654296875,30871.0,13030.0
2012-03-13,13025.0,12950.728515625,21981.0,13015.0
2012-03-14,12825.0,12751.716796875,74499.0,12815.0
2012-03-15,12560.0,12478.07421875,64275.0,12540.0
2012-03-16,12675.0,12592.5068359375,62168.0,12655.0
2012-03-19,12660.0,12602.45703125,43781.0,12665.0
2012-03-20,12735.0,12567.6298828125,19659.0,12630.0
2012-03-21,12620.0,12562.654296875,19092.0,12625.0
2012-03-22,12580.0,12497.9755859375,17182.0,12560.0
2012-03-23,12585.0,12502.951171875,11015.0,12565.0
2012-03-26,12715.0,12637.2841796875,12435.0,12700.0
2012-03-27,12870.0,12826.345703125,22046.0,12890.0
2012-03-28,12870.0,12781.568359375,14016.0,12845.0
2012-03-29,12735.0,12612.408203125,40537.0,12675.0
2012-03-30,12670.0,12657.185546875,8986.0,12720.0
2012-04-02,12800.0,12701.962890625,30263.0,12765.0
2012-04-03,12800.0,12756.69140625,16100.0,12820.0
2012-04-04,12600.0,12493.0,71960.0,12555.0
2012-04-05,12400.0,12353.69140625,33031.0,12415.0
2012-04-06,12415.0,12413.3955078125,10671.0,12475.0
2012-04-09,12550.0,12458.1728515625,15756.0,12520.0
2012-04-10,12575.0,12572.60546875,19021.0,12635.0
2012-04-12,12660.0,12577.5810546875,23599.0,12640.0
2012-04-13,12770.0,12736.7900390625,14087.0,12800.0
2012-04-16,12650.0,12547.728515625,19543.0,12610.0
2012-04-17,12590.0,12517.876953125,15571.0,12580.0
2012-04-18,12635.0,12547.728515625,20813.0,12610.0
2012-04-19,12570.0,12458.1728515625,10257.0,12520.0
2012-04-20,12565.0,12512.9013671875,22894.0,12575.0
2012-04-23,12570.0,12502.951171875,15924.0,12565.0
2012-04-24,12500.0,12448.22265625,19808.0,12510.0
2012-04-25,12580.0,12468.1240234375,6967.0,12530.0
2012-04-26,12540.0,12517.876953125,12653.0,12580.0
2012-04-27,12635.0,12602.45703125,12922.0,12665.0
2012-04-30,12695.0,12677.0869140625,21055.0,12740.0
2012-05-02,12745.0,12602.45703125,9371.0,12665.0
2012-05-03,12650.0,12567.6298828125,8795.0,12630.0
2012-05-04,12550.0,12468.1240234375,7327.0,12530.0
2012-05-07,12555.0,12502.951171875,8858.0,12565.0
2012-05-08,12575.0,12493.0,5635.0,12555.0
2012-05-09,12310.0,12174.5810546875,69132.0,12235.0
2012-05-10,12210.0,12179.5556640625,16267.0,12240.0
2012-05-11,12240.0,12104.92578125,52890.0,12165.0
2012-05-14,12130.0,12055.1728515625,85236.0,12115.0
2012-05-15,11915.0,11851.185546875,35070.0,11910.0
2012-05-16,11845.0,11682.025390625,36620.0,11740.0
2012-05-17,11765.0,11821.333984375,27072.0,11880.0
2012-05-18,12055.0,12000.4443359375,49703.0,12060.0
2012-05-21,12210.0,12204.4326171875,34913.0,12265.0
2012-05-22,12245.0,12154.6796875,13872.0,12215.0
2012-05-23,12040.0,11925.8154296875,51718.0,11985.0
2012-05-24,11965.0,11890.98828125,32257.0,11950.0
2012-05-25,11960.0,11890.98828125,16592.0,11950.0
2012-05-29,12070.0,12010.3955078125,27211.0,12070.0
2012-05-30,11935.0,11846.2099609375,26383.0,11905.0
2012-05-31,11965.0,11950.69140625,16079.0,12010.0
2012-06-01,11940.0,11866.111328125,12306.0,11925.0
2012-06-04,12380.0,12423.345703125,82944.0,12485.0
2012-06-05,12355.0,12383.5439453125,23921.0,12445.0
2012-06-07,12450.0,12403.4443359375,35968.0,12465.0
2012-06-08,12220.0,12015.37109375,96325.0,12075.0
2012-06-11,12285.0,12224.333984375,16654.0,12285.0
2012-06-12,12230.0,12169.60546875,13134.0,12230.0
2012-06-13,12330.0,12264.1357421875,12789.0,12325.0
2012-06-14,12385.0,12398.4697265625,36784.0,12460.0
2012-06-15,12465.0,12413.3955078125,83513.0,12475.0
2012-06-18,12400.0,12363.642578125,29602.0,12425.0
2012-06-19,12500.0,12433.296875,11105.0,12495.0
2012-06-20,12465.0,12388.5185546875,17647.0,12450.0
2012-06-21,12340.0,12239.259765625,27506.0,12300.0
2012-06-22,12065.0,11925.8154296875,61112.0,11985.0
2012-06-25,12050.0,12020.345703125,21098.0,12080.0
2012-06-26,12175.0,12119.8525390625,5893.0,12180.0
2012-06-27,12090.0,12010.3955078125,8818.0,12070.0
2012-06-28,12090.0,12025.3212890625,5601.0,12085.0
2012-06-29,11950.0,12000.4443359375,35339.0,12060.0
2012-07-02,12270.0,12159.654296875,11622.0,12220.0
2012-07-03,12245.0,12244.2353515625,30765.0,12305.0
2012-07-04,12440.0,12353.69140625,27189.0,12415.0
2012-07-05,12415.0,12353.69140625,28030.0,12415.0
2012-07-06,12355.0,12264.1357421875,18869.0,12325.0
2012-07-09,12145.0,12070.0986328125,9079.0,12130.0
2012-07-10,12175.0,12109.9013671875,13904.0,12170.0
2012-07-11,12090.0,12040.2470703125,8256.0,12100.0
2012-07-12,12120.0,11995.4697265625,16463.0,12055.0
2012-07-13,12025.0,12030.296875,14460.0,12090.0
2012-07-16,12210.0,12129.802734375,20778.0,12190.0
2012-07-17,12200.0,12169.60546875,19382.0,12230.0
2012-07-18,12195.0,12085.025390625,19522.0,12145.0
2012-07-19,12115.0,12085.025390625,16824.0,12145.0
2012-07-20,12155.0,12119.8525390625,12843.0,12180.0
2012-07-23,12175.0,12090.0,21475.0,12150.0
2012-07-24,12140.0,12070.0986328125,12074.0,12130.0
2012-07-25,12160.0,12090.0,27301.0,12150.0
2012-07-26,12300.0,12264.1357421875,18058.0,12325.0
2012-07-27,12385.0,12358.6669921875,14456.0,12420.0
2012-07-30,12460.0,12383.5439453125,24022.0,12445.0
2012-07-31,12445.0,12428.3212890625,48182.0,12490.0
2012-08-01,12425.0,12363.642578125,13097.0,12425.0
2012-08-02,12335.0,12249.2099609375,11737.0,12310.0
2012-08-03,12240.0,12179.5556640625,1861.0,12240.0
2012-08-06,12320.0,12298.962890625,17152.0,12360.0
2012-08-07,12375.0,12333.7900390625,4449.0,12395.0
2012-08-08,12395.0,12293.98828125,7747.0,12355.0
2012-08-09,12415.0,12348.716796875,24265.0,12410.0
2012-08-10,12420.0,12328.8154296875,5493.0,12390.0
2012-08-13,12450.0,12413.3955078125,9749.0,12475.0
2012-08-14,12400.0,12348.716796875,7444.0,12410.0
2012-08-16,12350.0,12284.037109375,19794.0,12345.0
2012-08-17,12400.0,12368.6171875,17916.0,12430.0
2012-08-20,12450.0,12383.5439453125,18295.0,12445.0
2012-08-21,12460.0,12408.419921875,23460.0,12470.0
2012-08-22,12575.0,12552.7041015625,62723.0,12615.0
2012-08-23,12700.0,12751.716796875,28594.0,12815.0
2012-08-24,12855.0,12761.6669921875,26632.0,12825.0
2012-08-27,12870.0,12836.296875,30283.0,12900.0
2012-08-28,12820.0,12726.83984375,31182.0,12790.0
2012-08-29,12795.0,12746.7412109375,28935.0,12810.0
2012-08-30,12765.0,12677.0869140625,30245.0,12740.0
2012-08-31,12720.0,12687.037109375,12483.0,12750.0
2012-09-03,12995.0,12900.9755859375,122200.0,12965.0
2012-09-04,12990.0,12975.60546875,16871.0,13040.0
2012-09-05,13040.0,12955.7041015625,26033.0,13020.0
2012-09-06,13020.0,12985.5556640625,13122.0,13050.0
2012-09-07,13065.0,12945.75390625,50679.0,13010.0
2012-09-10,13335.0,13313.9267578125,70724.0,13380.0
2012-09-11,13325.0,13219.3955078125,23553.0,13285.0
2012-09-12,13315.0,13313.9267578125,29952.0,13380.0
2012-09-13,13350.0,13269.1484375,16337.0,13335.0
2012-09-14,13630.0,13622.3955078125,108920.0,13690.0
2012-09-17,13670.0,13607.4697265625,58441.0,13675.0
2012-09-18,13570.0,13463.185546875,50649.0,13530.0
2012-09-19,13620.0,13617.419921875,49040.0,13685.0
2012-09-20,13635.0,13483.0869140625,75755.0,13550.0
2012-09-21,13595.0,13547.765625,30381.0,13615.0
2012-09-24,13620.0,13488.0625,39967.0,13555.0
2012-09-25,13555.0,13502.98828125,38038.0,13570.0
2012-09-26,13530.0,13488.0625,23708.0,13555.0
2012-09-27,13520.0,13478.111328125,25296.0,13545.0
2012-09-28,13655.0,13652.2470703125,40829.0,13720.0
2012-10-02,13700.0,13642.296875,15673.0,13710.0
2012-10-04,13710.0,13662.1982421875,24663.0,13730.0
2012-10-05,13800.0,13756.728515625,48128.0,13825.0
2012-10-08,13715.0,13577.6171875,47742.0,13645.0
2012-10-09,13700.0,13622.3955078125,23711.0,13690.0
2012-10-10,13595.0,13517.9140625,28746.0,13585.0
2012-10-11,13545.0,13517.9140625,35844.0,13585.0
2012-10-12,13645.0,13552.7412109375,40856.0,13620.0
2012-10-15,13445.0,13353.728515625,29159.0,13420.0
2012-10-16,13390.0,13294.025390625,38684.0,13360.0
2012-10-17,13455.0,13438.30859375,17774.0,13505.0
2012-10-18,13490.0,13428.3583984375,10213.0,13495.0
2012-10-19,13430.0,13343.7783203125,27798.0,13410.0
2012-10-22,13250.0,13239.296875,27481.0,13305.0
2012-10-23,13420.0,13229.345703125,23326.0,13295.0
2012-10-24,13210.0,13119.8896484375,46094.0,13185.0
2012-10-25,13155.0,13129.83984375,23131.0,13195.0
2012-10-26,13185.0,13070.1357421875,49106.0,13135.0
2012-10-29,13200.0,13154.716796875,25591.0,13220.0
2012-10-30,13185.0,13109.9384765625,9969.0,13175.0
2012-10-31,13210.0,13234.3212890625,15241.0,13300.0
2012-11-01,13275.0,13214.419921875,12117.0,13280.0
2012-11-02,13245.0,13119.8896484375,25207.0,13185.0
2012-11-05,12980.0,12891.025390625,39817.0,12955.0
2012-11-06,12990.0,12950.728515625,21119.0,13015.0
2012-11-07,13180.0,13234.3212890625,19229.0,13300.0
2012-11-08,13220.0,13194.5185546875,27773.0,13260.0
2012-11-09,13370.0,13338.802734375,60897.0,13405.0
2012-11-12,13395.0,13333.8271484375,19348.0,13400.0
2012-11-13,13300.0,13254.22265625,17968.0,13320.0
2012-11-14,13320.0,13269.1484375,20899.0,13335.0
2012-11-15,13305.0,13239.296875,13501.0,13305.0
2012-11-16,13240.0,13144.765625,16226.0,13210.0
2012-11-19,13220.0,13224.37109375,11993.0,13290.0
2012-11-20,13350.0,13313.9267578125,41429.0,13380.0
2012-11-21,13335.0,13209.4443359375,23947.0,13275.0
2012-11-22,13325.0,13303.9755859375,56890.0,13370.0
2012-11-23,13360.0,13279.099609375,40212.0,13345.0
2012-11-26,13480.0,13433.333984375,35372.0,13500.0
2012-11-27,13505.0,13448.259765625,26183.0,13515.0
2012-11-28,13455.0,13353.728515625,21337.0,13420.0
2012-11-29,13300.0,13204.4697265625,44927.0,13270.0
2012-11-30,13315.0,13294.025390625,18052.0,13360.0
2012-12-03,13215.0,13164.6669921875,30857.0,13230.0
2012-12-04,13230.0,13045.259765625,29487.0,13110.0
2012-12-05,13080.0,13035.30859375,22995.0,13100.0
2012-12-06,13030.0,12950.728515625,31229.0,13015.0
2012-12-07,13080.0,13065.1611328125,13486.0,13130.0
2012-12-10,13135.0,13080.0869140625,19488.0,13145.0
2012-12-11,13175.0,13129.83984375,26948.0,13195.0
2012-12-12,13195.0,13124.8642578125,11005.0,13190.0
2012-12-13,13195.0,13045.259765625,40657.0,13110.0
2012-12-14,13095.0,13035.30859375,28384.0,13100.0
2012-12-17,13095.0,12985.5556640625,32442.0,13050.0
2012-12-18,13060.0,13065.1611328125,16326.0,13130.0
2012-12-20,12880.0,12771.6171875,77312.0,12835.0
2012-12-21,12705.0,12607.4326171875,42702.0,12670.0
2012-12-24,12765.0,12736.7900390625,16562.0,12800.0
2012-12-26,12750.0,12696.98828125,32601.0,12760.0
2012-12-27,12770.0,12731.8154296875,16838.0,12795.0
2012-12-28,12810.0,12751.716796875,8393.0,12815.0
2013-01-02,12880.0,12910.9267578125,34720.0,12975.0
2013-01-03,12990.0,12955.7041015625,35176.0,13020.0
2013-01-04,12830.0,12682.0625,57896.0,12745.0
2013-01-07,12785.0,12726.83984375,20041.0,12790.0
2013-01-08,12715.0,12667.1357421875,14824.0,12730.0
2013-01-09,12840.0,12736.7900390625,17055.0,12800.0
2013-01-10,12795.0,12716.8896484375,15386.0,12780.0
2013-01-11,12890.0,12861.1728515625,22234.0,12925.0
2013-01-14,12830.0,12791.5185546875,16470.0,12855.0
2013-01-15,12860.0,12831.3212890625,13399.0,12895.0
2013-01-16,12940.0,12886.0498046875,23371.0,12950.0
2013-01-17,12950.0,12856.1982421875,15476.0,12920.0
2013-01-18,12995.0,12955.7041015625,24384.0,13020.0
2013-01-21,13050.0,12980.5810546875,10132.0,13045.0
2013-01-22,13045.0,12985.5556640625,19631.0,13050.0
2013-01-23,13050.0,12990.53125,6252.0,13055.0
2013-01-24,13020.0,12896.0,30462.0,12960.0
2013-01-25,12850.0,12841.271484375,11113.0,12905.0
2013-01-28,12825.0,12751.716796875,22453.0,12815.0
2013-01-29,12795.0,12746.7412109375,20011.0,12810.0
2013-01-30,12855.0,12806.4443359375,22496.0,12870.0
2013-01-31,12935.0,12915.9013671875,28466.0,12980.0
2013-02-01,12840.0,12756.69140625,44564.0,12820.0
2013-02-04,12835.0,12806.4443359375,24725.0,12870.0
2013-02-05,12885.0,12846.2470703125,32710.0,12910.0
2013-02-06,12890.0,12826.345703125,25930.0,12890.0
2013-02-07,12930.0,12871.1240234375,29683.0,12935.0
2013-02-08,12910.0,12806.4443359375,21123.0,12870.0
2013-02-12,12720.0,12652.2099609375,77978.0,12715.0
2013-02-13,12720.0,12677.0869140625,17053.0,12740.0
2013-02-14,12705.0,12617.3828125,74031.0,12680.0
2013-02-15,12625.0,12527.8271484375,39711.0,12590.0
2013-02-18,12460.0,12413.3955078125,55381.0,12475.0
2013-02-19,12440.0,12398.4697265625,20366.0,12460.0
2013-02-20,12405.0,12323.83984375,39805.0,12385.0
2013-02-21,12140.0,12015.37109375,151249.0,12075.0
2013-02-22,12140.0,12184.53125,39397.0,12245.0
2013-02-25,12205.0,12169.60546875,21480.0,12230.0
2013-02-26,12305.0,12259.1611328125,34645.0,12320.0
2013-02-27,12435.0,12383.5439453125,26484.0,12445.0
2013-02-28,12340.0,12532.802734375,44683.0,12595.0
2013-03-04,12215.0,12149.7041015625,66319.0,12210.0
2013-03-05,12190.0,12144.728515625,23494.0,12205.0
2013-03-06,12205.0,12149.7041015625,13014.0,12210.0
2013-03-07,12240.0,12184.53125,11284.0,12245.0
2013-03-08,12215.0,12144.728515625,33136.0,12205.0
2013-03-11,12200.0,12174.5810546875,29664.0,12235.0
2013-03-12,12235.0,12154.6796875,18994.0,12215.0
2013-03-13,12270.0,12239.259765625,15875.0,12300.0
2013-03-14,12235.0,12214.3828125,23500.0,12275.0
2013-03-15,12300.0,12259.1611328125,13893.0,12320.0
2013-03-18,12350.0,12284.037109375,43083.0,12345.0
2013-03-19,12400.0,12333.7900390625,28250.0,12395.0
2013-03-20,12455.0,12373.5927734375,41103.0,12435.0
2013-03-21,12430.0,12333.7900390625,34924.0,12395.0
2013-03-22,12445.0,12383.5439453125,20540.0,12445.0
2013-03-25,12395.0,12348.716796875,23382.0,12410.0
2013-03-26,12400.0,12318.8642578125,13685.0,12380.0
2013-03-27,12355.0,12293.98828125,15045.0,12355.0
2013-03-28,12370.0,12358.6669921875,17624.0,12420.0
2013-03-29,12370.0,12323.83984375,16110.0,12385.0
2013-04-01,12330.0,12289.0126953125,8744.0,12350.0
2013-04-02,12355.0,12289.0126953125,15948.0,12350.0
2013-04-03,12200.0,12060.1484375,68370.0,12120.0
2013-04-04,12035.0,11930.7900390625,68651.0,11990.0
2013-04-05,11990.0,11925.8154296875,12854.0,11985.0
2013-04-08,12155.0,12094.9755859375,53315.0,12155.0
2013-04-09,12155.0,12099.951171875,11398.0,12160.0
2013-04-10,12255.0,12184.53125,49354.0,12245.0
2013-04-11,12030.0,12005.419921875,35149.0,12065.0
2013-04-12,12085.0,12010.3955078125,16923.0,12070.0
2013-04-15,11520.0,11149.6669921875,237868.0,11205.0
2013-04-16,10460.0,10478.0,297935.0,10530.0
2013-04-17,10620.0,10562.580078125,119925.0,10615.0
2013-04-18,10615.0,10512.8271484375,76666.0,10565.0
2013-04-19,10740.0,10831.2470703125,77679.0,10885.0
2013-04-22,10800.0,10910.8525390625,48018.0,10965.0
2013-04-23,10990.0,10960.60546875,64761.0,11015.0
2013-04-24,10940.0,10995.4326171875,33487.0,11050.0
2013-04-25,11070.0,11134.7412109375,27461.0,11190.0
2013-04-26,11360.0,11343.7041015625,45312.0,11400.0
2013-04-29,11395.0,11269.07421875,46637.0,11325.0
2013-04-30,11395.0,11274.0498046875,23921.0,11330.0
2013-05-02,11240.0,11174.5439453125,42221.0,11230.0
2013-05-03,11355.0,11343.7041015625,35267.0,11400.0
2013-05-06,11375.0,11348.6796875,18787.0,11405.0
2013-05-07,11350.0,11249.1728515625,15732.0,11305.0
2013-05-08,11230.0,11149.6669921875,28685.0,11205.0
2013-05-09,11355.0,11318.8271484375,34047.0,11375.0
2013-05-10,11220.0,11244.1982421875,13535.0,11300.0
2013-05-13,11115.0,11030.259765625,68880.0,11085.0
2013-05-14,11085.0,11080.0126953125,18292.0,11135.0
2013-05-15,11055.0,10940.7041015625,35363.0,10995.0
2013-05-16,10795.0,10736.716796875,59000.0,10790.0
2013-05-20,10415.0,10338.69140625,141501.0,10390.0
2013-05-21,10685.0,10731.7412109375,73107.0,10785.0
2013-05-22,10630.0,10602.3828125,62768.0,10655.0
2013-05-23,10505.0,10562.580078125,36956.0,10615.0
2013-05-24,10695.0,10706.8642578125,43833.0,10760.0
2013-05-27,10725.0,10696.9140625,18366.0,10750.0
2013-05-28,10775.0,10672.037109375,22854.0,10725.0
2013-05-29,10670.0,10617.30859375,28016.0,10670.0
2013-05-30,10735.0,10756.6171875,26733.0,10810.0
2013-05-31,10910.0,10876.025390625,86956.0,10930.0
2013-06-03,10770.0,10746.6669921875,26211.0,10800.0
2013-06-04,10895.0,10801.3955078125,34422.0,10855.0
2013-06-05,10805.0,10806.37109375,30294.0,10860.0
2013-06-07,10880.0,10881.0,41078.0,10935.0
2013-06-10,10710.0,10622.2841796875,60292.0,10675.0
2013-06-11,10700.0,10617.30859375,10642.0,10670.0
2013-06-12,10645.0,10572.53125,40811.0,10625.0
2013-06-13,10675.0,10672.037109375,49073.0,10725.0
2013-06-14,10675.0,10642.185546875,21343.0,10695.0
2013-06-17,10720.0,10657.111328125,22716.0,10710.0
2013-06-18,10710.0,10617.30859375,20065.0,10670.0
2013-06-19,10595.0,10507.8525390625,6996.0,10560.0
2013-06-20,10420.0,10288.9384765625,41335.0,10340.0
2013-06-21,9805.0,9975.494140625,83657.0,10025.0
2013-06-24,10000.0,9826.234375,30877.0,9875.0
2013-06-25,9870.0,9801.3583984375,31799.0,9850.0
2013-06-26,9850.0,9582.4443359375,54983.0,9630.0
2013-06-27,9490.0,9532.69140625,39724.0,9580.0
2013-06-28,9300.0,9293.876953125,149615.0,9340.0
2013-07-01,9525.0,9547.6171875,46006.0,9595.0
2013-07-02,9650.0,9676.9755859375,77510.0,9725.0
2013-07-03,9610.0,9532.69140625,17191.0,9580.0
2013-07-04,9655.0,9612.296875,10801.0,9660.0
2013-07-05,9640.0,9552.5927734375,14463.0,9600.0
2013-07-08,9405.0,9373.4814453125,30265.0,9420.0
2013-07-09,9510.0,9662.0498046875,37202.0,9710.0
2013-07-10,9630.0,9562.5439453125,14736.0,9610.0
2013-07-11,9865.0,9925.7412109375,39267.0,9975.0
2013-07-12,9920.0,9831.2099609375,42670.0,9880.0
2013-07-15,9915.0,9895.888671875,39713.0,9945.0
2013-07-16,9900.0,9846.1357421875,39976.0,9895.0
2013-07-17,9920.0,9895.888671875,12499.0,9945.0
2013-07-18,9815.0,9791.4072265625,20797.0,9840.0
2013-07-19,9875.0,9905.83984375,19472.0,9955.0
2013-07-22,10095.0,10104.8525390625,32622.0,10155.0
2013-07-23,10295.0,10199.3828125,21158.0,10250.0
2013-07-24,10320.0,10254.111328125,23742.0,10305.0
2013-07-25,10145.0,10139.6796875,15990.0,10190.0
2013-07-26,10265.0,10244.1611328125,19895.0,10295.0
2013-07-29,10265.0,10169.53125,10824.0,10220.0
2013-07-30,10230.0,10169.53125,4401.0,10220.0
2013-07-31,10235.0,10209.333984375,10256.0,10260.0
2013-08-01,10200.0,10099.876953125,11967.0,10150.0
2013-08-02,10085.0,9890.9140625,83114.0,9940.0
2013-08-05,10080.0,10070.025390625,10530.0,10120.0
2013-08-06,10025.0,9880.962890625,33774.0,9930.0
2013-08-07,9845.0,9791.4072265625,11423.0,9840.0
2013-08-08,9870.0,9930.716796875,15477.0,9980.0
2013-08-09,10115.0,10035.1982421875,17788.0,10085.0
2013-08-12,10250.0,10194.4072265625,20967.0,10245.0
2013-08-13,10245.0,10234.2099609375,18754.0,10285.0
2013-08-14,10185.0,10119.7783203125,43659.0,10170.0
2013-08-16,10470.0,10448.1484375,75294.0,10500.0
2013-08-19,10590.0,10587.45703125,82853.0,10640.0
2013-08-20,10545.0,10418.296875,32193.0,10470.0
2013-08-21,10515.0,10478.0,27164.0,10530.0
2013-08-22,10435.0,10448.1484375,23787.0,10500.0
2013-08-23,10570.0,10527.7529296875,30527.0,10580.0
2013-08-26,10765.0,10711.83984375,56734.0,10765.0
2013-08-27,10780.0,10711.83984375,113360.0,10765.0
2013-08-28,10910.0,10940.7041015625,89397.0,10995.0
2013-08-29,10920.0,10761.5927734375,54615.0,10815.0
2013-08-30,10815.0,10796.419921875,34837.0,10850.0
2013-09-02,10640.0,10716.8154296875,29333.0,10770.0
2013-09-03,10715.0,10677.0126953125,10480.0,10730.0
2013-09-04,10850.0,10771.5439453125,26674.0,10825.0
2013-09-05,10745.0,10612.333984375,27321.0,10665.0
2013-09-06,10530.0,10527.7529296875,20000.0,10580.0
2013-09-09,10675.0,10622.2841796875,23892.0,10675.0
2013-09-10,10700.0,10552.6298828125,12162.0,10605.0
2013-09-11,10505.0,10463.07421875,30671.0,10515.0
2013-09-12,10530.0,10418.296875,28351.0,10470.0
2013-09-13,10245.0,10065.0498046875,98222.0,10115.0
2013-09-16,10240.0,10194.4072265625,26892.0,10245.0
2013-09-17,10140.0,10070.025390625,36963.0,10120.0
2013-09-23,10215.0,10149.6298828125,25191.0,10200.0
2013-09-24,10200.0,10184.45703125,20342.0,10235.0
2013-09-25,10230.0,10154.60546875,8020.0,10205.0
2013-09-26,10250.0,10209.333984375,24565.0,10260.0
2013-09-27,10225.0,10179.4814453125,10350.0,10230.0
2013-09-30,10315.0,10283.962890625,15594.0,10335.0
2013-10-01,10240.0,10199.3828125,14210.0,10250.0
2013-10-02,9960.0,9930.716796875,78725.0,9980.0
2013-10-04,10140.0,10104.8525390625,39854.0,10155.0
2013-10-07,10120.0,10079.9755859375,8188.0,10130.0
2013-10-08,10185.0,10174.5068359375,13521.0,10225.0
2013-10-10,10065.0,10035.1982421875,26942.0,10085.0
2013-10-11,9945.0,9920.765625,71089.0,9970.0
2013-10-14,9835.0,9766.53125,78420.0,9815.0
2013-10-15,9815.0,9751.60546875,118634.0,9800.0
2013-10-16,9805.0,9836.185546875,54685.0,9885.0
2013-10-17,9870.0,9796.3828125,30967.0,9845.0
2013-10-18,10125.0,10084.951171875,127121.0,10135.0
2013-10-21,10130.0,10109.8271484375,27591.0,10160.0
2013-10-22,10150.0,10089.92578125,12281.0,10140.0
2013-10-23,10305.0,10254.111328125,41655.0,10305.0
2013-10-24,10280.0,10249.1357421875,6556.0,10300.0
2013-10-25,10365.0,10288.9384765625,22673.0,10340.0
2013-10-28,10375.0,10358.5927734375,22280.0,10410.0
2013-10-29,10410.0,10383.4697265625,52740.0,10435.0
2013-10-30,10365.0,10308.83984375,27840.0,10360.0
2013-10-31,10295.0,10378.494140625,41477.0,10430.0
2013-11-01,10210.0,10174.5068359375,14817.0,10225.0
2013-11-04,10145.0,10079.9755859375,18862.0,10130.0
2013-11-05,10155.0,10075.0,9000.0,10125.0
2013-11-06,10130.0,10079.9755859375,6671.0,10130.0
2013-11-07,10170.0,10109.8271484375,22741.0,10160.0
2013-11-08,10105.0,10060.07421875,5802.0,10110.0
2013-11-11,9900.0,9866.037109375,45082.0,9915.0
2013-11-12,9895.0,9811.30859375,50299.0,9860.0
2013-11-13,9775.0,9741.654296875,40527.0,9790.0
2013-11-14,9885.0,9875.98828125,32412.0,9925.0
2013-11-15,9930.0,9895.888671875,20980.0,9945.0
2013-11-18,9905.0,9890.9140625,9491.0,9940.0
2013-11-19,9830.0,9771.5068359375,54162.0,9820.0
2013-11-20,9820.0,9781.45703125,4940.0,9830.0
2013-11-21,9620.0,9577.4697265625,104001.0,9625.0
2013-11-22,9590.0,9547.6171875,31155.0,9595.0
2013-11-25,9560.0,9522.7412109375,29251.0,9570.0
2013-11-26,9640.0,9577.4697265625,44220.0,9625.0
2013-11-27,9620.0,9527.7158203125,35557.0,9575.0
2013-11-28,9565.0,9517.765625,19807.0,9565.0
2013-11-29,9600.0,9542.642578125,21275.0,9590.0
2013-12-02,9595.0,9577.4697265625,11990.0,9625.0
2013-12-03,9450.0,9378.45703125,64711.0,9425.0
2013-12-04,9440.0,9393.3828125,22892.0,9440.0
2013-12-05,9560.0,9497.8642578125,33617.0,9545.0
2013-12-06,9410.0,9423.234375,24025.0,9470.0
2013-12-09,9445.0,9443.1357421875,16335.0,9490.0
2013-12-10,9520.0,9502.83984375,14935.0,9550.0
2013-12-11,9690.0,9647.1240234375,56805.0,9695.0
2013-12-12,9670.0,9627.22265625,29721.0,9675.0
2013-12-13,9500.0,9433.185546875,50071.0,9480.0
2013-12-16,9510.0,9497.8642578125,8269.0,9545.0
2013-12-17,9595.0,9542.642578125,11583.0,9590.0
2013-12-18,9490.0,9492.888671875,17580.0,9540.0
2013-12-19,9435.0,9398.3583984375,25792.0,9445.0
2013-12-20,9210.0,9189.3955078125,67683.0,9235.0
2013-12-23,9295.0,9234.1728515625,22608.0,9280.0
2013-12-24,9260.0,9169.494140625,38071.0,9215.0
2013-12-26,9270.0,9214.271484375,17718.0,9260.0
2013-12-27,9315.0,9283.92578125,17692.0,9330.0
2013-12-30,9355.0,9293.876953125,12108.0,9340.0
2014-01-02,9340.0,9383.4326171875,30676.0,9430.0
2014-01-03,9425.0,9443.1357421875,20048.0,9490.0
2014-01-06,9500.0,9487.9140625,19091.0,9535.0
2014-01-07,9550.0,9522.7412109375,10560.0,9570.0
2014-01-08,9520.0,9443.1357421875,6489.0,9490.0
2014-01-09,9490.0,9403.333984375,7511.0,9450.0
2014-01-10,9460.0,9502.83984375,22184.0,9550.0
2014-01-13,9605.0,9572.494140625,16371.0,9620.0
2014-01-14,9645.0,9592.3955078125,58630.0,9640.0
2014-01-15,9575.0,9542.642578125,21784.0,9590.0
2014-01-16,9555.0,9527.7158203125,8413.0,9575.0
2014-01-17,9600.0,9527.7158203125,16427.0,9575.0
2014-01-20,9675.0,9607.3212890625,17860.0,9655.0
2014-01-21,9655.0,9602.345703125,6997.0,9650.0
2014-01-22,9610.0,9522.7412109375,5335.0,9570.0
2014-01-23,9565.0,9468.0126953125,4553.0,9515.0
2014-01-24,9705.0,9642.1484375,25677.0,9690.0
2014-01-27,9820.0,9746.6298828125,30132.0,9795.0
2014-01-28,9740.0,9696.876953125,35280.0,9745.0
2014-01-29,9695.0,9637.1728515625,5814.0,9685.0
2014-02-03,9640.0,9537.6669921875,10589.0,9585.0
2014-02-04,9700.0,9632.1982421875,14594.0,9680.0
2014-02-05,9700.0,9657.07421875,36133.0,9705.0
2014-02-06,9710.0,9657.07421875,7218.0,9705.0
2014-02-07,9730.0,9667.025390625,10165.0,9715.0
2014-02-10,9755.0,9731.7041015625,10942.0,9780.0
2014-02-11,9815.0,9846.1357421875,26951.0,9895.0
2014-02-12,9975.0,9871.0126953125,13197.0,9920.0
2014-02-13,9945.0,9915.7900390625,19608.0,9965.0
2014-02-14,10010.0,10000.37109375,36206.0,10050.0
2014-02-17,10190.0,10204.3583984375,46710.0,10255.0
2014-02-18,10260.0,10094.9013671875,30134.0,10145.0
2014-02-19,10200.0,10119.7783203125,19675.0,10170.0
2014-02-20,10150.0,10060.07421875,30600.0,10110.0
2014-02-21,10160.0,10089.92578125,15715.0,10140.0
2014-02-24,10200.0,10169.53125,21138.0,10220.0
2014-02-25,10285.0,10259.0869140625,33925.0,10310.0
2014-02-26,10330.0,10298.8896484375,10078.0,10350.0
2014-02-27,10310.0,10204.3583984375,9414.0,10255.0
2014-02-28,10260.0,10264.0615234375,23096.0,10315.0
2014-03-03,10325.0,10353.6171875,68769.0,10405.0
2014-03-04,10465.0,10413.3212890625,24691.0,10465.0
2014-03-05,10350.0,10278.98828125,22603.0,10330.0
2014-03-06,10300.0,10269.037109375,10842.0,10320.0
2014-03-07,10405.0,10398.3955078125,15434.0,10450.0
2014-03-10,10340.0,10259.0869140625,13919.0,10310.0
2014-03-11,10375.0,10318.7900390625,18443.0,10370.0
2014-03-12,10385.0,10413.3212890625,30516.0,10465.0
2014-03-13,10515.0,10527.7529296875,16116.0,10580.0
2014-03-14,10570.0,10507.8525390625,24721.0,10560.0
2014-03-17,10690.0,10662.0869140625,32529.0,10715.0
2014-03-18,10540.0,10487.951171875,37840.0,10540.0
2014-03-19,10500.0,10448.1484375,14913.0,10500.0
2014-03-20,10290.0,10204.3583984375,54638.0,10255.0
2014-03-21,10260.0,10224.259765625,18160.0,10275.0
2014-03-24,10335.0,10189.4326171875,15073.0,10240.0
2014-03-25,10165.0,10109.8271484375,13610.0,10160.0
2014-03-26,10120.0,10109.8271484375,18750.0,10160.0
2014-03-27,10135.0,10040.1728515625,13682.0,10090.0
2014-03-28,10005.0,9955.5927734375,21700.0,10005.0
2014-03-31,10005.0,9990.419921875,13504.0,10040.0
2014-04-01,9955.0,9905.83984375,26031.0,9955.0
2014-04-02,9905.0,9895.888671875,11219.0,9945.0
2014-04-03,9965.0,9950.6171875,8145.0,10000.0
2014-04-04,9960.0,9925.7412109375,8000.0,9975.0
2014-04-07,10045.0,10020.271484375,13606.0,10070.0
2014-04-08,10065.0,10025.2470703125,16823.0,10075.0
2014-04-09,10110.0,10099.876953125,16401.0,10150.0
2014-04-10,10125.0,10094.9013671875,9810.0,10145.0
2014-04-11,10170.0,10179.4814453125,18196.0,10230.0
2014-04-14,10230.0,10224.259765625,10339.0,10275.0
2014-04-15,10275.0,10174.5068359375,13288.0,10225.0
2014-04-16,10100.0,9990.419921875,13453.0,10040.0
2014-04-17,10080.0,10010.3212890625,4155.0,10060.0
2014-04-18,10035.0,9965.5439453125,11937.0,10015.0
2014-04-21,10020.0,9920.765625,11678.0,9970.0
2014-04-22,9980.0,9920.765625,4248.0,9970.0
2014-04-23,9960.0,9910.8154296875,7314.0,9960.0
2014-04-24,9965.0,9895.888671875,11892.0,9945.0
2014-04-25,9995.0,9950.6171875,6301.0,10000.0
2014-04-28,10065.0,10030.22265625,13838.0,10080.0
2014-04-29,10020.0,9960.568359375,5060.0,10010.0
2014-04-30,10005.0,9965.5439453125,5239.0,10015.0
2014-05-02,9970.0,9900.8642578125,8300.0,9950.0
2014-05-07,10100.0,10089.92578125,23085.0,10140.0
2014-05-08,9980.0,9940.6669921875,11678.0,9990.0
2014-05-09,10010.0,9950.6171875,1081.0,10000.0
2014-05-12,9960.0,9905.83984375,12015.0,9955.0
2014-05-13,10005.0,9950.6171875,23298.0,10000.0
2014-05-14,10000.0,9950.6171875,5058.0,10000.0
2014-05-15,10080.0,10010.3212890625,7648.0,10060.0
2014-05-16,10010.0,9985.4443359375,3803.0,10035.0
2014-05-19,10020.0,9950.6171875,3083.0,10000.0
2014-05-20,10000.0,9945.642578125,5131.0,9995.0
2014-05-21,9995.0,9980.4697265625,3756.0,10030.0
2014-05-22,10020.0,9950.6171875,8389.0,10000.0
2014-05-23,10040.0,9960.568359375,4022.0,10010.0
2014-05-26,10010.0,9945.642578125,3150.0,9995.0
2014-05-27,10000.0,9930.716796875,6473.0,9980.0
2014-05-28,9810.0,9771.5068359375,29609.0,9820.0
2014-05-29,9765.0,9711.802734375,19027.0,9760.0
2014-05-30,9760.0,9691.9013671875,10679.0,9740.0
2014-06-02,9685.0,9592.3955078125,22536.0,9640.0
2014-06-03,9640.0,9607.3212890625,5056.0,9655.0
2014-06-05,9655.0,9612.296875,10730.0,9660.0
2014-06-09,9720.0,9672.0,15962.0,9720.0
2014-06-10,9720.0,9691.9013671875,10875.0,9740.0
2014-06-11,9765.0,9711.802734375,7881.0,9760.0
2014-06-12,9760.0,9701.8525390625,7120.0,9750.0
2014-06-13,9835.0,9826.234375,18069.0,9875.0
2014-06-16,9930.0,9890.9140625,23716.0,9940.0
2014-06-17,9880.0,9771.5068359375,8437.0,9820.0
2014-06-18,9820.0,9771.5068359375,2165.0,9820.0
2014-06-19,9880.0,9871.0126953125,9165.0,9920.0
2014-06-20,10160.0,10104.8525390625,48849.0,10155.0
2014-06-23,10155.0,10139.6796875,21562.0,10190.0
2014-06-24,10190.0,10109.8271484375,17073.0,10160.0
2014-06-25,10200.0,10104.8525390625,11575.0,10155.0
2014-06-26,10190.0,10129.728515625,22847.0,10180.0
2014-06-27,10170.0,10154.60546875,13432.0,10205.0
2014-06-30,10180.0,10164.5556640625,19302.0,10215.0
2014-07-01,10250.0,10234.2099609375,15986.0,10285.0
2014-07-02,10260.0,10204.3583984375,28109.0,10255.0
2014-07-03,10255.0,10189.4326171875,6404.0,10240.0
2014-07-04,10210.0,10149.6298828125,16319.0,10200.0
2014-07-07,10235.0,10104.8525390625,11350.0,10155.0
2014-07-08,10200.0,10149.6298828125,11956.0,10200.0
2014-07-09,10200.0,10194.4072265625,20549.0,10245.0
2014-07-10,10280.0,10288.9384765625,25649.0,10340.0
2014-07-11,10360.0,10338.69140625,22061.0,10390.0
2014-07-14,10355.0,10229.234375,13411.0,10280.0
2014-07-15,10165.0,10084.951171875,17440.0,10135.0
2014-07-16,10015.0,10035.1982421875,16807.0,10085.0
2014-07-17,10090.0,10094.9013671875,9594.0,10145.0
2014-07-18,10245.0,10139.6796875,21797.0,10190.0
2014-07-21,10190.0,10094.9013671875,14346.0,10145.0
2014-07-22,10150.0,10079.9755859375,4837.0,10130.0
2014-07-23,10155.0,10094.9013671875,3646.0,10145.0
2014-07-24,10135.0,9990.419921875,8302.0,10040.0
2014-07-25,10050.0,9985.4443359375,4523.0,10035.0
2014-07-28,10110.0,10050.1240234375,11017.0,10100.0
2014-07-29,10085.0,10065.0498046875,6515.0,10115.0
2014-07-30,10095.0,10000.37109375,9385.0,10050.0
2014-07-31,10010.0,9995.3955078125,4852.0,10045.0
2014-08-01,9965.0,9925.7412109375,19793.0,9975.0
2014-08-04,10000.0,9950.6171875,7232.0,10000.0
2014-08-05,10000.0,9930.716796875,4292.0,9980.0
2014-08-06,10005.0,9930.716796875,2468.0,9980.0
2014-08-07,10100.0,10055.0986328125,18103.0,10105.0
2014-08-08,10140.0,10159.580078125,30581.0,10210.0
2014-08-11,10150.0,10084.951171875,14122.0,10135.0
2014-08-12,10150.0,10060.07421875,5576.0,10110.0
2014-08-13,10115.0,10079.9755859375,6633.0,10130.0
2014-08-14,10185.0,10114.802734375,13395.0,10165.0
2014-08-18,10115.0,10035.1982421875,8842.0,10085.0
2014-08-19,10090.0,10040.1728515625,7344.0,10090.0
2014-08-20,10065.0,10000.37109375,4652.0,10050.0
2014-08-21,10030.0,9945.642578125,16440.0,9995.0
2014-08-22,9930.0,9880.962890625,18369.0,9930.0
2014-08-25,9950.0,9890.9140625,9638.0,9940.0
2014-08-26,9920.0,9915.7900390625,7298.0,9965.0
2014-08-27,9950.0,9885.9384765625,4045.0,9935.0
2014-08-28,9935.0,9940.6669921875,5056.0,9990.0
2014-08-29,10025.0,9960.568359375,4690.0,10010.0
2014-09-01,10000.0,9940.6669921875,4726.0,9990.0
2014-09-02,10000.0,9920.765625,5206.0,9970.0
2014-09-03,9850.0,9806.333984375,23027.0,9855.0
2014-09-04,9860.0,9811.30859375,31286.0,9860.0
2014-09-05,9790.0,9776.4814453125,13404.0,9825.0
2014-09-11,9715.0,9647.1240234375,42095.0,9695.0
2014-09-12,9650.0,9542.642578125,50990.0,9590.0
2014-09-15,9525.0,9537.6669921875,11612.0,9585.0
2014-09-16,9585.0,9557.568359375,12748.0,9605.0
2014-09-17,9600.0,9577.4697265625,9300.0,9625.0
2014-09-18,9475.0,9468.0126953125,25361.0,9515.0
2014-09-19,9515.0,9458.0615234375,54839.0,9505.0
2014-09-22,9445.0,9353.580078125,65126.0,9400.0
2014-09-23,9390.0,9423.234375,105726.0,9470.0
2014-09-24,9490.0,9443.1357421875,8048.0,9490.0
2014-09-25,9445.0,9368.5068359375,18718.0,9415.0
2014-09-26,9435.0,9403.333984375,60450.0,9450.0
2014-09-29,9400.0,9403.333984375,11112.0,9450.0
2014-09-30,9460.0,9408.30859375,22533.0,9455.0
2014-10-01,9390.0,9308.802734375,22660.0,9355.0
2014-10-02,9400.0,9403.333984375,65585.0,9450.0
2014-10-06,9320.0,9184.419921875,56408.0,9230.0
2014-10-07,9340.0,9273.9755859375,14140.0,9320.0
2014-10-08,9385.0,9348.60546875,14843.0,9395.0
2014-10-10,9450.0,9408.30859375,39752.0,9455.0
2014-10-13,9505.0,9477.962890625,69018.0,9525.0
2014-10-14,9555.0,9492.888671875,29041.0,9540.0
2014-10-15,9500.0,9453.0869140625,22988.0,9500.0
2014-10-16,9600.0,9577.4697265625,36081.0,9625.0
2014-10-17,9620.0,9557.568359375,21276.0,9605.0
2014-10-20,9540.0,9537.6669921875,17770.0,9585.0
2014-10-21,9640.0,9622.2470703125,21555.0,9670.0
2014-10-22,9670.0,9612.296875,18062.0,9660.0
2014-10-23,9655.0,9562.5439453125,17895.0,9610.0
2014-10-24,9535.0,9487.9140625,8955.0,9535.0
2014-10-27,9540.0,9487.9140625,7933.0,9535.0
2014-10-28,9530.0,9453.0869140625,8210.0,9500.0
2014-10-29,9515.0,9468.0126953125,12561.0,9515.0
2014-10-30,9415.0,9338.654296875,20890.0,9385.0
2014-10-31,9315.0,9194.37109375,76076.0,9240.0
2014-11-03,9150.0,9030.185546875,52324.0,9075.0
2014-11-04,9050.0,8990.3828125,43652.0,9035.0
2014-11-05,9035.0,8920.728515625,39078.0,8965.0
2014-11-06,8855.0,8851.07421875,55146.0,8895.0
2014-11-07,8855.0,8721.7158203125,90372.0,8765.0
2014-11-10,9050.0,9040.1357421875,45931.0,9085.0
2014-11-11,8960.0,8905.802734375,47221.0,8950.0
2014-11-12,9000.0,9000.333984375,28401.0,9045.0
2014-11-13,9000.0,8955.5556640625,16693.0,9000.0
2014-11-14,9005.0,8940.6298828125,24740.0,8985.0
2014-11-17,9140.0,9174.4697265625,42691.0,9220.0
2014-11-18,9170.0,9159.54296875,17846.0,9205.0
2014-11-19,9265.0,9194.37109375,20137.0,9240.0
2014-11-20,9160.0,9124.7158203125,12604.0,9170.0
2014-11-21,9200.0,9179.4443359375,23232.0,9225.0
2014-11-24,9270.0,9264.025390625,18429.0,9310.0
2014-11-25,9295.0,9224.22265625,20511.0,9270.0
2014-11-26,9320.0,9259.0498046875,14252.0,9305.0
2014-11-27,9300.0,9169.494140625,27970.0,9215.0
2014-11-28,9205.0,9189.3955078125,11734.0,9235.0
2014-12-01,8935.0,8885.9013671875,63816.0,8930.0
2014-12-02,9290.0,9264.025390625,63566.0,9310.0
2014-12-03,9285.0,9234.1728515625,6278.0,9280.0
2014-12-04,9320.0,9303.8271484375,15490.0,9350.0
2014-12-05,9305.0,9269.0,15650.0,9315.0
2014-12-08,9190.0,9174.4697265625,10790.0,9220.0
2014-12-09,9290.0,9278.951171875,11203.0,9325.0
2014-12-10,9500.0,9492.888671875,51928.0,9540.0
2014-12-11,9500.0,9463.037109375,50662.0,9510.0
2014-12-12,9510.0,9443.1357421875,16342.0,9490.0
2014-12-15,9480.0,9413.2841796875,28311.0,9460.0
2014-12-16,9305.0,9234.1728515625,17992.0,9280.0
2014-12-17,9280.0,9259.0498046875,13908.0,9305.0
2014-12-18,9260.0,9264.025390625,25525.0,9310.0
2014-12-19,9280.0,9264.025390625,11246.0,9310.0
2014-12-22,9300.0,9264.025390625,5462.0,9310.0
2014-12-23,9235.0,9119.7412109375,31079.0,9165.0
2014-12-24,9155.0,9114.765625,16772.0,9160.0
2014-12-26,9130.0,9134.6669921875,11215.0,9180.0
2014-12-29,9250.0,9224.22265625,13848.0,9270.0
2014-12-30,9175.0,9154.568359375,15319.0,9200.0
2015-01-02,9180.0,9134.6669921875,33310.0,9180.0
2015-01-05,9205.0,9194.37109375,29328.0,9240.0
2015-01-06,9305.0,9293.876953125,29718.0,9340.0
2015-01-07,9465.0,9373.4814453125,23716.0,9420.0
2015-01-08,9420.0,9328.7041015625,11814.0,9375.0
2015-01-09,9405.0,9353.580078125,12993.0,9400.0
2015-01-12,9470.0,9458.0615234375,32830.0,9505.0
2015-01-13,9530.0,9547.6171875,53178.0,9595.0
2015-01-14,9595.0,9492.888671875,18406.0,9540.0
2015-01-15,9530.0,9492.888671875,11796.0,9540.0
2015-01-16,9745.0,9721.7529296875,77537.0,9770.0
2015-01-19,9870.0,9826.234375,57330.0,9875.0
2015-01-20,9880.0,9856.0869140625,23164.0,9905.0
2015-01-21,9975.0,10055.0986328125,85132.0,10105.0
2015-01-22,10045.0,9985.4443359375,49101.0,10035.0
2015-01-23,10055.0,10015.296875,56020.0,10065.0
2015-01-26,10065.0,10015.296875,40561.0,10065.0
2015-01-27,9915.0,9851.111328125,21746.0,9900.0
2015-01-28,10010.0,9965.5439453125,22442.0,10015.0
2015-01-29,9965.0,9871.0126953125,40990.0,9920.0
2015-01-30,9750.0,9761.5556640625,34422.0,9810.0
2015-02-02,9905.0,9880.962890625,29620.0,9930.0
2015-02-03,9895.0,9811.30859375,14910.0,9860.0
2015-02-04,9790.0,9741.654296875,32037.0,9790.0
2015-02-05,9830.0,9821.259765625,18276.0,9870.0
2015-02-06,9850.0,9821.259765625,39105.0,9870.0
2015-02-09,9635.0,9612.296875,41663.0,9660.0
2015-02-10,9635.0,9607.3212890625,19336.0,9655.0
2015-02-11,9595.0,9557.568359375,24478.0,9605.0
2015-02-12,9500.0,9453.0869140625,42890.0,9500.0
2015-02-13,9525.0,9497.8642578125,21046.0,9545.0
2015-02-16,9565.0,9537.6669921875,37347.0,9585.0
2015-02-17,9585.0,9607.3212890625,22189.0,9655.0
2015-02-23,9530.0,9323.728515625,113309.0,9370.0
2015-02-24,9365.0,9303.8271484375,65090.0,9350.0
2015-02-25,9375.0,9373.4814453125,51606.0,9420.0
2015-02-26,9390.0,9358.5556640625,21046.0,9405.0
2015-02-27,9420.0,9373.4814453125,41108.0,9420.0
2015-03-02,9390.0,9413.2841796875,38666.0,9460.0
2015-03-03,9400.0,9343.6298828125,61495.0,9390.0
2015-03-04,9350.0,9333.6796875,23048.0,9380.0
2015-03-05,9370.0,9313.7783203125,25181.0,9360.0
2015-03-06,9330.0,9273.9755859375,33246.0,9320.0
2015-03-09,9100.0,9069.98828125,165232.0,9115.0
2015-03-10,9075.0,8995.3583984375,132580.0,9040.0
2015-03-11,9015.0,9000.333984375,46347.0,9045.0
2015-03-12,8980.0,8920.728515625,147498.0,8965.0
2015-03-13,8975.0,8965.5068359375,32156.0,9010.0
2015-03-16,8980.0,8980.4326171875,58845.0,9025.0
2015-03-17,8985.0,8885.9013671875,106236.0,8930.0
2015-03-18,9100.0,8870.9755859375,77175.0,8915.0
2015-03-19,9100.0,9055.0615234375,116339.0,9100.0
2015-03-20,9110.0,9040.1357421875,38077.0,9085.0
2015-03-23,9160.0,9119.7412109375,50522.0,9165.0
2015-03-24,9180.0,9149.5927734375,72785.0,9195.0
2015-03-25,9235.0,9159.54296875,44967.0,9205.0
2015-03-26,9240.0,9214.271484375,81561.0,9260.0
2015-03-27,9295.0,9244.1240234375,41410.0,9290.0
2015-03-30,9290.0,9169.494140625,50205.0,9215.0
2015-03-31,9215.0,9124.7158203125,27651.0,9170.0
2015-04-01,9145.0,9129.69140625,25914.0,9175.0
2015-04-02,9285.0,9244.1240234375,68958.0,9290.0
2015-04-03,9295.0,9234.1728515625,38450.0,9280.0
2015-04-06,9390.0,9338.654296875,92176.0,9385.0
2015-04-07,9400.0,9353.580078125,24209.0,9400.0
2015-04-08,9400.0,9288.9013671875,21407.0,9335.0
2015-04-09,9330.0,9219.2470703125,40818.0,9265.0
2015-04-10,9255.0,9229.1982421875,29852.0,9275.0
2015-04-13,9315.0,9264.025390625,25601.0,9310.0
2015-04-14,9310.0,9244.1240234375,59999.0,9290.0
2015-04-15,9250.0,9209.296875,35007.0,9255.0
2015-04-16,9300.0,9273.9755859375,42171.0,9320.0
2015-04-17,9305.0,9254.07421875,25436.0,9300.0
2015-04-20,9320.0,9269.0,36290.0,9315.0
2015-04-21,9290.0,9214.271484375,30289.0,9260.0
2015-04-22,9265.0,9249.0986328125,42713.0,9295.0
2015-04-23,9235.0,9164.5185546875,62605.0,9210.0
2015-04-24,9210.0,9174.4697265625,25725.0,9220.0
2015-04-27,9150.0,9119.7412109375,71365.0,9165.0
2015-04-28,9260.0,9224.22265625,43058.0,9270.0
2015-04-29,9345.0,9298.8525390625,80424.0,9345.0
2015-04-30,9340.0,9259.0498046875,23558.0,9305.0
2015-05-04,9135.0,9119.7412109375,102742.0,9165.0
2015-05-06,9220.0,9214.271484375,47684.0,9260.0
2015-05-07,9235.0,9159.54296875,42851.0,9205.0
2015-05-08,9185.0,9104.8154296875,71697.0,9150.0
2015-05-11,9180.0,9144.6171875,16579.0,9190.0
2015-05-12,9165.0,9104.8154296875,47579.0,9150.0
2015-05-13,9205.0,9169.494140625,45091.0,9215.0
2015-05-14,9365.0,9328.7041015625,151878.0,9375.0
2015-05-15,9440.0,9358.5556640625,42252.0,9405.0
2015-05-18,9445.0,9438.1611328125,70064.0,9485.0
2015-05-19,9470.0,9388.4072265625,30947.0,9435.0
2015-05-20,9345.0,9293.876953125,64298.0,9340.0
2015-05-21,9375.0,9318.7529296875,7552.0,9365.0
2015-05-22,9420.0,9288.9013671875,30027.0,9335.0
2015-05-26,9355.0,9278.951171875,38315.0,9325.0
2015-05-27,9210.0,9159.54296875,113891.0,9205.0
2015-05-28,9210.0,9149.5927734375,37503.0,9195.0
2015-05-29,9200.0,9204.3212890625,22682.0,9250.0
2015-06-01,9230.0,9184.419921875,23592.0,9230.0
2015-06-02,9230.0,9149.5927734375,42987.0,9195.0
2015-06-03,9175.0,9189.3955078125,23541.0,9235.0
2015-06-04,9180.0,9119.7412109375,65942.0,9165.0
2015-06-05,9150.0,9074.962890625,57443.0,9120.0
2015-06-08,9110.0,9025.2099609375,101171.0,9070.0
2015-06-09,9080.0,9050.0869140625,45779.0,9095.0
2015-06-10,9115.0,9074.962890625,31122.0,9120.0
2015-06-11,9180.0,9134.6669921875,36482.0,9180.0
2015-06-12,9140.0,9094.8642578125,23744.0,9140.0
2015-06-15,9140.0,9084.9140625,19304.0,9130.0
2015-06-16,9150.0,9124.7158203125,33418.0,9170.0
2015-06-17,9150.0,9089.888671875,27588.0,9135.0
2015-06-18,9145.0,9129.69140625,27681.0,9175.0
2015-06-19,9265.0,9224.22265625,131430.0,9270.0
2015-06-22,9275.0,9209.296875,28297.0,9255.0
2015-06-23,9165.0,9129.69140625,43495.0,9175.0
2015-06-24,9130.0,9069.98828125,42120.0,9115.0
2015-06-25,9100.0,9065.0126953125,66378.0,9110.0
2015-06-26,9095.0,9035.1611328125,67999.0,9080.0
2015-06-29,9120.0,9109.7900390625,74284.0,9155.0
2015-06-30,9125.0,9079.9384765625,76295.0,9125.0
2015-07-01,9120.0,9035.1611328125,79769.0,9080.0
2015-07-02,9045.0,8990.3828125,68295.0,9035.0
2015-07-03,9025.0,8990.3828125,47476.0,9035.0
2015-07-06,9075.0,8985.4072265625,77652.0,9030.0
2015-07-07,9030.0,8985.4072265625,46995.0,9030.0
2015-07-08,9000.0,8885.9013671875,136776.0,8930.0
2015-07-09,8940.0,8920.728515625,79335.0,8965.0
2015-07-10,8965.0,8935.654296875,42247.0,8980.0
2015-07-13,8980.0,8930.6796875,53860.0,8975.0
2015-07-14,8950.0,8895.8525390625,39840.0,8940.0
2015-07-15,8915.0,8885.9013671875,37282.0,8930.0
2015-07-16,8890.0,8831.1728515625,73123.0,8875.0
2015-07-17,8850.0,8806.296875,48905.0,8850.0
2015-07-20,8750.0,8502.802734375,307285.0,8545.0
2015-07-21,8475.0,8472.951171875,134357.0,8515.0
2015-07-22,8500.0,8383.3955078125,143415.0,8425.0
2015-07-23,8425.0,8438.1240234375,62902.0,8480.0
2015-07-24,8500.0,8333.642578125,169009.0,8375.0
2015-07-27,8455.0,8438.1240234375,84544.0,8480.0
2015-07-28,8500.0,8433.1484375,74833.0,8475.0
2015-07-29,8470.0,8428.1728515625,46164.0,8470.0
2015-07-30,8470.0,8398.3212890625,45876.0,8440.0
2015-07-31,8415.0,8333.642578125,94275.0,8375.0
2015-08-03,8440.0,8398.3212890625,43397.0,8440.0
2015-08-04,8365.0,8328.6669921875,53848.0,8370.0
2015-08-05,8380.0,8348.568359375,15352.0,8390.0
2015-08-06,8370.0,8338.6171875,29222.0,8380.0
2015-08-07,8395.0,8348.568359375,82571.0,8390.0
2015-08-10,8410.0,8418.22265625,44579.0,8460.0
2015-08-11,8500.0,8453.0498046875,64396.0,8495.0
2015-08-12,8535.0,8517.728515625,90309.0,8560.0
2015-08-13,8675.0,8607.2841796875,73994.0,8650.0
2015-08-17,8610.0,8587.3828125,40484.0,8630.0
2015-08-18,8630.0,8587.3828125,48643.0,8630.0
2015-08-19,8605.0,8582.4072265625,27762.0,8625.0
2015-08-20,8695.0,8746.5927734375,87526.0,8790.0
2015-08-21,8935.0,8935.654296875,190303.0,8980.0
2015-08-24,8980.0,8895.8525390625,176805.0,8940.0
2015-08-25,8890.0,8841.1240234375,150573.0,8885.0
2015-08-26,8825.0,8711.765625,96004.0,8755.0
2015-08-27,8660.0,8637.1357421875,44396.0,8680.0
2015-08-28,8685.0,8676.9384765625,25250.0,8720.0
2015-08-31,8755.0,8721.7158203125,17593.0,8765.0
2015-09-01,8760.0,8766.494140625,33179.0,8810.0
2015-09-02,8810.0,8766.494140625,39802.0,8810.0
2015-09-03,8760.0,8691.8642578125,27110.0,8735.0
2015-09-04,8705.0,8632.1611328125,17157.0,8675.0
2015-09-07,8660.0,8637.1357421875,12350.0,8680.0
2015-09-08,8660.0,8597.333984375,19306.0,8640.0
2015-09-09,8650.0,8632.1611328125,23019.0,8675.0
2015-09-10,8565.0,8517.728515625,63433.0,8560.0
2015-09-11,8595.0,8547.580078125,68644.0,8590.0
2015-09-14,8540.0,8517.728515625,36540.0,8560.0
2015-09-15,8560.0,8522.7041015625,18632.0,8565.0
2015-09-16,8545.0,8502.802734375,21746.0,8545.0
2015-09-17,8635.0,8617.234375,27790.0,8660.0
2015-09-18,8715.0,8676.9384765625,31709.0,8720.0
2015-09-21,8805.0,8761.5185546875,48292.0,8805.0
2015-09-22,8760.0,8711.765625,28729.0,8755.0
2015-09-23,8695.0,8662.0126953125,37055.0,8705.0
2015-09-24,8740.0,8721.7158203125,31628.0,8765.0
2015-09-30,8710.0,8696.83984375,49503.0,8740.0
2015-10-01,8625.0,8572.45703125,45600.0,8615.0
2015-10-02,8620.0,8557.53125,28870.0,8600.0
2015-10-05,8750.0,8711.765625,56643.0,8755.0
2015-10-06,8760.0,8731.6669921875,54054.0,8775.0
2015-10-07,8825.0,8836.1484375,49695.0,8880.0
2015-10-08,8830.0,8791.37109375,28784.0,8835.0
2015-10-12,8910.0,8955.5556640625,43867.0,9000.0
2015-10-13,8955.0,8875.951171875,52179.0,8920.0
2015-10-14,9005.0,9010.2841796875,99723.0,9055.0
2015-10-15,9135.0,9104.8154296875,95910.0,9150.0
2015-10-16,9155.0,9055.0615234375,56973.0,9100.0
2015-10-19,9085.0,9010.2841796875,26179.0,9055.0
2015-10-20,9035.0,8970.4814453125,19999.0,9015.0
2015-10-21,9080.0,9025.2099609375,75199.0,9070.0
2015-10-22,9015.0,8965.5068359375,144344.0,9010.0
2015-10-23,9010.0,8990.3828125,27011.0,9035.0
2015-10-26,9015.0,8955.5556640625,39090.0,9000.0
2015-10-27,8980.0,8955.5556640625,3835.0,9000.0
2015-10-28,9000.0,8985.4072265625,14208.0,9030.0
2015-10-29,8955.0,8920.728515625,15045.0,8965.0
2015-10-30,8855.0,8861.025390625,29151.0,8905.0
2015-11-02,8805.0,8771.4697265625,19463.0,8815.0
2015-11-03,8755.0,8741.6171875,26272.0,8785.0
2015-11-04,8655.0,8612.259765625,65227.0,8655.0
2015-11-05,8580.0,8522.7041015625,118627.0,8565.0
2015-11-06,8545.0,8527.6796875,52965.0,8570.0
2015-11-09,8420.0,8403.296875,96480.0,8445.0
2015-11-10,8440.0,8393.345703125,41984.0,8435.0
2015-11-11,8420.0,8398.3212890625,37628.0,8440.0
2015-11-12,8400.0,8358.5185546875,49083.0,8400.0
2015-11-13,8370.0,8323.69140625,66301.0,8365.0
2015-11-16,8405.0,8418.22265625,64446.0,8460.0
2015-11-17,8365.0,8283.888671875,95758.0,8325.0
2015-11-18,8260.0,8204.2841796875,96452.0,8245.0
2015-11-19,8250.0,8268.962890625,119940.0,8310.0
2015-11-20,8350.0,8323.69140625,21590.0,8365.0
2015-11-23,8310.0,8214.234375,54752.0,8255.0
2015-11-24,8260.0,8224.185546875,26805.0,8265.0
2015-11-25,8310.0,8283.888671875,60022.0,8325.0
2015-11-26,8260.0,8229.1611328125,32201.0,8270.0
2015-11-27,8270.0,8199.30859375,55025.0,8240.0
2015-11-30,8155.0,8109.75341796875,105281.0,8150.0
2015-12-01,8185.0,8214.234375,31258.0,8255.0
2015-12-02,8255.0,8199.30859375,20530.0,8240.0
2015-12-03,8135.0,8079.9013671875,248219.0,8120.0
2015-12-04,8190.0,8139.60498046875,21164.0,8180.0
2015-12-07,8335.0,8308.765625,107875.0,8350.0
2015-12-08,8260.0,8229.1611328125,33671.0,8270.0
2015-12-09,8275.0,8254.037109375,33762.0,8295.0
2015-12-10,8275.0,8239.111328125,254807.0,8280.0
2015-12-11,8265.0,8204.2841796875,21234.0,8245.0
2015-12-14,8220.0,8239.111328125,39782.0,8280.0
2015-12-15,8190.0,8159.50634765625,15736.0,8200.0
2015-12-16,8185.0,8174.43212890625,73451.0,8215.0
2015-12-17,8245.0,8184.3828125,25538.0,8225.0
2015-12-18,8120.0,8104.77783203125,64523.0,8145.0
2015-12-21,8195.0,8189.3583984375,28040.0,8230.0
2015-12-22,8290.0,8259.0126953125,30989.0,8300.0
2015-12-23,8275.0,8254.037109375,14167.0,8295.0
2015-12-24,8250.0,8239.111328125,15523.0,8280.0
2015-12-28,8275.0,8229.1611328125,16433.0,8270.0
2015-12-29,8240.0,8219.2099609375,13116.0,8260.0
2015-12-30,8250.0,8209.259765625,14987.0,8250.0
2016-01-04,8215.0,8179.40771484375,115816.0,8220.0
2016-01-05,8255.0,8263.98828125,40459.0,8305.0
2016-01-06,8300.0,8263.98828125,35418.0,8305.0
2016-01-07,8415.0,8413.2470703125,133779.0,8455.0
2016-01-08,8540.0,8467.9755859375,188149.0,8510.0
2016-01-11,8530.0,8472.951171875,37198.0,8515.0
2016-01-12,8470.0,8408.271484375,37605.0,8450.0
2016-01-13,8390.0,8323.69140625,32172.0,8365.0
2016-01-14,8440.0,8383.3955078125,45155.0,8425.0
2016-01-15,8325.0,8308.765625,37065.0,8350.0
2016-01-18,8415.0,8373.4443359375,61439.0,8415.0
2016-01-19,8405.0,8363.494140625,29530.0,8405.0
2016-01-20,8385.0,8373.4443359375,44112.0,8415.0
2016-01-21,8465.0,8453.0498046875,99254.0,8495.0
2016-01-22,8490.0,8438.1240234375,275747.0,8480.0
2016-01-25,8480.0,8463.0,97865.0,8505.0
2016-01-26,8550.0,8547.580078125,72712.0,8590.0
2016-01-27,8630.0,8607.2841796875,67393.0,8650.0
2016-01-28,8670.0,8602.30859375,22712.0,8645.0
2016-01-29,8620.0,8567.4814453125,36074.0,8610.0
2016-02-01,8635.0,8607.2841796875,49441.0,8650.0
2016-02-02,8700.0,8637.1357421875,28833.0,8680.0
2016-02-03,8710.0,8666.98828125,109338.0,8710.0
2016-02-04,8810.0,8771.4697265625,107635.0,8815.0
2016-02-05,8910.0,8861.025390625,105735.0,8905.0
2016-02-11,9235.0,9259.0498046875,476521.0,9305.0
2016-02-12,9560.0,9512.7900390625,376310.0,9560.0
2016-02-15,9515.0,9373.4814453125,321291.0,9420.0
2016-02-16,9335.0,9184.419921875,260695.0,9230.0
2016-02-17,9275.0,9259.0498046875,178753.0,9305.0
2016-02-18,9310.0,9283.92578125,118778.0,9330.0
2016-02-19,9500.0,9418.259765625,103087.0,9465.0
2016-02-22,9470.0,9353.580078125,95854.0,9400.0
2016-02-23,9330.0,9358.5556640625,140674.0,9405.0
2016-02-24,9495.0,9433.185546875,160978.0,9480.0
2016-02-25,9475.0,9502.83984375,111500.0,9550.0
2016-02-26,9530.0,9527.7158203125,69905.0,9575.0
2016-02-29,9445.0,9448.111328125,58872.0,9495.0
2016-03-02,9525.0,9423.234375,190955.0,9470.0
2016-03-03,9585.0,9522.7412109375,77072.0,9570.0
2016-03-04,9725.0,9696.876953125,138877.0,9745.0
2016-03-07,9755.0,9676.9755859375,66136.0,9725.0
2016-03-08,9770.0,9741.654296875,125608.0,9790.0
2016-03-09,9755.0,9637.1728515625,46386.0,9685.0
2016-03-10,9680.0,9592.3955078125,33402.0,9640.0
2016-03-11,9800.0,9786.4326171875,149731.0,9835.0
2016-03-14,9665.0,9632.1982421875,50079.0,9680.0
2016-03-15,9515.0,9413.2841796875,112282.0,9460.0
2016-03-16,9490.0,9453.0869140625,47490.0,9500.0
2016-03-17,9720.0,9672.0,110666.0,9720.0
2016-03-18,9755.0,9741.654296875,170649.0,9790.0
2016-03-21,9670.0,9552.5927734375,44800.0,9600.0
2016-03-22,9585.0,9572.494140625,63845.0,9620.0
2016-03-23,9640.0,9472.98828125,42262.0,9520.0
2016-03-24,9430.0,9348.60546875,61845.0,9395.0
2016-03-25,9395.0,9487.9140625,109392.0,9535.0
2016-03-28,9500.0,9338.654296875,97123.0,9385.0
2016-03-29,9395.0,9358.5556640625,30865.0,9405.0
2016-03-30,9540.0,9497.8642578125,60735.0,9545.0
2016-03-31,9465.0,9443.1357421875,15287.0,9490.0
2016-04-01,9480.0,9458.0615234375,83585.0,9505.0
2016-04-04,9425.0,9333.6796875,63945.0,9380.0
2016-04-05,9385.0,9403.333984375,23846.0,9450.0
2016-04-06,9490.0,9438.1611328125,15965.0,9485.0
2016-04-07,9460.0,9443.1357421875,17811.0,9490.0
2016-04-08,9545.0,9482.9384765625,11640.0,9530.0
2016-04-11,9590.0,9577.4697265625,41776.0,9625.0
2016-04-12,9700.0,9622.2470703125,27310.0,9670.0
2016-04-14,9515.0,9487.9140625,67089.0,9535.0
2016-04-15,9495.0,9448.111328125,45067.0,9495.0
2016-04-18,9555.0,9463.037109375,41949.0,9510.0
2016-04-19,9490.0,9472.98828125,34116.0,9520.0
2016-04-20,9625.0,9567.5185546875,81387.0,9615.0
2016-04-21,9585.0,9622.2470703125,52667.0,9670.0
2016-04-22,9625.0,9567.5185546875,35589.0,9615.0
2016-04-25,9520.0,9487.9140625,15991.0,9535.0
2016-04-26,9535.0,9487.9140625,17204.0,9535.0
2016-04-27,9565.0,9532.69140625,7435.0,9580.0
2016-04-28,9600.0,9602.345703125,34659.0,9650.0
2016-04-29,9740.0,9771.5068359375,157064.0,9820.0
2016-05-02,9965.0,9920.765625,87909.0,9970.0
2016-05-03,9960.0,9880.962890625,66537.0,9930.0
2016-05-04,9910.0,9811.30859375,131952.0,9860.0
2016-05-09,9900.0,9806.333984375,65768.0,9855.0
2016-05-10,9740.0,9701.8525390625,76636.0,9750.0
2016-05-11,9750.0,9741.654296875,49356.0,9790.0
2016-05-12,9835.0,9751.60546875,54392.0,9800.0
2016-05-13,9775.0,9771.5068359375,13828.0,9820.0
2016-05-16,9825.0,9786.4326171875,33178.0,9835.0
2016-05-17,9835.0,9806.333984375,28447.0,9855.0
2016-05-18,9870.0,9751.60546875,31693.0,9800.0
2016-05-19,9705.0,9622.2470703125,77979.0,9670.0
2016-05-20,9660.0,9602.345703125,26076.0,9650.0
2016-05-23,9635.0,9582.4443359375,20704.0,9630.0
2016-05-24,9665.0,9552.5927734375,16508.0,9600.0
2016-05-25,9450.0,9403.333984375,48399.0,9450.0
2016-05-26,9430.0,9438.1611328125,135166.0,9485.0
2016-05-27,9465.0,9358.5556640625,37550.0,9405.0
2016-05-30,9300.0,9214.271484375,56827.0,9260.0
2016-05-31,9300.0,9278.951171875,15040.0,9325.0
2016-06-01,9350.0,9313.7783203125,19492.0,9360.0
2016-06-02,9360.0,9298.8525390625,10480.0,9345.0
2016-06-03,9310.0,9269.0,39939.0,9315.0
2016-06-07,9570.0,9512.7900390625,41013.0,9560.0
2016-06-08,9560.0,9562.5439453125,19406.0,9610.0
2016-06-09,9720.0,9652.0986328125,41352.0,9700.0
2016-06-10,9765.0,9706.8271484375,50568.0,9755.0
2016-06-13,9820.0,9816.2841796875,96220.0,9865.0
2016-06-14,9890.0,9786.4326171875,75958.0,9835.0
2016-06-15,9885.0,9866.037109375,56974.0,9915.0
2016-06-16,9945.0,9970.5185546875,202372.0,10020.0
2016-06-17,9865.0,9851.111328125,97168.0,9900.0
2016-06-20,9910.0,9811.30859375,75385.0,9860.0
2016-06-21,9910.0,9846.1357421875,94204.0,9895.0
2016-06-22,9775.0,9662.0498046875,86603.0,9710.0
2016-06-23,9735.0,9696.876953125,111271.0,9745.0
2016-06-24,9740.0,10139.6796875,651743.0,10190.0
2016-06-27,10465.0,10209.333984375,555824.0,10260.0
2016-06-28,10265.0,10114.802734375,203832.0,10165.0
2016-06-29,10120.0,10134.7041015625,116962.0,10185.0
2016-06-30,10165.0,10075.0,88755.0,10125.0
2016-07-01,10160.0,10229.234375,127392.0,10280.0
2016-07-04,10330.0,10328.7412109375,136318.0,10380.0
2016-07-05,10395.0,10313.8154296875,111115.0,10365.0
2016-07-06,10485.0,10507.8525390625,143929.0,10560.0
2016-07-07,10550.0,10502.876953125,88445.0,10555.0
2016-07-08,10500.0,10418.296875,77186.0,10470.0
2016-07-11,10540.0,10448.1484375,131974.0,10500.0
2016-07-12,10420.0,10373.5185546875,63633.0,10425.0
2016-07-13,10220.0,10269.037109375,174443.0,10320.0
2016-07-14,10380.0,10224.259765625,28282.0,10275.0
2016-07-15,10275.0,10229.234375,45986.0,10280.0
2016-07-18,10245.0,10179.4814453125,37645.0,10230.0
2016-07-19,10230.0,10184.45703125,42632.0,10235.0
2016-07-20,10280.0,10159.580078125,27443.0,10210.0
2016-07-21,10125.0,10070.025390625,31484.0,10120.0
2016-07-22,10235.0,10149.6298828125,43115.0,10200.0
2016-07-25,10200.0,10075.0,25507.0,10125.0
2016-07-26,10125.0,10084.951171875,24260.0,10135.0
2016-07-27,10155.0,10075.0,16354.0,10125.0
2016-07-28,10285.0,10244.1611328125,74634.0,10295.0
2016-07-29,10300.0,10239.185546875,40986.0,10290.0
2016-08-01,10355.0,10288.9384765625,45569.0,10340.0
2016-08-02,10385.0,10343.6669921875,96602.0,10395.0
2016-08-03,10455.0,10443.1728515625,66764.0,10495.0
2016-08-04,10420.0,10313.8154296875,32279.0,10365.0
2016-08-05,10475.0,10428.2470703125,52575.0,10480.0
2016-08-08,10265.0,10214.30859375,37936.0,10265.0
2016-08-09,10245.0,10154.60546875,17322.0,10205.0
2016-08-10,10290.0,10338.69140625,60060.0,10390.0
2016-08-11,10365.0,10244.1611328125,85433.0,10295.0
2016-08-12,10270.0,10229.234375,14042.0,10280.0
2016-08-16,10310.0,10308.83984375,29693.0,10360.0
2016-08-17,10360.0,10249.1357421875,83026.0,10300.0
2016-08-18,10355.0,10313.8154296875,25655.0,10365.0
2016-08-19,10380.0,10313.8154296875,21277.0,10365.0
2016-08-22,10235.0,10174.5068359375,19572.0,10225.0
2016-08-23,10265.0,10209.333984375,14997.0,10260.0
2016-08-24,10255.0,10184.45703125,12285.0,10235.0
2016-08-25,10180.0,10099.876953125,34742.0,10150.0
2016-08-26,10110.0,10075.0,69349.0,10125.0
2016-08-29,10120.0,10045.1484375,24858.0,10095.0
2016-08-30,10130.0,10055.0986328125,47170.0,10105.0
2016-08-31,10040.0,10000.37109375,234824.0,10050.0
2016-09-01,10050.0,9990.419921875,6033.0,10040.0
2016-09-02,10105.0,9980.4697265625,14589.0,10030.0
2016-09-05,10130.0,10114.802734375,42750.0,10165.0
2016-09-06,10165.0,10114.802734375,10168.0,10165.0
2016-09-07,10335.0,10303.8642578125,56240.0,10355.0
2016-09-08,10300.0,10278.98828125,10626.0,10330.0
2016-09-09,10275.0,10199.3828125,16822.0,10250.0
2016-09-12,10210.0,10109.8271484375,25836.0,10160.0
2016-09-13,10175.0,10119.7783203125,19596.0,10170.0
2016-09-19,10070.0,10040.1728515625,21893.0,10090.0
2016-09-20,10045.0,10045.1484375,5062.0,10095.0
2016-09-21,10100.0,10050.1240234375,16769.0,10100.0
2016-09-22,10200.0,10184.45703125,20531.0,10235.0
2016-09-23,10240.0,10179.4814453125,163342.0,10230.0
2016-09-26,10240.0,10179.4814453125,45433.0,10230.0
2016-09-27,10235.0,10189.4326171875,39604.0,10240.0
2016-09-28,10180.0,10114.802734375,12652.0,10165.0
2016-09-29,10160.0,10094.9013671875,9106.0,10145.0
2016-09-30,10150.0,10124.7529296875,10744.0,10175.0
2016-10-04,10065.0,9975.494140625,78681.0,10025.0
2016-10-05,9740.0,9676.9755859375,87717.0,9725.0
2016-10-06,9730.0,9657.07421875,68414.0,9705.0
2016-10-07,9605.0,9547.6171875,40044.0,9595.0
2016-10-10,9670.0,9637.1728515625,39230.0,9685.0
2016-10-11,9620.0,9582.4443359375,75793.0,9630.0
2016-10-12,9580.0,9552.5927734375,176928.0,9600.0
2016-10-13,9610.0,9612.296875,56317.0,9660.0
2016-10-14,9635.0,9547.6171875,9183.0,9595.0
2016-10-17,9600.0,9542.642578125,6194.0,9590.0
2016-10-18,9575.0,9567.5185546875,25916.0,9615.0
2016-10-19,9645.0,9602.345703125,20248.0,9650.0
2016-10-20,9730.0,9681.951171875,28338.0,9730.0
2016-10-21,9690.0,9632.1982421875,13491.0,9680.0
2016-10-24,9680.0,9622.2470703125,7195.0,9670.0
2016-10-25,9680.0,9647.1240234375,21989.0,9695.0
2016-10-26,9730.0,9706.8271484375,37807.0,9755.0
2016-10-27,9700.0,9652.0986328125,32599.0,9700.0
2016-10-28,9720.0,9652.0986328125,30888.0,9700.0
2016-10-31,9760.0,9741.654296875,27152.0,9790.0
2016-11-01,9780.0,9731.7041015625,11792.0,9780.0
2016-11-02,9825.0,9856.0869140625,95621.0,9905.0
2016-11-03,9910.0,9910.8154296875,77580.0,9960.0
2016-11-04,9980.0,9875.98828125,25943.0,9925.0
2016-11-07,9880.0,9806.333984375,58258.0,9855.0
2016-11-08,9825.0,9751.60546875,32041.0,9800.0
2016-11-09,9760.0,10035.1982421875,401292.0,10085.0
2016-11-10,9740.0,9806.333984375,112841.0,9855.0
2016-11-11,9665.0,9622.2470703125,149876.0,9670.0
2016-11-14,9400.0,9278.951171875,161291.0,9325.0
2016-11-15,9350.0,9343.6298828125,47139.0,9390.0
2016-11-16,9390.0,9383.4326171875,44027.0,9430.0
2016-11-17,9390.0,9333.6796875,40362.0,9380.0
2016-11-18,9295.0,9154.568359375,110852.0,9200.0
2016-11-21,9230.0,9234.1728515625,44947.0,9280.0
2016-11-22,9280.0,9273.9755859375,156866.0,9320.0
2016-11-23,9275.0,9209.296875,99926.0,9255.0
2016-11-24,9095.0,8995.3583984375,149576.0,9040.0
2016-11-25,9055.0,8980.4326171875,96644.0,9025.0
2016-11-28,9020.0,9050.0869140625,57009.0,9095.0
2016-11-29,9095.0,9065.0126953125,57916.0,9110.0
2016-11-30,9085.0,9030.185546875,61268.0,9075.0
2016-12-01,8960.0,8945.60546875,165796.0,8990.0
2016-12-02,8965.0,8920.728515625,65040.0,8965.0
2016-12-05,9020.0,8950.580078125,63461.0,8995.0
2016-12-06,8935.0,8885.9013671875,80074.0,8930.0
2016-12-07,8940.0,8890.876953125,44407.0,8935.0
2016-12-08,8980.0,8945.60546875,33905.0,8990.0
2016-12-09,8990.0,8875.951171875,123835.0,8920.0
2016-12-12,8855.0,8791.37109375,97096.0,8835.0
2016-12-13,8880.0,8826.1982421875,182683.0,8870.0
2016-12-14,8865.0,8821.22265625,465654.0,8865.0
2016-12-15,8740.0,8686.888671875,298869.0,8730.0
2016-12-16,8600.0,8607.2841796875,217642.0,8650.0
2016-12-19,8660.0,8671.962890625,115983.0,8715.0
2016-12-20,8710.0,8637.1357421875,116318.0,8680.0
2016-12-21,8655.0,8642.111328125,90037.0,8685.0
2016-12-22,8660.0,8587.3828125,137234.0,8630.0
2016-12-23,8625.0,8597.333984375,92467.0,8640.0
2016-12-26,8690.0,8781.419921875,65569.0,8825.0
2016-12-27,8680.0,8676.9384765625,161267.0,8720.0
2016-12-28,8710.0,8691.8642578125,86248.0,8735.0
2016-12-29,8730.0,8736.642578125,119902.0,8780.0
2017-01-02,8810.0,8856.0498046875,166170.0,8900.0
2017-01-03,8795.0,8801.3212890625,216740.0,8845.0
2017-01-04,8845.0,8846.0986328125,178381.0,8890.0
2017-01-05,8905.0,8945.60546875,160626.0,8990.0
2017-01-06,9035.0,8945.60546875,248384.0,8990.0
2017-01-09,8960.0,8920.728515625,103872.0,8965.0
2017-01-10,9005.0,9015.259765625,126154.0,9060.0
2017-01-11,9060.0,9030.185546875,135235.0,9075.0
2017-01-12,9075.0,9094.8642578125,166493.0,9140.0
2017-01-13,9130.0,9045.111328125,333505.0,9090.0
2017-01-16,9125.0,9094.8642578125,102407.0,9140.0
2017-01-17,9160.0,9174.4697265625,144623.0,9220.0
2017-01-18,9240.0,9204.3212890625,164265.0,9250.0
2017-01-19,9220.0,9119.7412109375,149745.0,9165.0
2017-01-20,9150.0,9159.54296875,90369.0,9205.0
2017-01-23,9230.0,9234.1728515625,106585.0,9280.0
2017-01-24,9290.0,9224.22265625,135814.0,9270.0
2017-01-25,9220.0,9104.8154296875,87318.0,9150.0
2017-01-26,9115.0,9045.111328125,200425.0,9090.0
2017-01-31,9090.0,9124.7158203125,141490.0,9170.0
2017-02-01,9215.0,9134.6669921875,145811.0,9180.0
2017-02-02,9165.0,9214.271484375,150065.0,9260.0
2017-02-03,9295.0,9214.271484375,127929.0,9260.0
2017-02-06,9285.0,9278.951171875,116409.0,9325.0
2017-02-07,9350.0,9333.6796875,159977.0,9380.0
2017-02-08,9395.0,9353.580078125,120294.0,9400.0
2017-02-09,9415.0,9403.333984375,173213.0,9450.0
2017-02-10,9340.0,9273.9755859375,292719.0,9320.0
2017-02-13,9325.0,9323.728515625,78721.0,9370.0
2017-02-14,9330.0,9288.9013671875,91413.0,9335.0
2017-02-15,9330.0,9259.0498046875,127038.0,9305.0
2017-02-16,9335.0,9338.654296875,94898.0,9385.0
2017-02-17,9425.0,9338.654296875,106105.0,9385.0
2017-02-20,9385.0,9333.6796875,86208.0,9380.0
2017-02-21,9400.0,9338.654296875,84522.0,9385.0
2017-02-22,9400.0,9318.7529296875,55272.0,9365.0
2017-02-23,9380.0,9348.60546875,52656.0,9395.0
2017-02-24,9470.0,9453.0869140625,306672.0,9500.0
2017-02-27,9515.0,9502.83984375,130648.0,9550.0
2017-02-28,9505.0,9463.037109375,126985.0,9510.0
2017-03-02,9480.0,9413.2841796875,100307.0,9460.0
2017-03-03,9365.0,9298.8525390625,108945.0,9345.0
2017-03-06,9375.0,9288.9013671875,159490.0,9335.0
2017-03-07,9340.0,9249.0986328125,45813.0,9295.0
2017-03-08,9205.0,9199.345703125,49314.0,9245.0
2017-03-09,9185.0,9104.8154296875,80165.0,9150.0
2017-03-10,9120.0,9069.98828125,97747.0,9115.0
2017-03-13,9150.0,9139.642578125,147508.0,9185.0
2017-03-14,9140.0,9099.83984375,87403.0,9145.0
2017-03-15,9140.0,9109.7900390625,111137.0,9155.0
2017-03-16,9265.0,9264.025390625,90088.0,9310.0
2017-03-17,9315.0,9298.8525390625,77034.0,9345.0
2017-03-20,9340.0,9333.6796875,85284.0,9380.0
2017-03-21,9380.0,9283.92578125,116873.0,9330.0
2017-03-22,9435.0,9373.4814453125,210542.0,9420.0
2017-03-23,9415.0,9398.3583984375,72381.0,9445.0
2017-03-24,9440.0,9383.4326171875,32984.0,9430.0
2017-03-27,9480.0,9512.7900390625,182588.0,9560.0
2017-03-28,9530.0,9443.1357421875,98138.0,9490.0
2017-03-29,9470.0,9418.259765625,87934.0,9465.0
2017-03-30,9460.0,9423.234375,40778.0,9470.0
2017-03-31,9395.0,9343.6298828125,71208.0,9390.0
2017-04-03,9450.0,9388.4072265625,39572.0,9435.0
2017-04-04,9490.0,9482.9384765625,135735.0,9530.0
2017-04-05,9500.0,9477.962890625,164299.0,9525.0
2017-04-06,9510.0,9428.2099609375,65303.0,9475.0
2017-04-07,9470.0,9517.765625,137867.0,9565.0
2017-04-10,9575.0,9453.0869140625,124041.0,9500.0
2017-04-11,9495.0,9482.9384765625,46021.0,9530.0
2017-04-12,9670.0,9597.37109375,277252.0,9645.0
2017-04-13,9710.0,9686.92578125,210895.0,9735.0
2017-04-14,9735.0,9652.0986328125,164343.0,9700.0
2017-04-17,9795.0,9721.7529296875,247746.0,9770.0
2017-04-18,9650.0,9667.025390625,269742.0,9715.0
2017-04-19,9735.0,9686.92578125,180988.0,9735.0
2017-04-20,9680.0,9652.0986328125,134054.0,9700.0
2017-04-21,9685.0,9647.1240234375,119121.0,9695.0
2017-04-24,9660.0,9577.4697265625,52796.0,9625.0
2017-04-25,9655.0,9572.494140625,63941.0,9620.0
2017-04-26,9550.0,9522.7412109375,127379.0,9570.0
2017-04-27,9650.0,9537.6669921875,41582.0,9585.0
2017-04-28,9600.0,9572.494140625,59300.0,9620.0
2017-05-02,9535.0,9453.0869140625,105782.0,9500.0
2017-05-04,9390.0,9323.728515625,67980.0,9370.0
2017-05-08,9350.0,9269.0,63286.0,9315.0
2017-05-10,9315.0,9229.1982421875,43571.0,9275.0
2017-05-11,9240.0,9229.1982421875,57555.0,9275.0
2017-05-12,9290.0,9269.0,66910.0,9315.0
2017-05-15,9350.0,9298.8525390625,57552.0,9345.0
2017-05-16,9320.0,9318.7529296875,56904.0,9365.0
2017-05-17,9405.0,9378.45703125,34252.0,9425.0
2017-05-18,9520.0,9472.98828125,77507.0,9520.0
2017-05-19,9470.0,9428.2099609375,35915.0,9475.0
2017-05-22,9495.0,9453.0869140625,37231.0,9500.0
2017-05-23,9540.0,9482.9384765625,79485.0,9530.0
2017-05-24,9485.0,9423.234375,32246.0,9470.0
2017-05-25,9505.0,9458.0615234375,63035.0,9505.0
2017-05-26,9510.0,9438.1611328125,55360.0,9485.0
2017-05-29,9575.0,9537.6669921875,63265.0,9585.0
2017-05-30,9585.0,9547.6171875,43642.0,9595.0
2017-05-31,9590.0,9517.765625,22151.0,9565.0
2017-06-01,9600.0,9547.6171875,23278.0,9595.0
2017-06-02,9540.0,9463.037109375,40946.0,9510.0
2017-06-05,9650.0,9647.1240234375,96884.0,9695.0
2017-06-07,9740.0,9701.8525390625,141589.0,9750.0
2017-06-08,9750.0,9686.92578125,92793.0,9735.0
2017-06-09,9680.0,9577.4697265625,45099.0,9625.0
2017-06-12,9600.0,9557.568359375,22041.0,9605.0
2017-06-13,9540.0,9537.6669921875,29183.0,9585.0
2017-06-14,9580.0,9567.5185546875,15560.0,9615.0
2017-06-15,9580.0,9512.7900390625,26709.0,9560.0
2017-06-16,9480.0,9448.111328125,20151.0,9495.0
2017-06-19,9495.0,9433.185546875,42854.0,9480.0
2017-06-20,9405.0,9398.3583984375,42032.0,9445.0
2017-06-21,9405.0,9393.3828125,41182.0,9440.0
2017-06-22,9430.0,9398.3583984375,46313.0,9445.0
2017-06-23,9475.0,9443.1357421875,44056.0,9490.0
2017-06-26,9530.0,9453.0869140625,34973.0,9500.0
2017-06-27,9445.0,9433.185546875,55868.0,9480.0
2017-06-28,9455.0,9423.234375,22012.0,9470.0
2017-06-29,9460.0,9418.259765625,43468.0,9465.0
2017-06-30,9475.0,9363.53125,34540.0,9410.0
2017-07-03,9395.0,9298.8525390625,91035.0,9345.0
2017-07-04,9250.0,9224.22265625,86030.0,9270.0
2017-07-05,9305.0,9234.1728515625,64044.0,9280.0
2017-07-06,9270.0,9229.1982421875,71044.0,9275.0
2017-07-07,9250.0,9194.37109375,65518.0,9240.0
2017-07-10,9185.0,9074.962890625,87294.0,9120.0
2017-07-11,9150.0,9114.765625,45567.0,9160.0
2017-07-12,9180.0,9179.4443359375,47128.0,9225.0
2017-07-13,9225.0,9194.37109375,92011.0,9240.0
2017-07-14,9210.0,9164.5185546875,29268.0,9210.0
2017-07-17,9285.0,9249.0986328125,44923.0,9295.0
2017-07-18,9320.0,9298.8525390625,21571.0,9345.0
2017-07-19,9360.0,9318.7529296875,28981.0,9365.0
2017-07-20,9365.0,9298.8525390625,48973.0,9345.0
2017-07-21,9360.0,9353.580078125,70022.0,9400.0
2017-07-24,9445.0,9408.30859375,78636.0,9455.0
2017-07-25,9440.0,9418.259765625,64524.0,9465.0
2017-07-26,9425.0,9358.5556640625,29209.0,9405.0
2017-07-27,9475.0,9482.9384765625,95786.0,9530.0
2017-07-28,9500.0,9458.0615234375,41130.0,9505.0
2017-07-31,9560.0,9517.765625,60417.0,9565.0
2017-08-01,9565.0,9497.8642578125,62798.0,9545.0
2017-08-02,9560.0,9482.9384765625,30313.0,9530.0
2017-08-03,9500.0,9448.111328125,44869.0,9495.0
2017-08-04,9550.0,9517.765625,43023.0,9565.0
2017-08-07,9505.0,9453.0869140625,27074.0,9500.0
2017-08-08,9505.0,9453.0869140625,15496.0,9500.0
2017-08-09,9530.0,9487.9140625,51145.0,9535.0
2017-08-10,9570.0,9592.3955078125,103256.0,9640.0
2017-08-11,9720.0,9652.0986328125,123216.0,9700.0
2017-08-14,9690.0,9662.0498046875,133460.0,9710.0
2017-08-16,9600.0,9547.6171875,64494.0,9595.0
2017-08-17,9645.0,9632.1982421875,102991.0,9680.0
2017-08-18,9740.0,9672.0,64475.0,9720.0
2017-08-21,9695.0,9667.025390625,45716.0,9715.0
2017-08-22,9730.0,9637.1728515625,48059.0,9685.0
2017-08-23,9680.0,9627.22265625,46403.0,9675.0
2017-08-24,9700.0,9657.07421875,43704.0,9705.0
2017-08-25,9700.0,9662.0498046875,167423.0,9710.0
2017-08-28,9710.0,9736.6796875,49877.0,9785.0
2017-08-29,9850.0,9885.9384765625,241606.0,9935.0
2017-08-30,9860.0,9826.234375,93886.0,9875.0
2017-08-31,9860.0,9771.5068359375,78345.0,9820.0
2017-09-01,9935.0,9890.9140625,116937.0,9940.0
2017-09-04,10035.0,10040.1728515625,181708.0,10090.0
2017-09-05,10065.0,9995.3955078125,67019.0,10045.0
2017-09-06,10090.0,10015.296875,67657.0,10065.0
2017-09-07,10060.0,9985.4443359375,81386.0,10035.0
2017-09-08,10130.0,10119.7783203125,151303.0,10170.0
2017-09-11,10090.0,10020.271484375,44930.0,10070.0
2017-09-12,9990.0,9940.6669921875,56842.0,9990.0
2017-09-13,9995.0,9960.568359375,57202.0,10010.0
2017-09-14,9940.0,9880.962890625,66530.0,9930.0
2017-09-15,10070.0,9970.5185546875,47687.0,10020.0
2017-09-18,9890.0,9875.98828125,67233.0,9925.0
2017-09-19,9870.0,9816.2841796875,24168.0,9865.0
2017-09-20,9840.0,9816.2841796875,44069.0,9865.0
2017-09-21,9785.0,9731.7041015625,117316.0,9780.0
2017-09-25,9735.0,9696.876953125,86946.0,9745.0
2017-09-26,9825.0,9826.234375,32691.0,9875.0
2017-09-27,9740.0,9696.876953125,105389.0,9745.0
2017-09-28,9675.0,9557.568359375,51218.0,9605.0
2017-09-29,9655.0,9597.37109375,99032.0,9645.0
2017-10-10,9670.0,9652.0986328125,42148.0,9700.0
2017-10-11,9710.0,9657.07421875,58387.0,9705.0
2017-10-12,9730.0,9706.8271484375,44254.0,9755.0
2017-10-13,9755.0,9696.876953125,110997.0,9745.0
2017-10-16,9785.0,9756.580078125,54628.0,9805.0
2017-10-17,9750.0,9657.07421875,30952.0,9705.0
2017-10-18,9690.0,9612.296875,24892.0,9660.0
2017-10-19,9630.0,9532.69140625,32639.0,9580.0
2017-10-20,9680.0,9592.3955078125,35746.0,9640.0
2017-10-23,9595.0,9552.5927734375,22946.0,9600.0
2017-10-24,9620.0,9582.4443359375,27174.0,9630.0
2017-10-25,9605.0,9537.6669921875,24216.0,9585.0
2017-10-26,9590.0,9577.4697265625,16599.0,9625.0
2017-10-27,9600.0,9472.98828125,39751.0,9520.0
2017-10-30,9535.0,9477.962890625,22299.0,9525.0
2017-10-31,9545.0,9542.642578125,73679.0,9590.0
2017-11-01,9595.0,9527.7158203125,48083.0,9575.0
2017-11-02,9575.0,9562.5439453125,16919.0,9610.0
2017-11-03,9600.0,9537.6669921875,25451.0,9585.0
2017-11-06,9545.0,9492.888671875,33890.0,9540.0
2017-11-07,9600.0,9562.5439453125,15842.0,9610.0
2017-11-08,9595.0,9537.6669921875,12560.0,9585.0
2017-11-09,9625.0,9567.5185546875,58206.0,9615.0
2017-11-10,9625.0,9597.37109375,38070.0,9645.0
2017-11-13,9575.0,9542.642578125,31076.0,9590.0
2017-11-14,9600.0,9542.642578125,18364.0,9590.0
2017-11-15,9590.0,9572.494140625,29061.0,9620.0
2017-11-16,9600.0,9527.7158203125,11139.0,9575.0
2017-11-17,9575.0,9582.4443359375,26511.0,9630.0
2017-11-20,9685.0,9637.1728515625,93439.0,9685.0
2017-11-21,9685.0,9532.69140625,46285.0,9580.0
2017-11-22,9595.0,9567.5185546875,34270.0,9615.0
2017-11-23,9655.0,9627.22265625,40721.0,9675.0
2017-11-24,9685.0,9612.296875,13144.0,9660.0
2017-11-27,9655.0,9632.1982421875,50273.0,9680.0
2017-11-28,9675.0,9647.1240234375,25216.0,9695.0
2017-11-29,9705.0,9647.1240234375,49775.0,9695.0
2017-11-30,9630.0,9572.494140625,20937.0,9620.0
2017-12-01,9570.0,9522.7412109375,51809.0,9570.0
2017-12-04,9555.0,9507.8154296875,30321.0,9555.0
2017-12-05,9570.0,9512.7900390625,10781.0,9560.0
2017-12-06,9505.0,9438.1611328125,53825.0,9485.0
2017-12-07,9475.0,9398.3583984375,14549.0,9445.0
2017-12-08,9350.0,9313.7783203125,35035.0,9360.0
2017-12-11,9360.0,9318.7529296875,39547.0,9365.0
2017-12-12,9315.0,9283.92578125,48701.0,9330.0
2017-12-13,9320.0,9264.025390625,19726.0,9310.0
2017-12-14,9390.0,9383.4326171875,18915.0,9430.0
2017-12-15,9405.0,9373.4814453125,14817.0,9420.0
2017-12-18,9375.0,9373.4814453125,57973.0,9420.0
2017-12-19,9430.0,9423.234375,29820.0,9470.0
2017-12-21,9480.0,9418.259765625,47609.0,9465.0
2017-12-22,9470.0,9433.185546875,19980.0,9480.0
2017-12-26,9535.0,9552.5927734375,30456.0,9600.0
2017-12-27,9600.0,9562.5439453125,19851.0,9610.0
2017-12-28,9620.0,9637.1728515625,58451.0,9685.0
2018-01-02,9760.0,9756.580078125,116605.0,9805.0
2018-01-03,9850.0,9786.4326171875,68248.0,9835.0
2018-01-04,9820.0,9756.580078125,78866.0,9805.0
2018-01-05,9865.0,9821.259765625,135251.0,9870.0
2018-01-08,9875.0,9821.259765625,36735.0,9870.0
2018-01-09,9855.0,9786.4326171875,49492.0,9835.0
2018-01-10,9805.0,9751.60546875,52542.0,9800.0
2018-01-11,9835.0,9786.4326171875,45487.0,9835.0
2018-01-12,9870.0,9895.888671875,67652.0,9945.0
2018-01-15,9975.0,10005.345703125,70534.0,10055.0
2018-01-16,10040.0,9975.494140625,199471.0,10025.0
2018-01-17,10040.0,9930.716796875,83960.0,9980.0
2018-01-18,9945.0,9885.9384765625,28449.0,9935.0
2018-01-19,9925.0,9880.962890625,33321.0,9930.0
2018-01-22,9950.0,9910.8154296875,41593.0,9960.0
2018-01-23,9960.0,9945.642578125,24582.0,9995.0
2018-01-24,10005.0,9955.5927734375,35906.0,10005.0
2018-01-25,10115.0,10164.5556640625,131395.0,10215.0
2018-01-26,10065.0,10065.0498046875,41704.0,10115.0
2018-01-29,10095.0,10020.271484375,32121.0,10070.0
2018-01-30,10020.0,9920.765625,37192.0,9970.0
2018-01-31,9980.0,9985.4443359375,69872.0,10035.0
2018-02-01,10045.0,9960.568359375,102745.0,10010.0
2018-02-02,10045.0,10005.345703125,39485.0,10055.0
2018-02-06,9980.0,9975.494140625,150950.0,10025.0
2018-02-07,9900.0,9885.9384765625,49745.0,9935.0
2018-02-08,9845.0,9741.654296875,41595.0,9790.0
2018-02-09,9870.0,9786.4326171875,40382.0,9835.0
2018-02-12,9830.0,9836.185546875,40777.0,9885.0
2018-02-13,9885.0,9861.0615234375,120526.0,9910.0
2018-02-14,9935.0,9905.83984375,68478.0,9955.0
2018-02-19,10045.0,10020.271484375,339072.0,10070.0
2018-02-20,10045.0,9950.6171875,78022.0,10000.0
2018-02-21,9900.0,9851.111328125,120331.0,9900.0
2018-02-22,9900.0,9801.3583984375,150773.0,9850.0
2018-02-23,9905.0,9831.2099609375,35505.0,9880.0
2018-02-26,9900.0,9940.6669921875,51819.0,9990.0
2018-02-27,9995.0,9905.83984375,29875.0,9955.0
2018-02-28,9825.0,9776.4814453125,57760.0,9825.0
2018-03-06,9850.0,9816.2841796875,156478.0,9865.0
2018-03-07,9960.0,9875.98828125,29965.0,9925.0
2018-03-08,9875.0,9816.2841796875,17118.0,9865.0
2018-03-09,9820.0,9746.6298828125,73646.0,9795.0
2018-03-12,9835.0,9811.30859375,60562.0,9860.0
2018-03-13,9880.0,9761.5556640625,21379.0,9810.0
2018-03-14,9855.0,9806.333984375,118484.0,9855.0
2018-03-15,9855.0,9831.2099609375,35888.0,9880.0
2018-03-16,9805.0,9741.654296875,12143.0,9790.0
2018-03-19,9790.0,9696.876953125,13070.0,9745.0
2018-03-20,9805.0,9751.60546875,16822.0,9800.0
2018-03-21,9770.0,9736.6796875,17229.0,9785.0
2018-03-22,9895.0,9831.2099609375,35030.0,9880.0
2018-03-23,9935.0,9940.6669921875,57356.0,9990.0
2018-03-26,10050.0,9970.5185546875,75401.0,10020.0
2018-03-27,10050.0,10005.345703125,102072.0,10055.0
2018-03-28,10020.0,9935.69140625,28741.0,9985.0
2018-03-29,9875.0,9821.259765625,22183.0,9870.0
2018-03-30,9855.0,9895.888671875,12729.0,9945.0
2018-04-02,9885.0,9851.111328125,83507.0,9900.0
2018-04-03,9965.0,9910.8154296875,26977.0,9960.0
2018-04-04,9945.0,9880.962890625,42346.0,9930.0
2018-04-05,9925.0,9826.234375,96245.0,9875.0
2018-04-06,9910.0,9821.259765625,10176.0,9870.0
2018-04-09,9890.0,9856.0869140625,10051.0,9905.0
2018-04-10,9940.0,9861.0615234375,53183.0,9910.0
2018-04-11,9950.0,9960.568359375,33311.0,10010.0
2018-04-12,10045.0,9975.494140625,101375.0,10025.0
2018-04-13,9925.0,9895.888671875,27727.0,9945.0
2018-04-16,10000.0,9940.6669921875,25596.0,9990.0
2018-04-17,10000.0,9930.716796875,28524.0,9980.0
2018-04-18,9990.0,9925.7412109375,32374.0,9975.0
2018-04-19,10015.0,9980.4697265625,50066.0,10030.0
2018-04-20,9995.0,9940.6669921875,41016.0,9990.0
2018-04-23,9900.0,9871.0126953125,28381.0,9920.0
2018-04-24,9850.0,9786.4326171875,36176.0,9835.0
2018-04-25,9865.0,9801.3583984375,21010.0,9850.0
2018-04-26,9820.0,9751.60546875,27062.0,9800.0
2018-04-27,9805.0,9736.6796875,24066.0,9785.0
2018-04-30,9805.0,9716.7783203125,25055.0,9765.0
2018-05-02,9695.0,9647.1240234375,63976.0,9695.0
2018-05-03,9705.0,9667.025390625,14429.0,9715.0
2018-05-04,9745.0,9696.876953125,80585.0,9745.0
2018-05-08,9745.0,9696.876953125,24819.0,9745.0
2018-05-09,9750.0,9672.0,19059.0,9720.0
2018-05-10,9730.0,9701.8525390625,26977.0,9750.0
2018-05-11,9795.0,9751.60546875,28695.0,9800.0
2018-05-14,9790.0,9751.60546875,13212.0,9800.0
2018-05-15,9760.0,9686.92578125,10683.0,9735.0
2018-05-16,9600.0,9552.5927734375,50189.0,9600.0
2018-05-17,9590.0,9482.9384765625,26055.0,9530.0
2018-05-18,9555.0,9517.765625,14098.0,9565.0
2018-05-21,9585.0,9477.962890625,30787.0,9525.0
2018-05-23,9565.0,9512.7900390625,41669.0,9560.0
2018-05-24,9595.0,9527.7158203125,117141.0,9575.0
2018-05-25,9660.0,9612.296875,48295.0,9660.0
2018-05-28,9605.0,9562.5439453125,40933.0,9610.0
2018-05-29,9610.0,9542.642578125,22056.0,9590.0
2018-05-30,9620.0,9562.5439453125,26303.0,9610.0
2018-05-31,9620.0,9597.37109375,15828.0,9645.0
2018-06-01,9645.0,9552.5927734375,33666.0,9600.0
2018-06-04,9580.0,9492.888671875,98478.0,9540.0
2018-06-05,9570.0,9517.765625,36268.0,9565.0
2018-06-07,9585.0,9537.6669921875,27687.0,9585.0
2018-06-08,9585.0,9522.7412109375,15836.0,9570.0
2018-06-11,9600.0,9572.494140625,11577.0,9620.0
2018-06-12,9620.0,9562.5439453125,7422.0,9610.0
2018-06-14,9610.0,9597.37109375,9308.0,9645.0
2018-06-15,9650.0,9542.642578125,15273.0,9590.0
2018-06-18,9485.0,9433.185546875,80011.0,9480.0
2018-06-19,9485.0,9418.259765625,75153.0,9465.0
2018-06-20,9415.0,9383.4326171875,13897.0,9430.0
2018-06-21,9400.0,9298.8525390625,21563.0,9345.0
2018-06-22,9350.0,9343.6298828125,11355.0,9390.0
2018-06-25,9410.0,9313.7783203125,25159.0,9360.0
2018-06-26,9365.0,9303.8271484375,23340.0,9350.0
2018-06-27,9315.0,9244.1240234375,52599.0,9290.0
2018-06-28,9265.0,9214.271484375,13546.0,9260.0
2018-06-29,9235.0,9204.3212890625,10038.0,9250.0
2018-07-02,9265.0,9179.4443359375,96016.0,9225.0
2018-07-03,9195.0,9124.7158203125,35608.0,9170.0
2018-07-04,9250.0,9244.1240234375,16968.0,9290.0
2018-07-05,9275.0,9244.1240234375,83167.0,9290.0
2018-07-06,9300.0,9244.1240234375,18865.0,9290.0
2018-07-09,9260.0,9283.92578125,17310.0,9330.0
2018-07-10,9300.0,9239.1484375,13267.0,9285.0
2018-07-11,9280.0,9184.419921875,22632.0,9230.0
2018-07-12,9180.0,9144.6171875,17495.0,9190.0
2018-07-13,9195.0,9159.54296875,15357.0,9205.0
2018-07-16,9165.0,9139.642578125,20176.0,9185.0
2018-07-17,9170.0,9129.69140625,19177.0,9175.0
2018-07-18,9055.0,8980.4326171875,32105.0,9025.0
2018-07-19,9035.0,8990.3828125,16841.0,9035.0
2018-07-20,9025.0,8975.45703125,31923.0,9020.0
2018-07-23,9100.0,9035.1611328125,31859.0,9080.0
2018-07-24,9035.0,8955.5556640625,58904.0,9000.0
2018-07-25,9045.0,9010.2841796875,18440.0,9055.0
2018-07-26,9095.0,9030.185546875,21384.0,9075.0
2018-07-27,9025.0,8975.45703125,22782.0,9020.0
2018-07-30,9020.0,8955.5556640625,26688.0,9000.0
2018-07-31,9000.0,8965.5068359375,13652.0,9010.0
2018-08-01,9020.0,8960.53125,63541.0,9005.0
2018-08-02,8980.0,8945.60546875,116579.0,8990.0
2018-08-03,8915.0,8851.07421875,82235.0,8895.0
2018-08-06,8950.0,8900.8271484375,42415.0,8945.0
2018-08-07,8915.0,8866.0,125077.0,8910.0
2018-08-08,8935.0,8895.8525390625,16702.0,8940.0
2018-08-09,8920.0,8915.7529296875,53674.0,8960.0
2018-08-10,8935.0,8856.0498046875,73152.0,8900.0
2018-08-13,8905.0,8866.0,51855.0,8910.0
2018-08-14,8785.0,8746.5927734375,51728.0,8790.0
2018-08-16,8625.0,8617.234375,120052.0,8660.0
2018-08-17,8635.0,8617.234375,136563.0,8660.0
2018-08-20,8695.0,8686.888671875,41595.0,8730.0
2018-08-21,8785.0,8771.4697265625,67268.0,8815.0
2018-08-22,8810.0,8746.5927734375,60506.0,8790.0
2018-08-23,8800.0,8741.6171875,23844.0,8785.0
2018-08-24,8725.0,8711.765625,41502.0,8755.0
2018-08-27,8865.0,8841.1240234375,84856.0,8885.0
2018-08-28,8900.0,8861.025390625,101476.0,8905.0
2018-08-29,8860.0,8821.22265625,36352.0,8865.0
2018-08-30,8865.0,8796.345703125,32110.0,8840.0
2018-08-31,8840.0,8821.22265625,30344.0,8865.0
2018-09-03,8835.0,8796.345703125,137760.0,8840.0
2018-09-04,8835.0,8761.5185546875,17568.0,8805.0
2018-09-05,8785.0,8731.6669921875,30998.0,8775.0
2018-09-06,8810.0,8766.494140625,9203.0,8810.0
2018-09-07,8845.0,8796.345703125,15940.0,8840.0
2018-09-10,8800.0,8736.642578125,40341.0,8780.0
2018-09-11,8775.0,8761.5185546875,14335.0,8805.0
2018-09-12,8805.0,8736.642578125,32395.0,8780.0
2018-09-13,8850.0,8806.296875,28922.0,8850.0
2018-09-14,8840.0,8816.2470703125,17728.0,8860.0
2018-09-17,8780.0,8761.5185546875,19684.0,8805.0
2018-09-18,8815.0,8746.5927734375,181146.0,8790.0
2018-09-19,8800.0,8781.419921875,9669.0,8825.0
2018-09-20,8855.0,8816.2470703125,19532.0,8860.0
2018-09-21,8865.0,8851.07421875,20513.0,8895.0
2018-09-27,8815.0,8746.5927734375,160844.0,8790.0
2018-09-28,8770.0,8642.111328125,63397.0,8685.0
2018-10-01,8730.0,8696.83984375,36108.0,8740.0
2018-10-02,8730.0,8731.6669921875,42509.0,8775.0
2018-10-04,8800.0,8761.5185546875,105451.0,8805.0
2018-10-05,8805.0,8781.419921875,72885.0,8825.0
2018-10-08,8840.0,8751.568359375,65811.0,8795.0
2018-10-10,8745.0,8701.8154296875,74144.0,8745.0
2018-10-11,8790.0,8741.6171875,109026.0,8785.0
2018-10-12,8960.0,8895.8525390625,153834.0,8940.0
2018-10-15,8945.0,8955.5556640625,64367.0,9000.0
2018-10-16,9020.0,8960.53125,34700.0,9005.0
2018-10-17,9000.0,8935.654296875,266049.0,8980.0
2018-10-18,8965.0,8920.728515625,76965.0,8965.0
2018-10-19,8985.0,8960.53125,52924.0,9005.0
2018-10-22,9005.0,8970.4814453125,65761.0,9015.0
2018-10-23,8990.0,8980.4326171875,94235.0,9025.0
2018-10-24,9045.0,9000.333984375,93386.0,9045.0
2018-10-25,9050.0,9060.037109375,199680.0,9105.0
2018-10-26,9050.0,9035.1611328125,144433.0,9080.0
2018-10-29,9065.0,9010.2841796875,119351.0,9055.0
2018-10-30,9010.0,8955.5556640625,104029.0,9000.0
2018-10-31,8985.0,8900.8271484375,184603.0,8945.0
2018-11-01,8920.0,8925.7041015625,340302.0,8970.0
2018-11-02,9035.0,9010.2841796875,125203.0,9055.0
2018-11-05,9055.0,9005.30859375,77768.0,9050.0
2018-11-06,9040.0,8965.5068359375,72703.0,9010.0
2018-11-07,9020.0,8980.4326171875,125920.0,9025.0
2018-11-08,9000.0,8940.6298828125,179487.0,8985.0
2018-11-09,8950.0,8905.802734375,73122.0,8950.0
2018-11-12,8875.0,8811.271484375,62383.0,8855.0
2018-11-13,8805.0,8791.37109375,38791.0,8835.0
2018-11-14,8820.0,8786.3955078125,36194.0,8830.0
2018-11-15,8890.0,8856.0498046875,87823.0,8900.0
2018-11-16,8900.0,8861.025390625,18038.0,8905.0
2018-11-19,8950.0,8875.951171875,26867.0,8920.0
2018-11-20,8970.0,8910.7783203125,33766.0,8955.0
2018-11-21,8955.0,8910.7783203125,44012.0,8955.0
2018-11-22,8970.0,8965.5068359375,24394.0,9010.0
2018-11-23,9025.0,8960.53125,18163.0,9005.0
2018-11-26,8985.0,8940.6298828125,25730.0,8985.0
2018-11-27,8970.0,8915.7529296875,14354.0,8960.0
2018-11-28,8910.0,8866.0,30001.0,8910.0
2018-11-29,8960.0,8945.60546875,50596.0,8990.0
2018-11-30,8975.0,8925.7041015625,74917.0,8970.0
2018-12-03,8960.0,8950.580078125,65695.0,8995.0
2018-12-04,9005.0,9030.185546875,58703.0,9075.0
2018-12-05,9075.0,9005.30859375,48275.0,9050.0
2018-12-06,9055.0,9025.2099609375,54440.0,9070.0
2018-12-07,9075.0,9025.2099609375,25104.0,9070.0
2018-12-10,9140.0,9109.7900390625,344961.0,9155.0
2018-12-11,9125.0,9099.83984375,63829.0,9145.0
2018-12-12,9115.0,9045.111328125,130482.0,9090.0
2018-12-13,9110.0,9050.0869140625,121102.0,9095.0
2018-12-14,9095.0,9015.259765625,55390.0,9060.0
2018-12-17,9035.0,9020.234375,32592.0,9065.0
2018-12-18,9110.0,9060.037109375,85814.0,9105.0
2018-12-19,9140.0,9084.9140625,93899.0,9130.0
2018-12-20,9095.0,9060.037109375,47069.0,9105.0
2018-12-21,9205.0,9169.494140625,188391.0,9215.0
2018-12-24,9210.0,9194.37109375,55310.0,9240.0
2018-12-26,9270.0,9278.951171875,110791.0,9325.0
2018-12-27,9285.0,9239.1484375,27218.0,9285.0
2018-12-28,9305.0,9303.8271484375,86943.0,9350.0
2019-01-02,9345.0,9353.580078125,216353.0,9400.0
2019-01-03,9400.0,9393.3828125,203422.0,9440.0
2019-01-04,9450.0,9413.2841796875,296117.0,9460.0
2019-01-07,9380.0,9378.45703125,270665.0,9425.0
2019-01-09,9370.0,9303.8271484375,83050.0,9350.0
2019-01-10,9445.0,9413.2841796875,108972.0,9460.0
2019-01-11,9410.0,9403.333984375,97375.0,9450.0
2019-01-14,9405.0,9388.4072265625,47240.0,9435.0
2019-01-15,9440.0,9383.4326171875,133941.0,9430.0
2019-01-16,9400.0,9383.4326171875,130831.0,9430.0
2019-01-17,9420.0,9383.4326171875,58705.0,9430.0
2019-01-18,9425.0,9383.4326171875,72489.0,9430.0
2019-01-21,9370.0,9323.728515625,76321.0,9370.0
2019-01-22,9335.0,9264.025390625,36278.0,9310.0
2019-01-23,9355.0,9328.7041015625,55811.0,9375.0
2019-01-24,9350.0,9293.876953125,22805.0,9340.0
2019-01-25,9350.0,9308.802734375,31276.0,9355.0
2019-01-28,9465.0,9453.0869140625,145233.0,9500.0
2019-01-29,9500.0,9463.037109375,21523.0,9510.0
2019-01-30,9540.0,9537.6669921875,58638.0,9585.0
2019-01-31,9610.0,9577.4697265625,92911.0,9625.0
2019-02-01,9630.0,9567.5185546875,89502.0,9615.0
2019-02-07,9520.0,9458.0615234375,55999.0,9505.0
2019-02-08,9545.0,9477.962890625,73009.0,9525.0
2019-02-11,9555.0,9517.765625,47161.0,9565.0
2019-02-12,9515.0,9492.888671875,207629.0,9540.0
2019-02-13,9530.0,9522.7412109375,29785.0,9570.0
2019-02-14,9520.0,9482.9384765625,35384.0,9530.0
2019-02-15,9535.0,9502.83984375,46907.0,9550.0
2019-02-18,9605.0,9587.419921875,46456.0,9635.0
2019-02-19,9650.0,9597.37109375,59456.0,9645.0
2019-02-20,9740.0,9706.8271484375,134032.0,9755.0
2019-02-21,9765.0,9701.8525390625,73113.0,9750.0
2019-02-22,9640.0,9592.3955078125,32330.0,9640.0
2019-02-25,9655.0,9652.0986328125,31617.0,9700.0
2019-02-26,9665.0,9617.271484375,41521.0,9665.0
2019-02-27,9665.0,9612.296875,24317.0,9660.0
2019-02-28,9610.0,9527.7158203125,85164.0,9575.0
2019-03-04,9420.0,9358.5556640625,106854.0,9405.0
2019-03-05,9360.0,9293.876953125,82252.0,9340.0
2019-03-06,9350.0,9323.728515625,69226.0,9370.0
2019-03-07,9350.0,9303.8271484375,33434.0,9350.0
2019-03-08,9345.0,9353.580078125,37642.0,9400.0
2019-03-11,9420.0,9403.333984375,99847.0,9450.0
2019-03-12,9385.0,9373.4814453125,40265.0,9420.0
2019-03-13,9460.0,9448.111328125,236527.0,9495.0
2019-03-14,9500.0,9418.259765625,210087.0,9465.0
2019-03-15,9430.0,9413.2841796875,58477.0,9460.0
2019-03-18,9460.0,9403.333984375,27671.0,9450.0
2019-03-19,9470.0,9443.1357421875,24478.0,9490.0
2019-03-20,9475.0,9448.111328125,222479.0,9495.0
2019-03-21,9540.0,9542.642578125,102424.0,9590.0
2019-03-22,9520.0,9487.9140625,30029.0,9535.0
2019-03-25,9540.0,9527.7158203125,91107.0,9575.0
2019-03-26,9610.0,9552.5927734375,51880.0,9600.0
2019-03-27,9570.0,9497.8642578125,96114.0,9545.0
2019-03-28,9525.0,9472.98828125,34557.0,9520.0
2019-03-29,9385.0,9303.8271484375,219002.0,9350.0
2019-04-01,9365.0,9328.7041015625,102283.0,9375.0
2019-04-02,9335.0,9298.8525390625,93978.0,9345.0
2019-04-03,9360.0,9343.6298828125,80423.0,9390.0
2019-04-04,9350.0,9338.654296875,141267.0,9385.0
2019-04-05,9365.0,9308.802734375,64820.0,9355.0
2019-04-08,9360.0,9368.5068359375,53355.0,9415.0
2019-04-09,9420.0,9378.45703125,44295.0,9425.0
2019-04-10,9455.0,9423.234375,40082.0,9470.0
2019-04-11,9485.0,9438.1611328125,80375.0,9485.0
2019-04-12,9375.0,9343.6298828125,61036.0,9390.0
2019-04-15,9360.0,9293.876953125,122864.0,9340.0
2019-04-16,9330.0,9269.0,60468.0,9315.0
2019-04-17,9255.0,9214.271484375,114382.0,9260.0
2019-04-18,9235.0,9149.5927734375,73818.0,9195.0
2019-04-19,9230.0,9194.37109375,14631.0,9240.0
2019-04-22,9250.0,9229.1982421875,72344.0,9275.0
2019-04-23,9245.0,9174.4697265625,37407.0,9220.0
2019-04-24,9210.0,9154.568359375,43181.0,9200.0
2019-04-25,9245.0,9204.3212890625,42066.0,9250.0
2019-04-26,9270.0,9239.1484375,56237.0,9285.0
2019-04-29,9315.0,9264.025390625,108778.0,9310.0
2019-04-30,9275.0,9254.07421875,79941.0,9300.0
2019-05-02,9250.0,9169.494140625,329720.0,9215.0
2019-05-03,9195.0,9154.568359375,42571.0,9200.0
2019-05-07,9280.0,9254.07421875,85822.0,9300.0
2019-05-08,9305.0,9269.0,37836.0,9315.0
2019-05-09,9285.0,9244.1240234375,82859.0,9290.0
2019-05-10,9300.0,9259.0498046875,58146.0,9305.0
2019-05-13,9305.0,9254.07421875,74837.0,9300.0
2019-05-14,9420.0,9358.5556640625,103181.0,9405.0
2019-05-15,9400.0,9328.7041015625,39354.0,9375.0
2019-05-16,9390.0,9343.6298828125,22336.0,9390.0
2019-05-17,9315.0,9278.951171875,108446.0,9325.0
2019-05-20,9245.0,9194.37109375,130119.0,9240.0
2019-05-21,9250.0,9184.419921875,49031.0,9230.0
2019-05-22,9210.0,9164.5185546875,39595.0,9210.0
2019-05-23,9215.0,9179.4443359375,24850.0,9225.0
2019-05-24,9280.0,9239.1484375,99438.0,9285.0
2019-05-27,9300.0,9264.025390625,79367.0,9310.0
2019-05-28,9290.0,9239.1484375,43645.0,9285.0
2019-05-29,9260.0,9239.1484375,29721.0,9285.0
2019-05-30,9260.0,9194.37109375,42065.0,9240.0
2019-05-31,9320.0,9303.8271484375,63263.0,9350.0
2019-06-03,9460.0,9443.1357421875,92769.0,9490.0
2019-06-04,9585.0,9547.6171875,124025.0,9595.0
2019-06-05,9575.0,9572.494140625,119930.0,9620.0
2019-06-07,9635.0,9557.568359375,98404.0,9605.0
2019-06-10,9635.0,9532.69140625,128316.0,9580.0
2019-06-11,9590.0,9547.6171875,110424.0,9595.0
2019-06-12,9585.0,9607.3212890625,65283.0,9655.0
2019-06-13,9645.0,9622.2470703125,119495.0,9670.0
2019-06-14,9695.0,9701.8525390625,105234.0,9750.0
2019-06-17,9685.0,9637.1728515625,85338.0,9685.0
2019-06-18,9670.0,9691.9013671875,35175.0,9740.0
2019-06-19,9730.0,9672.0,81865.0,9720.0
2019-06-20,9795.0,9940.6669921875,385633.0,9990.0
2019-06-21,10035.0,10030.22265625,801270.0,10080.0
2019-06-24,10160.0,10099.876953125,152122.0,10150.0
2019-06-25,10280.0,10259.0869140625,192798.0,10310.0
2019-06-26,10245.0,10119.7783203125,171145.0,10170.0
2019-06-27,10170.0,10094.9013671875,94706.0,10145.0
2019-06-28,10170.0,10169.53125,103912.0,10220.0
2019-07-01,10030.0,9945.642578125,169028.0,9995.0
2019-07-02,9995.0,9985.4443359375,96174.0,10035.0
2019-07-03,10315.0,10239.185546875,130036.0,10290.0
2019-07-04,10245.0,10164.5556640625,90771.0,10215.0
2019-07-05,10250.0,10144.654296875,119094.0,10195.0
2019-07-08,10075.0,10079.9755859375,67442.0,10130.0
2019-07-09,10070.0,10005.345703125,133933.0,10055.0
2019-07-10,10060.0,9990.419921875,64060.0,10040.0
2019-07-11,10240.0,10184.45703125,69533.0,10235.0
2019-07-12,10130.0,10104.8525390625,44632.0,10155.0
2019-07-15,10200.0,10154.60546875,34250.0,10205.0
2019-07-16,10210.0,10144.654296875,130064.0,10195.0
2019-07-17,10145.0,10084.951171875,32651.0,10135.0
2019-07-18,10265.0,10194.4072265625,462791.0,10245.0
2019-07-19,10400.0,10358.5927734375,189474.0,10410.0
2019-07-22,10400.0,10239.185546875,120105.0,10290.0
2019-07-23,10265.0,10169.53125,373434.0,10220.0
2019-07-24,10215.0,10194.4072265625,154888.0,10245.0
2019-07-25,10260.0,10214.30859375,74718.0,10265.0
2019-07-26,10200.0,10154.60546875,59929.0,10205.0
2019-07-29,10220.0,10159.580078125,42772.0,10210.0
2019-07-30,10255.0,10209.333984375,211276.0,10260.0
2019-07-31,10310.0,10259.0869140625,63907.0,10310.0
2019-08-01,10180.0,10094.9013671875,187849.0,10145.0
2019-08-02,10335.0,10274.0126953125,119574.0,10325.0
2019-08-05,10385.0,10468.0498046875,388628.0,10520.0
2019-08-06,10590.0,10487.951171875,852391.0,10540.0
2019-08-07,10630.0,10677.0126953125,470312.0,10730.0
2019-08-08,10795.0,10751.642578125,302388.0,10805.0
2019-08-09,10815.0,10766.568359375,312144.0,10820.0
2019-08-12,10815.0,10716.8154296875,308111.0,10770.0
2019-08-13,10870.0,10910.8525390625,647808.0,10965.0
2019-08-14,10815.0,10731.7412109375,683371.0,10785.0
2019-08-16,10985.0,10851.1484375,540961.0,10905.0
2019-08-19,10860.0,10776.5185546875,717657.0,10830.0
2019-08-20,10770.0,10721.7900390625,765476.0,10775.0
2019-08-21,10820.0,10756.6171875,348041.0,10810.0
2019-08-22,10800.0,10751.642578125,158275.0,10805.0
2019-08-23,10775.0,10681.98828125,239877.0,10735.0
2019-08-26,11105.0,11035.2353515625,455675.0,11090.0
2019-08-27,11005.0,10985.4814453125,448001.0,11040.0
2019-08-28,11105.0,11020.30859375,386737.0,11075.0
2019-08-29,11070.0,11060.111328125,216159.0,11115.0
2019-08-30,10990.0,10950.654296875,290084.0,11005.0
2019-09-02,11000.0,10905.876953125,380155.0,10960.0
2019-09-03,10985.0,10920.802734375,212813.0,10975.0
2019-09-04,11145.0,11000.4072265625,390926.0,11055.0
2019-09-05,11135.0,11055.1357421875,285651.0,11110.0
2019-09-06,10900.0,10836.22265625,502126.0,10890.0
2019-09-09,10815.0,10791.4443359375,392089.0,10845.0
2019-09-10,10755.0,10657.111328125,179251.0,10710.0
2019-09-11,10675.0,10667.0625,149080.0,10720.0
2019-09-16,10805.0,10771.5439453125,241410.0,10825.0
2019-09-17,10765.0,10696.9140625,98604.0,10750.0
2019-09-18,10765.0,10716.8154296875,63472.0,10770.0
2019-09-19,10710.0,10681.98828125,109900.0,10735.0
2019-09-20,10755.0,10741.69140625,149379.0,10795.0
2019-09-23,10865.0,10831.2470703125,208362.0,10885.0
2019-09-24,10915.0,10876.025390625,130270.0,10930.0
2019-09-25,10995.0,10930.7529296875,308973.0,10985.0
2019-09-26,10820.0,10786.4697265625,186233.0,10840.0
2019-09-27,10825.0,10746.6669921875,215207.0,10800.0
2019-09-30,10745.0,10637.2099609375,191941.0,10690.0
2019-10-01,10580.0,10443.1728515625,308008.0,10495.0
2019-10-02,10630.0,10542.6796875,216188.0,10595.0
2019-10-04,10810.0,10766.568359375,292237.0,10820.0
2019-10-07,10820.0,10751.642578125,53028.0,10805.0
2019-10-08,10705.0,10632.234375,156667.0,10685.0
2019-10-10,10840.0,10736.716796875,435227.0,10790.0
2019-10-11,10725.0,10696.9140625,90560.0,10750.0
2019-10-14,10650.0,10622.2841796875,200292.0,10675.0
2019-10-15,10695.0,10632.234375,161927.0,10685.0
2019-10-16,10625.0,10552.6298828125,146487.0,10605.0
2019-10-17,10675.0,10642.185546875,91518.0,10695.0
2019-10-18,10695.0,10627.259765625,67963.0,10680.0
2019-10-21,10685.0,10637.2099609375,61976.0,10690.0
2019-10-22,10640.0,10587.45703125,126555.0,10640.0
2019-10-23,10655.0,10622.2841796875,165130.0,10675.0
2019-10-24,10695.0,10637.2099609375,191716.0,10690.0
2019-10-25,10760.0,10731.7412109375,304881.0,10785.0
2019-10-28,10780.0,10721.7900390625,115057.0,10775.0
2019-10-29,10690.0,10622.2841796875,111743.0,10675.0
2019-10-30,10650.0,10602.3828125,138686.0,10655.0
2019-10-31,10700.0,10677.0126953125,161192.0,10730.0
2019-11-01,10825.0,10761.5927734375,133799.0,10815.0
2019-11-04,10830.0,10766.568359375,174274.0,10820.0
2019-11-05,10780.0,10716.8154296875,189226.0,10770.0
2019-11-06,10630.0,10582.4814453125,114189.0,10635.0
2019-11-07,10660.0,10627.259765625,67419.0,10680.0
2019-11-08,10630.0,10482.9755859375,254897.0,10535.0
2019-11-11,10465.0,10428.2470703125,83946.0,10480.0
2019-11-12,10475.0,10323.765625,97025.0,10375.0
2019-11-13,10425.0,10413.3212890625,166432.0,10465.0
2019-11-14,10470.0,10448.1484375,51599.0,10500.0
2019-11-15,10505.0,10423.271484375,85921.0,10475.0
2019-11-18,10505.0,10433.22265625,87658.0,10485.0
2019-11-19,10520.0,10482.9755859375,212834.0,10535.0
2019-11-20,10545.0,10497.9013671875,217812.0,10550.0
2019-11-21,10535.0,10473.025390625,202777.0,10525.0
2019-11-22,10520.0,10438.1982421875,83232.0,10490.0
2019-11-25,10450.0,10378.494140625,60415.0,10430.0
2019-11-26,10400.0,10368.5439453125,154658.0,10420.0
2019-11-27,10445.0,10383.4697265625,36282.0,10435.0
2019-11-28,10425.0,10368.5439453125,59097.0,10420.0
2019-11-29,10370.0,10378.494140625,66034.0,10430.0
2019-12-02,10445.0,10378.494140625,63320.0,10430.0
2019-12-03,10460.0,10388.4443359375,59279.0,10440.0
2019-12-04,10545.0,10527.7529296875,132188.0,10580.0
2019-12-05,10575.0,10502.876953125,101860.0,10555.0
2019-12-06,10550.0,10473.025390625,187468.0,10525.0
2019-12-09,10430.0,10393.419921875,98888.0,10445.0
2019-12-10,10450.0,10398.3955078125,124242.0,10450.0
2019-12-11,10450.0,10403.37109375,41346.0,10455.0
2019-12-12,10525.0,10482.9755859375,205549.0,10535.0
2019-12-13,10475.0,10433.22265625,131047.0,10485.0
2019-12-16,10520.0,10502.876953125,48264.0,10555.0
2019-12-17,10545.0,10507.8525390625,52517.0,10560.0
2019-12-18,10555.0,10502.876953125,40886.0,10555.0
2019-12-19,10545.0,10492.92578125,55815.0,10545.0
2019-12-20,10545.0,10512.8271484375,48967.0,10565.0
2019-12-23,10565.0,10522.7783203125,83470.0,10575.0
2019-12-24,10595.0,10602.3828125,300641.0,10655.0
2019-12-26,10700.0,10691.9384765625,213674.0,10745.0
2019-12-27,10785.0,10726.765625,128961.0,10780.0
2019-12-30,10790.0,10756.6171875,155781.0,10810.0
2020-01-02,10830.0,10791.4443359375,221209.0,10845.0
2020-01-03,10895.0,10945.6796875,258781.0,11000.0
2020-01-06,11095.0,11189.4697265625,656932.0,11245.0
2020-01-07,11160.0,11124.7900390625,368850.0,11180.0
2020-01-08,11345.0,11303.9013671875,696311.0,11360.0
2020-01-09,11090.0,11000.4072265625,343170.0,11055.0
2020-01-10,11055.0,10980.5068359375,299234.0,11035.0
2020-01-13,11100.0,11025.2841796875,159170.0,11080.0
2020-01-14,11030.0,10920.802734375,375125.0,10975.0
2020-01-15,11035.0,11005.3828125,301467.0,11060.0
2020-01-16,11060.0,11005.3828125,518246.0,11060.0
2020-01-17,11060.0,11020.30859375,163660.0,11075.0
2020-01-20,11070.0,11084.98828125,645339.0,11140.0
2020-01-21,11125.0,11099.9140625,203777.0,11155.0
2020-01-22,11070.0,10995.4326171875,186083.0,11050.0
2020-01-23,11110.0,11025.2841796875,179518.0,11080.0
2020-01-28,11240.0,11194.4443359375,397153.0,11250.0
2020-01-29,11185.0,11104.8896484375,245232.0,11160.0
2020-01-30,11220.0,11169.568359375,431593.0,11225.0
2020-01-31,11220.0,11154.642578125,225975.0,11210.0
2020-02-03,11305.0,11184.494140625,312474.0,11240.0
2020-02-04,11240.0,11124.7900390625,488399.0,11180.0
2020-02-05,11065.0,11040.2099609375,297380.0,11095.0
2020-02-06,11090.0,11025.2841796875,299900.0,11080.0
2020-02-07,11130.0,11070.0625,538631.0,11125.0
2020-02-10,11190.0,11124.7900390625,228118.0,11180.0
2020-02-11,11180.0,11109.8642578125,324300.0,11165.0
2020-02-12,11150.0,11075.037109375,140550.0,11130.0
2020-02-13,11155.0,11154.642578125,187406.0,11210.0
2020-02-14,11210.0,11154.642578125,287095.0,11210.0
2020-02-17,11260.0,11199.419921875,132314.0,11255.0
2020-02-18,11270.0,11224.296875,187103.0,11280.0
2020-02-19,11370.0,11348.6796875,263183.0,11405.0
2020-02-20,11440.0,11383.5068359375,862316.0,11440.0
2020-02-21,11525.0,11542.716796875,343506.0,11600.0
2020-02-24,11825.0,11771.580078125,636238.0,11830.0
2020-02-25,11760.0,11582.5185546875,427697.0,11640.0
2020-02-26,11650.0,11637.2470703125,393108.0,11695.0
2020-02-27,11675.0,11687.0,183305.0,11745.0
2020-02-28,11710.0,11557.642578125,578442.0,11615.0
2020-03-02,11260.0,11348.6796875,570482.0,11405.0
2020-03-03,11325.0,11308.876953125,325989.0,11365.0
2020-03-04,11710.0,11617.345703125,314144.0,11675.0
2020-03-05,11630.0,11602.419921875,259287.0,11660.0
2020-03-06,11885.0,11851.185546875,464061.0,11910.0
2020-03-09,12080.0,11821.333984375,702646.0,11880.0
2020-03-10,11865.0,11746.7041015625,514261.0,11805.0
2020-03-11,11745.0,11751.6796875,196536.0,11810.0
2020-03-12,11665.0,11547.69140625,630210.0,11605.0
2020-03-13,11190.0,11234.2470703125,854931.0,11290.0
2020-03-16,11075.0,10910.8525390625,1318125.0,10965.0
2020-03-17,10685.0,10517.802734375,1279706.0,10570.0
2020-03-18,10910.0,10672.037109375,599068.0,10725.0
2020-03-19,10650.0,10482.9755859375,424227.0,10535.0
2020-03-20,10485.0,10602.3828125,206738.0,10655.0
2020-03-23,10600.0,10557.60546875,341230.0,10610.0
2020-03-24,11215.0,11214.345703125,814882.0,11270.0
2020-03-25,11955.0,11672.07421875,1282839.0,11730.0
2020-03-26,11580.0,11408.3828125,445392.0,11465.0
2020-03-27,11620.0,11617.345703125,612922.0,11675.0
2020-03-30,11725.0,11542.716796875,434879.0,11600.0
2020-03-31,11550.0,11487.98828125,216323.0,11545.0
2020-04-01,11255.0,11254.1484375,419921.0,11310.0
2020-04-02,11325.0,11249.1728515625,262708.0,11305.0
2020-04-03,11550.0,11443.2099609375,460403.0,11500.0
2020-04-06,11630.0,11582.5185546875,456739.0,11640.0
2020-04-07,12170.0,12050.1982421875,853337.0,12110.0
2020-04-08,11860.0,11816.3583984375,344076.0,11875.0
2020-04-09,11850.0,11841.2353515625,195274.0,11900.0
2020-04-10,12230.0,12438.271484375,458149.0,12500.0
2020-04-13,12260.0,12179.5556640625,721482.0,12240.0
2020-04-14,12465.0,12388.5185546875,571030.0,12450.0
2020-04-16,12295.0,12303.9384765625,256353.0,12365.0
2020-04-17,12225.0,12030.296875,682972.0,12090.0
2020-04-20,11925.0,11886.0126953125,497247.0,11945.0
2020-04-21,12060.0,12015.37109375,323748.0,12075.0
2020-04-22,12035.0,11975.568359375,390657.0,12035.0
2020-04-23,12235.0,12234.2841796875,359718.0,12295.0
2020-04-24,12335.0,12274.0869140625,360099.0,12335.0
2020-04-27,12315.0,12229.30859375,333245.0,12290.0
2020-04-28,12150.0,12025.3212890625,390493.0,12085.0
2020-04-29,12140.0,12104.92578125,269947.0,12165.0
2020-05-04,12060.0,12030.296875,307945.0,12090.0
2020-05-06,12080.0,12015.37109375,277747.0,12075.0
2020-05-07,11960.0,11871.0869140625,394348.0,11930.0
2020-05-08,12165.0,12149.7041015625,297803.0,12210.0
2020-05-11,12065.0,11980.5439453125,291845.0,12040.0
2020-05-12,12005.0,11955.6669921875,251393.0,12015.0
2020-05-13,12040.0,11975.568359375,262292.0,12035.0
2020-05-14,12160.0,12080.0498046875,299920.0,12140.0
2020-05-15,12290.0,12264.1357421875,306430.0,12325.0
2020-05-18,12455.0,12443.2470703125,283356.0,12505.0
2020-05-19,12260.0,12199.45703125,281155.0,12260.0
2020-05-20,12345.0,12303.9384765625,302824.0,12365.0
2020-05-21,12365.0,12239.259765625,262414.0,12300.0
2020-05-22,12200.0,12199.45703125,322596.0,12260.0
2020-05-25,12245.0,12179.5556640625,301260.0,12240.0
2020-05-26,12240.0,12214.3828125,176271.0,12275.0
2020-05-27,12105.0,11995.4697265625,438238.0,12055.0
2020-05-28,12075.0,12080.0498046875,351940.0,12140.0
2020-05-29,12160.0,12080.0498046875,270860.0,12140.0
2020-06-01,12305.0,12259.1611328125,300397.0,12320.0
2020-06-02,12300.0,12194.4814453125,209169.0,12255.0
2020-06-03,12160.0,12060.1484375,282563.0,12120.0
2020-06-04,11950.0,11890.98828125,394328.0,11950.0
2020-06-05,12040.0,11960.642578125,241851.0,12020.0
2020-06-08,11815.0,11851.185546875,357531.0,11910.0
2020-06-09,11935.0,11866.111328125,375677.0,11925.0
2020-06-10,12050.0,12040.2470703125,298551.0,12100.0
2020-06-11,12230.0,12129.802734375,398459.0,12190.0
2020-06-12,12175.0,12129.802734375,279983.0,12190.0
2020-06-15,12205.0,12030.296875,276417.0,12090.0
2020-06-16,12125.0,12065.1240234375,284518.0,12125.0
2020-06-17,12160.0,12114.876953125,171375.0,12175.0
2020-06-18,12175.0,12104.92578125,151873.0,12165.0
2020-06-22,12350.0,12313.8896484375,284977.0,12375.0
2020-06-23,12390.0,12318.8642578125,207838.0,12380.0
2020-06-24,12505.0,12458.1728515625,375847.0,12520.0
2020-06-25,12420.0,12388.5185546875,229241.0,12450.0
2020-06-26,12440.0,12348.716796875,227395.0,12410.0
2020-06-29,12505.0,12463.1484375,234490.0,12525.0
2020-06-30,12515.0,12468.1240234375,151949.0,12530.0
2020-07-01,12605.0,12572.60546875,316825.0,12635.0
2020-07-02,12470.0,12388.5185546875,362053.0,12450.0
2020-07-06,12530.0,12448.22265625,261625.0,12510.0
2020-07-07,12580.0,12517.876953125,188048.0,12580.0
2020-07-08,12665.0,12607.4326171875,216156.0,12670.0
2020-07-09,12740.0,12706.9384765625,267858.0,12770.0
2020-07-10,12685.0,12572.60546875,379239.0,12635.0
2020-07-13,12640.0,12642.259765625,191088.0,12705.0
2020-07-14,12660.0,12582.5556640625,239450.0,12645.0
2020-07-15,12685.0,12617.3828125,261704.0,12680.0
2020-07-16,12720.0,12612.408203125,306012.0,12675.0
2020-07-17,12590.0,12532.802734375,314213.0,12595.0
2020-07-20,12650.0,12592.5068359375,219432.0,12655.0
2020-07-21,12725.0,12652.2099609375,256529.0,12715.0
2020-07-22,12895.0,12950.728515625,559128.0,13015.0
2020-07-23,13075.0,13060.185546875,551340.0,13125.0
2020-07-24,13180.0,13149.7412109375,740754.0,13215.0
2020-07-27,13355.0,13438.30859375,1071647.0,13505.0
2020-07-28,13670.0,13473.1357421875,1420441.0,13540.0
2020-07-29,13590.0,13542.7900390625,761846.0,13610.0
2020-07-30,13670.0,13567.6669921875,692738.0,13635.0
2020-07-31,13610.0,13682.099609375,642948.0,13750.0
2020-08-03,13795.0,13697.025390625,622498.0,13765.0
2020-08-04,13750.0,13682.099609375,407583.0,13750.0
2020-08-05,14060.0,14030.37109375,757409.0,14100.0
2020-08-06,14140.0,14174.654296875,983321.0,14245.0
2020-08-07,14350.0,14229.3828125,1238277.0,14300.0
2020-08-10,14055.0,14040.3212890625,657050.0,14110.0
2020-08-11,14070.0,13766.6796875,969154.0,13835.0
2020-08-12,13240.0,13109.9384765625,3089518.0,13175.0
2020-08-13,13310.0,13333.8271484375,568444.0,13400.0
2020-08-14,13550.0,13443.2841796875,562147.0,13510.0
2020-08-18,13725.0,13801.5068359375,842414.0,13870.0
2020-08-19,13875.0,13726.876953125,603167.0,13795.0
2020-08-20,13345.0,13428.3583984375,480529.0,13495.0
2020-08-21,13500.0,13383.5810546875,425022.0,13450.0
2020-08-24,13400.0,13328.8525390625,539549.0,13395.0
2020-08-25,13345.0,13308.951171875,253834.0,13375.0
2020-08-26,13340.0,13219.3955078125,247544.0,13285.0
2020-08-27,13520.0,13368.654296875,280332.0,13435.0
2020-08-28,13330.0,13383.5810546875,268564.0,13450.0
2020-08-31,13665.0,13532.83984375,307020.0,13600.0
2020-09-01,13615.0,13682.099609375,268682.0,13750.0
2020-09-02,13650.0,13522.8896484375,308452.0,13590.0
2020-09-03,13455.0,13313.9267578125,286817.0,13380.0
2020-09-04,13335.0,13333.8271484375,383890.0,13400.0
2020-09-07,13385.0,13289.0498046875,321654.0,13355.0
2020-09-08,13360.0,13303.9755859375,234941.0,13370.0
2020-09-09,13360.0,13279.099609375,204211.0,13345.0
2020-09-10,13470.0,13393.53125,217548.0,13460.0
2020-09-11,13460.0,13383.5810546875,325405.0,13450.0
2020-09-14,13430.0,13393.53125,281877.0,13460.0
2020-09-15,13545.0,13557.716796875,250599.0,13625.0
2020-09-16,13525.0,13488.0625,141848.0,13555.0
2020-09-17,13555.0,13373.6298828125,418488.0,13440.0
2020-09-18,13460.0,13438.30859375,186009.0,13505.0
2020-09-21,13480.0,13438.30859375,166168.0,13505.0
2020-09-22,13250.0,13095.0126953125,387386.0,13160.0
2020-09-23,13160.0,12886.0498046875,682203.0,12950.0
2020-09-24,12800.0,12746.7412109375,461755.0,12810.0
2020-09-25,12895.0,12846.2470703125,226876.0,12910.0
2020-09-28,12860.0,12781.568359375,180740.0,12845.0
2020-09-29,12995.0,12930.8271484375,264649.0,12995.0
2020-10-05,13115.0,13005.45703125,443104.0,13070.0
2020-10-06,13195.0,13124.8642578125,358850.0,13190.0
2020-10-07,12970.0,12975.60546875,310157.0,13040.0
2020-10-08,13020.0,12970.6298828125,136401.0,13035.0
2020-10-12,13315.0,13254.22265625,375788.0,13320.0
2020-10-13,13295.0,13179.5927734375,151291.0,13245.0
2020-10-14,13065.0,13020.3828125,131988.0,13085.0
2020-10-15,13100.0,13045.259765625,136379.0,13110.0
2020-10-16,13160.0,13070.1357421875,90592.0,13135.0
2020-10-19,13120.0,13124.8642578125,242360.0,13190.0
2020-10-20,13135.0,13055.2099609375,222556.0,13120.0
2020-10-21,13165.0,13164.6669921875,93117.0,13230.0
2020-10-22,13245.0,13139.7900390625,145290.0,13205.0
2020-10-23,13135.0,13060.185546875,115578.0,13125.0
2020-10-26,13080.0,13015.408203125,99519.0,13080.0
2020-10-27,13120.0,13104.962890625,160090.0,13170.0
2020-10-28,13140.0,13099.98828125,83136.0,13165.0
2020-10-29,12950.0,12910.9267578125,218511.0,12975.0
2020-10-30,12870.0,12806.4443359375,556200.0,12870.0
2020-11-02,12915.0,12910.9267578125,191239.0,12975.0
2020-11-03,13055.0,12970.6298828125,197765.0,13035.0
2020-11-04,13180.0,13035.30859375,849546.0,13100.0
2020-11-05,13105.0,13085.0625,380943.0,13150.0
2020-11-06,13400.0,13284.07421875,395887.0,13350.0
2020-11-09,13475.0,13428.3583984375,236676.0,13495.0
2020-11-10,12870.0,12881.07421875,605015.0,12945.0
2020-11-11,12925.0,12871.1240234375,448768.0,12935.0
2020-11-12,12830.0,12776.5927734375,512137.0,12840.0
2020-11-13,12890.0,12856.1982421875,1517923.0,12920.0
2020-11-16,12995.0,12920.876953125,731445.0,12985.0
2020-11-17,12990.0,12900.9755859375,812747.0,12965.0
2020-11-18,12940.0,12841.271484375,224247.0,12905.0
2020-11-19,12860.0,12731.8154296875,186350.0,12795.0
2020-11-20,12795.0,12771.6171875,728739.0,12835.0
2020-11-23,12855.0,12821.37109375,164244.0,12885.0
2020-11-24,12615.0,12488.025390625,527655.0,12550.0
2020-11-25,12420.0,12348.716796875,469093.0,12410.0
2020-11-26,12435.0,12383.5439453125,240653.0,12445.0
2020-11-27,12450.0,12373.5927734375,228106.0,12435.0
2020-11-30,12275.0,12124.8271484375,394780.0,12185.0
2020-12-01,12240.0,12209.408203125,239503.0,12270.0
2020-12-02,12435.0,12388.5185546875,253492.0,12450.0
2020-12-03,12540.0,12552.7041015625,197898.0,12615.0
2020-12-04,12630.0,12587.53125,223944.0,12650.0
2020-12-07,12610.0,12582.5556640625,207673.0,12645.0
2020-12-08,12790.0,12766.642578125,240191.0,12830.0
2020-12-09,12840.0,12736.7900390625,213526.0,12800.0
2020-12-10,12600.0,12562.654296875,178328.0,12625.0
2020-12-11,12610.0,12537.7783203125,197264.0,12600.0
2020-12-14,12615.0,12527.8271484375,120319.0,12590.0
2020-12-15,12550.0,12572.60546875,89445.0,12635.0
2020-12-16,12715.0,12692.0126953125,155474.0,12755.0
2020-12-17,12800.0,12791.5185546875,142250.0,12855.0
2020-12-18,12950.0,12866.1484375,358113.0,12930.0
2020-12-21,12940.0,13035.30859375,413562.0,13100.0
2020-12-22,12920.0,12836.296875,469709.0,12900.0
2020-12-23,12810.0,12746.7412109375,190231.0,12810.0
2020-12-24,12865.0,12831.3212890625,155138.0,12895.0
2020-12-28,12970.0,12891.025390625,393018.0,12955.0
2020-12-29,12895.0,12841.271484375,222326.0,12905.0
2020-12-30,12900.0,12861.1728515625,219271.0,12925.0
2021-01-04,13145.0,13159.69140625,640291.0,13225.0
2021-01-05,13320.0,13259.1982421875,692369.0,13325.0
2021-01-06,13380.0,13284.07421875,492262.0,13350.0
2021-01-07,13195.0,13109.9384765625,480789.0,13175.0
2021-01-08,13150.0,13025.3583984375,364170.0,13090.0
2021-01-11,12660.0,12567.6298828125,1128208.0,12630.0
2021-01-12,12665.0,12662.1611328125,395741.0,12725.0
2021-01-13,12725.0,12682.0625,308000.0,12745.0
2021-01-14,12655.0,12537.7783203125,431882.0,12600.0
2021-01-15,12635.0,12597.4814453125,215186.0,12660.0
2021-01-18,12405.0,12517.876953125,328114.0,12580.0
2021-01-19,12575.0,12512.9013671875,151372.0,12575.0
2021-01-20,12585.0,12617.3828125,222419.0,12680.0
2021-01-21,12795.0,12766.642578125,353228.0,12830.0
2021-01-22,12790.0,12662.1611328125,243862.0,12725.0
2021-01-25,12715.0,12607.4326171875,182467.0,12670.0
2021-01-26,12685.0,12627.333984375,293239.0,12690.0
2021-01-27,12665.0,12592.5068359375,202154.0,12655.0
2021-01-28,12575.0,12502.951171875,183675.0,12565.0
2021-01-29,12600.0,12557.6796875,186372.0,12620.0
2021-02-01,12700.0,12692.0126953125,668539.0,12755.0
2021-02-02,12710.0,12627.333984375,202110.0,12690.0
2021-02-03,12560.0,12502.951171875,219681.0,12565.0
2021-02-04,12545.0,12393.494140625,378218.0,12455.0
2021-02-05,12265.0,12224.333984375,319848.0,12285.0
2021-02-08,12410.0,12328.8154296875,352641.0,12390.0
2021-02-09,12500.0,12497.9755859375,285095.0,12560.0
2021-02-10,12540.0,12522.8525390625,191422.0,12585.0
2021-02-15,12440.0,12368.6171875,213697.0,12430.0
2021-02-16,12420.0,12378.568359375,163989.0,12440.0
2021-02-17,12215.0,12154.6796875,317382.0,12215.0
2021-02-18,12140.0,12109.9013671875,351577.0,12170.0
2021-02-19,12085.0,12035.271484375,387400.0,12095.0
2021-02-22,12180.0,12179.5556640625,318753.0,12240.0
2021-02-23,12355.0,12298.962890625,279142.0,12360.0
2021-02-24,12335.0,12279.0625,164609.0,12340.0
2021-02-25,12300.0,12199.45703125,217692.0,12260.0
2021-02-26,12090.0,11965.6171875,464130.0,12025.0
2021-03-02,11755.0,11662.1240234375,480140.0,11720.0
2021-03-03,11830.0,11741.728515625,320420.0,11800.0
2021-03-04,11660.0,11642.22265625,212211.0,11700.0
2021-03-05,11550.0,11507.8896484375,271229.0,11565.0
2021-03-08,11620.0,11562.6171875,258960.0,11620.0
2021-03-09,11475.0,11458.1357421875,271970.0,11515.0
2021-03-10,11670.0,11587.494140625,136897.0,11645.0
2021-03-11,11710.0,11751.6796875,179349.0,11810.0
2021-03-12,11750.0,11617.345703125,165645.0,11675.0
2021-03-15,11740.0,11672.07421875,202506.0,11730.0
2021-03-16,11785.0,11766.60546875,125311.0,11825.0
2021-03-17,11800.0,11781.53125,154108.0,11840.0
2021-03-18,11905.0,11861.1357421875,174854.0,11920.0
2021-03-19,11830.0,11826.30859375,120741.0,11885.0
2021-03-22,11850.0,11756.654296875,165210.0,11815.0
2021-03-23,11850.0,11781.53125,89051.0,11840.0
2021-03-24,11770.0,11736.7529296875,85499.0,11795.0
2021-03-25,11820.0,11761.6298828125,104112.0,11820.0
2021-03-26,11770.0,11716.8525390625,93423.0,11775.0
2021-03-29,11785.0,11701.92578125,97142.0,11760.0
2021-03-30,11665.0,11567.5927734375,187825.0,11625.0
2021-03-31,11480.0,11423.30859375,279302.0,11480.0
2021-04-01,11630.0,11602.419921875,271882.0,11660.0
2021-04-02,11675.0,11642.22265625,97216.0,11700.0
2021-04-05,11760.0,11687.0,121813.0,11745.0
2021-04-06,11775.0,11756.654296875,162509.0,11815.0
2021-04-07,11865.0,11781.53125,111536.0,11840.0
2021-04-08,11820.0,11806.408203125,72897.0,11865.0
2021-04-09,11935.0,11841.2353515625,127949.0,11900.0
2021-04-12,11865.0,11786.5068359375,146180.0,11845.0
2021-04-13,11795.0,11687.0,140599.0,11745.0
2021-04-14,11885.0,11821.333984375,143607.0,11880.0
2021-04-15,11825.0,11806.408203125,209540.0,11865.0
2021-04-16,12015.0,11945.716796875,197830.0,12005.0
2021-04-19,12100.0,12060.1484375,194358.0,12120.0
2021-04-20,12055.0,11985.5185546875,140268.0,12045.0
2021-04-21,12085.0,12099.951171875,225948.0,12160.0
2021-04-22,12210.0,12134.7783203125,357912.0,12195.0
2021-04-23,12145.0,12090.0,138377.0,12150.0
2021-04-26,12090.0,12045.22265625,178084.0,12105.0
2021-04-27,12110.0,12065.1240234375,134246.0,12125.0
2021-04-28,12085.0,11980.5439453125,213330.0,12040.0
2021-04-29,12135.0,12060.1484375,200135.0,12120.0
2021-04-30,12075.0,11995.4697265625,140371.0,12055.0
2021-05-03,12030.0,12045.22265625,123796.0,12105.0
2021-05-04,12200.0,12090.0,245083.0,12150.0
2021-05-06,12150.0,12144.728515625,193918.0,12205.0
2021-05-07,12345.0,12318.8642578125,337732.0,12380.0
2021-05-10,12490.0,12443.2470703125,241023.0,12505.0
2021-05-11,12500.0,12423.345703125,193757.0,12485.0
2021-05-12,12500.0,12418.37109375,221572.0,12480.0
2021-05-13,12350.0,12328.8154296875,202884.0,12390.0
2021-05-14,12400.0,12408.419921875,104994.0,12470.0
2021-05-17,12560.0,12557.6796875,832831.0,12620.0
2021-05-18,12715.0,12672.111328125,496001.0,12735.0
2021-05-20,12705.0,12701.962890625,330428.0,12765.0
2021-05-21,12750.0,12696.98828125,272591.0,12760.0
2021-05-24,12815.0,12751.716796875,399520.0,12815.0
2021-05-25,12780.0,12726.83984375,252811.0,12790.0
2021-05-26,12900.0,12891.025390625,351443.0,12955.0
2021-05-27,12895.0,12866.1484375,229631.0,12930.0
2021-05-28,12900.0,12806.4443359375,303208.0,12870.0
2021-05-31,12950.0,12915.9013671875,339000.0,12980.0
2021-06-01,12980.0,12960.6796875,193113.0,13025.0
2021-06-02,12925.0,12846.2470703125,340074.0,12910.0
2021-06-03,12975.0,12846.2470703125,161978.0,12910.0
2021-06-04,12730.0,12662.1611328125,346859.0,12725.0
2021-06-07,12845.0,12746.7412109375,244203.0,12810.0
2021-06-08,12910.0,12831.3212890625,205476.0,12895.0
2021-06-09,12890.0,12801.4697265625,122148.0,12865.0
2021-06-10,12850.0,12766.642578125,155000.0,12830.0
2021-06-11,12910.0,12871.1240234375,162339.0,12935.0
2021-06-14,12750.0,12597.4814453125,278049.0,12660.0
2021-06-15,12680.0,12632.30859375,162531.0,12695.0
2021-06-16,12635.0,12577.5810546875,114869.0,12640.0
2021-06-17,12365.0,12259.1611328125,316787.0,12320.0
2021-06-18,12060.0,12065.1240234375,393590.0,12125.0
2021-06-21,12015.0,12005.419921875,294359.0,12065.0
2021-06-22,12100.0,12030.296875,169329.0,12090.0
2021-06-23,12060.0,12025.3212890625,118804.0,12085.0
2021-06-24,12065.0,12005.419921875,150744.0,12065.0
2021-06-25,12035.0,12010.3955078125,154364.0,12070.0
2021-06-28,12085.0,12050.1982421875,166193.0,12110.0
2021-06-29,12065.0,11995.4697265625,126221.0,12055.0
2021-06-30,11955.0,11881.037109375,1180440.0,11940.0
2021-07-01,11970.0,12010.3955078125,300618.0,12070.0
2021-07-02,12050.0,12005.419921875,161099.0,12065.0
2021-07-05,12115.0,12060.1484375,178800.0,12120.0
2021-07-06,12150.0,12199.45703125,160520.0,12260.0
2021-07-07,12185.0,12174.5810546875,163022.0,12235.0
2021-07-08,12240.0,12144.728515625,148101.0,12205.0
2021-07-09,12235.0,12144.728515625,246853.0,12205.0
2021-07-12,12255.0,12164.6298828125,197134.0,12225.0
2021-07-13,12255.0,12234.2841796875,131143.0,12295.0
2021-07-14,12270.0,12249.2099609375,132826.0,12310.0
2021-07-15,12395.0,12378.568359375,201215.0,12440.0
2021-07-16,12425.0,12333.7900390625,110708.0,12395.0
2021-07-19,12325.0,12189.5068359375,149267.0,12250.0
2021-07-20,12285.0,12274.0869140625,172886.0,12335.0
2021-07-21,12285.0,12244.2353515625,155779.0,12305.0
2021-07-22,12230.0,12154.6796875,182993.0,12215.0
2021-07-23,12260.0,12199.45703125,75820.0,12260.0
2021-07-26,12260.0,12204.4326171875,106018.0,12265.0
2021-07-27,12200.0,12114.876953125,107856.0,12175.0
2021-07-28,12205.0,12189.5068359375,98637.0,12250.0
2021-07-29,12275.0,12264.1357421875,222715.0,12325.0
2021-07-30,12415.0,12343.7412109375,283578.0,12405.0
2021-08-02,12295.0,12199.45703125,146467.0,12260.0
2021-08-03,12285.0,12204.4326171875,84947.0,12265.0
2021-08-04,12270.0,12229.30859375,156429.0,12290.0
2021-08-05,12275.0,12209.408203125,68194.0,12270.0
2021-08-06,12220.0,12139.7529296875,111436.0,12200.0
2021-08-09,11660.0,11766.60546875,1086938.0,11825.0
2021-08-10,11730.0,11701.92578125,277478.0,11760.0
2021-08-11,11690.0,11662.1240234375,231419.0,11720.0
2021-08-12,11860.0,11816.3583984375,145404.0,11875.0
2021-08-13,11885.0,11856.1611328125,170945.0,11915.0
2021-08-17,12105.0,12085.025390625,337954.0,12145.0
2021-08-18,12110.0,12085.025390625,119505.0,12145.0
2021-08-19,12115.0,11985.5185546875,234712.0,12045.0
2021-08-20,12055.0,12055.1728515625,174953.0,12115.0
2021-08-23,12040.0,12040.2470703125,218842.0,12100.0
2021-08-24,12220.0,12164.6298828125,286252.0,12225.0
2021-08-25,12200.0,12114.876953125,348581.0,12175.0
2021-08-26,12130.0,12035.271484375,80615.0,12095.0
2021-08-27,12145.0,12164.6298828125,187388.0,12225.0
2021-08-30,12315.0,12234.2841796875,184675.0,12295.0
2021-08-31,12270.0,12254.185546875,120116.0,12315.0
2021-09-01,12300.0,12249.2099609375,107966.0,12310.0
2021-09-02,12270.0,12234.2841796875,59275.0,12295.0
2021-09-03,12250.0,12224.333984375,72209.0,12285.0
2021-09-06,12370.0,12318.8642578125,130058.0,12380.0
2021-09-07,12355.0,12249.2099609375,70310.0,12310.0
2021-09-08,12165.0,12099.951171875,101411.0,12160.0
2021-09-09,12115.0,12040.2470703125,69386.0,12100.0
2021-09-10,12145.0,12144.728515625,73095.0,12205.0
2021-09-13,12100.0,12060.1484375,156758.0,12120.0
2021-09-14,12130.0,12075.07421875,55112.0,12135.0
2021-09-15,12205.0,12139.7529296875,63485.0,12200.0
2021-09-16,12140.0,12025.3212890625,70927.0,12085.0
2021-09-17,11875.0,11871.0869140625,178581.0,11930.0
2021-09-23,11950.0,11876.0625,135028.0,11935.0
2021-09-24,11815.0,11816.3583984375,83915.0,11875.0
2021-09-27,11840.0,11826.30859375,103401.0,11885.0
2021-09-28,11845.0,11721.8271484375,134705.0,11780.0
2021-09-29,11730.0,11706.9013671875,175349.0,11765.0
2021-09-30,11695.0,11642.22265625,170524.0,11700.0
2021-10-01,11855.0,11811.3828125,264465.0,11870.0
2021-10-05,11955.0,11836.259765625,194740.0,11895.0
2021-10-06,11905.0,11796.45703125,162696.0,11855.0
2021-10-07,11925.0,11856.1611328125,125018.0,11915.0
2021-10-08,11875.0,11841.2353515625,93669.0,11900.0
2021-10-12,11860.0,11866.111328125,106776.0,11925.0
2021-10-13,11910.0,11866.111328125,143037.0,11925.0
2021-10-14,12115.0,12070.0986328125,147698.0,12130.0
2021-10-15,12135.0,12060.1484375,65410.0,12120.0
2021-10-18,11980.0,11871.0869140625,206451.0,11930.0
2021-10-19,11920.0,11970.5927734375,113064.0,12030.0
2021-10-20,11950.0,11950.69140625,55093.0,12010.0
2021-10-21,12040.0,12020.345703125,79812.0,12080.0
2021-10-22,12080.0,12030.296875,66495.0,12090.0
2021-10-25,12140.0,12094.9755859375,236699.0,12155.0
2021-10-26,12225.0,12154.6796875,207745.0,12215.0
2021-10-27,12140.0,12040.2470703125,104653.0,12100.0
2021-10-28,12140.0,12129.802734375,118910.0,12190.0
2021-10-29,12175.0,12085.025390625,103468.0,12145.0
2021-11-01,12025.0,12000.4443359375,192542.0,12060.0
2021-11-02,12105.0,12065.1240234375,243333.0,12125.0
2021-11-03,12085.0,11965.6171875,190050.0,12025.0
2021-11-04,12025.0,11915.8642578125,121777.0,11975.0
2021-11-05,12105.0,12090.0,89055.0,12150.0
2021-11-08,12275.0,12239.259765625,235643.0,12300.0
2021-11-09,12325.0,12289.0126953125,253764.0,12350.0
2021-11-10,12365.0,12289.0126953125,222851.0,12350.0
2021-11-11,12490.0,12483.0498046875,493744.0,12545.0
2021-11-12,12595.0,12507.92578125,381618.0,12570.0
2021-11-15,12620.0,12507.92578125,280330.0,12570.0
2021-11-16,12590.0,12562.654296875,150853.0,12625.0
2021-11-17,12520.0,12488.025390625,215447.0,12550.0
2021-11-18,12650.0,12562.654296875,204928.0,12625.0
2021-11-19,12590.0,12537.7783203125,112288.0,12600.0
2021-11-22,12485.0,12423.345703125,184235.0,12485.0
2021-11-23,12230.0,12149.7041015625,316515.0,12210.0
2021-11-24,12115.0,12065.1240234375,135891.0,12125.0
2021-11-25,12105.0,12060.1484375,107212.0,12120.0
2021-11-26,12120.0,12114.876953125,255992.0,12175.0
2021-11-29,12135.0,12075.07421875,190555.0,12135.0
2021-11-30,12080.0,12055.1728515625,218002.0,12115.0
2021-12-01,11980.0,12015.37109375,244714.0,12075.0
2021-12-02,12040.0,11945.716796875,186844.0,12005.0
2021-12-03,11950.0,11915.8642578125,99200.0,11975.0
2021-12-06,12030.0,11990.494140625,106999.0,12050.0
2021-12-07,12030.0,11980.5439453125,90569.0,12040.0
2021-12-08,12055.0,12040.2470703125,101676.0,12100.0
2021-12-09,12050.0,12015.37109375,58583.0,12075.0
2021-12-10,12000.0,11905.9140625,104344.0,11965.0
2021-12-13,12035.0,12000.4443359375,92868.0,12060.0
2021-12-14,12060.0,12015.37109375,54150.0,12075.0
2021-12-15,11975.0,11890.98828125,130402.0,11950.0
2021-12-16,12010.0,11995.4697265625,92265.0,12055.0
2021-12-17,12150.0,12134.7783203125,111268.0,12195.0
2021-12-20,12190.0,12109.9013671875,92237.0,12170.0
2021-12-21,12100.0,12025.3212890625,88423.0,12085.0
2021-12-22,12085.0,12000.4443359375,38823.0,12060.0
2021-12-23,12170.0,12134.7783203125,88588.0,12195.0
2021-12-24,12160.0,12139.7529296875,40472.0,12200.0
2021-12-27,12200.0,12159.654296875,81322.0,12220.0
2021-12-28,12230.0,12174.5810546875,65264.0,12235.0
2021-12-29,12200.0,12144.728515625,73330.0,12205.0
2021-12-30,12190.0,12075.07421875,137966.0,12135.0
2022-01-04,12180.0,12114.876953125,91840.0,12175.0
2022-01-05,12240.0,12209.408203125,87056.0,12270.0
2022-01-06,12220.0,12109.9013671875,125437.0,12170.0
2022-01-07,12075.0,12020.345703125,83964.0,12080.0
2022-01-10,12110.0,12035.271484375,112039.0,12095.0
2022-01-11,12150.0,12154.6796875,65285.0,12215.0
2022-01-12,12280.0,12234.2841796875,98315.0,12295.0
2022-01-13,12310.0,12259.1611328125,78530.0,12320.0
2022-01-14,12290.0,12269.111328125,63093.0,12330.0
2022-01-17,12250.0,12219.3583984375,50883.0,12280.0
2022-01-18,12270.0,12194.4814453125,44034.0,12255.0
2022-01-19,12235.0,12169.60546875,68980.0,12230.0
2022-01-20,12405.0,12358.6669921875,148736.0,12420.0
2022-01-21,12420.0,12363.642578125,144562.0,12425.0
2022-01-24,12390.0,12348.716796875,101527.0,12410.0
2022-01-25,12435.0,12373.5927734375,164163.0,12435.0
2022-01-26,12475.0,12418.37109375,73862.0,12480.0
2022-01-27,12475.0,12164.6298828125,128170.0,12225.0
2022-01-28,12105.0,12060.1484375,142242.0,12120.0
2022-02-03,12175.0,12109.9013671875,112965.0,12170.0
2022-02-04,12180.0,12124.8271484375,65354.0,12185.0
2022-02-07,12195.0,12149.7041015625,224484.0,12210.0
2022-02-08,12280.0,12219.3583984375,216939.0,12280.0
2022-02-09,12310.0,12259.1611328125,195025.0,12320.0
2022-02-10,12350.0,12318.8642578125,217284.0,12380.0
2022-02-11,12310.0,12234.2841796875,63476.0,12295.0
2022-02-15,12625.0,12622.3583984375,354932.0,12685.0
2022-02-16,12490.0,12443.2470703125,230726.0,12505.0
2022-02-17,12610.0,12597.4814453125,251634.0,12660.0
2022-02-18,12815.0,12696.98828125,284663.0,12760.0
2022-02-21,12860.0,12682.0625,211277.0,12745.0
2022-02-22,12875.0,12826.345703125,227004.0,12890.0
2022-02-23,12820.0,12731.8154296875,163980.0,12795.0
2022-02-24,12885.0,13035.30859375,500801.0,13100.0
2022-02-25,12865.0,12866.1484375,392392.0,12930.0
2022-02-28,12875.0,12811.419921875,210969.0,12875.0
2022-03-02,13105.0,13005.45703125,343563.0,13070.0
2022-03-03,13015.0,12935.802734375,158753.0,13000.0
2022-03-04,13065.0,13005.45703125,415198.0,13070.0
2022-03-07,13425.0,13328.8525390625,540991.0,13395.0
2022-03-08,13495.0,13453.2353515625,429057.0,13520.0
2022-03-10,13445.0,13378.60546875,1251025.0,13445.0
2022-03-11,13505.0,13373.6298828125,228685.0,13440.0
2022-03-14,13335.0,13284.07421875,224521.0,13350.0
2022-03-15,13215.0,12980.5810546875,184827.0,13045.0
2022-03-16,12920.0,12886.0498046875,167385.0,12950.0
2022-03-17,13005.0,12975.60546875,109736.0,13040.0
2022-03-18,13135.0,13015.408203125,126414.0,13080.0
2022-03-21,12965.0,12930.8271484375,93642.0,12995.0
2022-03-22,13070.0,13030.333984375,118810.0,13095.0
2022-03-23,12970.0,12900.9755859375,176946.0,12965.0
2022-03-24,13135.0,13050.2353515625,118938.0,13115.0
2022-03-25,13235.0,13179.5927734375,112045.0,13245.0
2022-03-28,13210.0,13020.3828125,312475.0,13085.0
2022-03-29,13000.0,12920.876953125,68662.0,12985.0
2022-03-30,12920.0,12930.8271484375,234753.0,12995.0
2022-03-31,13055.0,12935.802734375,147220.0,13000.0
2022-04-01,13065.0,13015.408203125,158008.0,13080.0
2022-04-04,12980.0,12905.951171875,76419.0,12970.0
2022-04-05,13030.0,12975.60546875,81716.0,13040.0
2022-04-06,12965.0,12891.025390625,163657.0,12955.0
2022-04-07,12975.0,12920.876953125,78537.0,12985.0
2022-04-08,13040.0,12965.654296875,53811.0,13030.0
2022-04-11,13120.0,13045.259765625,130357.0,13110.0
2022-04-12,13175.0,13149.7412109375,100126.0,13215.0
2022-04-13,13275.0,13219.3955078125,119318.0,13285.0
2022-04-14,13330.0,13244.271484375,95066.0,13310.0
2022-04-15,13295.0,13224.37109375,27830.0,13290.0
2022-04-18,13415.0,13358.7041015625,132133.0,13425.0
2022-04-19,13345.0,13264.1728515625,49900.0,13330.0
2022-04-20,13145.0,13020.3828125,78791.0,13085.0
2022-04-21,13185.0,13099.98828125,38603.0,13165.0
2022-04-22,13155.0,13124.8642578125,54859.0,13190.0
2022-04-25,13020.0,12846.2470703125,75739.0,12910.0
2022-04-26,12800.0,12771.6171875,55526.0,12835.0
2022-04-27,12840.0,12746.7412109375,56721.0,12810.0
2022-04-28,12710.0,12577.5810546875,127254.0,12640.0
2022-04-29,12770.0,12836.296875,156447.0,12900.0
2022-05-03,12550.0,12453.1982421875,105970.0,12515.0
2022-05-04,12580.0,12502.951171875,111942.0,12565.0
2022-05-06,12630.0,12582.5556640625,59991.0,12645.0
2022-05-10,12495.0,12488.025390625,65855.0,12550.0
2022-05-11,12345.0,12343.7412109375,32712.0,12405.0
2022-05-12,12475.0,12413.3955078125,98517.0,12475.0
2022-05-13,12270.0,12219.3583984375,59987.0,12280.0
2022-05-16,12195.0,12094.9755859375,76237.0,12155.0
2022-05-17,12285.0,12249.2099609375,102346.0,12310.0
2022-05-18,12220.0,12139.7529296875,85996.0,12200.0
2022-05-19,12205.0,12139.7529296875,51917.0,12200.0
2022-05-20,12370.0,12373.5927734375,35205.0,12435.0
2022-05-23,12425.0,12413.3955078125,108427.0,12475.0
2022-05-24,12475.0,12393.494140625,31019.0,12455.0
2022-05-25,12550.0,12433.296875,62250.0,12495.0
2022-05-26,12475.0,12358.6669921875,91032.0,12420.0
2022-05-27,12460.0,12413.3955078125,25286.0,12475.0
2022-05-30,12425.0,12468.1240234375,62669.0,12530.0
2022-05-31,12430.0,12383.5439453125,50373.0,12445.0
2022-06-02,12405.0,12373.5927734375,241053.0,12435.0
2022-06-03,12555.0,12488.025390625,75209.0,12550.0
2022-06-07,12360.0,12303.9384765625,99562.0,12365.0
2022-06-08,12440.0,12368.6171875,50539.0,12430.0
2022-06-09,12435.0,12368.6171875,28593.0,12430.0
2022-06-10,12395.0,12328.8154296875,33559.0,12390.0
2022-06-13,12610.0,12478.07421875,253462.0,12540.0
2022-06-14,12235.0,12229.30859375,187773.0,12290.0
2022-06-15,12160.0,12159.654296875,156627.0,12220.0
2022-06-16,12310.0,12244.2353515625,134457.0,12305.0
2022-06-17,12425.0,12353.69140625,97018.0,12415.0
2022-06-20,12350.0,12313.8896484375,72145.0,12375.0
2022-06-21,12350.0,12264.1357421875,217349.0,12325.0
2022-06-22,12300.0,12194.4814453125,98454.0,12255.0
2022-06-23,12315.0,12244.2353515625,62972.0,12305.0
2022-06-24,12235.0,12179.5556640625,68883.0,12240.0
2022-06-27,12290.0,12269.111328125,153877.0,12330.0
2022-06-28,12240.0,12214.3828125,211072.0,12275.0
2022-06-29,12200.0,12159.654296875,272401.0,12220.0
2022-06-30,12215.0,12124.8271484375,53241.0,12185.0
2022-07-01,12125.0,12000.4443359375,134421.0,12060.0
2022-07-04,12120.0,12090.0,67723.0,12150.0
2022-07-05,12150.0,12080.0498046875,44863.0,12140.0
2022-07-06,11855.0,11776.5556640625,144484.0,11835.0
2022-07-07,11660.0,11642.22265625,163250.0,11700.0
2022-07-08,11675.0,11622.3212890625,60356.0,11680.0
2022-07-11,11660.0,11597.4443359375,85828.0,11655.0
2022-07-12,11610.0,11522.8154296875,134934.0,11580.0
2022-07-13,11550.0,11487.98828125,64455.0,11545.0
2022-07-14,11590.0,11487.98828125,41505.0,11545.0
2022-07-15,11465.0,11358.6298828125,119241.0,11415.0
2022-07-18,11435.0,11408.3828125,87743.0,11465.0
2022-07-19,11420.0,11378.53125,75446.0,11435.0
2022-07-20,11440.0,11363.60546875,69892.0,11420.0
2022-07-21,11340.0,11244.1982421875,90650.0,11300.0
2022-07-22,11485.0,11448.185546875,98501.0,11505.0
2022-07-25,11530.0,11483.0126953125,101270.0,11540.0
2022-07-26,11495.0,11473.0625,29469.0,11530.0
2022-07-27,11490.0,11448.185546875,33853.0,11505.0
2022-07-28,11625.0,11587.494140625,56386.0,11645.0
2022-07-29,11740.0,11761.6298828125,80317.0,11820.0
2022-08-01,11785.0,11731.7783203125,149811.0,11790.0
2022-08-02,11850.0,11806.408203125,223550.0,11865.0
2022-08-03,11745.0,11771.580078125,75641.0,11830.0
2022-08-04,11795.0,11771.580078125,80690.0,11830.0
2022-08-05,11985.0,11910.8896484375,61447.0,11970.0
2022-08-08,11875.0,11811.3828125,54250.0,11870.0
2022-08-09,11970.0,11886.0126953125,66105.0,11945.0
2022-08-10,11995.0,11905.9140625,70570.0,11965.0
2022-08-11,11975.0,11890.98828125,60976.0,11950.0
2022-08-12,11955.0,11915.8642578125,66189.0,11975.0
2022-08-16,11890.0,11846.2099609375,119075.0,11905.0
2022-08-17,11870.0,11831.2841796875,75116.0,11890.0
2022-08-18,11800.0,11726.802734375,80129.0,11785.0
2022-08-19,11750.0,11677.0498046875,136342.0,11735.0
2022-08-22,11660.0,11592.4697265625,66580.0,11650.0
2022-08-23,11590.0,11532.765625,56246.0,11590.0
2022-08-24,11655.0,11597.4443359375,59875.0,11655.0
2022-08-25,11685.0,11691.9755859375,44214.0,11750.0
2022-08-26,11740.0,11687.0,51107.0,11745.0
2022-08-29,11570.0,11443.2099609375,134765.0,11500.0
2022-08-30,11610.0,11517.83984375,118485.0,11575.0
2022-08-31,11495.0,11438.2353515625,60714.0,11495.0
2022-09-01,11405.0,11313.8525390625,183497.0,11370.0
2022-09-02,11325.0,11293.951171875,77549.0,11350.0
2022-09-05,11385.0,11353.654296875,92506.0,11410.0
2022-09-06,11435.0,11408.3828125,85211.0,11465.0
2022-09-07,11360.0,11269.07421875,140669.0,11325.0
2022-09-08,11450.0,11423.30859375,65182.0,11480.0
2022-09-13,11515.0,11443.2099609375,225563.0,11500.0
2022-09-14,11360.0,11293.951171875,108978.0,11350.0
2022-09-15,11315.0,11199.419921875,125290.0,11255.0
2022-09-16,11080.0,11015.333984375,164808.0,11070.0
2022-09-19,11180.0,11045.185546875,123820.0,11100.0
2022-09-20,11165.0,11099.9140625,107980.0,11155.0
2022-09-21,11100.0,11119.8154296875,132524.0,11175.0
2022-09-22,11100.0,11005.3828125,142899.0,11060.0
2022-09-23,11145.0,11104.8896484375,147873.0,11160.0
2022-09-26,10945.0,10861.0986328125,283424.0,10915.0
2022-09-27,10835.0,10846.1728515625,53349.0,10900.0
2022-09-28,10840.0,10746.6669921875,190687.0,10800.0
2022-09-29,11025.0,10890.951171875,130820.0,10945.0
2022-09-30,11080.0,11045.185546875,199619.0,11100.0
2022-10-04,11330.0,11293.951171875,284973.0,11350.0
2022-10-05,11495.0,11428.2841796875,301852.0,11485.0
2022-10-06,11455.0,11413.3583984375,91571.0,11470.0
2022-10-07,11400.0,11338.728515625,141459.0,11395.0
2022-10-11,11120.0,11055.1357421875,288974.0,11110.0
2022-10-12,11075.0,11080.0126953125,186681.0,11135.0
2022-10-13,11140.0,11045.185546875,75625.0,11100.0
2022-10-14,11070.0,11065.0869140625,128367.0,11120.0
2022-10-17,10955.0,10935.728515625,136889.0,10990.0
2022-10-18,10980.0,10960.60546875,71382.0,11015.0
2022-10-19,10985.0,10876.025390625,74693.0,10930.0
2022-10-20,10825.0,10791.4443359375,61070.0,10845.0
2022-10-21,10815.0,10726.765625,82183.0,10780.0
2022-10-24,11035.0,10950.654296875,315303.0,11005.0
2022-10-25,10975.0,10925.7783203125,112852.0,10980.0
2022-10-26,10980.0,11000.4072265625,168350.0,11055.0
2022-10-27,11085.0,11010.3583984375,209586.0,11065.0
2022-10-28,11035.0,10975.53125,128302.0,11030.0
2022-10-31,10915.0,10851.1484375,114275.0,10905.0
2022-11-01,10845.0,10861.0986328125,190831.0,10915.0
2022-11-02,10930.0,10915.8271484375,132750.0,10970.0
2022-11-03,10845.0,10801.3955078125,97274.0,10855.0
2022-11-04,10820.0,10876.025390625,181082.0,10930.0
2022-11-07,11110.0,11050.1611328125,275343.0,11105.0
2022-11-08,11115.0,11035.2353515625,160302.0,11090.0
2022-11-09,11355.0,11293.951171875,215063.0,11350.0
2022-11-10,11320.0,11293.951171875,102212.0,11350.0
2022-11-11,11625.0,11617.345703125,553524.0,11675.0
2022-11-14,11690.0,11632.271484375,127298.0,11690.0
2022-11-15,11730.0,11691.9755859375,248585.0,11750.0
2022-11-16,11810.0,11716.8525390625,318102.0,11775.0
2022-11-17,11760.0,11652.1728515625,251472.0,11710.0
2022-11-18,11665.0,11642.22265625,119862.0,11700.0
2022-11-21,11625.0,11522.8154296875,107863.0,11580.0
2022-11-22,11525.0,11487.98828125,83466.0,11545.0
2022-11-23,11530.0,11453.1611328125,108452.0,11510.0
2022-11-24,11610.0,11567.5927734375,88819.0,11625.0
2022-11-25,11625.0,11582.5185546875,147140.0,11640.0
2022-11-28,11600.0,11552.6669921875,58283.0,11610.0
2022-11-29,11530.0,11557.642578125,154369.0,11615.0
2022-11-30,11575.0,11557.642578125,49428.0,11615.0
2022-12-01,11740.0,11741.728515625,136161.0,11800.0
2022-12-02,11940.0,11871.0869140625,147373.0,11930.0
2022-12-05,11905.0,11890.98828125,145008.0,11950.0
2022-12-06,11700.0,11652.1728515625,254345.0,11710.0
2022-12-07,11710.0,11662.1240234375,86328.0,11720.0
2022-12-08,11820.0,11751.6796875,189661.0,11810.0
2022-12-09,11830.0,11816.3583984375,83972.0,11875.0
2022-12-12,11865.0,11761.6298828125,148795.0,11820.0
2022-12-13,11785.0,11746.7041015625,88351.0,11805.0
2022-12-14,11965.0,11920.83984375,150889.0,11980.0
2022-12-15,11955.0,11791.4814453125,146404.0,11850.0
2022-12-16,11730.0,11716.8525390625,110232.0,11775.0
2022-12-19,11825.0,11786.5068359375,76703.0,11845.0
2022-12-20,11800.0,11776.5556640625,115203.0,11835.0
2022-12-21,12005.0,11940.7412109375,102490.0,12000.0
2022-12-22,11990.0,11950.69140625,91496.0,12010.0
2022-12-23,11845.0,11791.4814453125,92995.0,11850.0
2022-12-26,11865.0,11826.30859375,55098.0,11885.0
2022-12-27,11895.0,11866.111328125,183979.0,11925.0
2022-12-28,11960.0,11890.98828125,118180.0,11950.0
2022-12-29,11910.0,11876.0625,58049.0,11935.0
2023-01-02,12005.0,12159.654296875,80829.0,12220.0
2023-01-03,12075.0,12099.951171875,315665.0,12160.0
2023-01-04,12120.0,12139.7529296875,252278.0,12200.0
2023-01-05,12235.0,12169.60546875,168659.0,12230.0
2023-01-06,12090.0,12065.1240234375,144552.0,12125.0
2023-01-09,12325.0,12328.8154296875,171815.0,12390.0
2023-01-10,12330.0,12289.0126953125,170442.0,12350.0
2023-01-11,12380.0,12358.6669921875,147355.0,12420.0
2023-01-12,12375.0,12358.6669921875,76056.0,12420.0
2023-01-13,12505.0,12423.345703125,109355.0,12485.0
2023-01-16,12630.0,12572.60546875,136695.0,12635.0
2023-01-17,12635.0,12522.8525390625,128101.0,12585.0
2023-01-18,12580.0,12468.1240234375,238153.0,12530.0
2023-01-19,12550.0,12507.92578125,117345.0,12570.0
2023-01-20,12715.0,12637.2841796875,251579.0,12700.0
2023-01-25,12755.0,12647.2353515625,217619.0,12710.0
2023-01-26,12830.0,12761.6669921875,176667.0,12825.0
2023-01-27,12710.0,12607.4326171875,237596.0,12670.0
2023-01-30,12690.0,12637.2841796875,296705.0,12700.0
2023-01-31,12645.0,12532.802734375,163293.0,12595.0
2023-02-01,12675.0,12617.3828125,211002.0,12680.0
2023-02-02,12860.0,12776.5927734375,360085.0,12840.0
2023-02-03,12600.0,12537.7783203125,237118.0,12600.0
2023-02-06,12260.0,12289.0126953125,178103.0,12350.0
2023-02-07,12270.0,12254.185546875,122416.0,12315.0
2023-02-08,12305.0,12279.0625,65064.0,12340.0
2023-02-09,12315.0,12289.0126953125,67834.0,12350.0
2023-02-10,12215.0,12149.7041015625,168723.0,12210.0
2023-02-13,12225.0,12174.5810546875,99693.0,12235.0
2023-02-14,12170.0,12154.6796875,70631.0,12215.0
2023-02-15,12180.0,12060.1484375,156238.0,12120.0
2023-02-16,12055.0,11985.5185546875,87638.0,12045.0
2023-02-17,12025.0,11910.8896484375,124363.0,11970.0
2023-02-20,12055.0,12035.271484375,83481.0,12095.0
2023-02-21,12075.0,12005.419921875,48008.0,12065.0
2023-02-22,12040.0,11990.494140625,38468.0,12050.0
2023-02-23,11960.0,11945.716796875,60620.0,12005.0
2023-02-24,11950.0,11910.8896484375,73270.0,11970.0
2023-02-27,11875.0,11806.408203125,131503.0,11865.0
2023-02-28,11905.0,11831.2841796875,97138.0,11890.0
2023-03-02,12035.0,11955.6669921875,103522.0,12015.0
2023-03-03,12055.0,12010.3955078125,185409.0,12070.0
2023-03-06,12135.0,12090.0,140517.0,12150.0
2023-03-07,12100.0,12050.1982421875,122311.0,12110.0
2023-03-08,11875.0,11806.408203125,60786.0,11865.0
2023-03-09,11875.0,11816.3583984375,118091.0,11875.0
2023-03-10,11985.0,11935.765625,93390.0,11995.0
2023-03-13,12275.0,12229.30859375,203239.0,12290.0
2023-03-14,12515.0,12433.296875,186053.0,12495.0
2023-03-15,12440.0,12368.6171875,131026.0,12430.0
2023-03-16,12575.0,12478.07421875,218436.0,12540.0
2023-03-17,12565.0,12577.5810546875,104913.0,12640.0
2023-03-20,12925.0,12950.728515625,309962.0,13015.0
2023-03-21,12930.0,12871.1240234375,207973.0,12935.0
2023-03-22,12710.0,12637.2841796875,241919.0,12700.0
2023-03-23,12880.0,12900.9755859375,389466.0,12965.0
2023-03-24,13025.0,12935.802734375,173987.0,13000.0
2023-03-27,12920.0,12801.4697265625,261690.0,12865.0
2023-03-28,12795.0,12711.9140625,1113218.0,12775.0
2023-03-29,12880.0,12741.765625,319416.0,12805.0
2023-03-30,12815.0,12781.568359375,566117.0,12845.0
2023-03-31,12915.0,12881.07421875,153618.0,12945.0
2023-04-03,12780.0,12701.962890625,176536.0,12765.0
2023-04-04,12955.0,12861.1728515625,195362.0,12925.0
2023-04-05,13195.0,13159.69140625,192664.0,13225.0
2023-04-06,13190.0,13085.0625,413254.0,13150.0
2023-04-07,13115.0,13099.98828125,63357.0,13165.0
2023-04-10,13090.0,12950.728515625,185071.0,13015.0
2023-04-11,13005.0,12990.53125,179268.0,13055.0
2023-04-12,13080.0,13085.0625,169016.0,13150.0
2023-04-13,13155.0,13114.9140625,171153.0,13180.0
2023-04-14,13300.0,13264.1728515625,309000.0,13330.0
2023-04-17,13060.0,13060.185546875,144002.0,13125.0
2023-04-18,12995.0,12970.6298828125,138169.0,13035.0
2023-04-19,13070.0,12905.951171875,180854.0,12970.0
2023-04-20,12985.0,12950.728515625,221126.0,13015.0
2023-04-21,13060.0,12886.0498046875,348323.0,12950.0
2023-04-24,12915.0,12836.296875,301463.0,12900.0
2023-04-25,12990.0,12930.8271484375,335500.0,12995.0
2023-04-26,13020.0,12940.7783203125,351898.0,13005.0
2023-04-27,12960.0,12965.654296875,335499.0,13030.0
2023-04-28,12940.0,12871.1240234375,149719.0,12935.0
2023-05-02,12925.0,12851.22265625,136964.0,12915.0
2023-05-03,13125.0,13055.2099609375,527030.0,13120.0
2023-05-04,13350.0,13204.4697265625,514717.0,13270.0
2023-05-08,13110.0,13085.0625,252702.0,13150.0
2023-05-09,13150.0,13119.8896484375,354262.0,13185.0
2023-05-10,13235.0,13124.8642578125,312779.0,13190.0
2023-05-11,13210.0,13149.7412109375,164435.0,13215.0
2023-05-12,13100.0,12990.53125,425334.0,13055.0
2023-05-15,13050.0,13030.333984375,79740.0,13095.0
2023-05-16,13090.0,12970.6298828125,246947.0,13035.0
2023-05-17,12930.0,12846.2470703125,62355.0,12910.0
2023-05-19,12715.0,12716.8896484375,157923.0,12780.0
2023-05-22,12850.0,12751.716796875,166764.0,12815.0
2023-05-23,12790.0,12672.111328125,232356.0,12735.0
2023-05-25,12715.0,12632.30859375,172036.0,12695.0
2023-05-26,12580.0,12587.53125,204241.0,12650.0
2023-05-30,12595.0,12478.07421875,218218.0,12540.0
2023-05-31,12700.0,12662.1611328125,99763.0,12725.0
2023-06-01,12725.0,12657.185546875,145092.0,12720.0
2023-06-02,12810.0,12756.69140625,153020.0,12820.0
2023-06-05,12635.0,12527.8271484375,666611.0,12590.0
2023-06-07,12720.0,12637.2841796875,336600.0,12700.0
2023-06-08,12590.0,12522.8525390625,448091.0,12585.0
2023-06-09,12715.0,12657.185546875,306161.0,12720.0
2023-06-12,12690.0,12632.30859375,161218.0,12695.0
2023-06-13,12680.0,12632.30859375,274508.0,12695.0
2023-06-14,12580.0,12532.802734375,202255.0,12595.0
2023-06-15,12580.0,12453.1982421875,347894.0,12515.0
2023-06-16,12660.0,12622.3583984375,220298.0,12685.0
2023-06-19,12660.0,12582.5556640625,104465.0,12645.0
2023-06-20,12630.0,12562.654296875,121564.0,12625.0
2023-06-21,12530.0,12448.22265625,133509.0,12510.0
2023-06-22,12490.0,12413.3955078125,79380.0,12475.0
2023-06-23,12380.0,12318.8642578125,104254.0,12380.0
2023-06-26,12435.0,12368.6171875,226685.0,12430.0
2023-06-27,12430.0,12383.5439453125,58323.0,12445.0
2023-06-28,12375.0,12298.962890625,66296.0,12360.0
2023-06-29,12330.0,12229.30859375,91860.0,12290.0
2023-06-30,12320.0,12244.2353515625,53572.0,12305.0
2023-07-07,12335.0,12289.0126953125,152727.0,12350.0
2023-07-10,12415.0,12343.7412109375,92745.0,12405.0
2023-07-14,12645.0,12557.6796875,89677.0,12620.0
2023-07-17,12595.0,12532.802734375,107312.0,12595.0
2023-07-19,12745.0,12677.0869140625,53228.0,12740.0
2023-07-20,12745.0,12706.9384765625,67344.0,12770.0
2023-07-21,12705.0,12632.30859375,59258.0,12695.0
2023-07-24,12625.0,12572.60546875,151027.0,12635.0
2023-07-26,12655.0,12627.333984375,102228.0,12690.0
2023-07-28,12545.0,12488.025390625,92539.0,12550.0
2023-08-03,12445.0,12373.5927734375,89165.0,12435.0
2023-08-04,12445.0,12363.642578125,114047.0,12425.0
2023-08-07,12490.0,12388.5185546875,144347.0,12450.0
2023-08-08,12450.0,12363.642578125,80235.0,12425.0
2023-08-09,12380.0,12343.7412109375,154551.0,12405.0
2023-08-10,12315.0,12259.1611328125,41772.0,12320.0
2023-08-11,12285.0,12249.2099609375,65008.0,12310.0
2023-08-14,12285.0,12229.30859375,39438.0,12290.0
2023-08-16,12215.0,12174.5810546875,79753.0,12235.0
2023-08-17,12150.0,12090.0,35126.0,12150.0
2023-08-18,12135.0,12085.025390625,166384.0,12145.0
2023-08-21,12125.0,12060.1484375,56305.0,12120.0
2023-08-22,12145.0,12129.802734375,79842.0,12190.0
2023-08-23,12180.0,12149.7041015625,39742.0,12210.0
2023-08-24,12290.0,12249.2099609375,75983.0,12310.0
2023-08-25,12290.0,12219.3583984375,66535.0,12280.0
2023-08-28,12275.0,12234.2841796875,59591.0,12295.0
2023-08-29,12310.0,12269.111328125,69403.0,12330.0
2023-08-30,12405.0,12358.6669921875,133885.0,12420.0
2023-08-31,12455.0,12403.4443359375,38087.0,12465.0
2023-09-01,12420.0,12363.642578125,101524.0,12425.0
2023-09-04,12430.0,12413.3955078125,61674.0,12475.0
2023-09-05,12420.0,12333.7900390625,63835.0,12395.0
2023-09-06,12335.0,12269.111328125,50043.0,12330.0
2023-09-07,12280.0,12229.30859375,30648.0,12290.0
2023-09-08,12285.0,12274.0869140625,108199.0,12335.0
2023-09-11,12285.0,12279.0625,52001.0,12340.0
2023-09-12,12305.0,12229.30859375,26681.0,12290.0
2023-09-13,12245.0,12164.6298828125,37448.0,12225.0
2023-09-14,12220.0,12144.728515625,54482.0,12205.0
2023-09-15,12215.0,12219.3583984375,152715.0,12280.0
2023-09-18,12295.0,12279.0625,121652.0,12340.0
2023-09-19,12380.0,12284.037109375,28105.0,12345.0
2023-09-20,12350.0,12293.98828125,41691.0,12355.0
2023-09-21,12330.0,12274.0869140625,131924.0,12335.0
2023-09-22,12275.0,12244.2353515625,113122.0,12305.0
2023-09-25,12300.0,12224.333984375,38473.0,12285.0
2023-09-26,12250.0,12164.6298828125,27024.0,12225.0
2023-09-27,12155.0,12060.1484375,58504.0,12120.0
2023-10-04,12000.0,11552.6669921875,101517.0,11610.0
2023-10-05,11625.0,11577.5439453125,71284.0,11635.0
2023-10-06,11625.0,11547.69140625,58560.0,11605.0
2023-10-10,11875.0,11796.45703125,166555.0,11855.0
2023-10-11,11860.0,11811.3828125,73068.0,11870.0
2023-10-12,11950.0,11935.765625,57260.0,11995.0
2023-10-13,11935.0,11910.8896484375,23937.0,11970.0
2023-10-16,12270.0,12139.7529296875,118816.0,12200.0
2023-10-17,12235.0,12174.5810546875,43087.0,12235.0
2023-10-18,12270.0,12298.962890625,116238.0,12360.0
2023-10-19,12430.0,12348.716796875,258242.0,12410.0
2023-10-20,12600.0,12542.75390625,228915.0,12605.0
2023-10-23,12565.0,12547.728515625,91232.0,12610.0
2023-10-24,12580.0,12542.75390625,79279.0,12605.0
2023-10-25,12565.0,12527.8271484375,49365.0,12590.0
2023-10-26,12630.0,12592.5068359375,92572.0,12655.0
2023-10-27,12650.0,12612.408203125,180201.0,12675.0
2023-10-30,12765.0,12677.0869140625,279703.0,12740.0
2023-10-31,12710.0,12642.259765625,240751.0,12705.0
2023-11-01,12640.0,12547.728515625,177245.0,12610.0
2023-11-02,12635.0,12582.5556640625,127232.0,12645.0
2023-11-03,12645.0,12592.5068359375,72356.0,12655.0
2023-11-06,12650.0,12577.5810546875,166050.0,12640.0
2023-11-07,12570.0,12478.07421875,92410.0,12540.0
2023-11-08,12530.0,12458.1728515625,55636.0,12520.0
2023-11-09,12405.0,12343.7412109375,89172.0,12405.0
2023-11-10,12450.0,12388.5185546875,63693.0,12450.0
2023-11-13,12335.0,12269.111328125,62535.0,12330.0
2023-11-14,12370.0,12308.9140625,58037.0,12370.0
2023-11-15,12485.0,12468.1240234375,46325.0,12530.0
2023-11-16,12455.0,12418.37109375,102523.0,12480.0
2023-11-17,12585.0,12532.802734375,45396.0,12595.0
2023-11-20,12550.0,12522.8525390625,164951.0,12585.0
2023-11-21,12585.0,12587.53125,127346.0,12650.0
2023-11-22,12685.0,12632.30859375,42669.0,12695.0
2023-11-23,12645.0,12607.4326171875,76135.0,12670.0
2023-11-24,12660.0,12597.4814453125,91412.0,12660.0
2023-11-27,12715.0,12706.9384765625,130889.0,12770.0
2023-11-28,12790.0,12736.7900390625,118674.0,12800.0
2023-11-29,12975.0,12925.8525390625,132387.0,12990.0
2023-11-30,12980.0,12905.951171875,71589.0,12970.0
2023-12-01,12935.0,12900.9755859375,134041.0,12965.0
2023-12-04,13405.0,13154.716796875,154280.0,13220.0
2023-12-05,12910.0,12841.271484375,103560.0,12905.0
2023-12-06,12810.0,12786.5439453125,169677.0,12850.0
2023-12-07,12850.0,12786.5439453125,84672.0,12850.0
2023-12-08,12850.0,12806.4443359375,54391.0,12870.0
2023-12-11,12725.0,12607.4326171875,69196.0,12670.0
2023-12-12,12575.0,12542.75390625,87549.0,12605.0
2023-12-13,12570.0,12453.1982421875,64260.0,12515.0
2023-12-14,12870.0,12841.271484375,220482.0,12905.0
2023-12-15,12905.0,12846.2470703125,98071.0,12910.0
2023-12-18,12780.0,12751.716796875,39270.0,12815.0
2023-12-19,12830.0,12756.69140625,80486.0,12820.0
2023-12-20,12925.0,12861.1728515625,55395.0,12925.0
2023-12-21,12845.0,12806.4443359375,56821.0,12870.0
2023-12-22,12975.0,12891.025390625,83637.0,12955.0
2023-12-26,12995.0,13005.45703125,126935.0,13070.0
2023-12-27,13070.0,13010.4326171875,43708.0,13075.0
2023-12-28,13150.0,13134.8154296875,88036.0,13200.0
2024-01-02,13010.0,13050.2353515625,121895.0,13115.0
2024-01-03,13015.0,12985.5556640625,99561.0,13050.0
2024-01-04,12905.0,12861.1728515625,182570.0,12925.0
2024-01-05,12910.0,12841.271484375,53319.0,12905.0
2024-01-08,12900.0,12766.642578125,158967.0,12830.0
2024-01-09,12820.0,12771.6171875,41343.0,12835.0
2024-01-10,12840.0,12746.7412109375,95588.0,12810.0
2024-01-11,12805.0,12771.6171875,279252.0,12835.0
2024-01-12,12845.0,12786.5439453125,108121.0,12850.0
2024-01-15,12920.0,12920.876953125,74739.0,12985.0
2024-01-16,12950.0,12866.1484375,78489.0,12930.0
2024-01-17,12795.0,12657.185546875,68772.0,12720.0
2024-01-19,12745.0,12692.0126953125,114056.0,12755.0
2024-01-22,12775.0,12701.962890625,61830.0,12765.0
2024-01-23,12725.0,12721.8642578125,55008.0,12785.0
2024-01-24,12790.0,12706.9384765625,46080.0,12770.0
2024-01-25,12690.0,12632.30859375,76908.0,12695.0
2024-01-26,12715.0,12672.111328125,33505.0,12735.0
2024-01-29,12730.0,12696.98828125,29984.0,12760.0
2024-01-30,12790.0,12756.69140625,61576.0,12820.0
2024-01-31,12820.0,12751.716796875,89104.0,12815.0
2024-02-01,12840.0,12791.5185546875,170554.0,12855.0
2024-02-02,12920.0,12871.1240234375,122214.0,12935.0
2024-02-05,12845.0,12716.8896484375,67978.0,12780.0
2024-02-06,12750.0,12692.0126953125,30416.0,12755.0
2024-02-07,12795.0,12726.83984375,21451.0,12790.0
2024-02-08,12815.0,12721.8642578125,71315.0,12785.0
2024-02-13,12710.0,12647.2353515625,38915.0,12710.0
2024-02-14,12540.0,12463.1484375,97529.0,12525.0
2024-02-15,12525.0,12453.1982421875,98606.0,12515.0
2024-02-16,12575.0,12522.8525390625,58371.0,12585.0
2024-02-19,12625.0,12622.3583984375,80438.0,12685.0
2024-02-20,12675.0,12622.3583984375,41592.0,12685.0
2024-02-21,12705.0,12687.037109375,76608.0,12750.0
2024-02-22,12720.0,12682.0625,52080.0,12745.0
2024-02-23,12700.0,12617.3828125,41933.0,12680.0
2024-02-26,12745.0,12701.962890625,49673.0,12765.0
2024-02-27,12760.0,12701.962890625,61837.0,12765.0
2024-02-28,12745.0,12692.0126953125,21666.0,12755.0
2024-02-29,12750.0,12711.9140625,82261.0,12775.0
2024-03-04,13050.0,12990.53125,130573.0,13055.0
2024-03-05,13260.0,13219.3955078125,146632.0,13285.0
2024-03-06,13345.0,13274.1240234375,106913.0,13340.0
2024-03-07,13465.0,13448.259765625,214370.0,13515.0
2024-03-08,13550.0,13448.259765625,127705.0,13515.0
2024-03-11,13675.0,13587.568359375,134511.0,13655.0
2024-03-12,13680.0,13567.6669921875,93172.0,13635.0
2024-03-13,13530.0,13473.1357421875,105516.0,13540.0
2024-03-14,13600.0,13522.8896484375,106434.0,13590.0
2024-03-15,13535.0,13522.8896484375,40718.0,13590.0
2024-03-18,13520.0,13393.53125,43776.0,13460.0
2024-03-19,13545.0,13438.30859375,92336.0,13505.0
2024-03-20,13510.0,13448.259765625,42439.0,13515.0
2024-03-21,13790.0,13741.802734375,171513.0,13810.0
2024-03-22,13665.0,13552.7412109375,61143.0,13620.0
2024-03-25,13575.0,13507.962890625,70884.0,13575.0
2024-03-26,13605.0,13532.83984375,118439.0,13600.0
2024-03-27,13620.0,13557.716796875,113961.0,13625.0
2024-03-28,13690.0,13682.099609375,88181.0,13750.0
2024-03-29,13845.0,13841.30859375,83055.0,13910.0
2024-04-01,13935.0,14085.099609375,512791.0,14155.0
2024-04-02,14065.0,14040.3212890625,124397.0,14110.0
2024-04-03,14250.0,14204.5068359375,241119.0,14275.0
2024-04-04,14365.0,14284.111328125,210732.0,14355.0
2024-04-05,14300.0,14174.654296875,139157.0,14245.0
2024-04-08,14435.0,14532.876953125,218143.0,14605.0
2024-04-09,14620.0,14582.6298828125,127278.0,14655.0
2024-04-11,14590.0,14522.9267578125,425663.0,14595.0
2024-04-12,14825.0,14836.37109375,303979.0,14910.0
2024-04-15,14795.0,14667.2099609375,151185.0,14740.0
2024-04-16,14865.0,14801.5439453125,176104.0,14875.0
2024-04-17,14905.0,14781.642578125,200193.0,14855.0
2024-04-18,14805.0,14781.642578125,53785.0,14855.0
2024-04-19,14855.0,14806.5185546875,255715.0,14880.0
2024-04-22,14880.0,14687.111328125,162025.0,14760.0
2024-04-23,14550.0,14299.037109375,139942.0,14370.0
2024-04-24,14500.0,14453.2724609375,98772.0,14525.0
2024-04-25,14475.0,14398.5439453125,148894.0,14470.0
2024-04-26,14540.0,14532.876953125,141589.0,14605.0
2024-04-29,14585.0,14473.1728515625,232497.0,14545.0
2024-04-30,14550.0,14408.494140625,48975.0,14480.0
2024-05-02,14480.0,14378.642578125,152494.0,14450.0
2024-05-03,14385.0,14294.0625,48276.0,14365.0
2024-05-07,14370.0,14398.5439453125,61350.0,14470.0
2024-05-08,14445.0,14363.716796875,96451.0,14435.0
2024-05-09,14395.0,14348.7900390625,21701.0,14420.0
2024-05-10,14605.0,14632.3828125,58961.0,14705.0
2024-05-13,14705.0,14592.5810546875,66604.0,14665.0
2024-05-14,14570.0,14512.9755859375,36924.0,14585.0
2024-05-16,14870.0,14796.568359375,126756.0,14870.0
2024-05-17,14815.0,14781.642578125,61083.0,14855.0
2024-05-20,15065.0,15134.8896484375,231024.0,15210.0
2024-05-21,15115.0,14965.728515625,121065.0,15040.0
2024-05-22,15070.0,14960.75390625,108486.0,15035.0
2024-05-23,14825.0,14652.2841796875,86037.0,14725.0
2024-05-24,14490.0,14463.22265625,106215.0,14535.0
2024-05-27,14535.0,14517.951171875,57987.0,14590.0
2024-05-28,14780.0,14503.025390625,74941.0,14575.0
2024-05-29,14670.0,14572.6796875,45702.0,14645.0
2024-05-30,14525.0,14408.494140625,85354.0,14480.0
2024-05-31,14555.0,14493.07421875,58861.0,14565.0
2024-06-03,14450.0,14323.9140625,142751.0,14395.0
2024-06-04,14475.0,14527.9013671875,178596.0,14600.0
2024-06-05,14480.0,14418.4453125,76503.0,14490.0
2024-06-07,14750.0,14672.185546875,147993.0,14745.0
2024-06-10,14270.0,14159.728515625,155338.0,14230.0
2024-06-11,14315.0,14224.408203125,76903.0,14295.0
2024-06-12,14385.0,14308.98828125,70915.0,14380.0
2024-06-13,14385.0,14289.0869140625,84078.0,14360.0
2024-06-14,14265.0,14269.185546875,47841.0,14340.0
2024-06-17,14430.0,14323.9140625,63400.0,14395.0
2024-06-18,14420.0,14333.8642578125,108166.0,14405.0
2024-06-19,14485.0,14383.6171875,81123.0,14455.0
2024-06-20,14450.0,14473.1728515625,70576.0,14545.0
2024-06-21,14650.0,14577.654296875,47689.0,14650.0
2024-06-24,14390.0,14348.7900390625,94658.0,14420.0
2024-06-25,14450.0,14353.765625,80827.0,14425.0
2024-06-26,14395.0,14274.1611328125,167962.0,14345.0
2024-06-27,14235.0,14194.5556640625,31799.0,14265.0
2024-06-28,14410.0,14353.765625,59952.0,14425.0
2024-07-01,14395.0,14348.7900390625,107343.0,14420.0
2024-07-02,14455.0,14358.7412109375,90461.0,14430.0
2024-07-03,14445.0,14393.568359375,80702.0,14465.0
2024-07-04,14600.0,14512.9755859375,107245.0,14585.0
2024-07-05,14585.0,14567.7041015625,181243.0,14640.0
2024-07-08,14765.0,14677.1611328125,199480.0,14750.0
2024-07-09,14615.0,14577.654296875,113069.0,14650.0
2024-07-10,14645.0,14607.5068359375,143243.0,14680.0
2024-07-11,14685.0,14662.2353515625,182612.0,14735.0
2024-07-12,14940.0,14811.494140625,93293.0,14885.0
2024-07-15,14885.0,14801.5439453125,108113.0,14875.0
2024-07-16,14975.0,14960.75390625,198679.0,15035.0
2024-07-17,15255.0,15154.791015625,618857.0,15230.0
2024-07-18,15240.0,15209.5185546875,143673.0,15285.0
2024-07-19,15140.0,14881.1484375,315147.0,14955.0
2024-07-22,14910.0,14781.642578125,80134.0,14855.0
2024-07-23,14825.0,14697.0625,98501.0,14770.0
2024-07-24,14875.0,14861.2470703125,98611.0,14935.0
2024-07-25,14810.0,14592.5810546875,170044.0,14665.0
2024-07-26,14590.0,14547.802734375,111805.0,14620.0
2024-07-29,14800.0,14707.0126953125,125472.0,14780.0
2024-07-30,14760.0,14682.1357421875,78850.0,14755.0
2024-07-31,14865.0,14891.099609375,134464.0,14965.0
2024-08-01,15090.0,15020.45703125,193862.0,15095.0
2024-08-02,15105.0,15144.83984375,146570.0,15220.0
2024-08-05,15060.0,14891.099609375,367731.0,14965.0
2024-08-06,14825.0,14766.716796875,151022.0,14840.0
2024-08-07,14700.0,14697.0625,69151.0,14770.0
2024-08-08,14685.0,14697.0625,35928.0,14770.0
2024-08-09,14920.0,14831.3955078125,231231.0,14905.0
2024-08-12,14955.0,14925.9267578125,112239.0,15000.0
2024-08-13,15245.0,15100.0625,180940.0,15175.0
2024-08-14,15175.0,15114.98828125,158647.0,15190.0
2024-08-16,15135.0,15055.2841796875,102087.0,15130.0
2024-08-19,15245.0,15343.8525390625,115563.0,15420.0
2024-08-20,15415.0,15343.8525390625,215411.0,15420.0
2024-08-21,15460.0,15433.408203125,140480.0,15510.0
2024-08-22,15470.0,15363.75390625,124628.0,15440.0
2024-08-23,15300.0,15269.22265625,102367.0,15345.0
2024-08-26,15470.0,15383.654296875,111764.0,15460.0
2024-08-28,15520.0,15353.802734375,202076.0,15430.0
2024-08-29,15420.0,15423.45703125,92906.0,15500.0
2024-08-30,15485.0,15413.5068359375,46559.0,15490.0
2024-09-02,15485.0,15294.099609375,104095.0,15370.0
2024-09-03,15370.0,15279.1728515625,53307.0,15355.0
2024-09-04,15330.0,15229.419921875,48176.0,15305.0
2024-09-05,15335.0,15318.9755859375,68380.0,15395.0
2024-09-06,15445.0,15403.5556640625,50423.0,15480.0
2024-09-09,15335.0,15194.5927734375,55432.0,15270.0
2024-09-10,15380.0,15304.0498046875,93426.0,15380.0
2024-09-11,15455.0,15433.408203125,72037.0,15510.0
2024-09-12,15425.0,15398.5810546875,53230.0,15475.0
2024-09-13,15695.0,15672.22265625,141526.0,15750.0
2024-09-19,15695.0,15717.0,99729.0,15795.0
2024-09-20,15835.0,15856.30859375,83353.0,15935.0
2024-09-23,16040.0,16025.4697265625,132560.0,16105.0
2024-09-24,16085.0,16040.3955078125,101727.0,16120.0
2024-09-25,16280.0,16204.5810546875,171235.0,16285.0
2024-09-26,16290.0,16229.45703125,108055.0,16310.0
2024-09-27,16350.0,16259.30859375,79475.0,16340.0
2024-09-30,16325.0,16209.5556640625,93131.0,16290.0
2024-10-02,16295.0,16144.876953125,92661.0,16225.0
2024-10-04,16245.0,16234.4326171875,209796.0,16315.0
2024-10-07,16230.0,16085.1728515625,111992.0,16165.0
2024-10-08,16170.0,16090.1484375,125687.0,16170.0
2024-10-10,15965.0,15935.9140625,126561.0,16015.0
2024-10-11,16105.0,16095.1240234375,105986.0,16175.0
2024-10-14,16190.0,16219.5068359375,125969.0,16300.0
2024-10-15,16210.0,16105.07421875,106782.0,16185.0
2024-10-16,16265.0,16289.1611328125,108402.0,16370.0
2024-10-17,16360.0,16333.9384765625,119097.0,16415.0
2024-10-18,16465.0,16458.322265625,115515.0,16540.0
2024-10-21,16645.0,16602.60546875,130818.0,16685.0
2024-10-22,16645.0,16647.3828125,103069.0,16730.0
2024-10-23,16795.0,16741.9140625,119598.0,16825.0
2024-10-24,16630.0,16627.482421875,96756.0,16710.0
2024-10-25,16705.0,16592.654296875,60266.0,16675.0
2024-10-28,16705.0,16677.234375,103037.0,16760.0
2024-10-29,16760.0,16741.9140625,88769.0,16825.0
2024-10-31,17025.0,16935.951171875,88460.0,17020.0
2024-11-01,16770.0,16717.037109375,155673.0,16800.0
2024-11-04,16730.0,16647.3828125,110013.0,16730.0
2024-11-06,16730.0,16597.630859375,119931.0,16680.0
2024-11-07,16255.0,16129.951171875,213890.0,16210.0
2024-11-08,16500.0,16319.0126953125,111451.0,16400.0
2024-11-11,16395.0,16229.45703125,145264.0,16310.0
2024-11-12,16005.0,15836.408203125,140925.0,15915.0
2024-11-13,15845.0,15816.5068359375,170142.0,15895.0
2024-11-14,15685.0,15498.0869140625,165318.0,15575.0
2024-11-15,15635.0,15517.98828125,86806.0,15595.0
2024-11-18,15670.0,15697.099609375,156798.0,15775.0
2024-11-19,15915.0,15911.037109375,130091.0,15990.0
2024-11-20,16045.0,15960.791015625,131095.0,16040.0
2024-11-21,16165.0,16134.9267578125,104158.0,16215.0
2024-11-22,16250.0,16284.185546875,94406.0,16365.0
2024-11-25,16560.0,16169.75390625,248893.0,16250.0
2024-11-26,15895.0,15896.111328125,91370.0,15975.0
2024-11-27,16035.0,16035.419921875,89025.0,16115.0
2024-11-28,16055.0,15975.716796875,132252.0,16055.0
2024-11-29,16075.0,16149.8525390625,138072.0,16230.0
2024-12-02,16120.0,15906.0625,164999.0,15985.0
2024-12-03,16075.0,16055.3212890625,64557.0,16135.0
2024-12-04,16100.0,16055.3212890625,62996.0,16135.0
2024-12-05,16140.0,16065.2724609375,51846.0,16145.0
2024-12-06,16050.0,16000.5927734375,151508.0,16080.0
2024-12-09,16070.0,16000.5927734375,134398.0,16080.0
2024-12-10,16190.0,16174.728515625,171076.0,16255.0
2024-12-11,16435.0,16413.54296875,248723.0,16495.0
2024-12-12,16635.0,16523.0,183388.0,16605.0
2024-12-13,16340.0,16264.2841796875,60488.0,16345.0
2024-12-16,16125.0,16075.22265625,55224.0,16155.0
2024-12-17,16125.0,16025.4697265625,51858.0,16105.0
2024-12-18,16090.0,16010.5439453125,60797.0,16090.0
2024-12-19,15735.0,15766.75390625,86651.0,15845.0
2024-12-20,15745.0,15717.0,72952.0,15795.0
2024-12-23,15950.0,15891.1357421875,64412.0,15970.0
2024-12-24,15895.0,15826.45703125,57557.0,15905.0
2024-12-26,15915.0,15886.1611328125,65093.0,15965.0
2024-12-27,16015.0,15935.9140625,59999.0,16015.0
2024-12-30,15970.0,15836.408203125,72284.0,15915.0
2025-01-02,15945.0,15920.98828125,99330.0,16000.0
2025-01-03,16135.0,16080.1982421875,118657.0,16160.0
2025-01-06,16050.0,15906.0625,149235.0,15985.0
2025-01-07,15990.0,15995.6181640625,107949.0,16075.0
2025-01-08,16100.0,16050.345703125,89695.0,16130.0
2025-01-09,16195.0,16115.025390625,69279.0,16195.0
2025-01-10,16285.0,16264.2841796875,77467.0,16345.0
2025-01-13,16440.0,16343.8896484375,100415.0,16425.0
2025-01-14,16265.0,16159.802734375,90243.0,16240.0
2025-01-15,16280.0,16229.45703125,107289.0,16310.0
2025-01-16,16465.0,16388.66796875,115256.0,16470.0
2025-01-17,16520.0,16493.1484375,58902.0,16575.0
2025-01-20,16550.0,16557.828125,81866.0,16640.0
2025-01-21,16510.0,16547.876953125,78778.0,16630.0
2025-01-22,16655.0,16627.482421875,148054.0,16710.0
2025-01-23,16710.0,16627.482421875,72047.0,16710.0
2025-01-24,16710.0,16756.83984375,83006.0,16840.0
2025-01-31,17105.0,16985.705078125,184517.0,17070.0
2025-02-03,16990.0,16806.59375,263906.0,16890.0
2025-02-04,17075.0,16965.802734375,110181.0,17050.0
2025-02-05,17215.0,17234.46875,188888.0,17320.0
2025-02-06,17300.0,17234.46875,145502.0,17320.0
2025-02-07,17285.0,17219.54296875,106113.0,17305.0
2025-02-10,17345.0,17378.75390625,187424.0,17465.0
2025-02-11,17655.0,17592.69140625,601551.0,17680.0
2025-02-12,17555.0,17408.60546875,392007.0,17495.0
2025-02-13,17565.0,17557.865234375,239712.0,17645.0
2025-02-14,17735.0,17702.1484375,392188.0,17790.0
2025-02-17,17360.0,17338.951171875,264377.0,17425.0
2025-02-18,17460.0,17478.259765625,191458.0,17565.0
2025-02-19,17700.0,17622.54296875,308180.0,17710.0
2025-02-20,17705.0,17672.296875,226083.0,17760.0
2025-02-21,17760.0,17582.7421875,393126.0,17670.0
2025-02-24,17685.0,17642.4453125,334541.0,17730.0
2025-02-25,17785.0,17622.54296875,151018.0,17710.0
2025-02-26,17585.0,17463.333984375,160803.0,17550.0
2025-02-27,17595.0,17368.802734375,174628.0,17455.0
2025-02-28,17315.0,17194.66796875,294870.0,17280.0
2025-03-04,17390.0,17314.07421875,301039.0,17400.0
2025-03-05,17540.0,17493.185546875,242279.0,17580.0
2025-03-06,17560.0,17503.13671875,117695.0,17590.0
2025-03-07,17500.0,17423.53125,441572.0,17510.0
2025-03-10,17535.0,17423.53125,187294.0,17510.0
2025-03-11,17335.0,17324.025390625,225575.0,17410.0
2025-03-12,17530.0,17453.3828125,139473.0,17540.0
2025-03-13,17670.0,17612.59375,149857.0,17700.0
2025-03-14,17980.0,17891.2109375,494466.0,17980.0
2025-03-17,17980.0,17896.185546875,131216.0,17985.0
2025-03-18,18045.0,18025.54296875,176650.0,18115.0
2025-03-19,18220.0,18194.705078125,151910.0,18285.0
2025-03-20,18355.0,18254.408203125,207985.0,18345.0
2025-03-21,18325.0,18139.9765625,170936.0,18230.0
2025-03-24,18190.0,18085.248046875,181866.0,18175.0
2025-03-25,18095.0,18060.37109375,257963.0,18150.0
2025-03-26,18165.0,18080.271484375,98641.0,18170.0
2025-03-27,18165.0,18144.951171875,134081.0,18235.0
2025-03-28,18425.0,18478.296875,231344.0,18570.0
2025-03-31,18585.0,18657.408203125,416218.0,18750.0
2025-04-01,18765.0,18727.0625,474815.0,18820.0
2025-04-02,18730.0,18632.53125,316336.0,18725.0
2025-04-03,18965.0,18607.654296875,423977.0,18700.0
2025-04-04,18640.0,18478.296875,229222.0,18570.0
2025-04-07,17975.0,17985.7421875,765432.0,18075.0
2025-04-08,17855.0,17950.9140625,184708.0,18040.0
2025-04-09,17805.0,18045.4453125,205477.0,18135.0
2025-04-10,18455.0,18597.705078125,342571.0,18690.0
2025-04-11,19100.0,19080.30859375,602626.0,19175.0
2025-04-14,19270.0,19249.46875,236417.0,19345.0
2025-04-15,19205.0,19189.765625,168837.0,19285.0
2025-04-16,19445.0,19582.814453125,273497.0,19680.0
2025-04-17,19990.0,19806.705078125,436384.0,19905.0
2025-04-18,19810.0,19851.482421875,253239.0,19950.0
2025-04-21,20010.0,20135.07421875,355450.0,20235.0
2025-04-22,20515.0,20707.234375,486922.0,20810.0
2025-04-23,19880.0,19727.099609375,654121.0,19825.0
2025-04-24,19780.0,19702.22265625,433971.0,19800.0
2025-04-25,19960.0,19562.9140625,445879.0,19660.0
2025-04-28,19685.0,19533.0625,243737.0,19630.0
2025-04-29,19905.0,19732.07421875,206952.0,19830.0
2025-04-30,19800.0,19627.59375,169409.0,19725.0
2025-05-02,19325.0,19348.9765625,434711.0,19445.0
2025-05-07,20275.0,20140.05078125,355129.0,20240.0
2025-05-08,20130.0,19811.6796875,382226.0,19910.0
2025-05-09,19735.0,19682.322265625,292848.0,19780.0
2025-05-12,19580.0,19423.60546875,417933.0,19520.0
2025-05-13,19285.0,19294.248046875,204989.0,19390.0
2025-05-14,19375.0,19125.087890625,290226.0,19220.0
2025-05-15,18965.0,18602.6796875,379710.0,18695.0
2025-05-16,19250.0,19080.30859375,268106.0,19175.0
2025-05-19,19245.0,19120.111328125,283101.0,19215.0
2025-05-20,19160.0,19045.482421875,220568.0,19140.0
2025-05-21,19565.0,19637.54296875,208347.0,19735.0
2025-05-22,19750.0,19732.07421875,212561.0,19830.0
2025-05-23,19615.0,19687.296875,134845.0,19785.0
2025-05-26,19860.0,19761.92578125,143949.0,19860.0
2025-05-27,19865.0,19632.568359375,132518.0,19730.0
2025-05-28,19660.0,19533.0625,780528.0,19630.0
2025-05-29,19340.0,19344.0,272068.0,19440.0
2025-05-30,19670.0,19433.556640625,196824.0,19530.0
2025-06-02,19645.0,19732.07421875,142573.0,19830.0
2025-06-04,19945.0,19821.630859375,146850.0,19920.0
2025-06-05,20040.0,19886.30859375,193051.0,19985.0
2025-06-09,19700.0,19592.765625,152532.0,19690.0
2025-06-10,19720.0,19622.6171875,256851.0,19720.0
2025-06-11,19730.0,19687.296875,177999.0,19785.0
2025-06-12,19965.0,19911.185546875,251395.0,20010.0
2025-06-13,20150.0,20244.53125,551502.0,20345.0
2025-06-16,20420.0,20159.951171875,358358.0,20260.0
2025-06-17,20175.0,20000.7421875,233670.0,20100.0
2025-06-18,20065.0,19975.865234375,140681.0,20075.0
2025-06-19,20000.0,19751.9765625,182746.0,19850.0
2025-06-20,19940.0,19712.173828125,177685.0,19810.0
2025-06-23,19995.0,19791.77734375,237641.0,19890.0
2025-06-24,19825.0,19602.716796875,298121.0,19700.0
2025-06-25,19680.0,19632.568359375,141582.0,19730.0
2025-06-26,19770.0,19667.396484375,94282.0,19765.0
2025-06-27,19655.0,19428.580078125,229238.0,19525.0
2025-06-30,19335.0,19388.77734375,135581.0,19485.0
2025-07-01,19610.0,19617.642578125,167296.0,19715.0
2025-07-02,19755.0,19662.419921875,183431.0,19760.0
2025-07-03,19820.0,19801.728515625,121728.0,19900.0
2025-07-04,19730.0,19702.22265625,140615.0,19800.0
2025-07-07,19715.0,19513.16015625,123775.0,19610.0
2025-07-08,19730.0,19637.54296875,110457.0,19735.0
2025-07-09,19555.0,19363.90234375,153934.0,19460.0
2025-07-10,19615.0,19577.83984375,227204.0,19675.0
2025-07-11,19675.0,19712.173828125,140976.0,19810.0
2025-07-14,19965.0,19826.60546875,145222.0,19925.0
2025-07-15,19810.0,19801.728515625,100232.0,19900.0
2025-07-16,19715.0,19672.37109375,93429.0,19770.0
2025-07-17,19790.0,19607.69140625,146873.0,19705.0
2025-07-18,19745.0,19657.4453125,71861.0,19755.0
2025-07-21,19810.0,19856.45703125,123972.0,19955.0
2025-07-22,20130.0,19975.865234375,158647.0,20075.0
2025-07-23,20310.0,20199.75390625,225508.0,20300.0
2025-07-24,20075.0,19856.45703125,111779.0,19955.0
2025-07-25,19915.0,19747.0,94097.0,19845.0
2025-07-28,19700.0,19637.54296875,174362.0,19735.0
2025-07-29,19565.0,19518.13671875,137232.0,19615.0
2025-07-30,19645.0,19533.0625,96798.0,19630.0
2025-07-31,19385.0,19383.802734375,154732.0,19480.0
2025-08-01,19390.0,19319.123046875,195339.0,19415.0
2025-08-04,19825.0,19697.248046875,177856.0,19795.0
2025-08-05,19930.0,19796.75390625,135084.0,19895.0
2025-08-06,19965.0,19861.43359375,165235.0,19960.0
2025-08-07,19960.0,19955.962890625,109923.0,20055.0
2025-08-08,20300.0,20209.705078125,322070.0,20310.0
2025-08-11,20085.0,19821.630859375,195736.0,19920.0
2025-08-12,19745.0,19622.6171875,190673.0,19720.0
2025-08-13,19755.0,19697.248046875,97075.0,19795.0
2025-08-14,19835.0,19717.1484375,120259.0,19815.0
2025-08-18,19600.0,19647.494140625,155776.0,19745.0
2025-08-19,19630.0,19562.9140625,83521.0,19660.0
2025-08-20,19525.0,19478.333984375,130912.0,19575.0
2025-08-21,19690.0,19543.013671875,76448.0,19640.0
2025-08-22,19655.0,19503.2109375,72148.0,19600.0
2025-08-25,19845.0,19751.9765625,107946.0,19850.0
2025-08-26,19755.0,19791.77734375,117413.0,19890.0
2025-08-27,19990.0,19846.505859375,82474.0,19945.0
2025-08-28,20060.0,19960.939453125,142434.0,20060.0
2025-08-29,20195.0,20080.345703125,167428.0,20180.0
2025-09-01,20390.0,20557.9765625,484172.0,20660.0
2025-09-02,20660.0,20582.8515625,241271.0,20685.0
2025-09-03,20895.0,20831.6171875,218880.0,20935.0
2025-09-04,21025.0,20796.791015625,216775.0,20900.0
2025-09-05,21000.0,20886.345703125,186147.0,20990.0
2025-09-08,21115.0,21050.53125,256964.0,21155.0
2025-09-09,21365.0,21299.296875,425346.0,21405.0
2025-09-10,21365.0,21329.1484375,252939.0,21435.0
2025-09-11,21420.0,21259.494140625,242606.0,21365.0
2025-09-12,21355.0,21368.951171875,137884.0,21475.0
2025-09-15,21380.0,21314.22265625,250496.0,21420.0
2025-09-16,21615.0,21558.013671875,420626.0,21665.0
2025-09-17,21710.0,21508.259765625,226015.0,21615.0
2025-09-18,21550.0,21274.419921875,210069.0,21380.0
2025-09-19,21365.0,21329.1484375,200065.0,21435.0
2025-09-22,21645.0,21662.494140625,253444.0,21770.0
2025-09-23,22015.0,21951.0625,325707.0,22060.0
2025-09-24,22080.0,22045.59375,237674.0,22155.0
2025-09-25,21965.0,21871.45703125,308780.0,21980.0
2025-09-26,21975.0,21901.30859375,324811.0,22010.0
2025-09-29,22085.0,22254.556640625,410317.0,22365.0
2025-09-30,22450.0,22568.0,404366.0,22680.0
2025-10-01,22645.0,22528.197265625,539999.0,22640.0
2025-10-02,22625.0,22592.876953125,654445.0,22705.0
2025-10-10,23290.0,23090.408203125,613813.0,23205.0
2025-10-13,23590.0,23697.396484375,727182.0,23815.0
2025-10-14,24170.0,23946.162109375,1074127.0,24065.0
2025-10-15,24330.0,24398.9140625,682224.0,24520.0
2025-10-16,24610.0,24583.0,792202.0,24705.0
2025-10-17,25530.0,25384.025390625,1328347.0,25510.0
2025-10-20,24765.0,24592.951171875,1210821.0,24715.0
2025-10-21,25485.0,25170.087890625,514889.0,25295.0
2025-10-22,23930.0,24125.271484375,1645478.0,24245.0
2025-10-23,23910.0,23995.9140625,1701270.0,24115.0
2025-10-24,24100.0,23806.8515625,1712252.0,23925.0
2025-10-27,23780.0,23742.173828125,1171603.0,23860.0
2025-10-28,23360.0,22980.951171875,954244.0,23095.0
2025-10-29,23170.0,23085.43359375,583850.0,23200.0
2025-10-30,23085.0,23065.53125,856232.0,23180.0
2025-10-31,23550.0,23309.322265625,498409.0,23425.0
2025-11-03,23250.0,23359.07421875,359076.0,23475.0
2025-11-04,23365.0,23115.28515625,281576.0,23230.0
2025-11-05,22965.0,23055.580078125,506947.0,23170.0
2025-11-06,23180.0,23165.037109375,152446.0,23280.0
2025-11-07,23280.0,23209.81640625,147892.0,23325.0
2025-11-10,23410.0,23662.568359375,219485.0,23780.0
2025-11-11,24025.0,24030.7421875,264779.0,24150.0
2025-11-12,24175.0,23901.3828125,225281.0,24020.0
2025-11-13,24535.0,24483.494140625,357884.0,24605.0
2025-11-14,24400.0,24249.654296875,313190.0,24370.0
2025-11-17,23885.0,23563.0625,277379.0,23680.0
2025-11-18,23535.0,23289.419921875,937112.0,23405.0
2025-11-19,23730.0,23737.197265625,153225.0,23855.0
2025-11-20,23935.0,23573.013671875,211345.0,23690.0
2025-11-21,23780.0,23388.92578125,163425.0,23505.0
2025-11-24,23750.0,23518.28515625,91223.0,23635.0
2025-11-25,24130.0,24025.765625,214074.0,24145.0
2025-11-26,24120.0,24140.197265625,135846.0,24260.0
2025-11-27,24270.0,24100.396484375,168739.0,24220.0
2025-11-28,24265.0,24319.30859375,100353.0,24440.0
2025-12-01,24620.0,24553.1484375,266700.0,24675.0
2025-12-02,24630.0,24388.962890625,236926.0,24510.0
2025-12-03,24515.0,24388.962890625,133792.0,24510.0
2025-12-04,24510.0,24254.630859375,155452.0,24375.0
2025-12-05,24485.0,24508.37109375,180760.0,24630.0
2025-12-08,24465.0,24453.642578125,95182.0,24575.0
2025-12-09,24430.0,24209.8515625,106164.0,24330.0
2025-12-10,24510.0,24383.98828125,130866.0,24505.0
2025-12-11,24650.0,24403.888671875,140948.0,24525.0
2025-12-12,24905.0,24816.83984375,156237.0,24940.0
2025-12-15,25085.0,25199.939453125,327079.0,25325.0
2025-12-16,25080.0,24856.642578125,206048.0,24980.0
2025-12-17,25105.0,25135.259765625,162245.0,25260.0
2025-12-18,25280.0,25125.30859375,140853.0,25250.0
2025-12-19,25255.0,25080.53125,164818.0,25205.0
2025-12-22,25375.0,25533.28515625,245572.0,25660.0
2025-12-23,25975.0,25976.087890625,307704.0,26105.0
2025-12-24,26240.0,25986.037109375,303186.0,26115.0
2025-12-26,26180.0,26195.0,276914.0,26325.0
2025-12-29,26215.0,25955.0,265236.0,25955.0
2025-12-30,25095.0,25235.0,340121.0,25235.0
2026-01-02,25130.0,25310.0,316035.0,25310.0
2026-01-05,25230.0,25525.0,318307.0,25525.0
2026-01-06,25625.0,25760.0,191602.0,25760.0
2026-01-07,25935.0,25705.0,216724.0,25705.0
2026-01-08,25745.0,25550.0,186951.0,25550.0
2026-01-09,25820.0,25805.0,209844.0,25805.0
2026-01-12,26200.0,26405.0,431199.0,26405.0
2026-01-13,26525.0,26495.0,221228.0,26495.0
2026-01-14,26520.0,26740.0,257827.0,26740.0
2026-01-15,26635.0,26575.0,241980.0,26575.0
2026-01-16,26575.0,26555.0,183607.0,26555.0
2026-01-19,26960.0,26945.0,178578.0,26945.0
2026-01-20,26935.0,27195.0,270476.0,27195.0
2026-01-21,27545.0,28160.0,489528.0,28160.0
2026-01-22,27575.0,27825.0,429316.0,27825.0
2026-01-23,28570.0,28555.0,395583.0,28555.0
2026-01-26,29035.0,29275.0,719190.0,29275.0
2026-01-27,29015.0,29275.0,532352.0,29275.0
2026-01-28,29750.0,30240.0,544349.0,30240.0
2026-01-29,31660.0,32125.0,1138083.0,32125.0
2026-01-30,31290.0,29680.0,1707381.0,29680.0
2026-02-02,27145.0,25845.0,2578195.0,25845.0
2026-02-03,27300.0,27880.0,1053011.0,27880.0
2026-02-04,28310.0,28965.0,494294.0,28965.0
2026-02-05,28685.0,28180.0,1265623.0,28180.0
2026-02-06,26900.0,27760.0,543903.0,27760.0
2026-02-09,28775.0,28740.0,335438.0,28740.0
2026-02-10,28765.0,28795.0,167122.0,28795.0
2026-02-11,28820.0,28940.0,223753.0,28940.0
2026-02-12,28945.0,28925.0,186967.0,28925.0
2026-02-13,28090.0,28330.0,285370.0,28330.0
2026-02-19,28420.0,28590.0,179187.0,28590.0
2026-02-20,28545.0,28730.0,169402.0,28730.0
2026-02-23,29550.0,29495.0,399391.0,29495.0
2026-02-24,29895.0,29585.0,537309.0,29585.0
2026-02-25,29440.0,29695.0,253313.0,29695.0
2026-02-26,29515.0,29695.0,247355.0,29695.0
2026-02-27,29615.0,29690.0,217091.0,29690.0
2026-03-03,30505.0,30365.0,859220.0,30365.0
2026-03-04,29280.0,29345.0,527946.0,29345.0
2026-03-05,29455.0,29350.0,262545.0,29350.0
2026-03-06,28985.0,29225.0,254016.0,29225.0
2026-03-09,28975.0,29260.0,351726.0,29260.0
2026-03-10,29320.0,29575.0,368794.0,29575.0
2026-03-11,29655.0,29740.0,148797.0,29740.0
2026-03-12,29295.0,29410.0,140006.0,29410.0
2026-03-13,29070.0,29045.0,135889.0,29045.0
2026-03-16,28485.0,28635.0,196036.0,28635.0
2026-03-17,28570.0,28550.0,236961.0,28550.0
2026-03-18,28520.0,28565.0,138826.0,28565.0
2026-03-19,27560.0,27420.0,351275.0,27420.0
2026-03-20,26445.0,26710.0,442096.0,26710.0
2026-03-23,25445.0,24200.0,905427.0,24200.0
2026-03-24,25265.0,25000.0,445645.0,25000.0
2026-03-25,25925.0,25915.0,292543.0,25915.0
2026-03-26,25610.0,25255.0,245936.0,25255.0
2026-03-27,25065.0,25390.0,253267.0,25390.0
2026-03-30,25240.0,25760.0,550781.0,25760.0
2026-03-31,25645.0,25930.0,191556.0,25930.0
2026-04-01,26690.0,26755.0,324888.0,26755.0
2026-04-02,27160.0,26095.0,475489.0,26095.0
2026-04-03,26250.0,26585.0,85443.0,26585.0
2026-04-06,26220.0,26485.0,417951.0,26485.0
2026-04-07,26480.0,26390.0,281715.0,26390.0
2026-04-08,27460.0,27495.0,315290.0,27495.0
2026-04-09,26810.0,26815.0,169171.0,26815.0
2026-04-10,27030.0,27025.0,277971.0,27025.0
2026-04-13,26515.0,26870.0,178386.0,26870.0
2026-04-14,27020.0,27075.0,152217.0,27075.0
2026-04-15,27465.0,27365.0,178351.0,27365.0
2026-04-16,27405.0,27355.0,262113.0,27355.0
2026-04-17,27200.0,27170.0,108779.0,27170.0
2026-04-20,26970.0,27175.0,141982.0,27175.0
2026-04-21,27385.0,27140.0,97871.0,27140.0
2026-04-22,26915.0,27090.0,123716.0,27090.0
2026-04-23,26835.0,26715.0,179259.0,26715.0
2026-04-24,26655.0,26525.0,211050.0,26525.0
2026-04-27,26545.0,26755.0,147534.0,26755.0
2026-04-28,26640.0,26295.0,187367.0,26295.0
2026-04-29,26080.0,25990.0,147963.0,25990.0
2026-04-30,25925.0,25935.0,124222.0,25935.0
2026-05-04,26160.0,26065.0,294746.0,26065.0
2026-05-06,26035.0,26435.0,179443.0,26435.0
2026-05-07,26635.0,26730.0,147559.0,26730.0
2026-05-08,26720.0,26820.0,151605.0,26820.0
2026-05-11,26590.0,26465.0,206129.0,26465.0
2026-05-12,27005.0,26635.0,194669.0,26635.0
2026-05-13,26750.0,26700.0,195263.0,26700.0
2026-05-14,26630.0,26590.0,130461.0,26590.0
2026-05-15,26340.0,25920.0,340313.0,25920.0
2026-05-18,25710.0,25705.0,214545.0,25705.0
2026-05-19,25925.0,25750.0,106719.0,25750.0
2026-05-20,25420.0,25320.0,174896.0,25320.0
2026-05-21,25700.0,25660.0,119006.0,25660.0
2026-05-22,25660.0,25600.0,119084.0,25600.0
2026-05-26,25755.0,25640.0,154673.0,25640.0
2026-05-27,25540.0,25390.0,182627.0,25390.0
2026-05-28,25170.0,24790.0,422744.0,24790.0
2026-05-29,25395.0,25535.0,134020.0,25535.0
2026-06-01,25655.0,25530.0,134574.0,25530.0
2026-06-02,25380.0,25650.0,112061.0,25650.0
2026-06-04,25175.0,25245.0,195737.0,25245.0
2026-06-05,25190.0,25080.0,99487.0,25080.0
2026-06-08,24555.0,24350.0,124601.0,24350.0
2026-06-09,24380.0,24525.0,117888.0,24525.0
2026-06-10,23835.0,23795.0,193114.0,23795.0
2026-06-11,22910.0,23095.0,238392.0,23095.0
2026-06-12,23830.0,23620.0,216699.0,23620.0
2026-06-15,24225.0,24315.0,80801.0,24315.0
2026-06-16,24345.0,24375.0,77253.0,24375.0
2026-06-17,24425.0,24410.0,43288.0,24410.0
2026-06-18,24150.0,24290.0,95447.0,24290.0
2026-06-19,23620.0,23400.0,129393.0,23400.0
2026-06-22,23340.0,23685.0,123082.0,23685.0
2026-06-23,23635.0,23230.0,112782.0,23230.0
2026-06-24,23105.0,23035.0,82714.0,23035.0
2026-06-25,22605.0,22460.0,164707.0,22460.0
2026-06-26,22610.0,22665.0,153918.0,22665.0
2026-06-29,22840.0,22870.0,67557.0,22870.0
2026-06-30,22630.0,22590.0,85105.0,22590.0
2026-07-01,22550.0,22330.0,117428.0,22330.0
2026-07-02,22710.0,22945.0,174863.0,22945.0
2026-07-03,23265.0,23475.0,165468.0,23475.0
2026-07-06,23575.0,23420.0,134864.0,23420.0
2026-07-07,23420.0,23225.0,130956.0,23225.0
2026-07-08,23105.0,23240.0,153742.0,23240.0
2026-07-09,22935.0,23090.0,106613.0,23090.0
2026-07-10,23200.0,23175.0,163908.0,23175.0
2026-07-13,22960.0,22830.0,63385.0,22830.0
2026-07-14,22530.0,22655.0,79977.0,22655.0
2026-07-15,22825.0,22670.0,80236.0,22670.0
2026-07-16,22815.0,22680.0,41945.0,22680.0
2026-07-20,22460.0,22545.0,146336.0,22545.0
2026-07-21,22545.0,22900.0,133281.0,22900.0
2026-07-22,22935.0,23165.0,149780.0,23165.0
2026-07-23,23260.0,23170.0,51698.0,23170.0
2026-07-24,22770.0,22705.0,100097.0,22705.0
2026-07-27,23055.0,23060.0,57287.0,23060.0
2026-07-28,22895.0,22745.0,46695.0,22745.0
2026-07-29,22600.0,22725.0,151782.0,22725.0
2026-07-30,22965.0,22695.0,67834.0,22695.0
2026-07-31,23115.0,22960.0,58701.0,22960.0
2026-08-03,22920.0,22885.0,50590.0,22885.0
2026-08-04,22780.0,22830.0,83434.0,22830.0
2026-08-05,22885.0,23455.0,44504.0,23455.0
2026-08-06,24020.0,23955.0,179363.0,23955.0
2026-08-07,23915.0,24080.0,35810.0,24080.0
2026-08-10,24350.0,24460.0,104433.0,24460.0
2026-08-11,24740.0,24550.0,91883.0,24550.0
2026-08-12,24555.0,24680.0,66160.0,24680.0
2026-08-13,24820.0,24600.0,159820.0,24600.0
2026-08-14,24480.0,24335.0,82360.0,24335.0
2026-08-18,24855.0,24700.0,88316.0,24700.0
2026-08-19,24320.0,24400.0,105730.0,24400.0
2026-08-20,25335.0,25260.0,115714.0,25260.0
2026-08-21,25415.0,25595.0,239319.0,25595.0
2026-08-24,25975.0,26060.0,516118.0,26060.0
2026-08-25,26270.0,26095.0,609962.0,26095.0
2026-08-26,26130.0,25980.0,174897.0,25980.0
