Date,Open,Close,AdjClose
1996-12-11,705.989990234375,704.6799926757812,704.6799926757812
1996-12-12,705.1099853515625,689.3800048828125,689.3800048828125
1996-12-13,690.4400024414062,689.0700073242188,689.0700073242188
1996-12-16,686.969970703125,673.9199829101562,673.9199829101562
1996-12-17,675.3499755859375,663.3499755859375,663.3499755859375
1996-12-18,662.0700073242188,661.3900146484375,661.3900146484375
1996-12-19,668.1300048828125,690.969970703125,690.969970703125
1996-12-20,695.3300170898438,700.8699951171875,700.8699951171875
1996-12-23,691.97998046875,684.8099975585938,684.8099975585938
1996-12-24,683.1099853515625,677.760009765625,677.760009765625
1996-12-26,676.2100219726562,659.010009765625,659.010009765625
1996-12-27,654.8200073242188,651.219970703125,651.219970703125
1997-01-03,647.6699829101562,653.7899780273438,653.7899780273438
1997-01-06,637.97998046875,626.8699951171875,626.8699951171875
1997-01-07,622.4500122070312,611.0499877929688,611.0499877929688
1997-01-08,608.530029296875,621.4099731445312,621.4099731445312
1997-01-09,619.0999755859375,639.8699951171875,639.8699951171875
1997-01-10,637.989990234375,648.6900024414062,648.6900024414062
1997-01-13,659.8099975585938,659.5399780273438,659.5399780273438
1997-01-14,656.6699829101562,686.5900268554688,686.5900268554688
1997-01-15,690.1799926757812,699.760009765625,699.760009765625
1997-01-16,701.6400146484375,711.8599853515625,711.8599853515625
1997-01-17,713.0700073242188,701.1799926757812,701.1799926757812
1997-01-20,697.5599975585938,718.4600219726562,718.4600219726562
1997-01-21,721.0399780273438,690.5399780273438,690.5399780273438
1997-01-22,686.7100219726562,678.9400024414062,678.9400024414062
1997-01-23,679.3400268554688,676.9099731445312,676.9099731445312
1997-01-24,669.030029296875,679.5599975585938,679.5599975585938
1997-01-27,684.3099975585938,664.7000122070312,664.7000122070312
1997-01-28,661.6599731445312,662.8499755859375,662.8499755859375
1997-01-29,663.3300170898438,663.5599975585938,663.5599975585938
1997-01-30,663.6500244140625,676.52001953125,676.52001953125
1997-01-31,678.1900024414062,685.8400268554688,685.8400268554688
1997-02-03,682.260009765625,687.25,687.25
1997-02-04,687.8400268554688,695.9500122070312,695.9500122070312
1997-02-05,698.1799926757812,698.5999755859375,698.5999755859375
1997-02-06,698.5399780273438,700.219970703125,700.219970703125
1997-02-10,701.4299926757812,709.7899780273438,709.7899780273438
1997-02-11,711.1099853515625,713.4299926757812,713.4299926757812
1997-02-12,714.8200073242188,712.5,712.5
1997-02-13,713.6400146484375,716.7100219726562,716.7100219726562
1997-02-14,717.2899780273438,721.0,721.0
1997-02-17,720.4199829101562,712.9299926757812,712.9299926757812
1997-02-18,712.6199951171875,706.9400024414062,706.9400024414062
1997-02-19,708.6400146484375,713.6699829101562,713.6699829101562
1997-02-20,713.5,711.1300048828125,711.1300048828125
1997-02-21,710.8699951171875,686.719970703125,686.719970703125
1997-02-24,681.47998046875,676.5900268554688,676.5900268554688
1997-02-25,676.72998046875,682.8099975585938,682.8099975585938
1997-02-26,683.5900268554688,679.7100219726562,679.7100219726562
1997-02-27,678.1099853515625,669.4099731445312,669.4099731445312
1997-02-28,669.010009765625,676.530029296875,676.530029296875
1997-03-03,677.1799926757812,679.6400146484375,679.6400146484375
1997-03-04,679.510009765625,679.969970703125,679.969970703125
1997-03-05,680.47998046875,674.9000244140625,674.9000244140625
1997-03-06,675.25,678.1099853515625,678.1099853515625
1997-03-07,679.8300170898438,681.219970703125,681.219970703125
1997-03-10,673.9099731445312,667.3499755859375,667.3499755859375
1997-03-11,665.8300170898438,655.9500122070312,655.9500122070312
1997-03-12,655.760009765625,663.9000244140625,663.9000244140625
1997-03-13,663.9099731445312,657.9000244140625,657.9000244140625
1997-03-14,657.72998046875,642.0800170898438,642.0800170898438
1997-03-17,642.1699829101562,658.9000244140625,658.9000244140625
1997-03-18,659.72998046875,657.969970703125,657.969970703125
1997-03-19,656.9000244140625,646.2899780273438,646.2899780273438
1997-03-20,642.72998046875,642.8599853515625,642.8599853515625
1997-03-21,640.52001953125,627.6300048828125,627.6300048828125
1997-03-24,622.1400146484375,617.260009765625,617.260009765625
1997-03-25,616.1099853515625,638.9000244140625,638.9000244140625
1997-03-26,640.4500122070312,656.6199951171875,656.6199951171875
1997-03-27,657.0999755859375,651.6500244140625,651.6500244140625
1997-03-28,652.8800048828125,652.8699951171875,652.8699951171875
1997-03-31,670.75,677.3400268554688,677.3400268554688
1997-04-01,678.969970703125,672.989990234375,672.989990234375
1997-04-02,672.8200073242188,678.8599853515625,678.8599853515625
1997-04-03,680.1400146484375,678.739990234375,678.739990234375
1997-04-04,679.8800048828125,687.4199829101562,687.4199829101562
1997-04-07,688.8800048828125,694.9000244140625,694.9000244140625
1997-04-08,695.3499755859375,694.969970703125,694.969970703125
1997-04-09,695.8599853515625,698.6599731445312,698.6599731445312
1997-04-10,698.8800048828125,688.0399780273438,688.0399780273438
1997-04-11,688.3900146484375,693.9400024414062,693.9400024414062
1997-04-14,698.4400024414062,704.2000122070312,704.2000122070312
1997-04-15,706.0499877929688,701.3900146484375,701.3900146484375
1997-04-16,701.4299926757812,702.4199829101562,702.4199829101562
1997-04-17,702.97998046875,694.760009765625,694.760009765625
1997-04-18,695.2100219726562,695.6699829101562,695.6699829101562
1997-04-21,702.1599731445312,697.3400268554688,697.3400268554688
1997-04-22,696.280029296875,687.9600219726562,687.9600219726562
1997-04-23,688.1699829101562,693.0499877929688,693.0499877929688
1997-04-24,694.0399780273438,690.7999877929688,690.7999877929688
1997-04-25,691.5700073242188,692.47998046875,692.47998046875
1997-04-28,703.1300048828125,704.1599731445312,704.1599731445312
1997-04-29,705.1300048828125,704.0499877929688,704.0499877929688
1997-04-30,705.0,703.22998046875,703.22998046875
1997-05-02,704.77001953125,706.0999755859375,706.0999755859375
1997-05-06,706.530029296875,701.5700073242188,701.5700073242188
1997-05-07,700.8699951171875,689.0999755859375,689.0999755859375
1997-05-08,688.8900146484375,684.6900024414062,684.6900024414062
1997-05-09,685.9099731445312,687.6199951171875,687.6199951171875
1997-05-12,678.5,672.0999755859375,672.0999755859375
1997-05-13,673.0800170898438,683.8599853515625,683.8599853515625
1997-05-15,684.739990234375,699.9500122070312,699.9500122070312
1997-05-16,702.510009765625,699.530029296875,699.530029296875
1997-05-19,710.4099731445312,721.2000122070312,721.2000122070312
1997-05-20,723.1599731445312,734.6699829101562,734.6699829101562
1997-05-21,735.2999877929688,737.7100219726562,737.7100219726562
1997-05-22,737.1799926757812,724.3800048828125,724.3800048828125
1997-05-23,723.6699829101562,730.530029296875,730.530029296875
1997-05-26,724.7100219726562,718.989990234375,718.989990234375
1997-05-27,719.8200073242188,723.3499755859375,723.3499755859375
1997-05-28,724.969970703125,738.1199951171875,738.1199951171875
1997-05-29,745.260009765625,742.5,742.5
1997-05-30,742.3800048828125,746.3599853515625,746.3599853515625
1997-06-02,758.9199829101562,758.3900146484375,758.3900146484375
1997-06-03,758.8900146484375,766.0599975585938,766.0599975585938
1997-06-04,766.5399780273438,763.25,763.25
1997-06-05,762.9199829101562,765.6699829101562,765.6699829101562
1997-06-09,764.9099731445312,775.010009765625,775.010009765625
1997-06-10,777.8800048828125,769.8300170898438,769.8300170898438
1997-06-11,769.7000122070312,765.7899780273438,765.7899780273438
1997-06-12,767.9400024414062,774.6599731445312,774.6599731445312
1997-06-13,775.6699829101562,789.1500244140625,789.1500244140625
1997-06-16,793.5700073242188,789.0499877929688,789.0499877929688
1997-06-17,790.989990234375,792.2899780273438,792.2899780273438
1997-06-18,793.02001953125,773.2100219726562,773.2100219726562
1997-06-19,769.6900024414062,770.9500122070312,770.9500122070312
1997-06-20,772.5999755859375,770.219970703125,770.219970703125
1997-06-23,759.3300170898438,753.0499877929688,753.0499877929688
1997-06-24,751.6300048828125,753.7000122070312,753.7000122070312
1997-06-25,753.719970703125,744.989990234375,744.989990234375
1997-06-26,746.0700073242188,744.3400268554688,744.3400268554688
1997-06-27,743.3900146484375,738.4299926757812,738.4299926757812
1997-06-30,746.2999877929688,745.4000244140625,745.4000244140625
1997-07-01,744.97998046875,758.030029296875,758.030029296875
1997-07-02,763.3900146484375,777.2899780273438,777.2899780273438
1997-07-03,778.8200073242188,775.260009765625,775.260009765625
1997-07-04,776.02001953125,781.7000122070312,781.7000122070312
1997-07-07,777.7000122070312,773.510009765625,773.510009765625
1997-07-08,773.0,767.739990234375,767.739990234375
1997-07-09,768.260009765625,771.989990234375,771.989990234375
1997-07-10,771.989990234375,767.77001953125,767.77001953125
1997-07-11,766.9099731445312,768.2999877929688,768.2999877929688
1997-07-14,767.1699829101562,764.4500122070312,764.4500122070312
1997-07-15,762.9299926757812,755.0499877929688,755.0499877929688
1997-07-16,750.3499755859375,739.719970703125,739.719970703125
1997-07-18,737.22998046875,747.3699951171875,747.3699951171875
1997-07-21,741.02001953125,740.9299926757812,740.9299926757812
1997-07-22,740.8900146484375,725.97998046875,725.97998046875
1997-07-23,723.5599975585938,730.5800170898438,730.5800170898438
1997-07-24,729.4199829101562,739.0399780273438,739.0399780273438
1997-07-25,739.8200073242188,733.6400146484375,733.6400146484375
1997-07-28,732.5599975585938,733.9199829101562,733.9199829101562
1997-07-29,733.6799926757812,732.6799926757812,732.6799926757812
1997-07-30,733.6300048828125,726.8900146484375,726.8900146484375
1997-07-31,724.780029296875,726.1199951171875,726.1199951171875
1997-08-01,726.8400268554688,731.4500122070312,731.4500122070312
1997-08-04,729.6599731445312,734.1900024414062,734.1900024414062
1997-08-05,734.3699951171875,740.8599853515625,740.8599853515625
1997-08-06,740.0399780273438,745.6500244140625,745.6500244140625
1997-08-07,746.3800048828125,745.3499755859375,745.3499755859375
1997-08-08,745.969970703125,752.010009765625,752.010009765625
1997-08-11,762.77001953125,765.0700073242188,765.0700073242188
1997-08-12,766.260009765625,762.02001953125,762.02001953125
1997-08-13,762.989990234375,762.72998046875,762.72998046875
1997-08-14,762.780029296875,755.780029296875,755.780029296875
1997-08-18,747.8400268554688,747.2899780273438,747.2899780273438
1997-08-19,746.4600219726562,741.2899780273438,741.2899780273438
1997-08-20,741.1599731445312,746.22998046875,746.22998046875
1997-08-21,745.75,739.469970703125,739.469970703125
1997-08-22,738.9199829101562,736.6199951171875,736.6199951171875
1997-08-25,744.0399780273438,741.760009765625,741.760009765625
1997-08-26,740.77001953125,734.030029296875,734.030029296875
1997-08-27,732.5499877929688,730.280029296875,730.280029296875
1997-08-28,729.8599853515625,716.8599853515625,716.8599853515625
1997-08-29,714.969970703125,704.27001953125,704.27001953125
1997-09-01,691.7999877929688,682.2000122070312,682.2000122070312
1997-09-02,679.0900268554688,688.780029296875,688.780029296875
1997-09-03,690.72998046875,688.6300048828125,688.6300048828125
1997-09-04,687.3699951171875,687.989990234375,687.989990234375
1997-09-05,688.0399780273438,700.9199829101562,700.9199829101562
1997-09-08,703.4600219726562,697.97998046875,697.97998046875
1997-09-09,694.8300170898438,688.969970703125,688.969970703125
1997-09-10,687.52001953125,691.6199951171875,691.6199951171875
1997-09-11,690.5,695.3699951171875,695.3699951171875
1997-09-12,694.469970703125,699.3300170898438,699.3300170898438
1997-09-18,700.8099975585938,701.3900146484375,701.3900146484375
1997-09-19,700.5700073242188,689.1599731445312,689.1599731445312
1997-09-22,678.77001953125,668.4500122070312,668.4500122070312
1997-09-23,666.5599975585938,654.3699951171875,654.3699951171875
1997-09-24,653.2999877929688,655.75,655.75
1997-09-25,655.219970703125,647.0,647.0
1997-09-26,644.3800048828125,638.260009765625,638.260009765625
1997-09-29,625.4400024414062,625.0700073242188,625.0700073242188
1997-09-30,623.9299926757812,647.1099853515625,647.1099853515625
1997-10-01,646.8599853515625,644.9199829101562,644.9199829101562
1997-10-02,644.4400024414062,636.6500244140625,636.6500244140625
1997-10-06,644.6799926757812,644.2100219726562,644.2100219726562
1997-10-07,642.25,630.030029296875,630.030029296875
1997-10-08,627.6799926757812,610.4400024414062,610.4400024414062
1997-10-09,607.489990234375,609.3599853515625,609.3599853515625
1997-10-10,612.8200073242188,609.8400268554688,609.8400268554688
1997-10-13,618.219970703125,613.0,613.0
1997-10-14,619.6699829101562,620.6799926757812,620.6799926757812
1997-10-15,621.5,604.739990234375,604.739990234375
1997-10-16,598.1300048828125,579.25,579.25
1997-10-17,577.8699951171875,585.489990234375,585.489990234375
1997-10-20,584.5900268554688,565.6400146484375,565.6400146484375
1997-10-21,559.77001953125,566.8499755859375,566.8499755859375
1997-10-22,569.469970703125,601.3200073242188,601.3200073242188
1997-10-23,602.989990234375,604.0599975585938,604.0599975585938
1997-10-24,596.3300170898438,570.9099731445312,570.9099731445312
1997-10-27,549.3099975585938,530.469970703125,530.469970703125
1997-10-28,522.3900146484375,495.2799987792969,495.2799987792969
1997-10-29,500.0499877929688,506.6400146484375,506.6400146484375
1997-10-30,499.6499938964844,485.0799865722656,485.0799865722656
1997-10-31,476.0799865722656,470.7900085449219,470.7900085449219
1997-11-03,497.1099853515625,511.6600036621094,511.6600036621094
1997-11-04,514.0800170898438,542.1300048828125,542.1300048828125
1997-11-05,547.3300170898438,555.739990234375,555.739990234375
1997-11-06,555.2100219726562,553.8699951171875,553.8699951171875
1997-11-07,554.3800048828125,515.6300048828125,515.6300048828125
1997-11-10,501.4500122070313,525.3200073242188,525.3200073242188
1997-11-11,521.6199951171875,522.1099853515625,522.1099853515625
1997-11-12,521.3300170898438,517.489990234375,517.489990234375
1997-11-13,521.4600219726562,519.469970703125,519.469970703125
1997-11-14,519.1400146484375,520.010009765625,520.010009765625
1997-11-17,517.6500244140625,496.9800109863281,496.9800109863281
1997-11-18,489.6900024414063,494.6600036621094,494.6600036621094
1997-11-19,494.739990234375,502.5899963378906,502.5899963378906
1997-11-20,504.9400024414063,488.4100036621094,488.4100036621094
1997-11-21,493.4299926757813,506.0700073242188,506.0700073242188
1997-11-24,477.0899963378906,450.6400146484375,450.6400146484375
1997-11-25,441.6600036621094,439.5899963378906,439.5899963378906
1997-11-26,436.4500122070313,438.7000122070313,438.7000122070313
1997-11-27,439.0499877929688,433.1000061035156,433.1000061035156
1997-11-28,430.25,411.9100036621094,411.9100036621094
1997-12-01,405.5199890136719,393.1600036621094,393.1600036621094
1997-12-02,389.1199951171875,376.8699951171875,376.8699951171875
1997-12-03,369.010009765625,379.30999755859375,379.30999755859375
1997-12-04,383.05999755859375,405.80999755859375,405.80999755859375
1997-12-05,417.4299926757813,434.1199951171875,434.1199951171875
1997-12-08,432.7799987792969,414.8299865722656,414.8299865722656
1997-12-09,410.1300048828125,388.0,388.0
1997-12-10,396.3299865722656,399.8500061035156,399.8500061035156
1997-12-11,398.05999755859375,377.3699951171875,377.3699951171875
1997-12-12,362.6499938964844,350.67999267578125,350.67999267578125
1997-12-15,367.0400085449219,385.7999877929688,385.7999877929688
1997-12-16,393.9200134277344,404.260009765625,404.260009765625
1997-12-17,404.4800109863281,418.489990234375,418.489990234375
1997-12-19,416.1099853515625,397.0199890136719,397.0199890136719
1997-12-22,402.1199951171875,396.05999755859375,396.05999755859375
1997-12-23,391.2699890136719,366.3599853515625,366.3599853515625
1997-12-24,361.3200073242188,351.45001220703125,351.45001220703125
1997-12-26,359.6499938964844,375.1499938964844,375.1499938964844
1998-01-05,389.0799865722656,396.489990234375,396.489990234375
1998-01-06,396.8399963378906,406.3399963378906,406.3399963378906
1998-01-07,407.6900024414063,409.4200134277344,409.4200134277344
1998-01-08,409.8800048828125,423.9599914550781,423.9599914550781
1998-01-09,420.7699890136719,414.0,414.0
1998-01-12,447.0700073242188,456.2000122070313,456.2000122070313
1998-01-13,456.0,463.739990234375,463.739990234375
1998-01-14,466.0,475.1300048828125,475.1300048828125
1998-01-15,479.5499877929688,505.9800109863281,505.9800109863281
1998-01-16,512.27001953125,488.1000061035156,488.1000061035156
1998-01-19,502.30999755859375,528.77001953125,528.77001953125
1998-01-20,529.25,533.5499877929688,533.5499877929688
1998-01-21,529.8200073242188,506.6600036621094,506.6600036621094
1998-01-22,503.989990234375,483.989990234375,483.989990234375
1998-01-23,483.4700012207031,486.8599853515625,486.8599853515625
1998-01-26,512.6099853515625,518.6400146484375,518.6400146484375
1998-01-30,528.47998046875,558.3300170898438,558.3300170898438
1998-02-02,556.5800170898438,543.6799926757812,543.6799926757812
1998-02-03,547.7000122070312,550.2100219726562,550.2100219726562
1998-02-04,552.969970703125,547.280029296875,547.280029296875
1998-02-05,546.739990234375,528.0499877929688,528.0499877929688
1998-02-06,539.3099975585938,540.4500122070312,540.4500122070312
1998-02-09,543.0800170898438,554.239990234375,554.239990234375
1998-02-10,554.8300170898438,541.77001953125,541.77001953125
1998-02-11,539.219970703125,520.1400146484375,520.1400146484375
1998-02-12,516.5,512.489990234375,512.489990234375
1998-02-13,519.469970703125,506.2000122070313,506.2000122070313
1998-02-16,482.9299926757813,476.9800109863281,476.9800109863281
1998-02-17,475.8800048828125,471.7300109863281,471.7300109863281
1998-02-18,475.1600036621094,487.7300109863281,487.7300109863281
1998-02-19,488.55999755859375,513.4500122070312,513.4500122070312
1998-02-20,518.7100219726562,522.1300048828125,522.1300048828125
1998-02-23,537.5499877929688,543.0599975585938,543.0599975585938
1998-02-24,541.5800170898438,540.8900146484375,540.8900146484375
1998-02-25,539.3800048828125,516.3800048828125,516.3800048828125
1998-02-26,516.719970703125,524.97998046875,524.97998046875
1998-02-27,527.4000244140625,548.4199829101562,548.4199829101562
1998-03-02,562.6599731445312,574.3499755859375,574.3499755859375
1998-03-03,577.239990234375,570.8900146484375,570.8900146484375
1998-03-04,570.3300170898438,572.760009765625,572.760009765625
1998-03-05,570.1300048828125,535.6799926757812,535.6799926757812
1998-03-06,530.760009765625,522.5499877929688,522.5499877929688
1998-03-09,526.4000244140625,507.7099914550781,507.7099914550781
1998-03-10,507.8200073242188,525.5599975585938,525.5599975585938
1998-03-11,522.0599975585938,531.0499877929688,531.0499877929688
1998-03-12,534.9500122070312,535.8400268554688,535.8400268554688
1998-03-13,537.8400268554688,536.1599731445312,536.1599731445312
1998-03-16,535.5999755859375,528.8800048828125,528.8800048828125
1998-03-17,528.5399780273438,515.510009765625,515.510009765625
1998-03-18,516.0,518.0800170898438,518.0800170898438
1998-03-19,518.0,521.72998046875,521.72998046875
1998-03-20,522.3800048828125,525.9500122070312,525.9500122070312
1998-03-23,521.9099731445312,511.8999938964844,511.8999938964844
1998-03-24,512.7999877929688,508.4299926757813,508.4299926757813
1998-03-25,509.25,510.1400146484375,510.1400146484375
1998-03-26,508.8900146484375,501.1300048828125,501.1300048828125
1998-03-27,501.2000122070313,503.0799865722656,503.0799865722656
1998-03-30,493.0499877929688,482.3299865722656,482.3299865722656
1998-03-31,482.9100036621094,481.0400085449219,481.0400085449219
1998-04-01,482.8800048828125,468.2200012207031,468.2200012207031
1998-04-02,464.8699951171875,453.6600036621094,453.6600036621094
1998-04-03,449.6400146484375,434.4500122070313,434.4500122070313
1998-04-06,441.0799865722656,435.9200134277344,435.9200134277344
1998-04-07,437.7099914550781,459.5799865722656,459.5799865722656
1998-04-08,458.9599914550781,455.5299987792969,455.5299987792969
1998-04-09,467.989990234375,468.1099853515625,468.1099853515625
1998-04-10,467.2300109863281,468.2900085449219,468.2900085449219
1998-04-13,488.8399963378906,494.8900146484375,494.8900146484375
1998-04-14,491.1900024414063,467.6300048828125,467.6300048828125
1998-04-15,466.9400024414063,467.8699951171875,467.8699951171875
1998-04-16,465.8999938964844,454.1499938964844,454.1499938964844
1998-04-17,450.5299987792969,450.2300109863281,450.2300109863281
1998-04-20,441.2200012207031,435.7300109863281,435.7300109863281
1998-04-21,434.0799865722656,439.2099914550781,439.2099914550781
1998-04-22,437.9700012207031,431.80999755859375,431.80999755859375
1998-04-23,428.760009765625,416.5400085449219,416.5400085449219
1998-04-24,416.2099914550781,414.55999755859375,414.55999755859375
1998-04-27,411.5899963378906,406.25,406.25
1998-04-28,406.1600036621094,402.3900146484375,402.3900146484375
1998-04-29,403.3399963378906,417.0499877929688,417.0499877929688
1998-04-30,418.30999755859375,421.2200012207031,421.2200012207031
1998-05-04,401.5299987792969,391.7999877929688,391.7999877929688
1998-05-06,388.7999877929688,376.2300109863281,376.2300109863281
1998-05-07,376.1099853515625,379.4700012207031,379.4700012207031
1998-05-08,376.4599914550781,373.0400085449219,373.0400085449219
1998-05-11,372.2900085449219,361.5799865722656,361.5799865722656
1998-05-12,356.54998779296875,351.8599853515625,351.8599853515625
1998-05-13,349.3800048828125,356.5799865722656,356.5799865722656
1998-05-14,354.69000244140625,362.9400024414063,362.9400024414063
1998-05-15,361.6900024414063,352.8299865722656,352.8299865722656
1998-05-18,353.3800048828125,359.0,359.0
1998-05-19,360.1600036621094,362.5299987792969,362.5299987792969
1998-05-20,364.05999755859375,369.1700134277344,369.1700134277344
1998-05-21,370.5499877929688,362.2999877929688,362.2999877929688
1998-05-22,361.0899963378906,353.6700134277344,353.6700134277344
1998-05-25,353.3999938964844,331.8999938964844,331.8999938964844
1998-05-26,324.9599914550781,311.989990234375,311.989990234375
1998-05-27,313.8399963378906,313.4800109863281,313.4800109863281
1998-05-28,313.8099975585937,323.0899963378906,323.0899963378906
1998-05-29,323.7699890136719,336.6300048828125,336.6300048828125
1998-06-01,334.1000061035156,336.70001220703125,336.70001220703125
1998-06-02,335.4800109863281,324.1000061035156,324.1000061035156
1998-06-03,324.82000732421875,332.4599914550781,332.4599914550781
1998-06-05,334.010009765625,341.5299987792969,341.5299987792969
1998-06-08,345.3800048828125,345.8800048828125,345.8800048828125
1998-06-09,344.20001220703125,339.2200012207031,339.2200012207031
1998-06-10,341.7900085449219,324.5400085449219,324.5400085449219
1998-06-11,323.1400146484375,328.70001220703125,328.70001220703125
1998-06-12,318.3099975585937,302.0899963378906,302.0899963378906
1998-06-15,300.69000244140625,288.2099914550781,288.2099914550781
1998-06-16,283.4100036621094,280.0,280.0
1998-06-17,287.9800109863281,303.8099975585937,303.8099975585937
1998-06-18,310.1199951171875,325.489990234375,325.489990234375
1998-06-19,323.04998779296875,313.260009765625,313.260009765625
1998-06-22,316.1600036621094,311.2699890136719,311.2699890136719
1998-06-23,308.3900146484375,303.3099975585937,303.3099975585937
1998-06-24,300.32000732421875,301.7200012207031,301.7200012207031
1998-06-25,299.5599975585937,300.57000732421875,300.57000732421875
1998-06-26,299.8699951171875,298.5400085449219,298.5400085449219
1998-06-29,302.79998779296875,298.6000061035156,298.6000061035156
1998-06-30,296.3800048828125,297.8800048828125,297.8800048828125
1998-07-01,298.010009765625,315.5599975585937,315.5599975585937
1998-07-02,315.239990234375,311.7699890136719,311.7699890136719
1998-07-03,312.1199951171875,308.5299987792969,308.5299987792969
1998-07-06,306.1199951171875,309.6099853515625,309.6099853515625
1998-07-07,310.4800109863281,317.5,317.5
1998-07-08,321.489990234375,318.7900085449219,318.7900085449219
1998-07-09,319.8999938964844,319.0199890136719,319.0199890136719
1998-07-10,319.29998779296875,309.2799987792969,309.2799987792969
1998-07-13,303.739990234375,301.3699951171875,301.3699951171875
1998-07-14,301.9100036621094,306.7300109863281,306.7300109863281
1998-07-15,307.989990234375,313.4200134277344,313.4200134277344
1998-07-16,314.67999267578125,330.3500061035156,330.3500061035156
1998-07-20,348.6400146484375,365.1799926757813,365.1799926757813
1998-07-21,366.760009765625,364.760009765625,364.760009765625
1998-07-22,363.1900024414063,362.0700073242188,362.0700073242188
1998-07-23,366.3299865722656,341.4599914550781,341.4599914550781
1998-07-24,341.8900146484375,343.7900085449219,343.7900085449219
1998-07-27,328.8299865722656,329.79998779296875,329.79998779296875
1998-07-28,329.9800109863281,335.3299865722656,335.3299865722656
1998-07-29,337.1300048828125,344.4100036621094,344.4100036621094
1998-07-30,343.9700012207031,344.9100036621094,344.9100036621094
1998-07-31,346.04998779296875,343.3299865722656,343.3299865722656
1998-08-03,336.1199951171875,329.4700012207031,329.4700012207031
1998-08-04,328.1000061035156,333.20001220703125,333.20001220703125
1998-08-05,333.82000732421875,322.8299865722656,322.8299865722656
1998-08-06,320.3099975585937,320.57000732421875,320.57000732421875
1998-08-07,320.6600036621094,321.7099914550781,321.7099914550781
1998-08-10,314.4599914550781,311.95001220703125,311.95001220703125
1998-08-11,312.5199890136719,311.25,311.25
1998-08-12,309.3699951171875,305.3500061035156,305.3500061035156
1998-08-13,305.3800048828125,303.010009765625,303.010009765625
1998-08-14,302.7300109863281,304.6099853515625,304.6099853515625
1998-08-17,304.3999938964844,301.6199951171875,301.6199951171875
1998-08-18,296.6400146484375,291.1499938964844,291.1499938964844
1998-08-19,294.1300048828125,301.8999938964844,301.8999938964844
1998-08-20,303.19000244140625,316.5899963378906,316.5899963378906
1998-08-21,317.6000061035156,316.6199951171875,316.6199951171875
1998-08-24,305.3900146484375,305.1499938964844,305.1499938964844
1998-08-25,305.2900085449219,310.2300109863281,310.2300109863281
1998-08-26,311.07000732421875,317.5599975585937,317.5599975585937
1998-08-27,317.1300048828125,313.9200134277344,313.9200134277344
1998-08-28,308.9800109863281,309.32000732421875,309.32000732421875
1998-08-31,307.5199890136719,310.1600036621094,310.1600036621094
1998-09-01,309.739990234375,309.7099914550781,309.7099914550781
1998-09-02,314.239990234375,314.3999938964844,314.3999938964844
1998-09-03,314.95001220703125,314.7799987792969,314.7799987792969
1998-09-04,314.4700012207031,314.2200012207031,314.2200012207031
1998-09-07,316.4100036621094,328.2200012207031,328.2200012207031
1998-09-08,329.760009765625,326.3399963378906,326.3399963378906
1998-09-09,327.42999267578125,329.2200012207031,329.2200012207031
1998-09-10,329.2699890136719,338.95001220703125,338.95001220703125
1998-09-11,329.239990234375,320.6099853515625,320.6099853515625
1998-09-14,319.239990234375,314.239990234375,314.239990234375
1998-09-15,313.9100036621094,307.2699890136719,307.2699890136719
1998-09-16,310.4200134277344,313.1700134277344,313.1700134277344
1998-09-17,313.3900146484375,310.8800048828125,310.8800048828125
1998-09-18,308.3099975585937,302.2099914550781,302.2099914550781
1998-09-21,301.25,297.45001220703125,297.45001220703125
1998-09-22,297.1000061035156,292.6099853515625,292.6099853515625
1998-09-23,291.8099975585937,291.92999267578125,291.92999267578125
1998-09-24,293.4800109863281,310.75,310.75
1998-09-25,309.9700012207031,303.7900085449219,303.7900085449219
1998-09-28,307.82000732421875,305.7300109863281,305.7300109863281
1998-09-29,305.7799987792969,312.3299865722656,312.3299865722656
1998-09-30,311.9700012207031,310.32000732421875,310.32000732421875
1998-10-01,309.5199890136719,305.6400146484375,305.6400146484375
1998-10-02,304.7799987792969,308.25,308.25
1998-10-07,309.8399963378906,313.489990234375,313.489990234375
1998-10-08,315.4100036621094,305.2200012207031,305.2200012207031
1998-10-09,310.3699951171875,327.9599914550781,327.9599914550781
1998-10-12,339.7099914550781,352.1700134277344,352.1700134277344
1998-10-13,352.7699890136719,346.0799865722656,346.0799865722656
1998-10-14,347.25,346.1300048828125,346.1300048828125
1998-10-15,347.989990234375,368.739990234375,368.739990234375
1998-10-16,375.3399963378906,374.010009765625,374.010009765625
1998-10-19,385.1199951171875,373.9700012207031,373.9700012207031
1998-10-20,372.8699951171875,388.3500061035156,388.3500061035156
1998-10-21,390.4100036621094,380.7999877929688,380.7999877929688
1998-10-22,380.3299865722656,382.5199890136719,382.5199890136719
1998-10-23,383.1300048828125,378.8299865722656,378.8299865722656
1998-10-26,380.6000061035156,373.3200073242188,373.3200073242188
1998-10-27,371.5700073242188,360.4299926757813,360.4299926757813
1998-10-28,360.5799865722656,363.9100036621094,363.9100036621094
1998-10-29,365.1099853515625,370.2999877929688,370.2999877929688
1998-10-30,373.2300109863281,384.75,384.75
1998-11-02,406.9700012207031,404.6099853515625,404.6099853515625
1998-11-03,405.1199951171875,407.6400146484375,407.6400146484375
1998-11-04,407.5,413.4700012207031,413.4700012207031
1998-11-05,415.4500122070313,418.2000122070313,418.2000122070313
1998-11-06,419.3399963378906,416.2999877929688,416.2999877929688
1998-11-09,416.739990234375,424.4500122070313,424.4500122070313
1998-11-10,423.2000122070313,403.239990234375,403.239990234375
1998-11-11,401.6000061035156,400.7000122070313,400.7000122070313
1998-11-12,402.7000122070313,403.5199890136719,403.5199890136719
1998-11-13,402.6099853515625,404.2999877929688,404.2999877929688
1998-11-16,418.6099853515625,422.2099914550781,422.2099914550781
1998-11-17,423.5899963378906,424.4299926757813,424.4299926757813
1998-11-18,425.7799987792969,423.739990234375,423.739990234375
1998-11-19,422.0,441.05999755859375,441.05999755859375
1998-11-20,443.3399963378906,452.9299926757813,452.9299926757813
1998-11-23,452.9100036621094,453.9500122070313,453.9500122070313
1998-11-24,454.5,460.7799987792969,460.7799987792969
1998-11-25,461.2699890136719,461.010009765625,461.010009765625
1998-11-26,462.9500122070313,446.5899963378906,446.5899963378906
1998-11-27,445.9700012207031,447.0,447.0
1998-11-30,455.4400024414063,451.8800048828125,451.8800048828125
1998-12-01,451.8500061035156,445.9599914550781,445.9599914550781
1998-12-02,446.1700134277344,446.3500061035156,446.3500061035156
1998-12-03,447.8699951171875,448.1099853515625,448.1099853515625
1998-12-04,449.1499938964844,466.3399963378906,466.3399963378906
1998-12-07,491.9800109863281,514.52001953125,514.52001953125
1998-12-08,514.6799926757812,509.8500061035156,509.8500061035156
1998-12-09,511.8999938964844,526.52001953125,526.52001953125
1998-12-10,534.469970703125,567.6099853515625,567.6099853515625
1998-12-11,561.2999877929688,555.1699829101562,555.1699829101562
1998-12-14,558.4299926757812,559.2999877929688,559.2999877929688
1998-12-15,558.010009765625,579.8599853515625,579.8599853515625
1998-12-16,582.1599731445312,545.969970703125,545.969970703125
1998-12-17,537.0900268554688,528.8900146484375,528.8900146484375
1998-12-18,528.4000244140625,524.8499755859375,524.8499755859375
1998-12-21,533.219970703125,565.27001953125,565.27001953125
1998-12-22,565.1799926757812,547.75,547.75
1998-12-23,554.47998046875,553.530029296875,553.530029296875
1998-12-24,554.5599975585938,555.3599853515625,555.3599853515625
1998-12-28,557.8800048828125,562.4600219726562,562.4600219726562
1999-01-04,575.4099731445312,587.5700073242188,587.5700073242188
1999-01-05,590.030029296875,576.780029296875,576.780029296875
1999-01-06,602.6599731445312,612.3599853515625,612.3599853515625
1999-01-07,620.989990234375,637.5900268554688,637.5900268554688
1999-01-08,635.1599731445312,626.3300170898438,626.3300170898438
1999-01-11,632.4500122070312,640.9500122070312,640.9500122070312
1999-01-12,648.1300048828125,631.1900024414062,631.1900024414062
1999-01-13,634.9199829101562,633.030029296875,633.030029296875
1999-01-14,628.3099975585938,604.4199829101562,604.4199829101562
1999-01-15,604.5,614.5700073242188,614.5700073242188
1999-01-18,617.3800048828125,622.52001953125,622.52001953125
1999-01-19,622.1599731445312,618.1199951171875,618.1199951171875
1999-01-20,622.6400146484375,613.4299926757812,613.4299926757812
1999-01-21,609.8400268554688,582.0399780273438,582.0399780273438
1999-01-22,576.969970703125,550.5800170898438,550.5800170898438
1999-01-25,554.4500122070312,539.760009765625,539.760009765625
1999-01-26,550.8499755859375,531.22998046875,531.22998046875
1999-01-27,534.780029296875,565.2000122070312,565.2000122070312
1999-01-28,567.8800048828125,571.469970703125,571.469970703125
1999-01-29,570.530029296875,571.4299926757812,571.4299926757812
1999-02-01,572.9500122070312,581.6699829101562,581.6699829101562
1999-02-02,582.8200073242188,567.280029296875,567.280029296875
1999-02-03,566.6699829101562,553.3300170898438,553.3300170898438
1999-02-04,552.489990234375,550.1500244140625,550.1500244140625
1999-02-05,550.4000244140625,551.3900146484375,551.3900146484375
1999-02-08,552.47998046875,545.3800048828125,545.3800048828125
1999-02-09,539.4199829101562,523.3800048828125,523.3800048828125
1999-02-10,519.9099731445312,524.489990234375,524.489990234375
1999-02-11,524.5900268554688,523.989990234375,523.989990234375
1999-02-12,529.5599975585938,551.77001953125,551.77001953125
1999-02-18,556.4299926757812,536.4099731445312,536.4099731445312
1999-02-19,532.1699829101562,522.1799926757812,522.1799926757812
1999-02-22,514.510009765625,508.489990234375,508.489990234375
1999-02-23,508.2799987792969,502.8800048828125,502.8800048828125
1999-02-24,501.739990234375,498.4200134277344,498.4200134277344
1999-02-25,494.8399963378906,499.1400146484375,499.1400146484375
1999-02-26,503.9700012207031,520.0599975585938,520.0599975585938
1999-03-02,524.97998046875,533.969970703125,533.969970703125
1999-03-03,535.6599731445312,534.489990234375,534.489990234375
1999-03-04,535.0900268554688,532.2899780273438,532.2899780273438
1999-03-05,530.219970703125,539.1900024414062,539.1900024414062
1999-03-08,544.5,571.8400268554688,571.8400268554688
1999-03-09,575.530029296875,572.8499755859375,572.8499755859375
1999-03-10,571.219970703125,569.27001953125,569.27001953125
1999-03-11,568.3400268554688,582.0700073242188,582.0700073242188
1999-03-12,585.9500122070312,590.7999877929688,590.7999877929688
1999-03-15,595.6199951171875,592.02001953125,592.02001953125
1999-03-16,591.489990234375,601.8300170898438,601.8300170898438
1999-03-17,606.72998046875,600.52001953125,600.52001953125
1999-03-18,597.719970703125,578.97998046875,578.97998046875
1999-03-19,580.75,604.219970703125,604.219970703125
1999-03-22,605.219970703125,607.739990234375,607.739990234375
1999-03-23,610.0700073242188,614.3400268554688,614.3400268554688
1999-03-24,610.260009765625,611.47998046875,611.47998046875
1999-03-25,607.4500122070312,611.0700073242188,611.0700073242188
1999-03-26,611.4299926757812,609.7899780273438,609.7899780273438
1999-03-29,603.7100219726562,601.0700073242188,601.0700073242188
1999-03-30,609.0599975585938,618.0499877929688,618.0499877929688
1999-03-31,618.2000122070312,618.97998046875,618.97998046875
1999-04-01,618.3400268554688,636.8900146484375,636.8900146484375
1999-04-02,640.1500244140625,646.780029296875,646.780029296875
1999-04-06,650.7100219726562,666.72998046875,666.72998046875
1999-04-07,668.5999755859375,673.3599853515625,673.3599853515625
1999-04-08,672.3599853515625,681.1900024414062,681.1900024414062
1999-04-09,685.8099975585938,687.4199829101562,687.4199829101562
1999-04-12,692.5999755859375,689.6400146484375,689.6400146484375
1999-04-13,689.010009765625,689.7999877929688,689.7999877929688
1999-04-14,692.6300048828125,687.4099731445312,687.4099731445312
1999-04-15,688.6400146484375,722.010009765625,722.010009765625
1999-04-16,721.1099853515625,725.1400146484375,725.1400146484375
1999-04-19,742.510009765625,766.5900268554688,766.5900268554688
1999-04-20,768.1300048828125,770.4299926757812,770.4299926757812
1999-04-21,769.0499877929688,743.260009765625,743.260009765625
1999-04-22,742.8400268554688,740.4000244140625,740.4000244140625
1999-04-23,742.8099975585938,750.989990234375,750.989990234375
1999-04-26,752.3699951171875,776.2999877929688,776.2999877929688
1999-04-27,779.8599853515625,793.97998046875,793.97998046875
1999-04-28,791.4400024414062,790.030029296875,790.030029296875
1999-04-29,787.5599975585938,752.6099853515625,752.6099853515625
1999-04-30,756.3800048828125,752.5900268554688,752.5900268554688
1999-05-03,757.5999755859375,756.5900268554688,756.5900268554688
1999-05-04,757.5999755859375,771.1699829101562,771.1699829101562
1999-05-06,775.6799926757812,810.5399780273438,810.5399780273438
1999-05-07,813.7100219726562,810.6199951171875,810.6199951171875
1999-05-10,810.219970703125,814.239990234375,814.239990234375
1999-05-11,813.6799926757812,781.4099731445312,781.4099731445312
1999-05-12,782.280029296875,773.1300048828125,773.1300048828125
1999-05-13,773.5499877929688,742.3699951171875,742.3699951171875
1999-05-14,744.02001953125,737.8300170898438,737.8300170898438
1999-05-17,736.25,717.8300170898438,717.8300170898438
1999-05-18,717.0800170898438,729.2899780273438,729.2899780273438
1999-05-19,732.1699829101562,734.97998046875,734.97998046875
1999-05-20,735.0,708.5999755859375,708.5999755859375
1999-05-21,710.6400146484375,710.489990234375,710.489990234375
1999-05-24,706.760009765625,695.5999755859375,695.5999755859375
1999-05-25,690.8800048828125,698.6900024414062,698.6900024414062
1999-05-26,701.3499755859375,720.0499877929688,720.0499877929688
1999-05-27,726.22998046875,726.6599731445312,726.6599731445312
1999-05-28,730.9299926757812,732.239990234375,732.239990234375
1999-05-31,734.760009765625,736.02001953125,736.02001953125
1999-06-01,733.280029296875,753.719970703125,753.719970703125
1999-06-02,760.5700073242188,775.0,775.0
1999-06-03,782.3400268554688,778.2100219726562,778.2100219726562
1999-06-04,779.5399780273438,797.5,797.5
1999-06-07,816.3499755859375,842.3200073242188,842.3200073242188
1999-06-08,850.010009765625,853.5999755859375,853.5999755859375
1999-06-09,847.0800170898438,803.4600219726562,803.4600219726562
1999-06-10,807.3499755859375,856.0599975585938,856.0599975585938
1999-06-11,848.6599731445312,848.6099853515625,848.6099853515625
1999-06-14,834.6199951171875,821.9099731445312,821.9099731445312
1999-06-15,810.3200073242188,803.719970703125,803.719970703125
1999-06-16,811.3800048828125,829.530029296875,829.530029296875
1999-06-17,838.7999877929688,832.260009765625,832.260009765625
1999-06-18,836.5999755859375,837.72998046875,837.72998046875
1999-06-21,846.5399780273438,869.0,869.0
1999-06-22,870.4600219726562,875.969970703125,875.969970703125
1999-06-23,880.1599731445312,888.6300048828125,888.6300048828125
1999-06-24,893.280029296875,877.2999877929688,877.2999877929688
1999-06-25,873.0,882.0800170898438,882.0800170898438
1999-06-28,888.219970703125,903.0499877929688,903.0499877929688
1999-06-29,900.4600219726562,897.4500122070312,897.4500122070312
1999-06-30,900.3099975585938,883.0,883.0
1999-07-01,894.4000244140625,919.97998046875,919.97998046875
1999-07-02,925.239990234375,933.4199829101562,933.4199829101562
1999-07-05,949.010009765625,962.8400268554688,962.8400268554688
1999-07-06,962.1599731445312,989.4299926757812,989.4299926757812
1999-07-07,995.6599731445312,1005.97998046875,1005.97998046875
1999-07-08,1010.77001953125,999.1099853515624,999.1099853515624
1999-07-09,1004.6799926757812,1027.9300537109375,1027.9300537109375
1999-07-12,1037.739990234375,1004.25,1004.25
1999-07-13,999.6400146484376,987.5,987.5
1999-07-14,986.4600219726562,953.6699829101562,953.6699829101562
1999-07-15,952.8900146484376,982.1400146484376,982.1400146484376
1999-07-16,986.7899780273438,1020.8200073242188,1020.8200073242188
1999-07-19,1034.4100341796875,1024.5799560546875,1024.5799560546875
1999-07-20,1019.5900268554688,998.4500122070312,998.4500122070312
1999-07-21,989.72998046875,965.1099853515624,965.1099853515624
1999-07-22,957.989990234375,976.6599731445312,976.6599731445312
1999-07-23,972.780029296875,904.9600219726562,904.9600219726562
1999-07-26,891.3800048828125,872.9400024414062,872.9400024414062
1999-07-27,881.72998046875,928.8499755859376,928.8499755859376
1999-07-28,923.9400024414062,944.4600219726562,944.4600219726562
1999-07-29,958.6099853515624,998.7100219726562,998.7100219726562
1999-07-30,997.489990234375,969.719970703125,969.719970703125
1999-08-02,967.7000122070312,959.8099975585938,959.8099975585938
1999-08-03,961.0,973.3300170898438,973.3300170898438
1999-08-04,977.1199951171876,975.4500122070312,975.4500122070312
1999-08-05,967.9600219726562,939.0700073242188,939.0700073242188
1999-08-06,944.3499755859376,938.260009765625,938.260009765625
1999-08-09,938.739990234375,948.969970703125,948.969970703125
1999-08-10,949.77001953125,968.6599731445312,968.6599731445312
1999-08-11,965.72998046875,944.0800170898438,944.0800170898438
1999-08-12,946.47998046875,949.3499755859376,949.3499755859376
1999-08-13,940.6199951171876,917.469970703125,917.469970703125
1999-08-16,904.219970703125,907.280029296875,907.280029296875
1999-08-17,911.4500122070312,873.7000122070312,873.7000122070312
1999-08-18,861.8599853515625,868.9400024414062,868.9400024414062
1999-08-19,874.97998046875,871.1799926757812,871.1799926757812
1999-08-20,873.0999755859375,878.3900146484375,878.3900146484375
1999-08-23,889.8900146484375,917.5800170898438,917.5800170898438
1999-08-24,927.8099975585938,932.4099731445312,932.4099731445312
1999-08-25,933.4299926757812,963.0,963.0
1999-08-26,971.1400146484376,959.8800048828124,959.8800048828124
1999-08-27,953.989990234375,960.280029296875,960.280029296875
1999-08-30,962.1400146484376,942.5700073242188,942.5700073242188
1999-08-31,932.239990234375,937.8800048828124,937.8800048828124
1999-09-01,944.5,905.52001953125,905.52001953125
1999-09-02,886.6199951171875,898.969970703125,898.969970703125
1999-09-03,902.2899780273438,910.6199951171876,910.6199951171876
1999-09-06,919.010009765625,943.219970703125,943.219970703125
1999-09-07,947.3400268554688,943.9199829101562,943.9199829101562
1999-09-08,942.97998046875,936.9299926757812,936.9299926757812
1999-09-09,940.02001953125,950.530029296875,950.530029296875
1999-09-10,951.9500122070312,961.97998046875,961.97998046875
1999-09-13,973.7100219726562,980.9099731445312,980.9099731445312
1999-09-14,981.6599731445312,968.5399780273438,968.5399780273438
1999-09-15,967.719970703125,952.6900024414062,952.6900024414062
1999-09-16,948.489990234375,916.1599731445312,916.1599731445312
1999-09-17,902.530029296875,925.2000122070312,925.2000122070312
1999-09-20,933.8599853515624,933.8800048828124,933.8800048828124
1999-09-21,944.010009765625,957.4199829101562,957.4199829101562
1999-09-22,956.7000122070312,941.5700073242188,941.5700073242188
1999-09-27,941.7000122070312,903.7899780273438,903.7899780273438
1999-09-28,909.2000122070312,900.72998046875,900.72998046875
1999-09-29,895.7000122070312,868.8800048828125,868.8800048828125
1999-09-30,859.6699829101562,836.1799926757812,836.1799926757812
1999-10-01,838.6500244140625,839.3499755859375,839.3499755859375
1999-10-04,840.1400146484375,818.3699951171875,818.3699951171875
1999-10-05,825.1699829101562,791.5499877929688,791.5499877929688
1999-10-06,799.3400268554688,835.3099975585938,835.3099975585938
1999-10-07,838.0399780273438,851.1500244140625,851.1500244140625
1999-10-08,846.6199951171875,839.4099731445312,839.4099731445312
1999-10-11,845.7999877929688,834.3900146484375,834.3900146484375
1999-10-12,830.0999755859375,856.25,856.25
1999-10-13,848.4000244140625,855.52001953125,855.52001953125
1999-10-14,851.1699829101562,866.02001953125,866.02001953125
1999-10-15,870.6099853515625,862.6300048828125,862.6300048828125
1999-10-18,839.9099731445312,826.25,826.25
1999-10-19,835.010009765625,811.4400024414062,811.4400024414062
1999-10-20,821.719970703125,830.6900024414062,830.6900024414062
1999-10-21,838.0700073242188,818.510009765625,818.510009765625
1999-10-22,814.8300170898438,819.52001953125,819.52001953125
1999-10-25,819.3200073242188,798.8400268554688,798.8400268554688
1999-10-26,784.9299926757812,797.010009765625,797.010009765625
1999-10-27,795.3099975585938,793.4199829101562,793.4199829101562
1999-10-28,790.9099731445312,820.9500122070312,820.9500122070312
1999-10-29,834.3800048828125,833.510009765625,833.510009765625
1999-11-01,863.5,876.5499877929688,876.5499877929688
1999-11-02,876.5599975585938,890.1799926757812,890.1799926757812
1999-11-03,893.9500122070312,887.1500244140625,887.1500244140625
1999-11-04,895.3599853515625,911.8200073242188,911.8200073242188
1999-11-05,917.6799926757812,913.0900268554688,913.0900268554688
1999-11-08,916.3699951171876,907.5999755859376,907.5999755859376
1999-11-09,908.7100219726562,943.4600219726562,943.4600219726562
1999-11-10,944.5,938.760009765625,938.760009765625
1999-11-11,943.4600219726562,947.4199829101562,947.4199829101562
1999-11-12,961.4299926757812,969.260009765625,969.260009765625
1999-11-15,990.0,974.72998046875,974.72998046875
1999-11-16,973.010009765625,1007.719970703125,1007.719970703125
1999-11-17,1014.4400024414062,967.6400146484376,967.6400146484376
1999-11-18,963.1599731445312,970.1900024414062,970.1900024414062
1999-11-19,973.8300170898438,993.1099853515624,993.1099853515624
1999-11-22,995.9199829101562,977.8800048828124,977.8800048828124
1999-11-23,974.6300048828124,974.0499877929688,974.0499877929688
1999-11-24,969.22998046875,969.2899780273438,969.2899780273438
1999-11-25,975.1900024414062,972.7100219726562,972.7100219726562
1999-11-26,977.77001953125,949.1599731445312,949.1599731445312
1999-11-29,955.3800048828124,964.260009765625,964.260009765625
1999-11-30,965.4500122070312,996.6599731445312,996.6599731445312
1999-12-01,992.6199951171876,999.1599731445312,999.1599731445312
1999-12-02,1008.5499877929688,967.9000244140624,967.9000244140624
1999-12-03,973.8499755859376,966.5900268554688,966.5900268554688
1999-12-06,978.3599853515624,998.1099853515624,998.1099853515624
1999-12-07,1001.3599853515624,999.9199829101562,999.9199829101562
1999-12-08,992.2899780273438,988.3200073242188,988.3200073242188
1999-12-09,982.8900146484376,980.5399780273438,980.5399780273438
1999-12-10,989.969970703125,1018.1699829101562,1018.1699829101562
1999-12-13,1030.6600341796875,1013.6500244140624,1013.6500244140624
1999-12-14,1018.1799926757812,1002.6400146484376,1002.6400146484376
1999-12-15,998.760009765625,963.5800170898438,963.5800170898438
1999-12-16,956.9400024414062,948.5700073242188,948.5700073242188
1999-12-17,958.5499877929688,949.260009765625,949.260009765625
1999-12-20,966.3200073242188,967.0499877929688,967.0499877929688
1999-12-21,981.9099731445312,958.7999877929688,958.7999877929688
1999-12-22,963.4000244140624,967.8300170898438,967.8300170898438
1999-12-23,964.6900024414062,974.1599731445312,974.1599731445312
1999-12-24,992.510009765625,991.6300048828124,991.6300048828124
1999-12-27,1016.1400146484376,1005.72998046875,1005.72998046875
1999-12-28,1010.4099731445312,1028.0699462890625,1028.0699462890625
2000-01-04,1028.3299560546875,1059.0400390625,1059.0400390625
2000-01-05,1006.8699951171876,986.3099975585938,986.3099975585938
2000-01-06,1013.9500122070312,960.7899780273438,960.7899780273438
2000-01-07,949.1699829101562,948.6500244140624,948.6500244140624
2000-01-10,979.6699829101562,987.239990234375,987.239990234375
2000-01-11,992.1699829101562,981.3300170898438,981.3300170898438
2000-01-12,957.97998046875,955.010009765625,955.010009765625
2000-01-13,955.0599975585938,951.0499877929688,951.0499877929688
2000-01-14,958.8200073242188,948.030029296875,948.030029296875
2000-01-17,962.6699829101562,983.27001953125,983.27001953125
2000-01-18,992.3099975585938,981.530029296875,981.530029296875
2000-01-19,969.3099975585938,938.780029296875,938.780029296875
2000-01-20,927.1199951171876,945.9000244140624,945.9000244140624
2000-01-21,928.5499877929688,925.1599731445312,925.1599731445312
2000-01-24,917.9299926757812,926.77001953125,926.77001953125
2000-01-25,909.1199951171876,891.219970703125,891.219970703125
2000-01-26,896.3400268554688,885.5399780273438,885.5399780273438
2000-01-27,888.27001953125,909.22998046875,909.22998046875
2000-01-28,922.739990234375,941.6699829101562,941.6699829101562
2000-01-31,924.8300170898438,943.8800048828124,943.8800048828124
2000-02-01,955.4400024414062,928.75,928.75
2000-02-02,929.6900024414062,943.5900268554688,943.5900268554688
2000-02-03,950.260009765625,950.219970703125,950.219970703125
2000-02-07,953.22998046875,973.1300048828124,973.1300048828124
2000-02-08,977.0700073242188,961.219970703125,961.219970703125
2000-02-09,967.530029296875,976.0499877929688,976.0499877929688
2000-02-10,966.3599853515624,966.1799926757812,966.1799926757812
2000-02-11,990.1099853515624,953.219970703125,953.219970703125
2000-02-14,932.9400024414062,910.8699951171876,910.8699951171876
2000-02-15,916.8900146484376,879.7000122070312,879.7000122070312
2000-02-16,881.030029296875,879.5,879.5
2000-02-17,869.3499755859375,897.52001953125,897.52001953125
2000-02-18,900.7100219726562,897.52001953125,897.52001953125
2000-02-21,864.6099853515625,845.3200073242188,845.3200073242188
2000-02-22,844.1099853515625,850.02001953125,850.02001953125
2000-02-23,866.1400146484375,880.6699829101562,880.6699829101562
2000-02-24,874.530029296875,867.3699951171875,867.3699951171875
2000-02-25,856.0599975585938,864.760009765625,864.760009765625
2000-02-28,850.3599853515625,819.010009765625,819.010009765625
2000-02-29,843.3099975585938,828.3800048828125,828.3800048828125
2000-03-02,864.780029296875,894.6599731445312,894.6599731445312
2000-03-03,909.8099975585938,894.8300170898438,894.8300170898438
2000-03-06,907.5599975585938,909.3300170898438,909.3300170898438
2000-03-07,907.010009765625,907.3400268554688,907.3400268554688
2000-03-08,895.9299926757812,915.239990234375,915.239990234375
2000-03-09,922.7100219726562,884.5900268554688,884.5900268554688
2000-03-10,902.3099975585938,891.3599853515625,891.3599853515625
2000-03-13,890.8699951171875,854.6599731445312,854.6599731445312
2000-03-14,843.1400146484375,846.739990234375,846.739990234375
2000-03-15,837.3499755859375,837.530029296875,837.530029296875
2000-03-16,847.9000244140625,841.219970703125,841.219970703125
2000-03-17,864.3599853515625,855.5700073242188,855.5700073242188
2000-03-20,862.6799926757812,850.510009765625,850.510009765625
2000-03-21,850.9099731445312,863.4099731445312,863.4099731445312
2000-03-22,869.8800048828125,882.4299926757812,882.4299926757812
2000-03-23,888.8900146484375,867.6199951171875,867.6199951171875
2000-03-24,876.9299926757812,889.239990234375,889.239990234375
2000-03-27,893.1300048828125,886.7100219726562,886.7100219726562
2000-03-28,886.510009765625,891.2899780273438,891.2899780273438
2000-03-29,886.6900024414062,908.510009765625,908.510009765625
2000-03-30,905.5900268554688,889.9500122070312,889.9500122070312
2000-03-31,872.02001953125,860.9400024414062,860.9400024414062
2000-04-03,866.75,846.4400024414062,846.4400024414062
2000-04-04,835.239990234375,830.1599731445312,830.1599731445312
2000-04-06,827.22998046875,804.3499755859375,804.3499755859375
2000-04-07,811.3800048828125,837.3800048828125,837.3800048828125
2000-04-10,861.719970703125,870.1699829101562,870.1699829101562
2000-04-11,864.6500244140625,855.0499877929688,855.0499877929688
2000-04-12,841.1599731445312,837.010009765625,837.010009765625
2000-04-14,808.4600219726562,800.8900146484375,800.8900146484375
2000-04-17,762.9600219726562,707.719970703125,707.719970703125
2000-04-18,738.0999755859375,747.2999877929688,747.2999877929688
2000-04-19,767.27001953125,755.0800170898438,755.0800170898438
2000-04-20,752.0399780273438,761.25,761.25
2000-04-21,764.8099975585938,767.1599731445312,767.1599731445312
2000-04-24,767.0499877929688,747.5800170898438,747.5800170898438
2000-04-25,738.5599975585938,737.2000122070312,737.2000122070312
2000-04-26,751.8900146484375,713.22998046875,713.22998046875
2000-04-27,699.2899780273438,692.0700073242188,692.0700073242188
2000-04-28,698.0599975585938,725.3900146484375,725.3900146484375
2000-05-02,731.760009765625,752.5900268554688,752.5900268554688
2000-05-03,751.0700073242188,752.760009765625,752.760009765625
2000-05-04,753.1799926757812,751.2899780273438,751.2899780273438
2000-05-08,759.1500244140625,770.239990234375,770.239990234375
2000-05-09,768.010009765625,760.8499755859375,760.8499755859375
2000-05-10,757.3599853515625,759.510009765625,759.510009765625
2000-05-12,762.7999877929688,740.2999877929688,740.2999877929688
2000-05-15,737.2100219726562,728.6699829101562,728.6699829101562
2000-05-16,729.0999755859375,746.77001953125,746.77001953125
2000-05-17,752.52001953125,727.1799926757812,727.1799926757812
2000-05-18,705.6199951171875,712.9500122070312,712.9500122070312
2000-05-19,712.1300048828125,730.6799926757812,730.6799926757812
2000-05-22,715.5499877929688,691.6099853515625,691.6099853515625
2000-05-23,674.030029296875,679.760009765625,679.760009765625
2000-05-24,669.2100219726562,674.9500122070312,674.9500122070312
2000-05-25,696.6900024414062,699.530029296875,699.530029296875
2000-05-26,690.5399780273438,656.6599731445312,656.6599731445312
2000-05-29,627.4000244140625,655.9299926757812,655.9299926757812
2000-05-30,668.6500244140625,691.260009765625,691.260009765625
2000-05-31,708.0399780273438,731.8800048828125,731.8800048828125
2000-06-01,730.5499877929688,738.489990234375,738.489990234375
2000-06-02,759.219970703125,760.6900024414062,760.6900024414062
2000-06-05,778.47998046875,794.2100219726562,794.2100219726562
2000-06-07,798.22998046875,822.5399780273438,822.5399780273438
2000-06-08,825.5599975585938,800.1099853515625,800.1099853515625
2000-06-09,800.280029296875,836.4000244140625,836.4000244140625
2000-06-12,851.0599975585938,845.8099975585938,845.8099975585938
2000-06-13,833.1799926757812,804.4500122070312,804.4500122070312
2000-06-14,814.0499877929688,819.27001953125,819.27001953125
2000-06-15,814.6199951171875,770.9500122070312,770.9500122070312
2000-06-16,759.5800170898438,759.0399780273438,759.0399780273438
2000-06-19,748.469970703125,755.3800048828125,755.3800048828125
2000-06-20,772.97998046875,785.3200073242188,785.3200073242188
2000-06-21,793.6699829101562,781.8699951171875,781.8699951171875
2000-06-22,795.0800170898438,782.239990234375,782.239990234375
2000-06-23,772.1799926757812,778.9400024414062,778.9400024414062
2000-06-26,782.280029296875,791.5499877929688,791.5499877929688
2000-06-27,799.5800170898438,809.8699951171875,809.8699951171875
2000-06-28,810.4400024414062,818.72998046875,818.72998046875
2000-06-29,828.5900268554688,818.9000244140625,818.9000244140625
2000-06-30,815.030029296875,821.219970703125,821.219970703125
2000-07-03,824.8300170898438,835.2100219726562,835.2100219726562
2000-07-04,840.2000122070312,818.530029296875,818.530029296875
2000-07-05,818.4000244140625,830.4000244140625,830.4000244140625
2000-07-06,822.760009765625,837.6300048828125,837.6300048828125
2000-07-07,841.5,841.739990234375,841.739990234375
2000-07-10,847.5999755859375,851.469970703125,851.469970703125
2000-07-11,856.1699829101562,836.8599853515625,836.8599853515625
2000-07-12,841.1500244140625,839.760009765625,839.760009765625
2000-07-13,840.4500122070312,845.75,845.75
2000-07-14,847.5999755859375,827.9500122070312,827.9500122070312
2000-07-18,822.2999877929688,812.3300170898438,812.3300170898438
2000-07-19,806.75,797.2999877929688,797.2999877929688
2000-07-20,786.219970703125,778.9000244140625,778.9000244140625
2000-07-21,785.97998046875,783.0599975585938,783.0599975585938
2000-07-24,766.4400024414062,737.8900146484375,737.8900146484375
2000-07-25,730.489990234375,737.6400146484375,737.6400146484375
2000-07-26,742.4500122070312,743.8400268554688,743.8400268554688
2000-07-27,730.760009765625,727.6799926757812,727.6799926757812
2000-07-28,706.5599975585938,692.6500244140625,692.6500244140625
2000-07-31,686.3499755859375,705.969970703125,705.969970703125
2000-08-01,710.0499877929688,727.0999755859375,727.0999755859375
2000-08-02,723.3200073242188,728.3300170898438,728.3300170898438
2000-08-03,734.489990234375,722.0800170898438,722.0800170898438
2000-08-04,717.1400146484375,710.0,710.0
2000-08-07,693.5,675.5900268554688,675.5900268554688
2000-08-08,676.219970703125,666.0800170898438,666.0800170898438
2000-08-09,677.219970703125,710.22998046875,710.22998046875
2000-08-10,710.3099975585938,729.280029296875,729.280029296875
2000-08-11,711.4199829101562,722.2100219726562,722.2100219726562
2000-08-14,741.5499877929688,733.25,733.25
2000-08-16,748.72998046875,751.1400146484375,751.1400146484375
2000-08-17,751.3900146484375,743.489990234375,743.489990234375
2000-08-18,747.6500244140625,728.3200073242188,728.3200073242188
2000-08-21,721.02001953125,722.5800170898438,722.5800170898438
2000-08-22,722.9400024414062,738.6099853515625,738.6099853515625
2000-08-23,739.0399780273438,719.7100219726562,719.7100219726562
2000-08-24,722.6199951171875,718.8599853515625,718.8599853515625
2000-08-25,718.8800048828125,729.7999877929688,729.7999877929688
2000-08-28,728.8800048828125,731.8099975585938,731.8099975585938
2000-08-29,733.719970703125,731.5599975585938,731.5599975585938
2000-08-30,726.6300048828125,718.9299926757812,718.9299926757812
2000-08-31,713.4099731445312,688.6199951171875,688.6199951171875
2000-09-01,690.9299926757812,692.1900024414062,692.1900024414062
2000-09-04,690.9500122070312,681.2999877929688,681.2999877929688
2000-09-05,677.739990234375,679.239990234375,679.239990234375
2000-09-06,677.5499877929688,676.6900024414062,676.6900024414062
2000-09-07,663.0900268554688,656.3699951171875,656.3699951171875
2000-09-08,658.4600219726562,653.6799926757812,653.6799926757812
2000-09-14,636.7000122070312,650.1400146484375,650.1400146484375
2000-09-15,642.0999755859375,628.2000122070312,628.2000122070312
2000-09-18,591.97998046875,577.5599975585938,577.5599975585938
2000-09-19,564.9299926757812,571.1699829101562,571.1699829101562
2000-09-20,594.3200073242188,606.0800170898438,606.0800170898438
2000-09-21,603.510009765625,595.989990234375,595.989990234375
2000-09-22,574.260009765625,553.25,553.25
2000-09-25,562.7899780273438,584.6300048828125,584.6300048828125
2000-09-26,576.9500122070312,587.5999755859375,587.5999755859375
2000-09-27,586.5700073242188,599.3099975585938,599.3099975585938
2000-09-28,606.5999755859375,605.8499755859375,605.8499755859375
2000-09-29,612.1099853515625,613.219970703125,613.219970703125
2000-10-02,595.6799926757812,589.219970703125,589.219970703125
2000-10-04,578.3800048828125,598.4199829101562,598.4199829101562
2000-10-05,605.8099975585938,606.7899780273438,606.7899780273438
2000-10-06,601.5700073242188,608.8499755859375,608.8499755859375
2000-10-09,606.8099975585938,589.1799926757812,589.1799926757812
2000-10-10,588.719970703125,588.3400268554688,588.3400268554688
2000-10-11,576.4400024414062,557.1799926757812,557.1799926757812
2000-10-12,548.4400024414062,534.7100219726562,534.7100219726562
2000-10-13,514.8200073242188,524.5999755859375,524.5999755859375
2000-10-16,557.1099853515625,550.0999755859375,550.0999755859375
2000-10-17,536.2000122070312,512.8499755859375,512.8499755859375
2000-10-18,501.0899963378906,514.1699829101562,514.1699829101562
2000-10-19,510.1900024414063,515.0399780273438,515.0399780273438
2000-10-20,540.6799926757812,545.969970703125,545.969970703125
2000-10-23,555.1099853515625,528.3699951171875,528.3699951171875
2000-10-24,527.3599853515625,545.0499877929688,545.0499877929688
2000-10-25,539.9299926757812,542.3300170898438,542.3300170898438
2000-10-26,528.27001953125,523.6699829101562,523.6699829101562
2000-10-27,528.5900268554688,515.3400268554688,515.3400268554688
2000-10-30,514.8200073242188,504.7300109863281,504.7300109863281
2000-10-31,497.5899963378906,514.47998046875,514.47998046875
2000-11-01,524.6900024414062,548.760009765625,548.760009765625
2000-11-02,543.9400024414062,558.0999755859375,558.0999755859375
2000-11-03,563.5,560.4099731445312,560.4099731445312
2000-11-06,557.6400146484375,556.6599731445312,556.6599731445312
2000-11-07,560.5499877929688,553.3499755859375,553.3499755859375
2000-11-08,549.2100219726562,558.0900268554688,558.0900268554688
2000-11-09,549.4400024414062,560.6599731445312,560.6599731445312
2000-11-10,557.9400024414062,565.1799926757812,565.1799926757812
2000-11-13,552.4400024414062,538.9400024414062,538.9400024414062
2000-11-14,543.530029296875,552.989990234375,552.989990234375
2000-11-15,566.4099731445312,557.47998046875,557.47998046875
2000-11-16,557.8499755859375,555.0399780273438,555.0399780273438
2000-11-17,548.4299926757812,551.260009765625,551.260009765625
2000-11-20,543.780029296875,537.4000244140625,537.4000244140625
2000-11-21,529.510009765625,531.4500122070312,531.4500122070312
2000-11-22,525.5,522.3300170898438,522.3300170898438
2000-11-23,515.47998046875,514.3099975585938,514.3099975585938
2000-11-24,518.1500244140625,530.8400268554688,530.8400268554688
2000-11-27,542.27001953125,554.0399780273438,554.0399780273438
2000-11-28,544.4400024414062,536.9400024414062,536.9400024414062
2000-11-29,522.97998046875,516.4400024414062,516.4400024414062
2000-11-30,518.8200073242188,509.2300109863281,509.2300109863281
2000-12-01,490.8800048828125,514.4600219726562,514.4600219726562
2000-12-04,520.1400146484375,501.7300109863281,501.7300109863281
2000-12-05,505.1000061035156,516.9600219726562,516.9600219726562
2000-12-06,535.1900024414062,517.8900146484375,517.8900146484375
2000-12-07,517.47998046875,523.780029296875,523.780029296875
2000-12-08,523.4000244140625,534.8099975585938,534.8099975585938
2000-12-11,543.4600219726562,554.7999877929688,554.7999877929688
2000-12-12,556.219970703125,543.0800170898438,543.0800170898438
2000-12-13,540.3499755859375,557.8400268554688,557.8400268554688
2000-12-14,548.1400146484375,547.3800048828125,547.3800048828125
2000-12-15,544.530029296875,534.0,534.0
2000-12-18,529.3699951171875,539.27001953125,539.27001953125
2000-12-19,541.22998046875,530.7999877929688,530.7999877929688
2000-12-20,517.3699951171875,514.2100219726562,514.2100219726562
2000-12-21,498.6000061035156,511.8999938964844,511.8999938964844
2000-12-22,514.5399780273438,500.6000061035156,500.6000061035156
2000-12-26,509.0899963378906,504.6199951171875,504.6199951171875
2001-01-02,503.30999755859375,520.9500122070312,520.9500122070312
2001-01-03,512.739990234375,521.4299926757812,521.4299926757812
2001-01-04,551.530029296875,558.02001953125,558.02001953125
2001-01-05,559.5399780273438,580.8499755859375,580.8499755859375
2001-01-08,573.719970703125,586.6500244140625,586.6500244140625
2001-01-09,583.8499755859375,589.9199829101562,589.9199829101562
2001-01-10,586.6300048828125,560.8099975585938,560.8099975585938
2001-01-11,568.260009765625,561.7899780273438,561.7899780273438
2001-01-12,578.9500122070312,587.8699951171875,587.8699951171875
2001-01-15,595.0599975585938,599.0,599.0
2001-01-16,600.6799926757812,603.4199829101562,603.4199829101562
2001-01-17,600.75,595.8300170898438,595.8300170898438
2001-01-18,597.1500244140625,604.0499877929688,604.0499877929688
2001-01-19,622.25,619.780029296875,619.780029296875
2001-01-22,622.52001953125,627.4500122070312,627.4500122070312
2001-01-26,623.6799926757812,591.72998046875,591.72998046875
2001-01-29,592.75,596.5399780273438,596.5399780273438
2001-01-30,601.2899780273438,591.3400268554688,591.3400268554688
2001-01-31,594.760009765625,617.9099731445312,617.9099731445312
2001-02-01,606.489990234375,612.2999877929688,612.2999877929688
2001-02-02,614.510009765625,608.47998046875,608.47998046875
2001-02-05,594.9099731445312,579.1599731445312,579.1599731445312
2001-02-06,577.25,586.5800170898438,586.5800170898438
2001-02-07,584.9299926757812,576.1900024414062,576.1900024414062
2001-02-08,577.1199951171875,591.5700073242188,591.5700073242188
2001-02-09,588.3599853515625,595.469970703125,595.469970703125
2001-02-12,587.6199951171875,599.2000122070312,599.2000122070312
2001-02-13,603.1500244140625,598.780029296875,598.780029296875
2001-02-14,594.9299926757812,603.8300170898438,603.8300170898438
2001-02-15,611.260009765625,603.6300048828125,603.6300048828125
2001-02-16,605.469970703125,604.9199829101562,604.9199829101562
2001-02-19,595.6599731445312,596.6699829101562,596.6699829101562
2001-02-20,595.77001953125,608.739990234375,608.739990234375
2001-02-21,605.489990234375,594.530029296875,594.530029296875
2001-02-22,589.2999877929688,583.4099731445312,583.4099731445312
2001-02-23,579.969970703125,583.52001953125,583.52001953125
2001-02-26,585.1599731445312,585.3200073242188,585.3200073242188
2001-02-27,590.1400146484375,577.5700073242188,577.5700073242188
2001-02-28,571.6400146484375,578.0999755859375,578.0999755859375
2001-03-02,574.6099853515625,559.4400024414062,559.4400024414062
2001-03-05,549.27001953125,565.3800048828125,565.3800048828125
2001-03-06,569.1400146484375,568.1500244140625,568.1500244140625
2001-03-07,574.52001953125,568.6400146484375,568.6400146484375
2001-03-08,569.7899780273438,579.280029296875,579.280029296875
2001-03-09,572.1099853515625,565.760009765625,565.760009765625
2001-03-12,554.3599853515625,545.0499877929688,545.0499877929688
2001-03-13,527.9400024414062,527.969970703125,527.969970703125
2001-03-14,541.4199829101562,543.280029296875,543.280029296875
2001-03-15,523.280029296875,541.8300170898438,541.8300170898438
2001-03-16,541.3099975585938,538.6699829101562,538.6699829101562
2001-03-19,531.8400268554688,534.3300170898438,534.3300170898438
2001-03-20,542.1300048828125,531.5900268554688,531.5900268554688
2001-03-21,520.7100219726562,532.5900268554688,532.5900268554688
2001-03-22,530.8800048828125,527.0499877929688,527.0499877929688
2001-03-23,532.010009765625,537.969970703125,537.969970703125
2001-03-26,544.75,545.97998046875,545.97998046875
2001-03-27,546.27001953125,532.9000244140625,532.9000244140625
2001-03-28,541.4299926757812,528.7899780273438,528.7899780273438
2001-03-29,522.989990234375,523.7999877929688,523.7999877929688
2001-03-30,524.6300048828125,523.219970703125,523.219970703125
2001-04-02,520.5599975585938,515.2000122070312,515.2000122070312
2001-04-03,505.3800048828125,503.260009765625,503.260009765625
2001-04-04,496.0299987792969,493.6900024414063,493.6900024414063
2001-04-06,518.0599975585938,506.2200012207031,506.2200012207031
2001-04-09,503.0700073242188,497.4599914550781,497.4599914550781
2001-04-10,500.9700012207031,491.2099914550781,491.2099914550781
2001-04-11,505.239990234375,507.5299987792969,507.5299987792969
2001-04-12,516.72998046875,514.2100219726562,514.2100219726562
2001-04-13,518.6400146484375,516.0999755859375,516.0999755859375
2001-04-16,514.5499877929688,508.3500061035156,508.3500061035156
2001-04-17,506.9200134277344,513.969970703125,513.969970703125
2001-04-18,523.260009765625,540.0,540.0
2001-04-19,567.489990234375,563.3099975585938,563.3099975585938
2001-04-20,567.6599731445312,556.2899780273438,556.2899780273438
2001-04-23,559.0900268554688,560.9400024414062,560.9400024414062
2001-04-24,552.3200073242188,555.6400146484375,555.6400146484375
2001-04-25,552.6900024414062,566.3400268554688,566.3400268554688
2001-04-26,569.5800170898438,561.6199951171875,561.6199951171875
2001-04-27,561.0599975585938,556.6300048828125,556.6300048828125
2001-04-30,565.4400024414062,577.3599853515625,577.3599853515625
2001-05-02,586.27001953125,583.7000122070312,583.7000122070312
2001-05-03,583.219970703125,584.4000244140625,584.4000244140625
2001-05-04,575.6900024414062,585.5999755859375,585.5999755859375
2001-05-07,588.8800048828125,596.5,596.5
2001-05-08,594.3200073242188,590.9099731445312,590.9099731445312
2001-05-09,589.0599975585938,578.8400268554688,578.8400268554688
2001-05-10,579.1599731445312,581.3800048828125,581.3800048828125
2001-05-11,581.739990234375,583.0599975585938,583.0599975585938
2001-05-14,585.1300048828125,584.0800170898438,584.0800170898438
2001-05-15,583.72998046875,581.2999877929688,581.2999877929688
2001-05-16,578.6799926757812,572.4000244140625,572.4000244140625
2001-05-17,588.1500244140625,596.3900146484375,596.3900146484375
2001-05-18,594.5599975585938,600.5399780273438,600.5399780273438
2001-05-21,606.8699951171875,618.9600219726562,618.9600219726562
2001-05-22,628.8200073242188,617.989990234375,617.989990234375
2001-05-23,620.030029296875,622.5999755859375,622.5999755859375
2001-05-24,614.219970703125,622.280029296875,622.280029296875
2001-05-25,626.969970703125,624.1099853515625,624.1099853515625
2001-05-28,620.2000122070312,618.469970703125,618.469970703125
2001-05-29,616.9400024414062,632.0499877929688,632.0499877929688
2001-05-30,629.4500122070312,628.4199829101562,628.4199829101562
2001-05-31,612.4500122070312,612.1599731445312,612.1599731445312
2001-06-01,615.6699829101562,607.0700073242188,607.0700073242188
2001-06-04,609.0599975585938,610.9099731445312,610.9099731445312
2001-06-05,612.6300048828125,597.6599731445312,597.6599731445312
2001-06-07,594.280029296875,601.1400146484375,601.1400146484375
2001-06-08,608.47998046875,621.780029296875,621.780029296875
2001-06-11,612.4600219726562,608.22998046875,608.22998046875
2001-06-12,605.3599853515625,607.1500244140625,607.1500244140625
2001-06-13,611.7899780273438,614.0499877929688,614.0499877929688
2001-06-14,612.9600219726562,613.75,613.75
2001-06-15,609.5399780273438,618.9600219726562,618.9600219726562
2001-06-18,617.6599731445312,608.780029296875,608.780029296875
2001-06-19,606.0399780273438,608.9099731445312,608.9099731445312
2001-06-20,603.2899780273438,595.719970703125,595.719970703125
2001-06-21,597.719970703125,595.530029296875,595.530029296875
2001-06-22,597.3400268554688,599.0800170898438,599.0800170898438
2001-06-25,597.3699951171875,598.02001953125,598.02001953125
2001-06-26,597.8099975585938,588.7100219726562,588.7100219726562
2001-06-27,587.3099975585938,584.760009765625,584.760009765625
2001-06-28,585.6599731445312,583.27001953125,583.27001953125
2001-06-29,594.02001953125,595.1300048828125,595.1300048828125
2001-07-02,593.030029296875,596.739990234375,596.739990234375
2001-07-03,598.6699829101562,594.3099975585938,594.3099975585938
2001-07-04,591.010009765625,597.25,597.25
2001-07-05,598.9500122070312,593.6099853515625,593.6099853515625
2001-07-06,581.8499755859375,578.5399780273438,578.5399780273438
2001-07-09,565.3400268554688,560.0,560.0
2001-07-10,563.2100219726562,558.5999755859375,558.5999755859375
2001-07-11,547.1500244140625,553.6500244140625,553.6500244140625
2001-07-12,561.5,559.9500122070312,559.9500122070312
2001-07-13,571.1599731445312,548.489990234375,548.489990234375
2001-07-16,551.4299926757812,548.9299926757812,548.9299926757812
2001-07-18,550.9400024414062,540.530029296875,540.530029296875
2001-07-19,534.1300048828125,545.739990234375,545.739990234375
2001-07-20,540.260009765625,537.7100219726562,537.7100219726562
2001-07-23,535.0,524.2100219726562,524.2100219726562
2001-07-24,518.9400024414062,526.6199951171875,526.6199951171875
2001-07-25,519.739990234375,526.0800170898438,526.0800170898438
2001-07-26,529.6500244140625,529.219970703125,529.219970703125
2001-07-27,536.8599853515625,541.1300048828125,541.1300048828125
2001-07-30,542.0800170898438,533.530029296875,533.530029296875
2001-07-31,534.8400268554688,541.5499877929688,541.5499877929688
2001-08-01,546.2999877929688,562.7899780273438,562.7899780273438
2001-08-02,565.3900146484375,567.4600219726562,567.4600219726562
2001-08-03,572.0,568.6900024414062,568.6900024414062
2001-08-06,564.719970703125,569.3699951171875,569.3699951171875
2001-08-07,562.1699829101562,567.5,567.5
2001-08-08,568.0700073242188,565.9400024414062,565.9400024414062
2001-08-09,554.4600219726562,549.6699829101562,549.6699829101562
2001-08-10,556.0399780273438,555.3400268554688,555.3400268554688
2001-08-13,558.47998046875,562.0,562.0
2001-08-14,565.2000122070312,577.1500244140625,577.1500244140625
2001-08-16,571.1900024414062,580.9500122070312,580.9500122070312
2001-08-17,581.52001953125,580.989990234375,580.989990234375
2001-08-20,568.5800170898438,567.0900268554688,567.0900268554688
2001-08-21,571.77001953125,568.6799926757812,568.6799926757812
2001-08-22,560.530029296875,574.8699951171875,574.8699951171875
2001-08-23,578.6199951171875,570.0700073242188,570.0700073242188
2001-08-24,571.969970703125,569.3099975585938,569.3099975585938
2001-08-27,577.4600219726562,578.739990234375,578.739990234375
2001-08-28,577.75,576.510009765625,576.510009765625
2001-08-29,569.77001953125,565.6300048828125,565.6300048828125
2001-08-30,555.97998046875,564.3599853515625,564.3599853515625
2001-08-31,552.780029296875,545.1099853515625,545.1099853515625
2001-09-03,545.02001953125,541.8300170898438,541.8300170898438
2001-09-04,543.0999755859375,558.7899780273438,558.7899780273438
2001-09-05,550.4299926757812,551.9099731445312,551.9099731445312
2001-09-06,552.4099731445312,552.5900268554688,552.5900268554688
2001-09-07,546.7899780273438,555.0800170898438,555.0800170898438
2001-09-10,547.989990234375,550.72998046875,550.72998046875
2001-09-11,550.9000244140625,540.5700073242188,540.5700073242188
2001-09-12,490.1400146484375,475.6000061035156,475.6000061035156
2001-09-13,491.6099853515625,499.25,499.25
2001-09-14,497.1499938964844,482.2900085449219,482.2900085449219
2001-09-17,475.30999755859375,468.760009765625,468.760009765625
2001-09-18,481.4500122070313,484.9299926757813,484.9299926757813
2001-09-19,484.1600036621094,486.75,486.75
2001-09-20,482.7900085449219,480.2699890136719,480.2699890136719
2001-09-21,466.5700073242188,472.30999755859375,472.30999755859375
2001-09-24,473.75,482.1900024414063,482.1900024414063
2001-09-25,491.5899963378906,472.1300048828125,472.1300048828125
2001-09-26,473.4100036621094,472.8500061035156,472.8500061035156
2001-09-27,467.4500122070313,472.3800048828125,472.3800048828125
2001-09-28,475.55999755859375,479.6799926757813,479.6799926757813
2001-10-04,498.8699951171875,500.6400146484375,500.6400146484375
2001-10-05,499.7999877929688,501.9200134277344,501.9200134277344
2001-10-08,497.4400024414063,496.1300048828125,496.1300048828125
2001-10-09,501.0199890136719,507.6099853515625,507.6099853515625
2001-10-10,503.0799865722656,503.4599914550781,503.4599914550781
2001-10-11,514.8400268554688,517.0499877929688,517.0499877929688
2001-10-12,526.0599975585938,516.4000244140625,516.4000244140625
2001-10-15,513.5499877929688,513.989990234375,513.989990234375
2001-10-16,514.4299926757812,521.9099731445312,521.9099731445312
2001-10-17,527.8099975585938,528.2899780273438,528.2899780273438
2001-10-18,522.3099975585938,524.2100219726562,524.2100219726562
2001-10-19,522.9299926757812,528.0399780273438,528.0399780273438
2001-10-22,532.0,528.7000122070312,528.7000122070312
2001-10-23,533.6799926757812,530.5,530.5
2001-10-24,532.6300048828125,541.489990234375,541.489990234375
2001-10-25,542.8300170898438,542.1900024414062,542.1900024414062
2001-10-26,545.1500244140625,543.4099731445312,543.4099731445312
2001-10-29,548.219970703125,547.8699951171875,547.8699951171875
2001-10-30,538.989990234375,533.8699951171875,533.8699951171875
2001-10-31,530.530029296875,537.8099975585938,537.8099975585938
2001-11-01,540.6300048828125,544.0900268554688,544.0900268554688
2001-11-02,547.989990234375,550.5700073242188,550.5700073242188
2001-11-05,555.6199951171875,561.6199951171875,561.6199951171875
2001-11-06,567.3499755859375,565.469970703125,565.469970703125
2001-11-07,567.030029296875,562.030029296875,562.030029296875
2001-11-08,564.8200073242188,573.0399780273438,573.0399780273438
2001-11-09,575.0999755859375,576.75,576.75
2001-11-12,581.7100219726562,584.47998046875,584.47998046875
2001-11-13,580.8699951171875,588.8300170898438,588.8300170898438
2001-11-14,595.0,606.6799926757812,606.6799926757812
2001-11-15,602.0900268554688,606.4400024414062,606.4400024414062
2001-11-16,605.7100219726562,610.8800048828125,610.8800048828125
2001-11-19,610.77001953125,626.4299926757812,626.4299926757812
2001-11-20,630.969970703125,616.3300170898438,616.3300170898438
2001-11-21,609.8800048828125,615.4500122070312,615.4500122070312
2001-11-22,617.8200073242188,624.5599975585938,624.5599975585938
2001-11-23,627.4500122070312,645.1799926757812,645.1799926757812
2001-11-26,655.0800170898438,674.5599975585938,674.5599975585938
2001-11-27,674.6099853515625,670.0999755859375,670.0999755859375
2001-11-28,661.97998046875,632.02001953125,632.02001953125
2001-11-29,624.1799926757812,628.8599853515625,628.8599853515625
2001-11-30,645.6300048828125,643.8900146484375,643.8900146484375
2001-12-03,643.6099853515625,650.6599731445312,650.6599731445312
2001-12-04,648.510009765625,649.9000244140625,649.9000244140625
2001-12-05,663.47998046875,688.3099975585938,688.3099975585938
2001-12-06,707.0599975585938,686.6099853515625,686.6099853515625
2001-12-07,691.3699951171875,704.5,704.5
2001-12-10,701.3599853515625,668.77001953125,668.77001953125
2001-12-11,659.760009765625,670.0800170898438,670.0800170898438
2001-12-12,667.010009765625,681.4299926757812,681.4299926757812
2001-12-13,682.469970703125,676.5900268554688,676.5900268554688
2001-12-14,666.989990234375,665.2000122070312,665.2000122070312
2001-12-17,661.2899780273438,648.280029296875,648.280029296875
2001-12-18,655.969970703125,643.760009765625,643.760009765625
2001-12-19,652.9099731445312,647.0499877929688,647.0499877929688
2001-12-20,649.2999877929688,664.510009765625,664.510009765625
2001-12-21,651.9000244140625,644.7100219726562,644.7100219726562
2001-12-24,647.72998046875,646.489990234375,646.489990234375
2001-12-26,650.22998046875,653.8699951171875,653.8699951171875
2001-12-27,650.3099975585938,668.5499877929688,668.5499877929688
2001-12-28,680.219970703125,693.7000122070312,693.7000122070312
2002-01-02,698.0,724.9500122070312,724.9500122070312
2002-01-03,726.760009765625,727.6599731445312,727.6599731445312
2002-01-04,744.4600219726562,747.719970703125,747.719970703125
2002-01-07,748.5399780273438,751.47998046875,751.47998046875
2002-01-08,747.2100219726562,734.760009765625,734.760009765625
2002-01-09,732.3800048828125,751.6099853515625,751.6099853515625
2002-01-10,747.4400024414062,728.22998046875,728.22998046875
2002-01-11,737.3099975585938,727.3599853515625,727.3599853515625
2002-01-14,721.4299926757812,744.030029296875,744.030029296875
2002-01-15,732.5800170898438,718.6400146484375,718.6400146484375
2002-01-16,718.0800170898438,710.9500122070312,710.9500122070312
2002-01-17,703.4299926757812,713.5,713.5
2002-01-18,713.3499755859375,708.469970703125,708.469970703125
2002-01-21,704.72998046875,717.3499755859375,717.3499755859375
2002-01-22,721.6500244140625,724.3599853515625,724.3599853515625
2002-01-23,715.7899780273438,742.6199951171875,742.6199951171875
2002-01-24,749.5999755859375,757.7100219726562,757.7100219726562
2002-01-25,769.510009765625,774.6799926757812,774.6799926757812
2002-01-28,787.6500244140625,780.239990234375,780.239990234375
2002-01-29,780.469970703125,774.030029296875,774.030029296875
2002-01-30,748.780029296875,749.4500122070312,749.4500122070312
2002-01-31,761.1199951171875,748.0700073242188,748.0700073242188
2002-02-01,757.0700073242188,742.4199829101562,742.4199829101562
2002-02-04,740.97998046875,730.2100219726562,730.2100219726562
2002-02-05,720.7000122070312,739.9099731445312,739.9099731445312
2002-02-06,736.4500122070312,741.5499877929688,741.5499877929688
2002-02-07,736.6199951171875,727.7100219726562,727.7100219726562
2002-02-08,730.8200073242188,739.6599731445312,739.6599731445312
2002-02-14,764.1500244140625,796.1799926757812,796.1799926757812
2002-02-15,781.989990234375,783.5900268554688,783.5900268554688
2002-02-18,783.75,790.3699951171875,790.3699951171875
2002-02-19,794.3300170898438,782.27001953125,782.27001953125
2002-02-20,774.010009765625,776.8900146484375,776.8900146484375
2002-02-21,788.6300048828125,787.6199951171875,787.6199951171875
2002-02-22,774.780029296875,792.0,792.0
2002-02-25,796.7999877929688,791.47998046875,791.47998046875
2002-02-26,806.219970703125,801.1400146484375,801.1400146484375
2002-02-27,800.7000122070312,822.1099853515625,822.1099853515625
2002-02-28,825.1199951171875,819.989990234375,819.989990234375
2002-03-04,842.2100219726562,834.2100219726562,834.2100219726562
2002-03-05,847.8599853515625,841.9500122070312,841.9500122070312
2002-03-06,840.4500122070312,843.0599975585938,843.0599975585938
2002-03-07,847.8599853515625,829.4400024414062,829.4400024414062
2002-03-08,828.9000244140625,825.27001953125,825.27001953125
2002-03-11,828.219970703125,827.02001953125,827.02001953125
2002-03-12,824.47998046875,846.030029296875,846.030029296875
2002-03-13,841.9299926757812,849.1300048828125,849.1300048828125
2002-03-14,846.6400146484375,856.8599853515625,856.8599853515625
2002-03-15,847.5700073242188,860.3599853515625,860.3599853515625
2002-03-18,877.1900024414062,869.7100219726562,869.7100219726562
2002-03-19,872.6500244140625,889.97998046875,889.97998046875
2002-03-20,895.3300170898438,887.47998046875,887.47998046875
2002-03-21,875.6099853515625,885.6400146484375,885.6400146484375
2002-03-22,890.3200073242188,895.97998046875,895.97998046875
2002-03-25,901.4299926757812,879.4099731445312,879.4099731445312
2002-03-26,872.5700073242188,881.030029296875,881.030029296875
2002-03-27,888.3200073242188,902.4600219726562,902.4600219726562
2002-03-28,905.1900024414062,892.6699829101562,892.6699829101562
2002-03-29,902.0499877929688,895.5800170898438,895.5800170898438
2002-04-01,900.469970703125,875.8300170898438,875.8300170898438
2002-04-02,878.9000244140625,905.3400268554688,905.3400268554688
2002-04-03,899.97998046875,918.5900268554688,918.5900268554688
2002-04-04,912.9400024414062,918.010009765625,918.010009765625
2002-04-08,920.8300170898438,900.6900024414062,900.6900024414062
2002-04-09,903.7899780273438,888.6699829101562,888.6699829101562
2002-04-10,882.0800170898438,856.030029296875,856.030029296875
2002-04-11,858.219970703125,862.8599853515625,862.8599853515625
2002-04-12,855.0399780273438,875.6900024414062,875.6900024414062
2002-04-15,879.0399780273438,894.280029296875,894.280029296875
2002-04-16,896.4099731445312,901.2899780273438,901.2899780273438
2002-04-17,919.469970703125,930.510009765625,930.510009765625
2002-04-18,926.6900024414062,937.6099853515624,937.6099853515624
2002-04-19,936.8900146484376,923.9400024414062,923.9400024414062
2002-04-22,930.0999755859376,920.8900146484376,920.8900146484376
2002-04-23,918.0599975585938,925.7000122070312,925.7000122070312
2002-04-24,921.75,915.6900024414062,915.6900024414062
2002-04-25,898.4400024414062,872.5800170898438,872.5800170898438
2002-04-26,871.5399780273438,869.6500244140625,869.6500244140625
2002-04-29,848.52001953125,838.510009765625,838.510009765625
2002-04-30,840.3099975585938,842.3400268554688,842.3400268554688
2002-05-02,855.4099731445312,859.8599853515625,859.8599853515625
2002-05-03,852.0399780273438,856.719970703125,856.719970703125
2002-05-06,840.9299926757812,826.8699951171875,826.8699951171875
2002-05-07,814.0599975585938,826.3400268554688,826.3400268554688
2002-05-08,839.02001953125,844.6699829101562,844.6699829101562
2002-05-09,865.2999877929688,838.6699829101562,838.6699829101562
2002-05-10,835.030029296875,817.9299926757812,817.9299926757812
2002-05-13,808.969970703125,821.8900146484375,821.8900146484375
2002-05-14,834.489990234375,837.3699951171875,837.3699951171875
2002-05-15,850.5800170898438,862.6199951171875,862.6199951171875
2002-05-16,861.9500122070312,858.0399780273438,858.0399780273438
2002-05-17,867.4400024414062,875.030029296875,875.030029296875
2002-05-20,876.3699951171875,865.780029296875,865.780029296875
2002-05-21,858.4199829101562,837.5599975585938,837.5599975585938
2002-05-22,837.5900268554688,863.0599975585938,863.0599975585938
2002-05-23,858.5,845.510009765625,845.510009765625
2002-05-24,853.4099731445312,854.5700073242188,854.5700073242188
2002-05-27,850.1199951171875,840.5700073242188,840.5700073242188
2002-05-28,845.780029296875,848.7999877929688,848.7999877929688
2002-05-29,838.72998046875,835.1900024414062,835.1900024414062
2002-05-30,825.8400268554688,815.6099853515625,815.6099853515625
2002-05-31,815.1400146484375,796.4000244140625,796.4000244140625
2002-06-03,793.530029296875,804.9299926757812,804.9299926757812
2002-06-04,789.0,806.3300170898438,806.3300170898438
2002-06-05,813.0399780273438,809.5900268554688,809.5900268554688
2002-06-07,793.9000244140625,795.1599731445312,795.1599731445312
2002-06-10,803.1799926757812,811.9000244140625,811.9000244140625
2002-06-11,810.0800170898438,815.3300170898438,815.3300170898438
2002-06-12,809.530029296875,823.0599975585938,823.0599975585938
2002-06-14,820.4299926757812,822.010009765625,822.010009765625
2002-06-17,824.1799926757812,809.1599731445312,809.1599731445312
2002-06-18,824.25,809.4000244140625,809.4000244140625
2002-06-19,806.3599853515625,776.3699951171875,776.3699951171875
2002-06-20,769.8300170898438,776.8099975585938,776.8099975585938
2002-06-21,767.5,778.530029296875,778.530029296875
2002-06-24,767.8300170898438,767.9199829101562,767.9199829101562
2002-06-25,773.75,755.9199829101562,755.9199829101562
2002-06-26,735.4400024414062,701.8699951171875,701.8699951171875
2002-06-27,717.8900146484375,710.4299926757812,710.4299926757812
2002-06-28,723.72998046875,742.719970703125,742.719970703125
2002-07-02,722.5800170898438,746.22998046875,746.22998046875
2002-07-03,740.8599853515625,753.3599853515625,753.3599853515625
2002-07-04,762.1599731445312,768.739990234375,768.739990234375
2002-07-05,768.510009765625,787.8300170898438,787.8300170898438
2002-07-08,807.1199951171875,783.3499755859375,783.3499755859375
2002-07-09,787.8300170898438,801.989990234375,801.989990234375
2002-07-10,795.02001953125,794.7100219726562,794.7100219726562
2002-07-11,782.75,764.8800048828125,764.8800048828125
2002-07-12,780.489990234375,792.9299926757812,792.9299926757812
2002-07-15,787.6500244140625,783.52001953125,783.52001953125
2002-07-16,785.280029296875,771.4500122070312,771.4500122070312
2002-07-18,774.25,773.8499755859375,773.8499755859375
2002-07-19,759.4099731445312,754.6199951171875,754.6199951171875
2002-07-22,724.489990234375,720.9000244140625,720.9000244140625
2002-07-23,715.8099975585938,743.52001953125,743.52001953125
2002-07-24,723.760009765625,721.4099731445312,721.4099731445312
2002-07-25,752.780029296875,723.52001953125,723.52001953125
2002-07-26,716.969970703125,697.8400268554688,697.8400268554688
2002-07-29,704.0800170898438,700.3499755859375,700.3499755859375
2002-07-30,722.5800170898438,724.0800170898438,724.0800170898438
2002-07-31,725.030029296875,717.989990234375,717.989990234375
2002-08-01,720.989990234375,707.7999877929688,707.7999877929688
2002-08-02,693.9500122070312,700.6799926757812,700.6799926757812
2002-08-05,690.77001953125,675.760009765625,675.760009765625
2002-08-06,660.9400024414062,673.780029296875,673.780029296875
2002-08-07,685.0599975585938,679.3699951171875,679.3699951171875
2002-08-08,684.4000244140625,684.489990234375,684.489990234375
2002-08-09,699.0900268554688,692.4500122070312,692.4500122070312
2002-08-12,693.989990234375,695.3900146484375,695.3900146484375
2002-08-13,695.1400146484375,708.6300048828125,708.6300048828125
2002-08-14,699.2899780273438,711.239990234375,711.239990234375
2002-08-16,724.3300170898438,718.2899780273438,718.2899780273438
2002-08-19,722.8499755859375,717.5800170898438,717.5800170898438
2002-08-20,732.6199951171875,736.7000122070312,736.7000122070312
2002-08-21,734.4199829101562,745.1199951171875,745.1199951171875
2002-08-22,749.2999877929688,745.75,745.75
2002-08-23,748.0999755859375,740.510009765625,740.510009765625
2002-08-26,731.8200073242188,734.7899780273438,734.7899780273438
2002-08-27,737.0900268554688,724.1699829101562,724.1699829101562
2002-08-28,718.3499755859375,724.0499877929688,724.0499877929688
2002-08-29,720.5599975585938,724.9400024414062,724.9400024414062
2002-08-30,726.25,736.4000244140625,736.4000244140625
2002-09-02,739.8400268554688,751.97998046875,751.97998046875
2002-09-03,752.8599853515625,740.5900268554688,740.5900268554688
2002-09-04,726.5800170898438,723.0499877929688,723.0499877929688
2002-09-05,730.969970703125,720.97998046875,720.97998046875
2002-09-06,716.25,708.72998046875,708.72998046875
2002-09-09,714.5800170898438,697.8900146484375,697.8900146484375
2002-09-10,701.6699829101562,713.2999877929688,713.2999877929688
2002-09-11,717.969970703125,724.7100219726562,724.7100219726562
2002-09-12,725.4299926757812,739.219970703125,739.219970703125
2002-09-13,726.1300048828125,718.1699829101562,718.1699829101562
2002-09-16,721.4500122070312,704.3800048828125,704.3800048828125
2002-09-17,715.1599731445312,726.7999877929688,726.7999877929688
2002-09-18,708.0599975585938,703.8699951171875,703.8699951171875
2002-09-19,705.1099853515625,704.1199951171875,704.1199951171875
2002-09-23,692.1400146484375,679.4299926757812,679.4299926757812
2002-09-24,667.2100219726562,672.280029296875,672.280029296875
2002-09-25,669.3599853515625,657.9600219726562,657.9600219726562
2002-09-26,672.9099731445312,662.4099731445312,662.4099731445312
2002-09-27,665.2000122070312,663.719970703125,663.719970703125
2002-09-30,645.280029296875,646.4199829101562,646.4199829101562
2002-10-01,637.8099975585938,652.1300048828125,652.1300048828125
2002-10-02,666.77001953125,648.0999755859375,648.0999755859375
2002-10-04,642.4299926757812,650.9199829101562,650.9199829101562
2002-10-07,644.3200073242188,627.4000244140625,627.4000244140625
2002-10-08,626.0900268554688,634.8400268554688,634.8400268554688
2002-10-09,637.010009765625,619.9400024414062,619.9400024414062
2002-10-10,610.6799926757812,584.0399780273438,584.0399780273438
2002-10-11,602.8800048828125,587.510009765625,587.510009765625
2002-10-14,604.4299926757812,614.27001953125,614.27001953125
2002-10-15,620.760009765625,629.5700073242188,629.5700073242188
2002-10-16,641.1199951171875,636.25,636.25
2002-10-17,633.4600219726562,644.6599731445312,644.6599731445312
2002-10-18,660.6699829101562,670.7899780273438,670.7899780273438
2002-10-21,666.510009765625,652.6699829101562,652.6699829101562
2002-10-22,665.5399780273438,639.27001953125,639.27001953125
2002-10-23,640.5599975585938,657.4299926757812,657.4299926757812
2002-10-24,661.469970703125,654.97998046875,654.97998046875
2002-10-25,646.0999755859375,655.8800048828125,655.8800048828125
2002-10-28,666.9600219726562,678.1400146484375,678.1400146484375
2002-10-29,675.0900268554688,673.1799926757812,673.1799926757812
2002-10-30,672.4299926757812,658.030029296875,658.030029296875
2002-10-31,664.7999877929688,658.9199829101562,658.9199829101562
2002-11-01,652.3400268554688,647.6500244140625,647.6500244140625
2002-11-04,661.239990234375,672.6799926757812,672.6799926757812
2002-11-05,672.719970703125,664.9000244140625,664.9000244140625
2002-11-06,673.9400024414062,682.5599975585938,682.5599975585938
2002-11-07,678.760009765625,681.27001953125,681.27001953125
2002-11-08,668.0599975585938,674.8499755859375,674.8499755859375
2002-11-11,669.1599731445312,657.780029296875,657.780029296875
2002-11-12,644.6699829101562,654.4299926757812,654.4299926757812
2002-11-13,656.1300048828125,653.8499755859375,653.8499755859375
2002-11-14,656.4099731445312,652.1500244140625,652.1500244140625
2002-11-15,669.1500244140625,672.9500122070312,672.9500122070312
2002-11-18,672.9199829101562,667.1300048828125,667.1300048828125
2002-11-19,663.3499755859375,671.4400024414062,671.4400024414062
2002-11-20,669.1799926757812,682.0,682.0
2002-11-21,695.3699951171875,690.3800048828125,690.3800048828125
2002-11-22,703.97998046875,692.8699951171875,692.8699951171875
2002-11-25,695.47998046875,705.8599853515625,705.8599853515625
2002-11-26,705.9400024414062,702.27001953125,702.27001953125
2002-11-27,694.6900024414062,708.0700073242188,708.0700073242188
2002-11-28,719.3300170898438,714.5399780273438,714.5399780273438
2002-11-29,719.4600219726562,724.7999877929688,724.7999877929688
2002-12-02,724.989990234375,730.1599731445312,730.1599731445312
2002-12-03,730.739990234375,736.5700073242188,736.5700073242188
2002-12-04,724.719970703125,714.5,714.5
2002-12-05,715.72998046875,722.760009765625,722.760009765625
2002-12-06,716.1300048828125,718.0900268554688,718.0900268554688
2002-12-09,720.219970703125,709.1099853515625,709.1099853515625
2002-12-10,696.6500244140625,702.4400024414062,702.4400024414062
2002-12-11,705.260009765625,698.6099853515625,698.6099853515625
2002-12-12,702.9099731445312,715.3800048828125,715.3800048828125
2002-12-13,709.8300170898438,708.1300048828125,708.1300048828125
2002-12-16,698.5399780273438,692.4199829101562,692.4199829101562
2002-12-17,703.75,704.489990234375,704.489990234375
2002-12-18,698.75,709.219970703125,709.219970703125
2002-12-20,705.0499877929688,709.4400024414062,709.4400024414062
2002-12-23,711.719970703125,691.3800048828125,691.3800048828125
2002-12-24,688.239990234375,677.8200073242188,677.8200073242188
2002-12-26,674.4000244140625,671.8900146484375,671.8900146484375
2002-12-27,658.22998046875,656.9199829101562,656.9199829101562
2002-12-30,652.0700073242188,627.5499877929688,627.5499877929688
2003-01-02,633.030029296875,635.1699829101562,635.1699829101562
2003-01-03,651.5900268554688,661.0999755859375,661.0999755859375
2003-01-06,665.0999755859375,666.7100219726562,666.7100219726562
2003-01-07,679.0,652.2000122070312,652.2000122070312
2003-01-08,655.969970703125,651.719970703125,651.719970703125
2003-01-09,643.5,630.4000244140625,630.4000244140625
2003-01-10,643.280029296875,628.3599853515625,628.3599853515625
2003-01-13,627.010009765625,648.0599975585938,648.0599975585938
2003-01-14,645.6599731445312,650.0499877929688,650.0499877929688
2003-01-15,656.22998046875,648.2899780273438,648.2899780273438
2003-01-16,639.5599975585938,648.6900024414062,648.6900024414062
2003-01-17,640.3099975585938,636.4600219726562,636.4600219726562
2003-01-20,627.780029296875,634.5,634.5
2003-01-21,635.6699829101562,632.8599853515625,632.8599853515625
2003-01-22,627.1099853515625,622.489990234375,622.489990234375
2003-01-23,622.5399780273438,625.1799926757812,625.1799926757812
2003-01-24,625.6900024414062,609.4299926757812,609.4299926757812
2003-01-27,597.8200073242188,593.0900268554688,593.0900268554688
2003-01-28,590.5399780273438,600.5599975585938,600.5599975585938
2003-01-29,601.25,583.3499755859375,583.3499755859375
2003-01-30,589.0700073242188,591.8599853515625,591.8599853515625
2003-02-03,591.8800048828125,600.4099731445312,600.4099731445312
2003-02-04,602.2899780273438,603.780029296875,603.780029296875
2003-02-05,598.3400268554688,600.6799926757812,600.6799926757812
2003-02-06,601.739990234375,589.5,589.5
2003-02-07,587.6799926757812,577.47998046875,577.47998046875
2003-02-10,573.0900268554688,577.25,577.25
2003-02-11,582.469970703125,575.97998046875,575.97998046875
2003-02-12,572.8699951171875,583.2899780273438,583.2899780273438
2003-02-13,584.969970703125,575.6699829101562,575.6699829101562
2003-02-14,574.8900146484375,575.239990234375,575.239990234375
2003-02-17,590.3900146484375,601.8699951171875,601.8699951171875
2003-02-18,602.5700073242188,603.4500122070312,603.4500122070312
2003-02-19,613.1500244140625,600.8300170898438,600.8300170898438
2003-02-20,601.2899780273438,605.510009765625,605.510009765625
2003-02-21,605.260009765625,603.5999755859375,603.5999755859375
2003-02-24,608.77001953125,616.2899780273438,616.2899780273438
2003-02-25,604.6699829101562,592.25,592.25
2003-02-26,594.4199829101562,590.260009765625,590.260009765625
2003-02-27,580.9099731445312,582.4600219726562,582.4600219726562
2003-02-28,586.0700073242188,575.4299926757812,575.4299926757812
2003-03-03,578.5,590.0399780273438,590.0399780273438
2003-03-04,581.0900268554688,576.5800170898438,576.5800170898438
2003-03-05,567.2999877929688,560.260009765625,560.260009765625
2003-03-06,564.739990234375,555.3300170898438,555.3300170898438
2003-03-07,547.8900146484375,546.02001953125,546.02001953125
2003-03-10,545.5399780273438,544.239990234375,544.239990234375
2003-03-11,531.780029296875,532.530029296875,532.530029296875
2003-03-12,531.1699829101562,531.8099975585938,531.8099975585938
2003-03-13,530.8599853515625,531.780029296875,531.780029296875
2003-03-14,547.2899780273438,537.6500244140625,537.6500244140625
2003-03-17,535.7899780273438,515.239990234375,515.239990234375
2003-03-18,536.6900024414062,537.3099975585938,537.3099975585938
2003-03-19,534.8599853515625,541.780029296875,541.780029296875
2003-03-20,553.6300048828125,568.4600219726562,568.4600219726562
2003-03-21,569.6699829101562,575.77001953125,575.77001953125
2003-03-24,579.0800170898438,569.8499755859375,569.8499755859375
2003-03-25,550.5499877929688,554.97998046875,554.97998046875
2003-03-26,562.2000122070312,554.7899780273438,554.7899780273438
2003-03-27,550.5399780273438,549.260009765625,549.260009765625
2003-03-28,552.1300048828125,556.3300170898438,556.3300170898438
2003-03-31,547.75,535.7000122070312,535.7000122070312
2003-04-01,529.0700073242188,538.5599975585938,538.5599975585938
2003-04-02,540.9199829101562,542.9199829101562,542.9199829101562
2003-04-03,555.72998046875,545.239990234375,545.239990234375
2003-04-04,540.260009765625,558.010009765625,558.010009765625
2003-04-07,566.9299926757812,585.9000244140625,585.9000244140625
2003-04-08,576.4600219726562,587.3200073242188,587.3200073242188
2003-04-09,581.2999877929688,569.469970703125,569.469970703125
2003-04-10,569.510009765625,577.72998046875,577.72998046875
2003-04-11,577.0900268554688,582.969970703125,582.969970703125
2003-04-14,590.0399780273438,594.4000244140625,594.4000244140625
2003-04-15,606.5999755859375,604.989990234375,604.989990234375
2003-04-16,616.3200073242188,621.3400268554688,621.3400268554688
2003-04-17,614.6699829101562,612.719970703125,612.719970703125
2003-04-18,623.1699829101562,624.77001953125,624.77001953125
2003-04-21,623.8900146484375,620.8300170898438,620.8300170898438
2003-04-22,614.97998046875,603.3200073242188,603.3200073242188
2003-04-23,609.2000122070312,598.0900268554688,598.0900268554688
2003-04-24,598.2000122070312,588.3499755859375,588.3499755859375
2003-04-25,578.2000122070312,566.6300048828125,566.6300048828125
2003-04-28,559.030029296875,569.02001953125,569.02001953125
2003-04-29,580.4400024414062,597.3599853515625,597.3599853515625
2003-04-30,597.22998046875,599.3499755859375,599.3499755859375
2003-05-02,600.469970703125,597.4400024414062,597.4400024414062
2003-05-06,603.0499877929688,604.3300170898438,604.3300170898438
2003-05-07,610.8699951171875,618.0800170898438,618.0800170898438
2003-05-09,612.25,619.1099853515625,619.1099853515625
2003-05-12,631.9000244140625,631.0399780273438,631.0399780273438
2003-05-13,631.8200073242188,614.0700073242188,614.0700073242188
2003-05-14,610.6300048828125,609.969970703125,609.969970703125
2003-05-15,613.6300048828125,619.3499755859375,619.3499755859375
2003-05-16,619.1199951171875,610.8099975585938,610.8099975585938
2003-05-19,603.77001953125,596.3599853515625,596.3599853515625
2003-05-20,585.8599853515625,602.0800170898438,602.0800170898438
2003-05-21,599.5499877929688,600.5700073242188,600.5700073242188
2003-05-22,599.0599975585938,595.3800048828125,595.3800048828125
2003-05-23,602.7999877929688,611.510009765625,611.510009765625
2003-05-26,611.1500244140625,617.6500244140625,617.6500244140625
2003-05-27,619.8599853515625,614.2999877929688,614.2999877929688
2003-05-28,629.1900024414062,628.3599853515625,628.3599853515625
2003-05-29,624.0999755859375,632.4299926757812,632.4299926757812
2003-05-30,632.1500244140625,633.4199829101562,633.4199829101562
2003-06-02,643.9299926757812,648.7100219726562,648.7100219726562
2003-06-03,641.739990234375,636.9400024414062,636.9400024414062
2003-06-04,642.3499755859375,640.27001953125,640.27001953125
2003-06-05,647.719970703125,642.3800048828125,642.3800048828125
2003-06-09,640.5800170898438,650.3499755859375,650.3499755859375
2003-06-10,645.4099731445312,649.75,649.75
2003-06-11,651.9299926757812,651.2899780273438,651.2899780273438
2003-06-12,658.4299926757812,657.9500122070312,657.9500122070312
2003-06-13,663.0999755859375,665.239990234375,665.239990234375
2003-06-16,661.5999755859375,657.8200073242188,657.8200073242188
2003-06-17,673.760009765625,674.6599731445312,674.6599731445312
2003-06-18,673.8400268554688,675.75,675.75
2003-06-19,681.030029296875,690.489990234375,690.489990234375
2003-06-20,684.0399780273438,686.219970703125,686.219970703125
2003-06-23,685.969970703125,674.5900268554688,674.5900268554688
2003-06-24,664.4000244140625,664.010009765625,664.010009765625
2003-06-25,665.97998046875,674.030029296875,674.030029296875
2003-06-26,668.3200073242188,675.75,675.75
2003-06-27,682.1400146484375,677.280029296875,677.280029296875
2003-06-30,673.6599731445312,669.9299926757812,669.9299926757812
2003-07-01,666.4500122070312,674.75,674.75
2003-07-02,682.5700073242188,685.7999877929688,685.7999877929688
2003-07-03,696.5399780273438,686.8300170898438,686.8300170898438
2003-07-04,687.030029296875,693.25,693.25
2003-07-07,699.3200073242188,704.2899780273438,704.2899780273438
2003-07-08,715.5399780273438,708.3400268554688,708.3400268554688
2003-07-09,708.5499877929688,705.5,705.5
2003-07-10,701.4299926757812,700.510009765625,700.510009765625
2003-07-11,694.1400146484375,704.1500244140625,704.1500244140625
2003-07-14,709.0900268554688,720.0999755859375,720.0999755859375
2003-07-15,723.0800170898438,713.4500122070312,713.4500122070312
2003-07-16,720.8900146484375,716.47998046875,716.47998046875
2003-07-18,700.52001953125,699.3499755859375,699.3499755859375
2003-07-21,699.1199951171875,693.5,693.5
2003-07-22,691.4299926757812,699.7000122070312,699.7000122070312
2003-07-23,702.7100219726562,695.739990234375,695.739990234375
2003-07-24,693.1500244140625,702.9400024414062,702.9400024414062
2003-07-25,698.530029296875,705.0900268554688,705.0900268554688
2003-07-28,715.4400024414062,717.7999877929688,717.7999877929688
2003-07-29,718.4199829101562,722.3300170898438,722.3300170898438
2003-07-30,721.6599731445312,714.1500244140625,714.1500244140625
2003-07-31,716.5,713.52001953125,713.52001953125
2003-08-01,718.8400268554688,727.260009765625,727.260009765625
2003-08-04,719.5700073242188,718.5399780273438,718.5399780273438
2003-08-05,723.1500244140625,721.8400268554688,721.8400268554688
2003-08-06,710.8699951171875,707.8800048828125,707.8800048828125
2003-08-07,709.5700073242188,709.8099975585938,709.8099975585938
2003-08-08,710.5399780273438,704.1400146484375,704.1400146484375
2003-08-11,700.4099731445312,704.5800170898438,704.5800170898438
2003-08-12,707.010009765625,701.2999877929688,701.2999877929688
2003-08-13,705.5800170898438,713.0800170898438,713.0800170898438
2003-08-14,714.2000122070312,727.010009765625,727.010009765625
2003-08-18,728.9199829101562,730.0999755859375,730.0999755859375
2003-08-19,745.6500244140625,740.1300048828125,740.1300048828125
2003-08-20,740.4400024414062,737.2000122070312,737.2000122070312
2003-08-21,741.7000122070312,754.3400268554688,754.3400268554688
2003-08-22,754.8800048828125,754.719970703125,754.719970703125
2003-08-25,754.1699829101562,756.72998046875,756.72998046875
2003-08-26,754.22998046875,753.0,753.0
2003-08-27,757.719970703125,758.97998046875,758.97998046875
2003-08-28,763.4600219726562,752.8099975585938,752.8099975585938
2003-08-29,756.760009765625,759.469970703125,759.469970703125
2003-09-01,763.219970703125,764.1099853515625,764.1099853515625
2003-09-02,768.4299926757812,766.5,766.5
2003-09-03,770.8699951171875,766.3200073242188,766.3200073242188
2003-09-04,768.0999755859375,764.1500244140625,764.1500244140625
2003-09-05,766.4299926757812,761.5499877929688,761.5499877929688
2003-09-08,759.489990234375,760.25,760.25
2003-09-09,763.3599853515625,767.4600219726562,767.4600219726562
2003-09-15,764.6799926757812,753.6099853515625,753.6099853515625
2003-09-16,751.9500122070312,763.6300048828125,763.6300048828125
2003-09-17,771.6099853515625,766.5900268554688,766.5900268554688
2003-09-18,768.3900146484375,758.1799926757812,758.1799926757812
2003-09-19,766.22998046875,748.25,748.25
2003-09-22,741.5399780273438,714.8900146484375,714.8900146484375
2003-09-23,713.6699829101562,718.8400268554688,718.8400268554688
2003-09-24,721.0,724.7000122070312,724.7000122070312
2003-09-25,707.5800170898438,713.52001953125,713.52001953125
2003-09-26,704.010009765625,697.4000244140625,697.4000244140625
2003-09-29,697.260009765625,696.0599975585938,696.0599975585938
2003-09-30,701.75,697.52001953125,697.52001953125
2003-10-01,690.469970703125,704.2899780273438,704.2899780273438
2003-10-02,716.27001953125,715.239990234375,715.239990234375
2003-10-06,723.469970703125,723.1300048828125,723.1300048828125
2003-10-07,725.2100219726562,727.0900268554688,727.0900268554688
2003-10-08,731.1199951171875,722.760009765625,722.760009765625
2003-10-09,723.1300048828125,736.1599731445312,736.1599731445312
2003-10-10,735.25,757.8900146484375,757.8900146484375
2003-10-13,754.5,757.02001953125,757.02001953125
2003-10-14,763.6199951171875,766.52001953125,766.52001953125
2003-10-15,771.3800048828125,764.22998046875,764.22998046875
2003-10-16,759.1199951171875,776.969970703125,776.969970703125
2003-10-17,776.989990234375,767.75,767.75
2003-10-20,766.3300170898438,776.4400024414062,776.4400024414062
2003-10-21,780.5599975585938,779.8900146484375,779.8900146484375
2003-10-22,780.5399780273438,779.280029296875,779.280029296875
2003-10-23,764.3599853515625,754.1400146484375,754.1400146484375
2003-10-24,752.3099975585938,748.1699829101562,748.1699829101562
2003-10-27,752.8200073242188,761.6099853515625,761.6099853515625
2003-10-28,760.7999877929688,775.3599853515625,775.3599853515625
2003-10-29,787.6099853515625,779.6599731445312,779.6599731445312
2003-10-30,784.780029296875,785.9400024414062,785.9400024414062
2003-10-31,787.9500122070312,782.3599853515625,782.3599853515625
2003-11-03,783.0800170898438,791.9600219726562,791.9600219726562
2003-11-04,800.4199829101562,796.0599975585938,796.0599975585938
2003-11-05,796.3599853515625,805.510009765625,805.510009765625
2003-11-06,809.9199829101562,790.0399780273438,790.0399780273438
2003-11-07,796.5800170898438,804.0499877929688,804.0499877929688
2003-11-10,800.97998046875,796.5599975585938,796.5599975585938
2003-11-11,788.3400268554688,787.77001953125,787.77001953125
2003-11-12,788.9099731445312,796.3099975585938,796.3099975585938
2003-11-13,805.7899780273438,813.1099853515625,813.1099853515625
2003-11-14,809.9400024414062,809.8900146484375,809.8900146484375
2003-11-17,803.47998046875,794.469970703125,794.469970703125
2003-11-18,794.239990234375,800.969970703125,800.969970703125
2003-11-19,785.280029296875,771.7000122070312,771.7000122070312
2003-11-20,775.1900024414062,769.4500122070312,769.4500122070312
2003-11-21,764.1199951171875,770.780029296875,770.780029296875
2003-11-24,765.8200073242188,753.6500244140625,753.6500244140625
2003-11-25,768.0999755859375,768.1099853515625,768.1099853515625
2003-11-26,769.760009765625,782.6500244140625,782.6500244140625
2003-11-27,783.1300048828125,781.6799926757812,781.6799926757812
2003-11-28,783.1699829101562,796.1799926757812,796.1799926757812
2003-12-01,796.3599853515625,807.3900146484375,807.3900146484375
2003-12-02,813.489990234375,807.780029296875,807.780029296875
2003-12-03,807.1699829101562,808.3400268554688,808.3400268554688
2003-12-04,805.0999755859375,805.1300048828125,805.1300048828125
2003-12-05,802.7100219726562,789.4099731445312,789.4099731445312
2003-12-08,780.22998046875,784.7999877929688,784.7999877929688
2003-12-09,790.52001953125,787.3499755859375,787.3499755859375
2003-12-10,774.530029296875,794.6400146484375,794.6400146484375
2003-12-11,797.1199951171875,791.1300048828125,791.1300048828125
2003-12-12,806.4199829101562,806.0800170898438,806.0800170898438
2003-12-15,821.6199951171875,822.1599731445312,822.1599731445312
2003-12-16,807.3200073242188,810.7899780273438,810.7899780273438
2003-12-17,816.97998046875,800.0900268554688,800.0900268554688
2003-12-18,803.5999755859375,807.5,807.5
2003-12-19,814.8900146484375,811.2000122070312,811.2000122070312
2003-12-22,809.5700073242188,804.5399780273438,804.5399780273438
2003-12-23,809.9000244140625,801.8800048828125,801.8800048828125
2003-12-24,808.4099731445312,792.5499877929688,792.5499877929688
2003-12-26,791.3900146484375,788.8499755859375,788.8499755859375
2003-12-29,779.239990234375,792.4400024414062,792.4400024414062
2003-12-30,802.5,810.7100219726562,810.7100219726562
2004-01-02,816.260009765625,821.260009765625,821.260009765625
2004-01-05,817.280029296875,824.0999755859375,824.0999755859375
2004-01-06,831.260009765625,823.4299926757812,823.4299926757812
2004-01-07,826.0800170898438,827.0700073242188,827.0700073242188
2004-01-08,831.0999755859375,824.1500244140625,824.1500244140625
2004-01-09,835.4199829101562,845.27001953125,845.27001953125
2004-01-12,843.9600219726562,850.7899780273438,850.7899780273438
2004-01-13,855.4199829101562,848.4299926757812,848.4299926757812
2004-01-14,847.27001953125,849.6199951171875,849.6199951171875
2004-01-15,849.02001953125,845.6599731445312,845.6599731445312
2004-01-16,853.6699829101562,847.9500122070312,847.9500122070312
2004-01-19,854.9600219726562,856.7999877929688,856.7999877929688
2004-01-20,854.030029296875,861.3699951171875,861.3699951171875
2004-01-26,867.6500244140625,869.0399780273438,869.0399780273438
2004-01-27,873.6099853515625,863.030029296875,863.030029296875
2004-01-28,860.3699951171875,859.5900268554688,859.5900268554688
2004-01-29,851.7000122070312,853.469970703125,853.469970703125
2004-01-30,854.2100219726562,848.5,848.5
2004-02-02,850.280029296875,854.8900146484375,854.8900146484375
2004-02-03,853.1300048828125,839.8699951171875,839.8699951171875
2004-02-04,838.52001953125,835.5,835.5
2004-02-05,835.77001953125,840.9199829101562,840.9199829101562
2004-02-06,842.1599731445312,850.22998046875,850.22998046875
2004-02-09,860.9000244140625,864.77001953125,864.77001953125
2004-02-10,866.0599975585938,866.7999877929688,866.7999877929688
2004-02-11,870.5399780273438,876.3400268554688,876.3400268554688
2004-02-12,882.0399780273438,877.9500122070312,877.9500122070312
2004-02-13,876.0599975585938,882.1799926757812,882.1799926757812
2004-02-16,879.22998046875,881.280029296875,881.280029296875
2004-02-17,884.1500244140625,884.7999877929688,884.7999877929688
2004-02-18,889.22998046875,877.0999755859375,877.0999755859375
2004-02-19,880.6799926757812,881.6500244140625,881.6500244140625
2004-02-20,875.760009765625,877.489990234375,877.489990234375
2004-02-23,874.9299926757812,877.52001953125,877.52001953125
2004-02-24,872.4500122070312,864.5900268554688,864.5900268554688
2004-02-25,865.219970703125,866.8699951171875,866.8699951171875
2004-02-26,870.3099975585938,864.8599853515625,864.8599853515625
2004-02-27,865.510009765625,883.4199829101562,883.4199829101562
2004-03-02,892.5700073242188,899.2100219726562,899.2100219726562
2004-03-03,897.489990234375,895.8099975585938,895.8099975585938
2004-03-04,898.1599731445312,907.4299926757812,907.4299926757812
2004-03-05,907.2100219726562,905.3800048828124,905.3800048828124
2004-03-08,909.1500244140624,900.0999755859375,900.0999755859375
2004-03-09,891.0999755859375,891.5800170898438,891.5800170898438
2004-03-10,887.1099853515625,876.02001953125,876.02001953125
2004-03-11,869.6699829101562,869.9299926757812,869.9299926757812
2004-03-12,866.719970703125,848.7999877929688,848.7999877929688
2004-03-15,855.8400268554688,852.260009765625,852.260009765625
2004-03-16,843.8300170898438,850.1300048828125,850.1300048828125
2004-03-17,858.1500244140625,872.3800048828125,872.3800048828125
2004-03-18,879.219970703125,872.8200073242188,872.8200073242188
2004-03-19,874.5700073242188,883.3300170898438,883.3300170898438
2004-03-22,878.6199951171875,863.6900024414062,863.6900024414062
2004-03-23,854.9199829101562,866.1699829101562,866.1699829101562
2004-03-24,860.3900146484375,861.719970703125,861.719970703125
2004-03-25,862.2999877929688,853.3800048828125,853.3800048828125
2004-03-26,866.2899780273438,863.9500122070312,863.9500122070312
2004-03-29,868.0999755859375,874.6699829101562,874.6699829101562
2004-03-30,879.4099731445312,873.4600219726562,873.4600219726562
2004-03-31,881.75,880.5,880.5
2004-04-01,878.780029296875,882.75,882.75
2004-04-02,886.0900268554688,883.6900024414062,883.6900024414062
2004-04-06,899.4299926757812,906.1900024414062,906.1900024414062
2004-04-07,906.780029296875,909.9299926757812,909.9299926757812
2004-04-08,913.52001953125,916.8599853515624,916.8599853515624
2004-04-09,910.47998046875,905.4400024414062,905.4400024414062
2004-04-12,905.4400024414062,918.8599853515624,918.8599853515624
2004-04-13,925.1900024414062,917.6300048828124,917.6300048828124
2004-04-14,909.9500122070312,916.3099975585938,916.3099975585938
2004-04-16,903.8400268554688,898.8800048828125,898.8800048828125
2004-04-19,900.47998046875,902.0999755859376,902.0999755859376
2004-04-20,909.9099731445312,918.9000244140624,918.9000244140624
2004-04-21,910.6799926757812,929.9500122070312,929.9500122070312
2004-04-22,931.0900268554688,924.010009765625,924.010009765625
2004-04-23,938.25,936.0599975585938,936.0599975585938
2004-04-26,935.010009765625,919.739990234375,919.739990234375
2004-04-27,918.8200073242188,915.469970703125,915.469970703125
2004-04-28,917.3200073242188,901.8300170898438,901.8300170898438
2004-04-29,890.6099853515625,875.4099731445312,875.4099731445312
2004-04-30,867.989990234375,862.8400268554688,862.8400268554688
2004-05-03,863.030029296875,866.1099853515625,866.1099853515625
2004-05-04,871.5700073242188,867.47998046875,867.47998046875
2004-05-06,864.52001953125,837.6799926757812,837.6799926757812
2004-05-07,837.72998046875,838.739990234375,838.739990234375
2004-05-10,831.0999755859375,790.6799926757812,790.6799926757812
2004-05-11,789.5399780273438,791.02001953125,791.02001953125
2004-05-12,802.8800048828125,817.0900268554688,817.0900268554688
2004-05-13,815.280029296875,790.1300048828125,790.1300048828125
2004-05-14,798.7999877929688,768.4600219726562,768.4600219726562
2004-05-17,766.5599975585938,728.97998046875,728.97998046875
2004-05-18,724.6799926757812,741.989990234375,741.989990234375
2004-05-19,752.5,777.9500122070312,777.9500122070312
2004-05-20,766.0399780273438,767.7899780273438,767.7899780273438
2004-05-21,780.989990234375,786.3599853515625,786.3599853515625
2004-05-24,795.989990234375,799.6400146484375,799.6400146484375
2004-05-25,791.3800048828125,784.0599975585938,784.0599975585938
2004-05-27,802.4000244140625,802.4600219726562,802.4600219726562
2004-05-28,811.5399780273438,816.510009765625,816.510009765625
2004-05-31,811.4600219726562,803.8400268554688,803.8400268554688
2004-06-01,807.5499877929688,815.77001953125,815.77001953125
2004-06-02,808.8400268554688,804.3900146484375,804.3900146484375
2004-06-03,810.97998046875,770.0599975585938,770.0599975585938
2004-06-04,772.9400024414062,780.739990234375,780.739990234375
2004-06-07,788.4099731445312,809.4500122070312,809.4500122070312
2004-06-08,817.1099853515625,809.3099975585938,809.3099975585938
2004-06-09,816.9299926757812,794.530029296875,794.530029296875
2004-06-10,785.8300170898438,782.2999877929688,782.2999877929688
2004-06-11,780.1599731445312,751.530029296875,751.530029296875
2004-06-14,744.25,738.7899780273438,738.7899780273438
2004-06-15,747.5399780273438,752.0999755859375,752.0999755859375
2004-06-16,756.3300170898438,752.3400268554688,752.3400268554688
2004-06-17,756.9199829101562,760.0900268554688,760.0900268554688
2004-06-18,751.6900024414062,741.72998046875,741.72998046875
2004-06-21,745.219970703125,749.2999877929688,749.2999877929688
2004-06-22,744.8599853515625,746.47998046875,746.47998046875
2004-06-23,753.280029296875,738.9299926757812,738.9299926757812
2004-06-24,752.6400146484375,763.1300048828125,763.1300048828125
2004-06-25,763.02001953125,779.030029296875,779.030029296875
2004-06-28,777.8499755859375,770.9500122070312,770.9500122070312
2004-06-29,766.8200073242188,778.719970703125,778.719970703125
2004-06-30,783.239990234375,785.7899780273438,785.7899780273438
2004-07-01,784.8499755859375,778.030029296875,778.030029296875
2004-07-02,764.3800048828125,755.4199829101562,755.4199829101562
2004-07-05,754.1599731445312,756.719970703125,756.719970703125
2004-07-06,753.1400146484375,758.469970703125,758.469970703125
2004-07-07,742.2100219726562,761.8800048828125,761.8800048828125
2004-07-08,753.6799926757812,743.6400146484375,743.6400146484375
2004-07-09,745.0900268554688,747.4600219726562,747.4600219726562
2004-07-12,752.7100219726562,746.27001953125,746.27001953125
2004-07-13,753.030029296875,750.9500122070312,750.9500122070312
2004-07-14,745.4299926757812,736.5700073242188,736.5700073242188
2004-07-15,735.8499755859375,732.739990234375,732.739990234375
2004-07-16,728.3699951171875,739.3900146484375,739.3900146484375
2004-07-19,730.5800170898438,750.4000244140625,750.4000244140625
2004-07-20,742.239990234375,737.0,737.0
2004-07-21,750.5900268554688,753.3200073242188,753.3200073242188
2004-07-22,738.97998046875,742.6300048828125,742.6300048828125
2004-07-23,742.510009765625,737.510009765625,737.510009765625
2004-07-26,730.1500244140625,736.2100219726562,736.2100219726562
2004-07-27,735.219970703125,738.510009765625,738.510009765625
2004-07-28,747.02001953125,744.4199829101562,744.4199829101562
2004-07-29,742.5800170898438,730.6099853515625,730.6099853515625
2004-07-30,737.9199829101562,735.3400268554688,735.3400268554688
2004-08-02,730.6099853515625,719.5900268554688,719.5900268554688
2004-08-03,726.8800048828125,726.4400024414062,726.4400024414062
2004-08-04,719.6099853515625,729.4099731445312,729.4099731445312
2004-08-05,730.6400146484375,743.3499755859375,743.3499755859375
2004-08-06,733.760009765625,733.9500122070312,733.9500122070312
2004-08-09,728.6599731445312,742.1300048828125,742.1300048828125
2004-08-10,738.9199829101562,748.6199951171875,748.6199951171875
2004-08-11,752.5999755859375,753.0599975585938,753.0599975585938
2004-08-12,755.4299926757812,766.7000122070312,766.7000122070312
2004-08-13,762.8099975585938,776.02001953125,776.02001953125
2004-08-16,774.2899780273438,773.8499755859375,773.8499755859375
2004-08-17,782.5900268554688,771.030029296875,771.030029296875
2004-08-18,772.8400268554688,773.1900024414062,773.1900024414062
2004-08-19,780.260009765625,788.530029296875,788.530029296875
2004-08-20,785.8200073242188,787.6400146484375,787.6400146484375
2004-08-23,792.5,787.6500244140625,787.6500244140625
2004-08-24,791.3800048828125,792.3400268554688,792.3400268554688
2004-08-25,791.0,803.969970703125,803.969970703125
2004-08-26,808.1099853515625,810.2100219726562,810.2100219726562
2004-08-27,812.6500244140625,810.2999877929688,810.2999877929688
2004-08-30,811.5499877929688,805.1900024414062,805.1900024414062
2004-08-31,800.6199951171875,803.5700073242188,803.5700073242188
2004-09-01,803.510009765625,817.3599853515625,817.3599853515625
2004-09-02,818.6900024414062,823.8300170898438,823.8300170898438
2004-09-03,826.0,820.6900024414062,820.6900024414062
2004-09-06,823.6400146484375,824.2100219726562,824.2100219726562
2004-09-07,822.2899780273438,818.7999877929688,818.7999877929688
2004-09-08,820.1799926757812,815.8499755859375,815.8499755859375
2004-09-09,815.6500244140625,821.8800048828125,821.8800048828125
2004-09-10,826.0599975585938,836.3400268554688,836.3400268554688
2004-09-13,842.1500244140625,851.9099731445312,851.9099731445312
2004-09-14,857.739990234375,851.4199829101562,851.4199829101562
2004-09-15,851.52001953125,850.6300048828125,850.6300048828125
2004-09-16,846.0800170898438,855.3800048828125,855.3800048828125
2004-09-17,854.3499755859375,848.1099853515625,848.1099853515625
2004-09-20,849.4600219726562,856.8699951171875,856.8699951171875
2004-09-21,859.2000122070312,857.1500244140625,857.1500244140625
2004-09-22,861.7999877929688,835.0999755859375,835.0999755859375
2004-09-23,829.3200073242188,829.6799926757812,829.6799926757812
2004-09-24,828.780029296875,832.0999755859375,832.0999755859375
2004-09-30,829.9299926757812,835.0900268554688,835.0900268554688
2004-10-01,835.5,846.010009765625,846.010009765625
2004-10-04,859.1199951171875,880.8400268554688,880.8400268554688
2004-10-05,882.5,884.8400268554688,884.8400268554688
2004-10-06,885.9400024414062,887.4500122070312,887.4500122070312
2004-10-07,887.3900146484375,885.3300170898438,885.3300170898438
2004-10-08,877.8900146484375,881.3800048828125,881.3800048828125
2004-10-11,876.5599975585938,881.1099853515625,881.1099853515625
2004-10-12,878.25,858.0900268554688,858.0900268554688
2004-10-13,863.260009765625,856.1799926757812,856.1799926757812
2004-10-14,849.0900268554688,846.6300048828125,846.6300048828125
2004-10-15,837.9600219726562,841.9400024414062,841.9400024414062
2004-10-18,845.0,848.27001953125,848.27001953125
2004-10-19,860.8699951171875,855.77001953125,855.77001953125
2004-10-20,851.4199829101562,828.6099853515625,828.6099853515625
2004-10-21,830.239990234375,820.6300048828125,820.6300048828125
2004-10-22,824.1199951171875,828.1699829101562,828.1699829101562
2004-10-25,816.1099853515625,808.1400146484375,808.1400146484375
2004-10-26,812.1799926757812,813.7000122070312,813.7000122070312
2004-10-27,820.72998046875,809.9099731445312,809.9099731445312
2004-10-28,825.8499755859375,833.5399780273438,833.5399780273438
2004-10-29,826.8900146484375,834.8400268554688,834.8400268554688
2004-11-01,832.52001953125,835.6599731445312,835.6599731445312
2004-11-02,839.5900268554688,846.6699829101562,846.6699829101562
2004-11-03,848.8300170898438,861.0499877929688,861.0499877929688
2004-11-04,860.1900024414062,851.2000122070312,851.2000122070312
2004-11-05,862.4400024414062,860.6799926757812,860.6799926757812
2004-11-08,865.6500244140625,846.1099853515625,846.1099853515625
2004-11-09,845.489990234375,844.1500244140625,844.1500244140625
2004-11-10,847.530029296875,860.5399780273438,860.5399780273438
2004-11-11,856.6599731445312,861.260009765625,861.260009765625
2004-11-12,875.47998046875,876.6699829101562,876.6699829101562
2004-11-15,879.8800048828125,882.3300170898438,882.3300170898438
2004-11-16,882.969970703125,876.6099853515625,876.6099853515625
2004-11-17,881.260009765625,885.4199829101562,885.4199829101562
2004-11-18,886.3800048828125,875.8400268554688,875.8400268554688
2004-11-19,878.5900268554688,867.030029296875,867.030029296875
2004-11-22,857.3300170898438,849.989990234375,849.989990234375
2004-11-23,857.510009765625,860.4000244140625,860.4000244140625
2004-11-24,859.5,872.5599975585938,872.5599975585938
2004-11-25,873.8699951171875,872.489990234375,872.489990234375
2004-11-26,877.8200073242188,858.1199951171875,858.1199951171875
2004-11-29,861.1699829101562,865.4000244140625,865.4000244140625
2004-11-30,865.780029296875,878.0599975585938,878.0599975585938
2004-12-01,874.469970703125,876.7999877929688,876.7999877929688
2004-12-02,891.1400146484375,884.0999755859375,884.0999755859375
2004-12-03,890.5900268554688,882.5499877929688,882.5499877929688
2004-12-06,875.530029296875,870.75,870.75
2004-12-07,867.8300170898438,861.0700073242188,861.0700073242188
2004-12-08,855.530029296875,871.739990234375,871.739990234375
2004-12-09,870.6099853515625,861.3099975585938,861.3099975585938
2004-12-10,862.1599731445312,844.8499755859375,844.8499755859375
2004-12-13,841.3400268554688,844.2000122070312,844.2000122070312
2004-12-14,846.02001953125,849.4000244140625,849.4000244140625
2004-12-15,854.989990234375,868.8400268554688,868.8400268554688
2004-12-16,869.9199829101562,873.7000122070312,873.7000122070312
2004-12-17,874.22998046875,875.1300048828125,875.1300048828125
2004-12-20,872.2999877929688,884.3099975585938,884.3099975585938
2004-12-21,882.9000244140625,882.8200073242188,882.8200073242188
2004-12-22,888.2000122070312,883.3800048828125,883.3800048828125
2004-12-23,890.3200073242188,876.8800048828125,876.8800048828125
2004-12-24,877.4000244140625,879.9199829101562,879.9199829101562
2004-12-27,881.8200073242188,876.97998046875,876.97998046875
2004-12-28,874.530029296875,878.4299926757812,878.4299926757812
2004-12-29,869.22998046875,884.27001953125,884.27001953125
2004-12-30,886.2000122070312,895.9199829101562,895.9199829101562
2005-01-03,896.0,893.7100219726562,893.7100219726562
2005-01-04,890.5599975585938,886.9000244140625,886.9000244140625
2005-01-05,874.9199829101562,885.1900024414062,885.1900024414062
2005-01-06,878.22998046875,871.280029296875,871.280029296875
2005-01-07,876.3599853515625,870.8400268554688,870.8400268554688
2005-01-10,872.8200073242188,874.1799926757812,874.1799926757812
2005-01-11,874.7899780273438,884.2899780273438,884.2899780273438
2005-01-12,884.469970703125,880.030029296875,880.030029296875
2005-01-13,881.3900146484375,885.5399780273438,885.5399780273438
2005-01-14,879.8300170898438,905.0999755859376,905.0999755859376
2005-01-17,915.219970703125,923.0800170898438,923.0800170898438
2005-01-18,923.52001953125,920.5700073242188,920.5700073242188
2005-01-19,923.3599853515624,916.27001953125,916.27001953125
2005-01-20,910.4000244140624,909.3699951171876,909.3699951171876
2005-01-21,910.0399780273438,919.6099853515624,919.6099853515624
2005-01-24,918.2100219726562,923.1099853515624,923.1099853515624
2005-01-25,915.9400024414062,915.0999755859376,915.0999755859376
2005-01-26,918.75,927.0,927.0
2005-01-27,928.6699829101562,924.8699951171876,924.8699951171876
2005-01-28,924.0900268554688,921.5900268554688,921.5900268554688
2005-01-31,920.989990234375,932.7000122070312,932.7000122070312
2005-02-01,930.1599731445312,923.6900024414062,923.6900024414062
2005-02-02,925.97998046875,921.4400024414062,921.4400024414062
2005-02-03,922.4299926757812,928.7899780273438,928.7899780273438
2005-02-04,928.2100219726562,933.5499877929688,933.5499877929688
2005-02-07,942.1500244140624,949.1900024414062,949.1900024414062
2005-02-11,944.280029296875,947.22998046875,947.22998046875
2005-02-14,957.219970703125,964.7899780273438,964.7899780273438
2005-02-15,965.739990234375,968.8800048828124,968.8800048828124
2005-02-16,973.6099853515624,971.5599975585938,971.5599975585938
2005-02-17,972.9000244140624,972.5599975585938,972.5599975585938
2005-02-18,969.1300048828124,984.0999755859376,984.0999755859376
2005-02-21,992.4600219726562,988.7100219726562,988.7100219726562
2005-02-22,988.6300048828124,977.7999877929688,977.7999877929688
2005-02-23,968.1599731445312,968.4299926757812,968.4299926757812
2005-02-24,972.9500122070312,987.0999755859376,987.0999755859376
2005-02-25,994.010009765625,996.9500122070312,996.9500122070312
2005-02-28,1003.6500244140624,1011.3599853515624,1011.3599853515624
2005-03-02,1015.1599731445312,1007.47998046875,1007.47998046875
2005-03-03,1008.219970703125,1010.9199829101562,1010.9199829101562
2005-03-04,1013.7899780273438,1012.9600219726562,1012.9600219726562
2005-03-07,1021.6300048828124,1007.5,1007.5
2005-03-08,1010.6199951171876,1000.280029296875,1000.280029296875
2005-03-09,996.8599853515624,1008.7899780273438,1008.7899780273438
2005-03-10,1007.2100219726562,998.6599731445312,998.6599731445312
2005-03-11,1006.5,1022.7899780273438,1022.7899780273438
2005-03-14,1018.3300170898438,1019.6900024414062,1019.6900024414062
2005-03-15,1024.0799560546875,993.1300048828124,993.1300048828124
2005-03-16,990.5399780273438,993.1300048828124,993.1300048828124
2005-03-17,983.52001953125,980.0499877929688,980.0499877929688
2005-03-18,981.1300048828124,979.719970703125,979.719970703125
2005-03-21,979.3099975585938,979.27001953125,979.27001953125
2005-03-22,978.0900268554688,980.4099731445312,980.4099731445312
2005-03-23,974.219970703125,966.8099975585938,966.8099975585938
2005-03-24,970.2899780273438,956.3300170898438,956.3300170898438
2005-03-25,960.6500244140624,965.2999877929688,965.2999877929688
2005-03-28,969.47998046875,977.7000122070312,977.7000122070312
2005-03-29,977.97998046875,958.9600219726562,958.9600219726562
2005-03-30,952.4000244140624,955.4500122070312,955.4500122070312
2005-03-31,969.8499755859376,965.6799926757812,965.6799926757812
2005-04-01,963.780029296875,981.9000244140624,981.9000244140624
2005-04-04,981.0,982.5,982.5
2005-04-06,985.6500244140624,988.0,988.0
2005-04-07,991.3599853515624,988.9000244140624,988.9000244140624
2005-04-08,995.8699951171876,992.1699829101562,992.1699829101562
2005-04-11,988.2100219726562,985.9400024414062,985.9400024414062
2005-04-12,982.4400024414062,981.7899780273438,981.7899780273438
2005-04-13,985.8200073242188,981.3099975585938,981.3099975585938
2005-04-14,973.4000244140624,953.9199829101562,953.9199829101562
2005-04-15,954.6099853515624,947.219970703125,947.219970703125
2005-04-18,930.8499755859376,925.0,925.0
2005-04-19,931.5999755859376,932.4500122070312,932.4500122070312
2005-04-20,940.3599853515624,937.3599853515624,937.3599853515624
2005-04-21,925.1699829101562,939.1400146484376,939.1400146484376
2005-04-22,952.7999877929688,940.7899780273438,940.7899780273438
2005-04-25,936.25,946.1699829101562,946.1699829101562
2005-04-26,947.3099975585938,944.4600219726562,944.4600219726562
2005-04-27,936.3400268554688,930.1599731445312,930.1599731445312
2005-04-28,931.3400268554688,917.72998046875,917.72998046875
2005-04-29,907.6300048828124,911.2999877929688,911.2999877929688
2005-05-02,916.47998046875,918.4199829101562,918.4199829101562
2005-05-03,920.9400024414062,913.8200073242188,913.8200073242188
2005-05-04,916.2899780273438,929.3499755859376,929.3499755859376
2005-05-06,933.3800048828124,940.8499755859376,940.8499755859376
2005-05-09,942.010009765625,935.2000122070312,935.2000122070312
2005-05-10,939.1799926757812,934.280029296875,934.280029296875
2005-05-11,927.3099975585938,923.3800048828124,923.3800048828124
2005-05-12,923.260009765625,921.2100219726562,921.2100219726562
2005-05-13,918.77001953125,923.1900024414062,923.1900024414062
2005-05-16,925.4099731445312,929.0399780273438,929.0399780273438
2005-05-17,938.27001953125,927.1599731445312,927.1599731445312
2005-05-18,935.1799926757812,930.3599853515624,930.3599853515624
2005-05-19,941.3099975585938,952.0900268554688,952.0900268554688
2005-05-20,954.6599731445312,952.1900024414062,952.1900024414062
2005-05-23,955.0499877929688,951.0499877929688,951.0499877929688
2005-05-24,954.9199829101562,951.6099853515624,951.6099853515624
2005-05-25,951.3699951171876,941.2999877929688,941.2999877929688
2005-05-26,940.7100219726562,943.9099731445312,943.9099731445312
2005-05-27,953.7999877929688,960.9099731445312,960.9099731445312
2005-05-30,962.25,969.0399780273438,969.0399780273438
2005-05-31,968.780029296875,970.2100219726562,970.2100219726562
2005-06-01,964.0800170898438,969.510009765625,969.510009765625
2005-06-02,976.969970703125,970.8800048828124,970.8800048828124
2005-06-03,972.719970703125,976.0900268554688,976.0900268554688
2005-06-07,975.3900146484376,970.8800048828124,970.8800048828124
2005-06-08,968.4400024414062,976.219970703125,976.219970703125
2005-06-09,972.75,987.5800170898438,987.5800170898438
2005-06-10,987.02001953125,990.7899780273438,990.7899780273438
2005-06-13,993.1400146484376,990.489990234375,990.489990234375
2005-06-14,989.6500244140624,983.75,983.75
2005-06-15,984.5800170898438,1001.9400024414062,1001.9400024414062
2005-06-16,1000.7100219726562,1003.1400146484376,1003.1400146484376
2005-06-17,1006.6500244140624,1003.6799926757812,1003.6799926757812
2005-06-20,1003.7999877929688,994.6500244140624,994.6500244140624
2005-06-21,992.25,989.989990234375,989.989990234375
2005-06-22,988.4600219726562,1002.1500244140624,1002.1500244140624
2005-06-23,1002.239990234375,1010.7999877929688,1010.7999877929688
2005-06-24,1001.6199951171876,1002.4299926757812,1002.4299926757812
2005-06-27,996.72998046875,991.1099853515624,991.1099853515624
2005-06-28,989.5399780273438,994.739990234375,994.739990234375
2005-06-29,1000.27001953125,999.0800170898438,999.0800170898438
2005-06-30,997.5900268554688,1008.1599731445312,1008.1599731445312
2005-07-01,1003.5599975585938,1018.02001953125,1018.02001953125
2005-07-04,1022.6699829101562,1021.7100219726562,1021.7100219726562
2005-07-05,1023.3200073242188,1018.8099975585938,1018.8099975585938
2005-07-06,1023.77001953125,1019.010009765625,1019.010009765625
2005-07-07,1015.760009765625,1026.8199462890625,1026.8199462890625
2005-07-08,1027.0899658203125,1021.9500122070312,1021.9500122070312
2005-07-11,1034.5899658203125,1040.4300537109375,1040.4300537109375
2005-07-12,1048.43994140625,1043.8800048828125,1043.8800048828125
2005-07-13,1047.530029296875,1050.1600341796875,1050.1600341796875
2005-07-14,1056.0,1061.9300537109375,1061.9300537109375
2005-07-15,1065.0899658203125,1059.5999755859375,1059.5999755859375
2005-07-18,1061.7099609375,1062.4300537109375,1062.4300537109375
2005-07-19,1062.3199462890625,1075.47998046875,1075.47998046875
2005-07-20,1077.2900390625,1074.4000244140625,1074.4000244140625
2005-07-21,1083.550048828125,1074.6500244140625,1074.6500244140625
2005-07-22,1067.5,1074.219970703125,1074.219970703125
2005-07-25,1075.5,1089.699951171875,1089.699951171875
2005-07-26,1089.9599609375,1090.5999755859375,1090.5999755859375
2005-07-27,1092.9100341796875,1093.030029296875,1093.030029296875
2005-07-28,1101.8399658203125,1104.719970703125,1104.719970703125
2005-07-29,1113.4300537109375,1111.2900390625,1111.2900390625
2005-08-01,1113.9000244140625,1115.97998046875,1115.97998046875
2005-08-02,1117.2099609375,1118.8299560546875,1118.8299560546875
2005-08-03,1126.9200439453125,1117.1099853515625,1117.1099853515625
2005-08-04,1119.760009765625,1111.3900146484375,1111.3900146484375
2005-08-05,1098.56005859375,1089.3599853515625,1089.3599853515625
2005-08-08,1081.68994140625,1086.6400146484375,1086.6400146484375
2005-08-09,1082.760009765625,1099.77001953125,1099.77001953125
2005-08-10,1103.6099853515625,1104.8599853515625,1104.8599853515625
2005-08-11,1104.68994140625,1123.77001953125,1123.77001953125
2005-08-12,1127.3900146484375,1130.219970703125,1130.219970703125
2005-08-16,1131.719970703125,1116.9300537109375,1116.9300537109375
2005-08-17,1107.27001953125,1113.25,1113.25
2005-08-18,1115.489990234375,1092.7099609375,1092.7099609375
2005-08-19,1088.1500244140625,1089.8800048828125,1089.8800048828125
2005-08-22,1095.239990234375,1116.6800537109375,1116.6800537109375
2005-08-23,1118.1700439453125,1115.8399658203125,1115.8399658203125
2005-08-24,1111.9000244140625,1094.2099609375,1094.2099609375
2005-08-25,1085.5400390625,1097.2900390625,1097.2900390625
2005-08-26,1097.550048828125,1086.550048828125,1086.550048828125
2005-08-29,1068.1400146484375,1063.1600341796875,1063.1600341796875
2005-08-30,1074.6300048828125,1072.6099853515625,1072.6099853515625
2005-08-31,1068.8900146484375,1083.3299560546875,1083.3299560546875
2005-09-01,1093.469970703125,1106.3699951171875,1106.3699951171875
2005-09-02,1110.1099853515625,1115.8299560546875,1115.8299560546875
2005-09-05,1120.3199462890625,1114.5,1114.5
2005-09-06,1120.1099853515625,1122.6500244140625,1122.6500244140625
2005-09-07,1136.25,1142.989990234375,1142.989990234375
2005-09-08,1152.6800537109375,1145.260009765625,1145.260009765625
2005-09-09,1145.47998046875,1152.5,1152.5
2005-09-12,1158.0899658203125,1158.3599853515625,1158.3599853515625
2005-09-13,1160.27001953125,1158.1199951171875,1158.1199951171875
2005-09-14,1154.72998046875,1170.77001953125,1170.77001953125
2005-09-15,1164.0999755859375,1169.5899658203125,1169.5899658203125
2005-09-16,1172.4200439453125,1174.1300048828125,1174.1300048828125
2005-09-20,1192.1099853515625,1190.9300537109375,1190.9300537109375
2005-09-21,1187.949951171875,1196.6700439453125,1196.6700439453125
2005-09-22,1190.68994140625,1199.969970703125,1199.969970703125
2005-09-23,1198.8900146484375,1175.8800048828125,1175.8800048828125
2005-09-26,1181.93994140625,1206.4100341796875,1206.4100341796875
2005-09-27,1209.77001953125,1209.6300048828125,1209.6300048828125
2005-09-28,1212.489990234375,1228.5699462890625,1228.5699462890625
2005-09-29,1230.6400146484375,1231.219970703125,1231.219970703125
2005-09-30,1237.75,1221.010009765625,1221.010009765625
2005-10-04,1228.030029296875,1242.780029296875,1242.780029296875
2005-10-05,1242.489990234375,1227.4000244140625,1227.4000244140625
2005-10-06,1213.4300537109375,1202.489990234375,1202.489990234375
2005-10-07,1195.2900390625,1201.010009765625,1201.010009765625
2005-10-10,1210.1099853515625,1227.1800537109375,1227.1800537109375
2005-10-11,1221.6800537109375,1244.27001953125,1244.27001953125
2005-10-12,1243.22998046875,1217.06005859375,1217.06005859375
2005-10-13,1206.25,1193.43994140625,1193.43994140625
2005-10-14,1202.3299560546875,1190.1700439453125,1190.1700439453125
2005-10-17,1195.6199951171875,1176.3599853515625,1176.3599853515625
2005-10-18,1182.02001953125,1186.219970703125,1186.219970703125
2005-10-19,1174.68994140625,1153.1300048828125,1153.1300048828125
2005-10-20,1169.8499755859375,1162.22998046875,1162.22998046875
2005-10-21,1146.7099609375,1183.47998046875,1183.47998046875
2005-10-24,1188.8599853515625,1184.5999755859375,1184.5999755859375
2005-10-25,1199.6800537109375,1181.280029296875,1181.280029296875
2005-10-26,1184.5999755859375,1179.0,1179.0
2005-10-27,1174.949951171875,1166.3599853515625,1166.3599853515625
2005-10-28,1148.8800048828125,1140.719970703125,1140.719970703125
2005-10-31,1152.949951171875,1158.1099853515625,1158.1099853515625
2005-11-01,1165.77001953125,1188.949951171875,1188.949951171875
2005-11-02,1195.010009765625,1208.3800048828125,1208.3800048828125
2005-11-03,1220.510009765625,1217.969970703125,1217.969970703125
2005-11-04,1223.3699951171875,1221.97998046875,1221.97998046875
2005-11-07,1226.9599609375,1218.469970703125,1218.469970703125
2005-11-08,1219.780029296875,1226.7099609375,1226.7099609375
2005-11-09,1224.530029296875,1227.5899658203125,1227.5899658203125
2005-11-10,1226.780029296875,1234.4300537109375,1234.4300537109375
2005-11-11,1246.7099609375,1256.1199951171875,1256.1199951171875
2005-11-14,1260.280029296875,1257.6300048828125,1257.6300048828125
2005-11-15,1254.9200439453125,1253.8599853515625,1253.8599853515625
2005-11-16,1248.3399658203125,1267.1600341796875,1267.1600341796875
2005-11-17,1266.469970703125,1269.3499755859375,1269.3499755859375
2005-11-18,1277.3599853515625,1272.25,1272.25
2005-11-21,1276.260009765625,1268.800048828125,1268.800048828125
2005-11-22,1266.22998046875,1244.5,1244.5
2005-11-23,1251.9000244140625,1282.02001953125,1282.02001953125
2005-11-24,1290.3499755859375,1291.7099609375,1291.7099609375
2005-11-25,1294.7900390625,1293.219970703125,1293.219970703125
2005-11-28,1297.3499755859375,1293.739990234375,1293.739990234375
2005-11-29,1286.1099853515625,1279.3800048828125,1279.3800048828125
2005-11-30,1283.5799560546875,1297.43994140625,1297.43994140625
2005-12-01,1295.56005859375,1305.97998046875,1305.97998046875
2005-12-02,1318.93994140625,1310.1199951171875,1310.1199951171875
2005-12-05,1312.56005859375,1315.1500244140625,1315.1500244140625
2005-12-06,1311.9000244140625,1321.06005859375,1321.06005859375
2005-12-07,1319.9599609375,1324.75,1324.75
2005-12-08,1321.510009765625,1324.199951171875,1324.199951171875
2005-12-09,1319.010009765625,1317.4200439453125,1317.4200439453125
2005-12-12,1321.0699462890625,1333.22998046875,1333.22998046875
2005-12-13,1337.25,1336.47998046875,1336.47998046875
2005-12-14,1346.52001953125,1334.27001953125,1334.27001953125
2005-12-15,1338.1600341796875,1337.6800537109375,1337.6800537109375
2005-12-16,1322.4000244140625,1321.0400390625,1321.0400390625
2005-12-19,1325.6099853515625,1339.4000244140625,1339.4000244140625
2005-12-20,1333.0699462890625,1341.0,1341.0
2005-12-21,1345.0899658203125,1354.1600341796875,1354.1600341796875
2005-12-22,1361.3499755859375,1350.8699951171875,1350.8699951171875
2005-12-23,1358.510009765625,1359.530029296875,1359.530029296875
2005-12-26,1363.81005859375,1367.5699462890625,1367.5699462890625
2005-12-27,1371.3499755859375,1373.550048828125,1373.550048828125
2005-12-28,1357.2900390625,1368.1600341796875,1368.1600341796875
2005-12-29,1371.8599853515625,1379.3699951171875,1379.3699951171875
2006-01-02,1383.3199462890625,1389.27001953125,1389.27001953125
2006-01-03,1393.1400146484375,1394.8699951171875,1394.8699951171875
2006-01-04,1408.18994140625,1402.1099853515625,1402.1099853515625
2006-01-05,1405.31005859375,1395.510009765625,1395.510009765625
2006-01-06,1399.22998046875,1412.780029296875,1412.780029296875
2006-01-09,1421.9000244140625,1408.3299560546875,1408.3299560546875
2006-01-10,1413.1400146484375,1396.2900390625,1396.2900390625
2006-01-11,1394.6500244140625,1394.0899658203125,1394.0899658203125
2006-01-12,1399.6400146484375,1402.5799560546875,1402.5799560546875
2006-01-13,1397.1500244140625,1416.280029296875,1416.280029296875
2006-01-16,1423.0799560546875,1421.7900390625,1421.7900390625
2006-01-17,1423.760009765625,1389.5799560546875,1389.5799560546875
2006-01-18,1378.72998046875,1352.9100341796875,1352.9100341796875
2006-01-19,1357.3199462890625,1360.6400146484375,1360.6400146484375
2006-01-20,1368.8499755859375,1324.780029296875,1324.780029296875
2006-01-23,1307.4000244140625,1297.4300537109375,1297.4300537109375
2006-01-24,1307.3599853515625,1326.8299560546875,1326.8299560546875
2006-01-25,1339.3599853515625,1342.5899658203125,1342.5899658203125
2006-01-26,1349.47998046875,1352.75,1352.75
2006-01-27,1369.0,1384.56005859375,1384.56005859375
2006-01-31,1391.510009765625,1399.8299560546875,1399.8299560546875
2006-02-01,1390.4300537109375,1375.969970703125,1375.969970703125
2006-02-02,1387.5,1374.43994140625,1374.43994140625
2006-02-03,1357.1700439453125,1333.5,1333.5
2006-02-06,1326.22998046875,1341.6400146484375,1341.6400146484375
2006-02-07,1340.8399658203125,1332.280029296875,1332.280029296875
2006-02-08,1325.6800537109375,1310.989990234375,1310.989990234375
2006-02-09,1326.8699951171875,1321.6600341796875,1321.6600341796875
2006-02-10,1328.4100341796875,1335.22998046875,1335.22998046875
2006-02-13,1338.699951171875,1320.7900390625,1320.7900390625
2006-02-14,1315.1400146484375,1328.2099609375,1328.2099609375
2006-02-15,1342.280029296875,1303.8399658203125,1303.8399658203125
2006-02-16,1308.0,1314.3199462890625,1314.3199462890625
2006-02-17,1325.489990234375,1332.72998046875,1332.72998046875
2006-02-20,1336.010009765625,1348.25,1348.25
2006-02-21,1350.449951171875,1346.489990234375,1346.489990234375
2006-02-22,1344.9000244140625,1340.5799560546875,1340.5799560546875
2006-02-23,1348.510009765625,1361.22998046875,1361.22998046875
2006-02-24,1363.72998046875,1365.8199462890625,1365.8199462890625
2006-02-27,1365.4100341796875,1374.8800048828125,1374.8800048828125
2006-02-28,1377.43994140625,1371.5899658203125,1371.5899658203125
2006-03-02,1377.4599609375,1367.699951171875,1367.699951171875
2006-03-03,1365.3499755859375,1328.949951171875,1328.949951171875
2006-03-06,1332.7099609375,1344.760009765625,1344.760009765625
2006-03-07,1336.469970703125,1316.6700439453125,1316.6700439453125
2006-03-08,1303.5799560546875,1314.050048828125,1314.050048828125
2006-03-09,1313.75,1311.2099609375,1311.2099609375
2006-03-10,1315.1300048828125,1320.0699462890625,1320.0699462890625
2006-03-13,1332.280029296875,1338.280029296875,1338.280029296875
2006-03-14,1339.68994140625,1326.300048828125,1326.300048828125
2006-03-15,1337.2099609375,1333.97998046875,1333.97998046875
2006-03-16,1340.5799560546875,1335.97998046875,1335.97998046875
2006-03-17,1331.3800048828125,1341.1199951171875,1341.1199951171875
2006-03-20,1339.72998046875,1346.68994140625,1346.68994140625
2006-03-21,1347.300048828125,1336.6500244140625,1336.6500244140625
2006-03-22,1326.739990234375,1309.8299560546875,1309.8299560546875
2006-03-23,1321.4000244140625,1312.260009765625,1312.260009765625
2006-03-24,1311.8800048828125,1321.22998046875,1321.22998046875
2006-03-27,1317.4599609375,1330.3399658203125,1330.3399658203125
2006-03-28,1327.6600341796875,1331.31005859375,1331.31005859375
2006-03-29,1319.239990234375,1332.719970703125,1332.719970703125
2006-03-30,1339.1099853515625,1338.1400146484375,1338.1400146484375
2006-03-31,1338.5,1359.5999755859375,1359.5999755859375
2006-04-03,1362.3499755859375,1379.75,1379.75
2006-04-04,1380.489990234375,1385.6400146484375,1385.6400146484375
2006-04-05,1390.27001953125,1388.77001953125,1388.77001953125
2006-04-06,1397.510009765625,1397.0,1397.0
2006-04-07,1397.0400390625,1402.3599853515625,1402.3599853515625
2006-04-10,1394.6400146484375,1398.2900390625,1398.2900390625
2006-04-11,1395.27001953125,1386.0799560546875,1386.0799560546875
2006-04-12,1375.8399658203125,1383.5899658203125,1383.5899658203125
2006-04-13,1384.030029296875,1405.719970703125,1405.719970703125
2006-04-14,1410.489990234375,1432.719970703125,1432.719970703125
2006-04-17,1435.1600341796875,1422.6300048828125,1422.6300048828125
2006-04-18,1415.760009765625,1427.0,1427.0
2006-04-19,1445.77001953125,1437.8399658203125,1437.8399658203125
2006-04-20,1439.780029296875,1434.1500244140625,1434.1500244140625
2006-04-21,1441.1099853515625,1451.31005859375,1451.31005859375
2006-04-24,1448.0400390625,1430.93994140625,1430.93994140625
2006-04-25,1426.6800537109375,1431.1500244140625,1431.1500244140625
2006-04-26,1433.3800048828125,1451.219970703125,1451.219970703125
2006-04-27,1455.0899658203125,1452.530029296875,1452.530029296875
2006-04-28,1443.6300048828125,1419.72998046875,1419.72998046875
2006-05-02,1419.6400146484375,1434.9000244140625,1434.9000244140625
2006-05-03,1440.8499755859375,1435.1700439453125,1435.1700439453125
2006-05-04,1436.5999755859375,1441.02001953125,1441.02001953125
2006-05-08,1459.3900146484375,1452.22998046875,1452.22998046875
2006-05-09,1452.010009765625,1450.43994140625,1450.43994140625
2006-05-10,1449.719970703125,1451.0899658203125,1451.0899658203125
2006-05-11,1448.300048828125,1464.699951171875,1464.699951171875
2006-05-12,1448.5699462890625,1445.199951171875,1445.199951171875
2006-05-15,1424.5799560546875,1413.97998046875,1413.97998046875
2006-05-16,1415.81005859375,1382.1099853515625,1382.1099853515625
2006-05-17,1386.9300537109375,1401.469970703125,1401.469970703125
2006-05-18,1360.760009765625,1365.1500244140625,1365.1500244140625
2006-05-19,1364.1800537109375,1372.2900390625,1372.2900390625
2006-05-22,1375.949951171875,1338.5899658203125,1338.5899658203125
2006-05-23,1323.97998046875,1329.8599853515625,1329.8599853515625
2006-05-24,1325.93994140625,1333.3800048828125,1333.3800048828125
2006-05-25,1333.6300048828125,1295.760009765625,1295.760009765625
2006-05-26,1315.0999755859375,1322.4300537109375,1322.4300537109375
2006-05-29,1333.5899658203125,1329.219970703125,1329.219970703125
2006-05-30,1329.4000244140625,1317.699951171875,1317.699951171875
2006-06-01,1308.43994140625,1295.0899658203125,1295.0899658203125
2006-06-02,1312.77001953125,1309.0400390625,1309.0400390625
2006-06-05,1315.77001953125,1301.6199951171875,1301.6199951171875
2006-06-07,1273.0699462890625,1266.8399658203125,1266.8399658203125
2006-06-08,1259.3900146484375,1223.1300048828125,1223.1300048828125
2006-06-09,1236.800048828125,1235.6500244140625,1235.6500244140625
2006-06-12,1229.9599609375,1239.8399658203125,1239.8399658203125
2006-06-13,1215.550048828125,1203.8599853515625,1203.8599853515625
2006-06-14,1194.4599609375,1221.72998046875,1221.72998046875
2006-06-15,1232.719970703125,1219.4000244140625,1219.4000244140625
2006-06-16,1246.1099853515625,1262.18994140625,1262.18994140625
2006-06-19,1254.5899658203125,1251.6700439453125,1251.6700439453125
2006-06-20,1244.5,1225.8299560546875,1225.8299560546875
2006-06-21,1229.2900390625,1227.18994140625,1227.18994140625
2006-06-22,1246.18994140625,1238.8299560546875,1238.8299560546875
2006-06-23,1226.27001953125,1228.6199951171875,1228.6199951171875
2006-06-26,1227.0,1238.050048828125,1238.050048828125
2006-06-27,1245.43994140625,1247.5400390625,1247.5400390625
2006-06-28,1226.5899658203125,1238.7099609375,1238.7099609375
2006-06-29,1247.800048828125,1263.02001953125,1263.02001953125
2006-06-30,1290.3699951171875,1295.1500244140625,1295.1500244140625
2006-07-03,1294.5699462890625,1294.6099853515625,1294.6099853515625
2006-07-04,1304.449951171875,1285.9200439453125,1285.9200439453125
2006-07-05,1260.68994140625,1279.8499755859375,1279.8499755859375
2006-07-06,1270.8199462890625,1263.9599609375,1263.9599609375
2006-07-07,1274.25,1273.9300537109375,1273.9300537109375
2006-07-10,1265.5799560546875,1299.2900390625,1299.2900390625
2006-07-11,1296.06005859375,1300.43994140625,1300.43994140625
2006-07-12,1302.989990234375,1296.68994140625,1296.68994140625
2006-07-13,1283.8299560546875,1285.02001953125,1285.02001953125
2006-07-14,1261.239990234375,1255.1300048828125,1255.1300048828125
2006-07-18,1241.5699462890625,1233.4200439453125,1233.4200439453125
2006-07-19,1236.260009765625,1233.6500244140625,1233.6500244140625
2006-07-20,1264.030029296875,1273.300048828125,1273.300048828125
2006-07-21,1260.25,1271.3299560546875,1271.3299560546875
2006-07-24,1258.8699951171875,1263.3499755859375,1263.3499755859375
2006-07-25,1278.27001953125,1279.77001953125,1279.77001953125
2006-07-26,1284.5899658203125,1279.0799560546875,1279.0799560546875
2006-07-27,1280.6500244140625,1296.27001953125,1296.27001953125
2006-07-28,1293.02001953125,1297.0699462890625,1297.0699462890625
2006-07-31,1313.9100341796875,1297.8199462890625,1297.8199462890625
2006-08-01,1296.7099609375,1287.3599853515625,1287.3599853515625
2006-08-02,1281.9200439453125,1295.1099853515625,1295.1099853515625
2006-08-03,1302.449951171875,1292.050048828125,1292.050048828125
2006-08-04,1296.5,1304.510009765625,1304.510009765625
2006-08-07,1308.3599853515625,1289.5400390625,1289.5400390625
2006-08-08,1290.56005859375,1311.0999755859375,1311.0999755859375
2006-08-09,1306.989990234375,1314.9300537109375,1314.9300537109375
2006-08-10,1310.93994140625,1304.31005859375,1304.31005859375
2006-08-11,1312.1800537109375,1292.0999755859375,1292.0999755859375
2006-08-14,1295.4300537109375,1295.1099853515625,1295.1099853515625
2006-08-16,1311.56005859375,1315.6099853515625,1315.6099853515625
2006-08-17,1325.739990234375,1327.780029296875,1327.780029296875
2006-08-18,1330.06005859375,1331.0999755859375,1331.0999755859375
2006-08-21,1333.260009765625,1321.6700439453125,1321.6700439453125
2006-08-22,1321.760009765625,1334.9599609375,1334.9599609375
2006-08-23,1332.52001953125,1324.949951171875,1324.949951171875
2006-08-24,1322.1600341796875,1315.72998046875,1315.72998046875
2006-08-25,1317.6500244140625,1329.3499755859375,1329.3499755859375
2006-08-28,1329.9000244140625,1327.8900146484375,1327.8900146484375
2006-08-29,1336.4000244140625,1344.6099853515625,1344.6099853515625
2006-08-30,1346.68994140625,1341.3499755859375,1341.3499755859375
2006-08-31,1348.050048828125,1352.739990234375,1352.739990234375
2006-09-01,1354.77001953125,1356.6700439453125,1356.6700439453125
2006-09-04,1363.68994140625,1359.06005859375,1359.06005859375
2006-09-05,1360.969970703125,1361.239990234375,1361.239990234375
2006-09-06,1362.449951171875,1357.010009765625,1357.010009765625
2006-09-07,1351.550048828125,1351.1700439453125,1351.1700439453125
2006-09-08,1345.6099853515625,1354.8900146484375,1354.8900146484375
2006-09-11,1357.2900390625,1334.0799560546875,1334.0799560546875
2006-09-12,1334.3499755859375,1328.0400390625,1328.0400390625
2006-09-13,1341.6199951171875,1333.1300048828125,1333.1300048828125
2006-09-14,1333.6600341796875,1358.75,1358.75
2006-09-15,1355.0799560546875,1361.0999755859375,1361.0999755859375
2006-09-18,1360.6600341796875,1374.300048828125,1374.300048828125
2006-09-19,1375.22998046875,1373.949951171875,1373.949951171875
2006-09-20,1366.510009765625,1366.43994140625,1366.43994140625
2006-09-21,1373.3499755859375,1366.7900390625,1366.7900390625
2006-09-22,1358.449951171875,1348.3800048828125,1348.3800048828125
2006-09-25,1347.8800048828125,1355.2099609375,1355.2099609375
2006-09-26,1360.8800048828125,1343.969970703125,1343.969970703125
2006-09-27,1352.219970703125,1360.030029296875,1360.030029296875
2006-09-28,1362.719970703125,1371.4300537109375,1371.4300537109375
2006-09-29,1375.3800048828125,1371.4100341796875,1371.4100341796875
2006-10-02,1370.27001953125,1374.219970703125,1374.219970703125
2006-10-04,1366.1600341796875,1352.0,1352.0
2006-10-09,1356.5899658203125,1319.4000244140625,1319.4000244140625
2006-10-10,1322.43994140625,1328.3699951171875,1328.3699951171875
2006-10-11,1317.6800537109375,1325.489990234375,1325.489990234375
2006-10-12,1325.699951171875,1331.780029296875,1331.780029296875
2006-10-13,1349.5,1348.5999755859375,1348.5999755859375
2006-10-16,1356.5899658203125,1356.719970703125,1356.719970703125
2006-10-17,1360.56005859375,1351.300048828125,1351.300048828125
2006-10-18,1345.5999755859375,1354.260009765625,1354.260009765625
2006-10-19,1356.6099853515625,1354.06005859375,1354.06005859375
2006-10-20,1357.3699951171875,1364.239990234375,1364.239990234375
2006-10-23,1367.1400146484375,1364.949951171875,1364.949951171875
2006-10-24,1373.5699462890625,1366.5,1366.5
2006-10-25,1368.3599853515625,1371.4300537109375,1371.4300537109375
2006-10-26,1373.989990234375,1373.6500244140625,1373.6500244140625
2006-10-27,1378.06005859375,1369.0899658203125,1369.0899658203125
2006-10-30,1363.3399658203125,1356.1099853515625,1356.1099853515625
2006-10-31,1356.9100341796875,1364.550048828125,1364.550048828125
2006-11-01,1372.030029296875,1374.3499755859375,1374.3499755859375
2006-11-02,1371.510009765625,1383.72998046875,1383.72998046875
2006-11-03,1385.1700439453125,1383.8800048828125,1383.8800048828125
2006-11-06,1379.3699951171875,1379.18994140625,1379.18994140625
2006-11-07,1389.1199951171875,1387.43994140625,1387.43994140625
2006-11-08,1391.22998046875,1380.0699462890625,1380.0699462890625
2006-11-09,1382.4000244140625,1399.43994140625,1399.43994140625
2006-11-10,1393.8800048828125,1395.72998046875,1395.72998046875
2006-11-13,1399.510009765625,1396.68994140625,1396.68994140625
2006-11-14,1402.9200439453125,1407.3699951171875,1407.3699951171875
2006-11-15,1412.0699462890625,1412.5400390625,1412.5400390625
2006-11-16,1417.6800537109375,1410.75,1410.75
2006-11-17,1414.1700439453125,1412.219970703125,1412.219970703125
2006-11-20,1413.739990234375,1402.2099609375,1402.2099609375
2006-11-21,1402.75,1405.9000244140625,1405.9000244140625
2006-11-22,1405.3399658203125,1422.5400390625,1422.5400390625
2006-11-23,1419.510009765625,1419.22998046875,1419.22998046875
2006-11-24,1419.989990234375,1421.72998046875,1421.72998046875
2006-11-27,1419.800048828125,1425.1300048828125,1425.1300048828125
2006-11-28,1407.52001953125,1411.469970703125,1411.469970703125
2006-11-29,1413.9100341796875,1422.550048828125,1422.550048828125
2006-11-30,1427.6700439453125,1432.2099609375,1432.2099609375
2006-12-01,1433.4000244140625,1434.3599853515625,1434.3599853515625
2006-12-04,1431.010009765625,1426.4599609375,1426.4599609375
2006-12-05,1432.969970703125,1420.5899658203125,1420.5899658203125
2006-12-06,1422.75,1413.72998046875,1413.72998046875
2006-12-07,1411.72998046875,1410.300048828125,1410.300048828125
2006-12-08,1400.97998046875,1390.4300537109375,1390.4300537109375
2006-12-11,1390.260009765625,1390.72998046875,1390.72998046875
2006-12-12,1392.219970703125,1376.97998046875,1376.97998046875
2006-12-13,1375.31005859375,1383.280029296875,1383.280029296875
2006-12-14,1385.5,1418.3800048828125,1418.3800048828125
2006-12-15,1418.530029296875,1421.8699951171875,1421.8699951171875
2006-12-18,1427.1400146484375,1433.22998046875,1433.22998046875
2006-12-19,1431.0699462890625,1427.760009765625,1427.760009765625
2006-12-20,1429.77001953125,1442.280029296875,1442.280029296875
2006-12-21,1444.4100341796875,1436.469970703125,1436.469970703125
2006-12-22,1432.030029296875,1437.489990234375,1437.489990234375
2006-12-26,1434.5799560546875,1433.9200439453125,1433.9200439453125
2006-12-27,1426.800048828125,1425.0999755859375,1425.0999755859375
2006-12-28,1433.6300048828125,1434.4599609375,1434.4599609375
2007-01-02,1438.8900146484375,1435.260009765625,1435.260009765625
2007-01-03,1436.4200439453125,1409.3499755859375,1409.3499755859375
2007-01-04,1410.550048828125,1397.2900390625,1397.2900390625
2007-01-05,1398.5999755859375,1385.760009765625,1385.760009765625
2007-01-08,1376.760009765625,1370.81005859375,1370.81005859375
2007-01-09,1376.7099609375,1374.3399658203125,1374.3399658203125
2007-01-10,1372.52001953125,1355.7900390625,1355.7900390625
2007-01-11,1357.5699462890625,1365.31005859375,1365.31005859375
2007-01-12,1379.0,1388.3699951171875,1388.3699951171875
2007-01-15,1396.8699951171875,1390.9599609375,1390.9599609375
2007-01-16,1392.0,1389.7099609375,1389.7099609375
2007-01-17,1391.75,1379.47998046875,1379.47998046875
2007-01-18,1378.3699951171875,1383.2099609375,1383.2099609375
2007-01-19,1369.0899658203125,1360.56005859375,1360.56005859375
2007-01-22,1363.8399658203125,1363.4100341796875,1363.4100341796875
2007-01-23,1353.06005859375,1363.0899658203125,1363.0899658203125
2007-01-24,1369.9599609375,1383.06005859375,1383.06005859375
2007-01-25,1392.550048828125,1382.3599853515625,1382.3599853515625
2007-01-26,1372.3599853515625,1371.3299560546875,1371.3299560546875
2007-01-29,1376.47998046875,1363.0999755859375,1363.0999755859375
2007-01-30,1365.0,1370.719970703125,1370.719970703125
2007-01-31,1374.760009765625,1360.22998046875,1360.22998046875
2007-02-01,1367.0699462890625,1382.9000244140625,1382.9000244140625
2007-02-02,1386.780029296875,1413.1400146484375,1413.1400146484375
2007-02-05,1413.77001953125,1417.949951171875,1417.949951171875
2007-02-06,1416.6500244140625,1428.5799560546875,1428.5799560546875
2007-02-07,1430.8499755859375,1426.2900390625,1426.2900390625
2007-02-08,1424.989990234375,1423.5799560546875,1423.5799560546875
2007-02-09,1424.489990234375,1427.6800537109375,1427.6800537109375
2007-02-12,1416.8399658203125,1414.2900390625,1414.2900390625
2007-02-13,1412.719970703125,1418.43994140625,1418.43994140625
2007-02-14,1430.02001953125,1436.0999755859375,1436.0999755859375
2007-02-15,1450.550048828125,1443.6300048828125,1443.6300048828125
2007-02-16,1444.4599609375,1448.81005859375,1448.81005859375
2007-02-20,1450.9599609375,1452.9599609375,1452.9599609375
2007-02-21,1455.1800537109375,1451.3800048828125,1451.3800048828125
2007-02-22,1452.7099609375,1465.4100341796875,1465.4100341796875
2007-02-23,1470.43994140625,1469.8800048828125,1469.8800048828125
2007-02-26,1466.9200439453125,1470.030029296875,1470.030029296875
2007-02-27,1468.280029296875,1454.5999755859375,1454.5999755859375
2007-02-28,1396.43994140625,1417.3399658203125,1417.3399658203125
2007-03-05,1400.800048828125,1376.1500244140625,1376.1500244140625
2007-03-06,1382.699951171875,1402.9300537109375,1402.9300537109375
2007-03-07,1415.3499755859375,1410.949951171875,1410.949951171875
2007-03-08,1409.02001953125,1423.8900146484375,1423.8900146484375
2007-03-09,1433.27001953125,1423.5799560546875,1423.5799560546875
2007-03-12,1429.6800537109375,1441.3299560546875,1441.3299560546875
2007-03-13,1441.5999755859375,1436.050048828125,1436.050048828125
2007-03-14,1409.6600341796875,1407.3699951171875,1407.3699951171875
2007-03-15,1418.77001953125,1426.9300537109375,1426.9300537109375
2007-03-16,1428.6300048828125,1427.8800048828125,1427.8800048828125
2007-03-19,1425.219970703125,1443.3900146484375,1443.3900146484375
2007-03-20,1449.4300537109375,1444.1700439453125,1444.1700439453125
2007-03-21,1446.0699462890625,1442.8499755859375,1442.8499755859375
2007-03-22,1452.1300048828125,1448.530029296875,1448.530029296875
2007-03-23,1449.989990234375,1447.3800048828125,1447.3800048828125
2007-03-26,1451.1199951171875,1449.77001953125,1449.77001953125
2007-03-27,1450.02001953125,1453.22998046875,1453.22998046875
2007-03-28,1451.469970703125,1439.739990234375,1439.739990234375
2007-03-29,1434.5799560546875,1450.949951171875,1450.949951171875
2007-03-30,1457.5799560546875,1452.550048828125,1452.550048828125
2007-04-02,1456.18994140625,1459.530029296875,1459.530029296875
2007-04-03,1463.4100341796875,1463.75,1463.75
2007-04-04,1474.6500244140625,1483.4100341796875,1483.4100341796875
2007-04-05,1485.530029296875,1482.0400390625,1482.0400390625
2007-04-06,1487.72998046875,1484.1500244140625,1484.1500244140625
2007-04-09,1489.7900390625,1501.06005859375,1501.06005859375
2007-04-10,1500.7900390625,1499.1600341796875,1499.1600341796875
2007-04-11,1508.6800537109375,1513.4200439453125,1513.4200439453125
2007-04-12,1510.27001953125,1525.6099853515625,1525.6099853515625
2007-04-13,1523.8199462890625,1520.780029296875,1520.780029296875
2007-04-16,1523.8900146484375,1532.0400390625,1532.0400390625
2007-04-17,1538.8900146484375,1528.6600341796875,1528.6600341796875
2007-04-18,1532.5699462890625,1534.5799560546875,1534.5799560546875
2007-04-19,1536.8900146484375,1513.6600341796875,1513.6600341796875
2007-04-20,1518.5799560546875,1533.0799560546875,1533.0799560546875
2007-04-23,1545.449951171875,1544.3499755859375,1544.3499755859375
2007-04-24,1545.6099853515625,1556.7099609375,1556.7099609375
2007-04-25,1558.199951171875,1545.550048828125,1545.550048828125
2007-04-26,1560.219970703125,1553.1300048828125,1553.1300048828125
2007-04-27,1547.199951171875,1542.52001953125,1542.52001953125
2007-04-30,1538.68994140625,1542.239990234375,1542.239990234375
2007-05-02,1550.3900146484375,1553.300048828125,1553.300048828125
2007-05-03,1563.4200439453125,1559.8599853515625,1559.8599853515625
2007-05-04,1563.1600341796875,1567.739990234375,1567.739990234375
2007-05-07,1574.8599853515625,1584.4599609375,1584.4599609375
2007-05-08,1585.52001953125,1582.6500244140625,1582.6500244140625
2007-05-09,1582.9100341796875,1593.4200439453125,1593.4200439453125
2007-05-10,1602.56005859375,1599.6800537109375,1599.6800537109375
2007-05-11,1588.0899658203125,1603.56005859375,1603.56005859375
2007-05-14,1612.72998046875,1605.77001953125,1605.77001953125
2007-05-15,1600.9100341796875,1589.3699951171875,1589.3699951171875
2007-05-16,1591.0699462890625,1600.5999755859375,1600.5999755859375
2007-05-17,1614.0,1615.5799560546875,1615.5799560546875
2007-05-18,1613.1199951171875,1612.25,1612.25
2007-05-21,1602.6400146484375,1628.199951171875,1628.199951171875
2007-05-22,1634.0899658203125,1642.8800048828125,1642.8800048828125
2007-05-23,1647.43994140625,1646.5899658203125,1646.5899658203125
2007-05-25,1629.1800537109375,1644.56005859375,1644.56005859375
2007-05-28,1650.530029296875,1657.9100341796875,1657.9100341796875
2007-05-29,1663.3199462890625,1661.800048828125,1661.800048828125
2007-05-30,1661.8299560546875,1662.719970703125,1662.719970703125
2007-05-31,1683.3499755859375,1700.9100341796875,1700.9100341796875
2007-06-01,1712.969970703125,1716.239990234375,1716.239990234375
2007-06-04,1734.27001953125,1737.5899658203125,1737.5899658203125
2007-06-05,1735.8699951171875,1742.18994140625,1742.18994140625
2007-06-07,1722.469970703125,1753.0400390625,1753.0400390625
2007-06-08,1735.9599609375,1727.280029296875,1727.280029296875
2007-06-11,1740.4599609375,1716.56005859375,1716.56005859375
2007-06-12,1714.5400390625,1729.8800048828125,1729.8800048828125
2007-06-13,1721.3699951171875,1721.989990234375,1721.989990234375
2007-06-14,1742.1199951171875,1769.1800537109375,1769.1800537109375
2007-06-15,1772.030029296875,1772.260009765625,1772.260009765625
2007-06-18,1786.2900390625,1806.8800048828125,1806.8800048828125
2007-06-19,1813.530029296875,1807.8499755859373,1807.8499755859373
2007-06-20,1812.8199462890625,1783.7900390625,1783.7900390625
2007-06-21,1775.47998046875,1794.239990234375,1794.239990234375
2007-06-22,1801.199951171875,1770.97998046875,1770.97998046875
2007-06-25,1754.199951171875,1757.72998046875,1757.72998046875
2007-06-26,1762.47998046875,1749.550048828125,1749.550048828125
2007-06-27,1749.010009765625,1733.0999755859375,1733.0999755859375
2007-06-28,1745.8199462890625,1751.75,1751.75
2007-06-29,1755.8399658203125,1743.5999755859375,1743.5999755859375
2007-07-02,1741.4100341796875,1771.3499755859375,1771.3499755859375
2007-07-03,1791.68994140625,1805.5,1805.5
2007-07-04,1815.77001953125,1838.4100341796875,1838.4100341796875
2007-07-05,1841.56005859375,1847.7900390625,1847.7900390625
2007-07-06,1855.030029296875,1861.010009765625,1861.010009765625
2007-07-09,1870.3499755859373,1883.5899658203125,1883.5899658203125
2007-07-10,1887.3499755859373,1894.530029296875,1894.530029296875
2007-07-11,1880.7099609375,1889.9599609375,1889.9599609375
2007-07-12,1897.5899658203125,1909.75,1909.75
2007-07-13,1946.0799560546875,1962.9300537109373,1962.9300537109373
2007-07-16,1965.6600341796875,1949.510009765625,1949.510009765625
2007-07-18,1953.25,1930.699951171875,1930.699951171875
2007-07-19,1935.0999755859373,1937.9000244140625,1937.9000244140625
2007-07-20,1949.5,1983.5400390625,1983.5400390625
2007-07-23,1978.050048828125,1993.050048828125,1993.050048828125
2007-07-24,2001.52001953125,1992.260009765625,1992.260009765625
2007-07-25,1992.1600341796875,2004.219970703125,2004.219970703125
2007-07-26,2012.0400390625,1963.5400390625,1963.5400390625
2007-07-27,1924.010009765625,1883.219970703125,1883.219970703125
2007-07-30,1874.0799560546875,1906.7099609375,1906.7099609375
2007-07-31,1915.449951171875,1933.27001953125,1933.27001953125
2007-08-01,1920.0699462890625,1856.449951171875,1856.449951171875
2007-08-02,1874.97998046875,1853.0699462890625,1853.0699462890625
2007-08-03,1875.0699462890625,1876.800048828125,1876.800048828125
2007-08-06,1832.5400390625,1855.050048828125,1855.050048828125
2007-08-07,1888.5799560546875,1859.8199462890625,1859.8199462890625
2007-08-08,1879.6099853515625,1903.4100341796875,1903.4100341796875
2007-08-09,1923.989990234375,1908.6800537109373,1908.6800537109373
2007-08-10,1853.219970703125,1828.489990234375,1828.489990234375
2007-08-13,1840.8900146484373,1849.260009765625,1849.260009765625
2007-08-14,1841.1500244140625,1817.8900146484373,1817.8900146484373
2007-08-16,1754.18994140625,1691.97998046875,1691.97998046875
2007-08-17,1702.6600341796875,1638.0699462890625,1638.0699462890625
2007-08-20,1700.47998046875,1731.27001953125,1731.27001953125
2007-08-21,1740.8499755859375,1736.1800537109375,1736.1800537109375
2007-08-22,1741.9300537109375,1759.5,1759.5
2007-08-23,1801.47998046875,1799.719970703125,1799.719970703125
2007-08-24,1793.1700439453125,1791.3299560546875,1791.3299560546875
2007-08-27,1825.969970703125,1803.030029296875,1803.030029296875
2007-08-28,1806.5799560546875,1829.31005859375,1829.31005859375
2007-08-29,1773.5899658203125,1826.18994140625,1826.18994140625
2007-08-30,1859.449951171875,1841.699951171875,1841.699951171875
2007-08-31,1844.280029296875,1873.239990234375,1873.239990234375
2007-09-03,1876.9200439453125,1881.81005859375,1881.81005859375
2007-09-04,1881.1700439453125,1874.739990234375,1874.739990234375
2007-09-05,1883.8299560546875,1865.5899658203125,1865.5899658203125
2007-09-06,1862.0,1888.81005859375,1888.81005859375
2007-09-07,1886.5999755859373,1884.9000244140625,1884.9000244140625
2007-09-10,1845.5899658203125,1835.8699951171875,1835.8699951171875
2007-09-11,1844.6800537109373,1847.3599853515625,1847.3599853515625
2007-09-12,1853.93994140625,1813.52001953125,1813.52001953125
2007-09-13,1817.8699951171875,1848.02001953125,1848.02001953125
2007-09-14,1856.1700439453125,1870.02001953125,1870.02001953125
2007-09-17,1873.6500244140625,1871.6800537109373,1871.6800537109373
2007-09-18,1867.6099853515625,1838.6099853515625,1838.6099853515625
2007-09-19,1892.780029296875,1902.6500244140625,1902.6500244140625
2007-09-20,1902.22998046875,1908.969970703125,1908.969970703125
2007-09-21,1909.3699951171875,1919.260009765625,1919.260009765625
2007-09-27,1944.8699951171875,1945.280029296875,1945.280029296875
2007-09-28,1950.989990234375,1946.47998046875,1946.47998046875
2007-10-01,1948.780029296875,1962.6700439453125,1962.6700439453125
2007-10-02,1991.0,2014.0899658203125,2014.0899658203125
2007-10-04,1998.56005859375,2003.5999755859373,2003.5999755859373
2007-10-05,2007.8399658203125,1996.030029296875,1996.030029296875
2007-10-08,2020.3399658203125,2012.8199462890625,2012.8199462890625
2007-10-09,2014.93994140625,2014.1300048828125,2014.1300048828125
2007-10-10,2033.68994140625,2041.1199951171875,2041.1199951171875
2007-10-11,2040.3499755859373,2058.85009765625,2058.85009765625
2007-10-12,2047.6700439453125,2026.43994140625,2026.43994140625
2007-10-15,2043.9300537109373,2035.3900146484373,2035.3900146484373
2007-10-16,2014.3599853515625,2005.760009765625,2005.760009765625
2007-10-17,2000.3900146484373,1983.93994140625,1983.93994140625
2007-10-18,1989.5999755859373,2005.0899658203125,2005.0899658203125
2007-10-19,2003.27001953125,1970.0999755859373,1970.0999755859373
2007-10-22,1901.1500244140625,1903.81005859375,1903.81005859375
2007-10-23,1936.9200439453125,1947.97998046875,1947.97998046875
2007-10-24,1966.550048828125,1933.3599853515625,1933.3599853515625
2007-10-25,1967.0799560546875,1976.75,1976.75
2007-10-26,1987.199951171875,2028.06005859375,2028.06005859375
2007-10-29,2051.6201171875,2062.919921875,2062.919921875
2007-10-30,2058.780029296875,2052.3701171875,2052.3701171875
2007-10-31,2052.60009765625,2064.85009765625,2064.85009765625
2007-11-01,2085.330078125,2063.139892578125,2063.139892578125
2007-11-02,2014.6500244140625,2019.3399658203125,2019.3399658203125
2007-11-05,2025.0400390625,2015.760009765625,2015.760009765625
2007-11-06,2023.4100341796875,2054.239990234375,2054.239990234375
2007-11-07,2074.179931640625,2043.18994140625,2043.18994140625
2007-11-08,2009.6400146484373,1979.56005859375,1979.56005859375
2007-11-09,2001.1099853515625,1990.469970703125,1990.469970703125
2007-11-12,1957.780029296875,1923.4200439453125,1923.4200439453125
2007-11-13,1928.780029296875,1932.8900146484373,1932.8900146484373
2007-11-14,1982.9300537109373,1972.5799560546875,1972.5799560546875
2007-11-15,1970.1300048828125,1947.739990234375,1947.739990234375
2007-11-16,1916.8800048828125,1926.199951171875,1926.199951171875
2007-11-19,1936.3800048828125,1893.469970703125,1893.469970703125
2007-11-20,1853.4100341796875,1872.239990234375,1872.239990234375
2007-11-21,1865.9100341796875,1806.989990234375,1806.989990234375
2007-11-22,1790.25,1799.02001953125,1799.02001953125
2007-11-23,1806.02001953125,1772.8800048828125,1772.8800048828125
2007-11-26,1803.760009765625,1855.3299560546875,1855.3299560546875
2007-11-27,1813.0899658203125,1859.7900390625,1859.7900390625
2007-11-28,1881.8599853515625,1834.68994140625,1834.68994140625
2007-11-29,1885.3199462890625,1877.56005859375,1877.56005859375
2007-11-30,1886.5799560546875,1906.0,1906.0
2007-12-03,1907.949951171875,1902.4300537109373,1902.4300537109373
2007-12-04,1904.3299560546875,1917.8299560546875,1917.8299560546875
2007-12-05,1911.9200439453125,1938.199951171875,1938.199951171875
2007-12-06,1965.8900146484373,1953.1700439453125,1953.1700439453125
2007-12-07,1969.489990234375,1934.3199462890625,1934.3199462890625
2007-12-10,1930.3599853515625,1906.4200439453125,1906.4200439453125
2007-12-11,1922.6600341796875,1925.0699462890625,1925.0699462890625
2007-12-12,1887.5,1927.449951171875,1927.449951171875
2007-12-13,1921.6500244140625,1915.9000244140625,1915.9000244140625
2007-12-14,1914.469970703125,1895.050048828125,1895.050048828125
2007-12-17,1873.1500244140625,1839.8199462890625,1839.8199462890625
2007-12-18,1821.300048828125,1861.469970703125,1861.469970703125
2007-12-20,1878.5899658203125,1844.3699951171875,1844.3699951171875
2007-12-21,1855.06005859375,1878.3199462890625,1878.3199462890625
2007-12-24,1899.199951171875,1919.469970703125,1919.469970703125
2007-12-26,1924.9100341796875,1906.719970703125,1906.719970703125
2007-12-27,1901.9300537109373,1908.6199951171875,1908.6199951171875
2007-12-28,1892.56005859375,1897.1300048828125,1897.1300048828125
2008-01-02,1891.449951171875,1853.449951171875,1853.449951171875
2008-01-03,1834.43994140625,1852.72998046875,1852.72998046875
2008-01-04,1853.5400390625,1863.9000244140625,1863.9000244140625
2008-01-07,1815.72998046875,1831.1400146484373,1831.1400146484373
2008-01-08,1838.6400146484373,1826.22998046875,1826.22998046875
2008-01-09,1802.06005859375,1844.469970703125,1844.469970703125
2008-01-10,1847.93994140625,1824.780029296875,1824.780029296875
2008-01-11,1844.5699462890625,1782.27001953125,1782.27001953125
2008-01-14,1781.0,1765.8800048828125,1765.8800048828125
2008-01-15,1781.530029296875,1746.949951171875,1746.949951171875
2008-01-16,1715.969970703125,1704.969970703125,1704.969970703125
2008-01-17,1726.030029296875,1723.550048828125,1723.550048828125
2008-01-18,1689.280029296875,1734.719970703125,1734.719970703125
2008-01-21,1723.949951171875,1683.56005859375,1683.56005859375
2008-01-22,1628.9200439453125,1609.02001953125,1609.02001953125
2008-01-23,1652.6199951171875,1628.4200439453125,1628.4200439453125
2008-01-24,1663.3599853515625,1663.0,1663.0
2008-01-25,1682.9300537109375,1692.4100341796875,1692.4100341796875
2008-01-28,1668.0699462890625,1627.18994140625,1627.18994140625
2008-01-29,1657.9000244140625,1637.9100341796875,1637.9100341796875
2008-01-30,1653.0,1589.06005859375,1589.06005859375
2008-01-31,1582.18994140625,1624.6800537109375,1624.6800537109375
2008-02-01,1645.050048828125,1634.530029296875,1634.530029296875
2008-02-04,1655.780029296875,1690.1300048828125,1690.1300048828125
2008-02-05,1686.199951171875,1696.5699462890625,1696.5699462890625
2008-02-11,1648.510009765625,1640.6700439453125,1640.6700439453125
2008-02-12,1653.5999755859375,1643.2900390625,1643.2900390625
2008-02-13,1663.2900390625,1631.780029296875,1631.780029296875
2008-02-14,1660.449951171875,1697.449951171875,1697.449951171875
2008-02-15,1672.3900146484375,1694.77001953125,1694.77001953125
2008-02-18,1701.75,1696.239990234375,1696.239990234375
2008-02-19,1717.0999755859375,1720.52001953125,1720.52001953125
2008-02-20,1704.6600341796875,1687.9100341796875,1687.9100341796875
2008-02-21,1708.010009765625,1704.3599853515625,1704.3599853515625
2008-02-22,1687.6300048828125,1686.449951171875,1686.449951171875
2008-02-25,1701.75,1709.1300048828125,1709.1300048828125
2008-02-26,1724.550048828125,1709.1300048828125,1709.1300048828125
2008-02-27,1725.9599609375,1720.8900146484375,1720.8900146484375
2008-02-28,1726.0799560546875,1736.1700439453125,1736.1700439453125
2008-02-29,1717.68994140625,1711.6199951171875,1711.6199951171875
2008-03-03,1676.300048828125,1671.72998046875,1671.72998046875
2008-03-04,1677.0999755859375,1676.1800537109375,1676.1800537109375
2008-03-05,1680.6300048828125,1677.0999755859375,1677.0999755859375
2008-03-06,1681.3900146484375,1697.43994140625,1697.43994140625
2008-03-07,1682.1700439453125,1663.969970703125,1663.969970703125
2008-03-10,1634.4200439453125,1625.1700439453125,1625.1700439453125
2008-03-11,1605.31005859375,1641.47998046875,1641.47998046875
2008-03-12,1685.43994140625,1658.8299560546875,1658.8299560546875
2008-03-13,1657.2099609375,1615.6199951171875,1615.6199951171875
2008-03-14,1637.780029296875,1600.260009765625,1600.260009765625
2008-03-17,1588.530029296875,1574.43994140625,1574.43994140625
2008-03-18,1585.3199462890625,1588.75,1588.75
2008-03-19,1626.280029296875,1622.22998046875,1622.22998046875
2008-03-20,1602.2900390625,1623.3900146484375,1623.3900146484375
2008-03-21,1644.050048828125,1645.68994140625,1645.68994140625
2008-03-24,1653.8199462890625,1655.300048828125,1655.300048828125
2008-03-25,1676.739990234375,1674.9300537109375,1674.9300537109375
2008-03-26,1676.81005859375,1679.6700439453125,1679.6700439453125
2008-03-27,1671.97998046875,1676.239990234375,1676.239990234375
2008-03-28,1671.06005859375,1701.8299560546875,1701.8299560546875
2008-03-31,1705.1700439453125,1703.989990234375,1703.989990234375
2008-04-01,1701.6400146484375,1702.25,1702.25
2008-04-02,1738.6400146484375,1742.18994140625,1742.18994140625
2008-04-03,1745.719970703125,1763.6300048828125,1763.6300048828125
2008-04-04,1762.93994140625,1766.489990234375,1766.489990234375
2008-04-07,1769.739990234375,1773.56005859375,1773.56005859375
2008-04-08,1770.97998046875,1754.7099609375,1754.7099609375
2008-04-10,1745.5999755859375,1764.6400146484375,1764.6400146484375
2008-04-11,1768.1300048828125,1779.7099609375,1779.7099609375
2008-04-14,1746.8800048828125,1746.7099609375,1746.7099609375
2008-04-15,1749.2900390625,1742.1700439453125,1742.1700439453125
2008-04-16,1757.8299560546875,1758.56005859375,1758.56005859375
2008-04-17,1782.510009765625,1768.6700439453125,1768.6700439453125
2008-04-18,1772.8900146484375,1771.9000244140625,1771.9000244140625
2008-04-21,1793.18994140625,1800.47998046875,1800.47998046875
2008-04-22,1799.719970703125,1787.489990234375,1787.489990234375
2008-04-23,1784.22998046875,1800.7900390625,1800.7900390625
2008-04-24,1808.8800048828125,1799.3399658203125,1799.3399658203125
2008-04-25,1809.0,1824.6800537109373,1824.6800537109373
2008-04-28,1829.449951171875,1823.1700439453125,1823.1700439453125
2008-04-29,1829.010009765625,1811.510009765625,1811.510009765625
2008-04-30,1808.739990234375,1825.469970703125,1825.469970703125
2008-05-02,1851.6400146484373,1848.27001953125,1848.27001953125
2008-05-06,1849.81005859375,1859.06005859375,1859.06005859375
2008-05-07,1863.77001953125,1854.010009765625,1854.010009765625
2008-05-08,1831.1700439453125,1848.0,1848.0
2008-05-09,1854.72998046875,1823.699951171875,1823.699951171875
2008-05-13,1829.3699951171875,1842.800048828125,1842.800048828125
2008-05-14,1841.43994140625,1843.75,1843.75
2008-05-15,1852.739990234375,1885.7099609375,1885.7099609375
2008-05-16,1893.989990234375,1888.8800048828125,1888.8800048828125
2008-05-19,1893.5400390625,1885.3699951171875,1885.3699951171875
2008-05-20,1886.52001953125,1873.1500244140625,1873.1500244140625
2008-05-21,1848.969970703125,1847.510009765625,1847.510009765625
2008-05-22,1826.06005859375,1835.4200439453125,1835.4200439453125
2008-05-23,1836.4200439453125,1827.93994140625,1827.93994140625
2008-05-26,1813.6300048828125,1800.5799560546875,1800.5799560546875
2008-05-27,1806.199951171875,1825.22998046875,1825.22998046875
2008-05-28,1835.3800048828125,1805.6400146484373,1805.6400146484373
2008-05-29,1819.3299560546875,1841.219970703125,1841.219970703125
2008-05-30,1846.97998046875,1852.02001953125,1852.02001953125
2008-06-02,1848.300048828125,1847.530029296875,1847.530029296875
2008-06-03,1832.31005859375,1819.3900146484373,1819.3900146484373
2008-06-04,1821.300048828125,1833.81005859375,1833.81005859375
2008-06-05,1830.1400146484373,1832.31005859375,1832.31005859375
2008-06-09,1787.9000244140625,1808.9599609375,1808.9599609375
2008-06-10,1813.3599853515625,1774.3800048828125,1774.3800048828125
2008-06-11,1781.1400146484375,1781.6700439453125,1781.6700439453125
2008-06-12,1755.9000244140625,1739.3599853515625,1739.3599853515625
2008-06-13,1753.6700439453125,1747.3499755859375,1747.3499755859375
2008-06-16,1763.8599853515625,1760.8199462890625,1760.8199462890625
2008-06-17,1766.3399658203125,1750.7099609375,1750.7099609375
2008-06-18,1745.5,1774.1300048828125,1774.1300048828125
2008-06-19,1756.3599853515625,1740.719970703125,1740.719970703125
2008-06-20,1752.949951171875,1731.0,1731.0
2008-06-23,1705.6099853515625,1715.5899658203125,1715.5899658203125
2008-06-24,1706.9200439453125,1710.8399658203125,1710.8399658203125
2008-06-25,1710.449951171875,1717.7900390625,1717.7900390625
2008-06-26,1717.5699462890625,1717.6600341796875,1717.6600341796875
2008-06-27,1673.27001953125,1684.449951171875,1684.449951171875
2008-06-30,1682.8599853515625,1674.9200439453125,1674.9200439453125
2008-07-01,1675.699951171875,1666.4599609375,1666.4599609375
2008-07-02,1665.52001953125,1623.5999755859375,1623.5999755859375
2008-07-03,1591.2099609375,1606.5400390625,1606.5400390625
2008-07-04,1604.469970703125,1577.93994140625,1577.93994140625
2008-07-07,1568.25,1579.719970703125,1579.719970703125
2008-07-08,1577.0400390625,1533.469970703125,1533.469970703125
2008-07-09,1557.0699462890625,1519.3800048828125,1519.3800048828125
2008-07-10,1498.780029296875,1537.4300537109375,1537.4300537109375
2008-07-11,1543.010009765625,1567.510009765625,1567.510009765625
2008-07-14,1562.8800048828125,1558.6199951171875,1558.6199951171875
2008-07-15,1550.949951171875,1509.3299560546875,1509.3299560546875
2008-07-16,1518.5699462890625,1507.4000244140625,1507.4000244140625
2008-07-17,1541.3800048828125,1525.56005859375,1525.56005859375
2008-07-18,1542.72998046875,1509.989990234375,1509.989990234375
2008-07-21,1530.6800537109375,1562.9200439453125,1562.9200439453125
2008-07-22,1551.0899658203125,1561.22998046875,1561.22998046875
2008-07-23,1586.27001953125,1591.760009765625,1591.760009765625
2008-07-24,1603.52001953125,1626.1400146484375,1626.1400146484375
2008-07-25,1595.280029296875,1597.9300537109375,1597.9300537109375
2008-07-28,1609.5699462890625,1598.2900390625,1598.2900390625
2008-07-29,1572.1600341796875,1567.199951171875,1567.199951171875
2008-07-30,1594.0400390625,1577.699951171875,1577.699951171875
2008-07-31,1583.989990234375,1594.6700439453125,1594.6700439453125
2008-08-01,1578.550048828125,1573.77001953125,1573.77001953125
2008-08-04,1567.010009765625,1543.050048828125,1543.050048828125
2008-08-05,1540.3199462890625,1535.5400390625,1535.5400390625
2008-08-06,1567.300048828125,1578.7099609375,1578.7099609375
2008-08-07,1577.3599853515625,1564.0,1564.0
2008-08-08,1547.699951171875,1568.719970703125,1568.719970703125
2008-08-11,1592.300048828125,1581.0899658203125,1581.0899658203125
2008-08-12,1581.0999755859375,1577.1199951171875,1577.1199951171875
2008-08-13,1572.8699951171875,1562.719970703125,1562.719970703125
2008-08-14,1553.6500244140625,1572.18994140625,1572.18994140625
2008-08-18,1579.1300048828125,1567.7099609375,1567.7099609375
2008-08-19,1554.2099609375,1541.4100341796875,1541.4100341796875
2008-08-20,1531.8699951171875,1540.7099609375,1540.7099609375
2008-08-21,1539.550048828125,1512.5899658203125,1512.5899658203125
2008-08-22,1508.6700439453125,1496.9100341796875,1496.9100341796875
2008-08-25,1505.1300048828125,1502.1099853515625,1502.1099853515625
2008-08-26,1477.0400390625,1490.25,1490.25
2008-08-27,1487.780029296875,1493.9200439453125,1493.9200439453125
2008-08-28,1503.260009765625,1474.1500244140625,1474.1500244140625
2008-08-29,1488.25,1474.239990234375,1474.239990234375
2008-09-01,1453.1400146484375,1414.4300537109375,1414.4300537109375
2008-09-02,1418.260009765625,1407.1400146484375,1407.1400146484375
2008-09-03,1403.8900146484375,1426.8900146484375,1426.8900146484375
2008-09-04,1421.1600341796875,1426.4300537109375,1426.4300537109375
2008-09-05,1394.3900146484375,1404.3800048828125,1404.3800048828125
2008-09-08,1437.5899658203125,1476.6500244140625,1476.6500244140625
2008-09-09,1469.5400390625,1454.5,1454.5
2008-09-10,1432.9000244140625,1464.97998046875,1464.97998046875
2008-09-11,1459.68994140625,1443.239990234375,1443.239990234375
2008-09-12,1468.4100341796875,1477.9200439453125,1477.9200439453125
2008-09-16,1381.239990234375,1387.75,1387.75
2008-09-17,1420.489990234375,1425.260009765625,1425.260009765625
2008-09-18,1385.469970703125,1392.4200439453125,1392.4200439453125
2008-09-19,1441.31005859375,1455.780029296875,1455.780029296875
2008-09-22,1472.0799560546875,1460.3399658203125,1460.3399658203125
2008-09-23,1447.9000244140625,1481.3699951171875,1481.3699951171875
2008-09-24,1479.0400390625,1495.97998046875,1495.97998046875
2008-09-25,1487.72998046875,1501.6300048828125,1501.6300048828125
2008-09-26,1492.4200439453125,1476.3299560546875,1476.3299560546875
2008-09-29,1491.1099853515625,1456.3599853515625,1456.3599853515625
2008-09-30,1383.969970703125,1448.06005859375,1448.06005859375
2008-10-01,1453.4000244140625,1439.6700439453125,1439.6700439453125
2008-10-02,1450.1600341796875,1419.6500244140625,1419.6500244140625
2008-10-06,1389.6800537109375,1358.75,1358.75
2008-10-07,1340.9200439453125,1366.0999755859375,1366.0999755859375
2008-10-08,1323.9599609375,1286.68994140625,1286.68994140625
2008-10-09,1289.6700439453125,1294.8900146484375,1294.8900146484375
2008-10-10,1248.530029296875,1241.469970703125,1241.469970703125
2008-10-13,1272.949951171875,1288.530029296875,1288.530029296875
2008-10-14,1342.31005859375,1367.68994140625,1367.68994140625
2008-10-15,1338.4599609375,1340.280029296875,1340.280029296875
2008-10-16,1258.3800048828125,1213.780029296875,1213.780029296875
2008-10-17,1245.1500244140625,1180.6700439453125,1180.6700439453125
2008-10-20,1195.9000244140625,1207.6300048828125,1207.6300048828125
2008-10-21,1223.75,1196.0999755859375,1196.0999755859375
2008-10-22,1190.5,1134.5899658203125,1134.5899658203125
2008-10-23,1089.5699462890625,1049.7099609375,1049.7099609375
2008-10-24,1051.5799560546875,938.75,938.75
2008-10-27,937.1799926757812,946.4500122070312,946.4500122070312
2008-10-28,916.8499755859376,999.1599731445312,999.1599731445312
2008-10-29,1047.47998046875,968.969970703125,968.969970703125
2008-10-30,1036.8299560546875,1084.719970703125,1084.719970703125
2008-10-31,1083.1400146484375,1113.06005859375,1113.06005859375
2008-11-03,1117.1300048828125,1129.0799560546875,1129.0799560546875
2008-11-04,1135.530029296875,1153.3499755859375,1153.3499755859375
2008-11-05,1184.9200439453125,1181.5,1181.5
2008-11-06,1133.780029296875,1092.219970703125,1092.219970703125
2008-11-07,1054.3499755859375,1134.489990234375,1134.489990234375
2008-11-10,1152.260009765625,1152.4599609375,1152.4599609375
2008-11-11,1133.3399658203125,1128.72998046875,1128.72998046875
2008-11-12,1103.8800048828125,1123.8599853515625,1123.8599853515625
2008-11-13,1074.75,1088.43994140625,1088.43994140625
2008-11-14,1126.93994140625,1088.260009765625,1088.260009765625
2008-11-17,1074.3299560546875,1078.3199462890625,1078.3199462890625
2008-11-18,1053.2900390625,1036.1600341796875,1036.1600341796875
2008-11-19,1038.739990234375,1016.8200073242188,1016.8200073242188
2008-11-20,967.4600219726562,948.6900024414062,948.6900024414062
2008-11-21,929.739990234375,1003.72998046875,1003.72998046875
2008-11-24,996.22998046875,970.1400146484376,970.1400146484376
2008-11-25,1016.0900268554688,983.3200073242188,983.3200073242188
2008-11-26,993.0700073242188,1029.780029296875,1029.780029296875
2008-11-27,1058.6300048828125,1063.47998046875,1063.47998046875
2008-11-28,1066.8399658203125,1076.0699462890625,1076.0699462890625
2008-12-01,1074.0,1058.6199951171875,1058.6199951171875
2008-12-02,1007.7100219726562,1023.2000122070312,1023.2000122070312
2008-12-03,1038.4100341796875,1022.6699829101562,1022.6699829101562
2008-12-04,1042.1600341796875,1006.5399780273438,1006.5399780273438
2008-12-05,1017.47998046875,1028.1300048828125,1028.1300048828125
2008-12-08,1041.4100341796875,1105.050048828125,1105.050048828125
2008-12-09,1116.0899658203125,1105.8399658203125,1105.8399658203125
2008-12-10,1112.43994140625,1145.8699951171875,1145.8699951171875
2008-12-11,1145.06005859375,1154.4300537109375,1154.4300537109375
2008-12-12,1128.6600341796875,1103.8199462890625,1103.8199462890625
2008-12-15,1138.4200439453125,1158.18994140625,1158.18994140625
2008-12-16,1148.6800537109375,1161.56005859375,1161.56005859375
2008-12-17,1190.0899658203125,1169.75,1169.75
2008-12-18,1183.3800048828125,1175.9100341796875,1175.9100341796875
2008-12-19,1174.239990234375,1180.969970703125,1180.969970703125
2008-12-22,1189.8499755859375,1179.6099853515625,1179.6099853515625
2008-12-23,1168.1500244140625,1144.31005859375,1144.31005859375
2008-12-24,1140.0799560546875,1128.510009765625,1128.510009765625
2008-12-26,1128.5400390625,1117.8599853515625,1117.8599853515625
2008-12-29,1109.4000244140625,1117.5899658203125,1117.5899658203125
2008-12-30,1124.5999755859375,1124.469970703125,1124.469970703125
2009-01-02,1132.8699951171875,1157.4000244140625,1157.4000244140625
2009-01-05,1180.97998046875,1173.5699462890625,1173.5699462890625
2009-01-06,1183.52001953125,1194.280029296875,1194.280029296875
2009-01-07,1198.8499755859375,1228.1700439453125,1228.1700439453125
2009-01-08,1212.699951171875,1205.699951171875,1205.699951171875
2009-01-09,1214.5,1180.9599609375,1180.9599609375
2009-01-12,1170.68994140625,1156.75,1156.75
2009-01-13,1147.989990234375,1167.7099609375,1167.7099609375
2009-01-14,1161.010009765625,1182.6800537109375,1182.6800537109375
2009-01-15,1138.469970703125,1111.3399658203125,1111.3399658203125
2009-01-16,1120.68994140625,1135.199951171875,1135.199951171875
2009-01-19,1146.0899658203125,1150.6500244140625,1150.6500244140625
2009-01-20,1136.1600341796875,1126.81005859375,1126.81005859375
2009-01-21,1087.4300537109375,1103.6099853515625,1103.6099853515625
2009-01-22,1125.219970703125,1116.22998046875,1116.22998046875
2009-01-23,1105.4300537109375,1093.4000244140625,1093.4000244140625
2009-01-28,1123.22998046875,1157.97998046875,1157.97998046875
2009-01-29,1165.8199462890625,1166.56005859375,1166.56005859375
2009-01-30,1147.5699462890625,1162.1099853515625,1162.1099853515625
2009-02-02,1145.8699951171875,1146.949951171875,1146.949951171875
2009-02-03,1152.93994140625,1163.199951171875,1163.199951171875
2009-02-04,1183.219970703125,1195.3699951171875,1195.3699951171875
2009-02-05,1187.050048828125,1177.8800048828125,1177.8800048828125
2009-02-06,1199.1700439453125,1210.260009765625,1210.260009765625
2009-02-09,1224.43994140625,1202.68994140625,1202.68994140625
2009-02-10,1215.050048828125,1198.8699951171875,1198.8699951171875
2009-02-11,1168.4200439453125,1190.1800537109375,1190.1800537109375
2009-02-12,1183.6800537109375,1179.8399658203125,1179.8399658203125
2009-02-13,1179.6300048828125,1192.43994140625,1192.43994140625
2009-02-16,1183.52001953125,1175.469970703125,1175.469970703125
2009-02-17,1167.219970703125,1127.18994140625,1127.18994140625
2009-02-18,1111.3499755859375,1113.18994140625,1113.18994140625
2009-02-19,1109.989990234375,1107.0999755859375,1107.0999755859375
2009-02-20,1095.25,1065.949951171875,1065.949951171875
2009-02-23,1058.5400390625,1099.550048828125,1099.550048828125
2009-02-24,1061.56005859375,1063.8800048828125,1063.8800048828125
2009-02-25,1094.699951171875,1067.0799560546875,1067.0799560546875
2009-02-26,1077.7099609375,1054.7900390625,1054.7900390625
2009-02-27,1056.7099609375,1063.030029296875,1063.030029296875
2009-03-02,1044.280029296875,1018.8099975585938,1018.8099975585938
2009-03-03,993.8499755859376,1025.5699462890625,1025.5699462890625
2009-03-04,1018.9000244140624,1059.260009765625,1059.260009765625
2009-03-05,1068.25,1058.1800537109375,1058.1800537109375
2009-03-06,1036.2900390625,1055.030029296875,1055.030029296875
2009-03-09,1068.97998046875,1071.72998046875,1071.72998046875
2009-03-10,1060.6099853515625,1092.199951171875,1092.199951171875
2009-03-11,1122.9100341796875,1127.510009765625,1127.510009765625
2009-03-12,1126.5999755859375,1128.3900146484375,1128.3900146484375
2009-03-13,1137.3499755859375,1126.030029296875,1126.030029296875
2009-03-16,1126.0899658203125,1125.4599609375,1125.4599609375
2009-03-17,1140.3199462890625,1163.8800048828125,1163.8800048828125
2009-03-18,1176.8599853515625,1169.949951171875,1169.949951171875
2009-03-19,1180.3900146484375,1161.81005859375,1161.81005859375
2009-03-20,1165.030029296875,1170.93994140625,1170.93994140625
2009-03-23,1179.5999755859375,1199.5,1199.5
2009-03-24,1225.93994140625,1221.699951171875,1221.699951171875
2009-03-25,1216.2900390625,1229.02001953125,1229.02001953125
2009-03-26,1226.510009765625,1243.800048828125,1243.800048828125
2009-03-27,1248.699951171875,1237.510009765625,1237.510009765625
2009-03-30,1239.800048828125,1197.4599609375,1197.4599609375
2009-03-31,1205.97998046875,1206.260009765625,1206.260009765625
2009-04-01,1214.06005859375,1233.3599853515625,1233.3599853515625
2009-04-02,1254.3800048828125,1276.969970703125,1276.969970703125
2009-04-03,1288.56005859375,1283.75,1283.75
2009-04-06,1292.4200439453125,1297.8499755859375,1297.8499755859375
2009-04-07,1296.3199462890625,1300.0999755859375,1300.0999755859375
2009-04-08,1284.97998046875,1262.0699462890625,1262.0699462890625
2009-04-09,1274.030029296875,1316.3499755859375,1316.3499755859375
2009-04-10,1340.8699951171875,1336.0400390625,1336.0400390625
2009-04-13,1341.739990234375,1338.260009765625,1338.260009765625
2009-04-14,1353.25,1342.6300048828125,1342.6300048828125
2009-04-15,1321.5999755859375,1333.0899658203125,1333.0899658203125
2009-04-16,1356.8800048828125,1336.719970703125,1336.719970703125
2009-04-17,1354.9300537109375,1329.0,1329.0
2009-04-20,1331.760009765625,1336.3900146484375,1336.3900146484375
2009-04-21,1307.949951171875,1336.81005859375,1336.81005859375
2009-04-22,1347.7900390625,1356.02001953125,1356.02001953125
2009-04-23,1367.300048828125,1368.800048828125,1368.800048828125
2009-04-24,1371.81005859375,1354.0999755859375,1354.0999755859375
2009-04-27,1358.199951171875,1339.8299560546875,1339.8299560546875
2009-04-28,1344.77001953125,1300.239990234375,1300.239990234375
2009-04-29,1310.6199951171875,1338.4200439453125,1338.4200439453125
2009-04-30,1353.6700439453125,1369.3599853515625,1369.3599853515625
2009-05-04,1386.02001953125,1397.9200439453125,1397.9200439453125
2009-05-06,1399.8199462890625,1393.449951171875,1393.449951171875
2009-05-07,1414.550048828125,1401.0799560546875,1401.0799560546875
2009-05-08,1400.469970703125,1412.1300048828125,1412.1300048828125
2009-05-11,1416.4200439453125,1415.1600341796875,1415.1600341796875
2009-05-12,1406.43994140625,1403.510009765625,1403.510009765625
2009-05-13,1409.5899658203125,1414.52001953125,1414.52001953125
2009-05-14,1395.5999755859375,1380.949951171875,1380.949951171875
2009-05-15,1395.1500244140625,1391.72998046875,1391.72998046875
2009-05-18,1385.7099609375,1386.6800537109375,1386.6800537109375
2009-05-19,1416.949951171875,1428.2099609375,1428.2099609375
2009-05-20,1427.97998046875,1435.699951171875,1435.699951171875
2009-05-21,1431.030029296875,1421.6500244140625,1421.6500244140625
2009-05-22,1406.27001953125,1403.75,1403.75
2009-05-25,1393.989990234375,1400.9000244140625,1400.9000244140625
2009-05-26,1407.5799560546875,1372.0400390625,1372.0400390625
2009-05-27,1394.739990234375,1362.02001953125,1362.02001953125
2009-05-28,1355.8900146484375,1392.1700439453125,1392.1700439453125
2009-05-29,1393.25,1395.8900146484375,1395.8900146484375
2009-06-01,1394.9200439453125,1415.0999755859375,1415.0999755859375
2009-06-02,1437.1500244140625,1412.8499755859375,1412.8499755859375
2009-06-03,1423.800048828125,1414.8900146484375,1414.8900146484375
2009-06-04,1410.239990234375,1378.1400146484375,1378.1400146484375
2009-06-05,1392.6300048828125,1394.7099609375,1394.7099609375
2009-06-08,1394.22998046875,1393.300048828125,1393.300048828125
2009-06-09,1406.6600341796875,1371.8399658203125,1371.8399658203125
2009-06-10,1379.6099853515625,1414.8800048828125,1414.8800048828125
2009-06-11,1411.9200439453125,1419.3900146484375,1419.3900146484375
2009-06-12,1428.8699951171875,1428.5899658203125,1428.5899658203125
2009-06-15,1427.75,1412.4200439453125,1412.4200439453125
2009-06-16,1394.699951171875,1399.1500244140625,1399.1500244140625
2009-06-17,1391.969970703125,1391.1700439453125,1391.1700439453125
2009-06-18,1390.219970703125,1375.760009765625,1375.760009765625
2009-06-19,1386.52001953125,1383.3399658203125,1383.3399658203125
2009-06-22,1381.8499755859375,1399.7099609375,1399.7099609375
2009-06-23,1369.8699951171875,1360.5400390625,1360.5400390625
2009-06-24,1366.010009765625,1363.7900390625,1363.7900390625
2009-06-25,1366.780029296875,1392.72998046875,1392.72998046875
2009-06-26,1401.5699462890625,1394.530029296875,1394.530029296875
2009-06-29,1399.6400146484375,1388.449951171875,1388.449951171875
2009-06-30,1402.300048828125,1390.0699462890625,1390.0699462890625
2009-07-01,1386.3299560546875,1411.6600341796875,1411.6600341796875
2009-07-02,1419.1500244140625,1411.47998046875,1411.47998046875
2009-07-03,1389.9300537109375,1420.0400390625,1420.0400390625
2009-07-06,1419.1700439453125,1428.93994140625,1428.93994140625
2009-07-07,1434.469970703125,1434.199951171875,1434.199951171875
2009-07-08,1424.9200439453125,1431.02001953125,1431.02001953125
2009-07-09,1428.739990234375,1430.8900146484375,1430.8900146484375
2009-07-10,1435.52001953125,1428.6199951171875,1428.6199951171875
2009-07-13,1426.31005859375,1378.1199951171875,1378.1199951171875
2009-07-14,1400.530029296875,1385.56005859375,1385.56005859375
2009-07-15,1402.760009765625,1420.8599853515625,1420.8599853515625
2009-07-16,1438.02001953125,1432.219970703125,1432.219970703125
2009-07-17,1443.489990234375,1440.0999755859375,1440.0999755859375
2009-07-20,1447.8499755859375,1478.510009765625,1478.510009765625
2009-07-21,1489.449951171875,1488.989990234375,1488.989990234375
2009-07-22,1492.3699951171875,1494.0400390625,1494.0400390625
2009-07-23,1495.3900146484375,1496.489990234375,1496.489990234375
2009-07-24,1508.3199462890625,1502.5899658203125,1502.5899658203125
2009-07-27,1510.75,1524.050048828125,1524.050048828125
2009-07-28,1521.489990234375,1526.030029296875,1526.030029296875
2009-07-29,1524.0799560546875,1524.3199462890625,1524.3199462890625
2009-07-30,1524.56005859375,1534.739990234375,1534.739990234375
2009-07-31,1543.050048828125,1557.2900390625,1557.2900390625
2009-08-03,1561.93994140625,1564.97998046875,1564.97998046875
2009-08-04,1576.949951171875,1566.3699951171875,1566.3699951171875
2009-08-05,1571.7099609375,1559.469970703125,1559.469970703125
2009-08-06,1555.6400146484375,1565.0400390625,1565.0400390625
2009-08-07,1563.1300048828125,1576.0,1576.0
2009-08-10,1585.3499755859375,1576.1099853515625,1576.1099853515625
2009-08-11,1572.3299560546875,1579.2099609375,1579.2099609375
2009-08-12,1571.739990234375,1565.3499755859375,1565.3499755859375
2009-08-13,1578.949951171875,1564.6400146484375,1564.6400146484375
2009-08-14,1582.2099609375,1591.4100341796875,1591.4100341796875
2009-08-17,1588.72998046875,1547.06005859375,1547.06005859375
2009-08-18,1534.219970703125,1550.239990234375,1550.239990234375
2009-08-19,1555.030029296875,1545.9599609375,1545.9599609375
2009-08-20,1559.989990234375,1576.3900146484375,1576.3900146484375
2009-08-21,1582.6099853515625,1580.97998046875,1580.97998046875
2009-08-24,1604.31005859375,1612.219970703125,1612.219970703125
2009-08-25,1603.030029296875,1601.3800048828125,1601.3800048828125
2009-08-26,1607.699951171875,1614.1199951171875,1614.1199951171875
2009-08-27,1608.8299560546875,1599.3299560546875,1599.3299560546875
2009-08-28,1612.9300537109375,1607.93994140625,1607.93994140625
2009-08-31,1607.6099853515625,1591.8499755859375,1591.8499755859375
2009-09-01,1592.2900390625,1623.06005859375,1623.06005859375
2009-09-02,1598.6600341796875,1613.1600341796875,1613.1600341796875
2009-09-03,1614.530029296875,1613.530029296875,1613.530029296875
2009-09-04,1623.0699462890625,1608.9000244140625,1608.9000244140625
2009-09-07,1618.7900390625,1608.5699462890625,1608.5699462890625
2009-09-08,1616.47998046875,1619.68994140625,1619.68994140625
2009-09-09,1622.25,1607.77001953125,1607.77001953125
2009-09-10,1615.7099609375,1644.6800537109375,1644.6800537109375
2009-09-11,1644.31005859375,1651.699951171875,1651.699951171875
2009-09-14,1653.1700439453125,1634.9100341796875,1634.9100341796875
2009-09-15,1646.2900390625,1653.4000244140625,1653.4000244140625
2009-09-16,1660.4300537109375,1683.3299560546875,1683.3299560546875
2009-09-17,1700.18994140625,1695.469970703125,1695.469970703125
2009-09-18,1695.1700439453125,1699.7099609375,1699.7099609375
2009-09-21,1700.56005859375,1695.5,1695.5
2009-09-22,1701.9599609375,1718.8800048828125,1718.8800048828125
2009-09-23,1723.030029296875,1711.469970703125,1711.469970703125
2009-09-24,1706.18994140625,1693.8800048828125,1693.8800048828125
2009-09-25,1686.4100341796875,1691.47998046875,1691.47998046875
2009-09-28,1678.5699462890625,1675.550048828125,1675.550048828125
2009-09-29,1695.93994140625,1690.050048828125,1690.050048828125
2009-09-30,1688.5999755859375,1673.1400146484375,1673.1400146484375
2009-10-01,1680.4599609375,1644.6300048828125,1644.6300048828125
2009-10-05,1622.0999755859375,1606.9000244140625,1606.9000244140625
2009-10-06,1620.31005859375,1598.43994140625,1598.43994140625
2009-10-07,1619.0699462890625,1598.0,1598.0
2009-10-08,1607.8599853515625,1615.4599609375,1615.4599609375
2009-10-09,1622.1199951171875,1646.7900390625,1646.7900390625
2009-10-12,1660.18994140625,1639.81005859375,1639.81005859375
2009-10-13,1634.489990234375,1628.9300537109375,1628.9300537109375
2009-10-14,1642.0999755859375,1649.0899658203125,1649.0899658203125
2009-10-15,1661.68994140625,1658.989990234375,1658.989990234375
2009-10-16,1656.0699462890625,1640.3599853515625,1640.3599853515625
2009-10-19,1633.3399658203125,1649.0699462890625,1649.0699462890625
2009-10-20,1663.949951171875,1659.1500244140625,1659.1500244140625
2009-10-21,1649.81005859375,1653.8599853515625,1653.8599853515625
2009-10-22,1638.010009765625,1630.3299560546875,1630.3299560546875
2009-10-23,1643.6199951171875,1640.1700439453125,1640.1700439453125
2009-10-26,1634.3299560546875,1657.1099853515625,1657.1099853515625
2009-10-27,1646.760009765625,1649.530029296875,1649.530029296875
2009-10-28,1648.800048828125,1609.7099609375,1609.7099609375
2009-10-29,1584.52001953125,1585.8499755859375,1585.8499755859375
2009-10-30,1605.1199951171875,1580.68994140625,1580.68994140625
2009-11-02,1543.239990234375,1559.0899658203125,1559.0899658203125
2009-11-03,1562.0999755859375,1549.9200439453125,1549.9200439453125
2009-11-04,1556.02001953125,1579.9300537109375,1579.9300537109375
2009-11-05,1568.6700439453125,1552.239990234375,1552.239990234375
2009-11-06,1577.6400146484375,1572.4599609375,1572.4599609375
2009-11-09,1577.9200439453125,1576.7900390625,1576.7900390625
2009-11-10,1595.3299560546875,1582.300048828125,1582.300048828125
2009-11-11,1590.43994140625,1594.8199462890625,1594.8199462890625
2009-11-12,1598.550048828125,1572.72998046875,1572.72998046875
2009-11-13,1581.5999755859375,1571.989990234375,1571.989990234375
2009-11-16,1577.6300048828125,1592.469970703125,1592.469970703125
2009-11-17,1599.7900390625,1585.97998046875,1585.97998046875
2009-11-18,1595.8800048828125,1603.969970703125,1603.969970703125
2009-11-19,1608.93994140625,1620.5400390625,1620.5400390625
2009-11-20,1613.280029296875,1620.5999755859375,1620.5999755859375
2009-11-23,1623.800048828125,1619.050048828125,1619.050048828125
2009-11-24,1626.9300537109375,1606.4200439453125,1606.4200439453125
2009-11-25,1608.8299560546875,1611.8800048828125,1611.8800048828125
2009-11-26,1606.72998046875,1599.52001953125,1599.52001953125
2009-11-27,1574.56005859375,1524.5,1524.5
2009-11-30,1547.6500244140625,1555.5999755859375,1555.5999755859375
2009-12-01,1550.3499755859375,1569.719970703125,1569.719970703125
2009-12-02,1582.6199951171875,1591.6300048828125,1591.6300048828125
2009-12-03,1597.31005859375,1615.0,1615.0
2009-12-04,1609.0699462890625,1624.760009765625,1624.760009765625
2009-12-07,1633.300048828125,1632.6500244140625,1632.6500244140625
2009-12-08,1630.780029296875,1627.780029296875,1627.780029296875
2009-12-09,1615.6500244140625,1634.1700439453125,1634.1700439453125
2009-12-10,1635.5799560546875,1652.72998046875,1652.72998046875
2009-12-11,1650.5699462890625,1656.9000244140625,1656.9000244140625
2009-12-14,1662.739990234375,1664.77001953125,1664.77001953125
2009-12-15,1659.77001953125,1665.8499755859375,1665.8499755859375
2009-12-16,1666.1600341796875,1664.239990234375,1664.239990234375
2009-12-17,1663.6500244140625,1647.8399658203125,1647.8399658203125
2009-12-18,1639.25,1647.0400390625,1647.0400390625
2009-12-21,1646.3199462890625,1644.22998046875,1644.22998046875
2009-12-22,1656.1800537109375,1655.5400390625,1655.5400390625
2009-12-23,1661.43994140625,1661.3499755859375,1661.3499755859375
2009-12-24,1663.6600341796875,1682.3399658203125,1682.3399658203125
2009-12-28,1695.18994140625,1685.5899658203125,1685.5899658203125
2009-12-29,1674.9599609375,1672.47998046875,1672.47998046875
2009-12-30,1670.18994140625,1682.77001953125,1682.77001953125
2010-01-04,1681.7099609375,1696.1400146484375,1696.1400146484375
2010-01-05,1701.6199951171875,1690.6199951171875,1690.6199951171875
2010-01-06,1697.8800048828125,1705.3199462890625,1705.3199462890625
2010-01-07,1702.9200439453125,1683.449951171875,1683.449951171875
2010-01-08,1694.06005859375,1695.260009765625,1695.260009765625
2010-01-11,1700.7900390625,1694.1199951171875,1694.1199951171875
2010-01-12,1695.8299560546875,1698.6400146484375,1698.6400146484375
2010-01-13,1683.510009765625,1671.4100341796875,1671.4100341796875
2010-01-14,1680.6800537109375,1685.77001953125,1685.77001953125
2010-01-15,1694.6500244140625,1701.800048828125,1701.800048828125
2010-01-18,1696.1400146484375,1711.780029296875,1711.780029296875
2010-01-19,1719.4100341796875,1710.219970703125,1710.219970703125
2010-01-20,1723.010009765625,1714.3800048828125,1714.3800048828125
2010-01-21,1700.530029296875,1722.010009765625,1722.010009765625
2010-01-22,1696.2099609375,1684.3499755859375,1684.3499755859375
2010-01-25,1662.77001953125,1670.199951171875,1670.199951171875
2010-01-26,1670.469970703125,1637.3399658203125,1637.3399658203125
2010-01-27,1641.8800048828125,1625.47998046875,1625.47998046875
2010-01-28,1632.5799560546875,1642.4300537109375,1642.4300537109375
2010-01-29,1621.0,1602.4300537109375,1602.4300537109375
2010-02-01,1603.8699951171875,1606.43994140625,1606.43994140625
2010-02-02,1618.5999755859375,1595.81005859375,1595.81005859375
2010-02-03,1614.1600341796875,1615.02001953125,1615.02001953125
2010-02-04,1615.47998046875,1616.4200439453125,1616.4200439453125
2010-02-05,1567.5899658203125,1567.1199951171875,1567.1199951171875
2010-02-08,1565.239990234375,1552.7900390625,1552.7900390625
2010-02-09,1550.800048828125,1570.489990234375,1570.489990234375
2010-02-10,1578.8299560546875,1570.1199951171875,1570.1199951171875
2010-02-11,1574.949951171875,1597.81005859375,1597.81005859375
2010-02-12,1595.949951171875,1593.6600341796875,1593.6600341796875
2010-02-16,1589.969970703125,1601.050048828125,1601.050048828125
2010-02-17,1619.0400390625,1627.4300537109375,1627.4300537109375
2010-02-18,1630.8900146484375,1621.18994140625,1621.18994140625
2010-02-19,1611.0899658203125,1593.9000244140625,1593.9000244140625
2010-02-22,1617.1600341796875,1627.0999755859375,1627.0999755859375
2010-02-23,1626.75,1628.9000244140625,1628.9000244140625
2010-02-24,1616.550048828125,1612.8299560546875,1612.8299560546875
2010-02-25,1620.25,1587.510009765625,1587.510009765625
2010-02-26,1593.72998046875,1594.5799560546875,1594.5799560546875
2010-03-02,1612.4300537109375,1615.1199951171875,1615.1199951171875
2010-03-03,1615.25,1622.43994140625,1622.43994140625
2010-03-04,1625.3499755859375,1618.199951171875,1618.199951171875
2010-03-05,1624.800048828125,1634.5699462890625,1634.5699462890625
2010-03-08,1653.5400390625,1660.0400390625,1660.0400390625
2010-03-09,1657.93994140625,1660.8299560546875,1660.8299560546875
2010-03-10,1662.0,1662.239990234375,1662.239990234375
2010-03-11,1670.8199462890625,1656.6199951171875,1656.6199951171875
2010-03-12,1666.5899658203125,1662.739990234375,1662.739990234375
2010-03-15,1663.8599853515625,1649.5,1649.5
2010-03-16,1654.52001953125,1648.010009765625,1648.010009765625
2010-03-17,1663.300048828125,1682.8599853515625,1682.8599853515625
2010-03-18,1679.2099609375,1675.1700439453125,1675.1700439453125
2010-03-19,1682.52001953125,1686.1099853515625,1686.1099853515625
2010-03-22,1678.510009765625,1672.6700439453125,1672.6700439453125
2010-03-23,1685.0699462890625,1681.8199462890625,1681.8199462890625
2010-03-24,1693.56005859375,1681.010009765625,1681.010009765625
2010-03-25,1680.4200439453125,1688.3900146484375,1688.3900146484375
2010-03-26,1683.9599609375,1697.719970703125,1697.719970703125
2010-03-29,1681.989990234375,1691.989990234375,1691.989990234375
2010-03-30,1705.510009765625,1700.18994140625,1700.18994140625
2010-03-31,1702.5799560546875,1692.8499755859375,1692.8499755859375
2010-04-01,1695.300048828125,1719.1700439453125,1719.1700439453125
2010-04-02,1723.2900390625,1723.489990234375,1723.489990234375
2010-04-05,1728.27001953125,1724.989990234375,1724.989990234375
2010-04-06,1732.97998046875,1726.0899658203125,1726.0899658203125
2010-04-07,1725.31005859375,1726.5999755859375,1726.5999755859375
2010-04-08,1722.1300048828125,1733.780029296875,1733.780029296875
2010-04-09,1735.0,1724.469970703125,1724.469970703125
2010-04-12,1730.3699951171875,1710.300048828125,1710.300048828125
2010-04-13,1714.9599609375,1710.5899658203125,1710.5899658203125
2010-04-14,1720.4200439453125,1735.3299560546875,1735.3299560546875
2010-04-15,1745.52001953125,1743.9100341796875,1743.9100341796875
2010-04-16,1742.239990234375,1734.489990234375,1734.489990234375
2010-04-19,1708.3900146484375,1705.300048828125,1705.300048828125
2010-04-20,1715.8299560546875,1718.030029296875,1718.030029296875
2010-04-21,1730.3699951171875,1747.5799560546875,1747.5799560546875
2010-04-22,1737.2900390625,1739.52001953125,1739.52001953125
2010-04-23,1747.9200439453125,1737.030029296875,1737.030029296875
2010-04-26,1745.97998046875,1752.199951171875,1752.199951171875
2010-04-27,1748.8399658203125,1749.550048828125,1749.550048828125
2010-04-28,1716.1700439453125,1733.9100341796875,1733.9100341796875
2010-04-29,1738.77001953125,1728.4200439453125,1728.4200439453125
2010-04-30,1742.3199462890625,1741.56005859375,1741.56005859375
2010-05-03,1735.6800537109375,1721.2099609375,1721.2099609375
2010-05-04,1730.5699462890625,1718.75,1718.75
2010-05-06,1679.7900390625,1684.7099609375,1684.7099609375
2010-05-07,1632.449951171875,1647.5,1647.5
2010-05-10,1661.6099853515625,1677.6300048828125,1677.6300048828125
2010-05-11,1692.4000244140625,1670.239990234375,1670.239990234375
2010-05-12,1678.7900390625,1663.030029296875,1663.030029296875
2010-05-13,1683.760009765625,1694.5799560546875,1694.5799560546875
2010-05-14,1685.75,1695.6300048828125,1695.6300048828125
2010-05-17,1668.5699462890625,1651.510009765625,1651.510009765625
2010-05-18,1662.31005859375,1643.239990234375,1643.239990234375
2010-05-19,1621.3199462890625,1630.0799560546875,1630.0799560546875
2010-05-20,1624.1700439453125,1600.1800537109375,1600.1800537109375
2010-05-24,1589.8299560546875,1604.9300537109375,1604.9300537109375
2010-05-25,1585.1700439453125,1560.8299560546875,1560.8299560546875
2010-05-26,1575.2900390625,1582.1199951171875,1582.1199951171875
2010-05-27,1565.5899658203125,1607.5,1607.5
2010-05-28,1630.1400146484375,1622.780029296875,1622.780029296875
2010-05-31,1625.0799560546875,1641.25,1641.25
2010-06-01,1634.550048828125,1630.4000244140625,1630.4000244140625
2010-06-03,1643.739990234375,1661.8399658203125,1661.8399658203125
2010-06-04,1660.989990234375,1664.1300048828125,1664.1300048828125
2010-06-07,1628.06005859375,1637.969970703125,1637.969970703125
2010-06-08,1635.010009765625,1651.47998046875,1651.47998046875
2010-06-09,1653.1199951171875,1647.219970703125,1647.219970703125
2010-06-10,1651.9200439453125,1651.699951171875,1651.699951171875
2010-06-11,1674.6099853515625,1675.3399658203125,1675.3399658203125
2010-06-14,1683.2900390625,1690.5999755859375,1690.5999755859375
2010-06-15,1687.8499755859375,1690.030029296875,1690.030029296875
2010-06-16,1707.97998046875,1705.3299560546875,1705.3299560546875
2010-06-17,1707.2900390625,1707.9200439453125,1707.9200439453125
2010-06-18,1710.4000244140625,1711.949951171875,1711.949951171875
2010-06-21,1728.3699951171875,1739.6800537109375,1739.6800537109375
2010-06-22,1727.9599609375,1731.47998046875,1731.47998046875
2010-06-23,1722.52001953125,1725.8199462890625,1725.8199462890625
2010-06-24,1724.8499755859375,1739.8699951171875,1739.8699951171875
2010-06-25,1721.530029296875,1729.8399658203125,1729.8399658203125
2010-06-28,1734.530029296875,1732.030029296875,1732.030029296875
2010-06-29,1735.31005859375,1707.760009765625,1707.760009765625
2010-06-30,1678.5400390625,1698.2900390625,1698.2900390625
2010-07-01,1687.0,1686.239990234375,1686.239990234375
2010-07-02,1688.949951171875,1671.8199462890625,1671.8199462890625
2010-07-05,1675.4300537109375,1675.3699951171875,1675.3699951171875
2010-07-06,1664.8699951171875,1684.93994140625,1684.93994140625
2010-07-07,1685.77001953125,1675.6500244140625,1675.6500244140625
2010-07-08,1699.1700439453125,1698.6400146484375,1698.6400146484375
2010-07-09,1708.719970703125,1723.010009765625,1723.010009765625
2010-07-12,1731.72998046875,1734.050048828125,1734.050048828125
2010-07-13,1737.9200439453125,1735.0799560546875,1735.0799560546875
2010-07-14,1754.4300537109375,1758.010009765625,1758.010009765625
2010-07-15,1754.7099609375,1751.2900390625,1751.2900390625
2010-07-16,1751.199951171875,1738.449951171875,1738.449951171875
2010-07-19,1719.1400146484375,1731.949951171875,1731.949951171875
2010-07-20,1727.3800048828125,1736.77001953125,1736.77001953125
2010-07-21,1752.68994140625,1748.780029296875,1748.780029296875
2010-07-22,1744.699951171875,1735.530029296875,1735.530029296875
2010-07-23,1756.3800048828125,1758.06005859375,1758.06005859375
2010-07-26,1760.0999755859375,1769.0699462890625,1769.0699462890625
2010-07-27,1775.469970703125,1768.31005859375,1768.31005859375
2010-07-28,1773.68994140625,1773.469970703125,1773.469970703125
2010-07-29,1770.43994140625,1770.8800048828125,1770.8800048828125
2010-07-30,1768.239990234375,1759.3299560546875,1759.3299560546875
2010-08-02,1771.3800048828125,1782.27001953125,1782.27001953125
2010-08-03,1796.0,1790.5999755859375,1790.5999755859375
2010-08-04,1795.22998046875,1789.260009765625,1789.260009765625
2010-08-05,1796.6300048828125,1783.8599853515625,1783.8599853515625
2010-08-06,1782.469970703125,1783.8299560546875,1783.8299560546875
2010-08-09,1779.3800048828125,1790.1700439453125,1790.1700439453125
2010-08-10,1792.1199951171875,1781.1300048828125,1781.1300048828125
2010-08-11,1775.3399658203125,1758.18994140625,1758.18994140625
2010-08-12,1731.3399658203125,1721.75,1721.75
2010-08-13,1731.1500244140625,1746.239990234375,1746.239990234375
2010-08-16,1735.3599853515625,1743.31005859375,1743.31005859375
2010-08-17,1737.3599853515625,1755.030029296875,1755.030029296875
2010-08-18,1763.8399658203125,1761.989990234375,1761.989990234375
2010-08-19,1763.5999755859375,1779.6400146484375,1779.6400146484375
2010-08-20,1769.02001953125,1775.5400390625,1775.5400390625
2010-08-23,1780.5899658203125,1767.7099609375,1767.7099609375
2010-08-24,1757.0999755859375,1760.530029296875,1760.530029296875
2010-08-25,1745.77001953125,1734.7900390625,1734.7900390625
2010-08-26,1744.0799560546875,1729.760009765625,1729.760009765625
2010-08-27,1724.0,1729.56005859375,1729.56005859375
2010-08-30,1749.02001953125,1760.1300048828125,1760.1300048828125
2010-08-31,1746.8499755859375,1742.75,1742.75
2010-09-01,1751.9599609375,1764.68994140625,1764.68994140625
2010-09-02,1783.219970703125,1775.72998046875,1775.72998046875
2010-09-03,1780.800048828125,1780.02001953125,1780.02001953125
2010-09-06,1791.760009765625,1792.4200439453125,1792.4200439453125
2010-09-07,1792.0699462890625,1787.739990234375,1787.739990234375
2010-09-08,1780.47998046875,1779.219970703125,1779.219970703125
2010-09-09,1786.8299560546875,1784.3599853515625,1784.3599853515625
2010-09-10,1792.75,1802.5799560546875,1802.5799560546875
2010-09-13,1812.030029296875,1818.8599853515625,1818.8599853515625
2010-09-14,1824.780029296875,1815.25,1815.25
2010-09-15,1817.300048828125,1823.8800048828125,1823.8800048828125
2010-09-16,1822.3499755859373,1811.8499755859373,1811.8499755859373
2010-09-17,1823.6400146484373,1827.3499755859373,1827.3499755859373
2010-09-20,1821.52001953125,1832.6300048828125,1832.6300048828125
2010-09-24,1830.219970703125,1846.5999755859373,1846.5999755859373
2010-09-27,1856.4200439453125,1860.8299560546875,1860.8299560546875
2010-09-28,1859.0400390625,1855.969970703125,1855.969970703125
2010-09-29,1865.27001953125,1866.449951171875,1866.449951171875
2010-09-30,1870.2099609375,1872.81005859375,1872.81005859375
2010-10-01,1872.3900146484373,1876.72998046875,1876.72998046875
2010-10-04,1884.489990234375,1879.2900390625,1879.2900390625
2010-10-05,1874.0999755859373,1878.93994140625,1878.93994140625
2010-10-06,1897.0699462890625,1903.949951171875,1903.949951171875
2010-10-07,1901.199951171875,1900.8499755859373,1900.8499755859373
2010-10-08,1900.8599853515625,1897.0699462890625,1897.0699462890625
2010-10-11,1908.550048828125,1889.9100341796875,1889.9100341796875
2010-10-12,1892.27001953125,1868.0400390625,1868.0400390625
2010-10-13,1878.5799560546875,1876.1500244140625,1876.1500244140625
2010-10-14,1886.6800537109373,1899.760009765625,1899.760009765625
2010-10-15,1898.8499755859373,1902.2900390625,1902.2900390625
2010-10-18,1904.5699462890625,1875.4200439453125,1875.4200439453125
2010-10-19,1878.97998046875,1857.3199462890625,1857.3199462890625
2010-10-20,1844.4100341796875,1870.43994140625,1870.43994140625
2010-10-21,1878.510009765625,1874.68994140625,1874.68994140625
2010-10-22,1882.0799560546875,1897.31005859375,1897.31005859375
2010-10-25,1902.510009765625,1915.7099609375,1915.7099609375
2010-10-26,1913.25,1919.4100341796875,1919.4100341796875
2010-10-27,1919.47998046875,1909.5400390625,1909.5400390625
2010-10-28,1909.3800048828125,1907.8699951171875,1907.8699951171875
2010-10-29,1913.6099853515625,1882.949951171875,1882.949951171875
2010-11-01,1889.5699462890625,1914.739990234375,1914.739990234375
2010-11-02,1912.280029296875,1918.0400390625,1918.0400390625
2010-11-03,1931.1300048828125,1935.969970703125,1935.969970703125
2010-11-04,1941.56005859375,1942.5,1942.5
2010-11-05,1962.3399658203125,1938.9599609375,1938.9599609375
2010-11-08,1946.760009765625,1942.4100341796875,1942.4100341796875
2010-11-09,1943.56005859375,1947.4599609375,1947.4599609375
2010-11-10,1945.72998046875,1967.8499755859373,1967.8499755859373
2010-11-11,1966.5,1914.72998046875,1914.72998046875
2010-11-12,1951.3499755859373,1913.1199951171875,1913.1199951171875
2010-11-15,1918.68994140625,1913.81005859375,1913.81005859375
2010-11-16,1912.1099853515625,1899.1300048828125,1899.1300048828125
2010-11-17,1877.22998046875,1897.1099853515625,1897.1099853515625
2010-11-18,1908.3800048828125,1927.8599853515625,1927.8599853515625
2010-11-19,1936.739990234375,1940.9599609375,1940.9599609375
2010-11-22,1947.010009765625,1944.3399658203125,1944.3399658203125
2010-11-23,1938.9100341796875,1928.93994140625,1928.93994140625
2010-11-24,1883.9200439453125,1925.97998046875,1925.97998046875
2010-11-25,1934.969970703125,1927.6800537109373,1927.6800537109373
2010-11-26,1932.780029296875,1901.800048828125,1901.800048828125
2010-11-29,1904.949951171875,1895.5400390625,1895.5400390625
2010-11-30,1889.8900146484373,1904.6300048828125,1904.6300048828125
2010-12-01,1907.699951171875,1929.3199462890625,1929.3199462890625
2010-12-02,1943.7099609375,1950.260009765625,1950.260009765625
2010-12-03,1960.6099853515625,1957.260009765625,1957.260009765625
2010-12-06,1961.22998046875,1953.6400146484373,1953.6400146484373
2010-12-07,1955.6300048828125,1962.52001953125,1962.52001953125
2010-12-08,1960.300048828125,1955.719970703125,1955.719970703125
2010-12-09,1963.8800048828125,1988.9599609375,1988.9599609375
2010-12-10,1984.1099853515625,1986.1400146484373,1986.1400146484373
2010-12-13,1993.4200439453125,1996.5899658203125,1996.5899658203125
2010-12-14,2000.5999755859373,2009.050048828125,2009.050048828125
2010-12-15,2009.199951171875,2017.47998046875,2017.47998046875
2010-12-16,2009.8599853515625,2009.239990234375,2009.239990234375
2010-12-17,2018.280029296875,2026.300048828125,2026.300048828125
2010-12-20,2008.1400146484373,2020.280029296875,2020.280029296875
2010-12-21,2035.1099853515625,2037.0899658203125,2037.0899658203125
2010-12-22,2039.3499755859373,2038.1099853515625,2038.1099853515625
2010-12-23,2042.4100341796875,2037.530029296875,2037.530029296875
2010-12-24,2040.6400146484373,2029.5999755859373,2029.5999755859373
2010-12-27,2024.56005859375,2022.18994140625,2022.18994140625
2010-12-28,2028.4100341796875,2033.3199462890625,2033.3199462890625
2010-12-29,2028.5699462890625,2043.489990234375,2043.489990234375
2010-12-30,2047.8199462890625,2051.0,2051.0
2011-01-03,2063.68994140625,2070.080078125,2070.080078125
2011-01-04,2074.56005859375,2085.139892578125,2085.139892578125
2011-01-05,2083.10009765625,2082.550048828125,2082.550048828125
2011-01-06,2094.35009765625,2077.610107421875,2077.610107421875
2011-01-07,2073.679931640625,2086.199951171875,2086.199951171875
2011-01-10,2082.2900390625,2080.81005859375,2080.81005859375
2011-01-11,2079.85009765625,2088.320068359375,2088.320068359375
2011-01-12,2091.699951171875,2094.949951171875,2094.949951171875
2011-01-13,2097.0400390625,2089.47998046875,2089.47998046875
2011-01-14,2089.699951171875,2108.169921875,2108.169921875
2011-01-17,2112.3701171875,2099.85009765625,2099.85009765625
2011-01-18,2095.85009765625,2096.47998046875,2096.47998046875
2011-01-19,2106.530029296875,2115.68994140625,2115.68994140625
2011-01-20,2111.409912109375,2106.659912109375,2106.659912109375
2011-01-21,2103.739990234375,2069.919921875,2069.919921875
2011-01-24,2067.320068359375,2082.159912109375,2082.159912109375
2011-01-25,2092.27001953125,2086.669921875,2086.669921875
2011-01-26,2093.590087890625,2110.4599609375,2110.4599609375
2011-01-27,2115.0400390625,2115.010009765625,2115.010009765625
2011-01-28,2115.68994140625,2107.8701171875,2107.8701171875
2011-01-31,2080.60009765625,2069.72998046875,2069.72998046875
2011-02-01,2079.919921875,2072.030029296875,2072.030029296875
2011-02-07,2102.760009765625,2081.739990234375,2081.739990234375
2011-02-08,2090.469970703125,2069.699951171875,2069.699951171875
2011-02-09,2077.1201171875,2045.5799560546875,2045.5799560546875
2011-02-10,2041.0699462890625,2008.5,2008.5
2011-02-11,2010.2900390625,1977.18994140625,1977.18994140625
2011-02-14,1999.0899658203125,2014.5899658203125,2014.5899658203125
2011-02-15,2018.4000244140625,2010.52001953125,2010.52001953125
2011-02-16,2007.0799560546875,1989.1099853515625,1989.1099853515625
2011-02-17,2002.0,1977.219970703125,1977.219970703125
2011-02-18,1989.239990234375,2013.1400146484373,2013.1400146484373
2011-02-21,2014.1500244140625,2005.300048828125,2005.300048828125
2011-02-22,1978.3399658203125,1969.9200439453125,1969.9200439453125
2011-02-23,1962.699951171875,1961.6300048828125,1961.6300048828125
2011-02-24,1957.6300048828125,1949.8800048828125,1949.8800048828125
2011-02-25,1956.02001953125,1963.4300537109373,1963.4300537109373
2011-02-28,1954.4000244140625,1939.300048828125,1939.300048828125
2011-03-02,1922.3800048828125,1928.239990234375,1928.239990234375
2011-03-03,1942.239990234375,1970.6600341796875,1970.6600341796875
2011-03-04,1989.8800048828125,2004.6800537109373,2004.6800537109373
2011-03-07,1996.47998046875,1980.27001953125,1980.27001953125
2011-03-08,1984.0799560546875,1996.3199462890625,1996.3199462890625
2011-03-09,2007.7900390625,2001.469970703125,2001.469970703125
2011-03-10,1999.3800048828125,1981.5799560546875,1981.5799560546875
2011-03-11,1956.3399658203125,1955.5400390625,1955.5400390625
2011-03-14,1949.0799560546875,1971.22998046875,1971.22998046875
2011-03-15,1966.8199462890625,1923.9200439453125,1923.9200439453125
2011-03-16,1951.6800537109373,1957.969970703125,1957.969970703125
2011-03-17,1921.5899658203125,1959.030029296875,1959.030029296875
2011-03-18,1963.1700439453125,1981.1300048828125,1981.1300048828125
2011-03-21,1985.469970703125,2003.4200439453125,2003.4200439453125
2011-03-22,2012.47998046875,2013.6600341796875,2013.6600341796875
2011-03-23,2019.1800537109373,2012.1800537109373,2012.1800537109373
2011-03-24,2022.260009765625,2036.780029296875,2036.780029296875
2011-03-25,2058.35009765625,2054.0400390625,2054.0400390625
2011-03-28,2054.280029296875,2056.389892578125,2056.389892578125
2011-03-29,2052.8701171875,2072.1298828125,2072.1298828125
2011-03-30,2075.909912109375,2091.3798828125,2091.3798828125
2011-03-31,2098.090087890625,2106.699951171875,2106.699951171875
2011-04-01,2107.669921875,2121.010009765625,2121.010009765625
2011-04-04,2124.3701171875,2115.8701171875,2115.8701171875
2011-04-05,2118.080078125,2130.429931640625,2130.429931640625
2011-04-06,2129.1298828125,2126.7099609375,2126.7099609375
2011-04-07,2133.31005859375,2122.139892578125,2122.139892578125
2011-04-08,2119.010009765625,2127.969970703125,2127.969970703125
2011-04-11,2127.199951171875,2122.389892578125,2122.389892578125
2011-04-12,2117.2099609375,2089.39990234375,2089.39990234375
2011-04-13,2091.679931640625,2121.919921875,2121.919921875
2011-04-14,2116.489990234375,2141.06005859375,2141.06005859375
2011-04-15,2136.27001953125,2140.5,2140.5
2011-04-18,2146.830078125,2137.719970703125,2137.719970703125
2011-04-19,2117.93994140625,2122.679931640625,2122.679931640625
2011-04-20,2146.3798828125,2169.909912109375,2169.909912109375
2011-04-21,2190.639892578125,2198.5400390625,2198.5400390625
2011-04-22,2203.0400390625,2197.820068359375,2197.820068359375
2011-04-25,2205.199951171875,2216.0,2216.0
2011-04-26,2219.469970703125,2206.300048828125,2206.300048828125
2011-04-27,2225.949951171875,2206.699951171875,2206.699951171875
2011-04-28,2215.419921875,2208.35009765625,2208.35009765625
2011-04-29,2211.330078125,2192.360107421875,2192.360107421875
2011-05-02,2203.090087890625,2228.9599609375,2228.9599609375
2011-05-03,2224.39990234375,2200.72998046875,2200.72998046875
2011-05-04,2196.89990234375,2180.639892578125,2180.639892578125
2011-05-06,2153.5,2147.449951171875,2147.449951171875
2011-05-09,2157.949951171875,2139.169921875,2139.169921875
2011-05-11,2161.43994140625,2166.6298828125,2166.6298828125
2011-05-12,2139.239990234375,2122.64990234375,2122.64990234375
2011-05-13,2133.989990234375,2120.080078125,2120.080078125
2011-05-16,2104.669921875,2104.179931640625,2104.179931640625
2011-05-17,2103.820068359375,2102.409912109375,2102.409912109375
2011-05-18,2110.699951171875,2135.780029296875,2135.780029296875
2011-05-19,2141.2900390625,2095.510009765625,2095.510009765625
2011-05-20,2101.449951171875,2111.5,2111.5
2011-05-23,2100.43994140625,2055.7099609375,2055.7099609375
2011-05-24,2052.43994140625,2061.760009765625,2061.760009765625
2011-05-25,2073.530029296875,2035.8699951171875,2035.8699951171875
2011-05-26,2059.929931640625,2091.909912109375,2091.909912109375
2011-05-27,2087.360107421875,2100.239990234375,2100.239990234375
2011-05-30,2115.27001953125,2093.7900390625,2093.7900390625
2011-05-31,2104.159912109375,2142.469970703125,2142.469970703125
2011-06-01,2142.669921875,2141.340087890625,2141.340087890625
2011-06-02,2098.3701171875,2114.199951171875,2114.199951171875
2011-06-03,2123.469970703125,2113.469970703125,2113.469970703125
2011-06-07,2093.449951171875,2099.7099609375,2099.7099609375
2011-06-08,2102.969970703125,2083.35009765625,2083.35009765625
2011-06-09,2076.699951171875,2071.419921875,2071.419921875
2011-06-10,2085.85009765625,2046.6700439453125,2046.6700439453125
2011-06-13,2030.5400390625,2048.739990234375,2048.739990234375
2011-06-14,2045.219970703125,2076.830078125,2076.830078125
2011-06-15,2087.9599609375,2086.530029296875,2086.530029296875
2011-06-16,2057.159912109375,2046.6300048828125,2046.6300048828125
2011-06-17,2057.4599609375,2031.9300537109373,2031.9300537109373
2011-06-20,2034.3499755859373,2019.6500244140625,2019.6500244140625
2011-06-21,2041.1500244140625,2048.169921875,2048.169921875
2011-06-22,2066.909912109375,2063.89990234375,2063.89990234375
2011-06-23,2048.06005859375,2055.860107421875,2055.860107421875
2011-06-24,2063.919921875,2090.81005859375,2090.81005859375
2011-06-27,2076.010009765625,2070.2900390625,2070.2900390625
2011-06-28,2092.93994140625,2062.909912109375,2062.909912109375
2011-06-29,2097.8701171875,2094.419921875,2094.419921875
2011-06-30,2103.590087890625,2100.68994140625,2100.68994140625
2011-07-01,2120.030029296875,2125.739990234375,2125.739990234375
2011-07-04,2143.239990234375,2145.300048828125,2145.300048828125
2011-07-05,2149.39990234375,2161.75,2161.75
2011-07-06,2156.93994140625,2171.18994140625,2171.18994140625
2011-07-07,2167.179931640625,2180.590087890625,2180.590087890625
2011-07-08,2192.830078125,2180.35009765625,2180.35009765625
2011-07-11,2167.93994140625,2157.159912109375,2157.159912109375
2011-07-12,2131.070068359375,2109.72998046875,2109.72998046875
2011-07-13,2117.1201171875,2129.639892578125,2129.639892578125
2011-07-14,2119.06005859375,2130.070068359375,2130.070068359375
2011-07-15,2123.570068359375,2145.199951171875,2145.199951171875
2011-07-18,2149.969970703125,2130.47998046875,2130.47998046875
2011-07-19,2127.1298828125,2130.2099609375,2130.2099609375
2011-07-20,2158.8798828125,2154.949951171875,2154.949951171875
2011-07-21,2153.93994140625,2145.0400390625,2145.0400390625
2011-07-22,2162.0,2171.22998046875,2171.22998046875
2011-07-25,2154.0,2150.47998046875,2150.47998046875
2011-07-26,2163.080078125,2168.699951171875,2168.699951171875
2011-07-27,2152.659912109375,2174.31005859375,2174.31005859375
2011-07-28,2138.610107421875,2155.85009765625,2155.85009765625
2011-07-29,2159.27001953125,2133.2099609375,2133.2099609375
2011-08-01,2160.090087890625,2172.31005859375,2172.31005859375
2011-08-02,2152.85009765625,2121.27001953125,2121.27001953125
2011-08-03,2079.18994140625,2066.260009765625,2066.260009765625
2011-08-04,2067.169921875,2018.469970703125,2018.469970703125
2011-08-05,1937.1700439453125,1943.75,1943.75
2011-08-08,1916.5699462890625,1869.449951171875,1869.449951171875
2011-08-09,1807.8800048828125,1801.3499755859375,1801.3499755859375
2011-08-10,1877.4000244140625,1806.239990234375,1806.239990234375
2011-08-11,1733.9200439453125,1817.43994140625,1817.43994140625
2011-08-12,1844.1300048828125,1793.31005859375,1793.31005859375
2011-08-16,1850.530029296875,1879.8699951171875,1879.8699951171875
2011-08-17,1868.8499755859373,1892.6700439453125,1892.6700439453125
2011-08-18,1891.8199462890625,1860.5799560546875,1860.5799560546875
2011-08-19,1789.780029296875,1744.8800048828125,1744.8800048828125
2011-08-22,1756.5899658203125,1710.699951171875,1710.699951171875
2011-08-23,1735.22998046875,1776.6800537109375,1776.6800537109375
2011-08-24,1788.3900146484375,1754.780029296875,1754.780029296875
2011-08-25,1791.0799560546875,1764.5799560546875,1764.5799560546875
2011-08-26,1754.3900146484375,1778.949951171875,1778.949951171875
2011-08-29,1807.5999755859373,1829.5,1829.5
2011-08-30,1853.77001953125,1843.8199462890625,1843.8199462890625
2011-08-31,1846.8900146484373,1880.1099853515625,1880.1099853515625
2011-09-01,1887.2099609375,1880.699951171875,1880.699951171875
2011-09-02,1872.6199951171875,1867.75,1867.75
2011-09-05,1829.300048828125,1785.8299560546875,1785.8299560546875
2011-09-06,1752.97998046875,1766.7099609375,1766.7099609375
2011-09-07,1811.5999755859373,1833.4599609375,1833.4599609375
2011-09-08,1858.050048828125,1846.6400146484373,1846.6400146484373
2011-09-09,1817.0999755859373,1812.9300537109373,1812.9300537109373
2011-09-14,1804.0899658203125,1749.1600341796875,1749.1600341796875
2011-09-15,1797.1800537109375,1774.0799560546875,1774.0799560546875
2011-09-16,1819.449951171875,1840.0999755859373,1840.0999755859373
2011-09-19,1818.9000244140625,1820.93994140625,1820.93994140625
2011-09-20,1819.8399658203125,1837.969970703125,1837.969970703125
2011-09-21,1842.1700439453125,1854.280029296875,1854.280029296875
2011-09-22,1807.239990234375,1800.550048828125,1800.550048828125
2011-09-23,1736.3800048828125,1697.43994140625,1697.43994140625
2011-09-26,1720.5,1652.7099609375,1652.7099609375
2011-09-27,1704.25,1735.7099609375,1735.7099609375
2011-09-28,1751.0400390625,1723.0899658203125,1723.0899658203125
2011-09-29,1713.0999755859375,1769.2900390625,1769.2900390625
2011-09-30,1759.52001953125,1769.6500244140625,1769.6500244140625
2011-10-05,1718.52001953125,1666.52001953125,1666.52001953125
2011-10-06,1714.8399658203125,1710.3199462890625,1710.3199462890625
2011-10-07,1751.550048828125,1759.77001953125,1759.77001953125
2011-10-10,1763.300048828125,1766.43994140625,1766.43994140625
2011-10-11,1810.3599853515625,1795.02001953125,1795.02001953125
2011-10-12,1789.6500244140625,1809.5,1809.5
2011-10-13,1831.949951171875,1823.0999755859373,1823.0999755859373
2011-10-14,1816.18994140625,1835.4000244140625,1835.4000244140625
2011-10-17,1855.719970703125,1865.1800537109373,1865.1800537109373
2011-10-18,1826.43994140625,1838.9000244140625,1838.9000244140625
2011-10-19,1851.8399658203125,1855.9200439453125,1855.9200439453125
2011-10-20,1857.4599609375,1805.0899658203125,1805.0899658203125
2011-10-21,1831.8900146484373,1838.3800048828125,1838.3800048828125
2011-10-24,1858.260009765625,1898.3199462890625,1898.3199462890625
2011-10-25,1900.989990234375,1888.6500244140625,1888.6500244140625
2011-10-26,1871.68994140625,1894.31005859375,1894.31005859375
2011-10-27,1906.1600341796875,1922.0400390625,1922.0400390625
2011-10-28,1961.0899658203125,1929.47998046875,1929.47998046875
2011-10-31,1922.31005859375,1909.030029296875,1909.030029296875
2011-11-01,1891.219970703125,1909.6300048828125,1909.6300048828125
2011-11-02,1870.510009765625,1898.010009765625,1898.010009765625
2011-11-03,1895.1400146484373,1869.9599609375,1869.9599609375
2011-11-04,1911.56005859375,1928.4100341796875,1928.4100341796875
2011-11-07,1932.949951171875,1919.0999755859373,1919.0999755859373
2011-11-08,1927.8900146484373,1903.1400146484373,1903.1400146484373
2011-11-09,1925.8599853515625,1907.530029296875,1907.530029296875
2011-11-10,1860.9599609375,1813.25,1813.25
2011-11-11,1840.97998046875,1863.449951171875,1863.449951171875
2011-11-14,1889.3299560546875,1902.81005859375,1902.81005859375
2011-11-15,1888.6700439453125,1886.1199951171875,1886.1199951171875
2011-11-16,1898.1400146484373,1856.0699462890625,1856.0699462890625
2011-11-17,1862.8699951171875,1876.6700439453125,1876.6700439453125
2011-11-18,1839.6300048828125,1839.1700439453125,1839.1700439453125
2011-11-21,1833.9000244140625,1820.030029296875,1820.030029296875
2011-11-22,1798.4100341796875,1826.280029296875,1826.280029296875
2011-11-23,1820.8599853515625,1783.0999755859375,1783.0999755859375
2011-11-24,1775.8199462890625,1795.06005859375,1795.06005859375
2011-11-25,1780.06005859375,1776.4000244140625,1776.4000244140625
2011-11-28,1804.800048828125,1815.280029296875,1815.280029296875
2011-11-29,1828.300048828125,1856.52001953125,1856.52001953125
2011-11-30,1847.1700439453125,1847.510009765625,1847.510009765625
2011-12-01,1911.5,1916.1800537109373,1916.1800537109373
2011-12-02,1914.4100341796875,1916.0400390625,1916.0400390625
2011-12-05,1928.4599609375,1922.9000244140625,1922.9000244140625
2011-12-06,1914.489990234375,1902.8199462890625,1902.8199462890625
2011-12-07,1914.5,1919.4200439453125,1919.4200439453125
2011-12-08,1911.0699462890625,1912.3900146484373,1912.3900146484373
2011-12-09,1883.8599853515625,1874.75,1874.75
2011-12-12,1902.75,1899.760009765625,1899.760009765625
2011-12-13,1877.4000244140625,1864.06005859375,1864.06005859375
2011-12-14,1852.199951171875,1857.75,1857.75
2011-12-15,1834.8199462890625,1819.1099853515625,1819.1099853515625
2011-12-16,1827.8299560546875,1839.9599609375,1839.9599609375
2011-12-19,1829.489990234375,1776.9300537109375,1776.9300537109375
2011-12-20,1791.6199951171875,1793.06005859375,1793.06005859375
2011-12-21,1837.989990234375,1848.4100341796875,1848.4100341796875
2011-12-22,1841.22998046875,1847.489990234375,1847.489990234375
2011-12-23,1861.0699462890625,1867.219970703125,1867.219970703125
2011-12-26,1873.0699462890625,1856.699951171875,1856.699951171875
2011-12-27,1856.780029296875,1842.02001953125,1842.02001953125
2011-12-28,1833.260009765625,1825.1199951171875,1825.1199951171875
2011-12-29,1815.6300048828125,1825.739990234375,1825.739990234375
2012-01-02,1831.68994140625,1826.3699951171875,1826.3699951171875
2012-01-03,1846.56005859375,1875.4100341796875,1875.4100341796875
2012-01-04,1883.47998046875,1866.219970703125,1866.219970703125
2012-01-05,1869.4200439453125,1863.739990234375,1863.739990234375
2012-01-06,1867.1199951171875,1843.1400146484373,1843.1400146484373
2012-01-09,1832.0400390625,1826.489990234375,1826.489990234375
2012-01-10,1841.1300048828125,1853.219970703125,1853.219970703125
2012-01-11,1857.5400390625,1845.550048828125,1845.550048828125
2012-01-12,1853.0999755859373,1864.5699462890625,1864.5699462890625
2012-01-13,1865.719970703125,1875.6800537109373,1875.6800537109373
2012-01-16,1860.77001953125,1859.27001953125,1859.27001953125
2012-01-17,1878.1600341796875,1892.739990234375,1892.739990234375
2012-01-18,1891.1700439453125,1892.3900146484373,1892.3900146484373
2012-01-19,1912.4300537109373,1914.969970703125,1914.969970703125
2012-01-20,1922.1300048828125,1949.8900146484373,1949.8900146484373
2012-01-25,1947.739990234375,1952.22998046875,1952.22998046875
2012-01-26,1959.18994140625,1957.1800537109373,1957.1800537109373
2012-01-27,1960.699951171875,1964.8299560546875,1964.8299560546875
2012-01-30,1956.6300048828125,1940.550048828125,1940.550048828125
2012-01-31,1943.25,1955.7900390625,1955.7900390625
2012-02-01,1948.5699462890625,1959.239990234375,1959.239990234375
2012-02-02,1982.22998046875,1984.300048828125,1984.300048828125
2012-02-03,1982.239990234375,1972.3399658203125,1972.3399658203125
2012-02-06,1994.2099609375,1973.1300048828125,1973.1300048828125
2012-02-07,1976.77001953125,1981.5899658203125,1981.5899658203125
2012-02-08,1985.2099609375,2003.72998046875,2003.72998046875
2012-02-09,1998.199951171875,2014.6199951171875,2014.6199951171875
2012-02-10,2010.0400390625,1993.7099609375,1993.7099609375
2012-02-13,2000.6600341796875,2005.739990234375,2005.739990234375
2012-02-14,1999.530029296875,2002.6400146484373,2002.6400146484373
2012-02-15,2012.0,2025.3199462890625,2025.3199462890625
2012-02-16,2005.3699951171875,1997.449951171875,1997.449951171875
2012-02-17,2025.56005859375,2023.469970703125,2023.469970703125
2012-02-20,2041.510009765625,2024.9000244140625,2024.9000244140625
2012-02-21,2022.050048828125,2024.239990234375,2024.239990234375
2012-02-22,2018.0699462890625,2028.6500244140625,2028.6500244140625
2012-02-23,2016.4599609375,2007.800048828125,2007.800048828125
2012-02-24,2010.5999755859373,2019.8900146484373,2019.8900146484373
2012-02-27,2013.6099853515625,1991.1600341796875,1991.1600341796875
2012-02-28,1995.9300537109373,2003.68994140625,2003.68994140625
2012-02-29,2015.3800048828125,2030.25,2030.25
2012-03-02,2041.52001953125,2034.6300048828125,2034.6300048828125
2012-03-05,2028.969970703125,2016.06005859375,2016.06005859375
2012-03-06,2019.280029296875,2000.3599853515625,2000.3599853515625
2012-03-07,1968.719970703125,1982.1500244140625,1982.1500244140625
2012-03-08,1989.300048828125,2000.760009765625,2000.760009765625
2012-03-09,2017.6700439453125,2018.300048828125,2018.300048828125
2012-03-12,2018.72998046875,2002.5,2002.5
2012-03-13,2012.9100341796875,2025.0400390625,2025.0400390625
2012-03-14,2050.5,2045.0799560546875,2045.0799560546875
2012-03-15,2044.010009765625,2043.760009765625,2043.760009765625
2012-03-16,2054.6298828125,2034.43994140625,2034.43994140625
2012-03-19,2040.0699462890625,2047.0,2047.0
2012-03-20,2046.3800048828125,2042.1500244140625,2042.1500244140625
2012-03-21,2031.5799560546875,2027.22998046875,2027.22998046875
2012-03-22,2026.75,2026.1199951171875,2026.1199951171875
2012-03-23,2015.0699462890625,2026.8299560546875,2026.8299560546875
2012-03-26,2035.1700439453125,2019.18994140625,2019.18994140625
2012-03-27,2042.469970703125,2039.760009765625,2039.760009765625
2012-03-28,2034.3499755859373,2031.739990234375,2031.739990234375
2012-03-29,2019.4100341796875,2014.4100341796875,2014.4100341796875
2012-03-30,2011.5,2014.0400390625,2014.0400390625
2012-04-02,2022.4200439453125,2029.2900390625,2029.2900390625
2012-04-03,2040.81005859375,2049.280029296875,2049.280029296875
2012-04-04,2046.9000244140625,2018.6099853515625,2018.6099853515625
2012-04-05,2006.27001953125,2028.77001953125,2028.77001953125
2012-04-06,2026.3199462890625,2029.030029296875,2029.030029296875
2012-04-09,2008.030029296875,1997.0799560546875,1997.0799560546875
2012-04-10,2000.77001953125,1994.4100341796875,1994.4100341796875
2012-04-12,1985.1600341796875,1986.6300048828125,1986.6300048828125
2012-04-13,2001.7099609375,2008.9100341796875,2008.9100341796875
2012-04-16,1985.280029296875,1992.6300048828125,1992.6300048828125
2012-04-17,1995.3299560546875,1985.300048828125,1985.300048828125
2012-04-18,2014.22998046875,2004.530029296875,2004.530029296875
2012-04-19,2000.4000244140625,1999.8599853515625,1999.8599853515625
2012-04-20,1988.219970703125,1974.6500244140625,1974.6500244140625
2012-04-23,1971.3900146484373,1972.6300048828125,1972.6300048828125
2012-04-24,1956.75,1963.4200439453125,1963.4200439453125
2012-04-25,1980.510009765625,1961.97998046875,1961.97998046875
2012-04-26,1976.8199462890625,1964.0400390625,1964.0400390625
2012-04-27,1972.050048828125,1975.3499755859373,1975.3499755859373
2012-04-30,1989.52001953125,1981.989990234375,1981.989990234375
2012-05-02,1994.1700439453125,1999.0699462890625,1999.0699462890625
2012-05-03,1995.780029296875,1995.1099853515625,1995.1099853515625
2012-05-04,1987.030029296875,1989.1500244140625,1989.1500244140625
2012-05-07,1956.06005859375,1956.43994140625,1956.43994140625
2012-05-08,1967.280029296875,1967.010009765625,1967.010009765625
2012-05-09,1958.31005859375,1950.2900390625,1950.2900390625
2012-05-10,1944.800048828125,1944.9300537109373,1944.9300537109373
2012-05-11,1939.0,1917.1300048828125,1917.1300048828125
2012-05-14,1917.260009765625,1913.72998046875,1913.72998046875
2012-05-15,1897.739990234375,1898.9599609375,1898.9599609375
2012-05-16,1886.68994140625,1840.530029296875,1840.530029296875
2012-05-17,1842.8299560546875,1845.239990234375,1845.239990234375
2012-05-18,1813.7900390625,1782.4599609375,1782.4599609375
2012-05-21,1801.47998046875,1799.1300048828125,1799.1300048828125
2012-05-22,1825.8199462890625,1828.68994140625,1828.68994140625
2012-05-23,1815.3299560546875,1808.6199951171875,1808.6199951171875
2012-05-24,1807.0699462890625,1814.469970703125,1814.469970703125
2012-05-25,1818.6199951171875,1824.1700439453125,1824.1700439453125
2012-05-29,1821.6300048828125,1849.9100341796875,1849.9100341796875
2012-05-30,1846.1199951171875,1844.8599853515625,1844.8599853515625
2012-05-31,1819.989990234375,1843.469970703125,1843.469970703125
2012-06-01,1832.0799560546875,1834.510009765625,1834.510009765625
2012-06-04,1782.5799560546875,1783.1300048828125,1783.1300048828125
2012-06-05,1799.8800048828125,1801.8499755859373,1801.8499755859373
2012-06-07,1839.489990234375,1847.949951171875,1847.949951171875
2012-06-08,1854.0,1835.6400146484373,1835.6400146484373
2012-06-11,1860.9000244140625,1867.0400390625,1867.0400390625
2012-06-12,1840.56005859375,1854.739990234375,1854.739990234375
2012-06-13,1867.449951171875,1859.3199462890625,1859.3199462890625
2012-06-14,1856.5699462890625,1871.47998046875,1871.47998046875
2012-06-15,1871.47998046875,1858.1600341796875,1858.1600341796875
2012-06-18,1892.9100341796875,1891.7099609375,1891.7099609375
2012-06-19,1885.56005859375,1891.77001953125,1891.77001953125
2012-06-20,1908.18994140625,1904.1199951171875,1904.1199951171875
2012-06-21,1895.510009765625,1889.1500244140625,1889.1500244140625
2012-06-22,1861.43994140625,1847.3900146484373,1847.3900146484373
2012-06-25,1842.760009765625,1825.3800048828125,1825.3800048828125
2012-06-26,1818.510009765625,1817.81005859375,1817.81005859375
2012-06-27,1815.699951171875,1817.6500244140625,1817.6500244140625
2012-06-28,1826.3699951171875,1819.1800537109373,1819.1800537109373
2012-06-29,1808.6099853515625,1854.010009765625,1854.010009765625
2012-07-02,1864.72998046875,1851.6500244140625,1851.6500244140625
2012-07-03,1858.699951171875,1867.8199462890625,1867.8199462890625
2012-07-04,1875.52001953125,1874.449951171875,1874.449951171875
2012-07-05,1870.530029296875,1875.489990234375,1875.489990234375
2012-07-06,1877.739990234375,1858.199951171875,1858.199951171875
2012-07-09,1840.300048828125,1836.1300048828125,1836.1300048828125
2012-07-10,1843.77001953125,1829.449951171875,1829.449951171875
2012-07-11,1825.530029296875,1826.3900146484373,1826.3900146484373
2012-07-12,1827.8199462890625,1785.3900146484375,1785.3900146484375
2012-07-13,1790.97998046875,1812.8900146484373,1812.8900146484373
2012-07-16,1820.3399658203125,1817.7900390625,1817.7900390625
2012-07-17,1808.6300048828125,1821.9599609375,1821.9599609375
2012-07-18,1821.280029296875,1794.9100341796875,1794.9100341796875
2012-07-19,1820.8399658203125,1822.9599609375,1822.9599609375
2012-07-20,1823.949951171875,1822.9300537109373,1822.9300537109373
2012-07-23,1799.239990234375,1789.43994140625,1789.43994140625
2012-07-24,1784.469970703125,1793.9300537109375,1793.9300537109375
2012-07-25,1760.219970703125,1769.31005859375,1769.31005859375
2012-07-26,1778.010009765625,1782.469970703125,1782.469970703125
2012-07-27,1812.97998046875,1829.1600341796875,1829.1600341796875
2012-07-30,1847.010009765625,1843.7900390625,1843.7900390625
2012-07-31,1845.4599609375,1881.989990234375,1881.989990234375
2012-08-01,1870.5799560546875,1879.9300537109373,1879.9300537109373
2012-08-02,1883.6800537109373,1869.4000244140625,1869.4000244140625
2012-08-03,1846.5799560546875,1848.6800537109373,1848.6800537109373
2012-08-06,1883.6199951171875,1885.8800048828125,1885.8800048828125
2012-08-07,1883.8199462890625,1886.800048828125,1886.800048828125
2012-08-08,1896.5799560546875,1903.22998046875,1903.22998046875
2012-08-09,1907.1300048828125,1940.5899658203125,1940.5899658203125
2012-08-10,1937.8900146484373,1946.4000244140625,1946.4000244140625
2012-08-13,1945.3299560546875,1932.43994140625,1932.43994140625
2012-08-14,1942.6099853515625,1956.9599609375,1956.9599609375
2012-08-16,1956.3499755859373,1957.9100341796875,1957.9100341796875
2012-08-17,1964.0699462890625,1946.5400390625,1946.5400390625
2012-08-20,1944.6700439453125,1946.31005859375,1946.31005859375
2012-08-21,1954.510009765625,1943.219970703125,1943.219970703125
2012-08-22,1939.5999755859373,1935.18994140625,1935.18994140625
2012-08-23,1934.56005859375,1942.5400390625,1942.5400390625
2012-08-24,1921.0799560546875,1919.81005859375,1919.81005859375
2012-08-27,1909.02001953125,1917.8699951171875,1917.8699951171875
2012-08-28,1922.02001953125,1916.3299560546875,1916.3299560546875
2012-08-29,1920.489990234375,1928.5400390625,1928.5400390625
2012-08-30,1922.8199462890625,1906.3800048828125,1906.3800048828125
2012-08-31,1897.1600341796875,1905.1199951171875,1905.1199951171875
2012-09-03,1909.06005859375,1912.7099609375,1912.7099609375
2012-09-04,1911.469970703125,1907.1300048828125,1907.1300048828125
2012-09-05,1894.699951171875,1874.030029296875,1874.030029296875
2012-09-06,1881.5400390625,1881.239990234375,1881.239990234375
2012-09-07,1918.3599853515625,1929.5799560546875,1929.5799560546875
2012-09-10,1934.6300048828125,1924.699951171875,1924.699951171875
2012-09-11,1920.4599609375,1920.0,1920.0
2012-09-12,1931.43994140625,1950.030029296875,1950.030029296875
2012-09-13,1948.27001953125,1950.68994140625,1950.68994140625
2012-09-14,1994.4200439453125,2007.5799560546875,2007.5799560546875
2012-09-17,2005.5400390625,2002.3499755859373,2002.3499755859373
2012-09-18,1998.300048828125,2004.9599609375,2004.9599609375
2012-09-19,2000.199951171875,2007.8800048828125,2007.8800048828125
2012-09-20,1997.6500244140625,1990.3299560546875,1990.3299560546875
2012-09-21,2000.050048828125,2002.3699951171875,2002.3699951171875
2012-09-24,1996.4200439453125,2003.43994140625,2003.43994140625
2012-09-25,1994.0799560546875,1991.4100341796875,1991.4100341796875
2012-09-26,1973.1099853515625,1980.43994140625,1980.43994140625
2012-09-27,1969.6500244140625,1988.699951171875,1988.699951171875
2012-09-28,2000.010009765625,1996.2099609375,1996.2099609375
2012-10-02,1998.52001953125,1996.030029296875,1996.030029296875
2012-10-04,1998.72998046875,1992.6800537109373,1992.6800537109373
2012-10-05,2004.6199951171875,1995.1700439453125,1995.1700439453125
2012-10-08,1994.050048828125,1981.8900146484373,1981.8900146484373
2012-10-09,1982.0899658203125,1979.0400390625,1979.0400390625
2012-10-10,1961.9000244140625,1948.219970703125,1948.219970703125
2012-10-11,1934.489990234375,1933.0899658203125,1933.0899658203125
2012-10-12,1937.8499755859373,1933.260009765625,1933.260009765625
2012-10-15,1927.8199462890625,1925.5899658203125,1925.5899658203125
2012-10-16,1942.510009765625,1941.5400390625,1941.5400390625
2012-10-17,1955.780029296875,1955.1500244140625,1955.1500244140625
2012-10-18,1960.3900146484373,1959.1199951171875,1959.1199951171875
2012-10-19,1954.3299560546875,1943.8399658203125,1943.8399658203125
2012-10-22,1910.97998046875,1941.5899658203125,1941.5899658203125
2012-10-23,1943.7900390625,1926.81005859375,1926.81005859375
2012-10-24,1907.1600341796875,1913.9599609375,1913.9599609375
2012-10-25,1906.9100341796875,1924.5,1924.5
2012-10-26,1917.6400146484373,1891.4300537109373,1891.4300537109373
2012-10-29,1901.8299560546875,1891.52001953125,1891.52001953125
2012-10-30,1894.050048828125,1899.5799560546875,1899.5799560546875
2012-10-31,1912.8299560546875,1912.06005859375,1912.06005859375
2012-11-01,1903.5699462890625,1898.43994140625,1898.43994140625
2012-11-02,1920.550048828125,1918.719970703125,1918.719970703125
2012-11-05,1905.4599609375,1908.219970703125,1908.219970703125
2012-11-06,1911.8299560546875,1928.1700439453125,1928.1700439453125
2012-11-07,1933.7900390625,1937.550048828125,1937.550048828125
2012-11-08,1912.6400146484373,1914.4100341796875,1914.4100341796875
2012-11-09,1893.0899658203125,1904.4100341796875,1904.4100341796875
2012-11-12,1899.300048828125,1900.8699951171875,1900.8699951171875
2012-11-13,1904.18994140625,1889.699951171875,1889.699951171875
2012-11-14,1891.449951171875,1894.0400390625,1894.0400390625
2012-11-15,1870.2900390625,1870.719970703125,1870.719970703125
2012-11-16,1865.81005859375,1860.8299560546875,1860.8299560546875
2012-11-19,1869.760009765625,1878.0999755859373,1878.0999755859373
2012-11-20,1896.5799560546875,1890.1800537109373,1890.1800537109373
2012-11-21,1895.719970703125,1884.0400390625,1884.0400390625
2012-11-22,1894.6600341796875,1899.5,1899.5
2012-11-23,1901.72998046875,1911.3299560546875,1911.3299560546875
2012-11-26,1918.010009765625,1908.510009765625,1908.510009765625
2012-11-27,1917.1400146484373,1925.199951171875,1925.199951171875
2012-11-28,1916.31005859375,1912.780029296875,1912.780029296875
2012-11-29,1922.8599853515625,1934.8499755859373,1934.8499755859373
2012-11-30,1932.7099609375,1932.9000244140625,1932.9000244140625
2012-12-03,1937.280029296875,1940.02001953125,1940.02001953125
2012-12-04,1932.6600341796875,1935.1800537109373,1935.1800537109373
2012-12-05,1933.449951171875,1947.0400390625,1947.0400390625
2012-12-06,1948.550048828125,1949.6199951171875,1949.6199951171875
2012-12-07,1953.1700439453125,1957.449951171875,1957.449951171875
2012-12-10,1965.7099609375,1957.4200439453125,1957.4200439453125
2012-12-11,1962.52001953125,1964.6199951171875,1964.6199951171875
2012-12-12,1972.3299560546875,1975.43994140625,1975.43994140625
2012-12-13,1976.1800537109373,2002.77001953125,2002.77001953125
2012-12-14,1989.4200439453125,1995.0400390625,1995.0400390625
2012-12-17,1993.1800537109373,1983.0699462890625,1983.0699462890625
2012-12-18,1990.719970703125,1993.0899658203125,1993.0899658203125
2012-12-20,2002.1099853515625,1999.5,1999.5
2012-12-21,2004.6099853515625,1980.4200439453125,1980.4200439453125
2012-12-24,1984.1800537109373,1981.8199462890625,1981.8199462890625
2012-12-26,1992.0999755859373,1982.25,1982.25
2012-12-27,1979.4599609375,1987.3499755859373,1987.3499755859373
2012-12-28,1984.8399658203125,1997.050048828125,1997.050048828125
2013-01-02,2013.739990234375,2031.0999755859373,2031.0999755859373
2013-01-03,2041.239990234375,2019.4100341796875,2019.4100341796875
2013-01-04,2017.8800048828125,2011.93994140625,2011.93994140625
2013-01-07,2012.1500244140625,2011.25,2011.25
2013-01-08,2003.219970703125,1997.93994140625,1997.93994140625
2013-01-09,2001.97998046875,1991.81005859375,1991.81005859375
2013-01-10,1993.8699951171875,2006.800048828125,2006.800048828125
2013-01-11,2017.3800048828125,1996.6700439453125,1996.6700439453125
2013-01-14,1993.8199462890625,2007.0400390625,2007.0400390625
2013-01-15,2006.8900146484373,1983.739990234375,1983.739990234375
2013-01-16,1988.43994140625,1977.449951171875,1977.449951171875
2013-01-17,1983.6700439453125,1974.27001953125,1974.27001953125
2013-01-18,1987.6500244140625,1987.8499755859373,1987.8499755859373
2013-01-21,1987.9599609375,1986.8599853515625,1986.8599853515625
2013-01-22,1986.5799560546875,1996.52001953125,1996.52001953125
2013-01-23,2003.3699951171875,1980.4100341796875,1980.4100341796875
2013-01-24,1970.8499755859373,1964.47998046875,1964.47998046875
2013-01-25,1966.4000244140625,1946.68994140625,1946.68994140625
2013-01-28,1940.3299560546875,1939.7099609375,1939.7099609375
2013-01-29,1946.1099853515625,1955.9599609375,1955.9599609375
2013-01-30,1961.9200439453125,1964.4300537109373,1964.4300537109373
2013-01-31,1960.780029296875,1961.93994140625,1961.93994140625
2013-02-01,1964.75,1957.7900390625,1957.7900390625
2013-02-04,1968.949951171875,1953.2099609375,1953.2099609375
2013-02-05,1936.9200439453125,1938.1800537109373,1938.1800537109373
2013-02-06,1943.3299560546875,1936.18994140625,1936.18994140625
2013-02-07,1939.4200439453125,1931.77001953125,1931.77001953125
2013-02-08,1930.0,1950.9000244140625,1950.9000244140625
2013-02-12,1958.4599609375,1945.7900390625,1945.7900390625
2013-02-13,1952.8599853515625,1976.0699462890625,1976.0699462890625
2013-02-14,1977.4200439453125,1979.6099853515625,1979.6099853515625
2013-02-15,1981.06005859375,1981.1800537109373,1981.1800537109373
2013-02-18,1979.4200439453125,1981.9100341796875,1981.9100341796875
2013-02-19,1981.9599609375,1985.8299560546875,1985.8299560546875
2013-02-20,1997.0400390625,2024.6400146484373,2024.6400146484373
2013-02-21,2014.5,2015.219970703125,2015.219970703125
2013-02-22,2007.3399658203125,2018.8900146484373,2018.8900146484373
2013-02-25,2022.510009765625,2009.52001953125,2009.52001953125
2013-02-26,1993.1199951171875,2000.010009765625,2000.010009765625
2013-02-27,2008.93994140625,2004.0400390625,2004.0400390625
2013-02-28,2019.050048828125,2026.489990234375,2026.489990234375
2013-03-04,2028.550048828125,2013.1500244140625,2013.1500244140625
2013-03-05,2022.4100341796875,2016.6099853515625,2016.6099853515625
2013-03-06,2033.1700439453125,2020.739990234375,2020.739990234375
2013-03-07,2018.6300048828125,2004.4000244140625,2004.4000244140625
2013-03-08,2001.969970703125,2006.010009765625,2006.010009765625
2013-03-11,2000.5699462890625,2003.3499755859373,2003.3499755859373
2013-03-12,2006.8399658203125,1993.3399658203125,1993.3399658203125
2013-03-13,1994.7900390625,1999.72998046875,1999.72998046875
2013-03-14,2000.0699462890625,2002.1300048828125,2002.1300048828125
2013-03-15,2009.7099609375,1986.5,1986.5
2013-03-18,1974.7099609375,1968.1800537109373,1968.1800537109373
2013-03-19,1978.4100341796875,1978.56005859375,1978.56005859375
2013-03-20,1969.18994140625,1959.4100341796875,1959.4100341796875
2013-03-21,1969.300048828125,1950.8199462890625,1950.8199462890625
2013-03-22,1949.030029296875,1948.7099609375,1948.7099609375
2013-03-25,1968.8499755859373,1977.6700439453125,1977.6700439453125
2013-03-26,1976.81005859375,1983.699951171875,1983.699951171875
2013-03-27,1991.9100341796875,1993.43994140625,1993.43994140625
2013-03-28,1989.699951171875,1993.52001953125,1993.52001953125
2013-03-29,2007.1199951171875,2004.8900146484373,2004.8900146484373
2013-04-01,2009.93994140625,1995.989990234375,1995.989990234375
2013-04-02,1996.81005859375,1986.1500244140625,1986.1500244140625
2013-04-03,1990.7099609375,1983.219970703125,1983.219970703125
2013-04-04,1963.3900146484373,1959.449951171875,1959.449951171875
2013-04-05,1948.3299560546875,1927.22998046875,1927.22998046875
2013-04-08,1927.0400390625,1918.68994140625,1918.68994140625
2013-04-09,1918.1300048828125,1920.739990234375,1920.739990234375
2013-04-10,1933.72998046875,1935.5799560546875,1935.5799560546875
2013-04-11,1944.530029296875,1949.800048828125,1949.800048828125
2013-04-12,1954.219970703125,1924.22998046875,1924.22998046875
2013-04-15,1916.06005859375,1920.449951171875,1920.449951171875
2013-04-16,1900.1800537109373,1922.2099609375,1922.2099609375
2013-04-17,1934.6099853515625,1923.8399658203125,1923.8399658203125
2013-04-18,1916.550048828125,1900.06005859375,1900.06005859375
2013-04-19,1899.3499755859373,1906.75,1906.75
2013-04-22,1903.969970703125,1926.31005859375,1926.31005859375
2013-04-23,1924.4300537109373,1918.6300048828125,1918.6300048828125
2013-04-24,1931.06005859375,1935.31005859375,1935.31005859375
2013-04-25,1937.8800048828125,1951.5999755859373,1951.5999755859373
2013-04-26,1949.9200439453125,1944.56005859375,1944.56005859375
2013-04-29,1948.8699951171875,1940.699951171875,1940.699951171875
2013-04-30,1947.0699462890625,1963.949951171875,1963.949951171875
2013-05-02,1961.6700439453125,1957.2099609375,1957.2099609375
2013-05-03,1967.8800048828125,1965.7099609375,1965.7099609375
2013-05-06,1977.43994140625,1961.47998046875,1961.47998046875
2013-05-07,1962.280029296875,1954.3499755859373,1954.3499755859373
2013-05-08,1961.72998046875,1956.449951171875,1956.449951171875
2013-05-09,1963.6099853515625,1979.449951171875,1979.449951171875
2013-05-10,1975.47998046875,1944.75,1944.75
2013-05-13,1936.8599853515625,1948.699951171875,1948.699951171875
2013-05-14,1954.3900146484373,1968.8299560546875,1968.8299560546875
2013-05-15,1971.9599609375,1971.260009765625,1971.260009765625
2013-05-16,1980.030029296875,1986.81005859375,1986.81005859375
2013-05-20,1990.3599853515625,1982.4300537109373,1982.4300537109373
2013-05-21,1994.02001953125,1981.0899658203125,1981.0899658203125
2013-05-22,1991.760009765625,1993.8299560546875,1993.8299560546875
2013-05-23,1985.9100341796875,1969.18994140625,1969.18994140625
2013-05-24,1979.3499755859373,1973.449951171875,1973.449951171875
2013-05-27,1974.5899658203125,1979.969970703125,1979.969970703125
2013-05-28,1983.5799560546875,1986.219970703125,1986.219970703125
2013-05-29,1993.68994140625,2001.199951171875,2001.199951171875
2013-05-30,1999.8299560546875,2000.0999755859373,2000.0999755859373
2013-05-31,2009.25,2001.050048828125,2001.050048828125
2013-06-03,1993.1099853515625,1989.5699462890625,1989.5699462890625
2013-06-04,1998.3800048828125,1989.510009765625,1989.510009765625
2013-06-05,1988.93994140625,1959.18994140625,1959.18994140625
2013-06-07,1953.8299560546875,1923.8499755859373,1923.8499755859373
2013-06-10,1927.18994140625,1932.699951171875,1932.699951171875
2013-06-11,1933.0999755859373,1920.6800537109373,1920.6800537109373
2013-06-12,1913.5999755859373,1909.9100341796875,1909.9100341796875
2013-06-13,1905.0999755859373,1882.72998046875,1882.72998046875
2013-06-14,1895.77001953125,1889.239990234375,1889.239990234375
2013-06-17,1889.449951171875,1883.0999755859373,1883.0999755859373
2013-06-18,1887.719970703125,1900.6199951171875,1900.6199951171875
2013-06-19,1899.5,1888.31005859375,1888.31005859375
2013-06-20,1864.3699951171875,1850.489990234375,1850.489990234375
2013-06-21,1806.4000244140625,1822.8299560546875,1822.8299560546875
2013-06-24,1821.219970703125,1799.010009765625,1799.010009765625
2013-06-25,1790.3299560546875,1780.6300048828125,1780.6300048828125
2013-06-26,1799.739990234375,1783.449951171875,1783.449951171875
2013-06-27,1809.550048828125,1834.699951171875,1834.699951171875
2013-06-28,1844.5999755859373,1863.3199462890625,1863.3199462890625
2013-07-01,1851.5699462890625,1855.72998046875,1855.72998046875
2013-07-02,1861.260009765625,1855.02001953125,1855.02001953125
2013-07-03,1854.2900390625,1824.6600341796875,1824.6600341796875
2013-07-04,1830.489990234375,1839.1400146484373,1839.1400146484373
2013-07-05,1848.969970703125,1833.31005859375,1833.31005859375
2013-07-08,1830.81005859375,1816.8499755859373,1816.8499755859373
2013-07-09,1828.6300048828125,1830.3499755859373,1830.3499755859373
2013-07-10,1835.93994140625,1824.1600341796875,1824.1600341796875
2013-07-11,1840.3399658203125,1877.5999755859373,1877.5999755859373
2013-07-12,1873.6600341796875,1869.97998046875,1869.97998046875
2013-07-15,1870.260009765625,1875.1600341796875,1875.1600341796875
2013-07-16,1875.530029296875,1866.3599853515625,1866.3599853515625
2013-07-17,1871.2900390625,1887.489990234375,1887.489990234375
2013-07-18,1883.0699462890625,1875.47998046875,1875.47998046875
2013-07-19,1880.43994140625,1871.4100341796875,1871.4100341796875
2013-07-22,1880.81005859375,1880.3499755859373,1880.3499755859373
2013-07-23,1890.550048828125,1904.1500244140625,1904.1500244140625
2013-07-24,1904.0699462890625,1912.0799560546875,1912.0799560546875
2013-07-25,1906.5699462890625,1909.6099853515625,1909.6099853515625
2013-07-26,1912.050048828125,1910.81005859375,1910.81005859375
2013-07-29,1908.6600341796875,1899.8900146484373,1899.8900146484373
2013-07-30,1901.8800048828125,1917.050048828125,1917.050048828125
2013-07-31,1915.469970703125,1914.030029296875,1914.030029296875
2013-08-01,1916.56005859375,1920.739990234375,1920.739990234375
2013-08-02,1936.260009765625,1923.3800048828125,1923.3800048828125
2013-08-05,1920.8299560546875,1916.219970703125,1916.219970703125
2013-08-06,1914.06005859375,1906.6199951171875,1906.6199951171875
2013-08-07,1892.469970703125,1878.3299560546875,1878.3299560546875
2013-08-08,1884.5799560546875,1883.969970703125,1883.969970703125
2013-08-09,1884.5699462890625,1880.7099609375,1880.7099609375
2013-08-12,1878.5,1884.8299560546875,1884.8299560546875
2013-08-13,1893.4200439453125,1913.030029296875,1913.030029296875
2013-08-14,1912.5899658203125,1923.9100341796875,1923.9100341796875
2013-08-16,1903.719970703125,1920.1099853515625,1920.1099853515625
2013-08-19,1917.3199462890625,1917.6400146484373,1917.6400146484373
2013-08-20,1910.300048828125,1887.8499755859373,1887.8499755859373
2013-08-21,1891.010009765625,1867.4599609375,1867.4599609375
2013-08-22,1847.93994140625,1849.1199951171875,1849.1199951171875
2013-08-23,1861.5799560546875,1870.1600341796875,1870.1600341796875
2013-08-26,1876.5899658203125,1887.8599853515625,1887.8599853515625
2013-08-27,1883.7099609375,1885.8399658203125,1885.8399658203125
2013-08-28,1862.510009765625,1884.52001953125,1884.52001953125
2013-08-29,1892.030029296875,1907.5400390625,1907.5400390625
2013-08-30,1918.9100341796875,1926.3599853515625,1926.3599853515625
2013-09-02,1925.3199462890625,1924.81005859375,1924.81005859375
2013-09-03,1934.239990234375,1933.739990234375,1933.739990234375
2013-09-04,1929.5999755859373,1933.030029296875,1933.030029296875
2013-09-05,1943.6600341796875,1951.6500244140625,1951.6500244140625
2013-09-06,1954.1099853515625,1955.31005859375,1955.31005859375
2013-09-09,1964.0899658203125,1974.6700439453125,1974.6700439453125
2013-09-10,1978.0799560546875,1994.06005859375,1994.06005859375
2013-09-11,1995.9599609375,2003.8499755859373,2003.8499755859373
2013-09-12,2004.6700439453125,2004.06005859375,2004.06005859375
2013-09-13,1994.949951171875,1994.3199462890625,1994.3199462890625
2013-09-16,2011.68994140625,2013.3699951171875,2013.3699951171875
2013-09-17,2009.31005859375,2005.5799560546875,2005.5799560546875
2013-09-23,2000.719970703125,2009.4100341796875,2009.4100341796875
2013-09-24,2001.510009765625,2007.0999755859373,2007.0999755859373
2013-09-25,2004.530029296875,1998.06005859375,1998.06005859375
2013-09-26,1992.0999755859373,2007.3199462890625,2007.3199462890625
2013-09-27,2012.260009765625,2011.800048828125,2011.800048828125
2013-09-30,2002.02001953125,1996.9599609375,1996.9599609375
2013-10-01,1997.6199951171875,1998.8699951171875,1998.8699951171875
2013-10-02,2012.0699462890625,1999.469970703125,1999.469970703125
2013-10-04,1999.9200439453125,1996.97998046875,1996.97998046875
2013-10-07,1997.1700439453125,1994.4200439453125,1994.4200439453125
2013-10-08,1987.969970703125,2002.760009765625,2002.760009765625
2013-10-10,2000.9100341796875,2001.4000244140625,2001.4000244140625
2013-10-11,2018.010009765625,2024.9000244140625,2024.9000244140625
2013-10-14,2026.0699462890625,2020.27001953125,2020.27001953125
2013-10-15,2034.68994140625,2040.9599609375,2040.9599609375
2013-10-16,2040.030029296875,2034.6099853515625,2034.6099853515625
2013-10-17,2051.18994140625,2040.6099853515625,2040.6099853515625
2013-10-18,2046.56005859375,2052.39990234375,2052.39990234375
2013-10-21,2054.159912109375,2053.010009765625,2053.010009765625
2013-10-22,2051.010009765625,2056.1201171875,2056.1201171875
2013-10-23,2062.81005859375,2035.75,2035.75
2013-10-24,2034.9599609375,2046.68994140625,2046.68994140625
2013-10-25,2047.4599609375,2034.3900146484373,2034.3900146484373
2013-10-28,2037.280029296875,2048.139892578125,2048.139892578125
2013-10-29,2046.6700439453125,2051.760009765625,2051.760009765625
2013-10-30,2055.0,2059.580078125,2059.580078125
2013-10-31,2050.9599609375,2030.0899658203125,2030.0899658203125
2013-11-01,2037.25,2039.4200439453125,2039.4200439453125
2013-11-04,2035.0799560546875,2025.1700439453125,2025.1700439453125
2013-11-05,2027.6199951171875,2013.9300537109373,2013.9300537109373
2013-11-06,2015.3199462890625,2013.6700439453125,2013.6700439453125
2013-11-07,2014.8499755859373,2004.0400390625,2004.0400390625
2013-11-08,1987.2099609375,1984.8699951171875,1984.8699951171875
2013-11-11,1995.8599853515625,1977.300048828125,1977.300048828125
2013-11-12,1983.93994140625,1995.47998046875,1995.47998046875
2013-11-13,1993.1600341796875,1963.56005859375,1963.56005859375
2013-11-14,1980.199951171875,1967.56005859375,1967.56005859375
2013-11-15,1980.989990234375,2005.6400146484373,2005.6400146484373
2013-11-18,2014.239990234375,2010.81005859375,2010.81005859375
2013-11-19,2009.949951171875,2031.6400146484373,2031.6400146484373
2013-11-20,2028.3399658203125,2017.239990234375,2017.239990234375
2013-11-21,2013.7099609375,1993.780029296875,1993.780029296875
2013-11-22,2002.1500244140625,2006.22998046875,2006.22998046875
2013-11-25,2020.0,2015.97998046875,2015.97998046875
2013-11-26,2008.18994140625,2022.6400146484373,2022.6400146484373
2013-11-27,2016.280029296875,2028.81005859375,2028.81005859375
2013-11-28,2039.72998046875,2045.77001953125,2045.77001953125
2013-11-29,2044.8499755859373,2044.8699951171875,2044.8699951171875
2013-12-02,2050.449951171875,2030.780029296875,2030.780029296875
2013-12-03,2023.6199951171875,2009.3599853515625,2009.3599853515625
2013-12-04,1998.68994140625,1986.800048828125,1986.800048828125
2013-12-05,1993.72998046875,1984.77001953125,1984.77001953125
2013-12-06,1982.989990234375,1980.4100341796875,1980.4100341796875
2013-12-09,2000.52001953125,2000.3800048828125,2000.3800048828125
2013-12-10,2000.030029296875,1993.449951171875,1993.449951171875
2013-12-11,1987.219970703125,1977.969970703125,1977.969970703125
2013-12-12,1966.43994140625,1967.9300537109373,1967.9300537109373
2013-12-13,1963.0400390625,1962.9100341796875,1962.9100341796875
2013-12-16,1960.5999755859373,1961.1500244140625,1961.1500244140625
2013-12-17,1977.93994140625,1965.739990234375,1965.739990234375
2013-12-18,1971.8499755859373,1974.6300048828125,1974.6300048828125
2013-12-19,1996.7900390625,1975.6500244140625,1975.6500244140625
2013-12-20,1973.1199951171875,1983.3499755859373,1983.3499755859373
2013-12-23,1993.449951171875,1996.8900146484373,1996.8900146484373
2013-12-24,2000.239990234375,2001.5899658203125,2001.5899658203125
2013-12-26,2004.25,1999.300048828125,1999.300048828125
2013-12-27,1994.050048828125,2002.280029296875,2002.280029296875
2013-12-30,2004.3199462890625,2011.3399658203125,2011.3399658203125
2014-01-02,2013.1099853515625,1967.18994140625,1967.18994140625
2014-01-03,1963.719970703125,1946.1400146484373,1946.1400146484373
2014-01-06,1947.6199951171875,1953.280029296875,1953.280029296875
2014-01-07,1947.6500244140625,1959.43994140625,1959.43994140625
2014-01-08,1965.5,1958.9599609375,1958.9599609375
2014-01-09,1962.300048828125,1946.1099853515625,1946.1099853515625
2014-01-10,1949.530029296875,1938.5400390625,1938.5400390625
2014-01-13,1947.3800048828125,1948.9200439453125,1948.9200439453125
2014-01-14,1942.7900390625,1946.0699462890625,1946.0699462890625
2014-01-15,1956.4300537109373,1953.280029296875,1953.280029296875
2014-01-16,1957.9100341796875,1957.3199462890625,1957.3199462890625
2014-01-17,1958.5,1944.47998046875,1944.47998046875
2014-01-20,1945.989990234375,1953.780029296875,1953.780029296875
2014-01-21,1955.260009765625,1963.8900146484373,1963.8900146484373
2014-01-22,1960.4599609375,1970.4200439453125,1970.4200439453125
2014-01-23,1968.77001953125,1947.5899658203125,1947.5899658203125
2014-01-24,1941.550048828125,1940.56005859375,1940.56005859375
2014-01-27,1905.9100341796875,1910.3399658203125,1910.3399658203125
2014-01-28,1907.1800537109373,1916.9300537109373,1916.9300537109373
2014-01-29,1925.9300537109373,1941.1500244140625,1941.1500244140625
2014-02-03,1930.0899658203125,1919.9599609375,1919.9599609375
2014-02-04,1894.9599609375,1886.8499755859373,1886.8499755859373
2014-02-05,1897.949951171875,1891.3199462890625,1891.3199462890625
2014-02-06,1897.3499755859373,1907.8900146484373,1907.8900146484373
2014-02-07,1922.449951171875,1922.5,1922.5
2014-02-10,1928.1300048828125,1923.300048828125,1923.300048828125
2014-02-11,1924.449951171875,1932.06005859375,1932.06005859375
2014-02-12,1942.22998046875,1935.8399658203125,1935.8399658203125
2014-02-13,1936.6199951171875,1926.9599609375,1926.9599609375
2014-02-14,1930.1400146484373,1940.280029296875,1940.280029296875
2014-02-17,1951.739990234375,1946.3599853515625,1946.3599853515625
2014-02-18,1946.8800048828125,1946.9100341796875,1946.9100341796875
2014-02-19,1944.699951171875,1942.9300537109373,1942.9300537109373
2014-02-20,1932.9000244140625,1930.5699462890625,1930.5699462890625
2014-02-21,1948.030029296875,1957.8299560546875,1957.8299560546875
2014-02-24,1958.06005859375,1949.050048828125,1949.050048828125
2014-02-25,1958.300048828125,1964.8599853515625,1964.8599853515625
2014-02-26,1963.449951171875,1970.77001953125,1970.77001953125
2014-02-27,1969.8499755859373,1978.4300537109373,1978.4300537109373
2014-02-28,1976.47998046875,1979.989990234375,1979.989990234375
2014-03-03,1967.9000244140625,1964.68994140625,1964.68994140625
2014-03-04,1954.5799560546875,1954.1099853515625,1954.1099853515625
2014-03-05,1973.280029296875,1971.239990234375,1971.239990234375
2014-03-06,1973.6700439453125,1975.6199951171875,1975.6199951171875
2014-03-07,1979.699951171875,1974.6800537109373,1974.6800537109373
2014-03-10,1967.6300048828125,1954.4200439453125,1954.4200439453125
2014-03-11,1957.219970703125,1963.8699951171875,1963.8699951171875
2014-03-12,1957.6700439453125,1932.5400390625,1932.5400390625
2014-03-13,1940.3499755859373,1934.3800048828125,1934.3800048828125
2014-03-14,1916.0699462890625,1919.9000244140625,1919.9000244140625
2014-03-17,1921.1500244140625,1927.530029296875,1927.530029296875
2014-03-18,1941.1199951171875,1940.2099609375,1940.2099609375
2014-03-19,1947.3399658203125,1937.6800537109373,1937.6800537109373
2014-03-20,1934.1500244140625,1919.52001953125,1919.52001953125
2014-03-21,1930.239990234375,1934.93994140625,1934.93994140625
2014-03-24,1937.06005859375,1945.550048828125,1945.550048828125
2014-03-25,1940.9000244140625,1941.25,1941.25
2014-03-26,1954.5999755859373,1964.31005859375,1964.31005859375
2014-03-27,1963.6600341796875,1977.969970703125,1977.969970703125
2014-03-28,1972.6300048828125,1981.0,1981.0
2014-03-31,1988.72998046875,1985.6099853515625,1985.6099853515625
2014-04-01,1983.780029296875,1991.97998046875,1991.97998046875
2014-04-02,2000.1300048828125,1997.25,1997.25
2014-04-03,1999.4200439453125,1993.699951171875,1993.699951171875
2014-04-04,1987.8399658203125,1988.0899658203125,1988.0899658203125
2014-04-07,1984.2900390625,1989.699951171875,1989.699951171875
2014-04-08,1977.6099853515625,1993.030029296875,1993.030029296875
2014-04-09,1997.97998046875,1998.949951171875,1998.949951171875
2014-04-10,2007.7099609375,2008.6099853515625,2008.6099853515625
2014-04-11,1985.280029296875,1997.43994140625,1997.43994140625
2014-04-14,1993.81005859375,1997.02001953125,1997.02001953125
2014-04-15,2008.489990234375,1992.27001953125,1992.27001953125
2014-04-16,1994.31005859375,1992.2099609375,1992.2099609375
2014-04-17,2000.469970703125,1992.050048828125,1992.050048828125
2014-04-18,1998.52001953125,2004.280029296875,2004.280029296875
2014-04-21,2006.2099609375,1999.219970703125,1999.219970703125
2014-04-22,2000.93994140625,2004.219970703125,2004.219970703125
2014-04-23,2010.06005859375,2000.3699951171875,2000.3699951171875
2014-04-24,2006.3800048828125,1998.3399658203125,1998.3399658203125
2014-04-25,1996.6099853515625,1971.6600341796875,1971.6600341796875
2014-04-28,1969.0400390625,1969.260009765625,1969.260009765625
2014-04-29,1974.6700439453125,1964.77001953125,1964.77001953125
2014-04-30,1973.56005859375,1961.7900390625,1961.7900390625
2014-05-02,1966.2900390625,1959.43994140625,1959.43994140625
2014-05-07,1964.18994140625,1939.8800048828125,1939.8800048828125
2014-05-08,1945.93994140625,1950.5999755859373,1950.5999755859373
2014-05-09,1953.47998046875,1956.550048828125,1956.550048828125
2014-05-12,1956.260009765625,1964.93994140625,1964.93994140625
2014-05-13,1973.0799560546875,1982.9300537109373,1982.9300537109373
2014-05-14,1990.989990234375,2010.8299560546875,2010.8299560546875
2014-05-15,2007.8800048828125,2010.199951171875,2010.199951171875
2014-05-16,2003.47998046875,2013.43994140625,2013.43994140625
2014-05-19,2013.7900390625,2015.1400146484373,2015.1400146484373
2014-05-20,2011.8499755859373,2011.260009765625,2011.260009765625
2014-05-21,2003.47998046875,2008.3299560546875,2008.3299560546875
2014-05-22,2015.4100341796875,2015.5899658203125,2015.5899658203125
2014-05-23,2013.0899658203125,2017.1700439453125,2017.1700439453125
2014-05-26,2016.2099609375,2010.3499755859373,2010.3499755859373
2014-05-27,2014.8699951171875,1997.6300048828125,1997.6300048828125
2014-05-28,2000.260009765625,2017.06005859375,2017.06005859375
2014-05-29,2020.6700439453125,2012.260009765625,2012.260009765625
2014-05-30,2015.3699951171875,1994.9599609375,1994.9599609375
2014-06-02,1998.81005859375,2002.0,2002.0
2014-06-03,2006.31005859375,2008.56005859375,2008.56005859375
2014-06-05,2007.199951171875,1995.47998046875,1995.47998046875
2014-06-09,2004.72998046875,1990.0400390625,1990.0400390625
2014-06-10,2000.8900146484373,2011.800048828125,2011.800048828125
2014-06-11,2009.510009765625,2014.6700439453125,2014.6700439453125
2014-06-12,2013.5999755859373,2011.6500244140625,2011.6500244140625
2014-06-13,2005.550048828125,1990.8499755859373,1990.8499755859373
2014-06-16,1986.8599853515625,1993.5899658203125,1993.5899658203125
2014-06-17,1994.8900146484373,2001.550048828125,2001.550048828125
2014-06-18,2002.260009765625,1989.489990234375,1989.489990234375
2014-06-19,1994.22998046875,1992.030029296875,1992.030029296875
2014-06-20,1990.7099609375,1968.0699462890625,1968.0699462890625
2014-06-23,1975.0999755859373,1974.9200439453125,1974.9200439453125
2014-06-24,1976.239990234375,1994.3499755859373,1994.3499755859373
2014-06-25,1992.68994140625,1981.77001953125,1981.77001953125
2014-06-26,1983.0,1995.050048828125,1995.050048828125
2014-06-27,1990.9000244140625,1988.510009765625,1988.510009765625
2014-06-30,1996.1300048828125,2002.2099609375,2002.2099609375
2014-07-01,1993.2900390625,1999.0,1999.0
2014-07-02,2008.0,2015.280029296875,2015.280029296875
2014-07-03,2015.989990234375,2010.969970703125,2010.969970703125
2014-07-04,2018.3499755859373,2009.6600341796875,2009.6600341796875
2014-07-07,2007.530029296875,2005.1199951171875,2005.1199951171875
2014-07-08,2003.550048828125,2006.6600341796875,2006.6600341796875
2014-07-09,1997.5699462890625,2000.5,2000.5
2014-07-10,2004.6300048828125,2002.8399658203125,2002.8399658203125
2014-07-11,1988.9300537109373,1988.739990234375,1988.739990234375
2014-07-14,1998.260009765625,1993.8800048828125,1993.8800048828125
2014-07-15,2004.9300537109373,2012.719970703125,2012.719970703125
2014-07-16,2015.6700439453125,2013.47998046875,2013.47998046875
2014-07-17,2020.52001953125,2020.9000244140625,2020.9000244140625
2014-07-18,2007.1199951171875,2019.4200439453125,2019.4200439453125
2014-07-21,2028.02001953125,2018.5,2018.5
2014-07-22,2021.1800537109373,2028.9300537109373,2028.9300537109373
2014-07-23,2032.72998046875,2028.3199462890625,2028.3199462890625
2014-07-24,2032.93994140625,2026.6199951171875,2026.6199951171875
2014-07-25,2030.0400390625,2033.8499755859373,2033.8499755859373
2014-07-28,2035.9599609375,2048.81005859375,2048.81005859375
2014-07-29,2054.030029296875,2061.969970703125,2061.969970703125
2014-07-30,2064.469970703125,2082.610107421875,2082.610107421875
2014-07-31,2081.75,2076.1201171875,2076.1201171875
2014-08-01,2063.7099609375,2073.10009765625,2073.10009765625
2014-08-04,2080.77001953125,2080.419921875,2080.419921875
2014-08-05,2076.169921875,2066.260009765625,2066.260009765625
2014-08-06,2062.929931640625,2060.72998046875,2060.72998046875
2014-08-07,2062.239990234375,2054.510009765625,2054.510009765625
2014-08-08,2049.510009765625,2031.0999755859373,2031.0999755859373
2014-08-11,2048.179931640625,2039.3699951171875,2039.3699951171875
2014-08-12,2048.389892578125,2041.469970703125,2041.469970703125
2014-08-13,2046.6800537109373,2062.360107421875,2062.360107421875
2014-08-14,2065.68994140625,2063.219970703125,2063.219970703125
2014-08-18,2070.949951171875,2053.1298828125,2053.1298828125
2014-08-19,2065.18994140625,2071.139892578125,2071.139892578125
2014-08-20,2080.77001953125,2072.780029296875,2072.780029296875
2014-08-21,2067.6298828125,2044.2099609375,2044.2099609375
2014-08-22,2048.239990234375,2056.699951171875,2056.699951171875
2014-08-25,2049.159912109375,2060.889892578125,2060.889892578125
2014-08-26,2069.070068359375,2068.050048828125,2068.050048828125
2014-08-27,2075.449951171875,2074.929931640625,2074.929931640625
2014-08-28,2083.030029296875,2075.760009765625,2075.760009765625
2014-08-29,2070.72998046875,2068.5400390625,2068.5400390625
2014-09-01,2067.800048828125,2067.860107421875,2067.860107421875
2014-09-02,2065.969970703125,2051.580078125,2051.580078125
2014-09-03,2050.090087890625,2051.199951171875,2051.199951171875
2014-09-04,2059.050048828125,2056.260009765625,2056.260009765625
2014-09-05,2053.179931640625,2049.409912109375,2049.409912109375
2014-09-11,2046.969970703125,2034.1600341796875,2034.1600341796875
2014-09-12,2042.510009765625,2041.8599853515625,2041.8599853515625
2014-09-15,2039.030029296875,2035.8199462890625,2035.8199462890625
2014-09-16,2039.9200439453125,2042.9200439453125,2042.9200439453125
2014-09-17,2052.06005859375,2062.610107421875,2062.610107421875
2014-09-18,2058.2099609375,2047.739990234375,2047.739990234375
2014-09-19,2057.56005859375,2053.820068359375,2053.820068359375
2014-09-22,2053.300048828125,2039.27001953125,2039.27001953125
2014-09-23,2028.9000244140625,2028.9100341796875,2028.9100341796875
2014-09-24,2024.75,2035.6400146484373,2035.6400146484373
2014-09-25,2045.6600341796875,2034.1099853515625,2034.1099853515625
2014-09-26,2019.1700439453125,2031.6400146484373,2031.6400146484373
2014-09-29,2035.9300537109373,2026.5999755859373,2026.5999755859373
2014-09-30,2023.1800537109373,2020.0899658203125,2020.0899658203125
2014-10-01,2013.469970703125,1991.5400390625,1991.5400390625
2014-10-02,1984.4300537109373,1976.1600341796875,1976.1600341796875
2014-10-06,1987.8900146484373,1968.3900146484373,1968.3900146484373
2014-10-07,1979.8299560546875,1972.9100341796875,1972.9100341796875
2014-10-08,1957.9000244140625,1965.25,1965.25
2014-10-10,1953.97998046875,1940.9200439453125,1940.9200439453125
2014-10-13,1919.47998046875,1927.2099609375,1927.2099609375
2014-10-14,1933.449951171875,1929.25,1929.25
2014-10-15,1932.1099853515625,1925.9100341796875,1925.9100341796875
2014-10-16,1911.449951171875,1918.8299560546875,1918.8299560546875
2014-10-17,1923.510009765625,1900.6600341796875,1900.6600341796875
2014-10-20,1918.8399658203125,1930.06005859375,1930.06005859375
2014-10-21,1923.6199951171875,1915.280029296875,1915.280029296875
2014-10-22,1936.9100341796875,1936.969970703125,1936.969970703125
2014-10-23,1932.4300537109373,1931.6500244140625,1931.6500244140625
2014-10-24,1942.4599609375,1925.68994140625,1925.68994140625
2014-10-27,1933.9100341796875,1931.969970703125,1931.969970703125
2014-10-28,1935.4599609375,1925.6800537109373,1925.6800537109373
2014-10-29,1938.800048828125,1961.1700439453125,1961.1700439453125
2014-10-30,1956.9200439453125,1958.9300537109373,1958.9300537109373
2014-10-31,1963.260009765625,1964.4300537109373,1964.4300537109373
2014-11-03,1959.6600341796875,1952.969970703125,1952.969970703125
2014-11-04,1950.1500244140625,1935.18994140625,1935.18994140625
2014-11-05,1938.6099853515625,1931.4300537109373,1931.4300537109373
2014-11-06,1933.449951171875,1936.47998046875,1936.47998046875
2014-11-07,1935.75,1939.8699951171875,1939.8699951171875
2014-11-10,1952.7900390625,1958.22998046875,1958.22998046875
2014-11-11,1957.8699951171875,1963.0,1963.0
2014-11-12,1965.2099609375,1967.27001953125,1967.27001953125
2014-11-13,1970.6400146484373,1960.510009765625,1960.510009765625
2014-11-14,1959.6400146484373,1945.1400146484373,1945.1400146484373
2014-11-17,1941.8299560546875,1943.6300048828125,1943.6300048828125
2014-11-18,1951.9300537109373,1967.010009765625,1967.010009765625
2014-11-19,1974.4100341796875,1966.8699951171875,1966.8699951171875
2014-11-20,1960.719970703125,1958.0400390625,1958.0400390625
2014-11-21,1966.8900146484373,1964.8399658203125,1964.8399658203125
2014-11-24,1982.47998046875,1978.5400390625,1978.5400390625
2014-11-25,1981.52001953125,1980.2099609375,1980.2099609375
2014-11-26,1984.8299560546875,1980.8399658203125,1980.8399658203125
2014-11-27,1993.6500244140625,1982.0899658203125,1982.0899658203125
2014-11-28,1983.219970703125,1980.780029296875,1980.780029296875
2014-12-01,1971.949951171875,1965.219970703125,1965.219970703125
2014-12-02,1959.4000244140625,1965.8299560546875,1965.8299560546875
2014-12-03,1969.5699462890625,1969.9100341796875,1969.9100341796875
2014-12-04,1976.300048828125,1986.6099853515625,1986.6099853515625
2014-12-05,1986.5999755859373,1986.6199951171875,1986.6199951171875
2014-12-08,1988.800048828125,1978.949951171875,1978.949951171875
2014-12-09,1977.050048828125,1970.949951171875,1970.949951171875
2014-12-10,1964.0400390625,1945.56005859375,1945.56005859375
2014-12-11,1930.4599609375,1916.5899658203125,1916.5899658203125
2014-12-12,1921.6099853515625,1921.7099609375,1921.7099609375
2014-12-15,1903.1199951171875,1920.3599853515625,1920.3599853515625
2014-12-16,1909.010009765625,1904.1300048828125,1904.1300048828125
2014-12-17,1913.280029296875,1900.1600341796875,1900.1600341796875
2014-12-18,1917.6700439453125,1897.5,1897.5
2014-12-19,1920.75,1929.97998046875,1929.97998046875
2014-12-22,1938.1600341796875,1943.1199951171875,1943.1199951171875
2014-12-23,1942.1199951171875,1939.02001953125,1939.02001953125
2014-12-24,1940.760009765625,1946.6099853515625,1946.6099853515625
2014-12-26,1947.5999755859373,1948.1600341796875,1948.1600341796875
2014-12-29,1937.27001953125,1927.8599853515625,1927.8599853515625
2014-12-30,1934.510009765625,1915.5899658203125,1915.5899658203125
2015-01-02,1914.239990234375,1926.43994140625,1926.43994140625
2015-01-05,1921.9599609375,1915.75,1915.75
2015-01-06,1895.47998046875,1882.449951171875,1882.449951171875
2015-01-07,1878.9000244140625,1883.8299560546875,1883.8299560546875
2015-01-08,1895.8499755859373,1904.6500244140625,1904.6500244140625
2015-01-09,1919.800048828125,1924.699951171875,1924.699951171875
2015-01-12,1918.1800537109373,1920.949951171875,1920.949951171875
2015-01-13,1915.030029296875,1917.1400146484373,1917.1400146484373
2015-01-14,1919.31005859375,1913.6600341796875,1913.6600341796875
2015-01-15,1914.06005859375,1914.1400146484373,1914.1400146484373
2015-01-16,1907.0699462890625,1888.1300048828125,1888.1300048828125
2015-01-19,1902.81005859375,1902.6199951171875,1902.6199951171875
2015-01-20,1908.6199951171875,1918.31005859375,1918.31005859375
2015-01-21,1917.3299560546875,1921.22998046875,1921.22998046875
2015-01-22,1926.010009765625,1920.8199462890625,1920.8199462890625
2015-01-23,1945.3599853515625,1936.0899658203125,1936.0899658203125
2015-01-26,1928.260009765625,1935.6800537109373,1935.6800537109373
2015-01-27,1941.9000244140625,1952.4000244140625,1952.4000244140625
2015-01-28,1946.7099609375,1961.5799560546875,1961.5799560546875
2015-01-29,1950.8299560546875,1951.02001953125,1951.02001953125
2015-01-30,1964.1300048828125,1949.260009765625,1949.260009765625
2015-02-02,1947.9100341796875,1952.6800537109373,1952.6800537109373
2015-02-03,1960.1099853515625,1951.9599609375,1951.9599609375
2015-02-04,1963.3699951171875,1962.7900390625,1962.7900390625
2015-02-05,1961.1500244140625,1952.8399658203125,1952.8399658203125
2015-02-06,1955.1300048828125,1955.52001953125,1955.52001953125
2015-02-09,1949.5,1947.0,1947.0
2015-02-10,1949.300048828125,1935.8599853515625,1935.8599853515625
2015-02-11,1942.3399658203125,1945.699951171875,1945.699951171875
2015-02-12,1947.2099609375,1941.6300048828125,1941.6300048828125
2015-02-13,1949.3199462890625,1957.5,1957.5
2015-02-16,1960.030029296875,1958.22998046875,1958.22998046875
2015-02-17,1955.77001953125,1961.449951171875,1961.449951171875
2015-02-23,1974.43994140625,1968.3900146484373,1968.3900146484373
2015-02-24,1975.6500244140625,1976.1199951171875,1976.1199951171875
2015-02-25,1988.469970703125,1990.469970703125,1990.469970703125
2015-02-26,1993.27001953125,1993.0799560546875,1993.0799560546875
2015-02-27,1992.760009765625,1985.800048828125,1985.800048828125
2015-03-02,1996.719970703125,1996.81005859375,1996.81005859375
2015-03-03,2002.5,2001.3800048828125,2001.3800048828125
2015-03-04,2001.760009765625,1998.2900390625,1998.2900390625
2015-03-05,1996.81005859375,1998.3800048828125,1998.3800048828125
2015-03-06,2003.969970703125,2012.93994140625,2012.93994140625
2015-03-09,2004.93994140625,1992.8199462890625,1992.8199462890625
2015-03-10,2000.6600341796875,1984.77001953125,1984.77001953125
2015-03-11,1971.0400390625,1980.8299560546875,1980.8299560546875
2015-03-12,1979.219970703125,1970.5899658203125,1970.5899658203125
2015-03-13,1987.1700439453125,1985.7900390625,1985.7900390625
2015-03-16,1985.5899658203125,1987.3299560546875,1987.3299560546875
2015-03-17,1998.260009765625,2029.9100341796875,2029.9100341796875
2015-03-18,2032.18994140625,2028.449951171875,2028.449951171875
2015-03-19,2047.1300048828125,2037.8900146484373,2037.8900146484373
2015-03-20,2037.1300048828125,2037.239990234375,2037.239990234375
2015-03-23,2043.219970703125,2036.5899658203125,2036.5899658203125
2015-03-24,2035.0799560546875,2041.3699951171875,2041.3699951171875
2015-03-25,2043.1600341796875,2042.81005859375,2042.81005859375
2015-03-26,2027.199951171875,2022.56005859375,2022.56005859375
2015-03-27,2026.75,2019.800048828125,2019.800048828125
2015-03-30,2026.5999755859373,2030.0400390625,2030.0400390625
2015-03-31,2042.31005859375,2041.030029296875,2041.030029296875
2015-04-01,2035.4000244140625,2028.449951171875,2028.449951171875
2015-04-02,2036.9000244140625,2029.0699462890625,2029.0699462890625
2015-04-03,2035.8299560546875,2045.4200439453125,2045.4200439453125
2015-04-06,2049.8701171875,2046.4300537109373,2046.4300537109373
2015-04-07,2059.050048828125,2047.030029296875,2047.030029296875
2015-04-08,2048.75,2059.260009765625,2059.260009765625
2015-04-09,2060.300048828125,2058.8701171875,2058.8701171875
2015-04-10,2066.320068359375,2087.760009765625,2087.760009765625
2015-04-13,2094.10009765625,2098.919921875,2098.919921875
2015-04-14,2101.760009765625,2111.719970703125,2111.719970703125
2015-04-15,2114.56005859375,2119.9599609375,2119.9599609375
2015-04-16,2134.139892578125,2139.89990234375,2139.89990234375
2015-04-17,2142.719970703125,2143.5,2143.5
2015-04-20,2126.550048828125,2146.7099609375,2146.7099609375
2015-04-21,2153.419921875,2144.7900390625,2144.7900390625
2015-04-22,2146.590087890625,2143.889892578125,2143.889892578125
2015-04-23,2156.93994140625,2173.409912109375,2173.409912109375
2015-04-24,2181.239990234375,2159.800048828125,2159.800048828125
2015-04-27,2169.139892578125,2157.5400390625,2157.5400390625
2015-04-28,2162.5,2147.669921875,2147.669921875
2015-04-29,2155.010009765625,2142.6298828125,2142.6298828125
2015-04-30,2134.93994140625,2127.169921875,2127.169921875
2015-05-04,2134.510009765625,2132.22998046875,2132.22998046875
2015-05-06,2122.030029296875,2104.580078125,2104.580078125
2015-05-07,2098.47998046875,2091.0,2091.0
2015-05-08,2090.18994140625,2085.52001953125,2085.52001953125
2015-05-11,2106.1201171875,2097.3798828125,2097.3798828125
2015-05-12,2100.6298828125,2096.77001953125,2096.77001953125
2015-05-13,2100.10009765625,2114.159912109375,2114.159912109375
2015-05-14,2115.590087890625,2120.330078125,2120.330078125
2015-05-15,2132.530029296875,2106.5,2106.5
2015-05-18,2108.14990234375,2113.719970703125,2113.719970703125
2015-05-19,2114.2900390625,2120.85009765625,2120.85009765625
2015-05-20,2128.010009765625,2139.5400390625,2139.5400390625
2015-05-21,2139.679931640625,2122.81005859375,2122.81005859375
2015-05-22,2131.110107421875,2146.10009765625,2146.10009765625
2015-05-26,2146.469970703125,2143.5,2143.5
2015-05-27,2133.489990234375,2107.5,2107.5
2015-05-28,2117.77001953125,2110.889892578125,2110.889892578125
2015-05-29,2109.3798828125,2114.800048828125,2114.800048828125
2015-06-01,2110.1201171875,2102.3701171875,2102.3701171875
2015-06-02,2102.6201171875,2078.639892578125,2078.639892578125
2015-06-03,2078.510009765625,2063.159912109375,2063.159912109375
2015-06-04,2070.489990234375,2072.860107421875,2072.860107421875
2015-06-05,2062.219970703125,2068.10009765625,2068.10009765625
2015-06-08,2068.510009765625,2065.18994140625,2065.18994140625
2015-06-09,2063.39990234375,2064.030029296875,2064.030029296875
2015-06-10,2079.1298828125,2051.320068359375,2051.320068359375
2015-06-11,2065.070068359375,2056.610107421875,2056.610107421875
2015-06-12,2068.449951171875,2052.169921875,2052.169921875
2015-06-15,2041.0699462890625,2042.3199462890625,2042.3199462890625
2015-06-16,2045.010009765625,2028.719970703125,2028.719970703125
2015-06-17,2035.47998046875,2034.8599853515625,2034.8599853515625
2015-06-18,2046.18994140625,2041.8800048828125,2041.8800048828125
2015-06-19,2056.5400390625,2046.9599609375,2046.9599609375
2015-06-22,2059.60009765625,2055.159912109375,2055.159912109375
2015-06-23,2071.300048828125,2081.199951171875,2081.199951171875
2015-06-24,2086.68994140625,2085.530029296875,2085.530029296875
2015-06-25,2077.840087890625,2085.06005859375,2085.06005859375
2015-06-26,2083.39990234375,2090.260009765625,2090.260009765625
2015-06-29,2056.43994140625,2060.489990234375,2060.489990234375
2015-06-30,2054.830078125,2074.199951171875,2074.199951171875
2015-07-01,2077.27001953125,2097.889892578125,2097.889892578125
2015-07-02,2107.110107421875,2107.330078125,2107.330078125
2015-07-03,2107.510009765625,2104.409912109375,2104.409912109375
2015-07-06,2076.06005859375,2053.929931640625,2053.929931640625
2015-07-07,2067.0400390625,2040.2900390625,2040.2900390625
2015-07-08,2045.8800048828125,2016.2099609375,2016.2099609375
2015-07-09,2000.18994140625,2027.81005859375,2027.81005859375
2015-07-10,2036.8900146484373,2031.1700439453125,2031.1700439453125
2015-07-13,2033.25,2061.52001953125,2061.52001953125
2015-07-14,2070.43994140625,2059.22998046875,2059.22998046875
2015-07-15,2068.3798828125,2072.909912109375,2072.909912109375
2015-07-16,2073.2900390625,2087.889892578125,2087.889892578125
2015-07-17,2101.219970703125,2076.7900390625,2076.7900390625
2015-07-20,2077.090087890625,2073.31005859375,2073.31005859375
2015-07-21,2082.179931640625,2083.6201171875,2083.6201171875
2015-07-22,2071.06005859375,2064.72998046875,2064.72998046875
2015-07-23,2068.929931640625,2065.070068359375,2065.070068359375
2015-07-24,2060.659912109375,2045.9599609375,2045.9599609375
2015-07-27,2034.8199462890625,2038.81005859375,2038.81005859375
2015-07-28,2026.3299560546875,2039.0999755859373,2039.0999755859373
2015-07-29,2053.6201171875,2037.6199951171875,2037.6199951171875
2015-07-30,2040.239990234375,2019.030029296875,2019.030029296875
2015-07-31,2026.97998046875,2030.1600341796875,2030.1600341796875
2015-08-03,2026.25,2008.489990234375,2008.489990234375
2015-08-04,2007.75,2027.989990234375,2027.989990234375
2015-08-05,2027.219970703125,2029.760009765625,2029.760009765625
2015-08-06,2037.260009765625,2013.2900390625,2013.2900390625
2015-08-07,2009.3900146484373,2010.22998046875,2010.22998046875
2015-08-10,2008.43994140625,2003.1700439453125,2003.1700439453125
2015-08-11,2020.1500244140625,1986.6500244140625,1986.6500244140625
2015-08-12,1980.0400390625,1975.469970703125,1975.469970703125
2015-08-13,1975.469970703125,1983.4599609375,1983.4599609375
2015-08-17,1991.050048828125,1968.52001953125,1968.52001953125
2015-08-18,1977.6099853515625,1956.260009765625,1956.260009765625
2015-08-19,1954.56005859375,1939.3800048828125,1939.3800048828125
2015-08-20,1929.4300537109373,1914.550048828125,1914.550048828125
2015-08-21,1862.7900390625,1876.0699462890625,1876.0699462890625
2015-08-24,1860.030029296875,1829.81005859375,1829.81005859375
2015-08-25,1840.93994140625,1846.6300048828125,1846.6300048828125
2015-08-26,1843.699951171875,1894.0899658203125,1894.0899658203125
2015-08-27,1912.4200439453125,1908.0,1908.0
2015-08-28,1932.3900146484373,1937.6700439453125,1937.6700439453125
2015-08-31,1934.1199951171875,1941.489990234375,1941.489990234375
2015-09-01,1934.43994140625,1914.22998046875,1914.22998046875
2015-09-02,1886.1400146484373,1915.219970703125,1915.219970703125
2015-09-03,1929.780029296875,1915.530029296875,1915.530029296875
2015-09-04,1921.81005859375,1886.0400390625,1886.0400390625
2015-09-07,1883.3599853515625,1883.219970703125,1883.219970703125
2015-09-08,1889.1400146484373,1878.6800537109373,1878.6800537109373
2015-09-09,1903.280029296875,1934.199951171875,1934.199951171875
2015-09-10,1918.4200439453125,1962.1099853515625,1962.1099853515625
2015-09-11,1942.8800048828125,1941.3699951171875,1941.3699951171875
2015-09-14,1947.6500244140625,1931.4599609375,1931.4599609375
2015-09-15,1930.43994140625,1937.56005859375,1937.56005859375
2015-09-16,1949.489990234375,1975.449951171875,1975.449951171875
2015-09-17,1989.0699462890625,1976.489990234375,1976.489990234375
2015-09-18,1978.3900146484373,1995.949951171875,1995.949951171875
2015-09-21,1973.239990234375,1964.6800537109373,1964.6800537109373
2015-09-22,1973.5400390625,1982.06005859375,1982.06005859375
2015-09-23,1960.3299560546875,1944.6400146484373,1944.6400146484373
2015-09-24,1956.93994140625,1947.0999755859373,1947.0999755859373
2015-09-25,1948.300048828125,1942.8499755859373,1942.8499755859373
2015-09-30,1915.4599609375,1962.81005859375,1962.81005859375
2015-10-01,1963.550048828125,1979.3199462890625,1979.3199462890625
2015-10-02,1979.4100341796875,1969.6800537109373,1969.6800537109373
2015-10-05,1981.5999755859373,1978.25,1978.25
2015-10-06,1996.2900390625,1990.6500244140625,1990.6500244140625
2015-10-07,1995.8699951171875,2005.8399658203125,2005.8399658203125
2015-10-08,2016.3599853515625,2019.530029296875,2019.530029296875
2015-10-12,2022.3299560546875,2021.6300048828125,2021.6300048828125
2015-10-13,2021.199951171875,2019.050048828125,2019.050048828125
2015-10-14,2014.469970703125,2009.550048828125,2009.550048828125
2015-10-15,2008.2900390625,2033.27001953125,2033.27001953125
2015-10-16,2037.97998046875,2030.260009765625,2030.260009765625
2015-10-19,2032.3599853515625,2030.27001953125,2030.27001953125
2015-10-20,2031.5,2039.3599853515625,2039.3599853515625
2015-10-21,2039.25,2042.97998046875,2042.97998046875
2015-10-22,2040.4300537109373,2023.0,2023.0
2015-10-23,2043.6700439453125,2040.4000244140625,2040.4000244140625
2015-10-26,2049.409912109375,2048.080078125,2048.080078125
2015-10-27,2043.52001953125,2044.6500244140625,2044.6500244140625
2015-10-28,2045.6700439453125,2042.510009765625,2042.510009765625
2015-10-29,2050.969970703125,2034.1600341796875,2034.1600341796875
2015-10-30,2034.780029296875,2029.469970703125,2029.469970703125
2015-11-02,2033.1500244140625,2035.239990234375,2035.239990234375
2015-11-03,2042.5999755859373,2048.39990234375,2048.39990234375
2015-11-04,2053.510009765625,2052.77001953125,2052.77001953125
2015-11-05,2049.300048828125,2049.409912109375,2049.409912109375
2015-11-06,2048.169921875,2041.0699462890625,2041.0699462890625
2015-11-09,2038.5899658203125,2025.699951171875,2025.699951171875
2015-11-10,2015.449951171875,1996.5899658203125,1996.5899658203125
2015-11-11,1993.81005859375,1997.27001953125,1997.27001953125
2015-11-12,1997.3199462890625,1993.3599853515625,1993.3599853515625
2015-11-13,1975.969970703125,1973.2900390625,1973.2900390625
2015-11-16,1945.6800537109373,1943.02001953125,1943.02001953125
2015-11-17,1967.3599853515625,1963.5799560546875,1963.5799560546875
2015-11-18,1967.25,1962.8800048828125,1962.8800048828125
2015-11-19,1976.93994140625,1988.9100341796875,1988.9100341796875
2015-11-20,1988.9599609375,1989.8599853515625,1989.8599853515625
2015-11-23,1995.9200439453125,2003.699951171875,2003.699951171875
2015-11-24,2004.2900390625,2016.2900390625,2016.2900390625
2015-11-25,2018.239990234375,2009.4200439453125,2009.4200439453125
2015-11-26,2014.8800048828125,2030.6800537109373,2030.6800537109373
2015-11-27,2038.7099609375,2028.989990234375,2028.989990234375
2015-11-30,2022.3800048828125,1991.969970703125,1991.969970703125
2015-12-01,2001.510009765625,2023.9300537109373,2023.9300537109373
2015-12-02,2026.0799560546875,2009.2900390625,2009.2900390625
2015-12-03,2000.199951171875,1994.0699462890625,1994.0699462890625
2015-12-04,1972.1600341796875,1974.4000244140625,1974.4000244140625
2015-12-07,1987.6199951171875,1963.6700439453125,1963.6700439453125
2015-12-08,1964.219970703125,1949.0400390625,1949.0400390625
2015-12-09,1951.3900146484373,1948.239990234375,1948.239990234375
2015-12-10,1947.2099609375,1952.0699462890625,1952.0699462890625
2015-12-11,1952.8199462890625,1948.6199951171875,1948.6199951171875
2015-12-14,1926.3599853515625,1927.8199462890625,1927.8199462890625
2015-12-15,1935.8199462890625,1932.969970703125,1932.969970703125
2015-12-16,1950.1500244140625,1969.4000244140625,1969.4000244140625
2015-12-17,1984.06005859375,1977.9599609375,1977.9599609375
2015-12-18,1960.3199462890625,1975.3199462890625,1975.3199462890625
2015-12-21,1974.260009765625,1981.18994140625,1981.18994140625
2015-12-22,1984.3699951171875,1992.56005859375,1992.56005859375
2015-12-23,1994.199951171875,1999.219970703125,1999.219970703125
2015-12-24,2009.3399658203125,1990.6500244140625,1990.6500244140625
2015-12-28,1990.5899658203125,1964.06005859375,1964.06005859375
2015-12-29,1956.489990234375,1966.31005859375,1966.31005859375
2015-12-30,1973.030029296875,1961.31005859375,1961.31005859375
2016-01-04,1954.469970703125,1918.760009765625,1918.760009765625
2016-01-05,1911.9300537109373,1930.530029296875,1930.530029296875
2016-01-06,1934.25,1925.4300537109373,1925.4300537109373
2016-01-07,1915.7099609375,1904.3299560546875,1904.3299560546875
2016-01-08,1889.4200439453125,1917.6199951171875,1917.6199951171875
2016-01-11,1897.1800537109373,1894.8399658203125,1894.8399658203125
2016-01-12,1907.6099853515625,1890.8599853515625,1890.8599853515625
2016-01-13,1904.3299560546875,1916.280029296875,1916.280029296875
2016-01-14,1893.1800537109373,1900.010009765625,1900.010009765625
2016-01-15,1915.8299560546875,1878.8699951171875,1878.8699951171875
2016-01-18,1856.030029296875,1878.449951171875,1878.449951171875
2016-01-19,1879.800048828125,1889.6400146484373,1889.6400146484373
2016-01-20,1885.3599853515625,1845.449951171875,1845.449951171875
2016-01-21,1848.0999755859373,1840.530029296875,1840.530029296875
2016-01-22,1860.300048828125,1879.4300537109373,1879.4300537109373
2016-01-25,1890.1500244140625,1893.4300537109373,1893.4300537109373
2016-01-26,1881.8699951171875,1871.68994140625,1871.68994140625
2016-01-27,1888.0699462890625,1897.8699951171875,1897.8699951171875
2016-01-28,1885.3800048828125,1906.93994140625,1906.93994140625
2016-01-29,1905.010009765625,1912.06005859375,1912.06005859375
2016-02-01,1919.6199951171875,1924.8199462890625,1924.8199462890625
2016-02-02,1914.9599609375,1906.5999755859373,1906.5999755859373
2016-02-03,1893.8299560546875,1890.6700439453125,1890.6700439453125
2016-02-04,1900.47998046875,1916.260009765625,1916.260009765625
2016-02-05,1914.550048828125,1917.7900390625,1917.7900390625
2016-02-11,1872.6800537109373,1861.5400390625,1861.5400390625
2016-02-12,1850.6700439453125,1835.280029296875,1835.280029296875
2016-02-15,1857.3299560546875,1862.199951171875,1862.199951171875
2016-02-16,1870.0999755859373,1888.300048828125,1888.300048828125
2016-02-17,1889.4100341796875,1883.93994140625,1883.93994140625
2016-02-18,1909.4000244140625,1908.8399658203125,1908.8399658203125
2016-02-19,1904.5,1916.239990234375,1916.239990234375
2016-02-22,1911.56005859375,1916.3599853515625,1916.3599853515625
2016-02-23,1928.8499755859373,1914.219970703125,1914.219970703125
2016-02-24,1908.7099609375,1912.530029296875,1912.530029296875
2016-02-25,1919.0799560546875,1918.5699462890625,1918.5699462890625
2016-02-26,1927.0999755859373,1920.1600341796875,1920.1600341796875
2016-02-29,1921.760009765625,1916.6600341796875,1916.6600341796875
2016-03-02,1944.27001953125,1947.4200439453125,1947.4200439453125
2016-03-03,1957.8299560546875,1958.1700439453125,1958.1700439453125
2016-03-04,1956.010009765625,1955.6300048828125,1955.6300048828125
2016-03-07,1961.260009765625,1957.8699951171875,1957.8699951171875
2016-03-08,1958.93994140625,1946.1199951171875,1946.1199951171875
2016-03-09,1940.550048828125,1952.949951171875,1952.949951171875
2016-03-10,1958.8699951171875,1969.3299560546875,1969.3299560546875
2016-03-11,1968.300048828125,1971.4100341796875,1971.4100341796875
2016-03-14,1985.739990234375,1972.27001953125,1972.27001953125
2016-03-15,1975.6099853515625,1969.969970703125,1969.969970703125
2016-03-16,1971.5799560546875,1974.9000244140625,1974.9000244140625
2016-03-17,1984.68994140625,1987.989990234375,1987.989990234375
2016-03-18,1996.31005859375,1992.1199951171875,1992.1199951171875
2016-03-21,1999.25,1989.760009765625,1989.760009765625
2016-03-22,1993.3699951171875,1996.81005859375,1996.81005859375
2016-03-23,1996.469970703125,1995.1199951171875,1995.1199951171875
2016-03-24,1988.4599609375,1985.969970703125,1985.969970703125
2016-03-25,1991.06005859375,1983.81005859375,1983.81005859375
2016-03-28,1984.9300537109373,1982.5400390625,1982.5400390625
2016-03-29,1986.9300537109373,1994.9100341796875,1994.9100341796875
2016-03-30,2005.239990234375,2002.1400146484373,2002.1400146484373
2016-03-31,2005.719970703125,1995.8499755859373,1995.8499755859373
2016-04-01,1994.77001953125,1973.5699462890625,1973.5699462890625
2016-04-04,1974.72998046875,1978.969970703125,1978.969970703125
2016-04-05,1972.3800048828125,1962.739990234375,1962.739990234375
2016-04-06,1963.1700439453125,1971.3199462890625,1971.3199462890625
2016-04-07,1978.75,1973.8900146484373,1973.8900146484373
2016-04-08,1961.2900390625,1972.050048828125,1972.050048828125
2016-04-11,1972.25,1970.3699951171875,1970.3699951171875
2016-04-12,1970.5,1981.3199462890625,1981.3199462890625
2016-04-14,2004.1500244140625,2015.9300537109373,2015.9300537109373
2016-04-15,2013.3800048828125,2014.7099609375,2014.7099609375
2016-04-18,2001.3499755859373,2009.0999755859373,2009.0999755859373
2016-04-19,2015.0999755859373,2011.3599853515625,2011.3599853515625
2016-04-20,2017.050048828125,2005.8299560546875,2005.8299560546875
2016-04-21,2014.5999755859373,2022.0999755859373,2022.0999755859373
2016-04-22,2014.9300537109373,2015.489990234375,2015.489990234375
2016-04-25,2016.050048828125,2014.550048828125,2014.550048828125
2016-04-26,2013.260009765625,2019.6300048828125,2019.6300048828125
2016-04-27,2019.31005859375,2015.4000244140625,2015.4000244140625
2016-04-28,2020.8299560546875,2000.9300537109373,2000.9300537109373
2016-04-29,1998.6800537109373,1994.1500244140625,1994.1500244140625
2016-05-02,1991.8399658203125,1978.1500244140625,1978.1500244140625
2016-05-03,1988.3399658203125,1986.4100341796875,1986.4100341796875
2016-05-04,1978.239990234375,1976.7099609375,1976.7099609375
2016-05-09,1974.52001953125,1967.81005859375,1967.81005859375
2016-05-10,1965.8599853515625,1982.5,1982.5
2016-05-11,1989.1700439453125,1980.0999755859373,1980.0999755859373
2016-05-12,1973.280029296875,1977.489990234375,1977.489990234375
2016-05-13,1979.969970703125,1966.989990234375,1966.989990234375
2016-05-16,1961.9100341796875,1967.9100341796875,1967.9100341796875
2016-05-17,1973.8599853515625,1968.06005859375,1968.06005859375
2016-05-18,1962.780029296875,1956.72998046875,1956.72998046875
2016-05-19,1953.9100341796875,1946.780029296875,1946.780029296875
2016-05-20,1943.8399658203125,1947.6700439453125,1947.6700439453125
2016-05-23,1954.260009765625,1955.25,1955.25
2016-05-24,1951.1800537109373,1937.6800537109373,1937.6800537109373
2016-05-25,1953.6300048828125,1960.510009765625,1960.510009765625
2016-05-26,1965.81005859375,1957.06005859375,1957.06005859375
2016-05-27,1962.3299560546875,1969.1700439453125,1969.1700439453125
2016-05-30,1969.719970703125,1967.1300048828125,1967.1300048828125
2016-05-31,1962.469970703125,1983.4000244140625,1983.4000244140625
2016-06-01,1976.8699951171875,1982.719970703125,1982.719970703125
2016-06-02,1983.8599853515625,1985.1099853515625,1985.1099853515625
2016-06-03,1991.5799560546875,1985.8399658203125,1985.8399658203125
2016-06-07,1993.0799560546875,2011.6300048828125,2011.6300048828125
2016-06-08,2013.719970703125,2027.0799560546875,2027.0799560546875
2016-06-09,2028.02001953125,2024.1700439453125,2024.1700439453125
2016-06-10,2022.77001953125,2017.6300048828125,2017.6300048828125
2016-06-13,2001.030029296875,1979.06005859375,1979.06005859375
2016-06-14,1976.800048828125,1972.030029296875,1972.030029296875
2016-06-15,1972.0,1968.8299560546875,1968.8299560546875
2016-06-16,1971.530029296875,1951.989990234375,1951.989990234375
2016-06-17,1966.22998046875,1953.4000244140625,1953.4000244140625
2016-06-20,1974.4300537109373,1981.1199951171875,1981.1199951171875
2016-06-21,1977.800048828125,1982.699951171875,1982.699951171875
2016-06-22,1981.780029296875,1992.5799560546875,1992.5799560546875
2016-06-23,1989.4200439453125,1986.7099609375,1986.7099609375
2016-06-24,2001.550048828125,1925.239990234375,1925.239990234375
2016-06-27,1901.8499755859373,1926.8499755859373,1926.8499755859373
2016-06-28,1907.7099609375,1936.219970703125,1936.219970703125
2016-06-29,1946.31005859375,1956.3599853515625,1956.3599853515625
2016-06-30,1971.5400390625,1970.3499755859373,1970.3499755859373
2016-07-01,1977.3599853515625,1987.3199462890625,1987.3199462890625
2016-07-04,1989.43994140625,1995.300048828125,1995.300048828125
2016-07-05,1995.68994140625,1989.8499755859373,1989.8499755859373
2016-07-06,1980.1099853515625,1953.1199951171875,1953.1199951171875
2016-07-07,1963.300048828125,1974.0799560546875,1974.0799560546875
2016-07-08,1972.280029296875,1963.0999755859373,1963.0999755859373
2016-07-11,1979.3599853515625,1988.5400390625,1988.5400390625
2016-07-12,1991.1300048828125,1991.22998046875,1991.22998046875
2016-07-13,2007.6500244140625,2005.550048828125,2005.550048828125
2016-07-14,2004.1199951171875,2008.77001953125,2008.77001953125
2016-07-15,2015.3699951171875,2017.260009765625,2017.260009765625
2016-07-18,2018.219970703125,2021.1099853515625,2021.1099853515625
2016-07-19,2022.800048828125,2016.8900146484373,2016.8900146484373
2016-07-20,2013.4000244140625,2015.4599609375,2015.4599609375
2016-07-21,2019.3599853515625,2012.219970703125,2012.219970703125
2016-07-22,2005.3699951171875,2010.3399658203125,2010.3399658203125
2016-07-25,2014.739990234375,2012.3199462890625,2012.3199462890625
2016-07-26,2009.4000244140625,2027.3399658203125,2027.3399658203125
2016-07-27,2027.0699462890625,2025.050048828125,2025.050048828125
2016-07-28,2029.0699462890625,2021.0999755859373,2021.0999755859373
2016-07-29,2023.239990234375,2016.18994140625,2016.18994140625
2016-08-01,2024.7099609375,2029.6099853515625,2029.6099853515625
2016-08-02,2023.550048828125,2019.030029296875,2019.030029296875
2016-08-03,2008.6800537109373,1994.7900390625,1994.7900390625
2016-08-04,2006.0799560546875,2000.030029296875,2000.030029296875
2016-08-05,2006.22998046875,2017.93994140625,2017.93994140625
2016-08-08,2025.550048828125,2031.1199951171875,2031.1199951171875
2016-08-09,2033.52001953125,2043.780029296875,2043.780029296875
2016-08-10,2043.030029296875,2044.6400146484373,2044.6400146484373
2016-08-11,2042.6400146484373,2048.800048828125,2048.800048828125
2016-08-12,2053.820068359375,2050.469970703125,2050.469970703125
2016-08-16,2056.0,2047.760009765625,2047.760009765625
2016-08-17,2045.3699951171875,2043.75,2043.75
2016-08-18,2048.14990234375,2055.469970703125,2055.469970703125
2016-08-19,2057.89990234375,2056.239990234375,2056.239990234375
2016-08-22,2054.3701171875,2042.1600341796875,2042.1600341796875
2016-08-23,2044.27001953125,2049.929931640625,2049.929931640625
2016-08-24,2050.820068359375,2043.760009765625,2043.760009765625
2016-08-25,2041.5799560546875,2042.9200439453125,2042.9200439453125
2016-08-26,2036.739990234375,2037.5,2037.5
2016-08-29,2028.6400146484373,2032.3499755859373,2032.3499755859373
2016-08-30,2038.5999755859373,2039.739990234375,2039.739990234375
2016-08-31,2038.5799560546875,2034.6500244140625,2034.6500244140625
2016-09-01,2022.9599609375,2032.719970703125,2032.719970703125
2016-09-02,2033.9200439453125,2038.31005859375,2038.31005859375
2016-09-05,2049.18994140625,2060.080078125,2060.080078125
2016-09-06,2058.2099609375,2066.530029296875,2066.530029296875
2016-09-07,2068.81005859375,2061.8798828125,2061.8798828125
2016-09-08,2064.9599609375,2063.72998046875,2063.72998046875
2016-09-09,2048.93994140625,2037.8699951171875,2037.8699951171875
2016-09-12,2003.6700439453125,1991.47998046875,1991.47998046875
2016-09-13,2011.9300537109373,1999.3599853515625,1999.3599853515625
2016-09-19,1997.4300537109373,2015.780029296875,2015.780029296875
2016-09-20,2014.5,2025.7099609375,2025.7099609375
2016-09-21,2022.81005859375,2035.989990234375,2035.989990234375
2016-09-22,2050.31005859375,2049.699951171875,2049.699951171875
2016-09-23,2053.219970703125,2054.070068359375,2054.070068359375
2016-09-26,2052.760009765625,2047.1099853515625,2047.1099853515625
2016-09-27,2037.3199462890625,2062.820068359375,2062.820068359375
2016-09-28,2062.570068359375,2053.06005859375,2053.06005859375
2016-09-29,2063.739990234375,2068.719970703125,2068.719970703125
2016-09-30,2054.25,2043.6300048828125,2043.6300048828125
2016-10-04,2056.93994140625,2054.860107421875,2054.860107421875
2016-10-05,2043.3699951171875,2053.0,2053.0
2016-10-06,2069.300048828125,2065.300048828125,2065.300048828125
2016-10-07,2065.949951171875,2053.800048828125,2053.800048828125
2016-10-10,2047.18994140625,2056.820068359375,2056.820068359375
2016-10-11,2053.2900390625,2031.9300537109373,2031.9300537109373
2016-10-12,2022.969970703125,2033.72998046875,2033.72998046875
2016-10-13,2033.989990234375,2015.43994140625,2015.43994140625
2016-10-14,2021.6600341796875,2022.6600341796875,2022.6600341796875
2016-10-17,2028.9300537109373,2027.6099853515625,2027.6099853515625
2016-10-18,2027.81005859375,2040.4300537109373,2040.4300537109373
2016-10-19,2036.1800537109373,2040.93994140625,2040.93994140625
2016-10-20,2044.1199951171875,2040.5999755859373,2040.5999755859373
2016-10-21,2039.4000244140625,2033.0,2033.0
2016-10-24,2037.18994140625,2047.739990234375,2047.739990234375
2016-10-25,2042.2900390625,2037.1700439453125,2037.1700439453125
2016-10-26,2030.3699951171875,2013.8900146484373,2013.8900146484373
2016-10-27,2018.239990234375,2024.1199951171875,2024.1199951171875
2016-10-28,2021.969970703125,2019.4200439453125,2019.4200439453125
2016-10-31,2011.2900390625,2008.18994140625,2008.18994140625
2016-11-01,2003.4100341796875,2007.3900146484373,2007.3900146484373
2016-11-02,1995.4100341796875,1978.93994140625,1978.93994140625
2016-11-03,1974.9300537109373,1983.800048828125,1983.800048828125
2016-11-04,1983.8699951171875,1982.02001953125,1982.02001953125
2016-11-07,1997.5799560546875,1997.5799560546875,1997.5799560546875
2016-11-08,2009.56005859375,2003.3800048828125,2003.3800048828125
2016-11-09,2008.0799560546875,1958.3800048828125,1958.3800048828125
2016-11-10,1989.8499755859373,2002.5999755859373,2002.5999755859373
2016-11-11,1988.8699951171875,1984.4300537109373,1984.4300537109373
2016-11-14,1982.9300537109373,1974.4000244140625,1974.4000244140625
2016-11-15,1977.3299560546875,1967.530029296875,1967.530029296875
2016-11-16,1980.8199462890625,1979.6500244140625,1979.6500244140625
2016-11-17,1976.2099609375,1980.550048828125,1980.550048828125
2016-11-18,1983.0699462890625,1974.5799560546875,1974.5799560546875
2016-11-21,1971.030029296875,1966.050048828125,1966.050048828125
2016-11-22,1976.0699462890625,1983.469970703125,1983.469970703125
2016-11-23,1987.6400146484373,1987.949951171875,1987.949951171875
2016-11-24,1985.1099853515625,1971.260009765625,1971.260009765625
2016-11-25,1972.5999755859373,1974.4599609375,1974.4599609375
2016-11-28,1976.5799560546875,1978.1300048828125,1978.1300048828125
2016-11-29,1977.0999755859373,1978.3900146484373,1978.3900146484373
2016-11-30,1980.3800048828125,1983.47998046875,1983.47998046875
2016-12-01,1987.47998046875,1983.75,1983.75
2016-12-02,1980.1400146484373,1970.6099853515625,1970.6099853515625
2016-12-05,1965.7099609375,1963.3599853515625,1963.3599853515625
2016-12-06,1976.510009765625,1989.8599853515625,1989.8599853515625
2016-12-07,1995.68994140625,1991.8900146484373,1991.8900146484373
2016-12-08,2008.31005859375,2031.0699462890625,2031.0699462890625
2016-12-09,2024.52001953125,2024.68994140625,2024.68994140625
2016-12-12,2031.949951171875,2027.239990234375,2027.239990234375
2016-12-13,2026.3900146484373,2035.97998046875,2035.97998046875
2016-12-14,2043.0699462890625,2036.8699951171875,2036.8699951171875
2016-12-15,2022.1400146484373,2036.6500244140625,2036.6500244140625
2016-12-16,2037.3499755859373,2042.239990234375,2042.239990234375
2016-12-19,2039.4000244140625,2038.3900146484373,2038.3900146484373
2016-12-20,2044.8699951171875,2041.93994140625,2041.93994140625
2016-12-21,2049.469970703125,2037.9599609375,2037.9599609375
2016-12-22,2041.6099853515625,2035.72998046875,2035.72998046875
2016-12-23,2036.1700439453125,2035.9000244140625,2035.9000244140625
2016-12-26,2038.3299560546875,2037.75,2037.75
2016-12-27,2040.739990234375,2042.1700439453125,2042.1700439453125
2016-12-28,2021.8599853515625,2024.489990234375,2024.489990234375
2016-12-29,2020.4200439453125,2026.4599609375,2026.4599609375
2017-01-02,2022.22998046875,2026.1600341796875,2026.1600341796875
2017-01-03,2034.31005859375,2043.969970703125,2043.969970703125
2017-01-04,2046.2900390625,2045.6400146484373,2045.6400146484373
2017-01-05,2045.52001953125,2041.949951171875,2041.949951171875
2017-01-06,2048.110107421875,2049.1201171875,2049.1201171875
2017-01-09,2053.179931640625,2048.780029296875,2048.780029296875
2017-01-10,2043.300048828125,2045.1199951171875,2045.1199951171875
2017-01-11,2048.080078125,2075.169921875,2075.169921875
2017-01-12,2077.68994140625,2087.139892578125,2087.139892578125
2017-01-13,2077.1201171875,2076.7900390625,2076.7900390625
2017-01-16,2077.030029296875,2064.169921875,2064.169921875
2017-01-17,2067.52001953125,2071.8701171875,2071.8701171875
2017-01-18,2073.77001953125,2070.5400390625,2070.5400390625
2017-01-19,2085.610107421875,2072.7900390625,2072.7900390625
2017-01-20,2065.5400390625,2065.610107421875,2065.610107421875
2017-01-23,2067.6201171875,2065.989990234375,2065.989990234375
2017-01-24,2070.219970703125,2065.760009765625,2065.760009765625
2017-01-25,2075.330078125,2066.93994140625,2066.93994140625
2017-01-26,2074.77001953125,2083.590087890625,2083.590087890625
2017-01-31,2077.659912109375,2067.570068359375,2067.570068359375
2017-02-01,2075.31005859375,2080.47998046875,2080.47998046875
2017-02-02,2080.22998046875,2071.010009765625,2071.010009765625
2017-02-03,2075.89990234375,2073.159912109375,2073.159912109375
2017-02-06,2085.72998046875,2077.659912109375,2077.659912109375
2017-02-07,2077.800048828125,2075.2099609375,2075.2099609375
2017-02-08,2072.580078125,2065.080078125,2065.080078125
2017-02-09,2067.14990234375,2065.8798828125,2065.8798828125
2017-02-10,2075.800048828125,2075.080078125,2075.080078125
2017-02-13,2074.93994140625,2078.64990234375,2078.64990234375
2017-02-14,2079.300048828125,2074.570068359375,2074.570068359375
2017-02-15,2073.60009765625,2083.860107421875,2083.860107421875
2017-02-16,2088.090087890625,2081.840087890625,2081.840087890625
2017-02-17,2072.570068359375,2080.580078125,2080.580078125
2017-02-20,2084.159912109375,2084.389892578125,2084.389892578125
2017-02-21,2085.969970703125,2102.929931640625,2102.929931640625
2017-02-22,2106.419921875,2106.610107421875,2106.610107421875
2017-02-23,2106.14990234375,2107.6298828125,2107.6298828125
2017-02-24,2106.429931640625,2094.1201171875,2094.1201171875
2017-02-27,2095.469970703125,2085.52001953125,2085.52001953125
2017-02-28,2087.260009765625,2091.639892578125,2091.639892578125
2017-03-02,2105.18994140625,2102.64990234375,2102.64990234375
2017-03-03,2090.919921875,2078.75,2078.75
2017-03-06,2073.199951171875,2081.360107421875,2081.360107421875
2017-03-07,2080.77001953125,2094.050048828125,2094.050048828125
2017-03-08,2092.27001953125,2095.409912109375,2095.409912109375
2017-03-09,2098.2900390625,2091.06005859375,2091.06005859375
2017-03-10,2088.669921875,2097.35009765625,2097.35009765625
2017-03-13,2102.3701171875,2117.590087890625,2117.590087890625
2017-03-14,2127.1201171875,2133.780029296875,2133.780029296875
2017-03-15,2128.419921875,2133.0,2133.0
2017-03-16,2154.97998046875,2150.080078125,2150.080078125
2017-03-17,2150.469970703125,2164.580078125,2164.580078125
2017-03-20,2160.320068359375,2157.010009765625,2157.010009765625
2017-03-21,2162.949951171875,2178.3798828125,2178.3798828125
2017-03-22,2159.969970703125,2168.300048828125,2168.300048828125
2017-03-23,2174.090087890625,2172.719970703125,2172.719970703125
2017-03-24,2171.360107421875,2168.949951171875,2168.949951171875
2017-03-27,2161.169921875,2155.659912109375,2155.659912109375
2017-03-28,2166.580078125,2163.31005859375,2163.31005859375
2017-03-29,2172.31005859375,2166.97998046875,2166.97998046875
2017-03-30,2170.179931640625,2164.639892578125,2164.639892578125
2017-03-31,2166.6201171875,2160.22998046875,2160.22998046875
2017-04-03,2166.0400390625,2167.510009765625,2167.510009765625
2017-04-04,2165.22998046875,2161.10009765625,2161.10009765625
2017-04-05,2161.89990234375,2160.85009765625,2160.85009765625
2017-04-06,2152.639892578125,2152.75,2152.75
2017-04-07,2154.8701171875,2151.72998046875,2151.72998046875
2017-04-10,2148.830078125,2133.320068359375,2133.320068359375
2017-04-11,2129.22998046875,2123.85009765625,2123.85009765625
2017-04-12,2128.169921875,2128.909912109375,2128.909912109375
2017-04-13,2130.639892578125,2148.610107421875,2148.610107421875
2017-04-14,2138.280029296875,2134.8798828125,2134.8798828125
2017-04-17,2140.8701171875,2145.760009765625,2145.760009765625
2017-04-18,2155.360107421875,2148.4599609375,2148.4599609375
2017-04-19,2144.97998046875,2138.39990234375,2138.39990234375
2017-04-20,2138.18994140625,2149.14990234375,2149.14990234375
2017-04-21,2161.239990234375,2165.0400390625,2165.0400390625
2017-04-24,2175.5,2173.739990234375,2173.739990234375
2017-04-25,2175.699951171875,2196.85009765625,2196.85009765625
2017-04-26,2202.3701171875,2207.840087890625,2207.840087890625
2017-04-27,2201.719970703125,2209.4599609375,2209.4599609375
2017-04-28,2214.360107421875,2205.43994140625,2205.43994140625
2017-05-02,2213.610107421875,2219.669921875,2219.669921875
2017-05-04,2224.909912109375,2241.239990234375,2241.239990234375
2017-05-08,2245.610107421875,2292.760009765625,2292.760009765625
2017-05-10,2294.10009765625,2270.1201171875,2270.1201171875
2017-05-11,2278.469970703125,2296.3701171875,2296.3701171875
2017-05-12,2296.06005859375,2286.02001953125,2286.02001953125
2017-05-15,2288.22998046875,2290.64990234375,2290.64990234375
2017-05-16,2306.72998046875,2295.330078125,2295.330078125
2017-05-17,2291.56005859375,2293.080078125,2293.080078125
2017-05-18,2271.27001953125,2286.820068359375,2286.820068359375
2017-05-19,2286.780029296875,2288.47998046875,2288.47998046875
2017-05-22,2300.679931640625,2304.030029296875,2304.030029296875
2017-05-23,2308.68994140625,2311.739990234375,2311.739990234375
2017-05-24,2319.3701171875,2317.340087890625,2317.340087890625
2017-05-25,2325.489990234375,2342.929931640625,2342.929931640625
2017-05-26,2344.389892578125,2355.300048828125,2355.300048828125
2017-05-29,2362.590087890625,2352.969970703125,2352.969970703125
2017-05-30,2356.5400390625,2343.679931640625,2343.679931640625
2017-05-31,2339.25,2347.3798828125,2347.3798828125
2017-06-01,2348.31005859375,2344.610107421875,2344.610107421875
2017-06-02,2353.77001953125,2371.719970703125,2371.719970703125
2017-06-05,2376.659912109375,2368.6201171875,2368.6201171875
2017-06-07,2364.9599609375,2360.139892578125,2360.139892578125
2017-06-08,2361.639892578125,2363.570068359375,2363.570068359375
2017-06-09,2371.219970703125,2381.68994140625,2381.68994140625
2017-06-12,2370.68994140625,2357.8701171875,2357.8701171875
2017-06-13,2358.919921875,2374.699951171875,2374.699951171875
2017-06-14,2384.5400390625,2372.639892578125,2372.639892578125
2017-06-15,2373.360107421875,2361.64990234375,2361.64990234375
2017-06-16,2364.199951171875,2361.830078125,2361.830078125
2017-06-19,2364.02001953125,2370.89990234375,2370.89990234375
2017-06-20,2382.5400390625,2369.22998046875,2369.22998046875
2017-06-21,2358.22998046875,2357.530029296875,2357.530029296875
2017-06-22,2364.219970703125,2370.3701171875,2370.3701171875
2017-06-23,2371.5400390625,2378.60009765625,2378.60009765625
2017-06-26,2381.090087890625,2388.659912109375,2388.659912109375
2017-06-27,2386.760009765625,2391.949951171875,2391.949951171875
2017-06-28,2382.909912109375,2382.56005859375,2382.56005859375
2017-06-29,2396.81005859375,2395.659912109375,2395.659912109375
2017-06-30,2382.14990234375,2391.7900390625,2391.7900390625
2017-07-03,2397.659912109375,2394.47998046875,2394.47998046875
2017-07-04,2395.239990234375,2380.52001953125,2380.52001953125
2017-07-05,2377.010009765625,2388.35009765625,2388.35009765625
2017-07-06,2390.31005859375,2387.81005859375,2387.81005859375
2017-07-07,2376.2900390625,2379.8701171875,2379.8701171875
2017-07-10,2386.300048828125,2382.10009765625,2382.10009765625
2017-07-11,2386.419921875,2396.0,2396.0
2017-07-12,2395.409912109375,2391.77001953125,2391.77001953125
2017-07-13,2405.760009765625,2409.489990234375,2409.489990234375
2017-07-14,2418.27001953125,2414.6298828125,2414.6298828125
2017-07-17,2427.760009765625,2425.10009765625,2425.10009765625
2017-07-18,2425.070068359375,2426.0400390625,2426.0400390625
2017-07-19,2430.090087890625,2429.93994140625,2429.93994140625
2017-07-20,2436.06005859375,2441.840087890625,2441.840087890625
2017-07-21,2438.780029296875,2450.06005859375,2450.06005859375
2017-07-24,2451.409912109375,2451.530029296875,2451.530029296875
2017-07-25,2450.760009765625,2439.89990234375,2439.89990234375
2017-07-26,2446.820068359375,2434.510009765625,2434.510009765625
2017-07-27,2443.280029296875,2443.239990234375,2443.239990234375
2017-07-28,2433.4599609375,2400.989990234375,2400.989990234375
2017-07-31,2392.02001953125,2402.7099609375,2402.7099609375
2017-08-01,2397.1201171875,2422.9599609375,2422.9599609375
2017-08-02,2431.93994140625,2427.6298828125,2427.6298828125
2017-08-03,2423.2099609375,2386.85009765625,2386.85009765625
2017-08-04,2389.739990234375,2395.449951171875,2395.449951171875
2017-08-07,2402.570068359375,2398.75,2398.75
2017-08-08,2404.679931640625,2394.72998046875,2394.72998046875
2017-08-09,2379.699951171875,2368.389892578125,2368.389892578125
2017-08-10,2360.949951171875,2359.469970703125,2359.469970703125
2017-08-11,2323.06005859375,2319.7099609375,2319.7099609375
2017-08-14,2336.02001953125,2334.219970703125,2334.219970703125
2017-08-16,2355.739990234375,2348.260009765625,2348.260009765625
2017-08-17,2351.610107421875,2361.669921875,2361.669921875
2017-08-18,2340.18994140625,2358.3701171875,2358.3701171875
2017-08-21,2363.3798828125,2355.0,2355.0
2017-08-22,2360.2900390625,2365.330078125,2365.330078125
2017-08-23,2376.530029296875,2366.39990234375,2366.39990234375
2017-08-24,2370.1201171875,2375.840087890625,2375.840087890625
2017-08-25,2381.469970703125,2378.510009765625,2378.510009765625
2017-08-28,2376.3798828125,2370.300048828125,2370.300048828125
2017-08-29,2356.199951171875,2364.739990234375,2364.739990234375
2017-08-30,2368.1298828125,2372.2900390625,2372.2900390625
2017-08-31,2373.9599609375,2363.18994140625,2363.18994140625
2017-09-01,2367.449951171875,2357.68994140625,2357.68994140625
2017-09-04,2316.889892578125,2329.64990234375,2329.64990234375
2017-09-05,2340.6201171875,2326.6201171875,2326.6201171875
2017-09-06,2324.840087890625,2319.820068359375,2319.820068359375
2017-09-07,2328.93994140625,2346.18994140625,2346.18994140625
2017-09-08,2350.18994140625,2343.719970703125,2343.719970703125
2017-09-11,2354.860107421875,2359.080078125,2359.080078125
2017-09-12,2372.02001953125,2365.469970703125,2365.469970703125
2017-09-13,2370.5400390625,2360.179931640625,2360.179931640625
2017-09-14,2365.5400390625,2377.659912109375,2377.659912109375
2017-09-15,2368.43994140625,2386.070068359375,2386.070068359375
2017-09-18,2390.580078125,2418.2099609375,2418.2099609375
2017-09-19,2419.300048828125,2416.050048828125,2416.050048828125
2017-09-20,2420.820068359375,2412.199951171875,2412.199951171875
2017-09-21,2412.010009765625,2406.5,2406.5
2017-09-25,2388.77001953125,2380.39990234375,2380.39990234375
2017-09-26,2371.6201171875,2374.320068359375,2374.320068359375
2017-09-27,2376.889892578125,2372.570068359375,2372.570068359375
2017-09-28,2374.10009765625,2373.139892578125,2373.139892578125
2017-09-29,2378.659912109375,2394.469970703125,2394.469970703125
2017-10-10,2425.6298828125,2433.81005859375,2433.81005859375
2017-10-11,2442.489990234375,2458.159912109375,2458.159912109375
2017-10-12,2461.699951171875,2474.760009765625,2474.760009765625
2017-10-13,2473.64990234375,2473.6201171875,2473.6201171875
2017-10-16,2483.169921875,2480.050048828125,2480.050048828125
2017-10-17,2484.9599609375,2484.3701171875,2484.3701171875
2017-10-18,2481.530029296875,2482.909912109375,2482.909912109375
2017-10-19,2485.719970703125,2473.06005859375,2473.06005859375
2017-10-20,2477.300048828125,2489.5400390625,2489.5400390625
2017-10-23,2497.64990234375,2490.050048828125,2490.050048828125
2017-10-24,2489.31005859375,2490.489990234375,2490.489990234375
2017-10-25,2495.8701171875,2492.5,2492.5
2017-10-26,2489.60009765625,2480.6298828125,2480.6298828125
2017-10-27,2485.43994140625,2496.6298828125,2496.6298828125
2017-10-30,2513.8701171875,2501.929931640625,2501.929931640625
2017-10-31,2500.2099609375,2523.429931640625,2523.429931640625
2017-11-01,2535.969970703125,2556.469970703125,2556.469970703125
2017-11-02,2560.340087890625,2546.360107421875,2546.360107421875
2017-11-03,2558.3701171875,2557.969970703125,2557.969970703125
2017-11-06,2557.2900390625,2549.409912109375,2549.409912109375
2017-11-07,2548.300048828125,2545.43994140625,2545.43994140625
2017-11-08,2534.47998046875,2552.39990234375,2552.39990234375
2017-11-09,2559.929931640625,2550.570068359375,2550.570068359375
2017-11-10,2541.179931640625,2542.949951171875,2542.949951171875
2017-11-13,2548.27001953125,2530.35009765625,2530.35009765625
2017-11-14,2532.550048828125,2526.639892578125,2526.639892578125
2017-11-15,2525.60009765625,2518.25,2518.25
2017-11-16,2522.419921875,2534.7900390625,2534.7900390625
2017-11-17,2546.050048828125,2533.989990234375,2533.989990234375
2017-11-20,2536.800048828125,2527.669921875,2527.669921875
2017-11-21,2533.85009765625,2530.699951171875,2530.699951171875
2017-11-22,2546.610107421875,2540.510009765625,2540.510009765625
2017-11-23,2542.340087890625,2537.14990234375,2537.14990234375
2017-11-24,2539.7900390625,2544.330078125,2544.330078125
2017-11-27,2544.739990234375,2507.81005859375,2507.81005859375
2017-11-28,2512.52001953125,2514.18994140625,2514.18994140625
2017-11-29,2517.260009765625,2512.89990234375,2512.89990234375
2017-11-30,2502.219970703125,2476.3701171875,2476.3701171875
2017-12-01,2488.919921875,2475.409912109375,2475.409912109375
2017-12-04,2486.719970703125,2501.669921875,2501.669921875
2017-12-05,2490.72998046875,2510.1201171875,2510.1201171875
2017-12-06,2510.18994140625,2474.3701171875,2474.3701171875
2017-12-07,2479.550048828125,2461.97998046875,2461.97998046875
2017-12-08,2470.090087890625,2464.0,2464.0
2017-12-11,2467.81005859375,2471.489990234375,2471.489990234375
2017-12-12,2471.22998046875,2461.0,2461.0
2017-12-13,2462.419921875,2480.550048828125,2480.550048828125
2017-12-14,2486.570068359375,2469.47998046875,2469.47998046875
2017-12-15,2488.389892578125,2482.070068359375,2482.070068359375
2017-12-18,2488.830078125,2481.8798828125,2481.8798828125
2017-12-19,2487.830078125,2478.530029296875,2478.530029296875
2017-12-21,2471.340087890625,2429.830078125,2429.830078125
2017-12-22,2437.590087890625,2440.5400390625,2440.5400390625
2017-12-26,2447.669921875,2427.340087890625,2427.340087890625
2017-12-27,2420.860107421875,2436.669921875,2436.669921875
2017-12-28,2439.31005859375,2467.489990234375,2467.489990234375
2018-01-02,2474.860107421875,2479.64990234375,2479.64990234375
2018-01-03,2484.6298828125,2486.35009765625,2486.35009765625
2018-01-04,2502.5,2466.4599609375,2466.4599609375
2018-01-05,2476.85009765625,2497.52001953125,2497.52001953125
2018-01-08,2510.699951171875,2513.280029296875,2513.280029296875
2018-01-09,2510.72998046875,2510.22998046875,2510.22998046875
2018-01-10,2516.330078125,2499.75,2499.75
2018-01-11,2496.860107421875,2487.909912109375,2487.909912109375
2018-01-12,2499.8701171875,2496.419921875,2496.419921875
2018-01-15,2510.969970703125,2503.72998046875,2503.72998046875
2018-01-16,2504.159912109375,2521.739990234375,2521.739990234375
2018-01-17,2517.18994140625,2515.429931640625,2515.429931640625
2018-01-18,2527.669921875,2515.81005859375,2515.81005859375
2018-01-19,2519.669921875,2520.260009765625,2520.260009765625
2018-01-22,2516.89990234375,2502.110107421875,2502.110107421875
2018-01-23,2510.35009765625,2536.60009765625,2536.60009765625
2018-01-24,2533.860107421875,2538.0,2538.0
2018-01-25,2536.9599609375,2562.22998046875,2562.22998046875
2018-01-26,2560.68994140625,2574.760009765625,2574.760009765625
2018-01-29,2588.8701171875,2598.18994140625,2598.18994140625
2018-01-30,2590.409912109375,2567.739990234375,2567.739990234375
2018-01-31,2557.3701171875,2566.4599609375,2566.4599609375
2018-02-01,2578.909912109375,2568.5400390625,2568.5400390625
2018-02-02,2565.989990234375,2525.389892578125,2525.389892578125
2018-02-05,2487.340087890625,2491.75,2491.75
2018-02-06,2437.02001953125,2453.31005859375,2453.31005859375
2018-02-07,2483.719970703125,2396.56005859375,2396.56005859375
2018-02-08,2400.169921875,2407.6201171875,2407.6201171875
2018-02-09,2346.72998046875,2363.77001953125,2363.77001953125
2018-02-12,2380.489990234375,2385.3798828125,2385.3798828125
2018-02-13,2402.889892578125,2395.18994140625,2395.18994140625
2018-02-14,2412.469970703125,2421.830078125,2421.830078125
2018-02-19,2452.52001953125,2442.820068359375,2442.820068359375
2018-02-20,2433.35009765625,2415.1201171875,2415.1201171875
2018-02-21,2417.72998046875,2429.64990234375,2429.64990234375
2018-02-22,2417.179931640625,2414.280029296875,2414.280029296875
2018-02-23,2427.1298828125,2451.52001953125,2451.52001953125
2018-02-26,2465.35009765625,2457.64990234375,2457.64990234375
2018-02-27,2474.080078125,2456.139892578125,2456.139892578125
2018-02-28,2447.110107421875,2427.360107421875,2427.360107421875
2018-03-02,2406.570068359375,2402.159912109375,2402.159912109375
2018-03-05,2405.919921875,2375.06005859375,2375.06005859375
2018-03-06,2400.669921875,2411.409912109375,2411.409912109375
2018-03-07,2413.389892578125,2401.820068359375,2401.820068359375
2018-03-08,2420.669921875,2433.080078125,2433.080078125
2018-03-09,2443.429931640625,2459.449951171875,2459.449951171875
2018-03-12,2485.639892578125,2484.1201171875,2484.1201171875
2018-03-13,2483.050048828125,2494.489990234375,2494.489990234375
2018-03-14,2477.429931640625,2486.080078125,2486.080078125
2018-03-15,2486.0,2492.3798828125,2492.3798828125
2018-03-16,2495.110107421875,2493.969970703125,2493.969970703125
2018-03-19,2491.989990234375,2475.030029296875,2475.030029296875
2018-03-20,2456.800048828125,2485.52001953125,2485.52001953125
2018-03-21,2488.219970703125,2484.969970703125,2484.969970703125
2018-03-22,2494.840087890625,2496.02001953125,2496.02001953125
2018-03-23,2446.72998046875,2416.760009765625,2416.760009765625
2018-03-26,2414.679931640625,2437.080078125,2437.080078125
2018-03-27,2455.0,2452.06005859375,2452.06005859375
2018-03-28,2425.93994140625,2419.2900390625,2419.2900390625
2018-03-29,2421.699951171875,2436.3701171875,2436.3701171875
2018-03-30,2454.10009765625,2445.85009765625,2445.85009765625
2018-04-02,2454.719970703125,2444.159912109375,2444.159912109375
2018-04-03,2422.260009765625,2442.429931640625,2442.429931640625
2018-04-04,2447.969970703125,2408.06005859375,2408.06005859375
2018-04-05,2426.919921875,2437.52001953125,2437.52001953125
2018-04-06,2420.8798828125,2429.580078125,2429.580078125
2018-04-09,2424.14990234375,2444.080078125,2444.080078125
2018-04-10,2439.93994140625,2450.739990234375,2450.739990234375
2018-04-11,2456.530029296875,2444.219970703125,2444.219970703125
2018-04-12,2450.949951171875,2442.7099609375,2442.7099609375
2018-04-13,2449.419921875,2455.070068359375,2455.070068359375
2018-04-16,2466.0400390625,2457.489990234375,2457.489990234375
2018-04-17,2459.389892578125,2453.77001953125,2453.77001953125
2018-04-18,2467.550048828125,2479.97998046875,2479.97998046875
2018-04-19,2483.260009765625,2486.10009765625,2486.10009765625
2018-04-20,2478.590087890625,2476.330078125,2476.330078125
2018-04-23,2473.699951171875,2474.110107421875,2474.110107421875
2018-04-24,2478.469970703125,2464.139892578125,2464.139892578125
2018-04-25,2444.18994140625,2448.81005859375,2448.81005859375
2018-04-26,2460.6201171875,2475.639892578125,2475.639892578125
2018-04-27,2497.75,2492.39990234375,2492.39990234375
2018-04-30,2502.2900390625,2515.3798828125,2515.3798828125
2018-05-02,2515.75,2505.610107421875,2505.610107421875
2018-05-03,2506.93994140625,2487.25,2487.25
2018-05-04,2486.469970703125,2461.3798828125,2461.3798828125
2018-05-08,2468.449951171875,2449.81005859375,2449.81005859375
2018-05-09,2450.7099609375,2443.97998046875,2443.97998046875
2018-05-10,2458.669921875,2464.159912109375,2464.159912109375
2018-05-11,2469.300048828125,2477.7099609375,2477.7099609375
2018-05-14,2482.969970703125,2476.110107421875,2476.110107421875
2018-05-15,2476.8701171875,2458.5400390625,2458.5400390625
2018-05-16,2446.639892578125,2459.820068359375,2459.820068359375
2018-05-17,2468.719970703125,2448.449951171875,2448.449951171875
2018-05-18,2459.72998046875,2460.64990234375,2460.64990234375
2018-05-21,2464.070068359375,2465.570068359375,2465.570068359375
2018-05-23,2462.97998046875,2471.909912109375,2471.909912109375
2018-05-24,2477.47998046875,2466.010009765625,2466.010009765625
2018-05-25,2452.800048828125,2460.800048828125,2460.800048828125
2018-05-28,2465.0,2478.9599609375,2478.9599609375
2018-05-29,2476.699951171875,2457.25,2457.25
2018-05-30,2446.81005859375,2409.030029296875,2409.030029296875
2018-05-31,2428.830078125,2423.010009765625,2423.010009765625
2018-06-01,2419.6298828125,2438.9599609375,2438.9599609375
2018-06-04,2444.6201171875,2447.760009765625,2447.760009765625
2018-06-05,2450.389892578125,2453.760009765625,2453.760009765625
2018-06-07,2468.260009765625,2470.580078125,2470.580078125
2018-06-08,2467.8798828125,2451.580078125,2451.580078125
2018-06-11,2454.25,2470.14990234375,2470.14990234375
2018-06-12,2474.780029296875,2468.830078125,2468.830078125
2018-06-14,2450.860107421875,2423.47998046875,2423.47998046875
2018-06-15,2432.179931640625,2404.0400390625,2404.0400390625
2018-06-18,2404.679931640625,2376.239990234375,2376.239990234375
2018-06-19,2373.1201171875,2340.110107421875,2340.110107421875
2018-06-20,2350.239990234375,2363.909912109375,2363.909912109375
2018-06-21,2364.159912109375,2337.830078125,2337.830078125
2018-06-22,2323.080078125,2357.219970703125,2357.219970703125
2018-06-25,2351.889892578125,2357.8798828125,2357.8798828125
2018-06-26,2334.75,2350.919921875,2350.919921875
2018-06-27,2349.3798828125,2342.030029296875,2342.030029296875
2018-06-28,2327.3701171875,2314.239990234375,2314.239990234375
2018-06-29,2325.679931640625,2326.1298828125,2326.1298828125
2018-07-02,2322.22998046875,2271.5400390625,2271.5400390625
2018-07-03,2285.8798828125,2272.760009765625,2272.760009765625
2018-07-04,2270.949951171875,2265.4599609375,2265.4599609375
2018-07-05,2264.739990234375,2257.550048828125,2257.550048828125
2018-07-06,2261.43994140625,2272.8701171875,2272.8701171875
2018-07-09,2276.919921875,2285.800048828125,2285.800048828125
2018-07-10,2299.090087890625,2294.159912109375,2294.159912109375
2018-07-11,2277.219970703125,2280.6201171875,2280.6201171875
2018-07-12,2285.929931640625,2285.06005859375,2285.06005859375
2018-07-13,2293.070068359375,2310.89990234375,2310.89990234375
2018-07-16,2312.260009765625,2301.989990234375,2301.989990234375
2018-07-17,2302.949951171875,2297.919921875,2297.919921875
2018-07-18,2313.780029296875,2290.110107421875,2290.110107421875
2018-07-19,2298.909912109375,2282.2900390625,2282.2900390625
2018-07-20,2281.360107421875,2289.18994140625,2289.18994140625
2018-07-23,2289.610107421875,2269.31005859375,2269.31005859375
2018-07-24,2273.14990234375,2280.199951171875,2280.199951171875
2018-07-25,2284.3798828125,2273.030029296875,2273.030029296875
2018-07-26,2284.510009765625,2289.06005859375,2289.06005859375
2018-07-27,2292.330078125,2294.989990234375,2294.989990234375
2018-07-30,2290.179931640625,2293.510009765625,2293.510009765625
2018-07-31,2292.22998046875,2295.260009765625,2295.260009765625
2018-08-01,2301.169921875,2307.070068359375,2307.070068359375
2018-08-02,2304.139892578125,2270.199951171875,2270.199951171875
2018-08-03,2278.330078125,2287.679931640625,2287.679931640625
2018-08-06,2288.510009765625,2286.5,2286.5
2018-08-07,2290.85009765625,2300.159912109375,2300.159912109375
2018-08-08,2305.72998046875,2301.449951171875,2301.449951171875
2018-08-09,2303.0400390625,2303.7099609375,2303.7099609375
2018-08-10,2295.2099609375,2282.7900390625,2282.7900390625
2018-08-13,2266.429931640625,2248.449951171875,2248.449951171875
2018-08-14,2249.860107421875,2258.909912109375,2258.909912109375
2018-08-16,2233.050048828125,2240.800048828125,2240.800048828125
2018-08-17,2244.610107421875,2247.050048828125,2247.050048828125
2018-08-20,2257.35009765625,2247.8798828125,2247.8798828125
2018-08-21,2248.0400390625,2270.06005859375,2270.06005859375
2018-08-22,2273.679931640625,2273.330078125,2273.330078125
2018-08-23,2282.570068359375,2282.60009765625,2282.60009765625
2018-08-24,2276.159912109375,2293.2099609375,2293.2099609375
2018-08-27,2297.320068359375,2299.300048828125,2299.300048828125
2018-08-28,2312.139892578125,2303.1201171875,2303.1201171875
2018-08-29,2304.659912109375,2309.030029296875,2309.030029296875
2018-08-30,2313.110107421875,2307.35009765625,2307.35009765625
2018-08-31,2298.1298828125,2322.8798828125,2322.8798828125
2018-09-03,2317.929931640625,2307.030029296875,2307.030029296875
2018-09-04,2308.9599609375,2315.719970703125,2315.719970703125
2018-09-05,2310.89990234375,2291.77001953125,2291.77001953125
2018-09-06,2288.800048828125,2287.610107421875,2287.610107421875
2018-09-07,2278.080078125,2281.580078125,2281.580078125
2018-09-10,2277.35009765625,2288.659912109375,2288.659912109375
2018-09-11,2286.909912109375,2283.199951171875,2283.199951171875
2018-09-12,2286.280029296875,2282.919921875,2282.919921875
2018-09-13,2285.280029296875,2286.22998046875,2286.22998046875
2018-09-14,2304.699951171875,2318.25,2318.25
2018-09-17,2314.550048828125,2303.010009765625,2303.010009765625
2018-09-18,2287.72998046875,2308.97998046875,2308.97998046875
2018-09-19,2319.219970703125,2308.4599609375,2308.4599609375
2018-09-20,2314.409912109375,2323.449951171875,2323.449951171875
2018-09-21,2332.0400390625,2339.169921875,2339.169921875
2018-09-27,2331.699951171875,2355.429931640625,2355.429931640625
2018-09-28,2356.1298828125,2343.070068359375,2343.070068359375
2018-10-01,2349.639892578125,2338.8798828125,2338.8798828125
2018-10-02,2338.280029296875,2309.570068359375,2309.570068359375
2018-10-04,2311.06005859375,2274.489990234375,2274.489990234375
2018-10-05,2269.93994140625,2267.52001953125,2267.52001953125
2018-10-08,2258.72998046875,2253.830078125,2253.830078125
2018-10-10,2256.030029296875,2228.610107421875,2228.610107421875
2018-10-11,2176.159912109375,2129.669921875,2129.669921875
2018-10-12,2131.659912109375,2161.85009765625,2161.85009765625
2018-10-15,2155.340087890625,2145.1201171875,2145.1201171875
2018-10-16,2156.0,2145.1201171875,2145.1201171875
2018-10-17,2169.43994140625,2167.510009765625,2167.510009765625
2018-10-18,2158.800048828125,2148.31005859375,2148.31005859375
2018-10-19,2130.06005859375,2156.260009765625,2156.260009765625
2018-10-22,2143.080078125,2161.7099609375,2161.7099609375
2018-10-23,2147.300048828125,2106.10009765625,2106.10009765625
2018-10-24,2119.18994140625,2097.580078125,2097.580078125
2018-10-25,2046.6700439453125,2063.300048828125,2063.300048828125
2018-10-26,2066.570068359375,2027.1500244140625,2027.1500244140625
2018-10-29,2026.6800537109373,1996.050048828125,1996.050048828125
2018-10-30,1985.949951171875,2014.68994140625,2014.68994140625
2018-10-31,2022.8399658203125,2029.68994140625,2029.68994140625
2018-11-01,2035.1099853515625,2024.4599609375,2024.4599609375
2018-11-02,2046.6099853515625,2096.0,2096.0
2018-11-05,2079.81005859375,2076.919921875,2076.919921875
2018-11-06,2085.81005859375,2089.6201171875,2089.6201171875
2018-11-07,2090.320068359375,2078.68994140625,2078.68994140625
2018-11-08,2109.969970703125,2092.6298828125,2092.6298828125
2018-11-09,2093.889892578125,2086.090087890625,2086.090087890625
2018-11-12,2065.919921875,2080.43994140625,2080.43994140625
2018-11-13,2047.6199951171875,2071.22998046875,2071.22998046875
2018-11-14,2071.409912109375,2068.050048828125,2068.050048828125
2018-11-15,2061.469970703125,2088.06005859375,2088.06005859375
2018-11-16,2097.93994140625,2092.39990234375,2092.39990234375
2018-11-19,2096.1298828125,2100.56005859375,2100.56005859375
2018-11-20,2074.669921875,2082.580078125,2082.580078125
2018-11-21,2057.070068359375,2076.550048828125,2076.550048828125
2018-11-22,2079.010009765625,2069.949951171875,2069.949951171875
2018-11-23,2073.260009765625,2057.47998046875,2057.47998046875
2018-11-26,2060.169921875,2083.02001953125,2083.02001953125
2018-11-27,2091.75,2099.419921875,2099.419921875
2018-11-28,2104.1298828125,2108.219970703125,2108.219970703125
2018-11-29,2133.949951171875,2114.10009765625,2114.10009765625
2018-11-30,2116.830078125,2096.860107421875,2096.860107421875
2018-12-03,2127.780029296875,2131.929931640625,2131.929931640625
2018-12-04,2125.669921875,2114.35009765625,2114.35009765625
2018-12-05,2086.570068359375,2101.31005859375,2101.31005859375
2018-12-06,2094.6201171875,2068.68994140625,2068.68994140625
2018-12-07,2081.679931640625,2075.760009765625,2075.760009765625
2018-12-10,2048.449951171875,2053.7900390625,2053.7900390625
2018-12-11,2058.159912109375,2052.969970703125,2052.969970703125
2018-12-12,2062.77001953125,2082.570068359375,2082.570068359375
2018-12-13,2087.429931640625,2095.550048828125,2095.550048828125
2018-12-14,2095.639892578125,2069.3798828125,2069.3798828125
2018-12-17,2071.2099609375,2071.090087890625,2071.090087890625
2018-12-18,2057.389892578125,2062.110107421875,2062.110107421875
2018-12-19,2068.949951171875,2078.840087890625,2078.840087890625
2018-12-20,2063.699951171875,2060.1201171875,2060.1201171875
2018-12-21,2052.699951171875,2061.489990234375,2061.489990234375
2018-12-24,2050.3798828125,2055.010009765625,2055.010009765625
2018-12-26,2028.81005859375,2028.010009765625,2028.010009765625
2018-12-27,2032.0899658203125,2028.43994140625,2028.43994140625
2018-12-28,2036.699951171875,2041.0400390625,2041.0400390625
2019-01-02,2050.550048828125,2010.0,2010.0
2019-01-03,2011.81005859375,1993.699951171875,1993.699951171875
2019-01-04,1992.4000244140625,2010.25,2010.25
2019-01-07,2034.239990234375,2037.0999755859373,2037.0999755859373
2019-01-08,2038.6800537109373,2025.27001953125,2025.27001953125
2019-01-09,2034.18994140625,2064.7099609375,2064.7099609375
2019-01-10,2065.72998046875,2063.280029296875,2063.280029296875
2019-01-11,2070.360107421875,2075.570068359375,2075.570068359375
2019-01-14,2070.489990234375,2064.52001953125,2064.52001953125
2019-01-15,2069.139892578125,2097.179931640625,2097.179931640625
2019-01-16,2098.64990234375,2106.10009765625,2106.10009765625
2019-01-17,2110.139892578125,2107.06005859375,2107.06005859375
2019-01-18,2116.429931640625,2124.280029296875,2124.280029296875
2019-01-21,2133.8701171875,2124.610107421875,2124.610107421875
2019-01-22,2126.030029296875,2117.77001953125,2117.77001953125
2019-01-23,2108.719970703125,2127.780029296875,2127.780029296875
2019-01-24,2127.8798828125,2145.030029296875,2145.030029296875
2019-01-25,2147.919921875,2177.72998046875,2177.72998046875
2019-01-28,2184.409912109375,2177.300048828125,2177.300048828125
2019-01-29,2172.830078125,2183.360107421875,2183.360107421875
2019-01-30,2183.489990234375,2206.199951171875,2206.199951171875
2019-01-31,2222.8798828125,2204.85009765625,2204.85009765625
2019-02-01,2211.929931640625,2203.4599609375,2203.4599609375
2019-02-07,2215.77001953125,2203.419921875,2203.419921875
2019-02-08,2192.010009765625,2177.050048828125,2177.050048828125
2019-02-11,2180.5400390625,2180.72998046875,2180.72998046875
2019-02-12,2182.7099609375,2190.469970703125,2190.469970703125
2019-02-13,2200.0,2201.47998046875,2201.47998046875
2019-02-14,2195.919921875,2225.85009765625,2225.85009765625
2019-02-15,2210.93994140625,2196.090087890625,2196.090087890625
2019-02-18,2207.360107421875,2210.889892578125,2210.889892578125
2019-02-19,2208.9599609375,2205.6298828125,2205.6298828125
2019-02-20,2216.739990234375,2229.760009765625,2229.760009765625
2019-02-21,2224.260009765625,2228.659912109375,2228.659912109375
2019-02-22,2222.320068359375,2230.5,2230.5
2019-02-25,2241.1298828125,2232.56005859375,2232.56005859375
2019-02-26,2230.3701171875,2226.60009765625,2226.60009765625
2019-02-27,2234.4599609375,2234.7900390625,2234.7900390625
2019-02-28,2231.580078125,2195.43994140625,2195.43994140625
2019-03-04,2210.969970703125,2190.659912109375,2190.659912109375
2019-03-05,2183.35009765625,2179.22998046875,2179.22998046875
2019-03-06,2177.110107421875,2175.60009765625,2175.60009765625
2019-03-07,2173.18994140625,2165.7900390625,2165.7900390625
2019-03-08,2152.800048828125,2137.43994140625,2137.43994140625
2019-03-11,2140.2900390625,2138.10009765625,2138.10009765625
2019-03-12,2154.610107421875,2157.179931640625,2157.179931640625
2019-03-13,2152.659912109375,2148.409912109375,2148.409912109375
2019-03-14,2154.35009765625,2155.679931640625,2155.679931640625
2019-03-15,2152.9599609375,2176.110107421875,2176.110107421875
2019-03-18,2179.68994140625,2179.489990234375,2179.489990234375
2019-03-19,2183.030029296875,2177.6201171875,2177.6201171875
2019-03-20,2171.409912109375,2177.10009765625,2177.10009765625
2019-03-21,2183.110107421875,2184.8798828125,2184.8798828125
2019-03-22,2192.719970703125,2186.949951171875,2186.949951171875
2019-03-25,2158.800048828125,2144.860107421875,2144.860107421875
2019-03-26,2152.97998046875,2148.800048828125,2148.800048828125
2019-03-27,2147.18994140625,2145.6201171875,2145.6201171875
2019-03-28,2131.25,2128.10009765625,2128.10009765625
2019-03-29,2138.449951171875,2140.669921875,2140.669921875
2019-04-01,2153.31005859375,2168.280029296875,2168.280029296875
2019-04-02,2177.199951171875,2177.179931640625,2177.179931640625
2019-04-03,2176.81005859375,2203.27001953125,2203.27001953125
2019-04-04,2201.0400390625,2206.530029296875,2206.530029296875
2019-04-05,2206.360107421875,2209.610107421875,2209.610107421875
2019-04-08,2217.659912109375,2210.60009765625,2210.60009765625
2019-04-09,2212.320068359375,2213.56005859375,2213.56005859375
2019-04-10,2206.199951171875,2224.389892578125,2224.389892578125
2019-04-11,2227.68994140625,2224.43994140625,2224.43994140625
2019-04-12,2221.10009765625,2233.449951171875,2233.449951171875
2019-04-15,2242.31005859375,2242.8798828125,2242.8798828125
2019-04-16,2241.06005859375,2248.6298828125,2248.6298828125
2019-04-17,2249.050048828125,2245.889892578125,2245.889892578125
2019-04-18,2248.800048828125,2213.77001953125,2213.77001953125
2019-04-19,2223.419921875,2216.14990234375,2216.14990234375
2019-04-22,2218.5,2216.64990234375,2216.64990234375
2019-04-23,2217.610107421875,2220.510009765625,2220.510009765625
2019-04-24,2229.75,2201.030029296875,2201.030029296875
2019-04-25,2195.469970703125,2190.5,2190.5
2019-04-26,2178.1298828125,2179.31005859375,2179.31005859375
2019-04-29,2183.409912109375,2216.429931640625,2216.429931640625
2019-04-30,2213.429931640625,2203.590087890625,2203.590087890625
2019-05-02,2192.93994140625,2212.75,2212.75
2019-05-03,2209.43994140625,2196.320068359375,2196.320068359375
2019-05-07,2172.389892578125,2176.989990234375,2176.989990234375
2019-05-08,2151.340087890625,2168.010009765625,2168.010009765625
2019-05-09,2159.7900390625,2102.010009765625,2102.010009765625
2019-05-10,2118.419921875,2108.0400390625,2108.0400390625
2019-05-13,2091.800048828125,2079.010009765625,2079.010009765625
2019-05-14,2060.239990234375,2081.840087890625,2081.840087890625
2019-05-15,2081.919921875,2092.780029296875,2092.780029296875
2019-05-16,2094.8798828125,2067.68994140625,2067.68994140625
2019-05-17,2081.570068359375,2055.800048828125,2055.800048828125
2019-05-20,2066.530029296875,2055.7099609375,2055.7099609375
2019-05-21,2056.949951171875,2061.25,2061.25
2019-05-22,2068.64990234375,2064.860107421875,2064.860107421875
2019-05-23,2063.25,2059.590087890625,2059.590087890625
2019-05-24,2047.300048828125,2045.31005859375,2045.31005859375
2019-05-27,2044.25,2044.2099609375,2044.2099609375
2019-05-28,2044.77001953125,2048.830078125,2048.830078125
2019-05-29,2046.7099609375,2023.3199462890625,2023.3199462890625
2019-05-30,2024.3299560546875,2038.800048828125,2038.800048828125
2019-05-31,2029.030029296875,2041.739990234375,2041.739990234375
2019-06-03,2031.030029296875,2067.85009765625,2067.85009765625
2019-06-04,2066.780029296875,2066.969970703125,2066.969970703125
2019-06-05,2084.159912109375,2069.110107421875,2069.110107421875
2019-06-07,2070.780029296875,2072.330078125,2072.330078125
2019-06-10,2087.3701171875,2099.489990234375,2099.489990234375
2019-06-11,2096.090087890625,2111.81005859375,2111.81005859375
2019-06-12,2111.659912109375,2108.75,2108.75
2019-06-13,2104.4599609375,2103.14990234375,2103.14990234375
2019-06-14,2096.320068359375,2095.409912109375,2095.409912109375
2019-06-17,2091.7099609375,2090.72998046875,2090.72998046875
2019-06-18,2089.31005859375,2098.7099609375,2098.7099609375
2019-06-19,2119.5400390625,2124.780029296875,2124.780029296875
2019-06-20,2121.780029296875,2131.2900390625,2131.2900390625
2019-06-21,2132.3798828125,2125.6201171875,2125.6201171875
2019-06-24,2130.320068359375,2126.330078125,2126.330078125
2019-06-25,2125.739990234375,2121.639892578125,2121.639892578125
2019-06-26,2120.199951171875,2121.85009765625,2121.85009765625
2019-06-27,2120.72998046875,2134.320068359375,2134.320068359375
2019-06-28,2135.06005859375,2130.6201171875,2130.6201171875
2019-07-01,2147.239990234375,2129.739990234375,2129.739990234375
2019-07-02,2122.070068359375,2122.02001953125,2122.02001953125
2019-07-03,2120.75,2096.02001953125,2096.02001953125
2019-07-04,2102.360107421875,2108.72998046875,2108.72998046875
2019-07-05,2111.0,2110.590087890625,2110.590087890625
2019-07-08,2091.909912109375,2064.169921875,2064.169921875
2019-07-09,2070.35009765625,2052.030029296875,2052.030029296875
2019-07-10,2061.550048828125,2058.780029296875,2058.780029296875
2019-07-11,2070.590087890625,2080.580078125,2080.580078125
2019-07-12,2083.530029296875,2086.659912109375,2086.659912109375
2019-07-15,2083.389892578125,2082.47998046875,2082.47998046875
2019-07-16,2084.4599609375,2091.8701171875,2091.8701171875
2019-07-17,2079.909912109375,2072.919921875,2072.919921875
2019-07-18,2068.659912109375,2066.550048828125,2066.550048828125
2019-07-19,2080.2099609375,2094.360107421875,2094.360107421875
2019-07-22,2090.35009765625,2093.340087890625,2093.340087890625
2019-07-23,2095.760009765625,2101.449951171875,2101.449951171875
2019-07-24,2097.159912109375,2082.300048828125,2082.300048828125
2019-07-25,2085.669921875,2074.47998046875,2074.47998046875
2019-07-26,2063.35009765625,2066.260009765625,2066.260009765625
2019-07-29,2059.1298828125,2029.47998046875,2029.47998046875
2019-07-30,2035.3199462890625,2038.6800537109373,2038.6800537109373
2019-07-31,2036.4599609375,2024.550048828125,2024.550048828125
2019-08-01,2015.0899658203125,2017.3399658203125,2017.3399658203125
2019-08-02,1995.31005859375,1998.1300048828125,1998.1300048828125
2019-08-05,1985.9300537109373,1946.97998046875,1946.97998046875
2019-08-06,1900.3599853515625,1917.5,1917.5
2019-08-07,1925.3299560546875,1909.7099609375,1909.7099609375
2019-08-08,1926.280029296875,1920.6099853515625,1920.6099853515625
2019-08-09,1940.06005859375,1937.75,1937.75
2019-08-12,1941.530029296875,1942.2900390625,1942.2900390625
2019-08-13,1928.760009765625,1925.8299560546875,1925.8299560546875
2019-08-14,1946.1800537109373,1938.3699951171875,1938.3699951171875
2019-08-16,1921.489990234375,1927.1700439453125,1927.1700439453125
2019-08-19,1936.6400146484373,1939.9000244140625,1939.9000244140625
2019-08-20,1942.989990234375,1960.25,1960.25
2019-08-21,1954.5699462890625,1964.6500244140625,1964.6500244140625
2019-08-22,1966.5999755859373,1951.010009765625,1951.010009765625
2019-08-23,1942.4200439453125,1948.300048828125,1948.300048828125
2019-08-26,1915.3399658203125,1916.31005859375,1916.31005859375
2019-08-27,1928.97998046875,1924.5999755859373,1924.5999755859373
2019-08-28,1929.9599609375,1941.0899658203125,1941.0899658203125
2019-08-29,1943.550048828125,1933.4100341796875,1933.4100341796875
2019-08-30,1951.6600341796875,1967.7900390625,1967.7900390625
2019-09-02,1961.18994140625,1969.18994140625,1969.18994140625
2019-09-03,1966.5,1965.68994140625,1965.68994140625
2019-09-04,1962.4300537109373,1988.530029296875,1988.530029296875
2019-09-05,1993.6199951171875,2004.75,2004.75
2019-09-06,2016.1099853515625,2009.1300048828125,2009.1300048828125
2019-09-09,2013.3800048828125,2019.550048828125,2019.550048828125
2019-09-10,2024.7900390625,2032.0799560546875,2032.0799560546875
2019-09-11,2043.719970703125,2049.199951171875,2049.199951171875
2019-09-16,2056.260009765625,2062.219970703125,2062.219970703125
2019-09-17,2058.719970703125,2062.330078125,2062.330078125
2019-09-18,2064.419921875,2070.72998046875,2070.72998046875
2019-09-19,2070.530029296875,2080.35009765625,2080.35009765625
2019-09-20,2080.860107421875,2091.52001953125,2091.52001953125
2019-09-23,2087.699951171875,2091.699951171875,2091.699951171875
2019-09-24,2090.18994140625,2101.0400390625,2101.0400390625
2019-09-25,2093.469970703125,2073.389892578125,2073.389892578125
2019-09-26,2082.659912109375,2074.52001953125,2074.52001953125
2019-09-27,2066.9599609375,2049.929931640625,2049.929931640625
2019-09-30,2045.77001953125,2063.050048828125,2063.050048828125
2019-10-01,2062.43994140625,2072.419921875,2072.419921875
2019-10-02,2058.22998046875,2031.9100341796875,2031.9100341796875
2019-10-04,2028.4000244140625,2020.68994140625,2020.68994140625
2019-10-07,2031.530029296875,2021.72998046875,2021.72998046875
2019-10-08,2029.3699951171875,2046.25,2046.25
2019-10-10,2030.1300048828125,2028.1500244140625,2028.1500244140625
2019-10-11,2048.080078125,2044.6099853515625,2044.6099853515625
2019-10-14,2068.1298828125,2067.39990234375,2067.39990234375
2019-10-15,2064.780029296875,2068.169921875,2068.169921875
2019-10-16,2080.919921875,2082.830078125,2082.830078125
2019-10-17,2081.760009765625,2077.93994140625,2077.93994140625
2019-10-18,2082.22998046875,2060.68994140625,2060.68994140625
2019-10-21,2067.969970703125,2064.840087890625,2064.840087890625
2019-10-22,2076.2900390625,2088.860107421875,2088.860107421875
2019-10-23,2086.81005859375,2080.6201171875,2080.6201171875
2019-10-24,2089.85009765625,2085.659912109375,2085.659912109375
2019-10-25,2091.159912109375,2087.889892578125,2087.889892578125
2019-10-28,2096.669921875,2093.60009765625,2093.60009765625
2019-10-29,2103.919921875,2092.68994140625,2092.68994140625
2019-10-30,2093.510009765625,2080.27001953125,2080.27001953125
2019-10-31,2089.219970703125,2083.47998046875,2083.47998046875
2019-11-01,2084.7900390625,2100.199951171875,2100.199951171875
2019-11-04,2111.320068359375,2130.239990234375,2130.239990234375
2019-11-05,2133.659912109375,2142.639892578125,2142.639892578125
2019-11-06,2142.68994140625,2144.14990234375,2144.14990234375
2019-11-07,2141.050048828125,2144.2900390625,2144.2900390625
2019-11-08,2154.179931640625,2137.22998046875,2137.22998046875
2019-11-11,2139.070068359375,2124.090087890625,2124.090087890625
2019-11-12,2131.260009765625,2140.919921875,2140.919921875
2019-11-13,2132.47998046875,2122.449951171875,2122.449951171875
2019-11-14,2127.5400390625,2139.22998046875,2139.22998046875
2019-11-15,2137.9599609375,2162.179931640625,2162.179931640625
2019-11-18,2161.889892578125,2160.68994140625,2160.68994140625
2019-11-19,2151.0400390625,2153.239990234375,2153.239990234375
2019-11-20,2140.06005859375,2125.320068359375,2125.320068359375
2019-11-21,2123.64990234375,2096.60009765625,2096.60009765625
2019-11-22,2098.889892578125,2101.9599609375,2101.9599609375
2019-11-25,2117.139892578125,2123.5,2123.5
2019-11-26,2129.27001953125,2121.35009765625,2121.35009765625
2019-11-27,2134.469970703125,2127.85009765625,2127.85009765625
2019-11-28,2116.929931640625,2118.60009765625,2118.60009765625
2019-11-29,2125.530029296875,2087.9599609375,2087.9599609375
2019-12-02,2097.550048828125,2091.919921875,2091.919921875
2019-12-03,2075.02001953125,2084.070068359375,2084.070068359375
2019-12-04,2070.840087890625,2068.889892578125,2068.889892578125
2019-12-05,2078.31005859375,2060.739990234375,2060.739990234375
2019-12-06,2072.43994140625,2081.85009765625,2081.85009765625
2019-12-09,2091.93994140625,2088.64990234375,2088.64990234375
2019-12-10,2081.219970703125,2098.0,2098.0
2019-12-11,2098.280029296875,2105.6201171875,2105.6201171875
2019-12-12,2120.1298828125,2137.35009765625,2137.35009765625
2019-12-13,2164.6298828125,2170.25,2170.25
2019-12-16,2168.050048828125,2168.14990234375,2168.14990234375
2019-12-17,2179.39990234375,2195.679931640625,2195.679931640625
2019-12-18,2194.919921875,2194.760009765625,2194.760009765625
2019-12-19,2199.419921875,2196.56005859375,2196.56005859375
2019-12-20,2205.570068359375,2204.179931640625,2204.179931640625
2019-12-23,2208.219970703125,2203.7099609375,2203.7099609375
2019-12-24,2206.22998046875,2190.080078125,2190.080078125
2019-12-26,2192.219970703125,2197.929931640625,2197.929931640625
2019-12-27,2183.699951171875,2204.2099609375,2204.2099609375
2019-12-30,2202.6201171875,2197.669921875,2197.669921875
2020-01-02,2201.2099609375,2175.169921875,2175.169921875
2020-01-03,2192.580078125,2176.4599609375,2176.4599609375
2020-01-06,2154.969970703125,2155.070068359375,2155.070068359375
2020-01-07,2166.60009765625,2175.5400390625,2175.5400390625
2020-01-08,2156.27001953125,2151.31005859375,2151.31005859375
2020-01-09,2182.199951171875,2186.449951171875,2186.449951171875
2020-01-10,2189.47998046875,2206.389892578125,2206.389892578125
2020-01-13,2204.489990234375,2229.260009765625,2229.260009765625
2020-01-14,2243.06005859375,2238.8798828125,2238.8798828125
2020-01-15,2229.800048828125,2230.97998046875,2230.97998046875
2020-01-16,2231.929931640625,2248.050048828125,2248.050048828125
2020-01-17,2261.570068359375,2250.570068359375,2250.570068359375
2020-01-20,2261.39990234375,2262.639892578125,2262.639892578125
2020-01-21,2259.81005859375,2239.68994140625,2239.68994140625
2020-01-22,2238.530029296875,2267.25,2267.25
2020-01-23,2254.5400390625,2246.1298828125,2246.1298828125
2020-01-28,2192.219970703125,2176.719970703125,2176.719970703125
2020-01-29,2188.179931640625,2185.280029296875,2185.280029296875
2020-01-30,2181.5400390625,2148.0,2148.0
2020-01-31,2160.60009765625,2119.010009765625,2119.010009765625
2020-02-03,2086.610107421875,2118.8798828125,2118.8798828125
2020-02-04,2121.219970703125,2157.89990234375,2157.89990234375
2020-02-05,2177.260009765625,2165.6298828125,2165.6298828125
2020-02-06,2184.77001953125,2227.93994140625,2227.93994140625
2020-02-07,2221.489990234375,2211.949951171875,2211.949951171875
2020-02-10,2185.6298828125,2201.070068359375,2201.070068359375
2020-02-11,2213.5,2223.1201171875,2223.1201171875
2020-02-12,2225.949951171875,2238.3798828125,2238.3798828125
2020-02-13,2245.719970703125,2232.9599609375,2232.9599609375
2020-02-14,2232.7099609375,2243.590087890625,2243.590087890625
2020-02-17,2243.070068359375,2242.169921875,2242.169921875
2020-02-18,2225.97998046875,2208.8798828125,2208.8798828125
2020-02-19,2222.510009765625,2210.340087890625,2210.340087890625
2020-02-20,2223.550048828125,2195.5,2195.5
2020-02-21,2165.64990234375,2162.840087890625,2162.840087890625
2020-02-24,2114.0400390625,2079.0400390625,2079.0400390625
2020-02-25,2075.550048828125,2103.610107421875,2103.610107421875
2020-02-26,2064.070068359375,2076.77001953125,2076.77001953125
2020-02-27,2073.8701171875,2054.889892578125,2054.889892578125
2020-02-28,2020.1700439453125,1987.010009765625,1987.010009765625
2020-03-02,1997.030029296875,2002.510009765625,2002.510009765625
2020-03-03,2051.85009765625,2014.1500244140625,2014.1500244140625
2020-03-04,2005.81005859375,2059.330078125,2059.330078125
2020-03-05,2078.110107421875,2085.260009765625,2085.260009765625
2020-03-06,2053.090087890625,2040.219970703125,2040.219970703125
2020-03-09,1981.02001953125,1954.77001953125,1954.77001953125
2020-03-10,1942.8499755859373,1962.9300537109373,1962.9300537109373
2020-03-11,1965.6700439453125,1908.27001953125,1908.27001953125
2020-03-12,1887.969970703125,1834.3299560546875,1834.3299560546875
2020-03-13,1722.6800537109375,1771.43994140625,1771.43994140625
2020-03-16,1805.4300537109373,1714.8599853515625,1714.8599853515625
2020-03-17,1640.8399658203125,1672.43994140625,1672.43994140625
2020-03-18,1686.1199951171875,1591.199951171875,1591.199951171875
2020-03-19,1626.0899658203125,1457.6400146484375,1457.6400146484375
2020-03-20,1498.489990234375,1566.1500244140625,1566.1500244140625
2020-03-23,1474.449951171875,1482.4599609375,1482.4599609375
2020-03-24,1523.68994140625,1609.969970703125,1609.969970703125
2020-03-25,1668.18994140625,1704.760009765625,1704.760009765625
2020-03-26,1699.1099853515625,1686.239990234375,1686.239990234375
2020-03-27,1756.0699462890625,1717.72998046875,1717.72998046875
2020-03-30,1670.3399658203125,1717.1199951171875,1717.1199951171875
2020-03-31,1739.2900390625,1754.6400146484375,1754.6400146484375
2020-04-01,1737.280029296875,1685.4599609375,1685.4599609375
2020-04-02,1693.530029296875,1724.8599853515625,1724.8599853515625
2020-04-03,1731.1700439453125,1725.43994140625,1725.43994140625
2020-04-06,1745.25,1791.8800048828125,1791.8800048828125
2020-04-07,1826.719970703125,1823.5999755859373,1823.5999755859373
2020-04-08,1815.75,1807.1400146484373,1807.1400146484373
2020-04-09,1838.0899658203125,1836.2099609375,1836.2099609375
2020-04-10,1835.760009765625,1860.699951171875,1860.699951171875
2020-04-13,1853.300048828125,1825.760009765625,1825.760009765625
2020-04-14,1846.4100341796875,1857.0799560546875,1857.0799560546875
2020-04-16,1839.510009765625,1857.0699462890625,1857.0699462890625
2020-04-17,1893.31005859375,1914.530029296875,1914.530029296875
2020-04-20,1908.3399658203125,1898.3599853515625,1898.3599853515625
2020-04-21,1886.780029296875,1879.3800048828125,1879.3800048828125
2020-04-22,1855.510009765625,1896.1500244140625,1896.1500244140625
2020-04-23,1907.449951171875,1914.72998046875,1914.72998046875
2020-04-24,1906.0699462890625,1889.010009765625,1889.010009765625
2020-04-27,1897.06005859375,1922.77001953125,1922.77001953125
2020-04-28,1931.25,1934.0899658203125,1934.0899658203125
2020-04-29,1936.8900146484373,1947.56005859375,1947.56005859375
2020-05-04,1906.4200439453125,1895.3699951171875,1895.3699951171875
2020-05-06,1919.449951171875,1928.760009765625,1928.760009765625
2020-05-07,1922.0,1928.6099853515625,1928.6099853515625
2020-05-08,1944.93994140625,1945.8199462890625,1945.8199462890625
2020-05-11,1953.510009765625,1935.4000244140625,1935.4000244140625
2020-05-12,1938.6199951171875,1922.1700439453125,1922.1700439453125
2020-05-13,1897.5,1940.4200439453125,1940.4200439453125
2020-05-14,1922.43994140625,1924.9599609375,1924.9599609375
2020-05-15,1937.6300048828125,1927.280029296875,1927.280029296875
2020-05-18,1934.510009765625,1937.1099853515625,1937.1099853515625
2020-05-19,1977.469970703125,1980.6099853515625,1980.6099853515625
2020-05-20,1972.1199951171875,1989.6400146484373,1989.6400146484373
2020-05-21,2003.199951171875,1998.31005859375,1998.31005859375
2020-05-22,2001.5999755859373,1970.1300048828125,1970.1300048828125
2020-05-25,1980.510009765625,1994.5999755859373,1994.5999755859373
2020-05-26,2001.0,2029.780029296875,2029.780029296875
2020-05-27,2027.9000244140625,2031.199951171875,2031.199951171875
2020-05-28,2047.0799560546875,2028.5400390625,2028.5400390625
2020-05-29,2018.3699951171875,2029.5999755859373,2029.5999755859373
2020-06-01,2037.0400390625,2065.080078125,2065.080078125
2020-06-02,2061.449951171875,2087.18994140625,2087.18994140625
2020-06-03,2108.550048828125,2147.0,2147.0
2020-06-04,2181.639892578125,2151.179931640625,2151.179931640625
2020-06-05,2151.169921875,2181.8701171875,2181.8701171875
2020-06-08,2215.60009765625,2184.2900390625,2184.2900390625
2020-06-09,2206.22998046875,2188.919921875,2188.919921875
2020-06-10,2187.909912109375,2195.68994140625,2195.68994140625
2020-06-11,2184.360107421875,2176.780029296875,2176.780029296875
2020-06-12,2088.239990234375,2132.300048828125,2132.300048828125
2020-06-15,2114.409912109375,2030.8199462890625,2030.8199462890625
2020-06-16,2091.090087890625,2138.050048828125,2138.050048828125
2020-06-17,2133.179931640625,2141.050048828125,2141.050048828125
2020-06-18,2134.35009765625,2133.47998046875,2133.47998046875
2020-06-19,2153.090087890625,2141.320068359375,2141.320068359375
2020-06-22,2126.3798828125,2126.72998046875,2126.72998046875
2020-06-23,2149.1298828125,2131.239990234375,2131.239990234375
2020-06-24,2145.929931640625,2161.510009765625,2161.510009765625
2020-06-25,2130.449951171875,2112.3701171875,2112.3701171875
2020-06-26,2137.469970703125,2134.64990234375,2134.64990234375
2020-06-29,2105.5400390625,2093.47998046875,2093.47998046875
2020-06-30,2124.3798828125,2108.330078125,2108.330078125
2020-07-01,2128.81005859375,2106.699951171875,2106.699951171875
2020-07-02,2116.719970703125,2135.3701171875,2135.3701171875
2020-07-03,2147.889892578125,2152.409912109375,2152.409912109375
2020-07-06,2158.949951171875,2187.929931640625,2187.929931640625
2020-07-07,2202.0400390625,2164.169921875,2164.169921875
2020-07-08,2166.760009765625,2158.8798828125,2158.8798828125
2020-07-09,2171.14990234375,2167.89990234375,2167.89990234375
2020-07-10,2171.43994140625,2150.25,2150.25
2020-07-13,2170.510009765625,2186.06005859375,2186.06005859375
2020-07-14,2176.429931640625,2183.610107421875,2183.610107421875
2020-07-15,2208.72998046875,2201.8798828125,2201.8798828125
2020-07-16,2203.300048828125,2183.760009765625,2183.760009765625
2020-07-17,2187.85009765625,2201.18994140625,2201.18994140625
2020-07-20,2209.590087890625,2198.199951171875,2198.199951171875
2020-07-21,2219.18994140625,2228.830078125,2228.830078125
2020-07-22,2228.199951171875,2228.659912109375,2228.659912109375
2020-07-23,2227.239990234375,2216.18994140625,2216.18994140625
2020-07-24,2196.72998046875,2200.43994140625,2200.43994140625
2020-07-27,2203.47998046875,2217.860107421875,2217.860107421875
2020-07-28,2238.18994140625,2256.989990234375,2256.989990234375
2020-07-29,2258.35009765625,2263.159912109375,2263.159912109375
2020-07-30,2275.330078125,2267.010009765625,2267.010009765625
2020-07-31,2278.530029296875,2249.3701171875,2249.3701171875
2020-08-03,2251.64990234375,2251.0400390625,2251.0400390625
2020-08-04,2272.330078125,2279.969970703125,2279.969970703125
2020-08-05,2289.22998046875,2311.860107421875,2311.860107421875
2020-08-06,2322.639892578125,2342.610107421875,2342.610107421875
2020-08-07,2349.25,2351.669921875,2351.669921875
2020-08-10,2353.919921875,2386.3798828125,2386.3798828125
2020-08-11,2396.110107421875,2418.669921875,2418.669921875
2020-08-12,2414.780029296875,2432.35009765625,2432.35009765625
2020-08-13,2455.280029296875,2437.530029296875,2437.530029296875
2020-08-14,2427.85009765625,2407.489990234375,2407.489990234375
2020-08-18,2405.840087890625,2348.239990234375,2348.239990234375
2020-08-19,2370.8701171875,2360.5400390625,2360.5400390625
2020-08-20,2339.909912109375,2274.219970703125,2274.219970703125
2020-08-21,2306.159912109375,2304.590087890625,2304.590087890625
2020-08-24,2309.3798828125,2329.830078125,2329.830078125
2020-08-25,2352.14990234375,2366.72998046875,2366.72998046875
2020-08-26,2367.739990234375,2369.320068359375,2369.320068359375
2020-08-27,2371.949951171875,2344.449951171875,2344.449951171875
2020-08-28,2362.219970703125,2353.800048828125,2353.800048828125
2020-08-31,2377.090087890625,2326.169921875,2326.169921875
2020-09-01,2340.18994140625,2349.550048828125,2349.550048828125
2020-09-02,2363.429931640625,2364.3701171875,2364.3701171875
2020-09-03,2383.260009765625,2395.89990234375,2395.89990234375
2020-09-04,2332.679931640625,2368.25,2368.25
2020-09-07,2369.85009765625,2384.219970703125,2384.219970703125
2020-09-08,2402.659912109375,2401.909912109375,2401.909912109375
2020-09-09,2372.530029296875,2375.81005859375,2375.81005859375
2020-09-10,2404.830078125,2396.47998046875,2396.47998046875
2020-09-11,2389.760009765625,2396.68994140625,2396.68994140625
2020-09-14,2418.330078125,2427.909912109375,2427.909912109375
2020-09-15,2434.590087890625,2443.580078125,2443.580078125
2020-09-16,2442.719970703125,2435.919921875,2435.919921875
2020-09-17,2430.77001953125,2406.169921875,2406.169921875
2020-09-18,2413.530029296875,2412.39990234375,2412.39990234375
2020-09-21,2412.43994140625,2389.389892578125,2389.389892578125
2020-09-22,2388.139892578125,2332.590087890625,2332.590087890625
2020-09-23,2352.56005859375,2333.239990234375,2333.239990234375
2020-09-24,2295.6201171875,2272.699951171875,2272.699951171875
2020-09-25,2295.18994140625,2278.7900390625,2278.7900390625
2020-09-28,2301.159912109375,2308.080078125,2308.080078125
2020-09-29,2331.510009765625,2327.889892578125,2327.889892578125
2020-10-05,2330.550048828125,2358.0,2358.0
2020-10-06,2369.169921875,2365.89990234375,2365.89990234375
2020-10-07,2350.820068359375,2386.93994140625,2386.93994140625
2020-10-08,2408.489990234375,2391.9599609375,2391.9599609375
2020-10-12,2404.179931640625,2403.72998046875,2403.72998046875
2020-10-13,2416.85009765625,2403.14990234375,2403.14990234375
2020-10-14,2403.739990234375,2380.47998046875,2380.47998046875
2020-10-15,2375.909912109375,2361.2099609375,2361.2099609375
2020-10-16,2363.8798828125,2341.530029296875,2341.530029296875
2020-10-19,2352.919921875,2346.739990234375,2346.739990234375
2020-10-20,2333.56005859375,2358.409912109375,2358.409912109375
2020-10-21,2363.030029296875,2370.860107421875,2370.860107421875
2020-10-22,2355.610107421875,2355.050048828125,2355.050048828125
2020-10-23,2364.840087890625,2360.81005859375,2360.81005859375
2020-10-26,2366.5,2343.909912109375,2343.909912109375
2020-10-27,2328.659912109375,2330.840087890625,2330.840087890625
2020-10-28,2324.179931640625,2345.260009765625,2345.260009765625
2020-10-29,2312.340087890625,2326.669921875,2326.669921875
2020-10-30,2319.56005859375,2267.14990234375,2267.14990234375
2020-11-02,2276.610107421875,2300.159912109375,2300.159912109375
2020-11-03,2315.81005859375,2343.31005859375,2343.31005859375
2020-11-04,2361.320068359375,2357.320068359375,2357.320068359375
2020-11-05,2373.409912109375,2413.7900390625,2413.7900390625
2020-11-06,2421.7900390625,2416.5,2416.5
2020-11-09,2438.6298828125,2447.199951171875,2447.199951171875
2020-11-10,2453.949951171875,2452.830078125,2452.830078125
2020-11-11,2459.5,2485.8701171875,2485.8701171875
2020-11-12,2482.679931640625,2475.6201171875,2475.6201171875
2020-11-13,2470.1201171875,2493.8701171875,2493.8701171875
2020-11-16,2507.4599609375,2543.030029296875,2543.030029296875
2020-11-17,2544.1201171875,2539.14990234375,2539.14990234375
2020-11-18,2548.85009765625,2545.639892578125,2545.639892578125
2020-11-19,2536.889892578125,2547.419921875,2547.419921875
2020-11-20,2544.06005859375,2553.5,2553.5
2020-11-23,2560.0400390625,2602.590087890625,2602.590087890625
2020-11-24,2616.280029296875,2617.760009765625,2617.760009765625
2020-11-25,2637.340087890625,2601.5400390625,2601.5400390625
2020-11-26,2605.72998046875,2625.909912109375,2625.909912109375
2020-11-27,2624.800048828125,2633.449951171875,2633.449951171875
2020-11-30,2648.050048828125,2591.340087890625,2591.340087890625
2020-12-01,2613.419921875,2634.25,2634.25
2020-12-02,2645.8798828125,2675.89990234375,2675.89990234375
2020-12-03,2686.3798828125,2696.219970703125,2696.219970703125
2020-12-04,2705.340087890625,2731.449951171875,2731.449951171875
2020-12-07,2738.110107421875,2745.43994140625,2745.43994140625
2020-12-08,2745.1298828125,2700.929931640625,2700.929931640625
2020-12-09,2703.300048828125,2755.469970703125,2755.469970703125
2020-12-10,2750.340087890625,2746.4599609375,2746.4599609375
2020-12-11,2754.159912109375,2770.06005859375,2770.06005859375
2020-12-14,2769.429931640625,2762.199951171875,2762.199951171875
2020-12-15,2763.64990234375,2756.820068359375,2756.820068359375
2020-12-16,2763.639892578125,2771.7900390625,2771.7900390625
2020-12-17,2769.889892578125,2770.429931640625,2770.429931640625
2020-12-18,2770.949951171875,2772.179931640625,2772.179931640625
2020-12-21,2771.97998046875,2778.64990234375,2778.64990234375
2020-12-22,2772.030029296875,2733.679931640625,2733.679931640625
2020-12-23,2737.739990234375,2759.820068359375,2759.820068359375
2020-12-24,2762.60009765625,2806.860107421875,2806.860107421875
2020-12-28,2820.949951171875,2808.60009765625,2808.60009765625
2020-12-29,2810.550048828125,2820.510009765625,2820.510009765625
2020-12-30,2820.360107421875,2873.469970703125,2873.469970703125
2021-01-04,2874.5,2944.449951171875,2944.449951171875
2021-01-05,2943.669921875,2990.570068359375,2990.570068359375
2021-01-06,2993.340087890625,2968.2099609375,2968.2099609375
2021-01-07,2980.75,3031.679931640625,3031.679931640625
2021-01-08,3040.110107421875,3152.179931640625,3152.179931640625
2021-01-11,3161.89990234375,3148.449951171875,3148.449951171875
2021-01-12,3145.8701171875,3125.949951171875,3125.949951171875
2021-01-13,3128.260009765625,3148.2900390625,3148.2900390625
2021-01-14,3148.64990234375,3149.929931640625,3149.929931640625
2021-01-15,3153.840087890625,3085.89990234375,3085.89990234375
2021-01-18,3079.89990234375,3013.929931640625,3013.929931640625
2021-01-19,3013.050048828125,3092.659912109375,3092.659912109375
2021-01-20,3115.0400390625,3114.550048828125,3114.550048828125
2021-01-21,3123.27001953125,3160.840087890625,3160.840087890625
2021-01-22,3163.830078125,3140.6298828125,3140.6298828125
2021-01-25,3144.010009765625,3208.989990234375,3208.989990234375
2021-01-26,3203.9599609375,3140.31005859375,3140.31005859375
2021-01-27,3143.4599609375,3122.56005859375,3122.56005859375
2021-01-28,3114.97998046875,3069.050048828125,3069.050048828125
2021-01-29,3078.72998046875,2976.2099609375,2976.2099609375
2021-02-01,2976.81005859375,3056.530029296875,3056.530029296875
2021-02-02,3065.56005859375,3096.81005859375,3096.81005859375
2021-02-03,3108.419921875,3129.679931640625,3129.679931640625
2021-02-04,3135.02001953125,3087.550048828125,3087.550048828125
2021-02-05,3098.489990234375,3120.6298828125,3120.6298828125
2021-02-08,3113.6298828125,3091.239990234375,3091.239990234375
2021-02-09,3102.25,3084.669921875,3084.669921875
2021-02-10,3088.1298828125,3100.580078125,3100.580078125
2021-02-15,3108.699951171875,3147.0,3147.0
2021-02-16,3151.85009765625,3163.25,3163.25
2021-02-17,3162.949951171875,3133.72998046875,3133.72998046875
2021-02-18,3131.739990234375,3086.659912109375,3086.659912109375
2021-02-19,3089.9599609375,3107.6201171875,3107.6201171875
2021-02-22,3114.030029296875,3079.75,3079.75
2021-02-23,3069.260009765625,3070.090087890625,3070.090087890625
2021-02-24,3070.580078125,2994.97998046875,2994.97998046875
2021-02-25,3026.469970703125,3099.68994140625,3099.68994140625
2021-02-26,3089.489990234375,3012.949951171875,3012.949951171875
2021-03-02,3021.679931640625,3043.8701171875,3043.8701171875
2021-03-03,3041.199951171875,3082.989990234375,3082.989990234375
2021-03-04,3076.8798828125,3043.489990234375,3043.489990234375
2021-03-05,3036.159912109375,3026.260009765625,3026.260009765625
2021-03-08,3031.989990234375,2996.110107421875,2996.110107421875
2021-03-09,2989.9599609375,2976.1201171875,2976.1201171875
2021-03-10,2980.760009765625,2958.1201171875,2958.1201171875
2021-03-11,2964.300048828125,3013.699951171875,3013.699951171875
2021-03-12,3030.72998046875,3054.389892578125,3054.389892578125
2021-03-15,3057.06005859375,3045.7099609375,3045.7099609375
2021-03-16,3049.22998046875,3067.169921875,3067.169921875
2021-03-17,3067.760009765625,3047.5,3047.5
2021-03-18,3054.929931640625,3066.010009765625,3066.010009765625
2021-03-19,3063.010009765625,3039.530029296875,3039.530029296875
2021-03-22,3040.010009765625,3035.4599609375,3035.4599609375
2021-03-23,3038.25,3004.739990234375,3004.739990234375
2021-03-24,2996.320068359375,2996.35009765625,2996.35009765625
2021-03-25,2995.669921875,3008.330078125,3008.330078125
2021-03-26,3012.7900390625,3041.010009765625,3041.010009765625
2021-03-29,3047.7099609375,3036.0400390625,3036.0400390625
2021-03-30,3038.43994140625,3070.0,3070.0
2021-03-31,3073.389892578125,3061.419921875,3061.419921875
2021-04-01,3073.77001953125,3087.39990234375,3087.39990234375
2021-04-02,3104.719970703125,3112.800048828125,3112.800048828125
2021-04-05,3121.22998046875,3120.830078125,3120.830078125
2021-04-06,3123.800048828125,3127.080078125,3127.080078125
2021-04-07,3129.070068359375,3137.409912109375,3137.409912109375
2021-04-08,3137.25,3143.260009765625,3143.260009765625
2021-04-09,3146.510009765625,3131.8798828125,3131.8798828125
2021-04-12,3134.8798828125,3135.590087890625,3135.590087890625
2021-04-13,3138.2099609375,3169.080078125,3169.080078125
2021-04-14,3169.949951171875,3182.3798828125,3182.3798828125
2021-04-15,3180.72998046875,3194.330078125,3194.330078125
2021-04-16,3194.080078125,3198.6201171875,3198.6201171875
2021-04-19,3201.110107421875,3198.840087890625,3198.840087890625
2021-04-20,3198.31005859375,3220.699951171875,3220.699951171875
2021-04-21,3214.239990234375,3171.659912109375,3171.659912109375
2021-04-22,3174.52001953125,3177.52001953125,3177.52001953125
2021-04-23,3173.469970703125,3181.080078125,3181.080078125
2021-04-26,3191.340087890625,3217.530029296875,3217.530029296875
2021-04-27,3218.300048828125,3215.419921875,3215.419921875
2021-04-28,3217.2099609375,3181.469970703125,3181.469970703125
2021-04-29,3184.75,3174.070068359375,3174.070068359375
2021-04-30,3176.429931640625,3147.860107421875,3147.860107421875
2021-05-03,3149.050048828125,3127.199951171875,3127.199951171875
2021-05-04,3131.389892578125,3147.3701171875,3147.3701171875
2021-05-06,3147.719970703125,3160.429931640625,3160.429931640625
2021-05-07,3179.6298828125,3197.199951171875,3197.199951171875
2021-05-10,3201.4599609375,3249.300048828125,3249.300048828125
2021-05-11,3239.919921875,3209.429931640625,3209.429931640625
2021-05-12,3209.360107421875,3161.659912109375,3161.659912109375
2021-05-13,3146.969970703125,3122.110107421875,3122.110107421875
2021-05-14,3131.35009765625,3153.320068359375,3153.320068359375
2021-05-17,3163.2099609375,3134.52001953125,3134.52001953125
2021-05-18,3135.3798828125,3173.050048828125,3173.050048828125
2021-05-20,3174.530029296875,3162.280029296875,3162.280029296875
2021-05-21,3171.909912109375,3156.419921875,3156.419921875
2021-05-24,3155.909912109375,3144.300048828125,3144.300048828125
2021-05-25,3152.929931640625,3171.320068359375,3171.320068359375
2021-05-26,3171.909912109375,3168.429931640625,3168.429931640625
2021-05-27,3170.840087890625,3165.510009765625,3165.510009765625
2021-05-28,3172.090087890625,3188.72998046875,3188.72998046875
2021-05-31,3192.06005859375,3203.919921875,3203.919921875
2021-06-01,3207.1201171875,3221.8701171875,3221.8701171875
2021-06-02,3224.39990234375,3224.22998046875,3224.22998046875
2021-06-03,3224.9599609375,3247.429931640625,3247.429931640625
2021-06-04,3246.169921875,3240.080078125,3240.080078125
2021-06-07,3244.590087890625,3252.1201171875,3252.1201171875
2021-06-08,3251.830078125,3247.830078125,3247.830078125
2021-06-09,3245.080078125,3216.179931640625,3216.179931640625
2021-06-10,3216.93994140625,3224.639892578125,3224.639892578125
2021-06-11,3226.97998046875,3249.320068359375,3249.320068359375
2021-06-14,3249.60009765625,3252.1298828125,3252.1298828125
2021-06-15,3253.169921875,3258.6298828125,3258.6298828125
2021-06-16,3259.06005859375,3278.679931640625,3278.679931640625
2021-06-17,3276.199951171875,3264.9599609375,3264.9599609375
2021-06-18,3265.679931640625,3267.929931640625,3267.929931640625
2021-06-21,3264.179931640625,3240.7900390625,3240.7900390625
2021-06-22,3245.7900390625,3263.8798828125,3263.8798828125
2021-06-23,3265.72998046875,3276.18994140625,3276.18994140625
2021-06-24,3281.469970703125,3286.10009765625,3286.10009765625
2021-06-25,3289.179931640625,3302.840087890625,3302.840087890625
2021-06-28,3305.4599609375,3301.889892578125,3301.889892578125
2021-06-29,3305.260009765625,3286.679931640625,3286.679931640625
2021-06-30,3288.6298828125,3296.679931640625,3296.679931640625
2021-07-01,3297.919921875,3282.06005859375,3282.06005859375
2021-07-02,3282.81005859375,3281.780029296875,3281.780029296875
2021-07-05,3285.2900390625,3293.2099609375,3293.2099609375
2021-07-06,3295.43994140625,3305.2099609375,3305.2099609375
2021-07-07,3303.590087890625,3285.340087890625,3285.340087890625
2021-07-08,3287.679931640625,3252.679931640625,3252.679931640625
2021-07-09,3245.52001953125,3217.949951171875,3217.949951171875
2021-07-12,3227.510009765625,3246.469970703125,3246.469970703125
2021-07-13,3253.239990234375,3271.3798828125,3271.3798828125
2021-07-14,3270.090087890625,3264.81005859375,3264.81005859375
2021-07-15,3269.330078125,3286.219970703125,3286.219970703125
2021-07-16,3282.889892578125,3276.909912109375,3276.909912109375
2021-07-19,3258.8701171875,3244.0400390625,3244.0400390625
2021-07-20,3223.239990234375,3232.699951171875,3232.699951171875
2021-07-21,3251.1298828125,3215.909912109375,3215.909912109375
2021-07-22,3235.169921875,3250.2099609375,3250.2099609375
2021-07-23,3253.43994140625,3254.419921875,3254.419921875
2021-07-26,3265.989990234375,3224.949951171875,3224.949951171875
2021-07-27,3244.429931640625,3232.530029296875,3232.530029296875
2021-07-28,3226.06005859375,3236.860107421875,3236.860107421875
2021-07-29,3248.489990234375,3242.64990234375,3242.64990234375
2021-07-30,3234.3701171875,3202.320068359375,3202.320068359375
2021-08-02,3218.419921875,3223.0400390625,3223.0400390625
2021-08-03,3221.570068359375,3237.139892578125,3237.139892578125
2021-08-04,3246.64990234375,3280.3798828125,3280.3798828125
2021-08-05,3283.25,3276.1298828125,3276.1298828125
2021-08-06,3277.06005859375,3270.360107421875,3270.360107421875
2021-08-09,3258.10009765625,3260.419921875,3260.419921875
2021-08-10,3272.43994140625,3243.18994140625,3243.18994140625
2021-08-11,3235.360107421875,3220.6201171875,3220.6201171875
2021-08-12,3213.580078125,3208.3798828125,3208.3798828125
2021-08-13,3205.75,3171.2900390625,3171.2900390625
2021-08-17,3169.739990234375,3143.090087890625,3143.090087890625
2021-08-18,3141.97998046875,3158.929931640625,3158.929931640625
2021-08-19,3140.010009765625,3097.830078125,3097.830078125
2021-08-20,3111.10009765625,3060.510009765625,3060.510009765625
2021-08-23,3086.81005859375,3090.2099609375,3090.2099609375
2021-08-24,3119.699951171875,3138.300048828125,3138.300048828125
2021-08-25,3148.1298828125,3146.81005859375,3146.81005859375
2021-08-26,3151.300048828125,3128.530029296875,3128.530029296875
2021-08-27,3116.2900390625,3133.89990234375,3133.89990234375
2021-08-30,3160.8701171875,3144.18994140625,3144.18994140625
2021-08-31,3144.489990234375,3199.27001953125,3199.27001953125
2021-09-01,3195.669921875,3207.02001953125,3207.02001953125
2021-09-02,3198.030029296875,3175.85009765625,3175.85009765625
2021-09-03,3189.7099609375,3201.06005859375,3201.06005859375
2021-09-06,3196.300048828125,3203.330078125,3203.330078125
2021-09-07,3200.070068359375,3187.419921875,3187.419921875
2021-09-08,3178.739990234375,3162.989990234375,3162.989990234375
2021-09-09,3146.639892578125,3114.699951171875,3114.699951171875
2021-09-10,3121.090087890625,3125.760009765625,3125.760009765625
2021-09-13,3117.35009765625,3127.860107421875,3127.860107421875
2021-09-14,3137.320068359375,3148.830078125,3148.830078125
2021-09-15,3147.2099609375,3153.39990234375,3153.39990234375
2021-09-16,3165.3798828125,3130.090087890625,3130.090087890625
2021-09-17,3127.75,3140.510009765625,3140.510009765625
2021-09-23,3123.639892578125,3127.580078125,3127.580078125
2021-09-24,3140.72998046875,3125.239990234375,3125.239990234375
2021-09-27,3121.699951171875,3133.639892578125,3133.639892578125
2021-09-28,3133.39990234375,3097.919921875,3097.919921875
2021-09-29,3055.5,3060.27001953125,3060.27001953125
2021-09-30,3054.8701171875,3068.820068359375,3068.820068359375
2021-10-01,3056.2099609375,3019.179931640625,3019.179931640625
2021-10-05,2998.169921875,2962.169921875,2962.169921875
2021-10-06,2986.06005859375,2908.31005859375,2908.31005859375
2021-10-07,2936.8701171875,2959.4599609375,2959.4599609375
2021-10-08,2977.820068359375,2956.300048828125,2956.300048828125
2021-10-12,2950.219970703125,2916.3798828125,2916.3798828125
2021-10-13,2913.340087890625,2944.409912109375,2944.409912109375
2021-10-14,2968.8701171875,2988.639892578125,2988.639892578125
2021-10-15,3012.6201171875,3015.06005859375,3015.06005859375
2021-10-18,3017.47998046875,3006.679931640625,3006.679931640625
2021-10-19,3022.22998046875,3029.0400390625,3029.0400390625
2021-10-20,3043.1298828125,3013.1298828125,3013.1298828125
2021-10-21,3012.280029296875,3007.330078125,3007.330078125
2021-10-22,3005.360107421875,3006.159912109375,3006.159912109375
2021-10-25,3001.10009765625,3020.5400390625,3020.5400390625
2021-10-26,3039.820068359375,3049.080078125,3049.080078125
2021-10-27,3045.830078125,3025.489990234375,3025.489990234375
2021-10-28,3023.169921875,3009.550048828125,3009.550048828125
2021-10-29,3025.669921875,2970.679931640625,2970.679931640625
2021-11-01,2984.179931640625,2978.93994140625,2978.93994140625
2021-11-02,2995.580078125,3013.489990234375,3013.489990234375
2021-11-03,3020.360107421875,2975.7099609375,2975.7099609375
2021-11-04,3000.919921875,2983.219970703125,2983.219970703125
2021-11-05,3003.530029296875,2969.27001953125,2969.27001953125
2021-11-08,2965.360107421875,2960.199951171875,2960.199951171875
2021-11-09,2958.14990234375,2962.4599609375,2962.4599609375
2021-11-10,2947.4599609375,2930.169921875,2930.169921875
2021-11-11,2911.409912109375,2924.919921875,2924.919921875
2021-11-12,2945.949951171875,2968.800048828125,2968.800048828125
2021-11-15,2989.679931640625,2999.52001953125,2999.52001953125
2021-11-16,2995.679931640625,2997.2099609375,2997.2099609375
2021-11-17,3004.02001953125,2962.419921875,2962.419921875
2021-11-18,2959.260009765625,2947.3798828125,2947.3798828125
2021-11-19,2951.06005859375,2971.02001953125,2971.02001953125
2021-11-22,2983.3798828125,3013.25,3013.25
2021-11-23,3013.159912109375,2997.330078125,2997.330078125
2021-11-24,3006.340087890625,2994.2900390625,2994.2900390625
2021-11-25,2996.739990234375,2980.27001953125,2980.27001953125
2021-11-26,2973.0400390625,2936.43994140625,2936.43994140625
2021-11-29,2906.14990234375,2909.320068359375,2909.320068359375
2021-11-30,2932.7099609375,2839.010009765625,2839.010009765625
2021-12-01,2860.1201171875,2899.719970703125,2899.719970703125
2021-12-02,2874.639892578125,2945.27001953125,2945.27001953125
2021-12-03,2935.929931640625,2968.330078125,2968.330078125
2021-12-06,2954.820068359375,2973.25,2973.25
2021-12-07,2973.840087890625,2991.719970703125,2991.719970703125
2021-12-08,3017.929931640625,3001.800048828125,3001.800048828125
2021-12-09,3007.0,3029.570068359375,3029.570068359375
2021-12-10,3008.699951171875,3010.22998046875,3010.22998046875
2021-12-13,3019.669921875,3001.659912109375,3001.659912109375
2021-12-14,2983.949951171875,2987.949951171875,2987.949951171875
2021-12-15,2979.830078125,2989.389892578125,2989.389892578125
2021-12-16,3013.260009765625,3006.409912109375,3006.409912109375
2021-12-17,2985.199951171875,3017.72998046875,3017.72998046875
2021-12-20,3001.330078125,2963.0,2963.0
2021-12-21,2981.669921875,2975.030029296875,2975.030029296875
2021-12-22,2993.5,2984.47998046875,2984.47998046875
2021-12-23,2998.02001953125,2998.169921875,2998.169921875
2021-12-24,3009.47998046875,3012.429931640625,3012.429931640625
2021-12-27,3013.93994140625,2999.550048828125,2999.550048828125
2021-12-28,3006.77001953125,3020.239990234375,3020.239990234375
2021-12-29,3002.89990234375,2993.2900390625,2993.2900390625
2021-12-30,2999.75,2977.64990234375,2977.64990234375
2022-01-04,2991.969970703125,2989.239990234375,2989.239990234375
2022-01-05,2984.050048828125,2953.969970703125,2953.969970703125
2022-01-06,2925.39990234375,2920.530029296875,2920.530029296875
2022-01-07,2933.780029296875,2954.889892578125,2954.889892578125
2022-01-10,2947.3701171875,2926.719970703125,2926.719970703125
2022-01-11,2930.929931640625,2927.3798828125,2927.3798828125
2022-01-12,2950.780029296875,2972.47998046875,2972.47998046875
2022-01-13,2979.909912109375,2962.090087890625,2962.090087890625
2022-01-14,2937.610107421875,2921.919921875,2921.919921875
2022-01-17,2918.550048828125,2890.10009765625,2890.10009765625
2022-01-18,2898.97998046875,2864.239990234375,2864.239990234375
2022-01-19,2840.340087890625,2842.280029296875,2842.280029296875
2022-01-20,2842.280029296875,2862.679931640625,2862.679931640625
2022-01-21,2837.489990234375,2834.2900390625,2834.2900390625
2022-01-24,2823.760009765625,2792.0,2792.0
2022-01-25,2786.409912109375,2720.389892578125,2720.389892578125
2022-01-26,2729.75,2709.239990234375,2709.239990234375
2022-01-27,2709.239990234375,2614.489990234375,2614.489990234375
2022-01-28,2617.8701171875,2663.340087890625,2663.340087890625
2022-02-03,2706.340087890625,2707.820068359375,2707.820068359375
2022-02-04,2714.830078125,2750.260009765625,2750.260009765625
2022-02-07,2750.699951171875,2745.06005859375,2745.06005859375
2022-02-08,2767.760009765625,2746.469970703125,2746.469970703125
2022-02-09,2772.6298828125,2768.85009765625,2768.85009765625
2022-02-10,2787.43994140625,2771.929931640625,2771.929931640625
2022-02-11,2739.139892578125,2747.7099609375,2747.7099609375
2022-02-14,2715.10009765625,2704.47998046875,2704.47998046875
2022-02-15,2712.449951171875,2676.5400390625,2676.5400390625
2022-02-16,2719.610107421875,2729.679931640625,2729.679931640625
2022-02-17,2735.110107421875,2744.090087890625,2744.090087890625
2022-02-18,2714.52001953125,2744.52001953125,2744.52001953125
2022-02-21,2706.64990234375,2743.800048828125,2743.800048828125
2022-02-22,2705.080078125,2706.7900390625,2706.7900390625
2022-02-23,2727.429931640625,2719.530029296875,2719.530029296875
2022-02-24,2689.280029296875,2648.800048828125,2648.800048828125
2022-02-25,2678.469970703125,2676.760009765625,2676.760009765625
2022-02-28,2663.0,2699.179931640625,2699.179931640625
2022-03-02,2698.31005859375,2703.52001953125,2703.52001953125
2022-03-03,2729.860107421875,2747.080078125,2747.080078125
2022-03-04,2736.580078125,2713.429931640625,2713.429931640625
2022-03-07,2680.169921875,2651.31005859375,2651.31005859375
2022-03-08,2617.330078125,2622.39990234375,2622.39990234375
2022-03-10,2660.860107421875,2680.320068359375,2680.320068359375
2022-03-11,2665.949951171875,2661.280029296875,2661.280029296875
2022-03-14,2654.929931640625,2645.64990234375,2645.64990234375
2022-03-15,2630.31005859375,2621.530029296875,2621.530029296875
2022-03-16,2649.85009765625,2659.22998046875,2659.22998046875
2022-03-17,2703.27001953125,2694.510009765625,2694.510009765625
2022-03-18,2695.639892578125,2707.02001953125,2707.02001953125
2022-03-21,2717.81005859375,2686.050048828125,2686.050048828125
2022-03-22,2686.679931640625,2710.0,2710.0
2022-03-23,2727.1201171875,2735.050048828125,2735.050048828125
2022-03-24,2716.25,2729.659912109375,2729.659912109375
2022-03-25,2740.830078125,2729.97998046875,2729.97998046875
2022-03-28,2721.219970703125,2729.56005859375,2729.56005859375
2022-03-29,2745.6201171875,2741.070068359375,2741.070068359375
2022-03-30,2758.31005859375,2746.739990234375,2746.739990234375
2022-03-31,2743.239990234375,2757.64990234375,2757.64990234375
2022-04-01,2745.85009765625,2739.85009765625,2739.85009765625
2022-04-04,2729.860107421875,2757.89990234375,2757.89990234375
2022-04-05,2765.5,2759.199951171875,2759.199951171875
2022-04-06,2739.070068359375,2735.030029296875,2735.030029296875
2022-04-07,2714.699951171875,2695.860107421875,2695.860107421875
2022-04-08,2706.639892578125,2700.389892578125,2700.389892578125
2022-04-11,2687.5400390625,2693.10009765625,2693.10009765625
2022-04-12,2674.169921875,2666.760009765625,2666.760009765625
2022-04-13,2677.530029296875,2716.489990234375,2716.489990234375
2022-04-14,2719.340087890625,2716.7099609375,2716.7099609375
2022-04-15,2695.52001953125,2696.06005859375,2696.06005859375
2022-04-18,2685.0400390625,2693.2099609375,2693.2099609375
2022-04-19,2707.760009765625,2718.889892578125,2718.889892578125
2022-04-20,2718.489990234375,2718.68994140625,2718.68994140625
2022-04-21,2725.7099609375,2728.2099609375,2728.2099609375
2022-04-22,2704.719970703125,2704.7099609375,2704.7099609375
2022-04-25,2676.669921875,2657.1298828125,2657.1298828125
2022-04-26,2674.0,2668.31005859375,2668.31005859375
2022-04-27,2630.580078125,2639.06005859375,2639.06005859375
2022-04-28,2656.5400390625,2667.489990234375,2667.489990234375
2022-04-29,2669.179931640625,2695.050048828125,2695.050048828125
2022-05-02,2669.2099609375,2687.449951171875,2687.449951171875
2022-05-03,2690.159912109375,2680.4599609375,2680.4599609375
2022-05-04,2690.449951171875,2677.570068359375,2677.570068359375
2022-05-06,2650.889892578125,2644.510009765625,2644.510009765625
2022-05-10,2590.1298828125,2596.56005859375,2596.56005859375
2022-05-11,2586.52001953125,2592.27001953125,2592.27001953125
2022-05-12,2569.5,2550.080078125,2550.080078125
2022-05-13,2570.010009765625,2604.239990234375,2604.239990234375
2022-05-16,2624.68994140625,2596.580078125,2596.580078125
2022-05-17,2603.580078125,2620.43994140625,2620.43994140625
2022-05-18,2634.75,2625.97998046875,2625.97998046875
2022-05-19,2576.239990234375,2592.340087890625,2592.340087890625
2022-05-20,2605.780029296875,2639.2900390625,2639.2900390625
2022-05-23,2651.6298828125,2647.3798828125,2647.3798828125
2022-05-24,2638.93994140625,2605.8701171875,2605.8701171875
2022-05-25,2621.75,2617.219970703125,2617.219970703125
2022-05-26,2616.989990234375,2612.449951171875,2612.449951171875
2022-05-27,2640.75,2638.050048828125,2638.050048828125
2022-05-30,2662.31005859375,2669.659912109375,2669.659912109375
2022-05-31,2666.8798828125,2685.89990234375,2685.89990234375
2022-06-02,2670.739990234375,2658.989990234375,2658.989990234375
2022-06-03,2679.570068359375,2670.64990234375,2670.64990234375
2022-06-07,2659.27001953125,2626.340087890625,2626.340087890625
2022-06-08,2633.530029296875,2626.14990234375,2626.14990234375
2022-06-09,2618.919921875,2625.43994140625,2625.43994140625
2022-06-10,2596.3701171875,2595.8701171875,2595.8701171875
2022-06-13,2550.2099609375,2504.510009765625,2504.510009765625
2022-06-14,2472.9599609375,2492.969970703125,2492.969970703125
2022-06-15,2490.010009765625,2447.3798828125,2447.3798828125
2022-06-16,2481.659912109375,2451.409912109375,2451.409912109375
2022-06-17,2409.719970703125,2440.929931640625,2440.929931640625
2022-06-20,2449.889892578125,2391.030029296875,2391.030029296875
2022-06-21,2402.989990234375,2408.929931640625,2408.929931640625
2022-06-22,2417.110107421875,2342.81005859375,2342.81005859375
2022-06-23,2347.840087890625,2314.320068359375,2314.320068359375
2022-06-24,2327.110107421875,2366.60009765625,2366.60009765625
2022-06-27,2383.199951171875,2401.919921875,2401.919921875
2022-06-28,2405.199951171875,2422.090087890625,2422.090087890625
2022-06-29,2387.10009765625,2377.989990234375,2377.989990234375
2022-06-30,2368.570068359375,2332.639892578125,2332.639892578125
2022-07-01,2342.919921875,2305.419921875,2305.419921875
2022-07-04,2310.72998046875,2300.340087890625,2300.340087890625
2022-07-05,2322.110107421875,2341.780029296875,2341.780029296875
2022-07-06,2330.110107421875,2292.010009765625,2292.010009765625
2022-07-07,2308.969970703125,2334.27001953125,2334.27001953125
2022-07-08,2352.489990234375,2350.610107421875,2350.610107421875
2022-07-11,2357.429931640625,2340.27001953125,2340.27001953125
2022-07-12,2330.8798828125,2317.760009765625,2317.760009765625
2022-07-13,2324.449951171875,2328.610107421875,2328.610107421875
2022-07-14,2316.409912109375,2322.320068359375,2322.320068359375
2022-07-15,2335.1201171875,2330.97998046875,2330.97998046875
2022-07-18,2350.47998046875,2375.25,2375.25
2022-07-19,2367.52001953125,2370.969970703125,2370.969970703125
2022-07-20,2406.2900390625,2386.85009765625,2386.85009765625
2022-07-21,2387.909912109375,2409.159912109375,2409.159912109375
2022-07-22,2405.3701171875,2393.139892578125,2393.139892578125
2022-07-25,2385.64990234375,2403.68994140625,2403.68994140625
2022-07-26,2397.27001953125,2412.9599609375,2412.9599609375
2022-07-27,2412.52001953125,2415.530029296875,2415.530029296875
2022-07-28,2437.570068359375,2435.27001953125,2435.27001953125
2022-07-29,2453.530029296875,2451.5,2451.5
2022-08-01,2444.050048828125,2452.25,2452.25
2022-08-02,2451.0,2439.6201171875,2439.6201171875
2022-08-03,2438.56005859375,2461.449951171875,2461.449951171875
2022-08-04,2478.43994140625,2473.110107421875,2473.110107421875
2022-08-05,2481.429931640625,2490.800048828125,2490.800048828125
2022-08-08,2481.169921875,2493.10009765625,2493.10009765625
2022-08-09,2493.570068359375,2503.4599609375,2503.4599609375
2022-08-10,2493.699951171875,2480.8798828125,2480.8798828125
2022-08-11,2507.739990234375,2523.780029296875,2523.780029296875
2022-08-12,2519.659912109375,2527.93994140625,2527.93994140625
2022-08-16,2543.050048828125,2533.52001953125,2533.52001953125
2022-08-17,2536.570068359375,2516.469970703125,2516.469970703125
2022-08-18,2499.300048828125,2508.050048828125,2508.050048828125
2022-08-19,2510.719970703125,2492.68994140625,2492.68994140625
2022-08-22,2467.3798828125,2462.5,2462.5
2022-08-23,2449.31005859375,2435.340087890625,2435.340087890625
2022-08-24,2446.179931640625,2447.449951171875,2447.449951171875
2022-08-25,2459.7900390625,2477.260009765625,2477.260009765625
2022-08-26,2489.139892578125,2481.030029296875,2481.030029296875
2022-08-29,2432.06005859375,2426.889892578125,2426.889892578125
2022-08-30,2441.2099609375,2450.929931640625,2450.929931640625
2022-08-31,2433.469970703125,2472.050048828125,2472.050048828125
2022-09-01,2443.0,2415.610107421875,2415.610107421875
2022-09-02,2427.699951171875,2409.409912109375,2409.409912109375
2022-09-05,2410.070068359375,2403.679931640625,2403.679931640625
2022-09-06,2409.719970703125,2410.02001953125,2410.02001953125
2022-09-07,2395.659912109375,2376.4599609375,2376.4599609375
2022-09-08,2393.27001953125,2384.280029296875,2384.280029296875
2022-09-13,2418.590087890625,2449.5400390625,2449.5400390625
2022-09-14,2390.469970703125,2411.419921875,2411.419921875
2022-09-15,2416.010009765625,2401.830078125,2401.830078125
2022-09-16,2387.56005859375,2382.780029296875,2382.780029296875
2022-09-19,2388.72998046875,2355.659912109375,2355.659912109375
2022-09-20,2373.639892578125,2367.85009765625,2367.85009765625
2022-09-21,2351.5400390625,2347.2099609375,2347.2099609375
2022-09-22,2319.699951171875,2332.31005859375,2332.31005859375
2022-09-23,2331.330078125,2290.0,2290.0
2022-09-26,2260.800048828125,2220.93994140625,2220.93994140625
2022-09-27,2224.389892578125,2223.860107421875,2223.860107421875
2022-09-28,2206.14990234375,2169.2900390625,2169.2900390625
2022-09-29,2197.75,2170.929931640625,2170.929931640625
2022-09-30,2161.110107421875,2155.489990234375,2155.489990234375
2022-10-04,2189.510009765625,2209.3798828125,2209.3798828125
2022-10-05,2248.85009765625,2215.219970703125,2215.219970703125
2022-10-06,2230.429931640625,2237.860107421875,2237.860107421875
2022-10-07,2217.840087890625,2232.840087890625,2232.840087890625
2022-10-11,2193.02001953125,2192.070068359375,2192.070068359375
2022-10-12,2191.35009765625,2202.469970703125,2202.469970703125
2022-10-13,2198.2900390625,2162.8701171875,2162.8701171875
2022-10-14,2200.659912109375,2212.550048828125,2212.550048828125
2022-10-17,2187.169921875,2219.7099609375,2219.7099609375
2022-10-18,2249.14990234375,2249.949951171875,2249.949951171875
2022-10-19,2249.35009765625,2237.43994140625,2237.43994140625
2022-10-20,2225.530029296875,2218.090087890625,2218.090087890625
2022-10-21,2210.590087890625,2213.1201171875,2213.1201171875
2022-10-24,2248.260009765625,2236.159912109375,2236.159912109375
2022-10-25,2237.0400390625,2235.070068359375,2235.070068359375
2022-10-26,2240.699951171875,2249.56005859375,2249.56005859375
2022-10-27,2266.070068359375,2288.780029296875,2288.780029296875
2022-10-28,2276.72998046875,2268.39990234375,2268.39990234375
2022-10-31,2293.75,2293.610107421875,2293.610107421875
2022-11-01,2301.580078125,2335.219970703125,2335.219970703125
2022-11-02,2326.050048828125,2336.8701171875,2336.8701171875
2022-11-03,2297.449951171875,2329.169921875,2329.169921875
2022-11-04,2325.85009765625,2348.429931640625,2348.429931640625
2022-11-07,2360.219970703125,2371.7900390625,2371.7900390625
2022-11-08,2387.199951171875,2399.0400390625,2399.0400390625
2022-11-09,2408.5400390625,2424.409912109375,2424.409912109375
2022-11-10,2405.77001953125,2402.22998046875,2402.22998046875
2022-11-11,2466.89990234375,2483.159912109375,2483.159912109375
2022-11-14,2485.179931640625,2474.64990234375,2474.64990234375
2022-11-15,2482.760009765625,2480.330078125,2480.330078125
2022-11-16,2487.0,2477.449951171875,2477.449951171875
2022-11-17,2466.5,2442.89990234375,2442.89990234375
2022-11-18,2448.1298828125,2444.47998046875,2444.47998046875
2022-11-21,2446.050048828125,2419.5,2419.5
2022-11-22,2405.9599609375,2405.27001953125,2405.27001953125
2022-11-23,2424.360107421875,2418.010009765625,2418.010009765625
2022-11-24,2437.510009765625,2441.330078125,2441.330078125
2022-11-25,2442.2099609375,2437.860107421875,2437.860107421875
2022-11-28,2425.050048828125,2408.27001953125,2408.27001953125
2022-11-29,2405.5400390625,2433.389892578125,2433.389892578125
2022-11-30,2424.43994140625,2472.530029296875,2472.530029296875
2022-12-01,2501.429931640625,2479.840087890625,2479.840087890625
2022-12-02,2471.5,2434.330078125,2434.330078125
2022-12-05,2442.169921875,2419.320068359375,2419.320068359375
2022-12-06,2397.699951171875,2393.159912109375,2393.159912109375
2022-12-07,2385.8701171875,2382.81005859375,2382.81005859375
2022-12-08,2386.89990234375,2371.080078125,2371.080078125
2022-12-09,2382.72998046875,2389.0400390625,2389.0400390625
2022-12-12,2373.580078125,2373.02001953125,2373.02001953125
2022-12-13,2385.050048828125,2372.39990234375,2372.39990234375
2022-12-14,2380.81005859375,2399.25,2399.25
2022-12-15,2383.830078125,2360.969970703125,2360.969970703125
2022-12-16,2329.75,2360.02001953125,2360.02001953125
2022-12-19,2350.780029296875,2352.169921875,2352.169921875
2022-12-20,2344.72998046875,2333.2900390625,2333.2900390625
2022-12-21,2346.389892578125,2328.949951171875,2328.949951171875
2022-12-22,2340.0,2356.72998046875,2356.72998046875
2022-12-23,2325.860107421875,2313.68994140625,2313.68994140625
2022-12-26,2312.5400390625,2317.139892578125,2317.139892578125
2022-12-27,2327.52001953125,2332.7900390625,2332.7900390625
2022-12-28,2296.449951171875,2280.449951171875,2280.449951171875
2022-12-29,2265.72998046875,2236.39990234375,2236.39990234375
2023-01-02,2249.949951171875,2225.669921875,2225.669921875
2023-01-03,2230.97998046875,2218.679931640625,2218.679931640625
2023-01-04,2205.97998046875,2255.97998046875,2255.97998046875
2023-01-05,2268.199951171875,2264.64990234375,2264.64990234375
2023-01-06,2253.39990234375,2289.969970703125,2289.969970703125
2023-01-09,2315.8701171875,2350.18994140625,2350.18994140625
2023-01-10,2348.0400390625,2351.31005859375,2351.31005859375
2023-01-11,2364.050048828125,2359.530029296875,2359.530029296875
2023-01-12,2376.719970703125,2365.10009765625,2365.10009765625
2023-01-13,2377.340087890625,2386.090087890625,2386.090087890625
2023-01-16,2390.06005859375,2399.860107421875,2399.860107421875
2023-01-17,2400.919921875,2379.389892578125,2379.389892578125
2023-01-18,2380.360107421875,2368.320068359375,2368.320068359375
2023-01-19,2354.56005859375,2380.340087890625,2380.340087890625
2023-01-20,2380.0,2395.260009765625,2395.260009765625
2023-01-25,2426.580078125,2428.570068359375,2428.570068359375
2023-01-26,2436.179931640625,2468.64990234375,2468.64990234375
2023-01-27,2474.52001953125,2484.02001953125,2484.02001953125
2023-01-30,2484.639892578125,2450.469970703125,2450.469970703125
2023-01-31,2449.919921875,2425.080078125,2425.080078125
2023-02-01,2446.030029296875,2449.800048828125,2449.800048828125
2023-02-02,2481.93994140625,2468.8798828125,2468.8798828125
2023-02-03,2466.5400390625,2480.39990234375,2480.39990234375
2023-02-06,2461.820068359375,2438.18994140625,2438.18994140625
2023-02-07,2440.139892578125,2451.7099609375,2451.7099609375
2023-02-08,2469.419921875,2483.639892578125,2483.639892578125
2023-02-09,2470.659912109375,2481.52001953125,2481.52001953125
2023-02-10,2470.64990234375,2469.72998046875,2469.72998046875
2023-02-13,2461.9599609375,2452.699951171875,2452.699951171875
2023-02-14,2471.330078125,2465.639892578125,2465.639892578125
2023-02-15,2473.090087890625,2427.89990234375,2427.89990234375
2023-02-16,2444.06005859375,2475.47998046875,2475.47998046875
2023-02-17,2447.659912109375,2451.2099609375,2451.2099609375
2023-02-20,2453.25,2455.1201171875,2455.1201171875
2023-02-21,2457.510009765625,2458.9599609375,2458.9599609375
2023-02-22,2430.8701171875,2417.679931640625,2417.679931640625
2023-02-23,2430.010009765625,2439.090087890625,2439.090087890625
2023-02-24,2442.489990234375,2423.610107421875,2423.610107421875
2023-02-27,2405.419921875,2402.639892578125,2402.639892578125
2023-02-28,2417.580078125,2412.85009765625,2412.85009765625
2023-03-02,2414.610107421875,2427.85009765625,2427.85009765625
2023-03-03,2438.72998046875,2432.070068359375,2432.070068359375
2023-03-06,2452.4599609375,2462.6201171875,2462.6201171875
2023-03-07,2457.0400390625,2463.35009765625,2463.35009765625
2023-03-08,2435.580078125,2431.909912109375,2431.909912109375
2023-03-09,2440.7900390625,2419.090087890625,2419.090087890625
2023-03-10,2389.820068359375,2394.590087890625,2394.590087890625
2023-03-13,2400.449951171875,2410.60009765625,2410.60009765625
2023-03-14,2390.360107421875,2348.969970703125,2348.969970703125
2023-03-15,2380.090087890625,2379.719970703125,2379.719970703125
2023-03-16,2357.97998046875,2377.909912109375,2377.909912109375
2023-03-17,2403.699951171875,2395.68994140625,2395.68994140625
2023-03-20,2391.8701171875,2379.199951171875,2379.199951171875
2023-03-21,2396.5400390625,2388.35009765625,2388.35009765625
2023-03-22,2411.25,2416.9599609375,2416.9599609375
2023-03-23,2398.27001953125,2424.47998046875,2424.47998046875
2023-03-24,2421.27001953125,2414.9599609375,2414.9599609375
2023-03-27,2423.93994140625,2409.219970703125,2409.219970703125
2023-03-28,2418.68994140625,2434.93994140625,2434.93994140625
2023-03-29,2432.6298828125,2443.919921875,2443.919921875
2023-03-30,2452.969970703125,2453.159912109375,2453.159912109375
2023-03-31,2459.93994140625,2476.860107421875,2476.860107421875
2023-04-03,2485.81005859375,2472.340087890625,2472.340087890625
2023-04-04,2475.8701171875,2480.510009765625,2480.510009765625
2023-04-05,2482.610107421875,2495.2099609375,2495.2099609375
2023-04-06,2488.0,2459.22998046875,2459.22998046875
2023-04-07,2478.639892578125,2490.409912109375,2490.409912109375
2023-04-10,2491.679931640625,2512.080078125,2512.080078125
2023-04-11,2523.330078125,2547.860107421875,2547.860107421875
2023-04-12,2546.360107421875,2550.639892578125,2550.639892578125
2023-04-13,2534.7099609375,2561.659912109375,2561.659912109375
2023-04-14,2580.10009765625,2571.489990234375,2571.489990234375
2023-04-17,2570.300048828125,2575.909912109375,2575.909912109375
2023-04-18,2582.22998046875,2571.090087890625,2571.090087890625
2023-04-19,2570.06005859375,2575.080078125,2575.080078125
2023-04-20,2566.06005859375,2563.110107421875,2563.110107421875
2023-04-21,2556.699951171875,2544.39990234375,2544.39990234375
2023-04-24,2538.360107421875,2523.5,2523.5
2023-04-25,2531.35009765625,2489.02001953125,2489.02001953125
2023-04-26,2489.489990234375,2484.830078125,2484.830078125
2023-04-27,2484.31005859375,2495.81005859375,2495.81005859375
2023-04-28,2511.7900390625,2501.530029296875,2501.530029296875
2023-05-02,2504.010009765625,2524.389892578125,2524.389892578125
2023-05-03,2510.18994140625,2501.39990234375,2501.39990234375
2023-05-04,2494.820068359375,2500.93994140625,2500.93994140625
2023-05-08,2518.530029296875,2513.2099609375,2513.2099609375
2023-05-09,2512.340087890625,2510.06005859375,2510.06005859375
2023-05-10,2505.9599609375,2496.510009765625,2496.510009765625
2023-05-11,2505.570068359375,2491.0,2491.0
2023-05-12,2487.35009765625,2475.419921875,2475.419921875
2023-05-15,2469.800048828125,2479.35009765625,2479.35009765625
2023-05-16,2494.39990234375,2480.239990234375,2480.239990234375
2023-05-17,2479.64990234375,2494.659912109375,2494.659912109375
2023-05-18,2511.090087890625,2515.39990234375,2515.39990234375
2023-05-19,2530.830078125,2537.7900390625,2537.7900390625
2023-05-22,2540.030029296875,2557.080078125,2557.080078125
2023-05-23,2565.800048828125,2567.550048828125,2567.550048828125
2023-05-24,2557.110107421875,2567.449951171875,2567.449951171875
2023-05-25,2570.639892578125,2554.68994140625,2554.68994140625
2023-05-26,2561.93994140625,2558.81005859375,2558.81005859375
2023-05-30,2582.409912109375,2585.52001953125,2585.52001953125
2023-05-31,2586.030029296875,2577.1201171875,2577.1201171875
2023-06-01,2572.56005859375,2569.169921875,2569.169921875
2023-06-02,2586.27001953125,2601.360107421875,2601.360107421875
2023-06-05,2617.429931640625,2615.409912109375,2615.409912109375
2023-06-07,2623.4599609375,2615.60009765625,2615.60009765625
2023-06-08,2609.2099609375,2610.85009765625,2610.85009765625
2023-06-09,2624.14990234375,2641.159912109375,2641.159912109375
2023-06-12,2647.489990234375,2629.35009765625,2629.35009765625
2023-06-13,2644.429931640625,2637.949951171875,2637.949951171875
2023-06-14,2640.81005859375,2619.080078125,2619.080078125
2023-06-15,2629.239990234375,2608.5400390625,2608.5400390625
2023-06-16,2623.570068359375,2625.7900390625,2625.7900390625
2023-06-19,2618.06005859375,2609.5,2609.5
2023-06-20,2602.830078125,2604.909912109375,2604.909912109375
2023-06-21,2599.18994140625,2582.6298828125,2582.6298828125
2023-06-22,2575.64990234375,2593.699951171875,2593.699951171875
2023-06-23,2599.0400390625,2570.10009765625,2570.10009765625
2023-06-26,2568.64990234375,2582.199951171875,2582.199951171875
2023-06-27,2581.02001953125,2581.389892578125,2581.389892578125
2023-06-28,2590.52001953125,2564.18994140625,2564.18994140625
2023-06-29,2564.02001953125,2550.02001953125,2550.02001953125
2023-06-30,2558.429931640625,2564.280029296875,2564.280029296875
2023-07-03,2580.889892578125,2602.469970703125,2602.469970703125
2023-07-04,2604.719970703125,2593.31005859375,2593.31005859375
2023-07-05,2593.469970703125,2579.0,2579.0
2023-07-06,2574.75,2556.2900390625,2556.2900390625
2023-07-07,2547.409912109375,2526.7099609375,2526.7099609375
2023-07-10,2528.080078125,2520.699951171875,2520.699951171875
2023-07-11,2538.840087890625,2562.489990234375,2562.489990234375
2023-07-12,2557.610107421875,2574.719970703125,2574.719970703125
2023-07-13,2589.889892578125,2591.22998046875,2591.22998046875
2023-07-14,2607.469970703125,2628.300048828125,2628.300048828125
2023-07-17,2617.669921875,2619.0,2619.0
2023-07-18,2624.590087890625,2607.6201171875,2607.6201171875
2023-07-19,2622.239990234375,2608.239990234375,2608.239990234375
2023-07-20,2595.3798828125,2600.22998046875,2600.22998046875
2023-07-21,2581.06005859375,2609.760009765625,2609.760009765625
2023-07-24,2608.469970703125,2628.530029296875,2628.530029296875
2023-07-25,2643.35009765625,2636.4599609375,2636.4599609375
2023-07-26,2638.760009765625,2592.360107421875,2592.360107421875
2023-07-27,2599.820068359375,2603.81005859375,2603.81005859375
2023-07-28,2593.669921875,2608.320068359375,2608.320068359375
2023-07-31,2628.8701171875,2632.580078125,2632.580078125
2023-08-01,2644.340087890625,2667.070068359375,2667.070068359375
2023-08-02,2651.530029296875,2616.469970703125,2616.469970703125
2023-08-03,2624.760009765625,2605.389892578125,2605.389892578125
2023-08-04,2606.169921875,2602.800048828125,2602.800048828125
2023-08-07,2591.580078125,2580.7099609375,2580.7099609375
2023-08-08,2598.2900390625,2573.97998046875,2573.97998046875
2023-08-09,2580.60009765625,2605.1201171875,2605.1201171875
2023-08-10,2592.39990234375,2601.56005859375,2601.56005859375
2023-08-11,2611.25,2591.260009765625,2591.260009765625
2023-08-14,2586.510009765625,2570.8701171875,2570.8701171875
2023-08-16,2550.1298828125,2525.639892578125,2525.639892578125
2023-08-17,2512.919921875,2519.85009765625,2519.85009765625
2023-08-18,2495.179931640625,2504.5,2504.5
2023-08-21,2511.699951171875,2508.800048828125,2508.800048828125
2023-08-22,2528.389892578125,2515.739990234375,2515.739990234375
2023-08-23,2510.0,2505.5,2505.5
2023-08-24,2531.780029296875,2537.679931640625,2537.679931640625
2023-08-25,2505.389892578125,2519.139892578125,2519.139892578125
2023-08-28,2519.139892578125,2543.409912109375,2543.409912109375
2023-08-29,2550.760009765625,2552.159912109375,2552.159912109375
2023-08-30,2575.419921875,2561.219970703125,2561.219970703125
2023-08-31,2564.449951171875,2556.27001953125,2556.27001953125
2023-09-01,2551.929931640625,2563.7099609375,2563.7099609375
2023-09-04,2566.929931640625,2584.550048828125,2584.550048828125
2023-09-05,2578.909912109375,2582.179931640625,2582.179931640625
2023-09-06,2577.409912109375,2563.340087890625,2563.340087890625
2023-09-07,2554.8701171875,2548.260009765625,2548.260009765625
2023-09-08,2546.070068359375,2547.679931640625,2547.679931640625
2023-09-11,2549.8798828125,2556.8798828125,2556.8798828125
2023-09-12,2566.419921875,2536.580078125,2536.580078125
2023-09-13,2536.219970703125,2534.699951171875,2534.699951171875
2023-09-14,2544.889892578125,2572.889892578125,2572.889892578125
2023-09-15,2574.97998046875,2601.280029296875,2601.280029296875
2023-09-18,2588.68994140625,2574.719970703125,2574.719970703125
2023-09-19,2579.360107421875,2559.2099609375,2559.2099609375
2023-09-20,2556.550048828125,2559.739990234375,2559.739990234375
2023-09-21,2544.81005859375,2514.969970703125,2514.969970703125
2023-09-22,2491.449951171875,2508.1298828125,2508.1298828125
2023-09-25,2504.10009765625,2495.760009765625,2495.760009765625
2023-09-26,2493.639892578125,2462.969970703125,2462.969970703125
2023-09-27,2447.989990234375,2465.070068359375,2465.070068359375
2023-10-04,2435.780029296875,2405.68994140625,2405.68994140625
2023-10-05,2423.35009765625,2403.60009765625,2403.60009765625
2023-10-06,2408.81005859375,2408.72998046875,2408.72998046875
2023-10-10,2436.580078125,2402.580078125,2402.580078125
2023-10-11,2436.52001953125,2450.080078125,2450.080078125
2023-10-12,2465.18994140625,2479.820068359375,2479.820068359375
2023-10-13,2460.85009765625,2456.14990234375,2456.14990234375
2023-10-16,2442.429931640625,2436.239990234375,2436.239990234375
2023-10-17,2454.139892578125,2460.169921875,2460.169921875
2023-10-18,2452.050048828125,2462.60009765625,2462.60009765625
2023-10-19,2431.919921875,2415.800048828125,2415.800048828125
2023-10-20,2391.5400390625,2375.0,2375.0
2023-10-23,2370.070068359375,2357.02001953125,2357.02001953125
2023-10-24,2371.550048828125,2383.510009765625,2383.510009765625
2023-10-25,2389.22998046875,2363.169921875,2363.169921875
2023-10-26,2325.820068359375,2299.080078125,2299.080078125
2023-10-27,2311.590087890625,2302.81005859375,2302.81005859375
2023-10-30,2292.340087890625,2310.550048828125,2310.550048828125
2023-10-31,2318.389892578125,2277.989990234375,2277.989990234375
2023-11-01,2292.889892578125,2301.56005859375,2301.56005859375
2023-11-02,2334.9599609375,2343.1201171875,2343.1201171875
2023-11-03,2365.590087890625,2368.340087890625,2368.340087890625
2023-11-06,2399.800048828125,2502.3701171875,2502.3701171875
2023-11-07,2476.35009765625,2443.9599609375,2443.9599609375
2023-11-08,2460.219970703125,2421.6201171875,2421.6201171875
2023-11-09,2425.929931640625,2427.080078125,2427.080078125
2023-11-10,2406.39990234375,2409.659912109375,2409.659912109375
2023-11-13,2431.239990234375,2403.760009765625,2403.760009765625
2023-11-14,2424.929931640625,2433.25,2433.25
2023-11-15,2482.2099609375,2486.669921875,2486.669921875
2023-11-16,2483.47998046875,2488.179931640625,2488.179931640625
2023-11-17,2477.429931640625,2469.85009765625,2469.85009765625
2023-11-20,2464.719970703125,2491.199951171875,2491.199951171875
2023-11-21,2504.699951171875,2510.419921875,2510.419921875
2023-11-22,2493.169921875,2511.699951171875,2511.699951171875
2023-11-23,2515.830078125,2514.9599609375,2514.9599609375
2023-11-24,2517.8798828125,2496.6298828125,2496.6298828125
2023-11-27,2501.830078125,2495.659912109375,2495.659912109375
2023-11-28,2506.139892578125,2521.760009765625,2521.760009765625
2023-11-29,2518.800048828125,2519.81005859375,2519.81005859375
2023-11-30,2512.110107421875,2535.2900390625,2535.2900390625
2023-12-01,2520.489990234375,2505.010009765625,2505.010009765625
2023-12-04,2522.219970703125,2514.949951171875,2514.949951171875
2023-12-05,2507.449951171875,2494.280029296875,2494.280029296875
2023-12-06,2503.570068359375,2495.3798828125,2495.3798828125
2023-12-07,2493.139892578125,2492.070068359375,2492.070068359375
2023-12-08,2510.239990234375,2517.85009765625,2517.85009765625
2023-12-11,2524.7900390625,2525.360107421875,2525.360107421875
2023-12-12,2535.110107421875,2535.27001953125,2535.27001953125
2023-12-13,2531.22998046875,2510.659912109375,2510.659912109375
2023-12-14,2547.739990234375,2544.179931640625,2544.179931640625
2023-12-15,2558.43994140625,2563.56005859375,2563.56005859375
2023-12-18,2568.77001953125,2566.860107421875,2566.860107421875
2023-12-19,2564.81005859375,2568.550048828125,2568.550048828125
2023-12-20,2586.989990234375,2614.300048828125,2614.300048828125
2023-12-21,2598.3701171875,2600.02001953125,2600.02001953125
2023-12-22,2617.719970703125,2599.510009765625,2599.510009765625
2023-12-26,2609.43994140625,2602.590087890625,2602.590087890625
2023-12-27,2599.35009765625,2613.5,2613.5
2023-12-28,2616.27001953125,2655.280029296875,2655.280029296875
2024-01-02,2645.469970703125,2669.81005859375,2669.81005859375
2024-01-03,2643.5400390625,2607.31005859375,2607.31005859375
2024-01-04,2592.43994140625,2587.02001953125,2587.02001953125
2024-01-05,2586.889892578125,2578.080078125,2578.080078125
2024-01-08,2584.22998046875,2567.820068359375,2567.820068359375
2024-01-09,2598.31005859375,2561.239990234375,2561.239990234375
2024-01-10,2563.969970703125,2541.97998046875,2541.97998046875
2024-01-11,2543.030029296875,2540.27001953125,2540.27001953125
2024-01-12,2536.550048828125,2525.050048828125,2525.050048828125
2024-01-15,2525.68994140625,2525.989990234375,2525.989990234375
2024-01-16,2516.27001953125,2497.590087890625,2497.590087890625
2024-01-17,2501.22998046875,2435.89990234375,2435.89990234375
2024-01-18,2439.9599609375,2440.0400390625,2440.0400390625
2024-01-19,2468.429931640625,2472.739990234375,2472.739990234375
2024-01-22,2489.570068359375,2464.35009765625,2464.35009765625
2024-01-23,2478.320068359375,2478.610107421875,2478.610107421875
2024-01-24,2476.219970703125,2469.68994140625,2469.68994140625
2024-01-25,2467.72998046875,2470.340087890625,2470.340087890625
2024-01-26,2458.050048828125,2478.56005859375,2478.56005859375
2024-01-29,2490.929931640625,2500.64990234375,2500.64990234375
2024-01-30,2523.679931640625,2498.81005859375,2498.81005859375
2024-01-31,2487.89990234375,2497.090087890625,2497.090087890625
2024-02-01,2491.929931640625,2542.4599609375,2542.4599609375
2024-02-02,2559.39990234375,2615.31005859375,2615.31005859375
2024-02-05,2612.77001953125,2591.31005859375,2591.31005859375
2024-02-06,2584.199951171875,2576.199951171875,2576.199951171875
2024-02-07,2592.590087890625,2609.580078125,2609.580078125
2024-02-08,2620.260009765625,2620.320068359375,2620.320068359375
2024-02-13,2644.169921875,2649.639892578125,2649.639892578125
2024-02-14,2609.60009765625,2620.419921875,2620.419921875
2024-02-15,2643.81005859375,2613.800048828125,2613.800048828125
2024-02-16,2635.6298828125,2648.760009765625,2648.760009765625
2024-02-19,2653.1201171875,2680.260009765625,2680.260009765625
2024-02-20,2671.550048828125,2657.7900390625,2657.7900390625
2024-02-21,2656.919921875,2653.31005859375,2653.31005859375
2024-02-22,2671.68994140625,2664.27001953125,2664.27001953125
2024-02-23,2681.030029296875,2667.699951171875,2667.699951171875
2024-02-26,2657.35009765625,2647.080078125,2647.080078125
2024-02-27,2654.760009765625,2625.050048828125,2625.050048828125
2024-02-28,2629.110107421875,2652.2900390625,2652.2900390625
2024-02-29,2643.47998046875,2642.360107421875,2642.360107421875
2024-03-04,2664.52001953125,2674.27001953125,2674.27001953125
2024-03-05,2660.800048828125,2649.39990234375,2649.39990234375
2024-03-06,2638.840087890625,2641.489990234375,2641.489990234375
2024-03-07,2653.97998046875,2647.6201171875,2647.6201171875
2024-03-08,2676.7900390625,2680.35009765625,2680.35009765625
2024-03-11,2665.580078125,2659.840087890625,2659.840087890625
2024-03-12,2673.469970703125,2681.81005859375,2681.81005859375
2024-03-13,2694.7099609375,2693.570068359375,2693.570068359375
2024-03-14,2698.3701171875,2718.760009765625,2718.760009765625
2024-03-15,2701.909912109375,2666.840087890625,2666.840087890625
2024-03-18,2678.52001953125,2685.840087890625,2685.840087890625
2024-03-19,2673.570068359375,2656.169921875,2656.169921875
2024-03-20,2680.699951171875,2690.139892578125,2690.139892578125
2024-03-21,2731.179931640625,2754.860107421875,2754.860107421875
2024-03-22,2751.14990234375,2748.56005859375,2748.56005859375
2024-03-25,2756.590087890625,2737.570068359375,2737.570068359375
2024-03-26,2756.419921875,2757.090087890625,2757.090087890625
2024-03-27,2745.0,2755.110107421875,2755.110107421875
2024-03-28,2753.219970703125,2745.820068359375,2745.820068359375
2024-03-29,2757.27001953125,2746.6298828125,2746.6298828125
2024-04-01,2766.239990234375,2747.860107421875,2747.860107421875
2024-04-02,2744.14990234375,2753.159912109375,2753.159912109375
2024-04-03,2730.679931640625,2706.969970703125,2706.969970703125
2024-04-04,2738.239990234375,2742.0,2742.0
2024-04-05,2713.9599609375,2714.2099609375,2714.2099609375
2024-04-08,2718.760009765625,2717.64990234375,2717.64990234375
2024-04-09,2733.22998046875,2705.159912109375,2705.159912109375
2024-04-11,2665.39990234375,2706.9599609375,2706.9599609375
2024-04-12,2710.889892578125,2681.820068359375,2681.820068359375
2024-04-15,2661.360107421875,2670.429931640625,2670.429931640625
2024-04-16,2644.169921875,2609.6298828125,2609.6298828125
2024-04-17,2619.14990234375,2584.179931640625,2584.179931640625
2024-04-18,2595.4599609375,2634.699951171875,2634.699951171875
2024-04-19,2600.68994140625,2591.860107421875,2591.860107421875
2024-04-22,2615.719970703125,2629.43994140625,2629.43994140625
2024-04-23,2632.14990234375,2623.02001953125,2623.02001953125
2024-04-24,2662.840087890625,2675.75,2675.75
2024-04-25,2646.800048828125,2628.6201171875,2628.6201171875
2024-04-26,2650.93994140625,2656.330078125,2656.330078125
2024-04-29,2675.4599609375,2687.43994140625,2687.43994140625
2024-04-30,2693.219970703125,2692.06005859375,2692.06005859375
2024-05-02,2679.0400390625,2683.64990234375,2683.64990234375
2024-05-03,2704.31005859375,2676.6298828125,2676.6298828125
2024-05-07,2718.169921875,2734.360107421875,2734.360107421875
2024-05-08,2732.110107421875,2745.050048828125,2745.050048828125
2024-05-09,2743.2900390625,2712.139892578125,2712.139892578125
2024-05-10,2737.949951171875,2727.6298828125,2727.6298828125
2024-05-13,2735.199951171875,2727.2099609375,2727.2099609375
2024-05-14,2732.97998046875,2730.340087890625,2730.340087890625
2024-05-16,2770.27001953125,2753.0,2753.0
2024-05-17,2751.469970703125,2724.6201171875,2724.6201171875
2024-05-20,2741.239990234375,2742.139892578125,2742.139892578125
2024-05-21,2733.030029296875,2724.179931640625,2724.179931640625
2024-05-22,2723.4599609375,2723.4599609375,2723.4599609375
2024-05-23,2719.030029296875,2721.81005859375,2721.81005859375
2024-05-24,2693.64990234375,2687.60009765625,2687.60009765625
2024-05-27,2697.159912109375,2722.989990234375,2722.989990234375
2024-05-28,2715.52001953125,2722.85009765625,2722.85009765625
2024-05-29,2719.56005859375,2677.300048828125,2677.300048828125
2024-05-30,2666.6298828125,2635.43994140625,2635.43994140625
2024-05-31,2657.8701171875,2636.52001953125,2636.52001953125
2024-06-03,2657.81005859375,2682.52001953125,2682.52001953125
2024-06-04,2668.72998046875,2662.10009765625,2662.10009765625
2024-06-05,2681.110107421875,2689.5,2689.5
2024-06-07,2718.25,2722.669921875,2722.669921875
2024-06-10,2698.7099609375,2701.169921875,2701.169921875
2024-06-11,2716.719970703125,2705.320068359375,2705.320068359375
2024-06-12,2709.64990234375,2728.169921875,2728.169921875
2024-06-13,2764.179931640625,2754.889892578125,2754.889892578125
2024-06-14,2759.219970703125,2758.419921875,2758.419921875
2024-06-17,2754.830078125,2744.10009765625,2744.10009765625
2024-06-18,2765.699951171875,2763.919921875,2763.919921875
2024-06-19,2786.159912109375,2797.330078125,2797.330078125
2024-06-20,2802.10009765625,2807.6298828125,2807.6298828125
2024-06-21,2794.8701171875,2784.260009765625,2784.260009765625
2024-06-24,2772.85009765625,2764.72998046875,2764.72998046875
2024-06-25,2765.760009765625,2774.389892578125,2774.389892578125
2024-06-26,2767.429931640625,2792.050048828125,2792.050048828125
2024-06-27,2767.6201171875,2784.06005859375,2784.06005859375
2024-06-28,2792.7900390625,2797.820068359375,2797.820068359375
2024-07-01,2792.9599609375,2804.31005859375,2804.31005859375
2024-07-02,2798.64990234375,2780.860107421875,2780.860107421875
2024-07-03,2797.139892578125,2794.010009765625,2794.010009765625
2024-07-04,2817.06005859375,2824.93994140625,2824.93994140625
2024-07-05,2836.2099609375,2862.22998046875,2862.22998046875
2024-07-08,2862.580078125,2857.760009765625,2857.760009765625
2024-07-09,2872.6298828125,2867.3798828125,2867.3798828125
2024-07-10,2863.050048828125,2867.989990234375,2867.989990234375
2024-07-11,2888.760009765625,2891.35009765625,2891.35009765625
2024-07-12,2867.75,2857.0,2857.0
2024-07-15,2869.14990234375,2860.919921875,2860.919921875
2024-07-16,2861.7099609375,2866.090087890625,2866.090087890625
2024-07-17,2865.89990234375,2843.2900390625,2843.2900390625
2024-07-18,2805.639892578125,2824.35009765625,2824.35009765625
2024-07-19,2800.2099609375,2795.4599609375,2795.4599609375
2024-07-22,2790.989990234375,2763.510009765625,2763.510009765625
2024-07-23,2788.830078125,2774.2900390625,2774.2900390625
2024-07-24,2755.5,2758.7099609375,2758.7099609375
2024-07-25,2721.2900390625,2710.64990234375,2710.64990234375
2024-07-26,2724.989990234375,2731.89990234375,2731.89990234375
2024-07-29,2748.320068359375,2765.530029296875,2765.530029296875
2024-07-30,2744.39990234375,2738.18994140625,2738.18994140625
2024-07-31,2745.580078125,2770.68994140625,2770.68994140625
2024-08-01,2787.27001953125,2777.679931640625,2777.679931640625
2024-08-02,2719.389892578125,2676.18994140625,2676.18994140625
2024-08-05,2611.300048828125,2441.550048828125,2441.550048828125
2024-08-06,2533.340087890625,2522.14990234375,2522.14990234375
2024-08-07,2515.27001953125,2568.409912109375,2568.409912109375
2024-08-08,2530.2099609375,2556.72998046875,2556.72998046875
2024-08-09,2603.080078125,2588.429931640625,2588.429931640625
2024-08-12,2602.159912109375,2618.300048828125,2618.300048828125
2024-08-13,2624.5,2621.5,2621.5
2024-08-14,2649.110107421875,2644.5,2644.5
2024-08-16,2695.489990234375,2697.22998046875,2697.22998046875
2024-08-19,2697.969970703125,2674.360107421875,2674.360107421875
2024-08-20,2699.739990234375,2696.6298828125,2696.6298828125
2024-08-21,2687.199951171875,2701.1298828125,2701.1298828125
2024-08-22,2710.949951171875,2707.669921875,2707.669921875
2024-08-23,2690.800048828125,2701.68994140625,2701.68994140625
2024-08-26,2716.8798828125,2698.010009765625,2698.010009765625
2024-08-27,2696.239990234375,2689.25,2689.25
2024-08-28,2690.590087890625,2689.830078125,2689.830078125
2024-08-29,2657.179931640625,2662.280029296875,2662.280029296875
2024-08-30,2676.719970703125,2674.31005859375,2674.31005859375
2024-09-02,2683.800048828125,2681.0,2681.0
2024-09-03,2683.1201171875,2664.6298828125,2664.6298828125
2024-09-04,2589.93994140625,2580.800048828125,2580.800048828125
2024-09-05,2598.360107421875,2575.5,2575.5
2024-09-06,2576.659912109375,2544.280029296875,2544.280029296875
2024-09-09,2498.669921875,2535.929931640625,2535.929931640625
2024-09-10,2542.68994140625,2523.429931640625,2523.429931640625
2024-09-11,2524.860107421875,2513.3701171875,2513.3701171875
2024-09-12,2572.090087890625,2572.090087890625,2572.090087890625
2024-09-13,2571.81005859375,2575.409912109375,2575.409912109375
2024-09-19,2594.669921875,2580.800048828125,2580.800048828125
2024-09-20,2603.830078125,2593.3701171875,2593.3701171875
2024-09-23,2596.469970703125,2602.010009765625,2602.010009765625
2024-09-24,2612.449951171875,2631.679931640625,2631.679931640625
2024-09-25,2652.7099609375,2596.320068359375,2596.320068359375
2024-09-26,2630.909912109375,2671.570068359375,2671.570068359375
2024-09-27,2674.580078125,2649.780029296875,2649.780029296875
2024-09-30,2665.239990234375,2593.27001953125,2593.27001953125
2024-10-02,2566.550048828125,2561.68994140625,2561.68994140625
2024-10-04,2563.699951171875,2569.7099609375,2569.7099609375
2024-10-07,2579.199951171875,2610.3798828125,2610.3798828125
2024-10-08,2592.64990234375,2594.360107421875,2594.360107421875
2024-10-10,2611.64990234375,2599.159912109375,2599.159912109375
2024-10-11,2612.02001953125,2596.909912109375,2596.909912109375
2024-10-14,2602.6298828125,2623.2900390625,2623.2900390625
2024-10-15,2632.3701171875,2633.449951171875,2633.449951171875
2024-10-16,2606.699951171875,2610.360107421875,2610.360107421875
2024-10-17,2620.739990234375,2609.300048828125,2609.300048828125
2024-10-18,2616.0400390625,2593.820068359375,2593.820068359375
2024-10-21,2600.77001953125,2604.919921875,2604.919921875
2024-10-22,2600.8701171875,2570.699951171875,2570.699951171875
2024-10-23,2575.25,2599.6201171875,2599.6201171875
2024-10-24,2591.68994140625,2581.030029296875,2581.030029296875
2024-10-25,2597.43994140625,2583.27001953125,2583.27001953125
2024-10-28,2588.449951171875,2612.429931640625,2612.429931640625
2024-10-29,2606.93994140625,2617.800048828125,2617.800048828125
2024-10-30,2606.989990234375,2593.7900390625,2593.7900390625
2024-10-31,2575.239990234375,2556.14990234375,2556.14990234375
2024-11-01,2542.9599609375,2542.360107421875,2542.360107421875
2024-11-04,2549.0400390625,2588.969970703125,2588.969970703125
2024-11-05,2570.239990234375,2576.8798828125,2576.8798828125
2024-11-06,2591.89990234375,2563.510009765625,2563.510009765625
2024-11-07,2557.22998046875,2564.6298828125,2564.6298828125
2024-11-08,2586.699951171875,2561.14990234375,2561.14990234375
2024-11-11,2562.050048828125,2531.659912109375,2531.659912109375
2024-11-12,2527.93994140625,2482.570068359375,2482.570068359375
2024-11-13,2468.27001953125,2417.080078125,2417.080078125
2024-11-14,2430.260009765625,2418.860107421875,2418.860107421875
2024-11-15,2413.050048828125,2416.860107421875,2416.860107421875
2024-11-18,2440.31005859375,2469.070068359375,2469.070068359375
2024-11-19,2469.1298828125,2471.949951171875,2471.949951171875
2024-11-20,2475.760009765625,2482.2900390625,2482.2900390625
2024-11-21,2474.6201171875,2480.6298828125,2480.6298828125
2024-11-22,2493.419921875,2501.239990234375,2501.239990234375
2024-11-25,2524.110107421875,2534.340087890625,2534.340087890625
2024-11-26,2521.389892578125,2520.360107421875,2520.360107421875
2024-11-27,2518.820068359375,2503.06005859375,2503.06005859375
2024-11-28,2499.68994140625,2504.669921875,2504.669921875
2024-11-29,2496.929931640625,2455.909912109375,2455.909912109375
2024-12-02,2479.02001953125,2454.47998046875,2454.47998046875
2024-12-03,2472.06005859375,2500.10009765625,2500.10009765625
2024-12-04,2450.760009765625,2464.0,2464.0
2024-12-05,2471.449951171875,2441.85009765625,2441.85009765625
2024-12-06,2451.60009765625,2428.159912109375,2428.159912109375
2024-12-09,2392.3701171875,2360.580078125,2360.580078125
2024-12-10,2384.510009765625,2417.840087890625,2417.840087890625
2024-12-11,2412.14990234375,2442.510009765625,2442.510009765625
2024-12-12,2456.6298828125,2482.1201171875,2482.1201171875
2024-12-13,2473.75,2494.4599609375,2494.4599609375
2024-12-16,2511.080078125,2488.969970703125,2488.969970703125
2024-12-17,2487.31005859375,2456.81005859375,2456.81005859375
2024-12-18,2463.06005859375,2484.429931640625,2484.429931640625
2024-12-19,2426.550048828125,2435.929931640625,2435.929931640625
2024-12-20,2429.6298828125,2404.14990234375,2404.14990234375
2024-12-23,2423.360107421875,2442.010009765625,2442.010009765625
2024-12-24,2450.550048828125,2440.52001953125,2440.52001953125
2024-12-26,2449.52001953125,2429.669921875,2429.669921875
2024-12-27,2419.4599609375,2404.77001953125,2404.77001953125
2024-12-30,2397.489990234375,2399.489990234375,2399.489990234375
2025-01-02,2400.8701171875,2398.93994140625,2398.93994140625
2025-01-03,2402.580078125,2441.919921875,2441.919921875
2025-01-06,2453.300048828125,2488.639892578125,2488.639892578125
2025-01-07,2513.489990234375,2492.10009765625,2492.10009765625
2025-01-08,2481.25,2521.050048828125,2521.050048828125
2025-01-09,2526.10009765625,2521.89990234375,2521.89990234375
2025-01-10,2528.419921875,2515.780029296875,2515.780029296875
2025-01-13,2508.14990234375,2489.56005859375,2489.56005859375
2025-01-14,2501.489990234375,2497.39990234375,2497.39990234375
2025-01-15,2511.070068359375,2496.81005859375,2496.81005859375
2025-01-16,2528.27001953125,2527.489990234375,2527.489990234375
2025-01-17,2520.85009765625,2523.550048828125,2523.550048828125
2025-01-20,2533.679931640625,2520.050048828125,2520.050048828125
2025-01-21,2533.22998046875,2518.030029296875,2518.030029296875
2025-01-22,2535.800048828125,2547.06005859375,2547.06005859375
2025-01-23,2541.239990234375,2515.489990234375,2515.489990234375
2025-01-24,2529.2900390625,2536.800048828125,2536.800048828125
2025-01-31,2534.330078125,2517.3701171875,2517.3701171875
2025-02-03,2468.739990234375,2453.949951171875,2453.949951171875
2025-02-04,2481.43994140625,2481.68994140625,2481.68994140625
2025-02-05,2503.93994140625,2509.27001953125,2509.27001953125
2025-02-06,2521.820068359375,2536.75,2536.75
2025-02-07,2532.090087890625,2521.919921875,2521.919921875
2025-02-10,2510.639892578125,2521.27001953125,2521.27001953125
2025-02-11,2532.8701171875,2539.050048828125,2539.050048828125
2025-02-12,2534.7099609375,2548.389892578125,2548.389892578125
2025-02-13,2558.949951171875,2583.169921875,2583.169921875
2025-02-14,2588.199951171875,2591.050048828125,2591.050048828125
2025-02-17,2595.989990234375,2610.419921875,2610.419921875
2025-02-18,2613.25,2626.81005859375,2626.81005859375
2025-02-19,2633.909912109375,2671.52001953125,2671.52001953125
2025-02-20,2661.719970703125,2654.06005859375,2654.06005859375
2025-02-21,2653.760009765625,2654.580078125,2654.580078125
2025-02-24,2636.1201171875,2645.27001953125,2645.27001953125
2025-02-25,2617.639892578125,2630.2900390625,2630.2900390625
2025-02-26,2629.860107421875,2641.090087890625,2641.090087890625
2025-02-27,2637.6298828125,2621.75,2621.75
2025-02-28,2585.610107421875,2532.780029296875,2532.780029296875
2025-03-04,2522.199951171875,2528.919921875,2528.919921875
2025-03-05,2548.449951171875,2558.1298828125,2558.1298828125
2025-03-06,2573.550048828125,2576.159912109375,2576.159912109375
2025-03-07,2553.43994140625,2563.47998046875,2563.47998046875
2025-03-10,2555.39990234375,2570.389892578125,2570.389892578125
2025-03-11,2516.68994140625,2537.60009765625,2537.60009765625
2025-03-12,2552.60009765625,2574.820068359375,2574.820068359375
2025-03-13,2598.06005859375,2573.639892578125,2573.639892578125
2025-03-14,2565.179931640625,2566.360107421875,2566.360107421875
2025-03-17,2588.320068359375,2610.68994140625,2610.68994140625
2025-03-18,2627.27001953125,2612.340087890625,2612.340087890625
2025-03-19,2613.47998046875,2628.6201171875,2628.6201171875
2025-03-20,2648.159912109375,2637.10009765625,2637.10009765625
2025-03-21,2633.89990234375,2643.1298828125,2643.1298828125
2025-03-24,2636.429931640625,2632.070068359375,2632.070068359375
2025-03-25,2653.0400390625,2615.81005859375,2615.81005859375
2025-03-26,2628.090087890625,2643.93994140625,2643.93994140625
2025-03-27,2620.280029296875,2607.14990234375,2607.14990234375
2025-03-28,2592.6298828125,2557.97998046875,2557.97998046875
2025-03-31,2513.43994140625,2481.1201171875,2481.1201171875
2025-04-01,2511.239990234375,2521.389892578125,2521.389892578125
2025-04-02,2525.6201171875,2505.860107421875,2505.860107421875
2025-04-03,2437.429931640625,2486.699951171875,2486.699951171875
2025-04-04,2450.489990234375,2465.419921875,2465.419921875
2025-04-07,2359.25,2328.199951171875,2328.199951171875
2025-04-08,2381.199951171875,2334.22998046875,2334.22998046875
2025-04-09,2329.989990234375,2293.699951171875,2293.699951171875
2025-04-10,2395.1298828125,2445.06005859375,2445.06005859375
2025-04-11,2400.739990234375,2432.719970703125,2432.719970703125
2025-04-14,2454.280029296875,2455.889892578125,2455.889892578125
2025-04-15,2464.510009765625,2477.409912109375,2477.409912109375
2025-04-16,2472.780029296875,2447.429931640625,2447.429931640625
2025-04-17,2451.699951171875,2470.409912109375,2470.409912109375
2025-04-18,2473.300048828125,2483.419921875,2483.419921875
2025-04-21,2486.3798828125,2488.419921875,2488.419921875
2025-04-22,2481.179931640625,2486.639892578125,2486.639892578125
2025-04-23,2520.56005859375,2525.56005859375,2525.56005859375
2025-04-24,2525.340087890625,2522.330078125,2522.330078125
2025-04-25,2544.590087890625,2546.300048828125,2546.300048828125
2025-04-28,2551.22998046875,2548.860107421875,2548.860107421875
2025-04-29,2550.25,2565.419921875,2565.419921875
2025-04-30,2561.0400390625,2556.610107421875,2556.610107421875
2025-05-02,2556.52001953125,2559.7900390625,2559.7900390625
2025-05-07,2577.0400390625,2573.800048828125,2573.800048828125
2025-05-08,2581.27001953125,2579.47998046875,2579.47998046875
2025-05-09,2587.929931640625,2577.27001953125,2577.27001953125
2025-05-12,2593.93994140625,2607.330078125,2607.330078125
2025-05-13,2601.760009765625,2608.419921875,2608.419921875
2025-05-14,2625.360107421875,2640.570068359375,2640.570068359375
2025-05-15,2634.5,2621.360107421875,2621.360107421875
2025-05-16,2630.639892578125,2626.8701171875,2626.8701171875
2025-05-19,2613.699951171875,2603.419921875,2603.419921875
2025-05-20,2622.679931640625,2601.800048828125,2601.800048828125
2025-05-21,2615.89990234375,2625.580078125,2625.580078125
2025-05-22,2614.659912109375,2593.669921875,2593.669921875
2025-05-23,2603.570068359375,2592.090087890625,2592.090087890625
2025-05-26,2598.449951171875,2644.39990234375,2644.39990234375
2025-05-27,2630.2900390625,2637.219970703125,2637.219970703125
2025-05-28,2648.860107421875,2670.14990234375,2670.14990234375
2025-05-29,2691.06005859375,2720.639892578125,2720.639892578125
2025-05-30,2713.239990234375,2697.669921875,2697.669921875
2025-06-02,2692.909912109375,2698.969970703125,2698.969970703125
2025-06-04,2737.919921875,2770.840087890625,2770.840087890625
2025-06-05,2790.330078125,2812.050048828125,2812.050048828125
2025-06-09,2841.56005859375,2855.77001953125,2855.77001953125
2025-06-10,2872.6201171875,2871.85009765625,2871.85009765625
2025-06-11,2887.320068359375,2907.0400390625,2907.0400390625
2025-06-12,2909.989990234375,2920.030029296875,2920.030029296875
2025-06-13,2930.570068359375,2894.6201171875,2894.6201171875
2025-06-16,2903.5,2946.659912109375,2946.659912109375
2025-06-17,2959.929931640625,2950.300048828125,2950.300048828125
2025-06-18,2933.6298828125,2972.18994140625,2972.18994140625
2025-06-19,2989.56005859375,2977.739990234375,2977.739990234375
2025-06-20,2986.52001953125,3021.840087890625,3021.840087890625
2025-06-23,2992.199951171875,3014.469970703125,3014.469970703125
2025-06-24,3061.139892578125,3103.639892578125,3103.639892578125
2025-06-25,3127.7900390625,3108.25,3108.25
2025-06-26,3108.340087890625,3079.56005859375,3079.56005859375
2025-06-27,3077.8701171875,3055.93994140625,3055.93994140625
2025-06-30,3072.75,3071.699951171875,3071.699951171875
2025-07-01,3089.639892578125,3089.64990234375,3089.64990234375
2025-07-02,3083.820068359375,3075.06005859375,3075.06005859375
2025-07-03,3100.330078125,3116.27001953125,3116.27001953125
2025-07-04,3122.280029296875,3054.280029296875,3054.280029296875
2025-07-07,3044.780029296875,3059.469970703125,3059.469970703125
2025-07-08,3071.739990234375,3114.949951171875,3114.949951171875
2025-07-09,3123.219970703125,3133.739990234375,3133.739990234375
2025-07-10,3144.139892578125,3183.22998046875,3183.22998046875
2025-07-11,3186.35009765625,3175.77001953125,3175.77001953125
2025-07-14,3175.590087890625,3202.030029296875,3202.030029296875
2025-07-15,3194.820068359375,3215.280029296875,3215.280029296875
2025-07-16,3207.47998046875,3186.3798828125,3186.3798828125
2025-07-17,3201.419921875,3192.2900390625,3192.2900390625
2025-07-18,3200.43994140625,3188.070068359375,3188.070068359375
2025-07-21,3191.110107421875,3210.81005859375,3210.81005859375
2025-07-22,3210.1201171875,3169.93994140625,3169.93994140625
2025-07-23,3189.64990234375,3183.77001953125,3183.77001953125
2025-07-24,3209.429931640625,3190.449951171875,3190.449951171875
2025-07-25,3184.3701171875,3196.050048828125,3196.050048828125
2025-07-28,3228.610107421875,3209.52001953125,3209.52001953125
2025-07-29,3192.169921875,3230.570068359375,3230.570068359375
2025-07-30,3233.31005859375,3254.469970703125,3254.469970703125
2025-07-31,3275.780029296875,3245.43994140625,3245.43994140625
2025-08-01,3210.320068359375,3119.409912109375,3119.409912109375
2025-08-04,3114.27001953125,3147.75,3147.75
2025-08-05,3187.14990234375,3198.0,3198.0
2025-08-06,3182.06005859375,3198.139892578125,3198.139892578125
2025-08-07,3214.81005859375,3227.679931640625,3227.679931640625
2025-08-08,3220.580078125,3210.010009765625,3210.010009765625
2025-08-11,3220.719970703125,3206.77001953125,3206.77001953125
2025-08-12,3209.75,3189.909912109375,3189.909912109375
2025-08-13,3225.39990234375,3224.3701171875,3224.3701171875
2025-08-14,3226.52001953125,3225.659912109375,3225.659912109375
2025-08-18,3202.6298828125,3177.280029296875,3177.280029296875
2025-08-19,3185.0400390625,3151.56005859375,3151.56005859375
2025-08-20,3121.52001953125,3130.090087890625,3130.090087890625
2025-08-21,3140.7099609375,3141.739990234375,3141.739990234375
2025-08-22,3165.409912109375,3168.72998046875,3168.72998046875
2025-08-25,3195.139892578125,3209.860107421875,3209.860107421875
2025-08-26,3199.919921875,3179.360107421875,3179.360107421875
2025-08-27,3185.8701171875,3187.159912109375,3187.159912109375
2025-08-28,3175.330078125,3196.320068359375,3196.320068359375
2025-08-29,3208.800048828125,3186.010009765625,3186.010009765625
2025-09-01,3164.580078125,3142.929931640625,3142.929931640625
2025-09-02,3155.72998046875,3172.35009765625,3172.35009765625
2025-09-03,3177.75,3184.419921875,3184.419921875
2025-09-04,3188.840087890625,3200.830078125,3200.830078125
2025-09-05,3208.830078125,3205.1201171875,3205.1201171875
2025-09-08,3209.81005859375,3219.590087890625,3219.590087890625
2025-09-09,3231.31005859375,3260.050048828125,3260.050048828125
2025-09-10,3272.199951171875,3314.530029296875,3314.530029296875
2025-09-11,3336.60009765625,3344.199951171875,3344.199951171875
2025-09-12,3374.64990234375,3395.5400390625,3395.5400390625
2025-09-15,3407.780029296875,3407.31005859375,3407.31005859375
2025-09-16,3421.1298828125,3449.6201171875,3449.6201171875
2025-09-17,3433.830078125,3413.39990234375,3413.39990234375
2025-09-18,3432.77001953125,3461.300048828125,3461.300048828125
2025-09-19,3461.22998046875,3445.239990234375,3445.239990234375
2025-09-22,3463.840087890625,3468.64990234375,3468.64990234375
2025-09-23,3489.4599609375,3486.18994140625,3486.18994140625
2025-09-24,3492.030029296875,3472.139892578125,3472.139892578125
2025-09-25,3458.97998046875,3471.110107421875,3471.110107421875
2025-09-26,3440.389892578125,3386.050048828125,3386.050048828125
2025-09-29,3414.429931640625,3431.2099609375,3431.2099609375
2025-09-30,3436.0,3424.60009765625,3424.60009765625
2025-10-01,3444.06005859375,3455.830078125,3455.830078125
2025-10-02,3525.47998046875,3549.2099609375,3549.2099609375
2025-10-10,3598.110107421875,3610.60009765625,3610.60009765625
2025-10-13,3550.080078125,3584.550048828125,3584.550048828125
2025-10-14,3604.1201171875,3561.81005859375,3561.81005859375
2025-10-15,3580.639892578125,3657.280029296875,3657.280029296875
2025-10-16,3675.820068359375,3748.3701171875,3748.3701171875
2025-10-17,3732.760009765625,3748.889892578125,3748.889892578125
2025-10-20,3775.39990234375,3814.68994140625,3814.68994140625
2025-10-21,3851.010009765625,3823.840087890625,3823.840087890625
2025-10-22,3827.22998046875,3883.679931640625,3883.679931640625
2025-10-23,3835.7900390625,3845.56005859375,3845.56005859375
2025-10-24,3893.22998046875,3941.590087890625,3941.590087890625
2025-10-27,3999.7900390625,4042.830078125,4042.830078125
2025-10-28,4010.469970703125,4010.409912109375,4010.409912109375
2025-10-29,4061.5400390625,4081.14990234375,4081.14990234375
2025-10-30,4105.9501953125,4086.889892578125,4086.889892578125
2025-10-31,4083.25,4107.5,4107.5
2025-11-03,4123.35986328125,4221.8701171875,4221.8701171875
2025-11-04,4219.240234375,4121.740234375,4121.740234375
2025-11-05,4055.469970703125,4004.419921875,4004.419921875
2025-11-06,4092.4599609375,4026.449951171875,4026.449951171875
2025-11-07,3963.719970703125,3953.760009765625,3953.760009765625
2025-11-10,3991.8701171875,4073.239990234375,4073.239990234375
2025-11-11,4124.2998046875,4106.39013671875,4106.39013671875
2025-11-12,4097.43994140625,4150.39013671875,4150.39013671875
2025-11-13,4127.56982421875,4170.6298828125,4170.6298828125
2025-11-14,4061.909912109375,4011.570068359375,4011.570068359375
2025-11-17,4078.570068359375,4089.25,4089.25
2025-11-18,4044.469970703125,3953.6201171875,3953.6201171875
2025-11-19,3966.639892578125,3929.510009765625,3929.510009765625
2025-11-20,4030.969970703125,4004.85009765625,4004.85009765625
2025-11-21,3908.699951171875,3853.260009765625,3853.260009765625
2025-11-24,3915.159912109375,3846.06005859375,3846.06005859375
2025-11-25,3942.360107421875,3857.780029296875,3857.780029296875
2025-11-26,3891.8798828125,3960.8701171875,3960.8701171875
2025-11-27,3989.449951171875,3986.909912109375,3986.909912109375
2025-11-28,3995.300048828125,3926.590087890625,3926.590087890625
2025-12-01,3967.919921875,3920.3701171875,3920.3701171875
2025-12-02,3939.090087890625,3994.929931640625,3994.929931640625
2025-12-03,4010.260009765625,4036.300048828125,4036.300048828125
2025-12-04,4018.909912109375,4028.510009765625,4028.510009765625
2025-12-05,4023.5,4100.0498046875,4100.0498046875
2025-12-08,4109.25,4154.85009765625,4154.85009765625
2025-12-09,4129.77001953125,4143.5498046875,4143.5498046875
2025-12-10,4159.0498046875,4135.0,4135.0
2025-12-11,4163.31982421875,4110.6201171875,4110.6201171875
2025-12-12,4123.830078125,4167.16015625,4167.16015625
2025-12-15,4053.739990234375,4090.590087890625,4090.590087890625
2025-12-16,4093.320068359375,3999.1298828125,3999.1298828125
2025-12-17,4019.429931640625,4056.409912109375,4056.409912109375
2025-12-18,3989.60009765625,3994.510009765625,3994.510009765625
2025-12-19,4055.780029296875,4020.550048828125,4020.550048828125
2025-12-22,4096.259765625,4105.93017578125,4105.93017578125
2025-12-23,4127.39990234375,4117.31982421875,4117.31982421875
2025-12-24,4136.240234375,4108.6201171875,4108.6201171875
2025-12-26,4130.3701171875,4129.68017578125,4129.68017578125
2025-12-29,4146.47998046875,4220.56005859375,4220.56005859375
2025-12-30,4193.75,4214.169921875,4214.169921875
2026-01-02,4224.52978515625,4309.6298828125,4309.6298828125
2026-01-05,4385.919921875,4457.52001953125,4457.52001953125
2026-01-06,4446.080078125,4525.47998046875,4525.47998046875
2026-01-07,4566.33984375,4551.06005859375,4551.06005859375
2026-01-08,4531.4599609375,4552.3701171875,4552.3701171875
2026-01-09,4530.02978515625,4586.31982421875,4586.31982421875
2026-01-12,4639.89013671875,4624.7900390625,4624.7900390625
2026-01-13,4662.43994140625,4692.64013671875,4692.64013671875
2026-01-14,4685.10986328125,4723.10009765625,4723.10009765625
2026-01-15,4710.27978515625,4797.5498046875,4797.5498046875
2026-01-16,4820.66015625,4840.740234375,4840.740234375
2026-01-19,4829.39990234375,4904.66015625,4904.66015625
2026-01-20,4900.27978515625,4885.75,4885.75
2026-01-21,4808.93994140625,4909.93017578125,4909.93017578125
2026-01-22,4987.06005859375,4952.52978515625,4952.52978515625
2026-01-23,4984.080078125,4990.06982421875,4990.06982421875
2026-01-26,4997.5400390625,4949.58984375,4949.58984375
2026-01-27,4932.89013671875,5084.85009765625,5084.85009765625
2026-01-28,5145.39013671875,5170.81005859375,5170.81005859375
2026-01-29,5243.419921875,5221.25,5221.25
2026-01-30,5210.35009765625,5224.35986328125,5224.35986328125
2026-02-02,5122.6201171875,4949.669921875,4949.669921875
2026-02-03,5114.81005859375,5288.080078125,5288.080078125
2026-02-04,5260.7099609375,5371.10009765625,5371.10009765625
2026-02-05,5251.02978515625,5163.56982421875,5163.56982421875
2026-02-06,5013.14990234375,5089.14013671875,5089.14013671875
2026-02-09,5299.10009765625,5298.0400390625,5298.0400390625
2026-02-10,5350.2099609375,5301.68994140625,5301.68994140625
2026-02-11,5293.75,5354.490234375,5354.490234375
2026-02-12,5425.39013671875,5522.27001953125,5522.27001953125
2026-02-13,5513.7099609375,5507.009765625,5507.009765625
2026-02-19,5642.08984375,5677.25,5677.25
2026-02-20,5696.89013671875,5808.52978515625,5808.52978515625
2026-02-23,5903.10986328125,5846.08984375,5846.08984375
2026-02-24,5853.47998046875,5969.64013671875,5969.64013671875
2026-02-25,6022.7001953125,6083.85986328125,6083.85986328125
2026-02-26,6121.02978515625,6307.27001953125,6307.27001953125
2026-02-27,6197.490234375,6244.1298828125,6244.1298828125
2026-03-03,6165.14990234375,5791.91015625,5791.91015625
2026-03-04,5592.58984375,5093.5400390625,5093.5400390625
2026-03-05,5250.919921875,5583.89990234375,5583.89990234375
2026-03-06,5491.02001953125,5584.8701171875,5584.8701171875
2026-03-09,5265.3701171875,5251.8701171875,5251.8701171875
2026-03-10,5523.2099609375,5532.58984375,5532.58984375
2026-03-11,5658.72021484375,5609.9501953125,5609.9501953125
2026-03-12,5567.64990234375,5583.25,5583.25
2026-03-13,5412.39013671875,5487.240234375,5487.240234375
2026-03-16,5510.81982421875,5549.85009765625,5549.85009765625
2026-03-17,5711.7998046875,5640.47998046875,5640.47998046875
2026-03-18,5767.10009765625,5925.02978515625,5925.02978515625
2026-03-19,5761.39990234375,5763.22021484375,5763.22021484375
2026-03-20,5813.35009765625,5781.2001953125,5781.2001953125
2026-03-23,5580.14990234375,5405.75,5405.75
2026-03-24,5638.2001953125,5553.919921875,5553.919921875
2026-03-25,5680.330078125,5642.2099609375,5642.2099609375
2026-03-26,5594.06005859375,5460.4599609375,5460.4599609375
2026-03-27,5300.60986328125,5438.8701171875,5438.8701171875
2026-03-30,5181.7998046875,5277.2998046875,5277.2998046875
2026-03-31,5143.75,5052.4599609375,5052.4599609375
2026-04-01,5330.0400390625,5478.7001953125,5478.7001953125
2026-04-02,5551.68994140625,5234.0498046875,5234.0498046875
2026-04-03,5375.5,5377.2998046875,5377.2998046875
2026-04-06,5423.35009765625,5450.330078125,5450.330078125
2026-04-07,5552.18994140625,5494.77978515625,5494.77978515625
2026-04-08,5804.7001953125,5872.33984375,5872.33984375
2026-04-09,5826.4501953125,5778.009765625,5778.009765625
2026-04-10,5876.1201171875,5858.8701171875,5858.8701171875
2026-04-13,5737.27978515625,5808.6201171875,5808.6201171875
2026-04-14,5960.0,5967.75,5967.75
2026-04-15,6141.60009765625,6091.39013671875,6091.39013671875
2026-04-16,6149.490234375,6226.0498046875,6226.0498046875
2026-04-17,6227.330078125,6191.919921875,6191.919921875
2026-04-20,6213.919921875,6219.08984375,6219.08984375
2026-04-21,6302.5400390625,6388.47021484375,6388.47021484375
2026-04-22,6387.56982421875,6417.93017578125,6417.93017578125
2026-04-23,6488.830078125,6475.81005859375,6475.81005859375
2026-04-24,6496.10009765625,6475.6298828125,6475.6298828125
2026-04-27,6533.60009765625,6615.02978515625,6615.02978515625
2026-04-28,6646.7998046875,6641.02001953125,6641.02001953125
2026-04-29,6619.0,6690.89990234375,6690.89990234375
2026-04-30,6739.39013671875,6598.8701171875,6598.8701171875
2026-05-04,6782.93017578125,6936.990234375,6936.990234375
2026-05-06,7093.009765625,7384.56005859375,7384.56005859375
2026-05-07,7499.06982421875,7490.0498046875,7490.0498046875
2026-05-08,7353.93994140625,7498.0,7498.0
2026-05-11,7775.31005859375,7822.240234375,7822.240234375
2026-05-12,7953.41015625,7643.14990234375,7643.14990234375
2026-05-13,7513.64990234375,7844.009765625,7844.009765625
2026-05-14,7873.91015625,7981.41015625,7981.41015625
2026-05-15,7951.75,7493.18017578125,7493.18017578125
2026-05-18,7443.2900390625,7516.0400390625,7516.0400390625
2026-05-19,7425.66015625,7271.66015625,7271.66015625
2026-05-20,7324.52001953125,7208.9501953125,7208.9501953125
2026-05-21,7486.3701171875,7815.58984375,7815.58984375
2026-05-22,7873.1201171875,7847.7099609375,7847.7099609375
2026-05-26,8070.91015625,8047.509765625,8047.509765625
2026-05-27,8242.1201171875,8228.7001953125,8228.7001953125
2026-05-28,8165.72998046875,8185.2900390625,8185.2900390625
2026-05-29,8384.3095703125,8476.150390625,8476.150390625
2026-06-01,8485.669921875,8788.3798828125,8788.3798828125
2026-06-02,8883.1904296875,8801.490234375,8801.490234375
2026-06-04,8623.8203125,8639.41015625,8639.41015625
2026-06-05,8323.2001953125,8160.58984375,8160.58984375
2026-06-08,8048.08984375,7484.41015625,7484.41015625
2026-06-09,7697.759765625,8096.93017578125,8096.93017578125
2026-06-10,7899.77001953125,7730.81982421875,7730.81982421875
2026-06-11,7509.6201171875,7763.9501953125,7763.9501953125
2026-06-12,8263.849609375,8123.6201171875,8123.6201171875
2026-06-15,8526.1201171875,8545.98046875,8545.98046875
2026-06-16,8696.5498046875,8726.599609375,8726.599609375
2026-06-17,8622.1298828125,8864.240234375,8864.240234375
2026-06-18,8884.919921875,9063.83984375,9063.83984375
2026-06-19,9288.8896484375,9052.419921875,9052.419921875
2026-06-22,8954.4296875,9114.5498046875,9114.5498046875
2026-06-23,9083.5400390625,8203.83984375,8203.83984375
2026-06-24,8356.7900390625,8471.01953125,8471.01953125
2026-06-25,8703.419921875,8930.2998046875,8930.2998046875
2026-06-26,8813.1796875,8411.2099609375,8411.2099609375
2026-06-29,8394.650390625,8394.650390625,8394.650390625
2026-06-30,8416.7001953125,8476.48046875,8476.48046875
2026-07-01,8591.5,8303.41015625,8303.41015625
2026-07-02,7933.10009765625,7648.08984375,7648.08984375
2026-07-03,7739.75,8088.33984375,8088.33984375
2026-07-06,8186.81982421875,8051.330078125,8051.330078125
2026-07-07,7919.2001953125,7656.31005859375,7656.31005859375
2026-07-08,7452.47998046875,7246.7900390625,7246.7900390625
2026-07-09,7486.64013671875,7291.91015625,7291.91015625
2026-07-10,7552.490234375,7475.93994140625,7475.93994140625
2026-07-13,7412.02978515625,6806.93017578125,6806.93017578125
2026-07-14,6769.06005859375,6856.830078125,6856.830078125
2026-07-15,7082.91015625,7284.41015625,7284.41015625
2026-07-16,6960.5,6820.60009765625,6820.60009765625
2026-07-20,6643.580078125,6516.27001953125,6516.27001953125
2026-07-21,6553.8798828125,6747.9501953125,6747.9501953125
2026-07-22,7052.08984375,6797.7001953125,6797.7001953125
2026-07-23,6963.35009765625,7096.89013671875,7096.89013671875
2026-07-24,7000.77978515625,6690.6201171875,6690.6201171875
2026-07-27,6806.27001953125,6755.75,6755.75
2026-07-28,6400.27001953125,6023.66015625,6023.66015625
2026-07-29,6089.10986328125,5663.240234375,5663.240234375
2026-07-30,5681.77001953125,5593.56005859375,5593.56005859375
2026-07-31,5657.7900390625,6595.4501953125,6595.4501953125
2026-08-03,6358.27001953125,6257.4501953125,6257.4501953125
2026-08-04,6351.3798828125,6358.9501953125,6358.9501953125
2026-08-05,6603.47998046875,6598.259765625,6598.259765625
2026-08-06,6478.75,6296.3798828125,6296.3798828125
2026-08-07,6365.06982421875,6258.77001953125,6258.77001953125
2026-08-10,6306.330078125,6299.66015625,6299.66015625
2026-08-11,6240.06005859375,6345.52978515625,6345.52978515625
2026-08-12,6438.5,6579.0400390625,6579.0400390625
2026-08-13,6773.919921875,6813.33984375,6813.33984375
2026-08-14,6995.669921875,6977.93994140625,6977.93994140625
2026-08-18,7127.77001953125,6869.830078125,6869.830078125
2026-08-19,6528.77001953125,6471.169921875,6471.169921875
2026-08-20,6680.33984375,6852.580078125,6852.580078125
2026-08-21,6759.9501953125,6912.9501953125,6912.9501953125
2026-08-24,6881.06982421875,6696.9599609375,6696.9599609375
2026-08-25,6535.93017578125,6742.740234375,6742.740234375
2026-08-26,6727.25,6806.8798828125,6806.8798828125
2026-08-27,6996.1201171875,6912.3701171875,6911.019689933122
2026-08-31,6613.580078125,6820.02001953125,6818.687634147707
2026-09-01,6784.2900390625,6835.7998046875,6834.464336504341
