Date,Close
2006-08-21,20608.603515625
2006-08-22,20800.751953125
2006-08-23,20416.455078125
2006-08-24,20248.318359375
2006-08-25,20176.255859375
2006-08-28,20104.197265625
2006-08-29,20056.1640625
2006-08-30,20056.1640625
2006-08-31,19984.10546875
2006-09-01,19551.748046875
2006-09-04,19767.927734375
2006-09-05,19984.10546875
2006-09-06,20104.197265625
2006-09-07,19888.0234375
2006-09-08,19839.990234375
2006-09-11,19695.87109375
2006-09-12,19936.0703125
2006-09-13,20128.224609375
2006-09-14,20080.181640625
2006-09-15,20272.3359375
2006-09-18,20656.64453125
2006-09-19,20656.64453125
2006-09-20,20416.455078125
2006-09-21,20056.1640625
2006-09-22,19960.087890625
2006-09-25,19839.990234375
2006-09-26,19791.951171875
2006-09-27,20416.455078125
2006-09-28,20728.703125
2006-09-29,20800.751953125
2006-10-02,20656.64453125
2006-10-04,20464.494140625
2006-10-09,20080.181640625
2006-10-10,20272.3359375
2006-10-11,20656.64453125
2006-10-12,20680.6640625
2006-10-13,21040.95703125
2006-10-16,21473.302734375
2006-10-17,21545.369140625
2006-10-18,21665.453125
2006-10-19,21881.630859375
2006-10-20,21665.453125
2006-10-23,21521.341796875
2006-10-24,21857.611328125
2006-10-25,21329.185546875
2006-10-26,21425.265625
2006-10-27,21353.203125
2006-10-30,21257.130859375
2006-10-31,20872.822265625
2006-11-01,20968.89453125
2006-11-02,20968.89453125
2006-11-03,21353.203125
2006-11-06,21209.09375
2006-11-07,22049.76953125
2006-11-08,22193.87890625
2006-11-09,22962.50390625
2006-11-10,22674.265625
2006-11-13,23130.63671875
2006-11-14,22674.265625
2006-11-15,22217.904296875
2006-11-16,21761.53515625
2006-11-17,22025.748046875
2006-11-20,21881.630859375
2006-11-21,22193.87890625
2006-11-22,22674.265625
2006-11-23,23058.578125
2006-11-24,22770.3515625
2006-11-27,22770.3515625
2006-11-28,22746.333984375
2006-11-29,22602.212890625
2006-11-30,22818.384765625
2006-12-01,23154.6640625
2006-12-04,23707.107421875
2006-12-05,22842.41015625
2006-12-06,22289.9609375
2006-12-07,22193.87890625
2006-12-08,21785.5546875
2006-12-11,21929.669921875
2006-12-12,22097.80859375
2006-12-13,21713.501953125
2006-12-14,22530.154296875
2006-12-15,22626.23828125
2006-12-18,22818.384765625
2006-12-19,22722.30859375
2006-12-20,23274.751953125
2006-12-21,22866.423828125
2006-12-22,23058.578125
2006-12-26,23202.6953125
2006-12-27,23445.654296875
2006-12-28,23761.5
2007-01-02,23712.919921875
2007-01-03,22838.25390625
2007-01-04,22692.478515625
2007-01-05,22109.37890625
2007-01-08,22546.70703125
2007-01-09,23081.212890625
2007-01-10,22303.740234375
2007-01-11,22449.521484375
2007-01-12,22595.29296875
2007-01-15,22303.740234375
2007-01-16,22886.849609375
2007-01-17,23226.984375
2007-01-18,23324.18359375
2007-01-19,23129.8125
2007-01-22,23469.953125
2007-01-23,23664.32421875
2007-01-24,23421.359375
2007-01-25,23081.212890625
2007-01-26,22522.40234375
2007-01-29,22692.478515625
2007-01-30,22595.29296875
2007-01-31,22595.29296875
2007-02-01,23324.18359375
2007-02-02,24150.240234375
2007-02-05,24781.939453125
2007-02-06,24101.646484375
2007-02-07,24004.466796875
2007-02-08,24101.646484375
2007-02-09,23591.435546875
2007-02-12,23372.76953125
2007-02-13,23421.359375
2007-02-14,24976.30859375
2007-02-15,26239.697265625
2007-02-16,25462.232421875
2007-02-20,25996.740234375
2007-02-21,25316.455078125
2007-02-22,25170.66796875
2007-02-23,25996.740234375
2007-02-26,26434.06640625
2007-02-27,25510.818359375
2007-02-28,24538.978515625
2007-03-01,24538.978515625
2007-03-05,23324.18359375
2007-03-06,23688.615234375
2007-03-07,23567.1328125
2007-03-08,23907.279296875
2007-03-09,24150.240234375
2007-03-12,24587.568359375
2007-03-13,24101.646484375
2007-03-14,23421.359375
2007-03-15,23955.8828125
2007-03-16,23542.837890625
2007-03-19,23907.279296875
2007-03-20,24247.43359375
2007-03-21,23810.09765625
2007-03-22,23980.166015625
2007-03-23,24028.7578125
2007-03-26,23858.689453125
2007-03-27,23664.32421875
2007-03-28,23032.623046875
2007-03-29,22984.03515625
2007-03-30,23664.32421875
2007-04-02,23324.18359375
2007-04-03,23154.109375
2007-04-04,23494.248046875
2007-04-05,23397.060546875
2007-04-06,23275.587890625
2007-04-09,23810.09765625
2007-04-10,24344.603515625
2007-04-11,24538.978515625
2007-04-12,24296.015625
2007-04-13,23882.986328125
2007-04-16,24004.466796875
2007-04-17,23955.8828125
2007-04-18,24271.7265625
2007-04-19,24150.240234375
2007-04-20,24125.943359375
2007-04-23,24125.943359375
2007-04-24,23567.1328125
2007-04-25,23299.880859375
2007-04-26,24393.203125
2007-04-27,24247.43359375
2007-04-30,23810.09765625
2007-05-02,23542.837890625
2007-05-03,23421.359375
2007-05-04,23129.8125
2007-05-07,22643.890625
2007-05-08,22206.564453125
2007-05-09,22109.37890625
2007-05-10,22230.859375
2007-05-11,22400.939453125
2007-05-14,22328.046875
2007-05-15,22643.890625
2007-05-16,23154.109375
2007-05-17,23032.623046875
2007-05-18,22741.07421875
2007-05-21,22522.40234375
2007-05-22,22546.70703125
2007-05-23,22643.890625
2007-05-25,22595.29296875
2007-05-28,22692.478515625
2007-05-29,22668.1875
2007-05-30,22716.775390625
2007-05-31,22838.25390625
2007-06-01,23129.8125
2007-06-04,23421.359375
2007-06-05,23567.1328125
2007-06-07,23324.18359375
2007-06-08,22838.25390625
2007-06-11,22813.955078125
2007-06-12,22522.40234375
2007-06-13,22619.59375
2007-06-14,22813.955078125
2007-06-15,22352.3359375
2007-06-18,22376.638671875
2007-06-19,22546.70703125
2007-06-20,23712.919921875
2007-06-21,23737.20703125
2007-06-22,23275.587890625
2007-06-25,23081.212890625
2007-06-26,22595.29296875
2007-06-27,22279.453125
2007-06-28,22746.158203125
2007-06-29,22132.0703125
2007-07-02,22402.263671875
2007-07-03,23532.20703125
2007-07-04,24097.173828125
2007-07-05,23777.84375
2007-07-06,24023.478515625
2007-07-09,24170.86328125
2007-07-10,24490.205078125
2007-07-11,24072.61328125
2007-07-12,24490.205078125
2007-07-13,24514.76953125
2007-07-16,23679.587890625
2007-07-18,24072.61328125
2007-07-19,24391.939453125
2007-07-20,24613.01171875
2007-07-23,24809.53125
2007-07-24,25349.921875
2007-07-25,25595.580078125
2007-07-26,25448.18359375
2007-07-27,24367.37890625
2007-07-30,24490.205078125
2007-07-31,24563.890625
2007-08-01,23876.099609375
2007-08-02,23483.0703125
2007-08-03,23483.0703125
2007-08-06,22697.037109375
2007-08-07,22819.853515625
2007-08-08,23114.62109375
2007-08-09,23212.875
2007-08-10,22451.400390625
2007-08-13,22967.232421875
2007-08-14,22795.294921875
2007-08-16,21935.5546875
2007-08-17,21567.095703125
2007-08-20,22009.24609375
2007-08-21,22058.376953125
2007-08-22,22181.189453125
2007-08-23,22402.263671875
2007-08-24,22254.87890625
2007-08-27,22156.630859375
2007-08-28,22254.87890625
2007-08-29,21861.857421875
2007-08-30,21739.044921875
2007-08-31,21812.732421875
2007-09-03,21837.296875
2007-09-04,22254.87890625
2007-09-05,22377.703125
2007-09-06,21542.53125
2007-09-07,21444.283203125
2007-09-10,21051.25
2007-09-11,21124.943359375
2007-09-12,20731.919921875
2007-09-13,21149.513671875
2007-09-14,20903.869140625
2007-09-17,21002.125
2007-09-18,20854.7421875
2007-09-19,21100.384765625
2007-09-20,20952.998046875
2007-09-21,20461.72265625
2007-09-27,21051.25
2007-09-28,21198.640625
2007-10-01,21468.837890625
2007-10-02,22009.24609375
2007-10-04,22426.826171875
2007-10-05,22500.52734375
2007-10-08,21984.68359375
2007-10-09,21567.095703125
2007-10-10,21714.474609375
2007-10-11,21124.943359375
2007-10-12,20854.7421875
2007-10-15,20805.615234375
2007-10-16,20658.23046875
2007-10-17,20363.466796875
2007-10-18,20437.154296875
2007-10-19,20338.896484375
2007-10-22,20117.830078125
2007-10-23,20510.845703125
2007-10-24,20388.033203125
2007-10-25,20388.033203125
2007-10-26,20830.173828125
2007-10-29,21984.68359375
2007-10-30,22304.015625
2007-10-31,22254.87890625
2007-11-01,22254.87890625
2007-11-02,21689.916015625
2007-11-05,21591.662109375
2007-11-06,21419.71484375
2007-11-07,21763.607421875
2007-11-08,21174.07421875
2007-11-09,21247.763671875
2007-11-12,21272.328125
2007-11-13,21935.5546875
2007-11-14,23090.0546875
2007-11-15,23507.642578125
2007-11-16,22967.232421875
2007-11-19,22500.52734375
2007-11-20,21788.169921875
2007-11-21,20854.7421875
2007-11-22,21026.689453125
2007-11-23,21444.283203125
2007-11-26,21861.857421875
2007-11-27,22107.501953125
2007-11-28,21714.474609375
2007-11-29,21935.5546875
2007-11-30,21296.884765625
2007-12-03,21296.884765625
2007-12-04,21395.15234375
2007-12-05,21542.53125
2007-12-06,22328.576171875
2007-12-07,23998.91796875
2007-12-10,23998.91796875
2007-12-11,24563.890625
2007-12-12,24195.42578125
2007-12-13,24563.890625
2007-12-14,23458.517578125
2007-12-17,23065.48828125
2007-12-18,23630.462890625
2007-12-20,24465.634765625
2007-12-21,26086.84765625
2007-12-24,25841.21484375
2007-12-26,25399.064453125
2007-12-27,25548.763671875
2007-12-28,25149.5625
2008-01-02,24450.96484375
2008-01-03,24101.662109375
2008-01-04,24949.9609375
2008-01-07,25049.767578125
2008-01-08,24550.751953125
2008-01-09,24251.36328125
2008-01-10,23178.521484375
2008-01-11,22854.166015625
2008-01-14,23053.763671875
2008-01-15,23053.763671875
2008-01-16,22554.76171875
2008-01-17,23677.5078125
2008-01-18,24351.166015625
2008-01-21,24101.662109375
2008-01-22,23428.01171875
2008-01-23,23702.4609375
2008-01-24,23802.265625
2008-01-25,23178.521484375
2008-01-28,22504.8671875
2008-01-29,22879.119140625
2008-01-30,22529.81640625
2008-01-31,22953.96875
2008-02-01,22754.36328125
2008-02-04,22904.0625
2008-02-05,22904.0625
2008-02-11,21706.46875
2008-02-12,21856.173828125
2008-02-13,21706.46875
2008-02-14,22105.666015625
2008-02-15,21731.421875
2008-02-18,21955.96875
2008-02-19,21032.818359375
2008-02-20,20059.7734375
2008-02-21,20409.072265625
2008-02-22,20084.720703125
2008-02-25,20957.97265625
2008-02-26,20858.17578125
2008-02-27,21207.46875
2008-02-28,21332.21875
2008-02-29,20957.97265625
2008-03-03,20957.97265625
2008-03-04,20883.12109375
2008-03-05,20334.220703125
2008-03-06,20558.771484375
2008-03-07,20034.818359375
2008-03-10,19810.26953125
2008-03-11,19585.71875
2008-03-12,20458.970703125
2008-03-13,19910.0703125
2008-03-14,20134.619140625
2008-03-17,19411.072265625
2008-03-18,18961.970703125
2008-03-19,18937.021484375
2008-03-20,18512.869140625
2008-03-21,18961.970703125
2008-03-24,19959.974609375
2008-03-25,20558.771484375
2008-03-26,20384.115234375
2008-03-27,20359.16796875
2008-03-28,20508.869140625
2008-03-31,20209.474609375
2008-04-01,20209.474609375
2008-04-02,22504.8671875
2008-04-03,23403.068359375
2008-04-04,22504.8671875
2008-04-07,22205.46484375
2008-04-08,22479.916015625
2008-04-10,23353.162109375
2008-04-11,23278.314453125
2008-04-14,23203.46484375
2008-04-15,23702.4609375
2008-04-16,23452.962890625
2008-04-17,23278.314453125
2008-04-18,23078.716796875
2008-04-21,22629.615234375
2008-04-22,21931.017578125
2008-04-23,22130.62109375
2008-04-24,21955.96875
2008-04-25,22704.46484375
2008-04-28,22654.572265625
2008-04-29,22454.96875
2008-04-30,22629.615234375
2008-05-01,22629.615234375
2008-05-02,23602.6640625
2008-05-05,23602.6640625
2008-05-06,23028.818359375
2008-05-07,22529.81640625
2008-05-08,21456.966796875
2008-05-09,21307.26953125
2008-05-12,21307.26953125
2008-05-13,21706.46875
2008-05-14,22205.46484375
2008-05-15,22554.76171875
2008-05-16,22654.572265625
2008-05-19,22454.96875
2008-05-20,21980.916015625
2008-05-21,21082.716796875
2008-05-22,21007.869140625
2008-05-23,20957.97265625
2008-05-26,20883.12109375
2008-05-27,20957.97265625
2008-05-28,20708.4765625
2008-05-29,20933.0234375
2008-05-30,21456.966796875
2008-06-02,21032.818359375
2008-06-03,20883.12109375
2008-06-04,21007.869140625
2008-06-05,22579.712890625
2008-06-06,22579.712890625
2008-06-09,21257.369140625
2008-06-10,20957.97265625
2008-06-11,21157.5625
2008-06-12,21706.46875
2008-06-13,21955.96875
2008-06-16,22205.46484375
2008-06-17,22030.81640625
2008-06-18,21906.0703125
2008-06-19,20758.3671875
2008-06-20,20533.818359375
2008-06-23,20059.7734375
2008-06-24,19860.171875
2008-06-25,20458.970703125
2008-06-26,20583.720703125
2008-06-27,20083.509765625
2008-06-30,20133.53125
2008-07-01,20158.541015625
2008-07-02,19808.390625
2008-07-03,19558.283203125
2008-07-04,19333.185546875
2008-07-07,19358.201171875
2008-07-08,19008.046875
2008-07-09,18457.822265625
2008-07-10,18207.708984375
2008-07-11,18857.990234375
2008-07-14,18732.9375
2008-07-15,18007.630859375
2008-07-16,17557.439453125
2008-07-17,17257.30859375
2008-07-18,17332.34375
2008-07-21,18432.8046875
2008-07-22,18307.755859375
2008-07-23,19158.1171875
2008-07-24,19708.349609375
2008-07-25,19558.283203125
2008-07-28,19383.21484375
2008-07-29,18532.853515625
2008-07-30,18908.009765625
2008-07-31,19233.142578125
2008-08-01,18958.03515625
2008-08-04,19308.1796875
2008-08-05,19633.314453125
2008-08-06,20233.5703125
2008-08-07,20108.517578125
2008-08-08,19983.46484375
2008-08-11,20083.509765625
2008-08-12,19758.365234375
2008-08-13,19708.349609375
2008-08-14,19783.3828125
2008-08-15,19783.3828125
2008-08-18,19983.46484375
2008-08-19,19383.21484375
2008-08-20,19383.21484375
2008-08-21,19208.140625
2008-08-22,19083.087890625
2008-08-25,18983.037109375
2008-08-26,19258.16015625
2008-08-27,19333.185546875
2008-08-28,19133.109375
2008-08-29,19408.228515625
2008-09-01,19008.046875
2008-09-02,18507.841796875
2008-09-03,18032.634765625
2008-09-04,17907.583984375
2008-09-05,17932.599609375
2008-09-08,18757.94921875
2008-09-09,18933.021484375
2008-09-10,18882.994140625
2008-09-11,18057.646484375
2008-09-12,18382.791015625
2008-09-15,18382.791015625
2008-09-16,18032.634765625
2008-09-17,17932.599609375
2008-09-18,15431.5400390625
2008-09-19,14706.2333984375
2008-09-22,15006.359375
2008-09-23,16056.8017578125
2008-09-24,16006.7802734375
2008-09-25,15506.5693359375
2008-09-26,14806.2744140625
2008-09-29,13805.8486328125
2008-09-30,13780.83984375
2008-10-01,13930.8984375
2008-10-02,13555.73828125
2008-10-03,13555.73828125
2008-10-06,13105.5546875
2008-10-07,13505.7216796875
2008-10-08,12330.23046875
2008-10-09,12530.3076171875
2008-10-10,11980.0751953125
2008-10-13,13730.8154296875
2008-10-14,15156.4228515625
2008-10-15,14005.931640625
2008-10-16,11930.0556640625
2008-10-17,10204.3203125
2008-10-20,11004.6630859375
2008-10-21,11504.8759765625
2008-10-22,11604.91796875
2008-10-23,9904.1953125
2008-10-24,9428.9951171875
2008-10-27,11204.74609375
2008-10-28,10779.5673828125
2008-10-29,9178.888671875
2008-10-30,10554.4697265625
2008-10-31,9529.037109375
2008-11-03,10454.4306640625
2008-11-04,11429.84375
2008-11-05,11805.00390625
2008-11-06,10079.2705078125
2008-11-07,11504.8759765625
2008-11-10,12005.087890625
2008-11-11,11179.7353515625
2008-11-12,9904.1953125
2008-11-13,8428.5712890625
2008-11-14,7178.04150390625
2008-11-17,8253.4970703125
2008-11-18,8703.689453125
2008-11-19,8153.455078125
2008-11-20,6952.947265625
2008-11-21,6852.904296875
2008-11-24,6227.63916015625
2008-11-25,6477.74267578125
2008-11-26,7428.14892578125
2008-11-27,8228.484375
2008-11-28,8728.697265625
2008-12-01,8428.5712890625
2008-12-02,8453.580078125
2008-12-03,8953.7919921875
2008-12-04,8528.6142578125
2008-12-05,9003.8154296875
2008-12-08,9403.982421875
2008-12-09,9078.845703125
2008-12-10,10429.4169921875
2008-12-11,10954.642578125
2008-12-12,9428.9951171875
2008-12-15,9679.1005859375
2008-12-16,10279.353515625
2008-12-17,10954.642578125
2008-12-18,10754.552734375
2008-12-19,10979.650390625
2008-12-22,10679.5234375
2008-12-23,10229.3330078125
2008-12-24,9779.1416015625
2008-12-25,9779.1416015625
2008-12-26,9729.12109375
2008-12-29,9553.1396484375
2008-12-30,9804.5400390625
2008-12-31,9804.5400390625
2009-01-02,9578.2822265625
2009-01-05,10558.7373046875
2009-01-06,10433.0400390625
2009-01-07,11287.7919921875
2009-01-08,11363.2109375
2009-01-09,10784.9931640625
2009-01-12,10483.3154296875
2009-01-13,10910.69140625
2009-01-14,11312.9326171875
2009-01-15,10307.3369140625
2009-01-16,10508.4580078125
2009-01-19,10709.5751953125
2009-01-20,10005.6611328125
2009-01-21,9678.8427734375
2009-01-22,10081.0791015625
2009-01-23,10055.9404296875
2009-01-28,11262.65234375
2009-01-29,11438.6328125
2009-01-30,11639.7470703125
2009-02-02,11312.9326171875
2009-02-03,11614.6103515625
2009-02-04,11514.0537109375
2009-02-05,10835.275390625
2009-02-06,11086.673828125
2009-02-09,11237.51171875
2009-02-10,11136.955078125
2009-02-11,10835.275390625
2009-02-12,10257.0556640625
2009-02-13,10382.7568359375
2009-02-16,10131.359375
2009-02-17,9150.90234375
2009-02-18,8723.52734375
2009-02-19,8974.9267578125
2009-02-20,8396.708984375
2009-02-23,9050.345703125
2009-02-24,9000.0673828125
2009-02-25,9025.2060546875
2009-02-26,9201.1845703125
2009-02-27,9301.744140625
2009-03-02,8798.9453125
2009-03-03,8597.828125
2009-03-04,9125.7666015625
2009-03-05,8798.9453125
2009-03-06,8497.2685546875
2009-03-09,8346.431640625
2009-03-10,9578.2822265625
2009-03-11,10106.2197265625
2009-03-12,10106.2197265625
2009-03-13,9930.23828125
2009-03-16,10206.7783203125
2009-03-17,11388.3515625
2009-03-18,11086.673828125
2009-03-19,10609.0126953125
2009-03-20,10583.8779296875
2009-03-23,11086.673828125
2009-03-24,11463.767578125
2009-03-25,11840.8681640625
2009-03-26,11991.708984375
2009-03-27,11111.8134765625
2009-03-30,10433.0400390625
2009-03-31,10458.1767578125
2009-04-01,10885.5556640625
2009-04-02,11539.189453125
2009-04-03,11136.955078125
2009-04-06,10986.1123046875
2009-04-07,11036.3935546875
2009-04-08,10558.7373046875
2009-04-09,11564.33203125
2009-04-10,12041.9873046875
2009-04-13,11715.1689453125
2009-04-14,11916.287109375
2009-04-15,11539.189453125
2009-04-16,10960.9775390625
2009-04-17,10709.5751953125
2009-04-20,11011.2548828125
2009-04-21,10709.5751953125
2009-04-22,10885.5556640625
2009-04-23,10734.7138671875
2009-04-24,11086.673828125
2009-04-27,10382.7568359375
2009-04-28,10055.9404296875
2009-04-29,10458.1767578125
2009-04-30,11111.8134765625
2009-05-04,12041.9873046875
2009-05-06,12016.84375
2009-05-07,12469.3642578125
2009-05-08,13324.1201171875
2009-05-11,13977.7587890625
2009-05-12,13424.6796875
2009-05-13,13474.9609375
2009-05-14,12720.7626953125
2009-05-15,13122.9990234375
2009-05-18,13525.23828125
2009-05-19,14279.4326171875
2009-05-20,14304.5751953125
2009-05-21,14555.9716796875
2009-05-22,14480.55078125
2009-05-25,14480.55078125
2009-05-26,13650.9384765625
2009-05-27,13324.1201171875
2009-05-28,14229.1533203125
2009-05-29,15033.62890625
2009-06-01,15109.0537109375
2009-06-02,15033.62890625
2009-06-03,14153.7314453125
2009-06-04,13122.9990234375
2009-06-05,13399.5400390625
2009-06-08,13324.1201171875
2009-06-09,13374.3994140625
2009-06-10,13751.498046875
2009-06-11,14254.2958984375
2009-06-12,14103.453125
2009-06-15,13424.6796875
2009-06-16,13223.5615234375
2009-06-17,12846.462890625
2009-06-18,12947.0224609375
2009-06-19,13122.9990234375
2009-06-22,13600.65234375
2009-06-23,12846.462890625
2009-06-24,12896.7412109375
2009-06-25,13424.6796875
2009-06-26,13575.51953125
2009-06-29,13525.23828125
2009-06-30,13776.638671875
2009-07-01,14983.3515625
2009-07-02,15083.9111328125
2009-07-03,15083.9111328125
2009-07-06,14807.37109375
2009-07-07,14681.6728515625
2009-07-08,14178.873046875
2009-07-09,14379.9951171875
2009-07-10,14882.7919921875
2009-07-13,14505.6953125
2009-07-14,14656.53125
2009-07-15,15285.0283203125
2009-07-16,14857.6474609375
2009-07-17,14379.9951171875
2009-07-20,15385.5869140625
2009-07-21,15712.40625
2009-07-22,16164.923828125
2009-07-23,16265.4814453125
2009-07-24,15812.962890625
2009-07-27,16190.0673828125
2009-07-28,16793.41796875
2009-07-29,17120.236328125
2009-07-30,17371.6328125
2009-07-31,17597.890625
2009-08-03,17547.61328125
2009-08-04,16969.400390625
2009-08-05,17069.9609375
2009-08-06,17421.916015625
2009-08-07,17949.853515625
2009-08-10,18352.0859375
2009-08-11,18100.69140625
2009-08-12,17245.9375
2009-08-13,17019.67578125
2009-08-14,17296.21875
2009-08-17,16290.6220703125
2009-08-18,16416.3203125
2009-08-19,16240.341796875
2009-08-20,16919.119140625
2009-08-21,17095.095703125
2009-08-24,17371.6328125
2009-08-25,17396.7734375
2009-08-26,17371.6328125
2009-08-27,16743.138671875
2009-08-28,16919.119140625
2009-08-31,16466.59765625
2009-09-01,16667.716796875
2009-09-02,16667.716796875
2009-09-03,18176.109375
2009-09-04,18075.552734375
2009-09-07,18075.552734375
2009-09-08,17824.15625
2009-09-09,17899.572265625
2009-09-10,18980.580078125
2009-09-11,19357.685546875
2009-09-14,19785.05859375
2009-09-15,19709.638671875
2009-09-16,20212.439453125
2009-09-17,19609.080078125
2009-09-18,19785.05859375
2009-09-21,19986.18359375
2009-09-22,19935.8984375
2009-09-23,20011.322265625
2009-09-24,20187.30078125
2009-09-25,20262.71875
2009-09-28,19759.923828125
2009-09-29,20086.73828125
2009-09-30,20413.556640625
2009-10-01,20589.54296875
2009-10-05,17623.03125
2009-10-06,17597.890625
2009-10-07,18226.390625
2009-10-08,18402.369140625
2009-10-09,18779.466796875
2009-10-12,18578.34765625
2009-10-13,18452.650390625
2009-10-14,18125.828125
2009-10-15,18779.466796875
2009-10-16,19106.279296875
2009-10-19,19131.427734375
2009-10-20,19106.279296875
2009-10-21,18729.189453125
2009-10-22,17949.853515625
2009-10-23,18125.828125
2009-10-26,19005.724609375
2009-10-27,18880.02734375
2009-10-28,18578.34765625
2009-10-29,18201.251953125
2009-10-30,18201.251953125
2009-11-02,17899.572265625
2009-11-03,17447.0546875
2009-11-04,17648.17578125
2009-11-05,17396.7734375
2009-11-06,17396.7734375
2009-11-09,17547.61328125
2009-11-10,18100.69140625
2009-11-11,18276.666015625
2009-11-12,18276.666015625
2009-11-13,18452.650390625
2009-11-16,18729.189453125
2009-11-17,18729.189453125
2009-11-18,19131.427734375
2009-11-19,19357.685546875
2009-11-20,19282.265625
2009-11-23,19382.822265625
2009-11-24,18829.748046875
2009-11-25,18502.931640625
2009-11-26,17698.45703125
2009-11-27,16466.59765625
2009-11-30,16919.119140625
2009-12-01,17044.81640625
2009-12-02,17597.890625
2009-12-03,17723.595703125
2009-12-04,17799.013671875
2009-12-07,18050.412109375
2009-12-08,18100.69140625
2009-12-09,18000.134765625
2009-12-10,18050.412109375
2009-12-11,17924.71484375
2009-12-14,18000.134765625
2009-12-15,17849.2890625
2009-12-16,17748.73828125
2009-12-17,17522.47265625
2009-12-18,17019.67578125
2009-12-21,16843.697265625
2009-12-22,17044.81640625
2009-12-23,16994.537109375
2009-12-24,17095.095703125
2009-12-28,17220.798828125
2009-12-29,17017.30859375
2009-12-30,16737.49609375
2010-01-04,16966.4296875
2010-01-05,17246.23828125
2010-01-06,17246.23828125
2010-01-07,17017.30859375
2010-01-08,17068.17578125
2010-01-11,18212.833984375
2010-01-12,18187.3984375
2010-01-13,18161.9609375
2010-01-14,18111.08984375
2010-01-15,17958.47265625
2010-01-18,17882.16015625
2010-01-19,18034.7734375
2010-01-20,18441.771484375
2010-01-21,18034.7734375
2010-01-22,17500.603515625
2010-01-25,17144.482421875
2010-01-26,17068.17578125
2010-01-27,17093.6171875
2010-01-28,17475.1640625
2010-01-29,16940.98828125
2010-02-01,17042.73828125
2010-02-02,16737.49609375
2010-02-03,16864.6796875
2010-02-04,16737.49609375
2010-02-05,16025.2578125
2010-02-08,15211.283203125
2010-02-09,15770.8876953125
2010-02-10,15669.142578125
2010-02-11,16127.00390625
2010-02-12,16203.31640625
2010-02-16,16203.31640625
2010-02-17,16661.181640625
2010-02-18,16788.365234375
2010-02-19,16177.8798828125
2010-02-22,16839.24609375
2010-02-23,17195.365234375
2010-02-24,17195.365234375
2010-02-25,17093.6171875
2010-02-26,17042.73828125
2010-03-02,17093.6171875
2010-03-03,17424.2890625
2010-03-04,17347.98046875
2010-03-05,17271.669921875
2010-03-08,17526.04296875
2010-03-09,17653.2265625
2010-03-10,17297.1015625
2010-03-11,17042.73828125
2010-03-12,17042.73828125
2010-03-15,16788.365234375
2010-03-16,16839.24609375
2010-03-17,17042.73828125
2010-03-18,17169.921875
2010-03-19,16839.24609375
2010-03-22,16584.876953125
2010-03-23,16508.560546875
2010-03-24,16254.1923828125
2010-03-25,16203.31640625
2010-03-26,16788.365234375
2010-03-29,16890.115234375
2010-03-30,17678.658203125
2010-03-31,17831.283203125
2010-04-01,17882.16015625
2010-04-02,17933.0234375
2010-04-05,17754.97265625
2010-04-06,17805.845703125
2010-04-07,17347.98046875
2010-04-08,17246.23828125
2010-04-09,17271.669921875
2010-04-12,17780.404296875
2010-04-13,17831.283203125
2010-04-14,18416.330078125
2010-04-15,18925.06640625
2010-04-16,19153.99609375
2010-04-19,18747.013671875
2010-04-20,18823.3203125
2010-04-21,18874.197265625
2010-04-22,18619.828125
2010-04-23,18340.01953125
2010-04-26,18365.45703125
2010-04-27,18161.9609375
2010-04-28,17475.1640625
2010-04-29,17653.2265625
2010-04-30,17729.533203125
2010-05-03,17805.845703125
2010-05-04,17729.533203125
2010-05-06,17119.048828125
2010-05-07,16177.8798828125
2010-05-10,16584.876953125
2010-05-11,16432.244140625
2010-05-12,16254.1923828125
2010-05-13,16330.505859375
2010-05-14,15872.6416015625
2010-05-17,15211.283203125
2010-05-18,15389.3359375
2010-05-19,15262.15234375
2010-05-20,15465.650390625
2010-05-24,15643.7041015625
2010-05-25,15160.40234375
2010-05-26,14600.79296875
2010-05-27,14778.8525390625
2010-05-28,15313.0263671875
2010-05-31,15898.080078125
2010-06-01,15745.4521484375
2010-06-03,16635.744140625
2010-06-04,16584.876953125
2010-06-07,15974.390625
2010-06-08,16483.12109375
2010-06-09,16635.744140625
2010-06-10,16610.310546875
2010-06-11,16762.927734375
2010-06-14,16864.6796875
2010-06-15,16839.24609375
2010-06-16,16635.744140625
2010-06-17,16508.560546875
2010-06-18,16559.439453125
2010-06-21,16762.927734375
2010-06-22,16788.365234375
2010-06-23,16712.060546875
2010-06-24,17246.23828125
2010-06-25,17297.1015625
2010-06-28,17271.669921875
2010-06-29,17297.33203125
2010-06-30,16861.048828125
2010-07-01,16553.083984375
2010-07-02,16424.767578125
2010-07-05,16296.4501953125
2010-07-06,16168.130859375
2010-07-07,15988.4833984375
2010-07-08,16322.1142578125
2010-07-09,17220.34375
2010-07-12,17579.638671875
2010-07-13,17861.9375
2010-07-14,17861.9375
2010-07-15,17964.58984375
2010-07-16,17579.638671875
2010-07-19,17374.3203125
2010-07-20,17015.03515625
2010-07-21,16784.0625
2010-07-22,16835.38671875
2010-07-23,17759.283203125
2010-07-26,17861.9375
2010-07-27,17553.970703125
2010-07-28,18144.236328125
2010-07-29,18349.544921875
2010-07-30,18092.904296875
2010-08-02,17836.271484375
2010-08-03,17502.642578125
2010-08-04,17399.986328125
2010-08-05,17169.01953125
2010-08-06,17656.625
2010-08-09,17630.962890625
2010-08-10,17836.271484375
2010-08-11,17861.9375
2010-08-12,17092.0234375
2010-08-13,16938.037109375
2010-08-16,16604.412109375
2010-08-17,16655.740234375
2010-08-18,16784.0625
2010-08-19,17040.6953125
2010-08-20,16784.0625
2010-08-23,16604.412109375
2010-08-24,16347.7724609375
2010-08-25,16347.7724609375
2010-08-26,16322.1142578125
2010-08-27,16091.138671875
2010-08-30,16399.107421875
2010-08-31,15834.505859375
2010-09-01,16039.818359375
2010-09-02,15962.82421875
2010-09-03,15885.8291015625
2010-09-06,16142.46484375
2010-09-07,16168.130859375
2010-09-08,15834.505859375
2010-09-09,15731.845703125
2010-09-10,15962.82421875
2010-09-13,15962.82421875
2010-09-14,16142.46484375
2010-09-15,16270.7841796875
2010-09-16,16091.138671875
2010-09-17,16270.7841796875
2010-09-20,16809.720703125
2010-09-24,17015.03515625
2010-09-27,17630.962890625
2010-09-28,17630.962890625
2010-09-29,17579.638671875
2010-09-30,17322.99609375
2010-10-01,18092.904296875
2010-10-04,18452.19921875
2010-10-05,18734.501953125
2010-10-06,18734.501953125
2010-10-07,18349.544921875
2010-10-08,18503.529296875
2010-10-11,18580.517578125
2010-10-12,18631.84765625
2010-10-13,18888.484375
2010-10-14,19042.45703125
2010-10-15,19145.1171875
2010-10-18,18477.861328125
2010-10-19,17938.923828125
2010-10-20,18246.88671875
2010-10-21,16912.373046875
2010-10-22,16989.369140625
2010-10-25,16963.703125
2010-10-26,16886.716796875
2010-10-27,16835.38671875
2010-10-28,16630.0703125
2010-10-29,16399.107421875
2010-11-01,16809.720703125
2010-11-02,16681.40625
2010-11-03,16604.412109375
2010-11-04,16861.048828125
2010-11-05,17117.6875
2010-11-08,17066.35546875
2010-11-09,16938.037109375
2010-11-10,16938.037109375
2010-11-11,16450.431640625
2010-11-12,16373.4404296875
2010-11-15,16476.09375
2010-11-16,16912.373046875
2010-11-17,17092.0234375
2010-11-18,17246.00390625
2010-11-19,17913.259765625
2010-11-22,17964.58984375
2010-11-23,18991.134765625
2010-11-24,20376.974609375
2010-11-25,20017.68359375
2010-11-26,19196.44921875
2010-11-29,19350.427734375
2010-11-30,19504.412109375
2010-12-01,19478.7421875
2010-12-02,19658.388671875
2010-12-03,19812.376953125
2010-12-06,20325.646484375
2010-12-07,20197.326171875
2010-12-08,19863.705078125
2010-12-09,20992.908203125
2010-12-10,21249.54296875
2010-12-13,21300.875
2010-12-14,21198.21484375
2010-12-15,21403.525390625
2010-12-16,21762.8125
2010-12-17,22584.056640625
2010-12-20,22455.734375
2010-12-21,21660.162109375
2010-12-22,21685.822265625
2010-12-23,22070.78125
2010-12-24,21942.46484375
2010-12-27,21865.470703125
2010-12-28,21454.857421875
2010-12-29,22024.916015625
2010-12-30,22439.49609375
2011-01-03,22905.90625
2011-01-04,23320.48828125
2011-01-05,23294.580078125
2011-01-06,23061.376953125
2011-01-07,22776.349609375
2011-01-10,22776.349609375
2011-01-11,22465.40625
2011-01-12,23294.580078125
2011-01-13,24175.576171875
2011-01-14,25315.6875
2011-01-17,24875.19140625
2011-01-18,24201.48828125
2011-01-19,24901.103515625
2011-01-20,24745.640625
2011-01-21,23735.076171875
2011-01-24,24097.83984375
2011-01-25,23709.171875
2011-01-26,23631.43359375
2011-01-27,22905.90625
2011-01-28,23268.66796875
2011-01-31,23009.548828125
2011-02-01,23553.69921875
2011-02-07,24356.951171875
2011-02-08,24538.337890625
2011-02-09,23579.611328125
2011-02-10,23346.408203125
2011-02-11,22024.916015625
2011-02-14,22931.81640625
2011-02-15,23553.69921875
2011-02-16,23320.48828125
2011-02-17,22905.90625
2011-02-18,23061.376953125
2011-02-21,22802.259765625
2011-02-22,23579.611328125
2011-02-23,23061.376953125
2011-02-24,22802.259765625
2011-02-25,22750.44140625
2011-02-28,23320.48828125
2011-03-02,22543.14453125
2011-03-03,23087.29296875
2011-03-04,24460.609375
2011-03-07,24745.640625
2011-03-08,25004.75
2011-03-09,24693.814453125
2011-03-10,24460.609375
2011-03-11,23916.46484375
2011-03-14,22802.259765625
2011-03-15,21765.791015625
2011-03-16,22802.259765625
2011-03-17,22050.818359375
2011-03-18,22439.49609375
2011-03-21,22569.060546875
2011-03-22,22776.349609375
2011-03-23,22335.8515625
2011-03-24,22802.259765625
2011-03-25,22854.0859375
2011-03-28,22543.14453125
2011-03-29,23061.376953125
2011-03-30,23968.291015625
2011-03-31,24590.162109375
2011-04-01,24875.19140625
2011-04-04,25756.19140625
2011-04-05,25548.90234375
2011-04-06,24512.423828125
2011-04-07,24875.19140625
2011-04-08,24356.951171875
2011-04-11,24279.22265625
2011-04-12,24331.041015625
2011-04-13,24123.75390625
2011-04-14,23812.81640625
2011-04-15,23812.81640625
2011-04-18,23579.611328125
2011-04-19,23242.759765625
2011-04-20,23838.728515625
2011-04-21,23165.017578125
2011-04-22,23579.611328125
2011-04-25,22569.060546875
2011-04-26,22517.232421875
2011-04-27,22776.349609375
2011-04-28,22128.556640625
2011-04-29,23527.79296875
2011-05-02,23372.310546875
2011-05-03,23683.259765625
2011-05-04,23812.81640625
2011-05-06,22905.90625
2011-05-09,22335.8515625
2011-05-11,23268.66796875
2011-05-12,23061.376953125
2011-05-13,19615.126953125
2011-05-16,18915.51171875
2011-05-17,19330.095703125
2011-05-18,19304.185546875
2011-05-19,19045.068359375
2011-05-20,19848.326171875
2011-05-23,19770.595703125
2011-05-24,19848.326171875
2011-05-25,20211.091796875
2011-05-26,20884.80078125
2011-05-27,20677.505859375
2011-05-30,20314.73828125
2011-05-31,20055.625
2011-06-01,20237.00390625
2011-06-02,19951.98046875
2011-06-03,20107.447265625
2011-06-07,20288.82421875
2011-06-08,20237.00390625
2011-06-09,19666.943359375
2011-06-10,19589.2109375
2011-06-13,19589.2109375
2011-06-14,19770.595703125
2011-06-15,19951.98046875
2011-06-16,19226.443359375
2011-06-17,18293.630859375
2011-06-20,18526.8359375
2011-06-21,18967.337890625
2011-06-22,18656.392578125
2011-06-23,18397.27734375
2011-06-24,18760.0390625
2011-06-27,18656.392578125
2011-06-28,18785.951171875
2011-06-29,19386.89453125
2011-06-30,19491.40234375
2011-07-01,19491.40234375
2011-07-04,20040.08984375
2011-07-05,20327.494140625
2011-07-06,20222.984375
2011-07-07,20222.984375
2011-07-08,20275.248046875
2011-07-11,19831.068359375
2011-07-12,19360.767578125
2011-07-13,19491.40234375
2011-07-14,19413.01953125
2011-07-15,19386.89453125
2011-07-18,19230.12890625
2011-07-19,19857.19921875
2011-07-20,19961.708984375
2011-07-21,20353.626953125
2011-07-22,20928.439453125
2011-07-25,21137.45703125
2011-07-26,21450.994140625
2011-07-27,21686.15234375
2011-07-28,21320.34765625
2011-07-29,21607.767578125
2011-08-01,21633.892578125
2011-08-02,21006.826171875
2011-08-03,20405.880859375
2011-08-04,20432.009765625
2011-08-05,20013.966796875
2011-08-08,19308.509765625
2011-08-09,18054.369140625
2011-08-10,17845.349609375
2011-08-11,17610.1953125
2011-08-12,17244.40234375
2011-08-16,17845.349609375
2011-08-17,18106.630859375
2011-08-18,17766.962890625
2011-08-19,16904.740234375
2011-08-22,16904.740234375
2011-08-23,17244.40234375
2011-08-24,16774.107421875
2011-08-25,17139.89453125
2011-08-26,17505.6875
2011-08-29,18211.134765625
2011-08-30,18550.80078125
2011-08-31,18785.94921875
2011-09-01,19099.48828125
2011-09-02,18916.59765625
2011-09-05,17975.98828125
2011-09-06,17427.30078125
2011-09-07,18080.5078125
2011-09-08,18472.41796875
2011-09-09,18080.5078125
2011-09-14,17401.17578125
2011-09-15,17061.51171875
2011-09-16,18080.5078125
2011-09-19,17897.60546875
2011-09-20,17401.17578125
2011-09-21,17793.09375
2011-09-22,16878.615234375
2011-09-23,15206.4287109375
2011-09-26,15154.171875
2011-09-27,16382.1826171875
2011-09-28,17087.63671875
2011-09-29,18237.26171875
2011-09-30,18289.51953125
2011-10-04,17766.962890625
2011-10-05,17505.6875
2011-10-06,18550.80078125
2011-10-07,19021.103515625
2011-10-10,18341.779296875
2011-10-11,18394.037109375
2011-10-12,18942.72265625
2011-10-13,20275.248046875
2011-10-14,20222.984375
2011-10-17,20379.75
2011-10-18,20013.966796875
2011-10-19,19648.169921875
2011-10-20,18707.5703125
2011-10-21,19230.12890625
2011-10-24,19961.708984375
2011-10-25,20719.416015625
2011-10-26,20588.78125
2011-10-27,21477.123046875
2011-10-28,21869.037109375
2011-10-31,21085.205078125
2011-11-01,20902.3125
2011-11-02,20458.13671875
2011-11-03,20458.13671875
2011-11-04,21111.337890625
2011-11-07,20745.544921875
2011-11-08,20222.984375
2011-11-09,20562.650390625
2011-11-10,19021.103515625
2011-11-11,19360.767578125
2011-11-14,19360.767578125
2011-11-15,18864.3359375
2011-11-16,18158.87890625
2011-11-17,18785.94921875
2011-11-18,18603.05859375
2011-11-21,19439.150390625
2011-11-22,19439.150390625
2011-11-23,19151.740234375
2011-11-24,19360.767578125
2011-11-25,19700.4296875
2011-11-28,19726.560546875
2011-11-29,20013.966796875
2011-11-30,20641.029296875
2011-12-01,21973.552734375
2011-12-02,21268.099609375
2011-12-05,21241.97265625
2011-12-06,20667.158203125
2011-12-07,20275.248046875
2011-12-08,20040.08984375
2011-12-09,19648.169921875
2011-12-12,19360.767578125
2011-12-13,19021.103515625
2011-12-14,18498.548828125
2011-12-15,18132.755859375
2011-12-16,18158.87890625
2011-12-19,17766.962890625
2011-12-20,17871.4765625
2011-12-21,18890.466796875
2011-12-22,19334.638671875
2011-12-23,19360.767578125
2011-12-26,19021.103515625
2011-12-27,18812.078125
2011-12-28,18680.341796875
2011-12-29,18733.037109375
2012-01-02,18495.9140625
2012-01-03,19365.37890625
2012-01-04,18917.474609375
2012-01-05,18311.4765625
2012-01-06,18416.8671875
2012-01-09,17968.962890625
2012-01-10,17995.314453125
2012-01-11,17889.919921875
2012-01-12,17916.267578125
2012-01-13,18021.658203125
2012-01-16,18127.041015625
2012-01-17,19207.291015625
2012-01-18,19628.857421875
2012-01-19,19391.724609375
2012-01-20,19997.71484375
2012-01-25,20076.7578125
2012-01-26,20287.537109375
2012-01-27,21051.61328125
2012-01-30,20814.4921875
2012-01-31,20234.841796875
2012-02-01,20682.7421875
2012-02-02,20919.87109375
2012-02-03,20788.138671875
2012-02-06,21657.60546875
2012-02-07,21341.435546875
2012-02-08,21341.435546875
2012-02-09,21710.3046875
2012-02-10,21130.658203125
2012-02-13,21157.001953125
2012-02-14,21341.435546875
2012-02-15,21815.689453125
2012-02-16,21604.9140625
2012-02-17,21868.390625
2012-02-20,21815.689453125
2012-02-21,21604.9140625
2012-02-22,21077.9609375
2012-02-23,20946.21875
2012-02-24,21499.509765625
2012-02-27,21341.435546875
2012-02-28,21183.353515625
2012-02-29,20788.138671875
2012-03-02,20551.009765625
2012-03-05,20603.712890625
2012-03-06,20972.576171875
2012-03-07,20630.052734375
2012-03-08,21420.478515625
2012-03-09,21842.04296875
2012-03-12,21868.390625
2012-03-13,22606.115234375
2012-03-14,23106.712890625
2012-03-15,22922.283203125
2012-03-16,22737.849609375
2012-03-19,23106.712890625
2012-03-20,22869.583984375
2012-03-21,23396.533203125
2012-03-22,23580.96875
2012-03-23,23212.107421875
2012-03-26,23449.232421875
2012-03-27,23449.232421875
2012-03-28,23159.41015625
2012-03-29,22922.283203125
2012-03-30,22500.72265625
2012-04-02,23660.0078125
2012-04-03,23660.0078125
2012-04-04,23291.1484375
2012-04-05,23422.884765625
2012-04-06,22843.240234375
2012-04-09,22553.419921875
2012-04-10,23185.759765625
2012-04-12,23185.759765625
2012-04-13,23449.232421875
2012-04-16,22448.029296875
2012-04-17,22448.029296875
2012-04-18,21894.7265625
2012-04-19,21420.478515625
2012-04-20,21209.697265625
2012-04-23,21552.21484375
2012-04-24,21473.169921875
2012-04-25,21209.697265625
2012-04-26,21604.9140625
2012-04-27,21341.435546875
2012-04-30,20471.974609375
2012-05-02,21341.435546875
2012-05-03,21394.12890625
2012-05-04,21446.82421875
2012-05-07,20682.7421875
2012-05-08,21025.26953125
2012-05-09,20893.53125
2012-05-10,20788.138671875
2012-05-11,20366.57421875
2012-05-14,20234.841796875
2012-05-15,20024.064453125
2012-05-16,19760.58984375
2012-05-17,19101.90234375
2012-05-18,18258.78515625
2012-05-21,18469.55859375
2012-05-22,19365.37890625
2012-05-23,19286.333984375
2012-05-24,19207.291015625
2012-05-25,19101.90234375
2012-05-29,19628.857421875
2012-05-30,19628.857421875
2012-05-31,19602.505859375
2012-06-01,19339.033203125
2012-06-04,18653.998046875
2012-06-05,19154.59765625
2012-06-07,19997.71484375
2012-06-08,19707.896484375
2012-06-11,20208.49609375
2012-06-12,20076.7578125
2012-06-13,19339.033203125
2012-06-14,19655.201171875
2012-06-15,19655.201171875
2012-06-18,19918.673828125
2012-06-19,19813.283203125
2012-06-20,19760.58984375
2012-06-21,19339.033203125
2012-06-22,18864.775390625
2012-06-25,18733.037109375
2012-06-26,18733.037109375
2012-06-27,18680.341796875
2012-06-28,18653.845703125
2012-06-29,19183.79296875
2012-07-02,19369.259765625
2012-07-03,19846.20703125
2012-07-04,19925.697265625
2012-07-05,19713.7265625
2012-07-06,19634.234375
2012-07-09,18998.30859375
2012-07-10,18706.83984375
2012-07-11,18865.81640625
2012-07-12,18176.900390625
2012-07-13,18176.900390625
2012-07-16,17964.92578125
2012-07-17,18574.359375
2012-07-18,18070.904296875
2012-07-19,17593.96484375
2012-07-20,17593.96484375
2012-07-23,17196.513671875
2012-07-24,17461.484375
2012-07-25,17593.96484375
2012-07-26,17699.953125
2012-07-27,18229.88671875
2012-07-30,18653.845703125
2012-07-31,19157.291015625
2012-08-01,18680.341796875
2012-08-02,18521.365234375
2012-08-03,17726.455078125
2012-08-06,18123.90625
2012-08-07,18468.3671875
2012-08-08,18812.830078125
2012-08-09,19448.75390625
2012-08-10,19528.244140625
2012-08-13,19236.775390625
2012-08-14,19607.73828125
2012-08-16,19316.271484375
2012-08-17,19077.798828125
2012-08-20,19236.775390625
2012-08-21,19183.79296875
2012-08-22,18998.30859375
2012-08-23,19130.787109375
2012-08-24,18282.890625
2012-08-27,18547.86328125
2012-08-28,18547.86328125
2012-08-29,18468.3671875
2012-08-30,18150.404296875
2012-08-31,17964.92578125
2012-09-03,18203.3984375
2012-09-04,18388.875
2012-09-05,17911.931640625
2012-09-06,17911.931640625
2012-09-07,18680.341796875
2012-09-10,18547.86328125
2012-09-11,18256.39453125
2012-09-12,18176.900390625
2012-09-13,18044.416015625
2012-09-14,19316.271484375
2012-09-17,19899.205078125
2012-09-18,19554.74609375
2012-09-19,19978.693359375
2012-09-20,19978.693359375
2012-09-21,19634.234375
2012-09-24,18918.814453125
2012-09-25,18547.86328125
2012-09-26,18150.404296875
2012-09-27,18017.919921875
2012-09-28,18044.416015625
2012-10-02,18070.904296875
2012-10-04,17911.931640625
2012-10-05,17964.92578125
2012-10-08,17805.94921875
2012-10-09,17646.9609375
2012-10-10,16958.04296875
2012-10-11,17011.041015625
2012-10-12,16878.548828125
2012-10-15,16852.05859375
2012-10-16,17117.021484375
2012-10-17,17143.5234375
2012-10-18,17593.96484375
2012-10-19,17461.484375
2012-10-22,17011.041015625
2012-10-23,16878.548828125
2012-10-24,16587.083984375
2012-10-25,16534.08984375
2012-10-26,16136.6396484375
2012-10-29,16428.107421875
2012-10-30,16428.107421875
2012-10-31,16825.556640625
2012-11-01,16295.6201171875
2012-11-02,16746.06640625
2012-11-05,16958.04296875
2012-11-06,17381.99609375
2012-11-07,17196.513671875
2012-11-08,16613.580078125
2012-11-09,16719.5703125
2012-11-12,16534.08984375
2012-11-13,16428.107421875
2012-11-14,16242.62890625
2012-11-15,16083.640625
2012-11-16,16534.08984375
2012-11-19,16666.57421875
2012-11-20,17064.033203125
2012-11-21,16958.04296875
2012-11-22,17064.033203125
2012-11-23,17117.021484375
2012-11-26,17117.021484375
2012-11-27,17276.001953125
2012-11-28,17170.013671875
2012-11-29,17673.458984375
2012-11-30,17805.94921875
2012-12-03,17726.455078125
2012-12-04,17328.998046875
2012-12-05,17487.978515625
2012-12-06,17805.94921875
2012-12-07,18017.919921875
2012-12-10,17858.9375
2012-12-11,18203.3984375
2012-12-12,18680.341796875
2012-12-13,18680.341796875
2012-12-14,18521.365234375
2012-12-17,18494.865234375
2012-12-18,18441.8671875
2012-12-20,18653.845703125
2012-12-21,18918.814453125
2012-12-24,18706.83984375
2012-12-26,18547.86328125
2012-12-27,18467.796875
2012-12-28,18521.16796875
2013-01-02,19375.169921875
2013-01-03,19588.671875
2013-01-04,19508.607421875
2013-01-07,19642.04296875
2013-01-08,19695.42578125
2013-01-09,19481.92578125
2013-01-10,19428.544921875
2013-01-11,19268.419921875
2013-01-14,19695.42578125
2013-01-15,19882.240234375
2013-01-16,19988.986328125
2013-01-17,20069.05078125
2013-01-18,20496.05859375
2013-01-21,20629.4921875
2013-01-22,21136.552734375
2013-01-23,21109.873046875
2013-01-24,21003.11328125
2013-01-25,20949.73828125
2013-01-28,21616.921875
2013-01-29,21350.046875
2013-01-30,21323.369140625
2013-01-31,20816.306640625
2013-02-01,20923.0546875
2013-02-04,20602.798828125
2013-02-05,20095.73828125
2013-02-06,20069.05078125
2013-02-07,20362.61328125
2013-02-08,20629.4921875
2013-02-12,20709.546875
2013-02-13,21136.552734375
2013-02-14,21456.8046875
2013-02-15,21350.046875
2013-02-18,21430.11328125
2013-02-19,21350.046875
2013-02-20,21963.8671875
2013-02-21,21296.677734375
2013-02-22,21269.986328125
2013-02-25,21750.37109375
2013-02-26,21563.5546875
2013-02-27,21269.986328125
2013-02-28,21563.5546875
2013-03-04,21350.046875
2013-03-05,21536.8671875
2013-03-06,21963.8671875
2013-03-07,21670.30078125
2013-03-08,21990.5546875
2013-03-11,21777.056640625
2013-03-12,21510.181640625
2013-03-13,21136.552734375
2013-03-14,21003.11328125
2013-03-15,20816.306640625
2013-03-18,20602.798828125
2013-03-19,20549.421875
2013-03-20,20175.798828125
2013-03-21,19668.736328125
2013-03-22,19828.861328125
2013-03-25,20442.6796875
2013-03-26,20415.98828125
2013-03-27,20602.798828125
2013-03-28,20923.0546875
2013-03-29,21109.873046875
2013-04-01,21163.2421875
2013-04-02,19988.986328125
2013-04-03,20095.73828125
2013-04-04,20175.798828125
2013-04-05,19908.91796875
2013-04-08,20042.361328125
2013-04-09,19882.240234375
2013-04-10,19962.298828125
2013-04-11,20122.42578125
2013-04-12,19401.865234375
2013-04-15,19108.30078125
2013-04-16,19188.359375
2013-04-17,19215.046875
2013-04-18,18788.044921875
2013-04-19,18948.171875
2013-04-22,19588.671875
2013-04-23,19668.736328125
2013-04-24,20069.05078125
2013-04-25,19962.298828125
2013-04-26,19642.04296875
2013-04-29,19401.865234375
2013-04-30,18788.044921875
2013-05-02,18227.607421875
2013-05-03,17773.91796875
2013-05-06,17800.60546875
2013-05-07,17853.982421875
2013-05-08,18387.734375
2013-05-09,19268.419921875
2013-05-10,18761.353515625
2013-05-13,18841.419921875
2013-05-14,19081.609375
2013-05-15,19321.802734375
2013-05-16,19615.359375
2013-05-20,19775.486328125
2013-05-21,19882.240234375
2013-05-22,20175.798828125
2013-05-23,19561.982421875
2013-05-24,20069.05078125
2013-05-27,20202.490234375
2013-05-28,20255.86328125
2013-05-29,20896.359375
2013-05-30,20762.921875
2013-05-31,20389.3046875
2013-06-03,20602.798828125
2013-06-04,20309.236328125
2013-06-05,19455.236328125
2013-06-07,19188.359375
2013-06-10,19108.30078125
2013-06-11,19348.48828125
2013-06-12,19215.046875
2013-06-13,18681.30078125
2013-06-14,18574.544921875
2013-06-17,18574.544921875
2013-06-18,18627.921875
2013-06-19,18654.611328125
2013-06-20,18200.9140625
2013-06-21,17800.60546875
2013-06-24,17453.66796875
2013-06-25,17346.916015625
2013-06-26,17507.044921875
2013-06-27,18070.0546875
2013-06-28,17828.765625
2013-07-01,17882.384765625
2013-07-02,17828.765625
2013-07-03,17426.611328125
2013-07-04,17078.080078125
2013-07-05,17346.181640625
2013-07-08,17238.93359375
2013-07-09,17319.3671875
2013-07-10,17238.93359375
2013-07-11,18016.44140625
2013-07-12,18257.728515625
2013-07-15,18150.48828125
2013-07-16,18230.91796875
2013-07-17,18499.01953125
2013-07-18,18391.77734375
2013-07-19,18284.533203125
2013-07-22,18525.830078125
2013-07-23,19169.2734375
2013-07-24,19249.705078125
2013-07-25,19142.4609375
2013-07-26,18874.361328125
2013-07-29,18901.169921875
2013-07-30,19115.650390625
2013-07-31,19303.32421875
2013-08-01,19437.37890625
2013-08-02,19571.4296875
2013-08-05,19410.5703125
2013-08-06,19008.4140625
2013-08-07,18686.69140625
2013-08-08,18793.935546875
2013-08-09,19062.033203125
2013-08-12,19142.4609375
2013-08-13,19356.943359375
2013-08-14,19062.033203125
2013-08-16,19008.4140625
2013-08-19,18901.169921875
2013-08-20,18820.7421875
2013-08-21,18579.453125
2013-08-22,18391.77734375
2013-08-23,18418.587890625
2013-08-26,18311.34765625
2013-08-27,18204.103515625
2013-08-28,17936.005859375
2013-08-29,18445.390625
2013-08-30,18767.125
2013-09-02,18927.98046875
2013-09-03,19437.37890625
2013-09-04,19678.666015625
2013-09-05,19410.5703125
2013-09-06,19517.802734375
2013-09-09,20054.009765625
2013-09-10,20536.59765625
2013-09-11,20831.50390625
2013-09-12,20482.9765625
2013-09-13,20375.73046875
2013-09-16,20348.921875
2013-09-17,20295.3046875
2013-09-23,20697.451171875
2013-09-24,20590.220703125
2013-09-25,20268.490234375
2013-09-26,20268.490234375
2013-09-27,20214.87109375
2013-09-30,19759.09765625
2013-10-01,19919.958984375
2013-10-02,20080.818359375
2013-10-04,20375.73046875
2013-10-07,20348.921875
2013-10-08,20429.349609375
2013-10-10,20027.1953125
2013-10-11,21045.984375
2013-10-14,21045.984375
2013-10-15,21501.759765625
2013-10-16,22198.822265625
2013-10-17,22520.548828125
2013-10-18,22788.650390625
2013-10-21,22600.98046875
2013-10-22,22172.01171875
2013-10-23,21555.380859375
2013-10-24,21903.916015625
2013-10-25,21448.1328125
2013-10-28,21501.759765625
2013-10-29,21501.759765625
2013-10-30,22037.95703125
2013-10-31,21930.716796875
2013-11-01,21689.431640625
2013-11-04,21019.1796875
2013-11-05,20992.361328125
2013-11-06,20992.361328125
2013-11-07,20965.556640625
2013-11-08,20885.126953125
2013-11-11,20911.939453125
2013-11-12,20965.556640625
2013-11-13,20348.921875
2013-11-14,20295.3046875
2013-11-15,21340.89453125
2013-11-18,21340.89453125
2013-11-19,21662.62109375
2013-11-20,21448.1328125
2013-11-21,21314.0859375
2013-11-22,21609.00390625
2013-11-25,21528.56640625
2013-11-26,21367.705078125
2013-11-27,21501.759765625
2013-11-28,21662.62109375
2013-11-29,21287.27734375
2013-12-02,21501.759765625
2013-12-03,21689.431640625
2013-12-04,21340.89453125
2013-12-05,21153.2265625
2013-12-06,21153.2265625
2013-12-09,21582.19140625
2013-12-10,21796.6796875
2013-12-11,21528.56640625
2013-12-12,21153.2265625
2013-12-13,21421.33203125
2013-12-16,21180.03515625
2013-12-17,21260.470703125
2013-12-18,22145.203125
2013-12-19,22011.15234375
2013-12-20,22547.359375
2013-12-23,22466.93359375
2013-12-24,22493.740234375
2013-12-26,22708.216796875
2013-12-27,22897.001953125
2013-12-30,23679.11328125
2014-01-02,23652.1484375
2014-01-03,22897.001953125
2014-01-06,22977.91796875
2014-01-07,22384.583984375
2014-01-08,22438.52734375
2014-01-09,22681.25
2014-01-10,22114.88671875
2014-01-13,22276.705078125
2014-01-14,22114.88671875
2014-01-15,22492.4609375
2014-01-16,22330.64453125
2014-01-17,21764.2890625
2014-01-20,21629.439453125
2014-01-21,21845.193359375
2014-01-22,22007.017578125
2014-01-23,21494.591796875
2014-01-24,21872.166015625
2014-01-27,21683.3828125
2014-01-28,21467.62109375
2014-01-29,22060.947265625
2014-02-03,21548.53515625
2014-02-04,21143.98828125
2014-02-05,21440.658203125
2014-02-06,21305.80859375
2014-02-07,20658.54296875
2014-02-10,20173.09765625
2014-02-11,20604.60546875
2014-02-12,20901.26953125
2014-02-13,20577.63671875
2014-02-14,20847.33203125
2014-02-17,21602.474609375
2014-02-18,21629.439453125
2014-02-19,21413.6875
2014-02-20,21413.6875
2014-02-21,21764.2890625
2014-02-24,22007.017578125
2014-02-25,22168.82421875
2014-02-26,22007.017578125
2014-02-27,22060.947265625
2014-02-28,22492.4609375
2014-03-03,21845.193359375
2014-03-04,21845.193359375
2014-03-05,22303.677734375
2014-03-06,22222.76953125
2014-03-07,22114.88671875
2014-03-10,21845.193359375
2014-03-11,21980.048828125
2014-03-12,21548.53515625
2014-03-13,21036.119140625
2014-03-14,20928.232421875
2014-03-17,21143.98828125
2014-03-18,21197.93359375
2014-03-19,21009.14453125
2014-03-20,20712.482421875
2014-03-21,20901.26953125
2014-03-24,20847.33203125
2014-03-25,20820.359375
2014-03-26,21197.93359375
2014-03-27,21117.021484375
2014-03-28,21170.9609375
2014-03-31,20982.17578125
2014-04-01,21143.98828125
2014-04-02,21143.98828125
2014-04-03,20442.78515625
2014-04-04,20766.41796875
2014-04-07,20631.572265625
2014-04-08,20928.232421875
2014-04-09,21305.80859375
2014-04-10,21494.591796875
2014-04-11,21143.98828125
2014-04-14,20955.20703125
2014-04-15,20820.359375
2014-04-16,20685.51171875
2014-04-17,20712.482421875
2014-04-18,20766.41796875
2014-04-21,20523.6953125
2014-04-22,20361.8828125
2014-04-23,20496.7265625
2014-04-24,20334.912109375
2014-04-25,20146.12890625
2014-04-28,19957.33984375
2014-04-29,19660.681640625
2014-04-30,19606.740234375
2014-05-02,19579.767578125
2014-05-07,19121.291015625
2014-05-08,19552.798828125
2014-05-09,19525.828125
2014-05-12,19417.953125
2014-05-13,19795.521484375
2014-05-14,20388.8515625
2014-05-15,20388.8515625
2014-05-16,20550.662109375
2014-05-19,20577.63671875
2014-05-20,20361.8828125
2014-05-21,19903.404296875
2014-05-22,20280.970703125
2014-05-23,20361.8828125
2014-05-26,20280.970703125
2014-05-27,20065.21484375
2014-05-28,20065.21484375
2014-05-29,20065.21484375
2014-05-30,19984.310546875
2014-06-02,20119.15625
2014-06-03,19822.4921875
2014-06-05,19471.892578125
2014-06-09,20092.1875
2014-06-10,20415.8203125
2014-06-11,20874.296875
2014-06-12,20496.7265625
2014-06-13,20200.0625
2014-06-16,20442.78515625
2014-06-17,20550.662109375
2014-06-18,20334.912109375
2014-06-19,20388.8515625
2014-06-20,20361.8828125
2014-06-23,20388.8515625
2014-06-24,20658.54296875
2014-06-25,20119.15625
2014-06-26,20227.03125
2014-06-27,20199.955078125
2014-06-30,20308.267578125
2014-07-01,20091.6484375
2014-07-02,20118.72265625
2014-07-03,20037.48828125
2014-07-04,19983.337890625
2014-07-07,19956.2578125
2014-07-08,19847.943359375
2014-07-09,19847.943359375
2014-07-10,19820.875
2014-07-11,19631.32421875
2014-07-14,19577.171875
2014-07-15,20091.6484375
2014-07-16,20335.345703125
2014-07-17,20497.8125
2014-07-18,20308.267578125
2014-07-21,20551.962890625
2014-07-22,20985.212890625
2014-07-23,21201.826171875
2014-07-24,21066.4375
2014-07-25,21391.373046875
2014-07-28,22041.23828125
2014-07-29,22501.55859375
2014-07-30,22772.33984375
2014-07-31,22691.111328125
2014-08-01,22826.494140625
2014-08-04,22474.482421875
2014-08-05,22447.408203125
2014-08-06,22745.26171875
2014-08-07,22636.953125
2014-08-08,22095.3984375
2014-08-11,22176.630859375
2014-08-12,22339.09375
2014-08-13,22474.482421875
2014-08-14,22691.111328125
2014-08-18,22528.640625
2014-08-19,23232.658203125
2014-08-20,23395.125
2014-08-21,22582.79296875
2014-08-22,22880.650390625
2014-08-25,22907.734375
2014-08-26,23016.0390625
2014-08-27,23395.125
2014-08-28,22961.8828125
2014-08-29,23043.11328125
2014-09-01,23043.11328125
2014-09-02,22853.576171875
2014-09-03,23584.666015625
2014-09-04,23530.51171875
2014-09-05,23286.818359375
2014-09-11,22853.576171875
2014-09-12,22799.41796875
2014-09-15,22095.3984375
2014-09-16,22122.474609375
2014-09-17,22095.3984375
2014-09-18,21932.927734375
2014-09-19,22095.3984375
2014-09-22,22068.322265625
2014-09-23,22582.79296875
2014-09-24,22176.630859375
2014-09-25,21932.927734375
2014-09-26,21310.138671875
2014-09-29,21120.6015625
2014-09-30,20849.81640625
2014-10-01,20416.57421875
2014-10-02,20633.197265625
2014-10-06,20497.8125
2014-10-07,20606.12109375
2014-10-08,19956.2578125
2014-10-10,19929.177734375
2014-10-13,20064.568359375
2014-10-14,19658.40234375
2014-10-15,19577.171875
2014-10-16,19387.630859375
2014-10-17,19252.232421875
2014-10-20,19333.46875
2014-10-21,18548.21484375
2014-10-22,18710.681640625
2014-10-23,18304.51953125
2014-10-24,18466.98046875
2014-10-27,19495.93359375
2014-10-28,19468.85546875
2014-10-29,20335.345703125
2014-10-30,20172.87890625
2014-10-31,20064.568359375
2014-11-03,19902.103515625
2014-11-04,19279.314453125
2014-11-05,19604.248046875
2014-11-06,19468.85546875
2014-11-07,19035.61328125
2014-11-10,19008.541015625
2014-11-11,19089.767578125
2014-11-12,19252.232421875
2014-11-13,19089.767578125
2014-11-14,18764.83984375
2014-11-17,18846.072265625
2014-11-18,18818.990234375
2014-11-19,18954.38671875
2014-11-20,18521.13671875
2014-11-21,18331.59765625
2014-11-24,18818.990234375
2014-11-25,18575.29296875
2014-11-26,18602.37109375
2014-11-27,18494.05859375
2014-11-28,18304.51953125
2014-12-01,17898.3515625
2014-12-02,17735.884765625
2014-12-03,17735.884765625
2014-12-04,17735.884765625
2014-12-05,17925.4296875
2014-12-08,17790.04296875
2014-12-09,17735.884765625
2014-12-10,17302.642578125
2014-12-11,17031.8671875
2014-12-12,17410.951171875
2014-12-15,17438.03125
2014-12-16,17465.109375
2014-12-17,17681.73046875
2014-12-18,17681.73046875
2014-12-19,17844.193359375
2014-12-22,17735.884765625
2014-12-23,17790.04296875
2014-12-24,17952.509765625
2014-12-26,17979.5859375
2014-12-29,17869.787109375
2014-12-30,17567.83984375
2015-01-02,17567.83984375
2015-01-05,17210.990234375
2015-01-06,16963.94140625
2015-01-07,16991.396484375
2015-01-08,17485.490234375
2015-01-09,17732.5390625
2015-01-12,17650.18359375
2015-01-13,17293.341796875
2015-01-14,17897.23828125
2015-01-15,17869.787109375
2015-01-16,17595.2890625
2015-01-19,18144.28125
2015-01-20,18007.03515625
2015-01-21,18171.734375
2015-01-22,18199.18359375
2015-01-23,18446.232421875
2015-01-26,18501.130859375
2015-01-27,18583.482421875
2015-01-28,18089.3828125
2015-01-29,17979.5859375
2015-01-30,17732.5390625
2015-02-02,17732.5390625
2015-02-03,17650.18359375
2015-02-04,17512.94140625
2015-02-05,16662.0
2015-02-06,16469.849609375
2015-02-09,16058.1044921875
2015-02-10,16058.1044921875
2015-02-11,16030.658203125
2015-02-12,15756.158203125
2015-02-13,15783.6064453125
2015-02-16,15893.404296875
2015-02-17,16167.9013671875
2015-02-23,16387.5
2015-02-24,16469.849609375
2015-02-25,16469.849609375
2015-02-26,16552.201171875
2015-02-27,16524.751953125
2015-03-02,16140.4521484375
2015-03-03,16360.0517578125
2015-03-04,16195.353515625
2015-03-05,16003.203125
2015-03-06,15756.158203125
2015-03-09,15646.3603515625
2015-03-10,15701.259765625
2015-03-11,15399.3115234375
2015-03-12,15728.708984375
2015-03-13,15509.109375
2015-03-16,15454.2080078125
2015-03-17,16085.5556640625
2015-03-18,16167.9013671875
2015-03-19,16305.1533203125
2015-03-20,16360.0517578125
2015-03-23,16195.353515625
2015-03-24,15838.5078125
2015-03-25,15509.109375
2015-03-26,15618.908203125
2015-03-27,15701.259765625
2015-03-30,15591.45703125
2015-03-31,15783.6064453125
2015-04-01,15728.708984375
2015-04-02,15564.0068359375
2015-04-03,15591.45703125
2015-04-06,15344.41015625
2015-04-07,15152.2626953125
2015-04-08,15015.0126953125
2015-04-09,14795.4140625
2015-04-10,15207.162109375
2015-04-13,15454.2080078125
2015-04-14,16469.849609375
2015-04-15,16524.751953125
2015-04-16,16579.646484375
2015-04-17,16552.201171875
2015-04-20,16826.701171875
2015-04-21,16909.048828125
2015-04-22,16689.447265625
2015-04-23,17265.892578125
2015-04-24,17705.0859375
2015-04-27,17787.4375
2015-04-28,17430.5859375
2015-04-29,17238.443359375
2015-04-30,17403.140625
2015-05-04,17732.5390625
2015-05-06,17787.4375
2015-05-07,17403.140625
2015-05-08,17293.341796875
2015-05-11,17073.7421875
2015-05-12,17210.990234375
2015-05-13,17128.642578125
2015-05-14,17018.84375
2015-05-15,16991.396484375
2015-05-18,16744.345703125
2015-05-19,16716.8984375
2015-05-20,16936.494140625
2015-05-21,16634.548828125
2015-05-22,16854.14453125
2015-05-26,16497.30078125
2015-05-27,16058.1044921875
2015-05-28,16250.251953125
2015-05-29,16305.1533203125
2015-06-01,16140.4521484375
2015-06-02,16222.8017578125
2015-06-03,16250.251953125
2015-06-04,15893.404296875
2015-06-05,15646.3603515625
2015-06-08,15756.158203125
2015-06-09,15756.158203125
2015-06-10,16058.1044921875
2015-06-11,15701.259765625
2015-06-12,15454.2080078125
2015-06-15,15371.8525390625
2015-06-16,15152.2626953125
2015-06-17,15097.36328125
2015-06-18,15015.0126953125
2015-06-19,14850.3134765625
2015-06-22,14850.3134765625
2015-06-23,15179.7138671875
2015-06-24,15289.5078125
2015-06-25,15536.5576171875
2015-06-26,16003.203125
2015-06-29,16113.57421875
2015-06-30,16030.7919921875
2015-07-01,16223.9345703125
2015-07-02,16141.162109375
2015-07-03,16168.7568359375
2015-07-06,15865.2451171875
2015-07-07,16251.5283203125
2015-07-08,15920.4287109375
2015-07-09,15948.0224609375
2015-07-10,15920.4287109375
2015-07-13,16389.48828125
2015-07-14,17024.09765625
2015-07-15,15727.2880859375
2015-07-16,15948.0224609375
2015-07-17,15313.4111328125
2015-07-20,15313.4111328125
2015-07-21,15616.9169921875
2015-07-22,15451.37109375
2015-07-23,15313.4111328125
2015-07-24,15037.494140625
2015-07-27,15092.677734375
2015-07-28,15534.146484375
2015-07-29,15451.37109375
2015-07-30,15948.0224609375
2015-07-31,16085.982421875
2015-08-03,15975.611328125
2015-08-04,16251.5283203125
2015-08-05,16058.3896484375
2015-08-06,15920.4287109375
2015-08-07,16058.3896484375
2015-08-10,16527.447265625
2015-08-11,16196.34765625
2015-08-12,16085.982421875
2015-08-13,15589.328125
2015-08-14,15589.328125
2015-08-17,15589.328125
2015-08-18,15699.6982421875
2015-08-19,15699.6982421875
2015-08-20,15561.7373046875
2015-08-21,15258.2275390625
2015-08-24,14623.6162109375
2015-08-25,14375.2919921875
2015-08-26,14678.80078125
2015-08-27,14733.984375
2015-08-28,15037.494140625
2015-08-31,15009.8984375
2015-09-01,14761.5751953125
2015-09-02,15037.494140625
2015-09-03,14844.3525390625
2015-09-04,14761.5751953125
2015-09-07,14568.4365234375
2015-09-08,14623.6162109375
2015-09-09,14899.53515625
2015-09-10,14789.1689453125
2015-09-11,14899.53515625
2015-09-14,15037.494140625
2015-09-15,15175.4560546875
2015-09-16,15341.0048828125
2015-09-17,15341.0048828125
2015-09-18,14954.71484375
2015-09-21,14789.1689453125
2015-09-22,14844.3525390625
2015-09-23,14678.80078125
2015-09-24,14568.4365234375
2015-09-25,14513.248046875
2015-09-30,14568.4365234375
2015-10-01,14513.248046875
2015-10-02,14375.2919921875
2015-10-05,14375.2919921875
2015-10-06,14430.4755859375
2015-10-07,14485.6611328125
2015-10-08,14761.5751953125
2015-10-12,15120.2705078125
2015-10-13,15203.0458984375
2015-10-14,14982.3095703125
2015-10-15,15285.8125
2015-10-16,15423.775390625
2015-10-19,15341.0048828125
2015-10-20,15644.5107421875
2015-10-21,15644.5107421875
2015-10-22,15451.37109375
2015-10-23,15727.2880859375
2015-10-26,15754.87890625
2015-10-27,15589.328125
2015-10-28,15396.185546875
2015-10-29,15175.4560546875
2015-10-30,15341.0048828125
2015-11-02,15147.8583984375
2015-11-03,15451.37109375
2015-11-04,15396.185546875
2015-11-05,15285.8125
2015-11-06,15092.677734375
2015-11-09,15147.8583984375
2015-11-10,14982.3095703125
2015-11-11,14844.3525390625
2015-11-12,14899.53515625
2015-11-13,14623.6162109375
2015-11-16,14264.9228515625
2015-11-17,14237.3349609375
2015-11-18,13961.4140625
2015-11-19,14347.7041015625
2015-11-20,14347.7041015625
2015-11-23,14264.9228515625
2015-11-24,14347.7041015625
2015-11-25,14071.78515625
2015-11-26,14099.3759765625
2015-11-27,14209.74609375
2015-11-30,14071.78515625
2015-12-01,14154.5576171875
2015-12-02,14044.1923828125
2015-12-03,13906.23046875
2015-12-04,13713.0947265625
2015-12-07,13630.3134765625
2015-12-08,13326.8046875
2015-12-09,13271.6220703125
2015-12-10,13271.6220703125
2015-12-11,13271.6220703125
2015-12-14,13354.396484375
2015-12-15,13188.8466796875
2015-12-16,13326.8046875
2015-12-17,13299.21484375
2015-12-18,13133.6640625
2015-12-21,13354.396484375
2015-12-22,13381.98828125
2015-12-23,13575.1357421875
2015-12-24,13602.724609375
2015-12-28,13409.5830078125
2015-12-29,13578.6123046875
2015-12-30,13296.89453125
2016-01-04,12902.4931640625
2016-01-05,13099.6953125
2016-01-06,13127.8681640625
2016-01-07,12761.640625
2016-01-08,12874.3251953125
2016-01-11,12423.5830078125
2016-01-12,12451.7509765625
2016-01-13,12479.9248046875
2016-01-14,12423.5830078125
2016-01-15,11691.12890625
2016-01-18,11803.810546875
2016-01-19,11691.12890625
2016-01-20,11071.353515625
2016-01-21,11296.7275390625
2016-01-22,11522.0986328125
2016-01-25,11691.12890625
2016-01-26,11240.3818359375
2016-01-27,11522.0986328125
2016-01-28,11888.328125
2016-01-29,12057.353515625
2016-02-01,11888.328125
2016-02-02,11860.15625
2016-02-03,11522.0986328125
2016-02-04,11860.15625
2016-02-05,12564.4423828125
2016-02-11,11747.4697265625
2016-02-12,11578.4404296875
2016-02-15,12226.384765625
2016-02-16,12310.896484375
2016-02-17,12733.4697265625
2016-02-18,12789.8134765625
2016-02-19,12536.26953125
2016-02-22,12367.23828125
2016-02-23,12395.41015625
2016-02-24,12226.384765625
2016-02-25,12029.18359375
2016-02-26,12029.18359375
2016-02-29,11747.4697265625
2016-03-02,11747.4697265625
2016-03-03,12057.353515625
2016-03-04,12564.4423828125
2016-03-07,12677.125
2016-03-08,12423.5830078125
2016-03-09,12451.7509765625
2016-03-10,12367.23828125
2016-03-11,12677.125
2016-03-14,13184.20703125
2016-03-15,13212.3828125
2016-03-16,13325.0673828125
2016-03-17,13409.5830078125
2016-03-18,13550.4375
2016-03-21,13747.63671875
2016-03-22,13550.4375
2016-03-23,13606.77734375
2016-03-24,13353.240234375
2016-03-25,13043.3515625
2016-03-28,13184.20703125
2016-03-29,13803.978515625
2016-03-30,13691.2939453125
2016-03-31,13973.005859375
2016-04-01,13494.0986328125
2016-04-04,13015.177734375
2016-04-05,13071.5244140625
2016-04-06,13015.177734375
2016-04-07,13156.0380859375
2016-04-08,12987.005859375
2016-04-11,12846.154296875
2016-04-12,13099.6953125
2016-04-14,14029.3544921875
2016-04-15,14085.6923828125
2016-04-18,14057.5205078125
2016-04-19,14085.6923828125
2016-04-20,14480.09375
2016-04-21,14620.955078125
2016-04-22,14649.126953125
2016-04-25,15325.232421875
2016-04-26,15437.9208984375
2016-04-27,15071.6904296875
2016-04-28,14451.923828125
2016-04-29,14451.923828125
2016-05-02,14057.5205078125
2016-05-03,14057.5205078125
2016-05-04,13775.8056640625
2016-05-09,13578.6123046875
2016-05-10,13719.4677734375
2016-05-11,14170.2080078125
2016-05-12,14085.6923828125
2016-05-13,13606.77734375
2016-05-16,13663.1259765625
2016-05-17,13325.0673828125
2016-05-18,13325.0673828125
2016-05-19,13916.6650390625
2016-05-20,13606.77734375
2016-05-23,13663.1259765625
2016-05-24,13381.412109375
2016-05-25,13888.4951171875
2016-05-26,14001.1845703125
2016-05-27,14057.5205078125
2016-05-30,14085.6923828125
2016-05-31,14564.6044921875
2016-06-01,14170.2080078125
2016-06-02,14113.8642578125
2016-06-03,14057.5205078125
2016-06-07,14142.0390625
2016-06-08,14367.412109375
2016-06-09,14733.6357421875
2016-06-10,14423.751953125
2016-06-13,13944.8349609375
2016-06-14,13606.77734375
2016-06-15,13184.20703125
2016-06-16,13212.3828125
2016-06-17,13127.8681640625
2016-06-20,13832.150390625
2016-06-21,13578.6123046875
2016-06-22,14085.6923828125
2016-06-23,14198.37890625
2016-06-24,13156.0380859375
2016-06-27,13071.5244140625
2016-06-28,13071.5244140625
2016-06-29,13498.69921875
2016-06-30,13242.3935546875
2016-07-01,13327.830078125
2016-07-04,13498.69921875
2016-07-05,13185.4375
2016-07-06,12786.7412109375
2016-07-07,13071.5263671875
2016-07-08,12786.7412109375
2016-07-11,12929.134765625
2016-07-12,13356.3076171875
2016-07-13,13527.17578125
2016-07-14,13384.7880859375
2016-07-15,13840.4384765625
2016-07-18,13982.828125
2016-07-19,14068.2646484375
2016-07-20,13982.828125
2016-07-21,14153.7021484375
2016-07-22,14353.044921875
2016-07-25,15720.0048828125
2016-07-26,15862.3935546875
2016-07-27,16118.69921875
2016-07-28,15976.3076171875
2016-07-29,15691.5263671875
2016-08-01,15748.4794921875
2016-08-02,15520.6533203125
2016-08-03,15065.00390625
2016-08-04,15093.4873046875
2016-08-05,15378.2646484375
2016-08-08,15947.8271484375
2016-08-09,16403.48046875
2016-08-10,16545.875
2016-08-11,16033.265625
2016-08-12,16175.6552734375
2016-08-16,16204.1318359375
2016-08-17,15947.8271484375
2016-08-18,16033.265625
2016-08-19,15947.8271484375
2016-08-22,15947.8271484375
2016-08-23,16289.5703125
2016-08-24,16175.6552734375
2016-08-25,16517.39453125
2016-08-26,16232.61328125
2016-08-29,16716.744140625
2016-08-30,16716.744140625
2016-08-31,16688.265625
2016-09-01,16916.087890625
2016-09-02,16289.5703125
2016-09-05,16517.39453125
2016-09-06,16545.875
2016-09-07,16802.1796875
2016-09-08,16631.310546875
2016-09-09,16773.697265625
2016-09-12,16716.744140625
2016-09-13,16175.6552734375
2016-09-19,16346.5283203125
2016-09-20,16517.39453125
2016-09-21,16574.353515625
2016-09-22,16431.9609375
2016-09-23,16517.39453125
2016-09-26,16460.439453125
2016-09-27,16517.39453125
2016-09-28,16318.0458984375
2016-09-29,16175.6552734375
2016-09-30,15862.3935546875
2016-10-04,16431.9609375
2016-10-05,16403.48046875
2016-10-06,16346.5283203125
2016-10-07,16346.5283203125
2016-10-10,16916.087890625
2016-10-11,17457.17578125
2016-10-12,17571.091796875
2016-10-13,17086.958984375
2016-10-14,17257.83203125
2016-10-17,17827.3984375
2016-10-18,18169.1328125
2016-10-19,18112.173828125
2016-10-20,18169.1328125
2016-10-21,18226.087890625
2016-10-24,18738.693359375
2016-10-25,18852.607421875
2016-10-26,18311.525390625
2016-10-27,18311.525390625
2016-10-28,18340.0
2016-10-31,18681.73828125
2016-11-01,18482.39453125
2016-11-02,18453.91796875
2016-11-03,18567.83203125
2016-11-04,18567.83203125
2016-11-07,18624.787109375
2016-11-08,18624.787109375
2016-11-09,18396.958984375
2016-11-10,19650.0
2016-11-11,19564.5703125
2016-11-14,19393.697265625
2016-11-15,19422.171875
2016-11-16,19080.44140625
2016-11-17,18567.83203125
2016-11-18,18824.1328125
2016-11-21,18482.39453125
2016-11-22,18510.875
2016-11-23,18795.658203125
2016-11-24,18738.693359375
2016-11-25,18795.658203125
2016-11-28,18368.478515625
2016-11-29,18254.568359375
2016-11-30,18311.525390625
2016-12-01,18396.958984375
2016-12-02,18624.787109375
2016-12-05,18653.263671875
2016-12-06,18624.787109375
2016-12-07,18966.5234375
2016-12-08,19365.224609375
2016-12-09,19165.873046875
2016-12-12,19308.263671875
2016-12-13,19308.263671875
2016-12-14,19080.44140625
2016-12-15,19222.830078125
2016-12-16,19365.224609375
2016-12-19,19336.7421875
2016-12-20,19251.310546875
2016-12-21,19194.34765625
2016-12-22,19080.44140625
2016-12-23,18767.177734375
2016-12-26,18567.83203125
2016-12-27,18567.83203125
2016-12-28,18626.216796875
2016-12-29,18246.689453125
2017-01-02,18042.32421875
2017-01-03,18363.46875
2017-01-04,18684.61328125
2017-01-05,18451.048828125
2017-01-06,18626.216796875
2017-01-09,18684.61328125
2017-01-10,18363.46875
2017-01-11,18742.99609375
2017-01-12,19034.94140625
2017-01-13,18918.166015625
2017-01-16,19297.703125
2017-01-17,19618.83984375
2017-01-18,19735.619140625
2017-01-19,19414.474609375
2017-01-20,19443.66796875
2017-01-23,19268.501953125
2017-01-24,19268.501953125
2017-01-25,19823.201171875
2017-01-26,20290.318359375
2017-01-31,20115.150390625
2017-02-01,20640.6484375
2017-02-02,20845.015625
2017-02-03,21020.18359375
2017-02-06,21253.7421875
2017-02-07,21195.353515625
2017-02-08,21195.353515625
2017-02-09,20932.59765625
2017-02-10,21166.16015625
2017-02-13,21020.18359375
2017-02-14,21020.18359375
2017-02-15,21020.18359375
2017-02-16,20874.2109375
2017-02-17,21253.7421875
2017-02-20,21195.353515625
2017-02-21,21312.134765625
2017-02-22,21166.16015625
2017-02-23,21166.16015625
2017-02-24,21136.96875
2017-02-27,20173.533203125
2017-02-28,20582.265625
2017-03-02,21428.908203125
2017-03-03,21195.353515625
2017-03-06,20815.8203125
2017-03-07,21020.18359375
2017-03-08,21720.859375
2017-03-09,21458.107421875
2017-03-10,21808.439453125
2017-03-13,22917.845703125
2017-03-14,23414.15234375
2017-03-15,23414.15234375
2017-03-16,23151.400390625
2017-03-17,23414.15234375
2017-03-20,23268.1796875
2017-03-21,22801.060546875
2017-03-22,22012.8046875
2017-03-23,22830.2578125
2017-03-24,22830.2578125
2017-03-27,22217.16796875
2017-03-28,21954.416015625
2017-03-29,21866.83203125
2017-03-30,21896.0234375
2017-03-31,21574.8828125
2017-04-03,21750.05078125
2017-04-04,21370.5234375
2017-04-05,21983.609375
2017-04-06,21808.439453125
2017-04-07,21604.080078125
2017-04-10,20874.2109375
2017-04-11,20874.2109375
2017-04-12,20757.427734375
2017-04-13,21545.69140625
2017-04-14,21574.8828125
2017-04-17,21837.638671875
2017-04-18,21896.0234375
2017-04-19,21633.275390625
2017-04-20,21166.16015625
2017-04-21,21720.859375
2017-04-24,23297.373046875
2017-04-25,23297.373046875
2017-04-26,23268.1796875
2017-04-27,23326.56640625
2017-04-28,22888.642578125
2017-05-02,23355.7578125
2017-05-04,23472.54296875
2017-05-08,24348.38671875
2017-05-10,24027.23828125
2017-05-11,25107.44140625
2017-05-12,24611.1328125
2017-05-15,24903.080078125
2017-05-16,24640.326171875
2017-05-17,24406.771484375
2017-05-18,24435.962890625
2017-05-19,24173.208984375
2017-05-22,24494.353515625
2017-05-23,24844.685546875
2017-05-24,24260.794921875
2017-05-25,24173.208984375
2017-05-26,24640.326171875
2017-05-29,24611.1328125
2017-05-30,24377.57421875
2017-05-31,23968.849609375
2017-06-01,24056.43359375
2017-06-02,24961.474609375
2017-06-05,24932.2734375
2017-06-07,24698.71875
2017-06-08,24611.1328125
2017-06-09,24903.080078125
2017-06-12,25545.359375
2017-06-13,25195.029296875
2017-06-14,25136.634765625
2017-06-15,24815.498046875
2017-06-16,24581.935546875
2017-06-19,24844.685546875
2017-06-20,24844.685546875
2017-06-21,24377.57421875
2017-06-22,24611.1328125
2017-06-23,24990.666015625
2017-06-26,24786.298828125
2017-06-27,24523.548828125
2017-06-28,25954.091796875
2017-06-29,26630.12890625
2017-06-30,26600.736328125
2017-07-03,26806.484375
2017-07-04,27012.236328125
2017-07-05,26394.98828125
2017-07-06,26747.701171875
2017-07-07,26747.701171875
2017-07-10,27306.16796875
2017-07-11,27688.28125
2017-07-12,27247.384765625
2017-07-13,27394.3515625
2017-07-14,28158.568359375
2017-07-17,28276.134765625
2017-07-18,28246.751953125
2017-07-19,27952.814453125
2017-07-20,28393.716796875
2017-07-21,29510.658203125
2017-07-24,29745.796875
2017-07-25,29980.947265625
2017-07-26,30568.8046875
2017-07-27,30510.013671875
2017-07-28,29745.796875
2017-07-31,29980.947265625
2017-08-01,30392.443359375
2017-08-02,29863.36328125
2017-08-03,29922.16015625
2017-08-04,29804.580078125
2017-08-07,30216.083984375
2017-08-08,29863.36328125
2017-08-09,29216.72265625
2017-08-10,29216.72265625
2017-08-11,28393.716796875
2017-08-14,29099.1484375
2017-08-16,29510.658203125
2017-08-17,29510.658203125
2017-08-18,29393.08203125
2017-08-21,29187.32421875
2017-08-22,28922.7890625
2017-08-23,28952.1875
2017-08-24,28599.466796875
2017-08-25,29687.0078125
2017-08-28,29451.859375
2017-08-29,29510.658203125
2017-08-30,29157.93359375
2017-08-31,28805.220703125
2017-09-01,28393.716796875
2017-09-04,28393.716796875
2017-09-05,26453.7734375
2017-09-06,25777.7265625
2017-09-07,26541.9453125
2017-09-08,26189.23046875
2017-09-11,26718.310546875
2017-09-12,26600.736328125
2017-09-13,26894.671875
2017-09-14,26894.671875
2017-09-15,27071.02734375
2017-09-18,27688.28125
2017-09-19,27894.03515625
2017-09-20,28011.607421875
2017-09-21,28746.431640625
2017-09-25,28540.67578125
2017-09-26,28540.67578125
2017-09-27,27188.595703125
2017-09-28,28158.568359375
2017-09-29,27835.24609375
2017-10-10,29099.1484375
2017-10-11,28628.86328125
2017-10-12,29099.1484375
2017-10-13,28628.86328125
2017-10-16,27894.03515625
2017-10-17,27717.673828125
2017-10-18,27482.52734375
2017-10-19,27864.642578125
2017-10-20,27805.853515625
2017-10-23,27570.7109375
2017-10-24,28658.251953125
2017-10-25,29393.08203125
2017-10-26,28687.64453125
2017-10-27,28364.328125
2017-10-30,28834.607421875
2017-10-31,28187.9609375
2017-11-01,28158.568359375
2017-11-02,28334.92578125
2017-11-03,28540.67578125
2017-11-06,27629.5
2017-11-07,27217.986328125
2017-11-08,26835.876953125
2017-11-09,27159.205078125
2017-11-10,26953.447265625
2017-11-13,26659.525390625
2017-11-14,26865.275390625
2017-11-15,26953.447265625
2017-11-16,27982.21484375
2017-11-17,27217.986328125
2017-11-20,27217.986328125
2017-11-21,26953.447265625
2017-11-22,27364.953125
2017-11-23,27100.41796875
2017-11-24,26953.447265625
2017-11-27,27394.3515625
2017-11-28,28040.99609375
2017-11-29,28040.99609375
2017-11-30,27894.03515625
2017-12-01,26835.876953125
2017-12-04,27453.1328125
2017-12-05,27570.7109375
2017-12-06,27952.814453125
2017-12-07,27423.744140625
2017-12-08,27600.09765625
2017-12-11,27747.068359375
2017-12-12,27217.986328125
2017-12-13,28217.357421875
2017-12-14,28717.037109375
2017-12-15,29010.97265625
2017-12-18,29099.1484375
2017-12-19,28893.396484375
2017-12-21,29863.36328125
2017-12-22,29569.435546875
2017-12-26,30216.083984375
2017-12-27,30185.953125
2017-12-28,30005.19921875
2018-01-02,30667.970703125
2018-01-03,30969.228515625
2018-01-04,30908.974609375
2018-01-05,31511.49609375
2018-01-08,32656.26171875
2018-01-09,32897.26953125
2018-01-10,32776.77734375
2018-01-11,33198.53125
2018-01-12,33258.78515625
2018-01-15,32716.517578125
2018-01-16,32355.005859375
2018-01-17,32355.005859375
2018-01-18,32535.76953125
2018-01-19,33439.54296875
2018-01-22,32114.0
2018-01-23,32837.01953125
2018-01-24,31752.48828125
2018-01-25,31270.490234375
2018-01-26,30848.73046875
2018-01-29,30667.970703125
2018-01-30,31089.734375
2018-01-31,31390.986328125
2018-02-01,30848.73046875
2018-02-02,30969.228515625
2018-02-05,32053.75
2018-02-06,30306.458984375
2018-02-07,29613.572265625
2018-02-08,30005.19921875
2018-02-09,29191.810546875
2018-02-12,30667.970703125
2018-02-13,30366.720703125
2018-02-14,29884.701171875
2018-02-19,30667.970703125
2018-02-20,30246.2109375
2018-02-21,30125.708984375
2018-02-22,30246.2109375
2018-02-23,31089.734375
2018-02-26,30547.458984375
2018-02-27,30246.2109375
2018-02-28,29613.572265625
2018-03-02,29402.69140625
2018-03-05,28950.810546875
2018-03-06,28830.296875
2018-03-07,27775.8984375
2018-03-08,28709.802734375
2018-03-09,28378.41796875
2018-03-12,29734.076171875
2018-03-13,28408.5390625
2018-03-14,27956.654296875
2018-03-15,27896.3984375
2018-03-16,28438.669921875
2018-03-19,28980.923828125
2018-03-20,28739.92578125
2018-03-21,28679.677734375
2018-03-22,29493.060546875
2018-03-23,28559.173828125
2018-03-26,27956.654296875
2018-03-27,28137.4140625
2018-03-28,27293.892578125
2018-03-29,27474.64453125
2018-03-30,27565.025390625
2018-04-02,27083.01171875
2018-04-03,25576.724609375
2018-04-04,25185.091796875
2018-04-05,25154.96875
2018-04-06,25335.7265625
2018-04-09,25064.583984375
2018-04-10,25787.609375
2018-04-11,25486.349609375
2018-04-12,25847.853515625
2018-04-13,26179.23828125
2018-04-16,26149.115234375
2018-04-17,26299.748046875
2018-04-18,26601.005859375
2018-04-19,27113.138671875
2018-04-20,26510.6171875
2018-04-23,28438.669921875
2018-04-24,28860.42578125
2018-04-25,28167.533203125
2018-04-26,28619.42578125
2018-04-27,28619.42578125
2018-04-30,28770.048828125
2018-05-02,28227.7890625
2018-05-03,27986.77734375
2018-05-04,27685.525390625
2018-05-08,27293.892578125
2018-05-09,27414.39453125
2018-05-10,27595.1484375
2018-05-11,27836.15234375
2018-05-14,27926.53125
2018-05-15,27504.767578125
2018-05-16,27685.525390625
2018-05-17,27474.64453125
2018-05-18,26932.384765625
2018-05-21,27233.642578125
2018-05-23,26631.119140625
2018-05-24,26510.6171875
2018-05-25,26209.37109375
2018-05-28,26269.619140625
2018-05-29,26058.736328125
2018-05-30,25215.21484375
2018-05-31,25064.583984375
2018-06-01,25245.34375
2018-06-04,26691.3828125
2018-06-05,26842.0
2018-06-07,27715.6484375
2018-06-08,27595.1484375
2018-06-11,27866.28125
2018-06-12,27685.525390625
2018-06-14,27233.642578125
2018-06-15,26510.6171875
2018-06-18,27052.88671875
2018-06-19,26450.373046875
2018-06-20,26842.0
2018-06-21,25727.353515625
2018-06-22,26058.736328125
2018-06-25,26420.2421875
2018-06-26,26359.990234375
2018-06-27,26480.494140625
2018-06-28,25872.44921875
2018-06-29,26054.86328125
2018-07-02,25963.65625
2018-07-03,25142.794921875
2018-07-04,25203.595703125
2018-07-05,25233.998046875
2018-07-06,25933.25
2018-07-09,26602.1015625
2018-07-10,26115.66796875
2018-07-11,26298.078125
2018-07-12,25781.24609375
2018-07-13,26723.71875
2018-07-16,26176.474609375
2018-07-17,26723.71875
2018-07-18,26298.078125
2018-07-19,25781.24609375
2018-07-20,25690.03515625
2018-07-23,26541.302734375
2018-07-24,26906.130859375
2018-07-25,27483.775390625
2018-07-26,26966.93359375
2018-07-27,27605.392578125
2018-07-30,27392.57421875
2018-07-31,27301.36328125
2018-08-01,27362.169921875
2018-08-02,26693.310546875
2018-08-03,26693.310546875
2018-08-06,26814.919921875
2018-08-07,26662.91015625
2018-08-08,27027.7421875
2018-08-09,26510.90234375
2018-08-10,26298.078125
2018-08-13,25933.25
2018-08-14,26450.09765625
2018-08-16,26267.677734375
2018-08-17,26480.494140625
2018-08-20,26845.330078125
2018-08-21,26602.1015625
2018-08-22,26115.66796875
2018-08-23,25811.64453125
2018-08-24,25933.25
2018-08-27,26328.48046875
2018-08-28,26693.310546875
2018-08-29,26693.310546875
2018-08-30,25963.65625
2018-08-31,25963.65625
2018-09-03,25994.06640625
2018-09-04,26115.66796875
2018-09-05,25781.24609375
2018-09-06,25446.810546875
2018-09-07,25446.810546875
2018-09-10,25477.21875
2018-09-11,25659.6328125
2018-09-12,25842.048828125
2018-09-13,26632.51171875
2018-09-14,26206.875
2018-09-17,25933.25
2018-09-18,25568.431640625
2018-09-19,25477.21875
2018-09-20,26267.677734375
2018-09-21,26602.1015625
2018-09-27,26389.29296875
2018-09-28,27088.5390625
2018-10-01,27818.205078125
2018-10-02,27726.99609375
2018-10-04,28061.423828125
2018-10-05,28213.435546875
2018-10-08,28061.423828125
2018-10-10,27879.00390625
2018-10-11,26267.677734375
2018-10-12,25902.8515625
2018-10-15,26206.875
2018-10-16,26298.078125
2018-10-17,26510.90234375
2018-10-18,26085.263671875
2018-10-19,26085.263671875
2018-10-22,26845.330078125
2018-10-23,26115.66796875
2018-10-24,26267.677734375
2018-10-25,24929.966796875
2018-10-26,24686.755859375
2018-10-29,24625.953125
2018-10-30,23440.2578125
2018-10-31,23288.24609375
2018-11-01,23197.033203125
2018-11-02,23987.498046875
2018-11-05,23349.048828125
2018-11-06,23440.2578125
2018-11-07,23197.033203125
2018-11-08,23257.845703125
2018-11-09,23288.24609375
2018-11-12,23288.24609375
2018-11-13,23257.845703125
2018-11-14,23166.638671875
2018-11-15,23531.462890625
2018-11-16,23531.462890625
2018-11-19,23501.0625
2018-11-20,23470.65234375
2018-11-21,23501.0625
2018-11-22,23622.671875
2018-11-23,23288.24609375
2018-11-26,23531.462890625
2018-11-27,24017.90234375
2018-11-28,23561.8671875
2018-11-29,23531.462890625
2018-11-30,22862.61328125
2018-12-03,22588.98828125
2018-12-04,22284.96484375
2018-12-05,22163.357421875
2018-12-06,22132.953125
2018-12-07,22284.96484375
2018-12-10,22102.552734375
2018-12-11,21859.330078125
2018-12-12,22497.783203125
2018-12-13,22588.98828125
2018-12-14,22649.79296875
2018-12-17,22741.001953125
2018-12-18,23075.427734375
2018-12-19,22862.61328125
2018-12-20,22984.21875
2018-12-21,23136.234375
2018-12-24,23105.830078125
2018-12-26,22680.197265625
2018-12-27,22616.841796875
2018-12-28,22965.28515625
2019-01-02,22901.92578125
2019-01-03,22521.814453125
2019-01-04,22205.0546875
2019-01-07,22078.345703125
2019-01-08,22014.994140625
2019-01-09,22521.814453125
2019-01-10,22426.7890625
2019-01-11,22585.1640625
2019-01-14,22236.73046875
2019-01-15,23313.724609375
2019-01-16,24042.275390625
2019-01-17,24327.359375
2019-01-18,24105.6328125
2019-01-21,23947.244140625
2019-01-22,23852.21875
2019-01-23,23757.19140625
2019-01-24,24264.01171875
2019-01-25,24295.685546875
2019-01-28,24137.306640625
2019-01-29,24327.359375
2019-01-30,24390.712890625
2019-01-31,25309.328125
2019-02-01,25404.357421875
2019-02-07,25531.060546875
2019-02-08,25562.734375
2019-02-11,25467.708984375
2019-02-12,25182.625
2019-02-13,25689.439453125
2019-02-14,25657.765625
2019-02-15,25150.943359375
2019-02-18,25214.298828125
2019-02-19,25024.240234375
2019-02-20,25087.591796875
2019-02-21,25150.943359375
2019-02-22,25024.240234375
2019-02-25,25024.240234375
2019-02-26,24675.794921875
2019-02-27,24390.712890625
2019-02-28,24612.44921875
2019-03-04,24168.9765625
2019-03-05,24073.951171875
2019-03-06,24327.359375
2019-03-07,23883.892578125
2019-03-08,23313.724609375
2019-03-11,23915.57421875
2019-03-12,24042.275390625
2019-03-13,23788.865234375
2019-03-14,24073.951171875
2019-03-15,23978.923828125
2019-03-18,24105.6328125
2019-03-19,24042.275390625
2019-03-20,23978.923828125
2019-03-21,23598.80859375
2019-03-22,23440.4296875
2019-03-25,23187.017578125
2019-03-26,22806.900390625
2019-03-27,22870.2578125
2019-03-28,22743.55078125
2019-03-29,23060.3125
2019-04-01,23788.865234375
2019-04-02,24707.478515625
2019-04-03,24865.859375
2019-04-04,24960.890625
2019-04-05,25024.240234375
2019-04-08,25055.91796875
2019-04-09,24834.1796875
2019-04-10,24802.501953125
2019-04-11,24675.794921875
2019-04-12,24580.765625
2019-04-15,24739.1484375
2019-04-16,24485.7421875
2019-04-17,24390.712890625
2019-04-18,24073.951171875
2019-04-19,23978.923828125
2019-04-22,23662.158203125
2019-04-23,23725.515625
2019-04-24,23408.75
2019-04-25,23630.486328125
2019-04-26,23091.990234375
2019-04-29,23662.158203125
2019-04-30,23313.724609375
2019-05-02,23377.078125
2019-05-03,23123.6640625
2019-05-07,23377.078125
2019-05-08,23503.78125
2019-05-09,23123.6640625
2019-05-10,22996.95703125
2019-05-13,22806.900390625
2019-05-14,22490.140625
2019-05-15,23155.341796875
2019-05-16,23313.724609375
2019-05-17,23060.3125
2019-05-20,23187.017578125
2019-05-21,23693.8359375
2019-05-22,23472.103515625
2019-05-23,23282.044921875
2019-05-24,23852.21875
2019-05-27,23630.486328125
2019-05-28,23630.486328125
2019-05-29,23313.724609375
2019-05-30,23535.453125
2019-05-31,22996.95703125
2019-06-03,23250.369140625
2019-06-04,23503.78125
2019-06-05,23440.4296875
2019-06-07,23757.19140625
2019-06-10,23915.57421875
2019-06-11,23820.54296875
2019-06-12,23788.865234375
2019-06-13,23567.134765625
2019-06-14,23598.80859375
2019-06-17,23630.486328125
2019-06-18,23757.19140625
2019-06-19,23598.80859375
2019-06-20,23123.6640625
2019-06-21,23218.693359375
2019-06-24,23408.75
2019-06-25,23345.39453125
2019-06-26,23757.19140625
2019-06-27,24014.02734375
2019-06-28,24014.02734375
2019-07-01,24110.341796875
2019-07-02,24078.23046875
2019-07-03,23500.353515625
2019-07-04,23500.353515625
2019-07-05,23500.353515625
2019-07-08,23050.896484375
2019-07-09,22794.056640625
2019-07-10,23082.998046875
2019-07-11,22986.689453125
2019-07-12,23179.314453125
2019-07-15,23243.521484375
2019-07-16,23243.521484375
2019-07-17,23275.623046875
2019-07-18,22761.95703125
2019-07-19,23115.1015625
2019-07-22,23147.208984375
2019-07-23,23564.560546875
2019-07-24,23275.623046875
2019-07-25,22761.95703125
2019-07-26,22697.75
2019-07-29,22537.224609375
2019-07-30,22473.017578125
2019-07-31,22312.494140625
2019-08-01,22601.431640625
2019-08-02,21766.720703125
2019-08-05,21445.67578125
2019-08-06,21317.259765625
2019-08-07,21028.322265625
2019-08-08,21060.427734375
2019-08-09,20996.21875
2019-08-12,20867.8046875
2019-08-13,20450.4453125
2019-08-14,20193.611328125
2019-08-16,20257.818359375
2019-08-19,20803.595703125
2019-08-20,20578.86328125
2019-08-21,20450.4453125
2019-08-22,20418.34375
2019-08-23,20610.96875
2019-08-26,20610.96875
2019-08-27,20257.818359375
2019-08-28,20482.55078125
2019-08-29,20610.96875
2019-08-30,20867.8046875
2019-09-02,20899.904296875
2019-09-03,20899.904296875
2019-09-04,21188.845703125
2019-09-05,21156.73828125
2019-09-06,21670.40625
2019-09-09,21927.244140625
2019-09-10,22473.017578125
2019-09-11,22665.64453125
2019-09-16,23050.896484375
2019-09-17,22986.689453125
2019-09-18,22794.056640625
2019-09-19,22761.95703125
2019-09-20,23692.984375
2019-09-23,23339.833984375
2019-09-24,23018.787109375
2019-09-25,22729.853515625
2019-09-26,22986.689453125
2019-09-27,22473.017578125
2019-09-30,22633.541015625
2019-10-01,22376.703125
2019-10-02,22023.556640625
2019-10-04,21863.03515625
2019-10-07,21863.03515625
2019-10-08,21766.720703125
2019-10-10,20996.21875
2019-10-11,21606.203125
2019-10-14,22473.017578125
2019-10-15,22601.431640625
2019-10-16,22569.330078125
2019-10-17,22697.75
2019-10-18,22569.330078125
2019-10-21,22794.056640625
2019-10-22,23082.998046875
2019-10-23,22858.267578125
2019-10-24,23275.623046875
2019-10-25,22697.75
2019-10-28,21734.615234375
2019-10-29,22119.873046875
2019-10-30,21702.513671875
2019-10-31,21638.302734375
2019-11-01,21959.34765625
2019-11-04,22280.384765625
2019-11-05,22826.162109375
2019-11-06,22633.541015625
2019-11-07,22697.75
2019-11-08,23115.1015625
2019-11-11,23050.896484375
2019-11-12,23147.208984375
2019-11-13,22858.267578125
2019-11-14,22826.162109375
2019-11-15,23050.896484375
2019-11-18,23147.208984375
2019-11-19,23371.9375
2019-11-20,23468.25
2019-11-21,22986.689453125
2019-11-22,22890.369140625
2019-11-25,23179.314453125
2019-11-26,23307.7265625
2019-11-27,23339.833984375
2019-11-28,23307.7265625
2019-11-29,22954.580078125
2019-12-02,23115.1015625
2019-12-03,22922.47265625
2019-12-04,22794.056640625
2019-12-05,22954.580078125
2019-12-06,22986.689453125
2019-12-09,23596.669921875
2019-12-10,23660.875
2019-12-11,23757.193359375
2019-12-12,24142.443359375
2019-12-13,24784.5234375
2019-12-16,24174.544921875
2019-12-17,24078.23046875
2019-12-18,24656.109375
2019-12-19,24784.5234375
2019-12-20,24752.421875
2019-12-23,24848.736328125
2019-12-24,24559.79296875
2019-12-26,24816.6328125
2019-12-27,25118.04296875
2019-12-30,24716.16015625
2020-01-02,24079.833984375
2020-01-03,24247.287109375
2020-01-06,23744.927734375
2020-01-07,23811.912109375
2020-01-08,23410.025390625
2020-01-09,23476.998046875
2020-01-10,23410.025390625
2020-01-13,23276.056640625
2020-01-14,23644.455078125
2020-01-15,23677.9453125
2020-01-16,23677.9453125
2020-01-17,23543.98046875
2020-01-20,23510.494140625
2020-01-21,23610.966796875
2020-01-22,23476.998046875
2020-01-23,23510.494140625
2020-01-28,22673.22265625
2020-01-29,22405.296875
2020-01-30,22405.296875
2020-01-31,22237.84765625
2020-02-03,22237.84765625
2020-02-04,22371.810546875
2020-02-05,22974.64453125
2020-02-06,23376.529296875
2020-02-07,23108.599609375
2020-02-10,22773.701171875
2020-02-11,22974.64453125
2020-02-12,23778.416015625
2020-02-13,22974.64453125
2020-02-14,22706.712890625
2020-02-17,22338.318359375
2020-02-18,22304.82421875
2020-02-19,22137.375
2020-02-20,22036.90234375
2020-02-21,22036.90234375
2020-02-24,21199.630859375
2020-02-25,21166.138671875
2020-02-26,21032.177734375
2020-02-27,21300.107421875
2020-02-28,21032.177734375
2020-03-02,20596.80078125
2020-03-03,20161.419921875
2020-03-04,20529.818359375
2020-03-05,20228.40234375
2020-03-06,19993.966796875
2020-03-09,19993.966796875
2020-03-10,18486.880859375
2020-03-11,18319.431640625
2020-03-12,18319.431640625
2020-03-13,16142.53125
2020-03-16,15673.6630859375
2020-03-17,14200.0703125
2020-03-18,14200.0703125
2020-03-19,12425.0615234375
2020-03-20,13831.671875
2020-03-23,12358.080078125
2020-03-24,12860.439453125
2020-03-25,14200.0703125
2020-03-26,14668.9404296875
2020-03-27,15908.099609375
2020-03-30,15405.734375
2020-03-31,15472.7177734375
2020-04-01,14635.4462890625
2020-04-02,15104.31640625
2020-04-03,15003.84765625
2020-04-06,15941.5888671875
2020-04-07,16309.9892578125
2020-04-08,15874.607421875
2020-04-09,16042.060546875
2020-04-10,16946.310546875
2020-04-13,16477.4375
2020-04-14,16745.3671875
2020-04-16,16243.0
2020-04-17,16577.91015625
2020-04-20,16443.9453125
2020-04-21,15908.099609375
2020-04-22,15874.607421875
2020-04-23,15807.6220703125
2020-04-24,15506.2080078125
2020-04-27,18118.490234375
2020-04-28,18319.431640625
2020-04-29,18486.880859375
2020-05-04,17649.611328125
2020-05-06,17649.611328125
2020-05-07,17917.541015625
2020-05-08,17984.521484375
2020-05-11,17582.638671875
2020-05-12,17013.287109375
2020-05-13,17281.21484375
2020-05-14,16611.396484375
2020-05-15,16979.80078125
2020-05-18,16678.384765625
2020-05-19,17482.16015625
2020-05-20,17448.66796875
2020-05-21,17348.201171875
2020-05-22,16912.81640625
2020-05-25,17147.255859375
2020-05-26,17917.541015625
2020-05-27,18218.9609375
2020-05-28,19056.2265625
2020-05-29,19926.984375
2020-06-01,20161.419921875
2020-06-02,21166.138671875
2020-06-03,21601.521484375
2020-06-04,20931.708984375
2020-06-05,20931.708984375
2020-06-08,20797.740234375
2020-06-09,20697.26953125
2020-06-10,19860.00390625
2020-06-11,19424.623046875
2020-06-12,18620.849609375
2020-06-15,17783.580078125
2020-06-16,19324.15234375
2020-06-17,18922.26171875
2020-06-18,18788.296875
2020-06-19,18654.337890625
2020-06-22,18386.41015625
2020-06-23,18185.466796875
2020-06-24,18520.37890625
2020-06-25,17984.521484375
2020-06-26,18453.390625
2020-06-29,18282.841796875
2020-06-30,18419.283203125
2020-07-01,18623.94140625
2020-07-02,18589.826171875
2020-07-03,18589.826171875
2020-07-06,18828.599609375
2020-07-07,18487.501953125
2020-07-08,18282.841796875
2020-07-09,18078.181640625
2020-07-10,17566.537109375
2020-07-13,18555.720703125
2020-07-14,18692.16015625
2020-07-15,18965.037109375
2020-07-16,19135.5859375
2020-07-17,19101.474609375
2020-07-20,20158.880859375
2020-07-21,20397.650390625
2020-07-22,19715.455078125
2020-07-23,19544.904296875
2020-07-24,19681.34765625
2020-07-27,19613.125
2020-07-28,19579.013671875
2020-07-29,20261.2109375
2020-07-30,20534.0859375
2020-07-31,20124.767578125
2020-08-03,20158.880859375
2020-08-04,19920.111328125
2020-08-05,19647.236328125
2020-08-06,20022.439453125
2020-08-07,19988.333984375
2020-08-10,20636.416015625
2020-08-11,21318.615234375
2020-08-12,21762.0390625
2020-08-13,21796.150390625
2020-08-14,21011.62890625
2020-08-18,19817.78125
2020-08-19,19817.78125
2020-08-20,18965.037109375
2020-08-21,19340.248046875
2020-08-24,19408.466796875
2020-08-25,20022.439453125
2020-08-26,19886.00390625
2020-08-27,19579.013671875
2020-08-28,19749.56640625
2020-08-31,19237.916015625
2020-09-01,19442.57421875
2020-09-02,19442.57421875
2020-09-03,19135.5859375
2020-09-04,19067.3671875
2020-09-07,19135.5859375
2020-09-08,19135.5859375
2020-09-09,18896.8203125
2020-09-10,18999.150390625
2020-09-11,19237.916015625
2020-09-14,19579.013671875
2020-09-15,19510.79296875
2020-09-16,19408.466796875
2020-09-17,19408.466796875
2020-09-18,19203.8046875
2020-09-21,19203.8046875
2020-09-22,18930.9296875
2020-09-23,18896.8203125
2020-09-24,18794.490234375
2020-09-25,18794.490234375
2020-09-28,18930.9296875
2020-09-29,19169.69921875
2020-10-05,19988.333984375
2020-10-06,19988.333984375
2020-10-07,20227.09765625
2020-10-08,20431.7578125
2020-10-12,20841.076171875
2020-10-13,20465.8671875
2020-10-14,19851.892578125
2020-10-15,19988.333984375
2020-10-16,19851.892578125
2020-10-19,20431.7578125
2020-10-20,20738.74609375
2020-10-21,21420.94140625
2020-10-22,21932.58984375
2020-10-23,22478.349609375
2020-10-26,22273.6875
2020-10-27,21216.291015625
2020-10-28,21420.94140625
2020-10-29,21011.62890625
2020-10-30,20738.74609375
2020-11-02,22000.810546875
2020-11-03,22410.123046875
2020-11-04,21693.8203125
2020-11-05,21966.701171875
2020-11-06,22205.46875
2020-11-09,22512.45703125
2020-11-10,23808.630859375
2020-11-11,24559.04296875
2020-11-12,24047.396484375
2020-11-13,23638.080078125
2020-11-16,24900.138671875
2020-11-17,25070.69140625
2020-11-18,24627.259765625
2020-11-19,24354.38671875
2020-11-20,24149.7265625
2020-11-23,24422.609375
2020-11-24,24252.056640625
2020-11-25,24627.259765625
2020-11-26,24627.259765625
2020-11-27,24286.16796875
2020-11-30,23092.322265625
2020-12-01,23740.408203125
2020-12-02,24183.833984375
2020-12-03,24456.716796875
2020-12-04,24934.251953125
2020-12-07,24149.7265625
2020-12-08,23706.298828125
2020-12-09,23945.068359375
2020-12-10,24217.947265625
2020-12-11,24661.37109375
2020-12-14,24593.15234375
2020-12-15,24729.591796875
2020-12-16,24661.37109375
2020-12-17,24593.15234375
2020-12-18,24422.609375
2020-12-21,24593.15234375
2020-12-22,24252.056640625
2020-12-23,23808.630859375
2020-12-24,24422.609375
2020-12-28,24456.716796875
2020-12-29,24173.158203125
2020-12-30,24456.716796875
2021-01-04,23712.380859375
2021-01-05,24137.712890625
2021-01-06,24633.94140625
2021-01-07,26087.1640625
2021-01-08,26725.16015625
2021-01-11,26725.16015625
2021-01-12,27753.05078125
2021-01-13,28497.39453125
2021-01-14,27823.947265625
2021-01-15,27044.16015625
2021-01-18,27044.16015625
2021-01-19,27115.0546875
2021-01-20,26406.16015625
2021-01-21,26335.26953125
2021-01-22,25768.16015625
2021-01-25,25697.275390625
2021-01-26,25023.828125
2021-01-27,24952.935546875
2021-01-28,24456.716796875
2021-01-29,23145.265625
2021-02-01,24917.4921875
2021-02-02,24704.826171875
2021-02-03,24669.380859375
2021-02-04,24066.82421875
2021-02-05,25626.384765625
2021-02-08,26406.16015625
2021-02-09,25732.71484375
2021-02-10,26051.71875
2021-02-15,26158.048828125
2021-02-16,26264.3828125
2021-02-17,26902.38671875
2021-02-18,25803.609375
2021-02-19,26228.939453125
2021-02-22,25768.16015625
2021-02-23,25945.3828125
2021-02-24,26193.494140625
2021-02-25,26831.501953125
2021-02-26,26264.3828125
2021-03-02,26866.9453125
2021-03-03,27469.5
2021-03-04,27434.05859375
2021-03-05,27327.71875
2021-03-08,28320.16796875
2021-03-09,28958.1640625
2021-03-10,28851.8359375
2021-03-11,29029.052734375
2021-03-12,29489.833984375
2021-03-15,29418.94140625
2021-03-16,29808.830078125
2021-03-17,29348.060546875
2021-03-18,29454.3984375
2021-03-19,30163.283203125
2021-03-22,29631.611328125
2021-03-23,29099.9453125
2021-03-24,29029.052734375
2021-03-25,28887.28125
2021-03-26,28887.28125
2021-03-29,29277.173828125
2021-03-30,29312.615234375
2021-03-31,30340.5
2021-04-01,29312.615234375
2021-04-02,29170.8359375
2021-04-05,29596.1640625
2021-04-06,29135.390625
2021-04-07,29986.0625
2021-04-08,29525.2734375
2021-04-09,29241.724609375
2021-04-12,29489.833984375
2021-04-13,29241.724609375
2021-04-14,29170.8359375
2021-04-15,29525.2734375
2021-04-16,29064.501953125
2021-04-19,29029.052734375
2021-04-20,29986.0625
2021-04-21,29454.3984375
2021-04-22,29773.39453125
2021-04-23,30411.39453125
2021-04-26,30482.27734375
2021-04-27,31120.275390625
2021-04-28,31474.728515625
2021-04-29,31758.28125
2021-04-30,32360.837890625
2021-05-03,31155.724609375
2021-05-04,31013.955078125
2021-05-06,32857.05859375
2021-05-07,32821.625
2021-05-10,33176.06640625
2021-05-11,33176.06640625
2021-05-12,32396.28125
2021-05-13,33211.5078125
2021-05-14,32538.064453125
2021-05-17,32892.515625
2021-05-18,33459.62109375
2021-05-20,32679.845703125
2021-05-21,31687.392578125
2021-05-24,32112.724609375
2021-05-25,32431.724609375
2021-05-26,32112.724609375
2021-05-27,31474.728515625
2021-05-28,32289.953125
2021-05-31,32998.83984375
2021-06-01,32927.953125
2021-06-02,33388.73046875
2021-06-03,33565.9609375
2021-06-04,33246.94921875
2021-06-07,33388.73046875
2021-06-08,33246.94921875
2021-06-09,32644.390625
2021-06-10,32608.958984375
2021-06-11,32502.619140625
2021-06-14,31829.169921875
2021-06-15,31722.830078125
2021-06-16,32608.958984375
2021-06-17,32608.958984375
2021-06-18,32112.724609375
2021-06-21,31545.615234375
2021-06-22,32254.505859375
2021-06-23,31900.056640625
2021-06-24,32502.619140625
2021-06-25,33565.9609375
2021-06-28,33707.73046875
2021-06-29,33455.9140625
2021-06-30,33132.15234375
2021-07-01,32592.525390625
2021-07-02,32628.51171875
2021-07-05,32340.71875
2021-07-06,32340.71875
2021-07-07,31657.216796875
2021-07-08,31405.3828125
2021-07-09,30577.982421875
2021-07-12,31045.64453125
2021-07-13,31441.365234375
2021-07-14,31009.67578125
2021-07-15,31513.30859375
2021-07-16,31513.30859375
2021-07-19,30793.822265625
2021-07-20,30254.216796875
2021-07-21,30362.14453125
2021-07-22,31585.2578125
2021-07-23,31729.1640625
2021-07-26,31513.30859375
2021-07-27,31765.126953125
2021-07-28,32196.826171875
2021-07-29,32160.845703125
2021-07-30,31261.4921875
2021-08-02,30793.822265625
2021-08-03,31009.67578125
2021-08-04,31657.216796875
2021-08-05,31189.544921875
2021-08-06,31117.59765625
2021-08-09,31873.04296875
2021-08-10,31837.0859375
2021-08-11,32376.693359375
2021-08-12,32592.525390625
2021-08-13,32124.873046875
2021-08-17,32016.94921875
2021-08-18,32052.923828125
2021-08-19,30865.779296875
2021-08-20,30146.291015625
2021-08-23,30649.927734375
2021-08-24,31837.0859375
2021-08-25,32304.73828125
2021-08-26,32232.79296875
2021-08-27,32484.61328125
2021-08-30,31405.3828125
2021-08-31,32412.66796875
2021-09-01,32448.642578125
2021-09-02,32124.873046875
2021-09-03,32124.873046875
2021-09-06,31657.216796875
2021-09-07,31189.544921875
2021-09-08,31765.126953125
2021-09-09,31621.228515625
2021-09-10,31297.470703125
2021-09-13,31657.216796875
2021-09-14,32484.61328125
2021-09-15,32448.642578125
2021-09-16,32196.826171875
2021-09-17,31945.001953125
2021-09-23,31873.04296875
2021-09-24,32268.7734375
2021-09-27,32124.873046875
2021-09-28,32880.32421875
2021-09-29,32772.3984375
2021-09-30,33383.9609375
2021-10-01,32988.24609375
2021-10-05,32448.642578125
2021-10-06,32304.73828125
2021-10-07,32700.455078125
2021-10-08,32088.892578125
2021-10-12,31765.126953125
2021-10-13,31693.181640625
2021-10-14,31585.2578125
2021-10-15,31801.107421875
2021-10-18,32016.94921875
2021-10-19,31980.96875
2021-10-20,32772.3984375
2021-10-21,33096.17578125
2021-10-22,33204.09765625
2021-10-25,34031.5
2021-10-26,34067.4765625
2021-10-27,33276.04296875
2021-10-28,32628.51171875
2021-10-29,32376.693359375
2021-11-01,32520.580078125
2021-11-02,32592.525390625
2021-11-03,31801.107421875
2021-11-04,31980.96875
2021-11-05,31513.30859375
2021-11-08,31441.365234375
2021-11-09,31801.107421875
2021-11-10,31477.341796875
2021-11-11,31081.62890625
2021-11-12,31333.43359375
2021-11-15,31297.470703125
2021-11-16,31549.291015625
2021-11-17,30721.8828125
2021-11-18,30326.16015625
2021-11-19,30577.982421875
2021-11-22,30506.037109375
2021-11-23,30577.982421875
2021-11-24,31261.4921875
2021-11-25,30577.982421875
2021-11-26,30038.373046875
2021-11-29,29354.865234375
2021-11-30,28419.53515625
2021-12-01,29031.09765625
2021-12-02,29750.580078125
2021-12-03,30506.037109375
2021-12-06,30649.927734375
2021-12-07,30937.720703125
2021-12-08,31081.62890625
2021-12-09,31153.572265625
2021-12-10,31009.67578125
2021-12-13,31297.470703125
2021-12-14,31369.41796875
2021-12-15,31477.341796875
2021-12-16,31441.365234375
2021-12-17,32268.7734375
2021-12-20,31693.181640625
2021-12-21,31909.025390625
2021-12-22,31873.04296875
2021-12-23,31909.025390625
2021-12-24,31980.96875
2021-12-27,31729.1640625
2021-12-28,31621.228515625
2021-12-29,32496.4296875
2021-12-30,32001.748046875
2022-01-04,32496.4296875
2022-01-05,32724.734375
2022-01-06,32876.94921875
2022-01-07,33067.2109375
2022-01-10,34551.24609375
2022-01-11,35540.59375
2022-01-12,35426.43359375
2022-01-13,35692.80859375
2022-01-14,35160.07421875
2022-01-17,34322.92578125
2022-01-18,34589.2890625
2022-01-19,35730.8515625
2022-01-20,34513.1875
2022-01-21,34665.3984375
2022-01-24,33752.1484375
2022-01-25,32800.8515625
2022-01-26,32800.8515625
2022-01-27,33561.87890625
2022-01-28,34246.82421875
2022-02-03,34132.671875
2022-02-04,35007.86328125
2022-02-07,35198.12890625
2022-02-08,35198.12890625
2022-02-09,35198.12890625
2022-02-10,36986.578125
2022-02-11,38965.2734375
2022-02-14,38052.0234375
2022-02-15,37823.71875
2022-02-16,38508.65625
2022-02-17,39878.52734375
2022-02-18,39650.21875
2022-02-21,39650.21875
2022-02-22,39650.21875
2022-02-23,39650.21875
2022-02-24,37709.5625
2022-02-25,37138.78125
2022-02-28,37138.78125
2022-03-02,35350.33203125
2022-03-03,35959.1640625
2022-03-04,35959.1640625
2022-03-07,34475.13671875
2022-03-08,33714.09375
2022-03-10,34741.49609375
2022-03-11,35426.43359375
2022-03-14,35312.2734375
2022-03-15,35312.2734375
2022-03-16,35921.1171875
2022-03-17,35921.1171875
2022-03-18,36339.6875
2022-03-21,36073.3203125
2022-03-22,36682.15625
2022-03-23,37557.34765625
2022-03-24,37861.76953125
2022-03-25,37557.34765625
2022-03-28,37481.25390625
2022-03-29,37329.046875
2022-03-30,36872.4140625
2022-03-31,36986.578125
2022-04-01,36834.37109375
2022-04-04,36910.4609375
2022-04-05,35845.0078125
2022-04-06,36111.375
2022-04-07,35540.59375
2022-04-08,35274.22265625
2022-04-11,35768.90625
2022-04-12,35692.80859375
2022-04-13,35921.1171875
2022-04-14,35845.0078125
2022-04-15,35692.80859375
2022-04-18,35540.59375
2022-04-19,36225.5234375
2022-04-20,36339.6875
2022-04-21,36568.00390625
2022-04-22,37100.71875
2022-04-25,36111.375
2022-04-26,35959.1640625
2022-04-27,35198.12890625
2022-04-28,36225.5234375
2022-04-29,35768.90625
2022-05-02,35464.4921875
2022-05-03,35198.12890625
2022-05-04,35997.21484375
2022-05-06,35845.0078125
2022-05-10,34969.81640625
2022-05-11,33866.3046875
2022-05-12,33980.4609375
2022-05-13,34931.7578125
2022-05-16,35350.33203125
2022-05-17,35198.12890625
2022-05-18,35160.07421875
2022-05-19,34475.13671875
2022-05-20,35730.8515625
2022-05-23,36073.3203125
2022-05-24,36263.578125
2022-05-25,36415.79296875
2022-05-26,36682.15625
2022-05-27,37329.046875
2022-05-30,37671.51171875
2022-05-31,37671.51171875
2022-06-02,36225.5234375
2022-06-03,36225.5234375
2022-06-07,35578.64453125
2022-06-08,35578.64453125
2022-06-09,35426.43359375
2022-06-10,35007.86328125
2022-06-13,34018.51171875
2022-06-14,34360.98046875
2022-06-15,33714.09375
2022-06-16,33447.73828125
2022-06-17,32420.328125
2022-06-20,31925.64453125
2022-06-21,32115.91015625
2022-06-22,30441.625
2022-06-23,30479.671875
2022-06-24,30669.935546875
2022-06-27,30289.4140625
2022-06-28,31012.400390625
2022-06-29,30973.5859375
2022-06-30,30546.640625
2022-07-01,30895.958984375
2022-07-04,29770.349609375
2022-07-05,30236.123046875
2022-07-06,29149.3359375
2022-07-07,28567.123046875
2022-07-08,28877.6328125
2022-07-11,28373.05078125
2022-07-12,27984.912109375
2022-07-13,27674.396484375
2022-07-14,27014.5625
2022-07-15,26277.091796875
2022-07-18,27635.5859375
2022-07-19,27674.396484375
2022-07-20,28411.865234375
2022-07-21,29032.890625
2022-07-22,28062.53515625
2022-07-25,28140.166015625
2022-07-26,27868.46875
2022-07-27,28023.72265625
2022-07-28,28567.123046875
2022-07-29,28877.6328125
2022-08-01,28644.748046875
2022-08-02,28644.748046875
2022-08-03,28605.9296875
2022-08-04,28877.6328125
2022-08-05,29537.47265625
2022-08-08,30313.751953125
2022-08-09,30624.263671875
2022-08-10,30507.814453125
2022-08-11,31167.65625
2022-08-12,30740.701171875
2022-08-16,30391.376953125
2022-08-17,30469.005859375
2022-08-18,29886.796875
2022-08-19,29886.796875
2022-08-22,29343.3984375
2022-08-23,29304.5859375
2022-08-24,30158.494140625
2022-08-25,30430.193359375
2022-08-26,30313.751953125
2022-08-29,29537.47265625
2022-08-30,30119.68359375
2022-08-31,30469.005859375
2022-09-01,29110.51953125
2022-09-02,29265.76953125
2022-09-05,29537.47265625
2022-09-06,29459.841796875
2022-09-07,28567.123046875
2022-09-08,28722.373046875
2022-09-13,30469.005859375
2022-09-14,29847.98046875
2022-09-15,30080.869140625
2022-09-16,30197.3046875
2022-09-19,29964.4296875
2022-09-20,30313.751953125
2022-09-21,29770.349609375
2022-09-22,29615.095703125
2022-09-23,30391.376953125
2022-09-26,29110.51953125
2022-09-27,28295.421875
2022-09-28,28334.240234375
2022-09-29,28334.240234375
2022-09-30,27519.140625
2022-10-04,28916.44921875
2022-10-05,29692.73046875
2022-10-06,28994.078125
2022-10-07,29382.216796875
2022-10-11,28605.9296875
2022-10-12,28994.078125
2022-10-13,29110.51953125
2022-10-14,29847.98046875
2022-10-17,29731.537109375
2022-10-18,30585.453125
2022-10-19,30663.078125
2022-10-20,30391.376953125
2022-10-21,30119.68359375
2022-10-24,29343.3984375
2022-10-25,29615.095703125
2022-10-26,30430.193359375
2022-10-27,31905.12109375
2022-10-28,32099.189453125
2022-10-31,32021.56640625
2022-11-01,32060.376953125
2022-11-02,31982.75
2022-11-03,31711.0546875
2022-11-04,31633.423828125
2022-11-07,31672.23828125
2022-11-08,31633.423828125
2022-11-09,31982.75
2022-11-10,31478.16796875
2022-11-11,32138.009765625
2022-11-14,32021.56640625
2022-11-15,31788.681640625
2022-11-16,32409.708984375
2022-11-17,31827.5
2022-11-18,32138.009765625
2022-11-21,32564.958984375
2022-11-22,32836.6640625
2022-11-23,32797.84765625
2022-11-24,33651.75
2022-11-25,33612.9453125
2022-11-28,32487.330078125
2022-11-29,33962.265625
2022-11-30,34583.296875
2022-12-01,35708.89453125
2022-12-02,35359.5703125
2022-12-05,35398.37890625
2022-12-06,35204.31640625
2022-12-07,34233.96484375
2022-12-08,34777.359375
2022-12-09,36058.2265625
2022-12-12,36640.4375
2022-12-13,35980.59765625
2022-12-14,35825.34765625
2022-12-15,34583.296875
2022-12-16,34738.5390625
2022-12-19,34583.296875
2022-12-20,34622.10546875
2022-12-21,35165.5078125
2022-12-22,35165.5078125
2022-12-23,34660.92578125
2022-12-26,34622.10546875
2022-12-27,35165.5078125
2022-12-28,34671.94921875
2022-12-29,34589.69140625
2023-01-02,33561.46875
2023-01-03,34301.78515625
2023-01-04,36029.22265625
2023-01-05,38620.359375
2023-01-06,40142.14453125
2023-01-09,40018.76171875
2023-01-10,40635.6953125
2023-01-11,39319.55078125
2023-01-12,39566.328125
2023-01-13,40717.95703125
2023-01-16,43267.96484375
2023-01-17,42938.9296875
2023-01-18,42034.0859375
2023-01-19,41787.30859375
2023-01-20,42363.1171875
2023-01-25,43103.4453125
2023-01-26,43679.2578125
2023-01-27,43679.2578125
2023-01-30,42116.34375
2023-01-31,40101.00390625
2023-02-01,40471.171875
2023-02-02,39360.68359375
2023-02-03,39977.62109375
2023-02-06,39360.68359375
2023-02-07,39607.46484375
2023-02-08,40224.39453125
2023-02-09,39360.68359375
2023-02-10,40183.2734375
2023-02-13,40306.66015625
2023-02-14,38538.09765625
2023-02-15,36440.5078125
2023-02-16,36522.765625
2023-02-17,38003.421875
2023-02-20,37715.5234375
2023-02-21,38126.8046875
2023-02-22,37016.31640625
2023-02-23,37180.83984375
2023-02-24,37263.09765625
2023-02-27,37427.61328125
2023-02-28,37345.3515625
2023-03-02,36769.54296875
2023-03-03,36193.734375
2023-03-06,35741.3203125
2023-03-07,36029.22265625
2023-03-08,35782.4375
2023-03-09,35206.62890625
2023-03-10,34754.20703125
2023-03-13,35124.375
2023-03-14,33767.1015625
2023-03-15,34548.56640625
2023-03-16,33438.078125
2023-03-17,33972.7578125
2023-03-20,33972.7578125
2023-03-21,34589.69140625
2023-03-22,34178.3984375
2023-03-23,34507.4375
2023-03-24,33191.3046875
2023-03-27,32985.65625
2023-03-28,33520.328125
2023-03-29,33273.56640625
2023-03-30,33649.30078125
2023-03-31,33983.28125
2023-04-03,33899.7890625
2023-04-04,34400.765625
2023-04-05,34400.765625
2023-04-06,33691.046875
2023-04-07,34066.78125
2023-04-10,33774.546875
2023-04-11,34275.515625
2023-04-12,34651.26171875
2023-04-13,34025.03125
2023-04-14,35235.73828125
2023-04-17,34651.26171875
2023-04-18,35068.74609375
2023-04-19,35235.73828125
2023-04-20,35527.97265625
2023-04-21,35193.98828125
2023-04-24,34734.75390625
2023-04-25,35152.23828125
2023-04-26,35110.48828125
2023-04-27,34776.50390625
2023-04-28,35027.0
2023-05-02,35402.73046875
2023-05-03,34693.00390625
2023-05-04,34734.75390625
2023-05-08,35319.23828125
2023-05-09,35235.73828125
2023-05-10,34108.52734375
2023-05-11,34985.25390625
2023-05-12,34317.2734375
2023-05-15,34359.01953125
2023-05-16,34609.51171875
2023-05-17,34442.52734375
2023-05-18,34943.49609375
2023-05-19,35152.23828125
2023-05-22,34985.25390625
2023-05-23,34901.75390625
2023-05-24,34776.50390625
2023-05-25,34275.515625
2023-05-26,34025.03125
2023-05-30,34442.52734375
2023-05-31,34609.51171875
2023-06-01,34233.77734375
2023-06-02,34776.50390625
2023-06-05,35027.0
2023-06-07,34985.25390625
2023-06-08,34651.26171875
2023-06-09,35235.73828125
2023-06-12,34818.25390625
2023-06-13,34233.77734375
2023-06-14,34275.515625
2023-06-15,34150.265625
2023-06-16,34108.52734375
2023-06-19,34025.03125
2023-06-20,33816.28125
2023-06-21,33482.3046875
2023-06-22,33899.7890625
2023-06-23,33357.05078125
2023-06-26,33106.5625
2023-06-27,33273.56640625
2023-06-28,33607.54296875
2023-06-29,32887.0859375
2023-06-30,33226.12890625
2023-07-03,34073.7265625
2023-07-04,33522.78125
2023-07-05,33098.984375
2023-07-06,32209.001953125
2023-07-07,31954.716796875
2023-07-10,32166.6171875
2023-07-11,32590.4140625
2023-07-12,32632.8046875
2023-07-13,32336.1484375
2023-07-14,33310.88671875
2023-07-17,33098.984375
2023-07-18,33056.6015625
2023-07-19,32844.703125
2023-07-20,33014.23046875
2023-07-21,33183.74609375
2023-07-24,32632.8046875
2023-07-25,32675.1796875
2023-07-26,33395.64453125
2023-07-27,34921.328125
2023-07-28,33649.9296875
2023-07-31,33310.88671875
2023-08-01,33819.44921875
2023-08-02,33395.64453125
2023-08-03,32590.4140625
2023-08-04,32675.1796875
2023-08-07,32675.1796875
2023-08-08,32590.4140625
2023-08-09,32124.23828125
2023-08-10,32124.23828125
2023-08-11,32378.51953125
2023-08-14,32463.279296875
2023-08-16,32081.861328125
2023-08-17,32209.001953125
2023-08-18,31827.576171875
2023-08-21,32251.375
2023-08-22,32293.7578125
2023-08-23,32887.0859375
2023-08-24,32675.1796875
2023-08-25,32844.703125
2023-08-28,33098.984375
2023-08-29,33395.64453125
2023-08-30,33183.74609375
2023-08-31,33522.78125
2023-09-01,33480.40625
2023-09-04,33777.07421875
2023-09-05,33607.54296875
2023-09-06,33861.8203125
2023-09-07,33988.97265625
2023-09-08,34031.35546875
2023-09-11,34497.53125
2023-09-12,34455.1484375
2023-09-13,35006.09765625
2023-09-14,35302.7578125
2023-09-15,36870.82421875
2023-09-18,36786.07421875
2023-09-19,36658.9296875
2023-09-20,37294.62890625
2023-09-21,37506.52734375
2023-09-22,37633.66796875
2023-09-25,37252.24609375
2023-09-26,36607.75
2023-09-27,36478.84765625
2023-10-04,35576.5390625
2023-10-05,35146.86328125
2023-10-06,36779.609375
2023-10-10,37080.3828125
2023-10-11,36564.7734375
2023-10-12,37166.3203125
2023-10-13,37381.14453125
2023-10-16,37553.01171875
2023-10-17,37080.3828125
2023-10-18,37810.81640625
2023-10-19,37595.98046875
2023-10-20,37295.22265625
2023-10-23,36349.94921875
2023-10-24,36306.98046875
2023-10-25,36564.7734375
2023-10-26,35920.27734375
2023-10-27,35404.66796875
2023-10-30,34072.69921875
2023-10-31,33686.00390625
2023-11-01,34029.73046875
2023-11-02,33514.1328125
2023-11-03,34588.30078125
2023-11-06,36306.98046875
2023-11-07,35103.90625
2023-11-08,34760.17578125
2023-11-09,34803.12890625
2023-11-10,35060.94140625
2023-11-13,35060.94140625
2023-11-14,35490.609375
2023-11-15,36006.21484375
2023-11-16,36092.14453125
2023-11-17,35748.40625
2023-11-20,35748.40625
2023-11-21,36006.21484375
2023-11-22,35920.27734375
2023-11-23,36349.94921875
2023-11-24,35877.3125
2023-11-27,35705.4375
2023-11-28,35748.40625
2023-11-29,35447.6484375
2023-11-30,35791.375
2023-12-01,35963.23828125
2023-12-04,35834.34375
2023-12-05,35748.40625
2023-12-06,35748.40625
2023-12-07,35361.703125
2023-12-08,35619.5078125
2023-12-11,35748.40625
2023-12-12,36178.07421875
2023-12-13,35791.375
2023-12-14,35963.23828125
2023-12-15,36908.515625
2023-12-18,36392.90625
2023-12-19,36264.01171875
2023-12-20,36951.4765625
2023-12-21,36994.44921875
2023-12-22,36865.546875
2023-12-26,37338.18359375
2023-12-27,36779.609375
2023-12-28,37295.22265625
2024-01-02,36779.609375
2024-01-03,36392.90625
2024-01-04,35533.578125
2024-01-05,35662.4765625
2024-01-08,35447.6484375
2024-01-09,35791.375
2024-01-10,35361.703125
2024-01-11,35447.6484375
2024-01-12,35619.5078125
2024-01-15,36521.8125
2024-01-16,35705.4375
2024-01-17,35490.609375
2024-01-18,35318.7421875
2024-01-19,35404.66796875
2024-01-22,35447.6484375
2024-01-23,36865.546875
2024-01-24,37467.078125
2024-01-25,37595.98046875
2024-01-26,38541.24609375
2024-01-29,39873.234375
2024-01-30,39787.2890625
2024-01-31,41076.2890625
2024-02-01,44685.51171875
2024-02-02,48036.9296875
2024-02-05,47435.390625
2024-02-06,46661.98046875
2024-02-07,47779.12109375
2024-02-08,48638.45703125
2024-02-13,47693.1875
2024-02-14,45888.58203125
2024-02-15,45888.58203125
2024-02-16,47865.0546875
2024-02-19,50614.93359375
2024-02-20,48294.7265625
2024-02-21,48122.85546875
2024-02-22,48982.1953125
2024-02-23,50614.93359375
2024-02-26,47607.2578125
2024-02-27,48403.65234375
2024-02-28,49200.06640625
2024-02-29,50084.95703125
2024-03-04,53270.57421875
2024-03-05,52828.12890625
2024-03-06,52385.68359375
2024-03-07,52916.6171875
2024-03-08,52828.12890625
2024-03-11,52651.15625
2024-03-12,52651.15625
2024-03-13,53801.51171875
2024-03-14,57164.1015625
2024-03-15,54951.87109375
2024-03-18,54863.37890625
2024-03-19,54332.44140625
2024-03-20,54863.37890625
2024-03-21,56544.6796875
2024-03-22,56633.171875
2024-03-25,55394.31640625
2024-03-26,54332.44140625
2024-03-27,52120.2109375
2024-03-28,52656.61328125
2024-03-29,51583.8125
2024-04-01,50421.609375
2024-04-02,50511.015625
2024-04-03,49706.41015625
2024-04-04,52120.203125
2024-04-05,51673.20703125
2024-04-08,52924.81640625
2024-04-09,51941.40234375
2024-04-11,51852.01171875
2024-04-12,49170.01171875
2024-04-15,49527.61328125
2024-04-16,47918.41015625
2024-04-17,46756.2109375
2024-04-18,47829.01171875
2024-04-19,46845.609375
2024-04-22,50958.01171875
2024-04-23,51494.41015625
2024-04-24,50511.015625
2024-04-25,50600.4140625
2024-04-26,53640.015625
2024-04-29,53371.81640625
2024-04-30,52477.80859375
2024-05-02,50958.01171875
2024-05-03,51852.01171875
2024-05-07,51941.40234375
2024-05-08,54176.40625
2024-05-09,53193.01953125
2024-05-10,55517.40625
2024-05-13,56858.41015625
2024-05-14,54891.61328125
2024-05-16,56858.41015625
2024-05-17,56411.4140625
2024-05-20,57484.2109375
2024-05-21,56679.6171875
2024-05-22,55696.20703125
2024-05-23,54802.20703125
2024-05-24,54623.40625
2024-05-27,55696.20703125
2024-05-28,55159.80859375
2024-05-29,54981.015625
2024-05-30,54444.61328125
2024-05-31,55159.80859375
2024-06-03,56053.80859375
2024-06-04,53997.61328125
2024-06-05,53371.81640625
2024-06-07,53997.61328125
2024-06-10,53371.81640625
2024-06-11,53371.81640625
2024-06-12,53908.2109375
2024-06-13,53282.41015625
2024-06-14,52388.41015625
2024-06-17,52299.01171875
2024-06-18,52209.609375
2024-06-19,52746.01171875
2024-06-20,53818.81640625
2024-06-21,53550.61328125
2024-06-24,53550.61328125
2024-06-25,54087.01953125
2024-06-26,53997.61328125
2024-06-27,54539.390625
2024-06-28,54810.28125
2024-07-01,54358.796875
2024-07-02,56796.82421875
2024-07-03,58331.87109375
2024-07-04,59415.43359375
2024-07-05,59776.625
2024-07-08,57880.3828125
2024-07-09,56345.3359375
2024-07-10,55713.25
2024-07-11,55984.14453125
2024-07-12,56345.3359375
2024-07-15,55984.14453125
2024-07-16,56074.4453125
2024-07-17,55984.14453125
2024-07-18,55803.5546875
2024-07-19,56616.21875
2024-07-22,57428.90234375
2024-07-23,57158.00390625
2024-07-24,55622.9609375
2024-07-25,54990.87890625
2024-07-26,57338.60546875
2024-07-29,56887.1171875
2024-07-30,57790.0859375
2024-07-31,58422.16796875
2024-08-01,58241.5703125
2024-08-02,55984.14453125
2024-08-05,51198.41015625
2024-08-06,52191.66796875
2024-08-07,53636.42578125
2024-08-08,53817.01953125
2024-08-09,54449.09375
2024-08-12,54629.69140625
2024-08-13,54990.87890625
2024-08-14,55261.7734375
2024-08-16,55081.171875
2024-08-19,56796.82421875
2024-08-20,58241.5703125
2024-08-21,59144.546875
2024-08-22,60047.50390625
2024-08-23,60769.890625
2024-08-26,62124.33984375
2024-08-27,59596.0234375
2024-08-28,57158.00390625
2024-08-29,56887.1171875
2024-08-30,55893.84765625
2024-09-02,57248.3046875
2024-09-03,57699.7890625
2024-09-04,56616.21875
2024-09-05,56796.82421875
2024-09-06,56796.82421875
2024-09-09,55261.7734375
2024-09-10,55532.66015625
2024-09-11,51920.78125
2024-09-12,52643.15234375
2024-09-13,54810.28125
2024-09-19,55622.9609375
2024-09-20,55622.9609375
2024-09-23,55713.25
2024-09-24,53817.01953125
2024-09-25,52101.37890625
2024-09-26,54990.87890625
2024-09-27,55355.66015625
2024-09-30,53622.9453125
2024-10-02,54261.3203125
2024-10-04,54261.3203125
2024-10-07,56176.421875
2024-10-08,55902.83203125
2024-10-10,55994.03125
2024-10-11,55629.25
2024-10-14,55629.25
2024-10-15,58729.89453125
2024-10-16,60006.63671875
2024-10-17,59915.43359375
2024-10-18,59824.2421875
2024-10-21,59185.875
2024-10-22,58912.2890625
2024-10-23,58729.89453125
2024-10-24,58273.9140625
2024-10-25,60644.99609375
2024-10-28,59641.8515625
2024-10-29,59277.06640625
2024-10-30,57088.375
2024-10-31,54626.1015625
2024-11-01,55720.44140625
2024-11-04,54990.8828125
2024-11-05,55355.66015625
2024-11-06,56450.0078125
2024-11-07,55811.640625
2024-11-08,55811.640625
2024-11-11,56358.80859375
2024-11-12,55994.03125
2024-11-13,55264.46875
2024-11-14,54534.90234375
2024-11-15,53896.53125
2024-11-18,54899.6875
2024-11-19,54626.1015625
2024-11-20,55720.44140625
2024-11-21,56176.421875
2024-11-22,56997.1796875
2024-11-25,57361.96484375
2024-11-26,56632.39453125
2024-11-27,58273.9140625
2024-11-28,58273.9140625
2024-11-29,56905.98828125
2024-12-02,58091.5234375
2024-12-03,60189.02734375
2024-12-04,56176.421875
2024-12-05,54352.5078125
2024-12-06,55446.859375
2024-12-09,52163.8203125
2024-12-10,52255.01953125
2024-12-11,53987.73046875
2024-12-12,54717.2890625
2024-12-13,54443.7109375
2024-12-16,53714.14453125
2024-12-17,53166.96875
2024-12-18,54534.90234375
2024-12-19,53258.1640625
2024-12-20,51799.04296875
2024-12-23,53805.33984375
2024-12-24,53714.14453125
2024-12-26,53166.96875
2024-12-27,52528.60546875
2024-12-30,51799.04296875
2025-01-02,51799.04296875
2025-01-03,51981.42578125
2025-01-06,52710.98828125
2025-01-07,52619.796875
2025-01-08,52710.98828125
2025-01-09,53349.36328125
2025-01-10,53440.55859375
2025-01-13,53440.55859375
2025-01-14,52893.3828125
2025-01-15,52710.98828125
2025-01-16,52984.58203125
2025-01-17,52255.01953125
2025-01-20,52163.8203125
2025-01-21,52893.3828125
2025-01-22,53531.75
2025-01-23,53896.53125
2025-01-24,53987.73046875
2025-01-31,55173.26953125
2025-02-03,54078.92578125
2025-02-04,56085.2265625
2025-02-05,56358.80859375
2025-02-06,55994.03125
2025-02-07,56176.421875
2025-02-10,55355.66015625
2025-02-11,55264.46875
2025-02-12,55538.05078125
2025-02-13,55264.46875
2025-02-14,55446.859375
2025-02-17,54990.8828125
2025-02-18,55811.640625
2025-02-19,56632.39453125
2025-02-20,56997.1796875
2025-02-21,56814.78515625
2025-02-24,56997.1796875
2025-02-25,56541.203125
2025-02-26,56997.1796875
2025-02-27,57748.37890625
2025-02-28,55870.3828125
2025-03-04,55776.48046875
2025-03-05,54274.0859375
2025-03-06,55870.3828125
2025-03-07,54461.88671875
2025-03-10,55682.58203125
2025-03-11,55213.0859375
2025-03-12,56809.3828125
2025-03-13,57842.28125
2025-03-14,56433.78515625
2025-03-17,57278.8828125
2025-03-18,57372.78125
2025-03-19,58217.8828125
2025-03-20,58405.671875
2025-03-21,58405.671875
2025-03-24,58687.37890625
2025-03-25,58781.2734375
2025-03-26,58217.8828125
2025-03-27,57842.28125
2025-03-28,57560.578125
2025-03-31,55964.28125
2025-04-01,57654.48046875
2025-04-02,56903.28125
2025-04-03,55306.984375
2025-04-04,55025.28515625
2025-04-07,51926.5859375
2025-04-08,50705.890625
2025-04-09,49015.69921875
2025-04-10,51926.5859375
2025-04-11,52020.48828125
2025-04-14,52208.29296875
2025-04-15,53804.5859375
2025-04-16,54180.18359375
2025-04-17,54180.18359375
2025-04-18,55213.0859375
2025-04-21,56058.18359375
2025-04-22,56152.08203125
2025-04-23,56527.6796875
2025-04-24,57091.08203125
2025-04-25,57466.6796875
2025-04-28,58217.8828125
2025-04-29,59062.9765625
2025-04-30,60565.37109375
2025-05-02,60189.7734375
2025-05-07,61316.57421875
2025-05-08,60753.171875
2025-05-09,60758.88671875
2025-05-12,61806.45703125
2025-05-13,61806.45703125
2025-05-14,62377.85546875
2025-05-15,62568.3203125
2025-05-16,62854.0234375
2025-05-19,63234.953125
2025-05-20,64377.75390625
2025-05-21,64187.29296875
2025-05-22,64187.29296875
2025-05-23,65425.31640625
2025-05-26,67139.53125
2025-05-27,66758.59375
2025-05-28,66568.1171875
2025-05-29,68758.484375
2025-05-30,69234.65625
2025-06-02,66663.3515625
2025-06-04,70948.859375
2025-06-05,69996.53125
2025-06-09,73901.1015625
2025-06-10,74567.7265625
2025-06-11,74091.5625
2025-06-12,73520.1484375
2025-06-13,74758.1953125
2025-06-16,75900.9921875
2025-06-17,75710.5390625
2025-06-18,75139.125
2025-06-19,74948.6484375
2025-06-20,76186.6953125
2025-06-23,75996.2265625
2025-06-24,78377.0625
2025-06-25,79234.15625
2025-06-26,79519.859375
2025-06-27,80186.4921875
2025-06-30,82186.3984375
2025-07-01,84662.4609375
2025-07-02,81710.2265625
2025-07-03,83329.1953125
2025-07-04,81329.296875
2025-07-07,81614.984375
2025-07-08,89995.53125
2025-07-09,89614.6015625
2025-07-10,87805.1640625
2025-07-11,88757.5
2025-07-14,91043.1015625
2025-07-15,91900.203125
2025-07-16,87328.9921875
2025-07-17,87519.46875
2025-07-18,87138.53125
2025-07-21,87519.46875
2025-07-22,86852.828125
2025-07-23,86471.8984375
2025-07-24,86662.359375
2025-07-25,88090.859375
2025-07-28,80281.7265625
2025-07-29,81900.6953125
2025-07-30,81900.6953125
2025-07-31,81329.296875
2025-08-01,78377.0625
2025-08-04,78472.2890625
2025-08-05,80472.1875
2025-08-06,81424.53125
2025-08-07,81710.2265625
2025-08-08,81722.7421875
2025-08-11,81241.453125
2025-08-12,82204.0390625
2025-08-13,82107.7734375
2025-08-14,83070.3515625
2025-08-18,79701.3359375
2025-08-19,79412.5625
2025-08-20,79605.0703125
2025-08-21,79797.59375
2025-08-22,79220.0390625
2025-08-25,79508.8125
2025-08-26,78642.5
2025-08-27,78931.265625
2025-08-28,79797.59375
2025-08-29,79123.7890625
2025-09-01,78257.4609375
2025-09-02,79123.7890625
2025-09-03,79990.1015625
2025-09-04,78546.234375
2025-09-05,78161.203125
2025-09-08,78449.984375
2025-09-09,80182.6171875
2025-09-10,83840.40625
2025-09-11,84417.953125
2025-09-12,85380.5390625
2025-09-15,87498.203125
2025-09-16,87401.9453125
2025-09-17,86631.8828125
2025-09-18,86535.6171875
2025-09-22,87016.9140625
2025-09-23,86150.59375
2025-09-24,85765.5546875
2025-09-25,85573.046875
2025-09-26,83840.40625
2025-09-29,85476.796875
2025-09-30,83936.6640625
2025-10-01,83262.859375
2025-10-02,85476.796875
2025-10-10,82781.578125
2025-10-13,82107.7734375
2025-10-14,81241.453125
2025-10-15,83166.609375
2025-10-16,83936.6640625
2025-10-17,82877.84375
2025-10-20,85091.7578125
2025-10-21,84995.5078125
2025-10-22,85284.28125
2025-10-23,84417.953125
2025-10-24,84706.734375
2025-10-27,84514.2109375
2025-10-28,84610.46875
2025-10-29,82589.0625
2025-10-30,82685.3203125
2025-10-31,82300.2890625
2025-11-03,82396.546875
2025-11-04,84610.46875
2025-11-05,83647.8984375
2025-11-06,89519.609375
2025-11-07,88557.0390625
2025-11-10,92599.859375
2025-11-11,90286.8046875
2025-11-12,93688.3515625
2025-11-13,93493.9765625
2025-11-14,91744.6015625
2025-11-17,90481.1796875
2025-11-18,88440.25
2025-11-19,89995.2421875
2025-11-20,89314.9296875
2025-11-21,88440.25
2025-11-24,86982.4453125
2025-11-25,88245.875
2025-11-26,90286.8046875
2025-11-27,90675.546875
2025-11-28,90675.546875
2025-12-01,91744.6015625
2025-12-02,94563.0390625
2025-12-03,93299.6015625
2025-12-04,91841.7890625
2025-12-05,92522.109375
2025-12-08,91355.859375
2025-12-09,90383.9921875
2025-12-10,89023.375
2025-12-11,89023.375
2025-12-12,90092.4296875
2025-12-15,89217.7421875
2025-12-16,89703.6796875
2025-12-17,90189.6171875
2025-12-18,89120.5625
2025-12-19,89800.859375
2025-12-22,91453.0546875
2025-12-23,90383.9921875
2025-12-24,92230.546875
2025-12-26,91161.4921875
2025-12-29,92230.546875
2025-12-30,91453.0546875
2026-01-02,90772.734375
2026-01-05,91453.0546875
2026-01-06,92230.546875
2026-01-07,90869.9296875
2026-01-08,89314.9296875
2026-01-09,90286.8046875
2026-01-12,91355.859375
2026-01-13,91647.421875
2026-01-14,93396.796875
2026-01-15,93493.9765625
2026-01-16,93688.3515625
2026-01-19,93493.9765625
2026-01-20,97478.6484375
2026-01-21,96992.7109375
2026-01-22,97673.0234375
2026-01-23,98256.1484375
2026-01-26,98353.328125
2026-01-27,102046.4375
2026-01-28,99811.140625
2026-01-29,100685.8203125
2026-01-30,97284.2734375
2026-02-02,100394.2578125
2026-02-03,107100.1640625
2026-02-04,109335.46875
2026-02-05,110890.4609375
2026-02-06,111376.3984375
2026-02-09,115458.2578125
2026-02-10,118762.6171875
2026-02-11,122261.3515625
2026-02-12,126343.2109375
2026-02-13,124010.7265625
2026-02-19,122747.2890625
2026-02-20,127606.640625
2026-02-23,125468.53125
2026-02-24,122552.9140625
2026-02-25,122455.7265625
2026-02-26,122717.0703125
2026-02-27,119671.25
2026-03-03,118000.96875
2026-03-04,103656.1328125
2026-03-05,109256.515625
2026-03-06,108372.25
2026-03-09,106014.1953125
2026-03-10,107979.234375
2026-03-11,111418.0703125
2026-03-12,110533.796875
2026-03-13,106996.7109375
2026-03-16,106505.453125
2026-03-17,107979.234375
2026-03-18,112498.84375
2026-03-19,111221.5546875
2026-03-20,111221.5546875
2026-03-23,104147.3984375
2026-03-24,104638.65625
2026-03-25,106800.2109375
2026-03-26,106898.4609375
2026-03-27,108470.5
2026-03-30,105326.4296875
2026-03-31,104736.90625
2026-04-01,110828.5546875
2026-04-02,108470.5
2026-04-03,107782.7265625
2026-04-06,110435.546875
2026-04-07,109256.515625
2026-04-08,115053.3984375
2026-04-09,115053.3984375
2026-04-10,117411.453125
2026-04-13,117902.71875
2026-04-14,118688.7265625
2026-04-15,118983.4921875
2026-04-16,120359.0234375
2026-04-17,121341.546875
2026-04-20,120555.5234375
2026-04-21,120850.28125
2026-04-22,117411.453125
2026-04-23,118786.9921875
2026-04-24,121145.0390625
2026-04-27,121832.8046875
2026-04-28,124780.375
2026-04-29,124878.625
2026-04-30,125664.640625
2026-05-04,124387.3671875
2026-05-06,123306.59375
2026-05-07,126548.9140625
2026-05-08,125403.921875
2026-05-11,125503.0546875
2026-05-12,122033.3828125
2026-05-13,121240.3125
2026-05-14,125403.921875
2026-05-15,117968.90625
2026-05-18,113210.4921875
2026-05-19,114300.9609375
2026-05-20,114598.3671875
2026-05-21,118365.4375
2026-05-22,121042.046875
2026-05-26,118960.2421875
2026-05-27,117374.1015625
2026-05-28,114300.9609375
2026-05-29,114102.6953125
2026-06-01,112913.09375
2026-06-02,115986.234375
2026-06-04,119555.0390625
2026-06-05,122529.046875
2026-06-08,111426.09375
2026-06-09,117968.90625
2026-06-10,116878.4375
2026-06-11,113805.296875
2026-06-12,119951.578125
2026-06-15,128179.65625
2026-06-16,130856.265625
2026-06-17,125701.3203125
2026-06-18,125007.3828125
2026-06-19,122429.9140625
2026-06-22,118662.8359375
2026-06-23,114499.234375
2026-06-24,113210.4921875
2026-06-25,113012.2265625
2026-06-26,108749.484375
2026-06-29,113805.296875
2026-06-30,113607.03125
2026-07-01,115391.4296875
2026-07-02,119753.3046875
2026-07-03,124511.71875
2026-07-06,123718.6484375
2026-07-07,125800.453125
2026-07-08,121240.3125
2026-07-09,121537.7109375
2026-07-10,127386.59375
2026-07-13,131451.0625
2026-07-14,132838.9375
2026-07-15,135614.671875
2026-07-16,135614.671875
2026-07-20,132244.140625
2026-07-21,131451.0625
2026-07-22,130459.7265625
2026-07-23,129369.2578125
2026-07-24,131252.796875
2026-07-27,129468.390625
2026-07-28,121934.2421875
2026-07-29,119356.7734375
2026-07-30,123520.3828125
2026-07-31,124313.453125
2026-08-03,125800.453125
2026-08-04,126494.390625
2026-08-05,127485.7265625
2026-08-06,132145.0
2026-08-07,134700.0
2026-08-10,130400.0
2026-08-11,127700.0
2026-08-12,127900.0
2026-08-13,131000.0
2026-08-14,133000.0
2026-08-18,130700.0
2026-08-19,127500.0
2026-08-20,123400.0
2026-08-21,128800.0
2026-08-24,128700.0
2026-08-25,130800.0
2026-08-26,133200.0
2026-08-27,133600.0
2026-08-28,136000.0
2026-08-31,136300.0
2026-09-01,137400.0
2026-09-02,134900.0
