Date,Close
1998-12-22,11.12448501586914
1998-12-23,11.288525581359863
1998-12-24,11.36308479309082
1998-12-28,11.213960647583008
1998-12-29,11.333255767822266
1998-12-30,11.288525581359863
1998-12-31,11.184135437011719
1999-01-04,11.184135437011719
1999-01-05,11.288525581359863
1999-01-06,11.64640998840332
1999-01-07,11.825360298156738
1999-01-08,11.899918556213379
1999-01-11,11.72097110748291
1999-01-12,11.392903327941895
1999-01-13,11.243782997131348
1999-01-14,10.960453033447266
1999-01-15,11.27360725402832
1999-01-19,11.213960647583008
1999-01-20,11.295976638793945
1999-01-21,11.094659805297852
1999-01-22,11.020097732543945
1999-01-25,11.109572410583496
1999-01-26,11.117029190063477
1999-01-27,10.975361824035645
1999-01-28,11.139391899108887
1999-01-29,11.377994537353516
1999-02-01,11.184135437011719
1999-02-02,11.064835548400879
1999-02-03,11.146856307983398
1999-02-04,10.885891914367676
1999-02-05,10.796422958374023
1999-02-08,10.766592025756836
1999-02-09,10.617471694946289
1999-02-10,10.706942558288574
1999-02-11,11.139391899108887
1999-02-12,10.975361824035645
1999-02-16,11.139391899108887
1999-02-17,11.184135437011719
1999-02-18,11.295976638793945
1999-02-19,11.333255767822266
1999-02-22,11.661331176757812
1999-02-23,11.810449600219727
1999-02-24,11.422734260559082
1999-02-25,11.348166465759277
1999-02-26,11.556938171386719
1999-03-01,11.60167407989502
1999-03-02,11.631503105163574
1999-03-03,11.5196533203125
1999-03-04,11.780618667602539
1999-03-05,12.078864097595215
1999-03-08,11.996841430664062
1999-03-09,12.093771934509277
1999-03-10,12.317458152770996
1999-03-11,12.377107620239258
1999-03-12,12.399479866027832
1999-03-15,12.436758995056152
1999-03-16,12.257811546325684
1999-03-17,12.153430938720703
1999-03-18,12.436758995056152
1999-03-19,12.200637817382812
1999-03-22,12.230546951293945
1999-03-23,11.811890602111816
1999-03-24,11.781991004943848
1999-03-25,12.05112361907959
1999-03-26,11.94645881652832
1999-03-29,12.21558952331543
1999-03-30,12.073552131652832
1999-03-31,11.93150520324707
1999-04-01,11.961416244506836
1999-04-05,12.200637817382812
1999-04-06,12.110928535461426
1999-04-07,12.439864158630371
1999-04-08,12.66413688659668
1999-04-09,12.634237289428711
1999-04-12,12.858515739440918
1999-04-13,12.843563079833984
1999-04-14,12.679096221923828
1999-04-15,12.559476852416992
1999-04-16,12.499671936035156
1999-04-19,12.499671936035156
1999-04-20,12.66413688659668
1999-04-21,12.858515739440918
1999-04-22,12.993077278137207
1999-04-23,12.948229789733887
1999-04-26,12.75385856628418
1999-04-27,12.978133201599121
1999-04-28,12.90337085723877
1999-04-29,12.948229789733887
1999-04-30,12.768804550170898
1999-05-03,12.918325424194336
1999-05-04,12.51462459564209
1999-05-05,12.589384078979492
1999-05-06,12.3800630569458
1999-05-07,12.619283676147461
1999-05-10,12.574433326721191
1999-05-11,12.723949432373047
1999-05-12,12.90337085723877
1999-05-13,13.022981643676758
1999-05-14,12.619283676147461
1999-05-17,12.3800630569458
1999-05-18,12.409963607788086
1999-05-19,12.499671936035156
1999-05-20,12.335206031799316
1999-05-21,12.305301666259766
1999-05-24,12.036168098449707
1999-05-25,11.722175598144531
1999-05-26,12.103453636169434
1999-05-27,11.811890602111816
1999-05-28,11.99878978729248
1999-06-01,11.826842308044434
1999-06-02,11.75208568572998
1999-06-03,11.744609832763672
1999-06-04,11.961416244506836
1999-06-07,12.185690879821777
1999-06-08,11.968886375427246
1999-06-09,11.938982963562012
1999-06-10,11.714702606201172
1999-06-11,11.737129211425781
1999-06-14,11.677327156066895
1999-06-15,11.737129211425781
1999-06-16,12.043647766113281
1999-06-17,12.275402069091797
1999-06-18,12.294466972351074
1999-06-21,12.369437217712402
1999-06-22,12.23449420928955
1999-06-23,12.11454963684082
1999-06-24,11.919637680053711
1999-06-25,11.949626922607422
1999-06-28,12.226998329162598
1999-06-29,12.264490127563477
1999-06-30,12.519364356994629
1999-07-01,12.654300689697266
1999-07-02,12.654300689697266
1999-07-06,12.759257316589355
1999-07-07,12.714282989501953
1999-07-08,12.66929817199707
1999-07-09,12.684296607971191
1999-07-12,12.579341888427734
1999-07-13,12.444401741027832
1999-07-14,12.474382400512695
1999-07-15,12.586844444274902
1999-07-16,12.654300689697266
1999-07-19,12.564351081848145
1999-07-20,12.406911849975586
1999-07-21,12.264490127563477
1999-07-22,12.279479026794434
1999-07-23,12.144538879394531
1999-07-26,12.189518928527832
1999-07-27,12.354447364807129
1999-07-28,12.204510688781738
1999-07-29,12.024589538574219
1999-07-30,11.754707336425781
1999-08-02,11.694740295410156
1999-08-03,11.544809341430664
1999-08-04,11.394871711730957
1999-08-05,11.439851760864258
1999-08-06,11.139988899230957
1999-08-09,11.169974327087402
1999-08-10,10.975059509277344
1999-08-11,11.184968948364258
1999-08-12,11.237444877624512
1999-08-13,11.60477352142334
1999-08-16,11.559799194335938
1999-08-17,11.979610443115234
1999-08-18,11.852164268493652
1999-08-19,11.694740295410156
1999-08-20,11.859660148620605
1999-08-23,12.174521446228027
1999-08-24,12.204510688781738
1999-08-25,12.107060432434082
1999-08-26,11.829676628112793
1999-08-27,11.634765625
1999-08-30,11.252433776855469
1999-08-31,11.237444877624512
1999-09-01,11.289926528930664
1999-09-02,11.072515487670898
1999-09-03,11.634765625
1999-09-07,11.319902420043945
1999-09-08,11.244943618774414
1999-09-09,11.109997749328613
1999-09-10,11.19246768951416
1999-09-13,11.087510108947754
1999-09-14,10.885098457336426
1999-09-15,10.83262825012207
1999-09-16,10.795141220092773
1999-09-17,11.026811599731445
1999-09-20,10.89893913269043
1999-09-21,10.725944519042969
1999-09-22,10.71842098236084
1999-09-23,10.6356840133667
1999-09-24,10.710897445678711
1999-09-27,10.530377388000488
1999-09-28,10.515337944030762
1999-09-29,10.440117835998535
1999-09-30,10.650727272033691
1999-10-01,10.470205307006836
1999-10-04,10.868855476379395
1999-10-05,10.913981437683105
1999-10-06,11.102030754089355
1999-10-07,10.996726036071777
1999-10-08,11.192291259765625
1999-10-11,11.071940422058105
1999-10-12,10.861333847045898
1999-10-13,10.53790283203125
1999-10-14,10.522854804992676
1999-10-15,10.048993110656738
1999-10-18,10.37242603302002
1999-10-19,10.590548515319824
1999-10-20,10.778597831726074
1999-10-21,10.831249237060547
1999-10-22,11.282549858093262
1999-10-25,11.184764862060547
1999-10-26,11.011763572692871
1999-10-27,11.553325653076172
1999-10-28,12.37319278717041
1999-10-29,12.30550479888916
1999-11-01,12.15506649017334
1999-11-02,12.140026092529297
1999-11-03,12.087373733520508
1999-11-04,12.2302885055542
1999-11-05,12.53115177154541
1999-11-08,12.46345329284668
1999-11-09,12.222765922546387
1999-11-10,12.03471851348877
1999-11-11,11.967024803161621
1999-11-12,12.486021041870117
1999-11-15,12.478501319885254
1999-11-16,12.816984176635742
1999-11-17,12.5462007522583
1999-11-18,12.508588790893555
1999-11-19,12.320544242858887
1999-11-22,12.275411605834961
1999-11-23,12.079846382141113
1999-11-24,11.936942100524902
1999-11-26,11.854199409484863
1999-11-29,11.568375587463379
1999-11-30,11.763947486877441
1999-12-01,11.673680305480957
1999-12-02,11.726337432861328
1999-12-03,12.004632949829102
1999-12-06,11.681201934814453
1999-12-07,11.658634185791016
1999-12-08,11.380335807800293
1999-12-09,11.545808792114258
1999-12-10,11.748895645141602
1999-12-13,11.61351203918457
1999-12-14,11.335200309753418
1999-12-15,11.3051118850708
1999-12-16,11.056903839111328
1999-12-17,11.142781257629395
1999-12-20,11.05218505859375
1999-12-21,11.263564109802246
1999-12-22,11.263564109802246
1999-12-23,11.444751739501953
1999-12-27,11.354161262512207
1999-12-28,11.30886459350586
1999-12-29,11.422106742858887
1999-12-30,11.474952697753906
1999-12-31,11.482500076293945
2000-01-03,11.05218505859375
2000-01-04,10.569031715393066
2000-01-05,10.48598861694336
2000-01-06,10.946497917175293
2000-01-07,11.127685546875
2000-01-10,10.931401252746582
2000-01-11,10.750214576721191
2000-01-12,10.961594581604004
2000-01-13,11.293760299682617
2000-01-14,11.55799388885498
2000-01-18,11.1729736328125
2000-01-19,11.13523006439209
2000-01-20,10.931401252746582
2000-01-21,10.795511245727539
2000-01-24,10.599227905273438
2000-01-25,10.712468147277832
2000-01-26,11.112579345703125
2000-01-27,11.233373641967773
2000-01-28,10.840808868408203
2000-01-31,11.142781257629395
2000-02-01,11.203176498413086
2000-02-02,11.089937210083008
2000-02-03,11.021990776062012
2000-02-04,10.908756256103516
2000-02-07,10.795511245727539
2000-02-08,10.916298866271973
2000-02-09,10.659626007080078
2000-02-10,10.365202903747559
2000-02-11,10.387848854064941
2000-02-14,10.478443145751953
2000-02-15,10.493538856506348
2000-02-16,10.274606704711914
2000-02-17,10.146275520324707
2000-02-18,9.783905029296875
2000-02-22,9.874495506286621
2000-02-23,9.836750984191895
2000-02-24,9.632919311523438
2000-02-25,9.572525024414062
2000-02-28,9.882043838500977
2000-02-29,9.949991226196289
2000-03-01,10.0858793258667
2000-03-02,10.025483131408691
2000-03-03,10.116071701049805
2000-03-06,10.017932891845703
2000-03-07,9.715958595275879
2000-03-08,9.602723121643066
2000-03-09,9.655567169189453
2000-03-10,9.685765266418457
2000-03-13,9.783905029296875
2000-03-14,9.74615478515625
2000-03-15,10.34255313873291
2000-03-16,11.233373641967773
2000-03-17,11.23670768737793
2000-03-20,11.024545669555664
2000-03-21,11.426128387451172
2000-03-22,11.524629592895508
2000-03-23,11.926206588745117
2000-03-24,12.062600135803223
2000-03-27,11.668594360351562
2000-03-28,11.75951862335205
2000-03-29,11.668594360351562
2000-03-30,11.691323280334473
2000-03-31,11.767096519470215
2000-04-03,12.33537769317627
2000-04-04,11.842862129211426
2000-04-05,11.751945495605469
2000-04-06,11.88074779510498
2000-04-07,11.638282775878906
2000-04-10,11.971673011779785
2000-04-11,12.123214721679688
2000-04-12,12.176254272460938
2000-04-13,11.858020782470703
2000-04-14,10.895742416381836
2000-04-17,10.986668586730957
2000-04-18,11.426128387451172
2000-04-19,11.27458667755127
2000-04-20,11.486747741699219
2000-04-24,11.75951862335205
2000-04-25,12.123214721679688
2000-04-26,11.88074779510498
2000-04-27,11.638282775878906
2000-04-28,11.88074779510498
2000-05-01,11.615554809570312
2000-05-02,11.501896858215332
2000-05-03,11.297317504882812
2000-05-04,11.12304401397705
2000-05-05,11.198817253112793
2000-05-08,11.418551445007324
2000-05-09,11.388240814208984
2000-05-10,11.085163116455078
2000-05-11,11.418551445007324
2000-05-12,11.54736614227295
2000-05-15,12.062600135803223
2000-05-16,11.994404792785645
2000-05-17,11.78982162475586
2000-05-18,11.941370010375977
2000-05-19,11.729208946228027
2000-05-22,11.88074779510498
2000-05-23,11.956520080566406
2000-05-24,12.108062744140625
2000-05-25,11.80498218536377
2000-05-26,11.75951862335205
2000-05-30,12.001984596252441
2000-05-31,12.145950317382812
2000-06-01,12.547530174255371
2000-06-02,13.062760353088379
2000-06-05,12.767261505126953
2000-06-06,12.48691463470459
2000-06-07,12.668766021728516
2000-06-08,12.456607818603516
2000-06-09,12.2444486618042
2000-06-12,12.3505220413208
2000-06-13,12.33537769317627
2000-06-14,12.547530174255371
2000-06-15,12.252023696899414
2000-06-16,11.67849349975586
2000-06-19,11.982629776000977
2000-06-20,11.830560684204102
2000-06-21,11.739333152770996
2000-06-22,11.731721878051758
2000-06-23,11.648087501525879
2000-06-26,11.830560684204102
2000-06-27,11.944611549377441
2000-06-28,11.853379249572754
2000-06-29,11.845769882202148
2000-06-30,11.556852340698242
2000-07-03,11.769734382629395
2000-07-05,11.898991584777832
2000-07-06,11.990239143371582
2000-07-07,12.195518493652344
2000-07-10,12.225933074951172
2000-07-11,12.286761283874512
2000-07-12,12.46163272857666
2000-07-13,12.339984893798828
2000-07-14,12.545263290405273
2000-07-17,12.309566497802734
2000-07-18,12.332371711730957
2000-07-19,12.286761283874512
2000-07-20,12.598484992980957
2000-07-21,12.560473442077637
2000-07-24,12.636503219604492
2000-07-25,12.65931510925293
2000-07-26,12.598484992980957
2000-07-27,12.636503219604492
2000-07-28,12.362786293029785
2000-07-31,12.57568359375
2000-08-01,12.65931510925293
2000-08-02,12.644103050231934
2000-08-03,12.978650093078613
2000-08-04,13.480453491210938
2000-08-07,13.518477439880371
2000-08-08,13.518477439880371
2000-08-09,13.427231788635254
2000-08-10,13.351205825805664
2000-08-11,13.556487083435059
2000-08-14,13.731363296508789
2000-08-15,13.480453491210938
2000-08-16,13.320792198181152
2000-08-17,13.495662689208984
2000-08-18,13.396824836730957
2000-08-21,13.503263473510742
2000-08-22,13.647730827331543
2000-08-23,13.47284984588623
2000-08-24,13.450045585632324
2000-08-25,13.267573356628418
2000-08-28,13.518477439880371
2000-08-29,13.381616592407227
2000-08-30,13.503263473510742
2000-08-31,13.853013038635254
2000-09-01,13.624919891357422
2000-09-05,13.792190551757812
2000-09-06,13.898629188537598
2000-09-07,13.78458023071289
2000-09-08,14.09631061553955
2000-09-11,14.377635955810547
2000-09-12,14.354823112487793
2000-09-13,14.263581275939941
2000-09-14,14.210370063781738
2000-09-15,13.978775024414062
2000-09-18,13.513569831848145
2000-09-19,13.803369522094727
2000-09-20,13.605087280273438
2000-09-21,13.452567100524902
2000-09-22,13.71186351776123
2000-09-25,13.933013916015625
2000-09-26,13.841506958007812
2000-09-27,13.849125862121582
2000-09-28,14.19992733001709
2000-09-29,14.154170989990234
2000-10-02,14.352452278137207
2000-10-03,14.337200164794922
2000-10-04,14.154170989990234
2000-10-05,14.2914457321167
2000-10-06,13.69660472869873
2000-10-09,13.48306941986084
2000-10-10,13.094128608703613
2000-10-11,13.117012023925781
2000-10-12,12.354398727416992
2000-10-13,12.99499797821045
2000-10-16,13.109389305114746
2000-10-17,12.750959396362305
2000-10-18,12.606060028076172
2000-10-19,13.200905799865723
2000-10-20,13.25428295135498
2000-10-23,13.033127784729004
2000-10-24,13.361053466796875
2000-10-25,13.4373197555542
2000-10-26,13.0026216506958
2000-10-27,13.429679870605469
2000-10-30,13.917759895324707
2000-10-31,14.032149314880371
2000-11-01,13.971138000488281
2000-11-02,14.039782524108887
2000-11-03,14.001646995544434
2000-11-06,14.19229793548584
2000-11-07,14.1465482711792
2000-11-08,13.894877433776855
2000-11-09,13.994024276733398
2000-11-10,13.841506958007812
2000-11-13,13.513569831848145
2000-11-14,13.58984088897705
2000-11-15,13.48306941986084
2000-11-16,13.4373197555542
2000-11-17,13.330544471740723
2000-11-20,12.933982849121094
2000-11-21,12.964487075805664
2000-11-22,12.65182113647461
2000-11-24,12.743329048156738
2000-11-27,12.918731689453125
2000-11-28,13.056002616882324
2000-11-29,13.376303672790527
2000-11-30,13.31529426574707
2000-12-01,13.239028930664062
2000-12-04,13.178028106689453
2000-12-05,13.7271089553833
2000-12-06,13.666098594665527
2000-12-07,13.69660472869873
2000-12-08,14.093162536621094
2000-12-11,14.207554817199707
2000-12-12,14.039782524108887
2000-12-13,14.047418594360352
2000-12-14,13.643219947814941
2000-12-15,13.586518287658691
2000-12-18,13.984542846679688
2000-12-19,13.83145523071289
2000-12-20,13.701326370239258
2000-12-21,14.022809028625488
2000-12-22,14.137626647949219
2000-12-26,14.39022445678711
2000-12-27,14.482075691223145
2000-12-28,14.6275053024292
2000-12-29,14.451459884643555
2001-01-02,14.045780181884766
2001-01-03,14.803565979003906
2001-01-04,14.543318748474121
2001-01-05,14.237143516540527
2001-01-08,14.091708183288574
2001-01-09,13.854422569274902
2001-01-10,14.084046363830566
2001-01-11,14.114668846130371
2001-01-12,13.846769332885742
2001-01-16,14.091708183288574
2001-01-17,14.114668846130371
2001-01-18,13.908003807067871
2001-01-19,13.808491706848145
2001-01-22,14.05343246459961
2001-01-23,14.191208839416504
2001-01-24,14.275412559509277
2001-01-25,14.405534744262695
2001-01-26,14.459114074707031
2001-01-29,14.471049308776855
2001-01-30,14.598421096801758
2001-01-31,14.4171724319458
2001-02-01,14.436765670776367
2001-02-02,14.475950241088867
2001-02-05,14.573929786682129
2001-02-06,14.28979206085205
2001-02-07,14.25551700592041
2001-02-08,14.216317176818848
2001-02-09,14.275103569030762
2001-02-12,14.475950241088867
2001-02-13,14.392674446105957
2001-02-14,14.226117134094238
2001-02-15,14.226117134094238
2001-02-16,14.231010437011719
2001-02-20,13.706847190856934
2001-02-21,13.30024242401123
2001-02-22,13.393319129943848
2001-02-23,13.329634666442871
2001-02-26,13.623556137084961
2001-02-27,13.770524024963379
2001-02-28,13.4472074508667
2001-03-01,13.46190357208252
2001-03-02,13.481496810913086
2001-03-05,13.41291618347168
2001-03-06,13.452106475830078
2001-03-07,13.736235618591309
2001-03-08,13.790117263793945
2001-03-09,13.471701622009277
2001-03-12,12.810361862182617
2001-03-13,13.153277397155762
2001-03-14,12.54582405090332
2001-03-15,12.923038482666016
2001-03-16,12.754449844360352
2001-03-19,12.901898384094238
2001-03-20,12.543109893798828
2001-03-21,12.179389953613281
2001-03-22,11.864830017089844
2001-03-23,12.366168022155762
2001-03-26,12.562760353088379
2001-03-27,12.916646003723145
2001-03-28,12.847827911376953
2001-03-29,12.818344116210938
2001-03-30,13.04443645477295
2001-04-02,13.103416442871094
2001-04-03,12.661070823669434
2001-04-04,12.351419448852539
2001-04-05,12.803601264953613
2001-04-06,12.518528938293457
2001-04-09,12.513611793518066
2001-04-10,12.877324104309082
2001-04-11,12.985448837280273
2001-04-12,13.083755493164062
2001-04-16,12.990371704101562
2001-04-17,13.09850025177002
2001-04-18,13.648979187011719
2001-04-19,13.72270679473877
2001-04-20,13.486786842346191
2001-04-23,13.319676399230957
2001-04-24,13.250864028930664
2001-04-25,13.393399238586426
2001-04-26,13.447463035583496
2001-04-27,13.737455368041992
2001-04-30,13.516279220581055
2001-05-01,13.629322052001953
2001-05-02,13.737455368041992
2001-05-03,13.7423677444458
2001-05-04,13.909478187561035
2001-05-07,13.821014404296875
2001-05-08,13.678475379943848
2001-05-09,13.663721084594727
2001-05-10,13.668633460998535
2001-05-11,13.540854454040527
2001-05-14,13.653903007507324
2001-05-15,13.737455368041992
2001-05-16,14.106078147888184
2001-05-17,14.032356262207031
2001-05-18,13.95371150970459
2001-05-21,14.150313377380371
2001-05-22,14.292840957641602
2001-05-23,14.233866691589355
2001-05-24,14.287932395935059
2001-05-25,14.096244812011719
2001-05-29,14.106078147888184
2001-05-30,13.988121032714844
2001-05-31,14.110997200012207
2001-06-01,14.086418151855469
2001-06-04,14.199462890625
2001-06-05,14.263357162475586
2001-06-06,14.155230522155762
2001-06-07,14.061840057373047
2001-06-08,13.978285789489746
2001-06-11,13.845582962036133
2001-06-12,13.88981819152832
2001-06-13,13.776774406433105
2001-06-14,13.535934448242188
2001-06-15,13.605485916137695
2001-06-18,13.640023231506348
2001-06-19,13.76335334777832
2001-06-20,13.837346076965332
2001-06-21,14.394792556762695
2001-06-22,14.207335472106934
2001-06-25,14.093870162963867
2001-06-26,13.916278839111328
2001-06-27,13.921212196350098
2001-06-28,14.103728294372559
2001-06-29,14.010004043579102
2001-07-02,14.18266773223877
2001-07-03,14.172800064086914
2001-07-05,14.084005355834961
2001-07-06,13.797884941101074
2001-07-09,13.842284202575684
2001-07-10,13.506831169128418
2001-07-11,13.482165336608887
2001-07-12,13.718955993652344
2001-07-13,13.881745338439941
2001-07-16,13.68442440032959
2001-07-17,13.965611457824707
2001-07-18,13.886677742004395
2001-07-19,13.792954444885254
2001-07-20,13.728818893432617
2001-07-23,13.654818534851074
2001-07-24,13.477229118347168
2001-07-25,13.580826759338379
2001-07-26,13.68935489654541
2001-07-27,13.768288612365723
2001-07-30,13.723884582519531
2001-07-31,13.876811981201172
2001-08-01,13.936001777648926
2001-08-02,13.916278839111328
2001-08-03,13.975480079650879
2001-08-06,13.77321720123291
2001-08-07,13.921212196350098
2001-08-08,13.640023231506348
2001-08-09,13.704157829284668
2001-08-10,13.714018821716309
2001-08-13,13.699223518371582
2001-08-14,13.704157829284668
2001-08-15,13.649889945983887
2001-08-16,13.61042308807373
2001-08-17,13.408170700073242
2001-08-20,13.541361808776855
2001-08-21,13.373637199401855
2001-08-22,13.432833671569824
2001-08-23,13.437765121459961
2001-08-24,13.47229290008545
2001-08-27,13.339110374450684
2001-08-28,13.126982688903809
2001-08-29,13.008593559265137
2001-08-30,12.919800758361816
2001-08-31,12.959257125854492
2001-09-04,12.904990196228027
2001-09-05,12.82606029510498
2001-09-06,12.530072212219238
2001-09-07,12.28342056274414
2001-09-10,12.308089256286621
2001-09-17,11.765445709228516
2001-09-18,11.61745548248291
2001-09-19,11.533591270446777
2001-09-20,11.025483131408691
2001-09-21,10.85155963897705
2001-09-24,11.416436195373535
2001-09-25,11.599769592285156
2001-09-26,11.713737487792969
2001-09-27,11.906986236572266
2001-09-28,12.2290678024292
2001-10-01,12.194378852844238
2001-10-02,12.362850189208984
2001-10-03,12.561052322387695
2001-10-04,12.46195125579834
2001-10-05,12.120051383972168
2001-10-08,11.847527503967285
2001-10-09,11.946627616882324
2001-10-10,12.134917259216309
2001-10-11,12.328165054321289
2001-10-12,12.134917259216309
2001-10-15,12.189423561096191
2001-10-16,12.387625694274902
2001-10-17,12.263745307922363
2001-10-18,12.248879432678223
2001-10-19,12.050681114196777
2001-10-22,12.343026161193848
2001-10-23,12.37275505065918
2001-10-24,12.328165054321289
2001-10-25,12.491681098937988
2001-10-26,12.635377883911133
2001-10-29,12.189423561096191
2001-10-30,12.164645195007324
2001-10-31,12.055636405944824
2001-11-01,12.253837585449219
2001-11-02,12.318249702453613
2001-11-05,12.585821151733398
2001-11-06,12.739429473876953
2001-11-07,12.788979530334473
2001-11-08,12.828621864318848
2001-11-09,12.744385719299316
2001-11-12,12.684922218322754
2001-11-13,13.026827812194824
2001-11-14,13.002042770385742
2001-11-15,12.922767639160156
2001-11-16,12.858355522155762
2001-11-19,13.120966911315918
2001-11-20,13.046647071838379
2001-11-21,12.9326810836792
2001-11-23,13.130880355834961
2001-11-26,13.200249671936035
2001-11-27,13.229979515075684
2001-11-28,12.833582878112793
2001-11-29,12.972323417663574
2001-11-30,12.838534355163574
2001-12-03,12.660152435302734
2001-12-04,12.833582878112793
2001-12-05,13.011959075927734
2001-12-06,13.180428504943848
2001-12-07,13.091238975524902
2001-12-10,12.883125305175781
2001-12-11,12.9574556350708
2001-12-12,12.907904624938965
2001-12-13,12.704743385314941
2001-12-14,12.635377883911133
2001-12-17,12.808806419372559
2001-12-18,12.92773151397705
2001-12-19,13.180428504943848
2001-12-20,13.12592887878418
2001-12-21,13.03386402130127
2001-12-24,13.02390193939209
2001-12-26,13.08362865447998
2001-12-27,13.0736722946167
2001-12-28,13.213018417358398
2001-12-31,13.088602066040039
2002-01-02,13.0736722946167
2002-01-03,13.163250923156738
2002-01-04,13.337432861328125
2002-01-07,13.302596092224121
2002-01-08,13.118462562561035
2002-01-09,13.188136100769043
2002-01-10,13.138371467590332
2002-01-11,13.063718795776367
2002-01-14,12.964184761047363
2002-01-15,13.247852325439453
2002-01-16,13.08362865447998
2002-01-17,13.20804500579834
2002-01-18,13.158275604248047
2002-01-22,13.113482475280762
2002-01-23,13.173206329345703
2002-01-24,13.188136100769043
2002-01-25,13.27273941040039
2002-01-28,13.138371467590332
2002-01-29,12.566057205200195
2002-01-30,12.72530746459961
2002-01-31,12.939298629760742
2002-02-01,12.780048370361328
2002-02-04,12.317220687866211
2002-02-05,12.317220687866211
2002-02-06,12.143037796020508
2002-02-07,12.25749397277832
2002-02-08,12.58098316192627
2002-02-11,12.690472602844238
2002-02-12,12.546143531799316
2002-02-13,12.799955368041992
2002-02-14,12.77507209777832
2002-02-15,12.576013565063477
2002-02-19,12.232621192932129
2002-02-20,12.461546897888184
2002-02-21,12.317220687866211
2002-02-22,12.242575645446777
2002-02-25,12.556095123291016
2002-02-26,12.546143531799316
2002-02-27,12.675545692443848
2002-02-28,12.715351104736328
2002-03-01,12.889538764953613
2002-03-04,13.327473640441895
2002-03-05,13.337432861328125
2002-03-06,13.561384201049805
2002-03-07,13.441950798034668
2002-03-08,13.501665115356445
2002-03-11,13.581296920776367
2002-03-12,13.586272239685059
2002-03-13,13.461852073669434
2002-03-14,13.496689796447754
2002-03-15,13.78130054473877
2002-03-18,13.751341819763184
2002-03-19,13.746343612670898
2002-03-20,13.531637191772461
2002-03-21,13.53663444519043
2002-03-22,13.531637191772461
2002-03-25,13.31693172454834
2002-03-26,13.481710433959961
2002-03-27,13.65646743774414
2002-03-28,13.556602478027344
2002-04-01,13.531637191772461
2002-04-02,13.58157730102539
2002-04-03,13.381842613220215
2002-04-04,13.50168514251709
2002-04-05,13.5665922164917
2002-04-08,13.606537818908691
2002-04-09,13.691423416137695
2002-04-10,13.741353034973145
2002-04-11,13.401817321777344
2002-04-12,13.571590423583984
2002-04-15,13.396817207336426
2002-04-16,13.67144775390625
2002-04-17,13.706405639648438
2002-04-18,13.706405639648438
2002-04-19,13.681440353393555
2002-04-22,13.496684074401855
2002-04-23,13.43177604675293
2002-04-24,13.346887588500977
2002-04-25,13.222065925598145
2002-04-26,13.172122955322266
2002-04-29,13.057280540466309
2002-04-30,13.212076187133789
2002-05-01,13.301948547363281
2002-05-02,13.43177604675293
2002-05-03,13.366868019104004
2002-05-06,13.057280540466309
2002-05-07,12.997363090515137
2002-05-08,13.381842613220215
2002-05-09,13.222065925598145
2002-05-10,13.052291870117188
2002-05-13,13.286967277526855
2002-05-14,13.49169921875
2002-05-15,13.42678165435791
2002-05-16,13.586564064025879
2002-05-17,13.646484375
2002-05-20,13.411794662475586
2002-05-21,13.286967277526855
2002-05-22,13.31193733215332
2002-05-23,13.45673942565918
2002-05-24,13.366868019104004
2002-05-28,13.227056503295898
2002-05-29,13.222065925598145
2002-05-30,13.167132377624512
2002-05-31,13.172122955322266
2002-06-03,12.912477493286133
2002-06-04,12.82759952545166
2002-06-05,12.95242691040039
2002-06-06,12.672802925109863
2002-06-07,12.712746620178223
2002-06-10,12.782651901245117
2002-06-11,12.55795955657959
2002-06-12,12.627869606018066
2002-06-13,12.333267211914062
2002-06-14,12.44810962677002
2002-06-17,13.007352828979492
2002-06-18,13.032325744628906
2002-06-19,12.907486915588379
2002-06-20,12.64784049987793
2002-06-21,12.508404731750488
2002-06-24,12.543512344360352
2002-06-25,12.423144340515137
2002-06-26,12.187426567077637
2002-06-27,12.448226928710938
2002-06-28,12.608713150024414
2002-07-01,12.347919464111328
2002-07-02,12.177392959594727
2002-07-03,12.041979789733887
2002-07-05,12.503396034240723
2002-07-08,12.438189506530762
2002-07-09,12.112194061279297
2002-07-10,11.726011276245117
2002-07-11,11.88649845123291
2002-07-12,11.71096420288086
2002-07-15,11.71096420288086
2002-07-16,11.47523307800293
2002-07-17,11.405020713806152
2002-07-18,11.008808135986328
2002-07-19,10.77308177947998
2002-07-22,10.40695858001709
2002-07-23,9.815139770507812
2002-07-24,10.40695858001709
2002-07-25,10.3317289352417
2002-07-26,10.647695541381836
2002-07-29,11.35988712310791
2002-07-30,11.384957313537598
2002-07-31,11.56049919128418
2002-08-01,11.274618148803711
2002-08-02,10.988740921020508
2002-08-05,10.557418823242188
2002-08-06,10.903478622436523
2002-08-07,11.043907165527344
2002-08-08,11.620683670043945
2002-08-09,11.720995903015137
2002-08-12,11.590591430664062
2002-08-13,11.314743041992188
2002-08-14,11.766134262084961
2002-08-15,11.911581993103027
2002-08-16,11.82631778717041
2002-08-19,12.127240180969238
2002-08-20,11.961731910705566
2002-08-21,11.98681354522705
2002-08-22,12.127240180969238
2002-08-23,11.871455192565918
2002-08-26,12.046996116638184
2002-08-27,11.936653137207031
2002-08-28,11.741053581237793
2002-08-29,11.751081466674805
2002-08-30,11.776163101196289
2002-09-03,11.19939136505127
2002-09-04,11.410038948059082
2002-09-05,11.239516258239746
2002-09-06,11.410038948059082
2002-09-09,11.590591430664062
2002-09-10,11.520376205444336
2002-09-11,11.455179214477539
2002-09-12,11.134191513061523
2002-09-13,11.219453811645508
2002-09-16,11.194374084472656
2002-09-17,10.953635215759277
2002-09-18,10.863359451293945
2002-09-19,10.487205505371094
2002-09-20,10.437788963317871
2002-09-23,10.442831039428711
2002-09-24,10.241132736206055
2002-09-25,10.442831039428711
2002-09-26,10.745370864868164
2002-09-27,10.412576675415039
2002-09-30,10.4226655960083
2002-10-01,10.8663911819458
2002-10-02,10.432744026184082
2002-10-03,10.014225006103516
2002-10-04,9.736889839172363
2002-10-07,9.429306983947754
2002-10-08,9.792357444763184
2002-10-09,9.37888240814209
2002-10-10,9.873041152954102
2002-10-11,10.39240550994873
2002-10-14,10.46804428100586
2002-10-15,11.219359397888184
2002-10-16,11.017664909362793
2002-10-17,11.345423698425293
2002-10-18,11.335332870483398
2002-10-21,11.5219087600708
2002-10-22,11.416015625
2002-10-23,11.421062469482422
2002-10-24,11.214323997497559
2002-10-25,11.496691703796387
2002-10-28,11.466438293457031
2002-10-29,11.340375900268555
2002-10-30,11.466438293457031
2002-10-31,11.375676155090332
2002-11-01,11.537033081054688
2002-11-04,11.632843017578125
2002-11-05,11.673184394836426
2002-11-06,11.698391914367676
2002-11-07,11.274833679199219
2002-11-08,11.214323997497559
2002-11-11,11.093297004699707
2002-11-12,11.20927619934082
2002-11-13,11.153809547424316
2002-11-14,11.491656303405762
2002-11-15,11.59754467010498
2002-11-18,11.395844459533691
2002-11-19,11.400888442993164
2002-11-20,11.68830394744873
2002-11-21,11.965641975402832
2002-11-22,11.88495922088623
2002-11-25,11.864788055419922
2002-11-26,11.542076110839844
2002-11-27,11.9000883102417
2002-11-29,11.799236297607422
2002-12-02,11.799236297607422
2002-12-03,11.627799987792969
2002-12-04,11.627799987792969
2002-12-05,11.426103591918945
2002-12-06,11.516866683959961
2002-12-09,11.294997215270996
2002-12-10,11.466438293457031
2002-12-11,11.47652530670166
2002-12-12,11.426103591918945
2002-12-13,11.294997215270996
2002-12-16,11.617713928222656
2002-12-17,11.56224536895752
2002-12-18,11.345423698425293
2002-12-19,11.244576454162598
2002-12-20,11.489584922790527
2002-12-23,11.464217185974121
2002-12-24,11.362767219543457
2002-12-26,11.32726001739502
2002-12-27,11.119277954101562
2002-12-30,11.200444221496582
2002-12-31,11.159862518310547
2003-01-02,11.565670013427734
2003-01-03,11.555526733398438
2003-01-06,11.946127891540527
2003-01-07,11.814236640930176
2003-01-08,11.692489624023438
2003-01-09,11.925827980041504
2003-01-10,11.920762062072754
2003-01-13,11.956269264221191
2003-01-14,12.047578811645508
2003-01-15,11.870028495788574
2003-01-16,11.753360748291016
2003-01-17,11.717848777770996
2003-01-21,11.525093078613281
2003-01-22,11.342479705810547
2003-01-23,11.51494312286377
2003-01-24,11.073623657226562
2003-01-27,10.906229019165039
2003-01-28,11.063482284545898
2003-01-29,11.083765983581543
2003-01-30,10.804773330688477
2003-01-31,11.017828941345215
2003-02-03,11.043188095092773
2003-02-04,10.779410362243652
2003-02-05,10.677958488464355
2003-02-06,10.551139831542969
2003-02-07,10.480119705200195
2003-02-10,10.551139831542969
2003-02-11,10.404035568237305
2003-02-12,10.272147178649902
2003-02-13,10.34823226928711
2003-02-14,10.58157730102539
2003-02-18,10.74897575378418
2003-02-19,10.723609924316406
2003-02-20,10.622156143188477
2003-02-21,10.779410362243652
2003-02-24,10.495339393615723
2003-02-25,10.596794128417969
2003-02-26,10.475053787231445
2003-02-27,10.62723159790039
2003-02-28,10.677958488464355
2003-03-03,10.561286926269531
2003-03-04,10.409106254577637
2003-03-05,10.556215286254883
2003-03-06,10.409106254577637
2003-03-07,10.50041675567627
2003-03-10,10.119961738586426
2003-03-11,9.95256519317627
2003-03-12,9.967782020568848
2003-03-13,10.393891334533691
2003-03-14,10.439541816711426
2003-03-17,10.75912094116211
2003-03-18,10.819993019104004
2003-03-19,10.977242469787598
2003-03-20,10.99246883392334
2003-03-21,11.271188735961914
2003-03-24,10.878835678100586
2003-03-25,10.96036148071289
2003-03-26,10.909405708312988
2003-03-27,10.843164443969727
2003-03-28,10.83297061920166
2003-03-31,10.578201293945312
2003-04-01,10.858449935913086
2003-04-02,11.143798828125
2003-04-03,11.09284496307373
2003-04-04,11.204943656921387
2003-04-07,11.245707511901855
2003-04-08,11.245707511901855
2003-04-09,11.087748527526855
2003-04-10,11.17947006225586
2003-04-11,11.174368858337402
2003-04-14,11.398571968078613
2003-04-15,11.592202186584473
2003-04-16,11.434242248535156
2003-04-17,11.63805866241455
2003-04-21,11.597301483154297
2003-04-22,11.953978538513184
2003-04-23,12.040600776672363
2003-04-24,11.79092788696289
2003-04-25,11.66353702545166
2003-04-28,11.86735725402832
2003-04-29,11.882641792297363
2003-04-30,11.908124923706055
2003-05-01,11.903027534484863
2003-05-02,12.091556549072266
2003-05-05,12.040600776672363
2003-05-06,12.132323265075684
2003-05-07,12.05588436126709
2003-05-08,11.918312072753906
2003-05-09,11.994738578796387
2003-05-12,12.132323265075684
2003-05-13,12.096651077270508
2003-05-14,12.091556549072266
2003-05-15,12.213849067687988
2003-05-16,12.244416236877441
2003-05-19,11.913215637207031
2003-05-20,11.923401832580566
2003-05-21,11.948883056640625
2003-05-22,11.98455810546875
2003-05-23,12.030409812927246
2003-05-27,12.24951171875
2003-05-28,12.397284507751465
2003-05-29,12.26479721069336
2003-05-30,12.514487266540527
2003-06-02,12.626581192016602
2003-06-03,12.697919845581055
2003-06-04,12.88135051727295
2003-06-05,12.962882041931152
2003-06-06,12.952695846557617
2003-06-09,12.682629585266113
2003-06-10,12.789639472961426
2003-06-11,12.983266830444336
2003-06-12,12.957793235778809
2003-06-13,12.911927223205566
2003-06-16,13.227849960327148
2003-06-17,13.22275161743164
2003-06-18,13.095365524291992
2003-06-19,12.784542083740234
2003-06-20,12.823448181152344
2003-06-23,12.623800277709961
2003-06-24,12.695466995239258
2003-06-25,12.613557815551758
2003-06-26,12.721056938171387
2003-06-27,12.613557815551758
2003-06-30,12.567493438720703
2003-07-01,12.715943336486816
2003-07-02,12.874639511108398
2003-07-03,12.813204765319824
2003-07-07,13.033326148986816
2003-07-08,13.120359420776367
2003-07-09,13.09988021850586
2003-07-10,12.910472869873047
2003-07-11,13.089637756347656
2003-07-14,13.33536148071289
2003-07-15,13.26368522644043
2003-07-16,13.19714069366455
2003-07-17,12.97701644897461
2003-07-18,13.135709762573242
2003-07-21,12.982134819030762
2003-07-22,13.110112190246582
2003-07-23,13.069169044494629
2003-07-24,13.012858390808105
2003-07-25,13.320006370544434
2003-07-28,13.26881217956543
2003-07-29,13.125475883483887
2003-07-30,13.130595207214355
2003-07-31,13.115241050720215
2003-08-01,12.859285354614258
2003-08-04,12.874639511108398
2003-08-05,12.664749145507812
2003-08-06,12.838798522949219
2003-08-07,12.900237083435059
2003-08-08,12.961665153503418
2003-08-11,12.936075210571289
2003-08-12,13.089637756347656
2003-08-13,12.992382049560547
2003-08-14,13.115241050720215
2003-08-15,13.104995727539062
2003-08-18,13.120359420776367
2003-08-19,13.104995727539062
2003-08-20,13.074281692504883
2003-08-21,13.074281692504883
2003-08-22,12.823448181152344
2003-08-25,12.869513511657715
2003-08-26,12.895115852355957
2003-08-27,12.843923568725586
2003-08-28,12.900237083435059
2003-08-29,12.961665153503418
2003-09-02,13.192026138305664
2003-09-03,13.217621803283691
2003-09-04,13.161307334899902
2003-09-05,13.09988021850586
2003-09-08,13.227859497070312
2003-09-09,13.161307334899902
2003-09-10,12.946304321289062
2003-09-11,13.00261402130127
2003-09-12,13.023093223571777
2003-09-15,13.023093223571777
2003-09-16,13.176667213439941
2003-09-17,13.19714069366455
2003-09-18,13.5145263671875
2003-09-19,13.493430137634277
2003-09-22,13.297874450683594
2003-09-23,13.390508651733398
2003-09-24,13.158921241760254
2003-09-25,13.09717082977295
2003-09-26,13.025123596191406
2003-09-29,13.164069175720215
2003-09-30,13.076581954956055
2003-10-01,13.405945777893066
2003-10-02,13.431676864624023
2003-10-03,13.534597396850586
2003-10-06,13.596357345581055
2003-10-07,13.678698539733887
2003-10-08,13.65810775756836
2003-10-09,13.694129943847656
2003-10-10,13.694129943847656
2003-10-13,13.910268783569336
2003-10-14,13.992616653442383
2003-10-15,13.956596374511719
2003-10-16,13.972029685974121
2003-10-17,13.848516464233398
2003-10-20,13.853659629821777
2003-10-21,13.848516464233398
2003-10-22,13.652971267700195
2003-10-23,13.74559211730957
2003-10-24,13.730155944824219
2003-10-27,13.730155944824219
2003-10-28,13.905135154724121
2003-10-29,13.925714492797852
2003-10-30,13.946306228637695
2003-10-31,13.982317924499512
2003-11-03,14.131563186645508
2003-11-04,14.059514999389648
2003-11-05,14.028635025024414
2003-11-06,14.095536231994629
2003-11-07,13.946306228637695
2003-11-10,13.961735725402832
2003-11-11,13.915422439575195
2003-11-12,14.023487091064453
2003-11-13,13.977173805236816
2003-11-14,13.797057151794434
2003-11-17,13.761037826538086
2003-11-18,13.60150146484375
2003-11-19,13.704422950744629
2003-11-20,13.586058616638184
2003-11-21,13.663251876831055
2003-11-24,13.791909217834473
2003-11-25,13.869102478027344
2003-11-26,13.951447486877441
2003-11-28,13.93086051940918
2003-12-01,14.090392112731934
2003-12-02,14.049223899841309
2003-12-03,14.023487091064453
2003-12-04,14.059514999389648
2003-12-05,13.946306228637695
2003-12-08,14.074958801269531
2003-12-09,13.951447486877441
2003-12-10,13.874252319335938
2003-12-11,14.033782005310059
2003-12-12,14.074958801269531
2003-12-15,14.038926124572754
2003-12-16,14.16243839263916
2003-12-17,14.110981941223145
2003-12-18,14.234487533569336
2003-12-19,14.277969360351562
2003-12-22,14.355631828308105
2003-12-23,14.376335144042969
2003-12-24,14.376335144042969
2003-12-26,14.371156692504883
2003-12-29,14.56788444519043
2003-12-30,14.598943710327148
2003-12-31,14.562702178955078
2004-01-02,14.541996955871582
2004-01-05,14.661072731018066
2004-01-06,14.655888557434082
2004-01-07,14.666250228881836
2004-01-08,14.718009948730469
2004-01-09,14.666250228881836
2004-01-12,14.728361129760742
2004-01-13,14.655888557434082
2004-01-14,14.769777297973633
2004-01-15,14.894022941589355
2004-01-16,14.940621376037598
2004-01-20,14.919907569885254
2004-01-21,15.142512321472168
2004-01-22,15.142512321472168
2004-01-23,15.070048332214355
2004-01-26,15.277118682861328
2004-01-27,15.17358112335205
2004-01-28,14.90438461303711
2004-01-29,15.0286283493042
2004-01-30,15.038986206054688
2004-02-02,15.126980781555176
2004-02-03,15.142512321472168
2004-02-04,15.018279075622559
2004-02-05,15.013101577758789
2004-02-06,15.26677131652832
2004-02-09,15.204641342163086
2004-02-10,15.251241683959961
2004-02-11,15.484192848205566
2004-02-12,15.458318710327148
2004-02-13,15.427253723144531
2004-02-17,15.541145324707031
2004-02-18,15.458318710327148
2004-02-19,15.453141212463379
2004-02-20,15.411715507507324
2004-02-23,15.411715507507324
2004-02-24,15.349597930908203
2004-02-25,15.416903495788574
2004-02-26,15.432428359985352
2004-02-27,15.468667030334473
2004-03-01,15.577387809753418
2004-03-02,15.499725341796875
2004-03-03,15.592920303344727
2004-03-04,15.634332656860352
2004-03-05,15.76893138885498
2004-03-08,15.686097145080566
2004-03-09,15.582565307617188
2004-03-10,15.334068298339844
2004-03-11,15.085573196411133
2004-03-12,15.308181762695312
2004-03-15,15.085573196411133
2004-03-16,15.225347518920898
2004-03-17,15.401368141174316
2004-03-18,15.406545639038086
2004-03-19,15.237015724182129
2004-03-22,15.039398193359375
2004-03-23,15.034200668334961
2004-03-24,14.919795036315918
2004-03-25,15.075809478759766
2004-03-26,15.065401077270508
2004-03-29,15.257816314697266
2004-03-30,15.361822128295898
2004-03-31,15.289013862609863
2004-04-01,15.45022964477539
2004-04-02,15.393022537231445
2004-04-05,15.434630393981934
2004-04-06,15.42422103881836
2004-04-07,15.382622718811035
2004-04-08,15.35661506652832
2004-04-12,15.45022964477539
2004-04-13,15.122599601745605
2004-04-14,14.940594673156738
2004-04-15,14.85218620300293
2004-04-16,15.013401985168457
2004-04-19,14.987394332885742
2004-04-20,14.711783409118652
2004-04-21,14.706582069396973
2004-04-22,14.961396217346191
2004-04-23,14.883384704589844
2004-04-26,14.85218620300293
2004-04-27,14.888598442077637
2004-04-28,14.67537784576416
2004-04-29,14.628571510314941
2004-04-30,14.623367309570312
2004-05-03,14.722173690795898
2004-05-04,14.768982887268066
2004-05-05,14.753377914428711
2004-05-06,14.592166900634766
2004-05-07,14.280147552490234
2004-05-10,14.160540580749512
2004-05-11,14.233341217041016
2004-05-12,14.39455795288086
2004-05-13,14.420563697814941
2004-05-14,14.43095874786377
2004-05-17,14.243741989135742
2004-05-18,14.358160018920898
2004-05-19,14.368562698364258
2004-05-20,14.420563697814941
2004-05-21,14.508962631225586
2004-05-24,14.529764175415039
2004-05-25,14.737781524658203
2004-05-26,14.826186180114746
2004-05-27,14.862587928771973
2004-05-28,14.872986793518066
2004-06-01,14.815788269042969
2004-06-02,14.888598442077637
2004-06-03,14.768982887268066
2004-06-04,14.893795013427734
2004-06-07,15.107000350952148
2004-06-08,15.086209297180176
2004-06-09,14.930187225341797
2004-06-10,15.002997398376465
2004-06-14,14.794975280761719
2004-06-15,14.85218620300293
2004-06-16,14.878188133239746
2004-06-17,14.888598442077637
2004-06-18,14.907407760620117
2004-06-21,14.860370635986328
2004-06-22,14.933542251586914
2004-06-23,14.970130920410156
2004-06-24,15.001493453979492
2004-06-25,14.949224472045898
2004-06-28,14.938774108886719
2004-06-29,14.876052856445312
2004-06-30,14.938774108886719
2004-07-01,14.834230422973633
2004-07-02,14.876052856445312
2004-07-06,14.77150821685791
2004-07-07,14.740145683288574
2004-07-08,14.630380630493164
2004-07-09,14.630380630493164
2004-07-12,14.69832992553711
2004-07-13,14.71400260925293
2004-07-14,14.6460542678833
2004-07-15,14.51015853881836
2004-07-16,14.515388488769531
2004-07-19,14.536293029785156
2004-07-20,14.60947036743164
2004-07-21,14.463111877441406
2004-07-22,14.478788375854492
2004-07-23,14.405621528625488
2004-07-26,14.410840034484863
2004-07-27,14.531065940856934
2004-07-28,14.578104972839355
2004-07-29,14.640825271606445
2004-07-30,14.619918823242188
2004-08-02,14.70878791809082
2004-08-03,14.619918823242188
2004-08-04,14.656514167785645
2004-08-05,14.41606330871582
2004-08-06,14.290619850158691
2004-08-09,14.27493953704834
2004-08-10,14.473567008972168
2004-08-11,14.515388488769531
2004-08-12,14.363799095153809
2004-08-13,14.379481315612793
2004-08-16,14.599015235900879
2004-08-17,14.68264102935791
2004-08-18,14.860370635986328
2004-08-19,14.797647476196289
2004-08-20,14.949224472045898
2004-08-23,14.896951675415039
2004-08-24,14.923087120056152
2004-08-25,15.053765296936035
2004-08-26,15.090352058410645
2004-08-27,15.10603141784668
2004-08-30,15.017171859741211
2004-08-31,15.095582008361816
2004-09-01,15.038080215454102
2004-09-02,15.205348014831543
2004-09-03,15.200115203857422
2004-09-07,15.38305950164795
2004-09-08,15.268072128295898
2004-09-09,15.252394676208496
2004-09-10,15.325565338134766
2004-09-13,15.28375244140625
2004-09-14,15.304656982421875
2004-09-15,15.247159957885742
2004-09-16,15.325565338134766
2004-09-17,15.361303329467773
2004-09-20,15.203645706176758
2004-09-21,15.329763412475586
2004-09-22,15.051238059997559
2004-09-23,14.898836135864258
2004-09-24,14.956647872924805
2004-09-27,14.883066177368164
2004-09-28,14.940877914428711
2004-09-29,14.993433952331543
2004-09-30,14.956647872924805
2004-10-01,15.208895683288574
2004-10-04,15.229921340942383
2004-10-05,15.145831108093262
2004-10-06,15.256203651428223
2004-10-07,15.214157104492188
2004-10-08,15.161604881286621
2004-10-11,15.203645706176758
2004-10-12,15.193136215209961
2004-10-13,15.093283653259277
2004-10-14,14.725407600402832
2004-10-15,14.746442794799805
2004-10-18,14.80949592590332
2004-10-19,14.562499046325684
2004-10-20,14.488921165466309
2004-10-21,14.478410720825195
2004-10-22,14.399582862854004
2004-10-25,14.39432430267334
2004-10-26,14.714899063110352
2004-10-27,14.935625076293945
2004-10-28,15.014455795288086
2004-10-29,15.035465240478516
2004-11-01,15.082773208618164
2004-11-02,15.145831108093262
2004-11-03,15.235182762145996
2004-11-04,15.49268913269043
2004-11-05,15.461153984069824
2004-11-08,15.440135955810547
2004-11-09,15.424365043640137
2004-11-10,15.466408729553223
2004-11-11,15.613556861877441
2004-11-12,15.676616668701172
2004-11-15,15.723921775817871
2004-11-16,15.592531204223633
2004-11-17,15.629323959350586
2004-11-18,15.592531204223633
2004-11-19,15.392834663391113
2004-11-22,15.482177734375
2004-11-23,15.518964767456055
2004-11-24,15.582030296325684
2004-11-26,15.592531204223633
2004-11-29,15.518964767456055
2004-11-30,15.503194808959961
2004-12-01,15.808002471923828
2004-12-02,15.78172779083252
2004-12-03,15.776471138000488
2004-12-06,15.765973091125488
2004-12-07,15.634575843811035
2004-12-08,15.676616668701172
2004-12-09,15.76070785522461
2004-12-10,15.786980628967285
2004-12-13,15.89209270477295
2004-12-14,15.944643020629883
2004-12-15,16.028722763061523
2004-12-16,15.918368339538574
2004-12-17,15.869186401367188
2004-12-20,15.842750549316406
2004-12-21,16.048980712890625
2004-12-22,16.138877868652344
2004-12-23,16.170610427856445
2004-12-27,16.085996627807617
2004-12-28,16.1600284576416
2004-12-29,16.123010635375977
2004-12-30,16.1441650390625
2004-12-31,16.1441650390625
2005-01-03,16.085996627807617
2005-01-04,15.932644844055176
2005-01-05,15.90620231628418
2005-01-06,15.985526084899902
2005-01-07,15.900918006896973
2005-01-10,15.916788101196289
2005-01-11,15.848036766052246
2005-01-12,15.82688045501709
2005-01-13,15.673529624938965
2005-01-14,15.72641372680664
2005-01-18,15.974946022033691
2005-01-19,15.816309928894043
2005-01-20,15.699973106384277
2005-01-21,15.620656967163086
2005-01-24,15.625944137573242
2005-01-25,15.636526107788086
2005-01-26,15.710548400878906
2005-01-27,15.631233215332031
2005-01-28,15.610067367553711
2005-01-31,15.795158386230469
2005-02-01,15.96437931060791
2005-02-02,15.96437931060791
2005-02-03,15.890337944030762
2005-02-04,16.080707550048828
2005-02-07,16.096572875976562
2005-02-08,16.033119201660156
2005-02-09,15.990815162658691
2005-02-10,16.038408279418945
2005-02-11,16.165315628051758
2005-02-14,16.138877868652344
2005-02-15,16.17588996887207
2005-02-16,16.064838409423828
2005-02-17,15.922076225280762
2005-02-18,15.752849578857422
2005-02-22,15.520181655883789
2005-02-23,15.662955284118652
2005-02-24,15.684103965759277
2005-02-25,15.842750549316406
2005-02-28,15.68939208984375
2005-03-01,15.842750549316406
2005-03-02,15.795158386230469
2005-03-03,15.768712997436523
2005-03-04,15.969666481018066
2005-03-07,15.969666481018066
2005-03-08,15.943228721618652
2005-03-09,15.74756145477295
2005-03-10,15.8374662399292
2005-03-11,15.699973106384277
2005-03-14,15.78458023071289
2005-03-15,15.678826332092285
2005-03-16,15.520181655883789
2005-03-17,15.477882385253906
2005-03-18,15.400798797607422
2005-03-21,15.262582778930664
2005-03-22,14.980820655822754
2005-03-23,15.01271915435791
2005-03-24,14.938300132751465
2005-03-28,15.044614791870117
2005-03-29,14.991459846496582
2005-03-30,15.177512168884277
2005-03-31,15.092466354370117
2005-04-01,14.8851318359375
2005-04-04,14.991459846496582
2005-04-05,15.03398609161377
2005-04-06,15.134987831115723
2005-04-07,15.19346809387207
2005-04-08,15.055246353149414
2005-04-11,15.087153434753418
2005-04-12,15.294479370117188
2005-04-13,15.071200370788574
2005-04-14,14.901082038879395
2005-04-15,14.741608619689941
2005-04-18,14.863869667053223
2005-04-19,14.8851318359375
2005-04-20,14.699073791503906
2005-04-21,14.784125328063965
2005-04-22,14.746912002563477
2005-04-25,14.932975769042969
2005-04-26,14.84791374206543
2005-04-27,15.055246353149414
2005-04-28,14.890447616577148
2005-04-29,15.11904525756836
2005-05-02,15.156259536743164
2005-05-03,15.172203063964844
2005-05-04,15.464584350585938
2005-05-05,15.395480155944824
2005-05-06,15.283839225769043
2005-05-09,15.416743278503418
2005-05-10,15.214736938476562
2005-05-11,15.283839225769043
2005-05-12,15.140314102172852
2005-05-13,15.007400512695312
2005-05-16,15.273208618164062
2005-05-17,15.368894577026367
2005-05-18,15.549650192260742
2005-05-19,15.56559944152832
2005-05-20,15.549650192260742
2005-05-23,15.570906639099121
2005-05-24,15.517749786376953
2005-05-25,15.464584350585938
2005-05-26,15.56559944152832
2005-05-27,15.592172622680664
2005-05-31,15.56559944152832
2005-06-01,15.687860488891602
2005-06-02,15.645337104797363
2005-06-03,15.56559944152832
2005-06-06,15.602805137634277
2005-06-07,15.592172622680664
2005-06-08,15.602805137634277
2005-06-09,15.65064811706543
2005-06-10,15.602805137634277
2005-06-13,15.602805137634277
2005-06-14,15.645337104797363
2005-06-15,15.68255615234375
2005-06-16,15.762304306030273
2005-06-17,15.845187187194824
2005-06-20,15.807753562927246
2005-06-21,15.86656665802002
2005-06-22,15.845187187194824
2005-06-23,15.70079517364502
2005-06-24,15.674057006835938
2005-06-27,15.66871166229248
2005-06-28,15.786344528198242
2005-06-29,15.861226081848145
2005-06-30,15.75961685180664
2005-07-01,15.775657653808594
2005-07-05,15.90400218963623
2005-07-06,15.786344528198242
2005-07-07,15.818442344665527
2005-07-08,15.978882789611816
2005-07-11,16.048389434814453
2005-07-12,16.048389434814453
2005-07-13,16.11791229248047
2005-07-14,16.19812774658203
2005-07-15,16.240909576416016
2005-07-18,16.06978416442871
2005-07-19,16.064435958862305
2005-07-20,16.123266220092773
2005-07-21,16.037700653076172
2005-07-22,16.123266220092773
2005-07-25,16.0590877532959
2005-07-26,16.080474853515625
2005-07-27,16.10187339782715
2005-07-28,16.149991989135742
2005-07-29,16.00560760498047
2005-08-01,16.00560760498047
2005-08-02,16.123266220092773
2005-08-03,16.1446590423584
2005-08-04,16.0323543548584
2005-08-05,15.8505277633667
2005-08-08,15.786344528198242
2005-08-09,15.887962341308594
2005-08-10,15.871925354003906
2005-08-11,15.930741310119629
2005-08-12,15.887962341308594
2005-08-15,15.962827682495117
2005-08-16,15.855877876281738
2005-08-17,15.893304824829102
2005-08-18,15.882615089416504
2005-08-19,15.909347534179688
2005-08-22,15.95213508605957
2005-08-23,15.8505277633667
2005-08-24,15.66871166229248
2005-08-25,15.748915672302246
2005-08-26,15.583149909973145
2005-08-29,15.706146240234375
2005-08-30,15.567103385925293
2005-08-31,15.743572235107422
2005-09-01,15.781005859375
2005-09-02,15.77031135559082
2005-09-06,15.962827682495117
2005-09-07,15.925396919250488
2005-09-08,15.834487915039062
2005-09-09,15.973526954650879
2005-09-12,16.02165412902832
2005-09-13,15.887962341308594
2005-09-14,15.871925354003906
2005-09-15,15.882615089416504
2005-09-16,16.109603881835938
2005-09-19,15.964377403259277
2005-09-20,15.87829875946045
2005-09-21,15.614753723144531
2005-09-22,15.733081817626953
2005-09-23,15.786869049072266
2005-09-26,15.700807571411133
2005-09-27,15.754598617553711
2005-09-28,15.625505447387695
2005-09-29,15.915969848632812
2005-09-30,15.87829875946045
2005-10-03,15.840653419494629
2005-10-04,15.641637802124023
2005-10-05,15.577094078063965
2005-10-06,15.620134353637695
2005-10-07,15.673921585083008
2005-10-10,15.507179260253906
2005-10-11,15.458757400512695
2005-10-12,15.388833045959473
2005-10-13,15.464141845703125
2005-10-14,15.636266708374023
2005-10-17,15.652403831481934
2005-10-18,15.52868366241455
2005-10-19,15.840653419494629
2005-10-20,15.700807571411133
2005-10-21,15.792252540588379
2005-10-24,16.104225158691406
2005-10-25,16.01277732849121
2005-10-26,16.120357513427734
2005-10-27,16.028919219970703
2005-10-28,16.303234100341797
2005-10-31,16.362407684326172
2005-11-01,16.303234100341797
2005-11-02,16.437707901000977
2005-11-03,16.448467254638672
2005-11-04,16.475358963012695
2005-11-07,16.615211486816406
2005-11-08,16.566795349121094
2005-11-09,16.609834671020508
2005-11-10,16.943321228027344
2005-11-11,17.002483367919922
2005-11-14,17.013242721557617
2005-11-15,16.857257843017578
2005-11-16,16.765819549560547
2005-11-17,16.964834213256836
2005-11-18,17.05089569091797
2005-11-21,17.131589889526367
2005-11-22,17.282180786132812
2005-11-23,17.416648864746094
2005-11-25,17.45429801940918
2005-11-28,17.373624801635742
2005-11-29,17.36286735534668
2005-11-30,17.142335891723633
2005-12-01,17.233781814575195
2005-12-02,17.271434783935547
2005-12-05,17.239164352416992
2005-12-06,17.185367584228516
2005-12-07,17.04552459716797
2005-12-08,17.034751892089844
2005-12-09,17.15846824645996
2005-12-12,17.08316993713379
2005-12-13,17.303699493408203
2005-12-14,17.368249893188477
2005-12-15,17.271434783935547
2005-12-16,17.313661575317383
2005-12-19,17.162071228027344
2005-12-20,17.23786163330078
2005-12-21,17.286584854125977
2005-12-22,17.405696868896484
2005-12-23,17.427345275878906
2005-12-27,17.29200553894043
2005-12-28,17.254104614257812
2005-12-29,17.23786163330078
2005-12-30,17.14582633972168
2006-01-03,17.432758331298828
2006-01-04,17.416521072387695
2006-01-05,17.47607421875
2006-01-06,17.578933715820312
2006-01-09,17.627666473388672
2006-01-10,17.643898010253906
2006-01-11,17.741352081298828
2006-01-12,17.61683464050293
2006-01-13,17.606014251708984
2006-01-17,17.42193603515625
2006-01-18,17.373212814331055
2006-01-19,17.319067001342773
2006-01-20,16.956336975097656
2006-01-23,16.999650955200195
2006-01-24,17.07544708251953
2006-01-25,17.107929229736328
2006-01-26,17.4002742767334
2006-01-27,17.416521072387695
2006-01-30,17.362384796142578
2006-01-31,17.297420501708984
2006-02-01,17.286584854125977
2006-02-02,17.16748046875
2006-02-03,17.09709930419922
2006-02-06,17.14582633972168
2006-02-07,17.03213119506836
2006-02-08,17.140411376953125
2006-02-09,17.18372344970703
2006-02-10,17.281171798706055
2006-02-13,17.216203689575195
2006-02-14,17.42193603515625
2006-02-15,17.52480125427246
2006-02-16,17.627666473388672
2006-02-17,17.557275772094727
2006-02-21,17.50313377380371
2006-02-22,17.833389282226562
2006-02-23,17.76842498779297
2006-02-24,17.806320190429688
2006-02-27,17.838808059692383
2006-02-28,17.665565490722656
2006-03-01,17.757596969604492
2006-03-02,17.649322509765625
2006-03-03,17.606014251708984
2006-03-06,17.55186653137207
2006-03-07,17.611417770385742
2006-03-08,17.622243881225586
2006-03-09,17.513965606689453
2006-03-10,17.67096710205078
2006-03-13,17.676393508911133
2006-03-14,17.882118225097656
2006-03-15,17.903762817382812
2006-03-16,17.963329315185547
2006-03-17,18.016115188598633
2006-03-20,18.027000427246094
2006-03-21,17.847396850585938
2006-03-22,17.988914489746094
2006-03-23,17.901819229125977
2006-03-24,17.896377563476562
2006-03-27,17.885488510131836
2006-03-28,17.738529205322266
2006-03-29,17.82017707824707
2006-03-30,17.711318969726562
2006-03-31,17.716758728027344
2006-04-03,17.743976593017578
2006-04-04,17.934486389160156
2006-04-05,17.967138290405273
2006-04-06,17.901819229125977
2006-04-07,17.733089447021484
2006-04-10,17.765743255615234
2006-04-11,17.61334800720215
2006-04-12,17.651439666748047
2006-04-13,17.678661346435547
2006-04-17,17.66233253479004
2006-04-18,17.988914489746094
2006-04-19,18.010677337646484
2006-04-20,18.04877281188965
2006-04-21,18.027000427246094
2006-04-24,18.032440185546875
2006-04-25,17.923585891723633
2006-04-26,18.027000427246094
2006-04-27,18.310039520263672
2006-04-28,18.484224319458008
2006-05-01,18.195737838745117
2006-05-02,18.310039520263672
2006-05-03,18.293710708618164
2006-05-04,18.331809997558594
2006-05-05,18.593069076538086
2006-05-08,18.516876220703125
2006-05-09,18.54952621459961
2006-05-10,18.56041717529297
2006-05-11,18.255613327026367
2006-05-12,18.070556640625
2006-05-15,18.195737838745117
2006-05-16,18.17396354675293
2006-05-17,17.809288024902344
2006-05-18,17.651439666748047
2006-05-19,17.743976593017578
2006-05-22,17.7004337310791
2006-05-23,17.61334800720215
2006-05-24,17.624223709106445
2006-05-25,17.782079696655273
2006-05-26,17.929039001464844
2006-05-30,17.66233253479004
2006-05-31,17.787521362304688
2006-06-01,17.994352340698242
2006-06-02,18.09776496887207
2006-06-05,17.80384635925293
2006-06-06,17.76030731201172
2006-06-07,17.82017707824707
2006-06-08,17.852834701538086
2006-06-09,17.7929630279541
2006-06-12,17.59700584411621
2006-06-13,17.254112243652344
2006-06-14,17.150697708129883
2006-06-15,17.53170394897461
2006-06-16,17.420562744140625
2006-06-19,17.300119400024414
2006-06-20,17.349393844604492
2006-06-21,17.49173927307129
2006-06-22,17.42603874206543
2006-06-23,17.31106948852539
2006-06-26,17.46436309814453
2006-06-27,17.29465103149414
2006-06-28,17.38771629333496
2006-06-29,17.754518508911133
2006-06-30,17.705244064331055
2006-07-03,17.91329002380371
2006-07-05,17.743576049804688
2006-07-06,17.798322677612305
2006-07-07,17.710716247558594
2006-07-10,17.831174850463867
2006-07-11,17.836645126342773
2006-07-12,17.661455154418945
2006-07-13,17.382238388061523
2006-07-14,17.31106948852539
2006-07-17,17.343921661376953
2006-07-18,17.382238388061523
2006-07-19,17.842113494873047
2006-07-20,17.770952224731445
2006-07-21,17.672395706176758
2006-07-24,17.902347564697266
2006-07-25,17.94614028930664
2006-07-26,17.924240112304688
2006-07-27,17.82021713256836
2006-07-28,18.137746810913086
2006-07-31,18.11037826538086
2006-08-01,18.055635452270508
2006-08-02,18.088481903076172
2006-08-03,18.165130615234375
2006-08-04,18.203445434570312
2006-08-07,18.165130615234375
2006-08-08,18.033735275268555
2006-08-09,17.82021713256836
2006-08-10,17.907817840576172
2006-08-11,17.853073120117188
2006-08-14,17.874971389770508
2006-08-15,18.176082611083984
2006-08-16,18.274621963500977
2006-08-17,18.334842681884766
2006-08-18,18.362220764160156
2006-08-21,18.291048049926758
2006-08-22,18.285568237304688
2006-08-23,18.230823516845703
2006-08-24,18.291048049926758
2006-08-25,18.192501068115234
2006-08-28,18.323890686035156
2006-08-29,18.24725341796875
2006-08-30,18.3019962310791
2006-08-31,18.323890686035156
2006-09-01,18.351266860961914
2006-09-05,18.41696548461914
2006-09-06,18.35673713684082
2006-09-07,18.214405059814453
2006-09-08,18.318422317504883
2006-09-11,18.329370498657227
2006-09-12,18.564783096313477
2006-09-13,18.701648712158203
2006-09-14,18.74544906616211
2006-09-15,18.80270004272461
2006-09-18,18.78067970275879
2006-09-19,18.813724517822266
2006-09-20,18.940357208251953
2006-09-21,18.808216094970703
2006-09-22,18.841251373291016
2006-09-25,19.03396224975586
2006-09-26,19.138566970825195
2006-09-27,19.050474166870117
2006-09-28,19.116548538208008
2006-09-29,19.061485290527344
2006-10-02,19.017436981201172
2006-10-03,19.204633712768555
2006-10-04,19.435890197753906
2006-10-05,19.42487335205078
2006-10-06,19.35881233215332
2006-10-09,19.413864135742188
2006-10-10,19.413864135742188
2006-10-11,19.364315032958984
2006-10-12,19.46891975402832
2006-10-13,19.54050636291504
2006-10-16,19.435890197753906
2006-10-17,19.435890197753906
2006-10-18,19.490947723388672
2006-10-19,19.364315032958984
2006-10-20,19.342287063598633
2006-10-23,19.46891975402832
2006-10-24,19.46341323852539
2006-10-25,19.546005249023438
2006-10-26,19.683656692504883
2006-10-27,19.535001754760742
2006-10-30,19.54050636291504
2006-10-31,19.507469177246094
2006-11-01,19.386343002319336
2006-11-02,19.33127784729004
2006-11-03,19.33127784729004
2006-11-06,19.55702018737793
2006-11-07,19.601072311401367
2006-11-08,19.683656692504883
2006-11-09,19.551513671875
2006-11-10,19.711183547973633
2006-11-13,19.689163208007812
2006-11-14,19.804784774780273
2006-11-15,19.77725601196289
2006-11-16,19.9699649810791
2006-11-17,19.821300506591797
2006-11-20,19.947940826416016
2006-11-21,19.914888381958008
2006-11-22,19.93692398071289
2006-11-24,19.837825775146484
2006-11-27,19.529489517211914
2006-11-28,19.562524795532227
2006-11-29,19.683656692504883
2006-11-30,19.64512062072754
2006-12-01,19.529489517211914
2006-12-04,19.804784774780273
2006-12-05,19.898387908935547
2006-12-06,19.925920486450195
2006-12-07,19.87636375427246
2006-12-08,19.93692398071289
2006-12-11,20.04705047607422
2006-12-12,20.063562393188477
2006-12-13,20.085586547851562
2006-12-14,20.256269454956055
2006-12-15,20.306760787963867
2006-12-18,20.406631469726562
2006-12-19,20.389986038208008
2006-12-20,20.45655632019043
2006-12-21,20.367786407470703
2006-12-22,20.26792335510254
2006-12-26,20.45101547241211
2006-12-27,20.59527015686035
2006-12-28,20.50094985961914
2006-12-29,20.384431838989258
2007-01-03,20.48430824279785
2007-01-04,20.41773223876953
2007-01-05,20.256824493408203
2007-01-08,20.34560203552246
2007-01-09,20.31230926513672
2007-01-10,20.378890991210938
2007-01-11,20.506500244140625
2007-01-12,20.5286865234375
2007-01-16,20.58418083190918
2007-01-17,20.5286865234375
2007-01-18,20.445465087890625
2007-01-19,20.506500244140625
2007-01-22,20.48985481262207
2007-01-23,20.478757858276367
2007-01-24,20.689592361450195
2007-01-25,20.389986038208008
2007-01-26,20.42882537841797
2007-01-29,20.32895851135254
2007-01-30,20.406631469726562
2007-01-31,20.573078155517578
2007-02-01,20.70623779296875
2007-02-02,20.745079040527344
2007-02-05,20.739526748657227
2007-02-06,20.833850860595703
2007-02-07,20.911531448364258
2007-02-08,20.844942092895508
2007-02-09,20.623010635375977
2007-02-12,20.573078155517578
2007-02-13,20.722883224487305
2007-02-14,20.922624588012695
2007-02-15,20.955917358398438
2007-02-16,20.950359344482422
2007-02-20,21.061328887939453
2007-02-21,20.972553253173828
2007-02-22,20.889326095581055
2007-02-23,20.69514274597168
2007-02-26,20.54533576965332
2007-02-27,19.585481643676758
2007-02-28,19.946125030517578
2007-03-01,19.923931121826172
2007-03-02,19.69645118713379
2007-03-05,19.385740280151367
2007-03-06,19.790773391723633
2007-03-07,19.67425537109375
2007-03-08,19.851802825927734
2007-03-09,19.901731491088867
2007-03-12,19.901731491088867
2007-03-13,19.308067321777344
2007-03-14,19.352447509765625
2007-03-15,19.585481643676758
2007-03-16,19.51194190979004
2007-03-19,19.640077590942383
2007-03-20,19.81837272644043
2007-03-21,20.269678115844727
2007-03-22,20.147098541259766
2007-03-23,20.169389724731445
2007-03-26,20.069107055664062
2007-03-27,19.94651985168457
2007-03-28,19.6958065032959
2007-03-29,19.796092987060547
2007-03-30,19.851810455322266
2007-04-02,19.667938232421875
2007-04-03,19.913089752197266
2007-04-04,19.913089752197266
2007-04-05,19.924238204956055
2007-04-09,19.918664932250977
2007-04-10,20.007810592651367
2007-04-11,19.840662002563477
2007-04-12,19.807233810424805
2007-04-13,19.890810012817383
2007-04-16,20.375537872314453
2007-04-17,20.369972229003906
2007-04-18,20.60398292541504
2007-04-19,20.57611656188965
2007-04-20,20.68198585510254
2007-04-23,20.626266479492188
2007-04-24,20.56498146057129
2007-04-25,20.843555450439453
2007-04-26,20.81012725830078
2007-04-27,20.782272338867188
2007-04-30,20.620698928833008
2007-05-01,20.659690856933594
2007-05-02,20.74884605407715
2007-05-03,20.943843841552734
2007-05-04,21.01629066467285
2007-05-07,21.044137954711914
2007-05-08,20.99956512451172
2007-05-09,21.111005783081055
2007-05-10,20.81012725830078
2007-05-11,21.03300666809082
2007-05-14,20.932708740234375
2007-05-15,20.882558822631836
2007-05-16,21.12214469909668
2007-05-17,21.01629066467285
2007-05-18,21.072002410888672
2007-05-21,21.09429168701172
2007-05-22,21.111005783081055
2007-05-23,21.09429168701172
2007-05-24,20.904848098754883
2007-05-25,20.943843841552734
2007-05-29,21.03300666809082
2007-05-30,21.1778564453125
2007-05-31,21.1165714263916
2007-06-01,21.183439254760742
2007-06-04,21.155576705932617
2007-06-05,21.027429580688477
2007-06-06,20.849132537841797
2007-06-07,20.498117446899414
2007-06-08,20.73770523071289
2007-06-11,20.83241844177246
2007-06-12,20.548259735107422
2007-06-13,20.938278198242188
2007-06-14,20.904848098754883
2007-06-15,20.979907989501953
2007-06-18,20.974315643310547
2007-06-19,21.063955307006836
2007-06-20,20.694204330444336
2007-06-21,20.727819442749023
2007-06-22,20.46452522277832
2007-06-25,20.302064895629883
2007-06-26,20.11159896850586
2007-06-27,20.414104461669922
2007-06-28,20.380491256713867
2007-06-29,20.268447875976562
2007-07-02,20.442113876342773
2007-07-03,20.62138557434082
2007-07-05,20.447715759277344
2007-07-06,20.548553466796875
2007-07-09,20.46452522277832
2007-07-10,20.033159255981445
2007-07-11,20.10038185119629
2007-07-12,20.470121383666992
2007-07-13,20.548553466796875
2007-07-16,20.475730895996094
2007-07-17,20.542949676513672
2007-07-18,20.27965545654297
2007-07-19,20.212432861328125
2007-07-20,19.8594913482666
2007-07-23,19.848299026489258
2007-07-24,19.349702835083008
2007-07-25,19.43933868408203
2007-07-26,18.97995948791504
2007-07-27,18.683053970336914
2007-07-30,19.035987854003906
2007-07-31,18.430950164794922
2007-08-01,18.638235092163086
2007-08-02,18.76148796081543
2007-08-03,17.960372924804688
2007-08-06,18.879127502441406
2007-08-07,19.013574600219727
2007-08-08,19.467342376708984
2007-08-09,18.767086029052734
2007-08-10,18.683053970336914
2007-08-13,18.51498794555664
2007-08-14,18.19005584716797
2007-08-15,18.027603149414062
2007-08-16,18.57101058959961
2007-08-17,19.327293395996094
2007-08-20,19.069591522216797
2007-08-21,19.20404624938965
2007-08-22,19.254470825195312
2007-08-23,19.282472610473633
2007-08-24,19.349702835083008
2007-08-27,19.1256160736084
2007-08-28,18.554203033447266
2007-08-29,18.77828025817871
2007-08-30,18.660654067993164
2007-08-31,18.907140731811523
2007-09-04,19.05278968811035
2007-09-05,18.823104858398438
2007-09-06,18.683053970336914
2007-09-07,18.492582321166992
2007-09-10,18.430950164794922
2007-09-11,18.621429443359375
2007-09-12,18.660654067993164
2007-09-13,18.968765258789062
2007-09-14,19.035987854003906
2007-09-17,18.856704711914062
2007-09-18,19.568187713623047
2007-09-19,19.691431045532227
2007-09-20,19.450538635253906
2007-09-21,19.526735305786133
2007-09-24,19.255836486816406
2007-09-25,19.216325759887695
2007-09-26,19.221982955932617
2007-09-27,19.447717666625977
2007-09-28,19.36870574951172
2007-10-01,19.735544204711914
2007-10-02,19.961288452148438
2007-10-03,19.9161434173584
2007-10-04,20.03464698791504
2007-10-05,20.254743576049805
2007-10-08,19.97821044921875
2007-10-09,20.147512435913086
2007-10-10,20.03464698791504
2007-10-11,19.92742347717285
2007-10-12,20.05722427368164
2007-10-15,19.650894165039062
2007-10-16,19.284055709838867
2007-10-17,19.27276611328125
2007-10-18,19.030088424682617
2007-10-19,18.398019790649414
2007-10-22,18.62375259399414
2007-10-23,18.7253360748291
2007-10-24,18.58425521850586
2007-10-25,18.567317962646484
2007-10-26,19.01881217956543
2007-10-29,19.075246810913086
2007-10-30,18.781776428222656
2007-10-31,19.03573989868164
2007-11-01,18.059402465820312
2007-11-02,17.96910285949707
2007-11-05,17.647422790527344
2007-11-06,17.946533203125
2007-11-07,16.96455192565918
2007-11-08,17.13949966430664
2007-11-09,17.00969696044922
2007-11-12,17.071779251098633
2007-11-13,17.8731689453125
2007-11-14,17.805442810058594
2007-11-15,17.353952407836914
2007-11-16,17.218515396118164
2007-11-19,16.755739212036133
2007-11-20,16.388900756835938
2007-11-21,16.134946823120117
2007-11-23,16.518707275390625
2007-11-26,15.965646743774414
2007-11-27,16.253454208374023
2007-11-28,17.224151611328125
2007-11-29,17.071779251098633
2007-11-30,17.495037078857422
2007-12-03,17.353952407836914
2007-12-04,17.032268524169922
2007-12-05,17.286239624023438
2007-12-06,17.84494400024414
2007-12-07,17.607919692993164
2007-12-10,17.980388641357422
2007-12-11,17.071779251098633
2007-12-12,16.941972732543945
2007-12-13,16.93633270263672
2007-12-14,16.56385612487793
2007-12-17,16.388900756835938
2007-12-18,16.400196075439453
2007-12-19,16.496137619018555
2007-12-20,16.37762451171875
2007-12-21,16.680591583251953
2007-12-24,16.9824275970459
2007-12-26,16.86282730102539
2007-12-27,16.52113151550293
2007-12-28,16.48127555847168
2007-12-31,16.4755802154541
2008-01-02,16.150957107543945
2008-01-03,16.048452377319336
2008-01-04,15.592852592468262
2008-01-07,15.632712364196777
2008-01-08,15.063212394714355
2008-01-09,15.347965240478516
2008-01-10,15.609940528869629
2008-01-11,15.661194801330566
2008-01-14,15.877591133117676
2008-01-15,15.22266960144043
2008-01-16,15.478958129882812
2008-01-17,14.693049430847168
2008-01-18,14.522195816040039
2008-01-22,14.835420608520508
2008-01-23,15.88898754119873
2008-01-24,15.894688606262207
2008-01-25,15.478958129882812
2008-01-28,16.0313663482666
2008-01-29,16.2762508392334
2008-01-30,15.945943832397461
2008-01-31,16.59517478942871
2008-02-01,16.902698516845703
2008-02-04,16.41292953491211
2008-02-05,15.746618270874023
2008-02-06,15.564374923706055
2008-02-07,15.706759452819824
2008-02-08,15.444779396057129
2008-02-11,15.103087425231934
2008-02-12,15.518821716308594
2008-02-13,15.461867332458496
2008-02-14,15.040437698364258
2008-02-15,15.279623031616211
2008-02-19,15.256848335266113
2008-02-20,15.433395385742188
2008-02-21,15.160036087036133
2008-02-22,15.490337371826172
2008-02-25,15.490337371826172
2008-02-26,15.627020835876465
2008-02-27,15.695364952087402
2008-02-28,15.205589294433594
2008-02-29,14.71013355255127
2008-03-03,14.510804176330566
2008-03-04,14.431073188781738
2008-03-05,14.317180633544922
2008-03-06,13.821712493896484
2008-03-07,13.85018539428711
2008-03-10,13.457239151000977
2008-03-11,14.33996295928955
2008-03-12,14.100772857666016
2008-03-13,14.066594123840332
2008-03-14,13.667949676513672
2008-03-17,13.354726791381836
2008-03-18,14.47663688659668
2008-03-19,14.09506893157959
2008-03-20,15.110064506530762
2008-03-24,15.305254936218262
2008-03-25,15.259331703186035
2008-03-26,14.70820426940918
2008-03-27,14.47856616973877
2008-03-28,14.15134048461914
2008-03-31,14.277631759643555
2008-04-01,15.282296180725098
2008-04-02,15.270809173583984
2008-04-03,15.339705467224121
2008-04-04,15.133028030395508
2008-04-07,15.224885940551758
2008-04-08,15.052651405334473
2008-04-09,14.800057411193848
2008-04-10,14.70820426940918
2008-04-11,14.426897048950195
2008-04-14,14.088183403015137
2008-04-15,14.231710433959961
2008-04-16,14.616348266601562
2008-04-17,14.868947982788086
2008-04-18,15.196178436279297
2008-04-21,14.960801124572754
2008-04-22,14.754132270812988
2008-04-23,14.656538009643555
2008-04-24,15.18468952178955
2008-04-25,15.471738815307617
2008-04-28,15.511926651000977
2008-04-29,15.322476387023926
2008-04-30,15.2765474319458
2008-05-01,15.79897403717041
2008-05-02,15.908058166503906
2008-05-05,15.632492065429688
2008-05-06,15.79897403717041
2008-05-07,15.230622291564941
2008-05-08,14.920619010925293
2008-05-09,14.920619010925293
2008-05-12,15.098584175109863
2008-05-13,14.960801124572754
2008-05-14,15.064140319824219
2008-05-15,15.213404655456543
2008-05-16,15.150252342224121
2008-05-19,15.006728172302246
2008-05-20,14.656538009643555
2008-05-21,14.28337287902832
2008-05-22,14.363746643066406
2008-05-23,14.15134048461914
2008-05-27,14.225964546203613
2008-05-28,14.145591735839844
2008-05-29,14.398195266723633
2008-05-30,14.214487075805664
2008-06-02,14.00207233428955
2008-06-03,13.956145286560059
2008-06-04,13.870031356811523
2008-06-05,14.145591735839844
2008-06-06,13.39353084564209
2008-06-09,13.209829330444336
2008-06-10,13.25001049041748
2008-06-11,12.865374565124512
2008-06-12,13.21556568145752
2008-06-13,13.4222412109375
2008-06-16,13.54853630065918
2008-06-17,13.152412414550781
2008-06-18,12.934260368347168
2008-06-19,13.07204532623291
2008-06-20,12.846166610717773
2008-06-23,12.4407377243042
2008-06-24,12.585536003112793
2008-06-25,12.5565767288208
2008-06-26,12.104819297790527
2008-06-27,11.91368579864502
2008-06-30,11.73414421081543
2008-07-01,11.768895149230957
2008-07-02,11.589350700378418
2008-07-03,11.548805236816406
2008-07-07,11.166549682617188
2008-07-08,11.890520095825195
2008-07-09,11.212883949279785
2008-07-10,11.131799697875977
2008-07-11,10.81904125213623
2008-07-14,10.263031005859375
2008-07-15,9.944478034973145
2008-07-16,11.24763298034668
2008-07-17,11.73414421081543
2008-07-18,11.971609115600586
2008-07-21,12.01794147491455
2008-07-22,13.025710105895996
2008-07-23,13.008332252502441
2008-07-24,12.133777618408203
2008-07-25,12.087445259094238
2008-07-28,11.519851684570312
2008-07-29,12.452323913574219
2008-07-30,12.643452644348145
2008-07-31,12.527613639831543
2008-08-01,12.527613639831543
2008-08-04,12.423364639282227
2008-08-05,13.054669380187988
2008-08-06,12.921456336975098
2008-08-07,12.2843656539917
2008-08-08,12.707161903381348
2008-08-11,12.921456336975098
2008-08-12,12.266992568969727
2008-08-13,11.91368579864502
2008-08-14,12.2843656539917
2008-08-15,12.371237754821777
2008-08-18,11.89631462097168
2008-08-19,11.548805236816406
2008-08-20,11.78626537322998
2008-08-21,11.571976661682129
2008-08-22,12.0121488571167
2008-08-25,11.589350700378418
2008-08-26,11.682014465332031
2008-08-27,11.9078950881958
2008-08-28,12.388615608215332
2008-08-29,12.405991554260254
2008-09-02,12.57973575592041
2008-09-03,12.776664733886719
2008-09-04,12.151147842407227
2008-09-05,12.591330528259277
2008-09-08,13.135751724243164
2008-09-09,12.295944213867188
2008-09-10,12.145359992980957
2008-09-11,12.423364639282227
2008-09-12,12.249612808227539
2008-09-15,11.056507110595703
2008-09-16,11.88473129272461
2008-09-17,10.743748664855957
2008-09-18,11.589350700378418
2008-09-19,13.08625602722168
2008-09-22,12.016203880310059
2008-09-23,11.98111629486084
2008-09-24,11.84663200378418
2008-09-25,12.174077033996582
2008-09-26,12.507376670837402
2008-09-29,10.85843276977539
2008-09-30,11.630285263061523
2008-10-01,12.086372375488281
2008-10-02,11.484097480773926
2008-10-03,10.981229782104492
2008-10-06,10.408193588256836
2008-10-07,9.308902740478516
2008-10-08,8.93467903137207
2008-10-09,8.004953384399414
2008-10-10,8.829422950744629
2008-10-13,9.519399642944336
2008-10-14,10.13337230682373
2008-10-15,9.034076690673828
2008-10-16,9.23873519897461
2008-10-17,8.975602149963379
2008-10-20,9.420002937316895
2008-10-21,9.133485794067383
2008-10-22,8.560444831848145
2008-10-23,8.472737312316895
2008-10-24,7.923090934753418
2008-10-27,7.706741809844971
2008-10-28,8.917132377624512
2008-10-29,8.367487907409668
2008-10-30,8.6598482131958
2008-10-31,9.080856323242188
2008-11-03,9.133485794067383
2008-11-04,9.648042678833008
2008-11-05,8.765104293823242
2008-11-06,8.162833213806152
2008-11-07,8.314859390258789
2008-11-10,8.069271087646484
2008-11-11,7.788604736328125
2008-11-12,7.30912446975708
2008-11-13,7.8412322998046875
2008-11-14,7.4436116218566895
2008-11-17,6.969982624053955
2008-11-18,6.870578289031982
2008-11-19,6.151360988616943
2008-11-20,5.490614891052246
2008-11-21,5.660187244415283
2008-11-24,6.519739151000977
2008-11-25,6.899815559387207
2008-11-26,7.221416473388672
2008-11-28,7.402679920196533
2008-12-01,6.168901443481445
2008-12-02,6.671769618988037
2008-12-03,7.01676082611084
2008-12-04,6.940743446350098
2008-12-05,7.490394115447998
2008-12-08,7.993262767791748
2008-12-09,7.671658039093018
2008-12-10,7.537168979644775
2008-12-11,6.958287239074707
2008-12-12,7.092773914337158
2008-12-15,6.800408363342285
2008-12-16,7.5605573654174805
2008-12-17,7.490394115447998
2008-12-18,7.274041652679443
2008-12-19,7.2580180168151855
2008-12-22,7.002830505371094
2008-12-23,6.836659908294678
2008-12-24,6.985027313232422
2008-12-26,6.990962982177734
2008-12-29,6.931614875793457
2008-12-30,7.198672771453857
2008-12-31,7.430120944976807
2009-01-02,7.51320743560791
2009-01-05,7.38857889175415
2009-01-06,7.507272243499756
2009-01-07,7.115589618682861
2009-01-08,7.085916042327881
2009-01-09,6.860401630401611
2009-01-12,6.498391151428223
2009-01-13,6.587405681610107
2009-01-14,6.207594394683838
2009-01-15,5.922732353210449
2009-01-16,5.744696140289307
2009-01-20,4.795158863067627
2009-01-21,5.501376152038574
2009-01-22,5.163104057312012
2009-01-23,5.335208892822266
2009-01-26,5.24025297164917
2009-01-27,5.424227237701416
2009-01-28,6.118574619293213
2009-01-29,5.637872219085693
2009-01-30,5.483571529388428
2009-02-02,5.483571529388428
2009-02-03,5.382684230804443
2009-02-04,5.323337554931641
2009-02-05,5.406421661376953
2009-02-06,5.809976577758789
2009-02-09,5.87525749206543
2009-02-10,5.275860786437988
2009-02-11,5.531049728393555
2009-02-12,5.459836006164551
2009-02-13,5.252123832702637
2009-02-17,4.729877471923828
2009-02-18,4.729877471923828
2009-02-19,4.480625629425049
2009-02-20,4.415342807769775
2009-02-23,4.261045455932617
2009-02-24,4.777354717254639
2009-02-25,4.747682094573975
2009-02-26,4.824830532073975
2009-02-27,4.5102972984313965
2009-03-02,4.225435733795166
2009-03-03,4.142353534698486
2009-03-04,4.0889410972595215
2009-03-05,3.7031922340393066
2009-03-06,3.667584180831909
2009-03-09,3.7150609493255615
2009-03-10,4.2669782638549805
2009-03-11,4.379736423492432
2009-03-12,4.830764293670654
2009-03-13,4.860440731048584
2009-03-16,4.765484809875488
2009-03-17,5.074084281921387
2009-03-18,5.584460258483887
2009-03-19,5.1393656730651855
2009-03-20,4.879218101501465
2009-03-23,5.682431697845459
2009-03-24,5.406705379486084
2009-03-25,5.586528301239014
2009-03-26,5.652463436126709
2009-03-27,5.478634834289551
2009-03-30,5.005095958709717
2009-03-31,5.280826091766357
2009-04-01,5.430680274963379
2009-04-02,5.580533504486084
2009-04-03,5.8083109855651855
2009-04-06,5.652463436126709
2009-04-07,5.484625816345215
2009-04-08,5.514599323272705
2009-04-09,6.37175989151001
2009-04-13,6.641490459442139
2009-04-14,6.203922271728516
2009-04-15,6.503629207611084
2009-04-16,6.575559616088867
2009-04-17,6.659474849700928
2009-04-20,5.916203022003174
2009-04-21,6.353776931762695
2009-04-22,6.1259965896606445
2009-04-23,6.413715362548828
2009-04-24,6.557575702667236
2009-04-27,6.449682235717773
2009-04-28,6.251875400543213
2009-04-29,6.521610736846924
2009-04-30,6.431698799133301
2009-05-01,6.383745193481445
2009-05-04,7.031110763549805
2009-05-05,6.9292144775390625
2009-05-06,7.480672359466553
2009-05-07,7.264885902404785
2009-05-08,7.804354190826416
2009-05-11,7.348799228668213
2009-05-12,7.1929521560668945
2009-05-13,6.827313423156738
2009-05-14,7.055089473724365
2009-05-15,6.911229133605957
2009-05-18,7.366784572601318
2009-05-19,7.216931343078613
2009-05-20,7.025118350982666
2009-05-21,7.037107944488525
2009-05-22,6.989153861999512
2009-05-26,7.216931343078613
2009-05-27,7.001140594482422
2009-05-28,7.198947429656982
2009-05-29,7.3308186531066895
2009-06-01,7.408742904663086
2009-06-02,7.288858890533447
2009-06-03,7.1929521560668945
2009-06-04,7.450700283050537
2009-06-05,7.384767532348633
2009-06-08,7.438712120056152
2009-06-09,7.492660999298096
2009-06-10,7.378769874572754
2009-06-11,7.438712120056152
2009-06-12,7.48666524887085
2009-06-15,7.2948503494262695
2009-06-16,7.168978214263916
2009-06-17,6.959184646606445
2009-06-18,7.127013683319092
2009-06-19,7.254147052764893
2009-06-22,6.832394123077393
2009-06-23,6.910719871520996
2009-06-24,6.995072364807129
2009-06-25,7.14569616317749
2009-06-26,7.181844711303711
2009-06-29,7.272220134735107
2009-06-30,7.199923992156982
2009-07-01,7.157745361328125
2009-07-02,6.910719871520996
2009-07-06,6.916744709014893
2009-07-07,6.808296203613281
2009-07-08,6.693817138671875
2009-07-09,6.778171539306641
2009-07-10,6.68779182434082
2009-07-13,7.115572452545166
2009-07-14,7.085445404052734
2009-07-15,7.3866963386535645
2009-07-16,7.362595081329346
2009-07-17,7.314396381378174
2009-07-20,7.3746514320373535
2009-07-21,7.308373928070068
2009-07-22,7.314396381378174
2009-07-23,7.525272846221924
2009-07-24,7.483098030090332
2009-07-27,7.603599548339844
2009-07-28,7.585524559020996
2009-07-29,7.585524559020996
2009-07-30,7.760247707366943
2009-07-31,7.838573932647705
2009-08-03,8.037398338317871
2009-08-04,8.200078010559082
2009-08-05,8.483253479003906
2009-08-06,8.423005104064941
2009-08-07,8.6459321975708
2009-08-10,8.609782218933105
2009-08-11,8.290453910827637
2009-08-12,8.459153175354004
2009-08-13,8.633881568908691
2009-08-14,8.579655647277832
2009-08-17,8.218154907226562
2009-08-18,8.386855125427246
2009-08-19,8.38082504272461
2009-08-20,8.59772777557373
2009-08-21,8.766434669494629
2009-08-24,8.700155258178711
2009-08-25,8.808603286743164
2009-08-26,8.784506797790527
2009-08-27,8.87488079071045
2009-08-28,8.886932373046875
2009-08-31,8.856807708740234
2009-09-01,8.38082504272461
2009-09-02,8.308526039123535
2009-09-03,8.471202850341797
2009-09-04,8.567602157592773
2009-09-08,8.603754043579102
2009-09-09,8.736307144165039
2009-09-10,8.808603286743164
2009-09-11,8.754380226135254
2009-09-14,8.868856430053711
2009-09-15,8.886932373046875
2009-09-16,9.194209098815918
2009-09-17,9.164087295532227
2009-09-18,9.150185585021973
2009-09-21,9.065571784973145
2009-09-22,9.271058082580566
2009-09-23,9.083701133728027
2009-09-24,8.902389526367188
2009-09-25,8.817779541015625
2009-09-28,9.113924026489258
2009-09-29,9.071615219116211
2009-09-30,9.029304504394531
2009-10-01,8.630422592163086
2009-10-02,8.636469841003418
2009-10-05,8.908432960510254
2009-10-06,9.023265838623047
2009-10-07,9.119962692260742
2009-10-08,9.132051467895508
2009-10-09,9.210619926452637
2009-10-12,9.283145904541016
2009-10-13,9.192492485046387
2009-10-14,9.506762504577637
2009-10-15,9.422149658203125
2009-10-16,9.198532104492188
2009-10-19,9.240840911865234
2009-10-20,9.168313026428223
2009-10-21,8.99304485321045
2009-10-22,9.258971214294434
2009-10-23,9.126008033752441
2009-10-26,8.890303611755371
2009-10-27,8.823826789855957
2009-10-28,8.55185317993164
2009-10-29,8.908432960510254
2009-10-30,8.491415023803711
2009-11-02,8.563942909240723
2009-11-03,8.588113784790039
2009-11-04,8.467244148254395
2009-11-05,8.684816360473633
2009-11-06,8.648553848266602
2009-11-09,8.956785202026367
2009-11-10,8.926565170288086
2009-11-11,9.047438621520996
2009-11-12,8.878214836120605
2009-11-13,8.860082626342773
2009-11-16,8.956785202026367
2009-11-17,8.980957984924316
2009-11-18,9.053484916687012
2009-11-19,8.878214836120605
2009-11-20,8.823826789855957
2009-11-23,8.950740814208984
2009-11-24,8.884258270263672
2009-11-25,8.866127967834473
2009-11-27,8.630422592163086
2009-11-30,8.860082626342773
2009-12-01,8.866127967834473
2009-12-02,8.860082626342773
2009-12-03,8.6787748336792
2009-12-04,8.841957092285156
2009-12-07,8.696906089782715
2009-12-08,8.618334770202637
2009-12-09,8.648553848266602
2009-12-10,8.636469841003418
2009-12-11,8.696906089782715
2009-12-14,8.745257377624512
2009-12-15,8.606249809265137
2009-12-16,8.660643577575684
2009-12-17,8.497461318969727
2009-12-18,8.62606430053711
2009-12-21,8.753454208374023
2009-12-22,8.771652221679688
2009-12-23,8.73525333404541
2009-12-24,8.814114570617676
2009-12-28,8.783783912658691
2009-12-29,8.74738597869873
2009-12-30,8.753454208374023
2009-12-31,8.73525333404541
2010-01-04,8.911174774169922
2010-01-05,9.074960708618164
2010-01-06,9.093159675598145
2010-01-07,9.287273406982422
2010-01-08,9.232674598693848
2010-01-11,9.23874282836914
2010-01-12,9.105290412902832
2010-01-13,9.208415031433105
2010-01-14,9.250872611999512
2010-01-15,9.062825202941895
2010-01-19,9.178086280822754
2010-01-20,9.153820037841797
2010-01-21,8.89297103881836
2010-01-22,8.601799964904785
2010-01-25,8.650330543518066
2010-01-26,8.498674392700195
2010-01-27,8.704923629760742
2010-01-28,8.662460327148438
2010-01-29,8.601799964904785
2010-02-01,8.74738597869873
2010-02-02,8.832317352294922
2010-02-03,8.73525333404541
2010-02-04,8.359150886535645
2010-02-05,8.456209182739258
2010-02-08,8.286359786987305
2010-02-09,8.371286392211914
2010-02-10,8.43801212310791
2010-02-11,8.456209182739258
2010-02-12,8.462278366088867
2010-02-16,8.63819694519043
2010-02-17,8.66852855682373
2010-02-18,8.723123550415039
2010-02-19,8.771652221679688
2010-02-22,8.886908531188965
2010-02-23,8.723123550415039
2010-02-24,8.874777793884277
2010-02-25,8.850509643554688
2010-02-26,8.905106544494629
2010-03-01,8.929370880126953
2010-03-02,8.959700584411621
2010-03-03,8.965767860412598
2010-03-04,9.056764602661133
2010-03-05,9.232674598693848
2010-03-08,9.250872611999512
2010-03-09,9.281208992004395
2010-03-10,9.384332656860352
2010-03-11,9.4631929397583
2010-03-12,9.42679214477539
2010-03-15,9.42679214477539
2010-03-16,9.542054176330566
2010-03-17,9.657308578491211
2010-03-18,9.602712631225586
2010-03-19,9.5394868850708
2010-03-22,9.58812427520752
2010-03-23,9.667165756225586
2010-03-24,9.67324161529541
2010-03-25,9.715803146362305
2010-03-26,9.7279634475708
2010-03-29,9.740123748779297
2010-03-30,9.679320335388184
2010-03-31,9.697561264038086
2010-04-01,9.776601791381836
2010-04-05,9.873882293701172
2010-04-06,9.977239608764648
2010-04-07,9.940762519836426
2010-04-08,10.01980209350586
2010-04-09,10.056281089782715
2010-04-12,10.098841667175293
2010-04-13,10.104918479919434
2010-04-14,10.366361618041992
2010-04-15,10.323801040649414
2010-04-16,9.9468412399292
2010-04-19,10.044121742248535
2010-04-20,10.177877426147461
2010-04-21,10.117082595825195
2010-04-22,10.17180061340332
2010-04-23,10.202199935913086
2010-04-26,10.044121742248535
2010-04-27,9.703641891479492
2010-04-28,9.843480110168457
2010-04-29,10.068443298339844
2010-04-30,9.82524299621582
2010-05-03,10.01371955871582
2010-05-04,9.740123748779297
2010-05-05,9.685401916503906
2010-05-06,9.27804183959961
2010-05-07,9.174686431884766
2010-05-10,9.685401916503906
2010-05-11,9.64892578125
2010-05-12,9.758360862731934
2010-05-13,9.58204460144043
2010-05-14,9.332765579223633
2010-05-17,9.338845252990723
2010-05-18,9.071322441101074
2010-05-19,9.083483695983887
2010-05-20,8.663963317871094
2010-05-21,8.967966079711914
2010-05-24,8.712606430053711
2010-05-25,8.791644096374512
2010-05-26,8.730850219726562
2010-05-27,9.126043319702148
2010-05-28,8.925405502319336
2010-06-01,8.736923217773438
2010-06-02,9.01052188873291
2010-06-03,8.961884498596191
2010-06-04,8.603169441223145
2010-06-07,8.432923316955566
2010-06-08,8.609249114990234
2010-06-09,8.518046379089355
2010-06-10,8.797722816467285
2010-06-11,8.82204532623291
2010-06-14,8.785561561584473
2010-06-15,8.99228572845459
2010-06-16,8.99836254119873
2010-06-17,8.986202239990234
2010-06-18,9.035557746887207
2010-06-21,9.023368835449219
2010-06-22,8.883237838745117
2010-06-23,8.840587615966797
2010-06-24,8.682173728942871
2010-06-25,8.919792175292969
2010-06-28,8.834495544433594
2010-06-29,8.517671585083008
2010-06-30,8.414094924926758
2010-07-01,8.334888458251953
2010-07-02,8.237404823303223
2010-07-06,8.286149024963379
2010-07-07,8.651713371276855
2010-07-08,8.718732833862305
2010-07-09,8.840587615966797
2010-07-12,8.852773666381836
2010-07-13,9.072113037109375
2010-07-14,9.005088806152344
2010-07-15,8.98681354522705
2010-07-16,8.609063148498535
2010-07-19,8.602970123291016
2010-07-20,8.694363594055176
2010-07-21,8.554230690002441
2010-07-22,8.804028511047363
2010-07-23,8.87105655670166
2010-07-26,8.992908477783203
2010-07-27,9.0172758102417
2010-07-28,8.938076972961426
2010-07-29,8.968534469604492
2010-07-30,8.962446212768555
2010-08-02,9.18787670135498
2010-08-03,9.084299087524414
2010-08-04,9.120855331420898
2010-08-05,9.084299087524414
2010-08-06,9.005088806152344
2010-08-09,9.0538330078125
2010-08-10,8.974630355834961
2010-08-11,8.657800674438477
2010-08-12,8.596877098083496
2010-08-13,8.572507858276367
2010-08-16,8.548135757446289
2010-08-17,8.615155220031738
2010-08-18,8.651713371276855
2010-08-19,8.450647354125977
2010-08-20,8.426280975341797
2010-08-23,8.37144660949707
2010-08-24,8.231311798095703
2010-08-25,8.255682945251465
2010-08-26,8.188664436340332
2010-08-27,8.365354537963867
2010-08-30,8.188664436340332
2010-08-31,8.261781692504883
2010-09-01,8.578597068786621
2010-09-02,8.663898468017578
2010-09-03,8.84668254852295
2010-09-07,8.64561939239502
2010-09-08,8.730918884277344
2010-09-09,8.840587615966797
2010-09-10,8.852773666381836
2010-09-13,9.041651725769043
2010-09-14,8.962446212768555
2010-09-15,8.992908477783203
2010-09-16,8.968534469604492
2010-09-17,8.921513557434082
2010-09-20,9.09249496459961
2010-09-21,9.007006645202637
2010-09-22,8.860450744628906
2010-09-23,8.689472198486328
2010-09-24,8.921513557434082
2010-09-27,8.823813438415527
2010-09-28,8.842131614685059
2010-09-29,8.774959564208984
2010-09-30,8.762749671936035
2010-10-01,8.854344367980957
2010-10-04,8.793279647827148
2010-10-05,8.994791030883789
2010-10-06,8.988685607910156
2010-10-07,8.95205020904541
2010-10-08,8.976475715637207
2010-10-11,8.964263916015625
2010-10-12,9.068069458007812
2010-10-13,9.074177742004395
2010-10-14,8.91540813446045
2010-10-15,8.762749671936035
2010-10-18,8.958155632019043
2010-10-19,8.83602523803711
2010-10-20,8.921513557434082
2010-10-21,8.921513557434082
2010-10-22,8.91540813446045
2010-10-25,8.88487434387207
2010-10-26,8.897089958190918
2010-10-27,8.903193473815918
2010-10-28,8.903193473815918
2010-10-29,8.890984535217285
2010-11-01,8.890984535217285
2010-11-02,8.91540813446045
2010-11-03,9.00090217590332
2010-11-04,9.300115585327148
2010-11-05,9.51384449005127
2010-11-08,9.440560340881348
2010-11-09,9.26347541809082
2010-11-10,9.367287635803223
2010-11-11,9.275691032409668
2010-11-12,9.123029708862305
2010-11-15,9.16577434539795
2010-11-16,9.013113021850586
2010-11-17,8.95205020904541
2010-11-18,9.074177742004395
2010-11-19,9.074177742004395
2010-11-22,8.93983268737793
2010-11-23,8.79938793182373
2010-11-24,8.933728218078613
2010-11-26,8.805493354797363
2010-11-29,8.87877082824707
2010-11-30,8.82992172241211
2010-12-01,9.007006645202637
2010-12-02,9.239055633544922
2010-12-03,9.269582748413086
2010-12-06,9.25737476348877
2010-12-07,9.269582748413086
2010-12-08,9.422243118286133
2010-12-09,9.538267135620117
2010-12-10,9.623756408691406
2010-12-13,9.61764907836914
2010-12-14,9.532160758972168
2010-12-15,9.452774047851562
2010-12-16,9.464991569519043
2010-12-17,9.517691612243652
2010-12-20,9.523821830749512
2010-12-21,9.689299583435059
2010-12-22,9.799606323242188
2010-12-23,9.726066589355469
2010-12-27,9.811866760253906
2010-12-28,9.811866760253906
2010-12-29,9.793482780456543
2010-12-30,9.762837409973145
2010-12-31,9.775096893310547
2011-01-03,9.989596366882324
2011-01-04,9.977338790893555
2011-01-05,10.093780517578125
2011-01-06,10.026366233825684
2011-01-07,9.940566062927246
2011-01-10,9.916051864624023
2011-01-11,9.952824592590332
2011-01-12,10.118295669555664
2011-01-13,10.087650299072266
2011-01-14,10.247000694274902
2011-01-18,10.185710906982422
2011-01-19,9.958951950073242
2011-01-20,10.007980346679688
2011-01-21,10.087650299072266
2011-01-24,10.075393676757812
2011-01-25,10.057011604309082
2011-01-26,10.050882339477539
2011-01-27,10.136682510375977
2011-01-28,9.958951950073242
2011-01-31,10.050882339477539
2011-02-01,10.259254455566406
2011-02-02,10.179583549499512
2011-02-03,10.185710906982422
2011-02-04,10.179583549499512
2011-02-07,10.326668739318848
2011-02-08,10.4002103805542
2011-02-09,10.326668739318848
2011-02-10,10.326668739318848
2011-02-11,10.467626571655273
2011-02-14,10.473755836486816
2011-02-15,10.461499214172363
2011-02-16,10.516654968261719
2011-02-17,10.504398345947266
2011-02-18,10.528910636901855
2011-02-22,10.204096794128418
2011-02-23,10.161197662353516
2011-02-24,10.136682510375977
2011-02-25,10.277639389038086
2011-02-28,10.326668739318848
2011-03-01,10.106038093566895
2011-03-02,10.044754028320312
2011-03-03,10.253125190734863
2011-03-04,10.124425888061523
2011-03-07,10.057011604309082
2011-03-08,10.277639389038086
2011-03-09,10.277639389038086
2011-03-10,10.069265365600586
2011-03-11,10.136682510375977
2011-03-14,10.044754028320312
2011-03-15,9.92831039428711
2011-03-16,9.744452476501465
2011-03-17,9.860895156860352
2011-03-18,9.997306823730469
2011-03-21,10.046463012695312
2011-03-22,9.991161346435547
2011-03-23,9.966581344604492
2011-03-24,10.015739440917969
2011-03-25,10.040321350097656
2011-03-28,10.009592056274414
2011-03-29,10.028030395507812
2011-03-30,10.107904434204102
2011-03-31,10.071040153503418
2011-04-01,10.157066345214844
2011-04-04,10.14477825164795
2011-04-05,10.138630867004395
2011-04-06,10.255378723144531
2011-04-07,10.20622444152832
2011-04-08,10.11405086517334
2011-04-11,10.11405086517334
2011-04-12,10.077186584472656
2011-04-13,10.003449440002441
2011-04-14,9.911276817321777
2011-04-15,9.917426109313965
2011-04-18,9.782243728637695
2011-04-19,9.812970161437988
2011-04-20,9.837543487548828
2011-04-21,9.892848014831543
2011-04-25,9.880553245544434
2011-04-26,9.94200325012207
2011-04-27,10.003449440002441
2011-04-28,10.083330154418945
2011-04-29,10.064896583557129
2011-05-02,10.021888732910156
2011-05-03,10.064896583557129
2011-05-04,9.978870391845703
2011-05-05,9.849836349487305
2011-05-06,9.898993492126465
2011-05-09,9.874412536621094
2011-05-10,9.966581344604492
2011-05-11,9.831401824951172
2011-05-12,9.831401824951172
2011-05-13,9.690074920654297
2011-05-16,9.677787780761719
2011-05-17,9.751521110534668
2011-05-18,9.79453182220459
2011-05-19,9.79453182220459
2011-05-20,9.659353256225586
2011-05-23,9.524170875549316
2011-05-24,9.511877059936523
2011-05-25,9.518028259277344
2011-05-26,9.567179679870605
2011-05-27,9.634772300720215
2011-05-31,9.733083724975586
2011-06-01,9.40742301940918
2011-06-02,9.413565635681152
2011-06-03,9.352118492126465
2011-06-06,9.173931121826172
2011-06-07,9.155495643615723
2011-06-08,9.069470405578613
2011-06-09,9.173931121826172
2011-06-10,9.112481117248535
2011-06-13,9.204647064208984
2011-06-14,9.253807067871094
2011-06-15,9.05103588104248
2011-06-16,9.100189208984375
2011-06-17,9.18220329284668
2011-06-20,9.176042556762695
2011-06-21,9.305540084838867
2011-06-22,9.250041007995605
2011-06-23,9.157540321350098
2011-06-24,9.102043151855469
2011-06-27,9.194543838500977
2011-06-28,9.23770523071289
2011-06-29,9.428876876831055
2011-06-30,9.465874671936035
2011-07-01,9.638541221618652
2011-07-05,9.55221176147461
2011-07-06,9.502874374389648
2011-07-07,9.657042503356934
2011-07-08,9.533706665039062
2011-07-11,9.27470874786377
2011-07-12,9.23770523071289
2011-07-13,9.243873596191406
2011-07-14,9.176042556762695
2011-07-15,9.157540321350098
2011-07-18,9.034209251403809
2011-07-19,9.145208358764648
2011-07-20,9.250041007995605
2011-07-21,9.472040176391602
2011-07-22,9.44737434387207
2011-07-25,9.379541397094727
2011-07-26,9.367205619812012
2011-07-27,9.145208358764648
2011-07-28,9.151368141174316
2011-07-29,9.126707077026367
2011-08-01,9.09587287902832
2011-08-02,8.84920597076416
2011-08-03,8.892370223999023
2011-08-04,8.442200660705566
2011-08-05,8.281872749328613
2011-08-08,7.498701095581055
2011-08-09,8.078369140625
2011-08-10,7.517199516296387
2011-08-11,7.936532020568848
2011-08-12,7.881032466888428
2011-08-15,8.133869171142578
2011-08-16,7.9735331535339355
2011-08-17,8.022866249084473
2011-08-18,7.634370803833008
2011-08-19,7.480195999145508
2011-08-22,7.387697696685791
2011-08-23,7.628200531005859
2011-08-24,7.831699848175049
2011-08-25,7.807033061981201
2011-08-26,7.8748698234558105
2011-08-29,8.201703071594238
2011-08-30,8.146202087402344
2011-08-31,8.251038551330566
2011-09-01,8.066035270690918
2011-09-02,7.733029842376709
2011-09-06,7.597368240356445
2011-09-07,7.9612040519714355
2011-09-08,7.7885332107543945
2011-09-09,7.541868209838867
2011-09-12,7.628200531005859
2011-09-13,7.67753267288208
2011-09-14,7.7700347900390625
2011-09-15,7.967368125915527
2011-09-16,7.992135524749756
2011-09-19,7.775458335876465
2011-09-20,7.750697135925293
2011-09-21,7.3668742179870605
2011-09-22,7.156394958496094
2011-09-23,7.230678558349609
2011-09-26,7.552591800689697
2011-09-27,7.589735984802246
2011-09-28,7.373064994812012
2011-09-29,7.577361106872559
2011-09-30,7.311160087585449
2011-10-03,6.983055591583252
2011-10-04,7.261634349822998
2011-10-05,7.3668742179870605
2011-10-06,7.5959296226501465
2011-10-07,7.323540687561035
2011-10-10,7.701170921325684
2011-10-11,7.694977283477783
2011-10-12,7.893081188201904
2011-10-13,7.707362651824951
2011-10-14,7.800224304199219
2011-10-17,7.5587849617004395
2011-10-18,7.917845249176025
2011-10-19,7.806413650512695
2011-10-20,7.9240336418151855
2011-10-21,8.128325462341309
2011-10-24,8.307853698730469
2011-10-25,8.060227394104004
2011-10-26,8.20261287689209
2011-10-27,8.69167423248291
2011-10-28,8.69786548614502
2011-10-31,8.357378005981445
2011-11-01,7.961174488067627
2011-11-02,8.196417808532715
2011-11-03,8.338807106018066
2011-11-04,8.227380752563477
2011-11-07,8.270710945129395
2011-11-08,8.42547607421875
2011-11-09,7.9673662185668945
2011-11-10,8.00451374053955
2011-11-11,8.196417808532715
2011-11-14,8.029273986816406
2011-11-15,8.06641674041748
2011-11-16,7.868319034576416
2011-11-17,7.713553428649902
2011-11-18,7.738314628601074
2011-11-21,7.546400547027588
2011-11-22,7.4783101081848145
2011-11-23,7.274016380310059
2011-11-25,7.2925848960876465
2011-11-28,7.509259223937988
2011-11-29,7.472118854522705
2011-11-30,7.930226802825928
2011-12-01,7.886890411376953
2011-12-02,7.992135524749756
2011-12-05,8.153084754943848
2011-12-06,8.159276962280273
2011-12-07,8.258328437805176
2011-12-08,7.93641471862793
2011-12-09,8.109752655029297
2011-12-12,7.917845249176025
2011-12-13,7.806413650512695
2011-12-14,7.775458335876465
2011-12-15,7.781651020050049
2011-12-16,7.812798023223877
2011-12-19,7.6383514404296875
2011-12-20,7.92494535446167
2011-12-21,7.968560218811035
2011-12-22,8.136775970458984
2011-12-23,8.192850112915039
2011-12-27,8.149236679077148
2011-12-28,8.018400192260742
2011-12-29,8.143007278442383
2011-12-30,8.099393844604492
2012-01-03,8.311227798461914
2012-01-04,8.286301612854004
2012-01-05,8.398447036743164
2012-01-06,8.34860610961914
2012-01-09,8.392218589782715
2012-01-10,8.541748046875
2012-01-11,8.641429901123047
2012-01-12,8.672582626342773
2012-01-13,8.61028003692627
2012-01-17,8.541748046875
2012-01-18,8.672582626342773
2012-01-19,8.753575325012207
2012-01-20,8.809648513793945
2012-01-23,8.840803146362305
2012-01-24,8.828341484069824
2012-01-25,8.847033500671387
2012-01-26,8.77226734161377
2012-01-27,8.803418159484863
2012-01-30,8.72242546081543
2012-01-31,8.759807586669922
2012-02-01,8.896870613098145
2012-02-02,8.940486907958984
2012-02-03,9.183465003967285
2012-02-06,9.139860153198242
2012-02-07,9.133625030517578
2012-02-08,9.202160835266113
2012-02-09,9.164775848388672
2012-02-10,9.077550888061523
2012-02-13,9.158549308776855
2012-02-14,9.071321487426758
2012-02-15,9.015250205993652
2012-02-16,9.158549308776855
2012-02-17,9.214622497558594
2012-02-21,9.208388328552246
2012-02-22,9.09001350402832
2012-02-23,9.171004295349121
2012-02-24,9.139860153198242
2012-02-27,9.208388328552246
2012-02-28,9.233309745788574
2012-02-29,9.195930480957031
2012-03-01,9.295613288879395
2012-03-02,9.2644624710083
2012-03-05,9.22707748413086
2012-03-06,9.002793312072754
2012-03-07,9.114937782287598
2012-03-08,9.202160835266113
2012-03-09,9.276923179626465
2012-03-12,9.252001762390137
2012-03-13,9.607126235961914
2012-03-14,9.619592666625977
2012-03-15,9.787809371948242
2012-03-16,9.825307846069336
2012-03-19,9.875310897827148
2012-03-20,9.925311088562012
2012-03-21,9.881563186645508
2012-03-22,9.750309944152832
2012-03-23,9.831557273864746
2012-03-26,9.987811088562012
2012-03-27,9.894055366516113
2012-03-28,9.919063568115234
2012-03-29,9.819059371948242
2012-03-30,9.875310897827148
2012-04-02,9.950309753417969
2012-04-03,9.894055366516113
2012-04-04,9.737807273864746
2012-04-05,9.712801933288574
2012-04-09,9.562803268432617
2012-04-10,9.35654354095459
2012-04-11,9.506547927856445
2012-04-12,9.68155574798584
2012-04-13,9.45654582977295
2012-04-16,9.525300979614258
2012-04-17,9.65030574798584
2012-04-18,9.587803840637207
2012-04-19,9.544048309326172
2012-04-20,9.494044303894043
2012-04-23,9.425299644470215
2012-04-24,9.531549453735352
2012-04-25,9.612802505493164
2012-04-26,9.694053649902344
2012-04-27,9.700304985046387
2012-04-30,9.644055366516113
2012-05-01,9.744056701660156
2012-05-02,9.669052124023438
2012-05-03,9.587803840637207
2012-05-04,9.43779468536377
2012-05-07,9.494044303894043
2012-05-08,9.431547164916992
2012-05-09,9.325292587280273
2012-05-10,9.362793922424316
2012-05-11,9.256539344787598
2012-05-14,9.0690336227417
2012-05-15,9.019031524658203
2012-05-16,8.887776374816895
2012-05-17,8.706523895263672
2012-05-18,8.606518745422363
2012-05-21,8.68776798248291
2012-05-22,8.756521224975586
2012-05-23,8.787776947021484
2012-05-24,8.794022560119629
2012-05-25,8.762778282165527
2012-05-29,8.887776374816895
2012-05-30,8.681526184082031
2012-05-31,8.756521224975586
2012-06-01,8.431512832641602
2012-06-04,8.350262641906738
2012-06-05,8.48776626586914
2012-06-06,8.737771034240723
2012-06-07,8.731523513793945
2012-06-08,8.837775230407715
2012-06-11,8.675271034240723
2012-06-12,8.806527137756348
2012-06-13,8.775272369384766
2012-06-14,8.881529808044434
2012-06-15,9.005880355834961
2012-06-18,8.955639839172363
2012-06-19,9.106363296508789
2012-06-20,9.125203132629395
2012-06-21,8.924234390258789
2012-06-22,9.005880355834961
2012-06-25,8.817465782165527
2012-06-26,8.861432075500488
2012-06-27,8.968194007873535
2012-06-28,8.96191692352295
2012-06-29,9.194283485412598
2012-07-02,9.250807762145996
2012-07-03,9.301048278808594
2012-07-05,9.162884712219238
2012-07-06,9.08752155303955
2012-07-09,9.074960708618164
2012-07-10,9.005880355834961
2012-07-11,9.081241607666016
2012-07-12,8.987035751342773
2012-07-13,9.238242149353027
2012-07-16,9.21940803527832
2012-07-17,9.269654273986816
2012-07-18,9.225686073303223
2012-07-19,9.169164657592773
2012-07-20,9.030998229980469
2012-07-23,8.955639839172363
2012-07-24,8.93051528930664
2012-07-25,8.96191692352295
2012-07-26,9.100080490112305
2012-07-27,9.269654273986816
2012-07-30,9.250807762145996
2012-07-31,9.206846237182617
2012-08-01,9.162884712219238
2012-08-02,9.093801498413086
2012-08-03,9.307331085205078
2012-08-06,9.345010757446289
2012-08-07,9.38269329071045
2012-08-08,9.38269329071045
2012-08-09,9.37641429901123
2012-08-10,9.38269329071045
2012-08-13,9.388971328735352
2012-08-14,9.37641429901123
2012-08-15,9.40781307220459
2012-08-16,9.470620155334473
2012-08-17,9.5020170211792
2012-08-20,9.527137756347656
2012-08-21,9.558538436889648
2012-08-22,9.545981407165527
2012-08-23,9.451775550842285
2012-08-24,9.5020170211792
2012-08-27,9.495735168457031
2012-08-28,9.483177185058594
2012-08-29,9.5020170211792
2012-08-30,9.451775550842285
2012-08-31,9.520858764648438
2012-09-04,9.520858764648438
2012-09-05,9.520858764648438
2012-09-06,9.746946334838867
2012-09-07,9.847433090209961
2012-09-10,9.765785217285156
2012-09-11,9.847433090209961
2012-09-12,9.885113716125488
2012-09-13,10.142602920532227
2012-09-14,10.22424602508545
2012-09-17,10.13004207611084
2012-09-18,10.079805374145508
2012-09-19,10.073518753051758
2012-09-20,10.016999244689941
2012-09-21,9.982939720153809
2012-09-24,9.989248275756836
2012-09-25,9.837902069091797
2012-09-26,9.774835586547852
2012-09-27,9.863123893737793
2012-09-28,9.831591606140137
2012-10-01,9.875736236572266
2012-10-02,9.894652366638184
2012-10-03,9.982939720153809
2012-10-04,10.134297370910645
2012-10-05,10.1279878616333
2012-10-08,10.121687889099121
2012-10-09,10.058621406555176
2012-10-10,10.052311897277832
2012-10-11,10.10906982421875
2012-10-12,9.970335006713867
2012-10-15,10.083845138549805
2012-10-16,10.146905899047852
2012-10-17,10.279336929321289
2012-10-18,10.298260688781738
2012-10-19,10.159524917602539
2012-10-22,10.159524917602539
2012-10-23,9.989248275756836
2012-10-24,9.989248275756836
2012-10-25,10.014477729797363
2012-10-26,9.96402645111084
2012-10-31,10.027090072631836
2012-11-01,10.153217315673828
2012-11-02,10.0901517868042
2012-11-05,10.071232795715332
2012-11-06,10.184748649597168
2012-11-07,9.844205856323242
2012-11-08,9.76222038269043
2012-11-09,9.774835586547852
2012-11-12,9.793750762939453
2012-11-13,9.724380493164062
2012-11-14,9.554110527038574
2012-11-15,9.573030471801758
2012-11-16,9.636096954345703
2012-11-19,9.81898021697998
2012-11-20,9.869427680969238
2012-11-21,9.869427680969238
2012-11-23,9.989248275756836
2012-11-26,9.951411247253418
2012-11-27,9.863123893737793
2012-11-28,9.900961875915527
2012-11-29,9.951411247253418
2012-11-30,9.938800811767578
2012-12-03,9.900961875915527
2012-12-04,9.875736236572266
2012-12-05,9.99555492401123
2012-12-06,10.027090072631836
2012-12-07,10.10906982421875
2012-12-10,10.083845138549805
2012-12-11,10.134297370910645
2012-12-12,10.17844295501709
2012-12-13,10.1279878616333
2012-12-14,10.0901517868042
2012-12-17,10.298260688781738
2012-12-18,10.449613571166992
2012-12-19,10.386549949645996
2012-12-20,10.531594276428223
2012-12-21,10.407217025756836
2012-12-24,10.388181686401367
2012-12-26,10.388181686401367
2012-12-27,10.350106239318848
2012-12-28,10.267607688903809
2012-12-31,10.400872230529785
2013-01-02,10.70547103881836
2013-01-03,10.692779541015625
2013-01-04,10.81969928741455
2013-01-07,10.794310569763184
2013-01-08,10.76258373260498
2013-01-09,10.749893188476562
2013-01-10,10.883158683776855
2013-01-11,10.857770919799805
2013-01-14,10.826043128967285
2013-01-15,10.870466232299805
2013-01-16,10.876809120178223
2013-01-17,10.870466232299805
2013-01-18,10.883158683776855
2013-01-22,10.984692573547363
2013-01-23,10.978344917297363
2013-01-24,11.035456657409668
2013-01-25,11.086224555969238
2013-01-28,11.041805267333984
2013-01-29,11.086224555969238
2013-01-30,11.035456657409668
2013-01-31,11.02911376953125
2013-02-01,11.175067901611328
2013-02-04,11.048151016235352
2013-02-05,11.15602970123291
2013-02-06,11.175067901611328
2013-02-07,11.143335342407227
2013-02-08,11.168721199035645
2013-02-11,11.219487190246582
2013-02-12,11.308330535888672
2013-02-13,11.28294563293457
2013-02-14,11.321019172668457
2013-02-15,11.270255088806152
2013-02-19,11.378134727478027
2013-02-20,11.20679759979248
2013-02-21,11.117953300476074
2013-02-22,11.257561683654785
2013-02-25,10.952961921691895
2013-02-26,11.010071754455566
2013-02-27,11.181412696838379
2013-02-28,11.162373542785645
2013-03-01,11.19410228729248
2013-03-04,11.289291381835938
2013-03-05,11.384480476379395
2013-03-06,11.46063232421875
2013-03-07,11.54312801361084
2013-03-08,11.574859619140625
2013-03-11,11.663698196411133
2013-03-12,11.600238800048828
2013-03-13,11.63197135925293
2013-03-14,11.708120346069336
2013-03-15,11.747597694396973
2013-03-18,11.63298511505127
2013-03-19,11.56931209564209
2013-03-20,11.645718574523926
2013-03-21,11.50564193725586
2013-03-22,11.575677871704102
2013-03-25,11.543843269348145
2013-03-26,11.620250701904297
2013-03-27,11.562943458557129
2013-03-28,11.594780921936035
2013-04-01,11.537477493286133
2013-04-02,11.607514381408691
2013-04-03,11.416497230529785
2013-04-04,11.5183744430542
2013-04-05,11.480172157287598
2013-04-08,11.594780921936035
2013-04-09,11.626617431640625
2013-04-10,11.78580093383789
2013-04-11,11.81126880645752
2013-04-12,11.760331153869629
2013-04-15,11.512005805969238
2013-04-16,11.690290451049805
2013-04-17,11.473804473876953
2013-04-18,11.352828979492188
2013-04-19,11.512005805969238
2013-04-22,11.52474308013916
2013-04-23,11.734861373901367
2013-04-24,11.804901123046875
2013-04-25,11.874942779541016
2013-04-26,11.824005126953125
2013-04-29,11.874942779541016
2013-04-30,11.906777381896973
2013-05-01,11.773064613342285
2013-05-02,11.874942779541016
2013-05-03,12.002286911010742
2013-05-06,12.129634857177734
2013-05-07,12.193305015563965
2013-05-08,12.295180320739746
2013-05-09,12.206040382385254
2013-05-10,12.256982803344727
2013-05-13,12.295180320739746
2013-05-14,12.505298614501953
2013-05-15,12.619915008544922
2013-05-16,12.537137985229492
2013-05-17,12.70268440246582
2013-05-20,12.728155136108398
2013-05-21,12.759990692138672
2013-05-22,12.62628173828125
2013-05-23,12.5498685836792
2013-05-24,12.56260871887207
2013-05-28,12.689948081970215
2013-05-29,12.689948081970215
2013-05-30,12.842764854431152
2013-05-31,12.632645606994629
2013-06-03,12.645380020141602
2013-06-04,12.530771255493164
2013-06-05,12.32701587677002
2013-06-06,12.49893569946289
2013-06-07,12.715421676635742
2013-06-10,12.72178840637207
2013-06-11,12.511669158935547
2013-06-12,12.377954483032227
2013-06-13,12.613542556762695
2013-06-14,12.447994232177734
2013-06-17,12.568974494934082
2013-06-18,12.65174388885498
2013-06-19,12.479830741882324
2013-06-20,12.212406158447266
2013-06-21,12.223276138305664
2013-06-24,12.005913734436035
2013-06-25,12.229666709899902
2013-06-26,12.351134300231934
2013-06-27,12.510955810546875
2013-06-28,12.434242248535156
2013-07-01,12.472599029541016
2013-07-02,12.485387802124023
2013-07-03,12.447027206420898
2013-07-05,12.670783042907715
2013-07-08,12.766674995422363
2013-07-09,12.87535572052002
2013-07-10,12.798637390136719
2013-07-11,12.920105934143066
2013-07-12,13.009607315063477
2013-07-15,13.067140579223633
2013-07-16,13.01599407196045
2013-07-17,13.073532104492188
2013-07-18,13.24614429473877
2013-07-19,13.25253677368164
2013-07-22,13.34203815460205
2013-07-23,13.2908935546875
2013-07-24,13.194995880126953
2013-07-25,13.20778751373291
2013-07-26,13.194995880126953
2013-07-29,13.099106788635254
2013-07-30,13.0927095413208
2013-07-31,13.099106788635254
2013-08-01,13.310070037841797
2013-08-02,13.303681373596191
2013-08-05,13.278108596801758
2013-08-06,13.156638145446777
2013-08-07,13.067140579223633
2013-08-08,13.099106788635254
2013-08-09,13.05435562133789
2013-08-12,13.003210067749023
2013-08-13,13.067140579223633
2013-08-14,13.01599407196045
2013-08-15,12.824213981628418
2013-08-16,12.798637390136719
2013-08-19,12.632423400878906
2013-08-20,12.753888130187988
2013-08-21,12.664384841918945
2013-08-22,12.811423301696777
2013-08-23,12.824213981628418
2013-08-26,12.74109935760498
2013-08-27,12.434242248535156
2013-08-28,12.453420639038086
2013-08-29,12.485387802124023
2013-08-30,12.42784595489502
2013-09-03,12.530132293701172
2013-09-04,12.626032829284668
2013-09-05,12.657995223999023
2013-09-06,12.657995223999023
2013-09-09,12.805030822753906
2013-09-10,12.958459854125977
2013-09-11,12.971247673034668
2013-09-12,12.87535572052002
2013-09-13,12.913711547851562
2013-09-16,13.05435562133789
2013-09-17,13.118284225463867
2013-09-18,13.233356475830078
2013-09-19,13.182212829589844
2013-09-20,13.112256050109863
2013-09-23,12.926128387451172
2013-09-24,12.842694282531738
2013-09-25,12.913296699523926
2013-09-26,12.913296699523926
2013-09-27,12.868367195129395
2013-09-30,12.778512954711914
2013-10-01,12.868367195129395
2013-10-02,12.861945152282715
2013-10-03,12.765677452087402
2013-10-04,12.868367195129395
2013-10-07,12.720746040344238
2013-10-08,12.560295104980469
2013-10-09,12.605223655700684
2013-10-10,12.964638710021973
2013-10-11,13.035237312316895
2013-10-14,13.099418640136719
2013-10-15,13.00314712524414
2013-10-16,13.279126167297363
2013-10-17,13.394659042358398
2013-10-18,13.420324325561523
2013-10-21,13.394659042358398
2013-10-22,13.420324325561523
2013-10-23,13.31121826171875
2013-10-24,13.330473899841309
2013-10-25,13.388236045837402
2013-10-28,13.35615062713623
2013-10-29,13.394659042358398
2013-10-30,13.343311309814453
2013-10-31,13.20211124420166
2013-11-01,13.234200477600098
2013-11-04,13.240617752075195
2013-11-05,13.170022010803223
2013-11-06,13.234200477600098
2013-11-07,13.086580276489258
2013-11-08,13.388236045837402
2013-11-11,13.394659042358398
2013-11-12,13.266287803649902
2013-11-13,13.381819725036621
2013-11-14,13.497344970703125
2013-11-15,13.561531066894531
2013-11-18,13.555116653442383
2013-11-19,13.574358940124512
2013-11-20,13.535855293273926
2013-11-21,13.72839641571045
2013-11-22,13.792579650878906
2013-11-25,13.811830520629883
2013-11-26,13.798995971679688
2013-11-27,13.837502479553223
2013-11-29,13.786161422729492
2013-12-02,13.779742240905762
2013-12-03,13.63853931427002
2013-12-04,13.670633316040039
2013-12-05,13.54227066040039
2013-12-06,13.72839641571045
2013-12-09,13.786161422729492
2013-12-10,13.734814643859863
2013-12-11,13.548689842224121
2013-12-12,13.548689842224121
2013-12-13,13.561531066894531
2013-12-16,13.644963264465332
2013-12-17,13.555116653442383
2013-12-18,13.869600296020508
2013-12-19,13.850337982177734
2013-12-20,13.934816360473633
2013-12-23,13.999300956726074
2013-12-24,14.025096893310547
2013-12-26,14.057336807250977
2013-12-27,14.050881385803223
2013-12-30,14.025096893310547
2013-12-31,14.096019744873047
2014-01-02,14.01864242553711
2014-01-03,14.11536693572998
2014-01-06,14.12826919555664
2014-01-07,14.134714126586914
2014-01-08,14.179851531982422
2014-01-09,14.231436729431152
2014-01-10,14.205648422241211
2014-01-13,13.99284839630127
2014-01-14,14.108920097351074
2014-01-15,14.276578903198242
2014-01-16,14.186300277709961
2014-01-17,14.14116096496582
2014-01-21,14.154060363769531
2014-01-22,14.160505294799805
2014-01-23,13.928365707397461
2014-01-24,13.612397193908691
2014-01-27,13.528568267822266
2014-01-28,13.709123611450195
2014-01-29,13.547917366027832
2014-01-30,13.741365432739258
2014-01-31,13.580155372619629
2014-02-03,13.238395690917969
2014-02-04,13.367365837097168
2014-02-05,13.35446548461914
2014-02-06,13.560813903808594
2014-02-07,13.728469848632812
2014-02-10,13.741365432739258
2014-02-11,13.883235931396484
2014-02-12,13.883235931396484
2014-02-13,13.934816360473633
2014-02-14,13.954161643981934
2014-02-18,13.979952812194824
2014-02-19,13.7864990234375
2014-02-20,13.82519245147705
2014-02-21,13.850984573364258
2014-02-24,13.954161643981934
2014-02-25,13.870331764221191
2014-02-26,13.850984573364258
2014-02-27,13.921919822692871
2014-02-28,13.99284839630127
2014-03-03,13.883235931396484
2014-03-04,14.166951179504395
2014-03-05,14.315268516540527
2014-03-06,14.360404014587402
2014-03-07,14.424887657165527
2014-03-10,14.431334495544434
2014-03-11,14.334610939025879
2014-03-12,14.308815002441406
2014-03-13,14.147610664367676
2014-03-14,14.057336807250977
2014-03-17,14.205648422241211
2014-03-18,14.276578903198242
2014-03-19,14.270132064819336
2014-03-20,14.495821952819824
2014-03-21,14.497762680053711
2014-03-24,14.491288185119629
2014-03-25,14.47834587097168
2014-03-26,14.329483985900879
2014-03-27,14.251813888549805
2014-03-28,14.310067176818848
2014-03-31,14.45892333984375
2014-04-01,14.48481559753418
2014-04-02,14.517176628112793
2014-04-03,14.491288185119629
2014-04-04,14.348899841308594
2014-04-07,14.128843307495117
2014-04-08,14.148256301879883
2014-04-09,14.271228790283203
2014-04-10,13.941145896911621
2014-04-11,13.77287483215332
2014-04-14,13.882901191711426
2014-04-15,14.012341499328613
2014-04-16,14.122373580932617
2014-04-17,14.148256301879883
2014-04-21,14.13531494140625
2014-04-22,14.23239803314209
2014-04-23,14.264761924743652
2014-04-24,14.25828742980957
2014-04-25,14.141790390014648
2014-04-28,14.057645797729492
2014-04-29,14.19356632232666
2014-04-30,14.212985038757324
2014-05-01,14.238874435424805
2014-05-02,14.23239803314209
2014-05-05,14.174150466918945
2014-05-06,13.973512649536133
2014-05-07,14.161202430725098
2014-05-08,14.200037956237793
2014-05-09,14.19356632232666
2014-05-12,14.335954666137695
2014-05-13,14.323012351989746
2014-05-14,14.219453811645508
2014-05-15,14.057645797729492
2014-05-16,14.077069282531738
2014-05-19,14.148256301879883
2014-05-20,14.064125061035156
2014-05-21,14.154733657836914
2014-05-22,14.219453811645508
2014-05-23,14.264761924743652
2014-05-27,14.38773250579834
2014-05-28,14.361842155456543
2014-05-29,14.394204139709473
2014-05-30,14.426562309265137
2014-06-02,14.465397834777832
2014-06-03,14.48481559753418
2014-06-04,14.523646354675293
2014-06-05,14.659565925598145
2014-06-06,14.756649017333984
2014-06-09,14.821370124816895
2014-06-10,14.814900398254395
2014-06-11,14.717813491821289
2014-06-12,14.627203941345215
2014-06-13,14.633678436279297
2014-06-16,14.562483787536621
2014-06-17,14.711336135864258
2014-06-18,14.795483589172363
2014-06-19,14.776076316833496
2014-06-20,14.834556579589844
2014-06-23,14.867035865783691
2014-06-24,14.769560813903809
2014-06-25,14.782567024230957
2014-06-26,14.730584144592285
2014-06-27,14.789066314697266
2014-06-30,14.776063919067383
2014-07-01,14.867035865783691
2014-07-02,14.85404109954834
2014-07-03,14.970998764038086
2014-07-07,14.906023979187012
2014-07-08,14.776063919067383
2014-07-09,14.81505298614502
2014-07-10,14.717585563659668
2014-07-11,14.743577003479004
2014-07-14,14.834556579589844
2014-07-15,14.938506126403809
2014-07-16,14.912522315979004
2014-07-17,14.717585563659668
2014-07-18,14.886527061462402
2014-07-21,14.847541809082031
2014-07-22,14.893016815185547
2014-07-23,14.925518035888672
2014-07-24,14.958003044128418
2014-07-25,14.87353515625
2014-07-28,14.880029678344727
2014-07-29,14.802057266235352
2014-07-30,14.867035865783691
2014-07-31,14.561634063720703
2014-08-01,14.438178062438965
2014-08-04,14.55514144897461
2014-08-05,14.40569019317627
2014-08-06,14.464164733886719
2014-08-07,14.399186134338379
2014-08-08,14.542143821716309
2014-08-11,14.55514144897461
2014-08-12,14.587626457214355
2014-08-13,14.652606010437012
2014-08-14,14.743577003479004
2014-08-15,14.672099113464355
2014-08-18,14.834556579589844
2014-08-19,14.860540390014648
2014-08-20,14.89952278137207
2014-08-21,15.07496452331543
2014-08-22,15.022981643676758
2014-08-25,15.15294361114502
2014-08-26,15.185430526733398
2014-08-27,15.15294361114502
2014-08-28,15.107460021972656
2014-08-29,15.178930282592773
2014-09-02,15.237412452697754
2014-09-03,15.211419105529785
2014-09-04,15.224413871765137
2014-09-05,15.243910789489746
2014-09-08,15.250411033630371
2014-09-09,15.094459533691406
2014-09-10,15.17243480682373
2014-09-11,15.211419105529785
2014-09-12,15.198424339294434
2014-09-15,15.191922187805176
2014-09-16,15.25690746307373
2014-09-17,15.32188892364502
2014-09-18,15.471330642700195
2014-09-19,15.430878639221191
2014-09-22,15.326489448547363
2014-09-23,15.222089767456055
2014-09-24,15.306913375854492
2014-09-25,15.052448272705078
2014-09-26,15.195984840393066
2014-09-29,15.143796920776367
2014-09-30,15.117694854736328
2014-10-01,14.935007095336914
2014-10-02,14.97415542602539
2014-10-03,15.189470291137695
2014-10-06,15.143796920776367
2014-10-07,14.889335632324219
2014-10-08,15.16989803314209
2014-10-09,14.850189208984375
2014-10-10,14.732738494873047
2014-10-13,14.602245330810547
2014-10-14,14.660966873168945
2014-10-15,14.380407333374023
2014-10-16,14.380407333374023
2014-10-17,14.563096046447754
2014-10-20,14.647916793823242
2014-10-21,14.921957969665527
2014-10-22,14.784937858581543
2014-10-23,14.92848014831543
2014-10-24,15.072020530700684
2014-10-27,15.091594696044922
2014-10-28,15.254709243774414
2014-10-29,15.29385757446289
2014-10-30,15.378684997558594
2014-10-31,15.554848670959473
2014-11-03,15.613571166992188
2014-11-04,15.620102882385254
2014-11-05,15.7244873046875
2014-11-06,15.750591278076172
2014-11-07,15.757116317749023
2014-11-10,15.841935157775879
2014-11-11,15.789730072021484
2014-11-12,15.757116317749023
2014-11-13,15.750591278076172
2014-11-14,15.698387145996094
2014-11-17,15.698387145996094
2014-11-18,15.750591278076172
2014-11-19,15.717966079711914
2014-11-20,15.717966079711914
2014-11-21,15.796262741088867
2014-11-24,15.900657653808594
2014-11-25,15.887616157531738
2014-11-26,15.90717887878418
2014-11-28,15.920231819152832
2014-12-01,15.809309959411621
2014-12-02,15.959382057189941
2014-12-03,16.031147003173828
2014-12-04,16.05072784423828
2014-12-05,16.194272994995117
2014-12-08,16.27256202697754
2014-12-09,16.233417510986328
2014-12-10,16.024629592895508
2014-12-11,16.06377601623535
2014-12-12,15.750591278076172
2014-12-15,15.607047080993652
2014-12-16,15.456979751586914
2014-12-17,15.809309959411621
2014-12-18,16.17469596862793
2014-12-19,16.18518829345703
2014-12-22,16.296676635742188
2014-12-23,16.388492584228516
2014-12-24,16.362260818481445
2014-12-26,16.362260818481445
2014-12-29,16.42127227783203
2014-12-30,16.40160369873047
2014-12-31,16.217971801757812
2015-01-02,16.217971801757812
2015-01-05,15.876958847045898
2015-01-06,15.634315490722656
2015-01-07,15.79826545715332
2015-01-08,16.034353256225586
2015-01-09,15.817937850952148
2015-01-12,15.686777114868164
2015-01-13,15.634315490722656
2015-01-14,15.411346435546875
2015-01-15,15.221159934997559
2015-01-16,15.404783248901367
2015-01-20,15.339203834533691
2015-01-21,15.378544807434082
2015-01-22,15.758916854858398
2015-01-23,15.588408470153809
2015-01-26,15.66710376739502
2015-01-27,15.496606826782227
2015-01-28,15.214599609375
2015-01-29,15.339203834533691
2015-01-30,15.090001106262207
2015-02-02,15.332650184631348
2015-02-03,15.588408470153809
2015-02-04,15.54905891418457
2015-02-05,15.70645523071289
2015-02-06,15.83105754852295
2015-02-09,15.752360343933105
2015-02-10,15.876958847045898
2015-02-11,15.876958847045898
2015-02-12,16.034353256225586
2015-02-13,16.02123260498047
2015-02-17,16.073698043823242
2015-02-18,15.975337982177734
2015-02-19,15.909749031066895
2015-02-20,16.027795791625977
2015-02-23,15.988449096679688
2015-02-24,16.0671443939209
2015-02-25,16.0671443939209
2015-02-26,16.027795791625977
2015-02-27,15.968777656555176
2015-03-02,16.08681869506836
2015-03-03,16.040912628173828
2015-03-04,15.942541122436523
2015-03-05,16.00812530517578
2015-03-06,15.890077590942383
2015-03-09,15.962214469909668
2015-03-10,15.621199607849121
2015-03-11,15.719565391540527
2015-03-12,16.060588836669922
2015-03-13,15.949095726013184
2015-03-16,16.145841598510742
2015-03-17,16.10649299621582
2015-03-18,16.198301315307617
2015-03-19,16.04747200012207
2015-03-20,16.265352249145508
2015-03-23,16.173192977905273
2015-03-24,16.04154396057129
2015-03-25,15.784829139709473
2015-03-26,15.771666526794434
2015-03-27,15.751910209655762
2015-03-30,15.982300758361816
2015-03-31,15.870402336120605
2015-04-01,15.857236862182617
2015-04-02,15.936224937438965
2015-04-06,15.962556838989258
2015-04-07,15.876981735229492
2015-04-08,15.936224937438965
2015-04-09,15.962556838989258
2015-04-10,15.955975532531738
2015-04-13,16.015213012695312
2015-04-14,16.015213012695312
2015-04-15,16.074451446533203
2015-04-16,16.100786209106445
2015-04-17,15.883567810058594
2015-04-20,15.949389457702637
2015-04-21,15.870402336120605
2015-04-22,15.982300758361816
2015-04-23,16.008630752563477
2015-04-24,15.982300758361816
2015-04-27,15.92305850982666
2015-04-28,16.015213012695312
2015-04-29,16.008630752563477
2015-04-30,15.883567810058594
2015-05-01,16.021793365478516
2015-05-04,16.17977523803711
2015-05-05,16.03496742248535
2015-05-06,15.955975532531738
2015-05-07,16.06787872314453
2015-05-08,16.298263549804688
2015-05-11,16.23902130126953
2015-05-12,16.17977523803711
2015-05-13,16.18636131286621
2015-05-14,16.3311767578125
2015-05-15,16.25876808166504
2015-05-18,16.350929260253906
2015-05-19,16.443073272705078
2015-05-20,16.39699935913086
2015-05-21,16.357507705688477
2015-05-22,16.364089965820312
2015-05-26,16.17977523803711
2015-05-27,16.357507705688477
2015-05-28,16.33776092529297
2015-05-29,16.192949295043945
2015-06-01,16.20611000061035
2015-06-02,16.232431411743164
2015-06-03,16.370664596557617
2015-06-04,16.22585678100586
2015-06-05,16.318012237548828
2015-06-08,16.219274520874023
2015-06-09,16.25876808166504
2015-06-10,16.489160537719727
2015-06-11,16.55497932434082
2015-06-12,16.48257064819336
2015-06-15,16.410158157348633
2015-06-16,16.5023193359375
2015-06-17,16.48257064819336
2015-06-18,16.633968353271484
2015-06-19,16.35629653930664
2015-06-22,16.607524871826172
2015-06-23,16.640579223632812
2015-06-24,16.501745223999023
2015-06-25,16.40257453918457
2015-06-26,16.455467224121094
2015-06-29,16.05879020690918
2015-06-30,16.118289947509766
2015-07-01,16.362905502319336
2015-07-02,16.290184020996094
2015-07-06,16.22407341003418
2015-07-07,16.257125854492188
2015-07-08,15.972848892211914
2015-07-09,16.09845733642578
2015-07-10,16.290184020996094
2015-07-13,16.488515853881836
2015-07-14,16.52819061279297
2015-07-15,16.667028427124023
2015-07-16,16.832311630249023
2015-07-17,16.78603172302246
2015-07-20,16.805858612060547
2015-07-21,16.78603172302246
2015-07-22,16.91164779663086
2015-07-23,16.766197204589844
2015-07-24,16.607524871826172
2015-07-27,16.488515853881836
2015-07-28,16.554630279541016
2015-07-29,16.719919204711914
2015-07-30,16.719919204711914
2015-07-31,16.667028427124023
2015-08-03,16.647186279296875
2015-08-04,16.62074851989746
2015-08-05,16.686861038208008
2015-08-06,16.62735939025879
2015-08-07,16.6604061126709
2015-08-10,16.81908416748047
2015-08-11,16.667028427124023
2015-08-12,16.514965057373047
2015-08-13,16.5744686126709
2015-08-14,16.693466186523438
2015-08-17,16.726530075073242
2015-08-18,16.71330451965332
2015-08-19,16.561250686645508
2015-08-20,16.210851669311523
2015-08-21,15.629061698913574
2015-08-24,14.961320877075195
2015-08-25,14.762975692749023
2015-08-26,15.31832504272461
2015-08-27,15.69516658782959
2015-08-28,15.622451782226562
2015-08-31,15.490218162536621
2015-09-01,14.987760543823242
2015-09-02,15.192708969116211
2015-09-03,15.278661727905273
2015-09-04,14.974538803100586
2015-09-08,15.357994079589844
2015-09-09,15.14643383026123
2015-09-10,15.219157218933105
2015-09-11,15.285272598266602
2015-09-14,15.252209663391113
2015-09-15,15.470388412475586
2015-09-16,15.56955623626709
2015-09-17,15.351380348205566
2015-09-18,15.05440902709961
2015-09-21,15.227145195007324
2015-09-22,15.034485816955566
2015-09-23,15.041129112243652
2015-09-24,14.934830665588379
2015-09-25,15.154070854187012
2015-09-28,14.80195426940918
2015-09-29,14.82852840423584
2015-09-30,15.05440902709961
2015-10-01,15.061055183410645
2015-10-02,15.080986022949219
2015-10-05,15.399882316589355
2015-10-06,15.326798439025879
2015-10-07,15.446386337280273
2015-10-08,15.53939437866211
2015-10-09,15.439741134643555
2015-10-12,15.453025817871094
2015-10-13,15.333451271057129
2015-10-14,15.207218170166016
2015-10-15,15.552684783935547
2015-10-16,15.645694732666016
2015-10-19,15.632412910461426
2015-10-20,15.725414276123047
2015-10-21,15.612476348876953
2015-10-22,15.8649320602417
2015-10-23,16.037670135498047
2015-10-26,15.971234321594238
2015-10-27,15.878219604492188
2015-10-28,16.25026512145996
2015-10-29,16.230323791503906
2015-10-30,15.997807502746582
2015-11-02,16.217042922973633
2015-11-03,16.243614196777344
2015-11-04,16.197113037109375
2015-11-05,16.263545989990234
2015-11-06,16.429637908935547
2015-11-09,16.25026512145996
2015-11-10,16.323335647583008
2015-11-11,16.27019500732422
2015-11-12,16.02437973022461
2015-11-13,15.891508102416992
2015-11-16,16.08416748046875
2015-11-17,16.050960540771484
2015-11-18,16.336626052856445
2015-11-19,16.363203048706055
2015-11-20,16.38977813720703
2015-11-23,16.323335647583008
2015-11-24,16.276838302612305
2015-11-25,16.290124893188477
2015-11-27,16.32998275756836
2015-11-30,16.316699981689453
2015-12-01,16.496078491210938
2015-12-02,16.30341339111328
2015-12-03,16.037670135498047
2015-12-04,16.462852478027344
2015-12-07,16.31005859375
2015-12-08,16.10410499572754
2015-12-09,15.918086051940918
2015-12-10,15.931365966796875
2015-12-11,15.579256057739258
2015-12-14,15.612476348876953
2015-12-15,15.97787094116211
2015-12-16,16.236974716186523
2015-12-17,16.00444793701172
2015-12-18,15.576591491699219
2015-12-21,15.730354309082031
2015-12-22,15.877431869506836
2015-12-23,16.064624786376953
2015-12-24,16.051244735717773
2015-12-28,16.037872314453125
2015-12-29,16.20500946044922
2015-12-30,16.091354370117188
2015-12-31,15.930912017822266
2016-01-04,15.623393058776855
2016-01-05,15.683553695678711
2016-01-06,15.442895889282227
2016-01-07,15.00834846496582
2016-01-08,14.77436637878418
2016-01-11,14.794421195983887
2016-01-12,14.908072471618652
2016-01-13,14.5203218460083
2016-01-14,14.647345542907715
2016-01-15,14.319767951965332
2016-01-19,14.313082695007324
2016-01-20,14.032303810119629
2016-01-21,13.972137451171875
2016-01-22,14.226180076599121
2016-01-25,13.938712120056152
2016-01-26,14.172696113586426
2016-01-27,14.119216918945312
2016-01-28,14.125900268554688
2016-01-29,14.5203218460083
2016-02-01,14.460163116455078
2016-02-02,14.05904483795166
2016-02-03,14.072419166564941
2016-02-04,14.192747116088867
2016-02-05,14.005566596984863
2016-02-08,13.65124797821045
2016-02-09,13.631192207336426
2016-02-10,13.55765151977539
2016-02-11,13.143167495727539
2016-02-12,13.698042869567871
2016-02-16,13.918660163879395
2016-02-17,14.105844497680664
2016-02-18,14.025618553161621
2016-02-19,14.025618553161621
2016-02-22,14.246230125427246
2016-02-23,13.992196083068848
2016-02-24,13.958770751953125
2016-02-25,14.152637481689453
2016-02-26,14.252917289733887
2016-02-29,14.099157333374023
2016-03-01,14.573811531066895
2016-03-02,14.734253883361816
2016-03-03,14.8345365524292
2016-03-04,14.89470100402832
2016-03-07,14.88801383972168
2016-03-08,14.647345542907715
2016-03-09,14.667396545410156
2016-03-10,14.654034614562988
2016-03-11,15.035085678100586
2016-03-14,14.988285064697266
2016-03-15,14.981612205505371
2016-03-16,14.9481840133667
2016-03-17,15.128684043884277
2016-03-18,15.262979507446289
2016-03-21,15.236120223999023
2016-03-22,15.189119338989258
2016-03-23,15.074963569641113
2016-03-24,14.98095417022705
2016-03-28,15.0279541015625
2016-03-29,15.054821968078613
2016-03-30,15.142115592956543
2016-03-31,15.108535766601562
2016-04-01,15.242835998535156
2016-04-04,15.168972969055176
2016-04-05,14.954096794128418
2016-04-06,15.034679412841797
2016-04-07,14.752647399902344
2016-04-08,14.806371688842773
2016-04-11,14.866808891296387
2016-04-12,15.054821968078613
2016-04-13,15.397278785705566
2016-04-14,15.4308500289917
2016-04-15,15.377134323120117
2016-04-18,15.491288185119629
2016-04-19,15.686016082763672
2016-04-20,15.806888580322266
2016-04-21,15.665876388549805
2016-04-22,15.813607215881348
2016-04-25,15.780030250549316
2016-04-26,15.88075065612793
2016-04-27,15.907611846923828
2016-04-28,15.739740371704102
2016-04-29,15.652446746826172
2016-05-02,15.793457984924316
2016-05-03,15.59200668334961
2016-05-04,15.471138954162598
2016-05-05,15.464428901672363
2016-05-06,15.531574249267578
2016-05-09,15.491288185119629
2016-05-10,15.71288013458252
2016-05-11,15.545004844665527
2016-05-12,15.551727294921875
2016-05-13,15.3637056350708
2016-05-16,15.444282531738281
2016-05-17,15.356995582580566
2016-05-18,15.62558650970459
2016-05-19,15.477858543395996
2016-05-20,15.585296630859375
2016-05-23,15.57186508178711
2016-05-24,15.806888580322266
2016-05-25,15.974759101867676
2016-05-26,15.88075065612793
2016-05-27,15.988191604614258
2016-05-31,15.94790267944336
2016-06-01,15.981471061706543
2016-06-02,16.015052795410156
2016-06-03,15.786746978759766
2016-06-06,15.88075065612793
2016-06-07,15.847180366516113
2016-06-08,15.86060619354248
2016-06-09,15.746450424194336
2016-06-10,15.551727294921875
2016-06-13,15.444282531738281
2016-06-14,15.215975761413574
2016-06-15,15.236120223999023
2016-06-16,15.276411056518555
2016-06-17,15.263582229614258
2016-06-20,15.35134506225586
2016-06-21,15.439111709594727
2016-06-22,15.425605773925781
2016-06-23,15.749639511108398
2016-06-24,14.905791282653809
2016-06-27,14.480490684509277
2016-06-28,14.851787567138672
2016-06-29,15.189325332641602
2016-06-30,15.432360649108887
2016-07-01,15.35134506225586
2016-07-05,15.121819496154785
2016-07-06,15.162325859069824
2016-07-07,15.182572364807129
2016-07-08,15.472855567932129
2016-07-11,15.56061840057373
2016-07-12,15.756389617919922
2016-07-13,15.756389617919922
2016-07-14,15.904913902282715
2016-07-15,15.87790584564209
2016-07-18,15.931910514831543
2016-07-19,15.938661575317383
2016-07-20,15.965670585632324
2016-07-21,15.884657859802246
2016-07-22,15.985918045043945
2016-07-25,15.952171325683594
2016-07-26,15.965670585632324
2016-07-27,15.9589204788208
2016-07-28,15.992674827575684
2016-07-29,15.965670585632324
2016-08-01,15.925159454345703
2016-08-02,15.790144920349121
2016-08-03,15.952171325683594
2016-08-04,15.91165828704834
2016-08-05,16.21544647216797
2016-08-08,16.23570442199707
2016-08-09,16.24919891357422
2016-08-10,16.120941162109375
2016-08-11,16.15468978881836
2016-08-12,16.107431411743164
2016-08-15,16.21544647216797
2016-08-16,16.17494773864746
2016-08-17,16.228952407836914
2016-08-18,16.21544647216797
2016-08-19,16.208703994750977
2016-08-22,16.208703994750977
2016-08-23,16.228952407836914
2016-08-24,16.22220230102539
2016-08-25,16.255952835083008
2016-08-26,16.27620506286621
2016-08-29,16.41796875
2016-08-30,16.566490173339844
2016-08-31,16.579992294311523
2016-09-01,16.512487411499023
2016-09-02,16.586748123168945
2016-09-06,16.559741973876953
2016-09-07,16.552993774414062
2016-09-08,16.539485931396484
2016-09-09,16.228952407836914
2016-09-12,16.411218643188477
2016-09-13,16.120941162109375
2016-09-14,16.080432891845703
2016-09-15,16.17494773864746
2016-09-16,16.021650314331055
2016-09-19,16.123804092407227
2016-09-20,16.13215446472168
2016-09-21,16.232357025146484
2016-09-22,16.2657527923584
2016-09-23,16.18225860595703
2016-09-26,15.9234037399292
2016-09-27,16.048654556274414
2016-09-28,16.123804092407227
2016-09-29,15.898359298706055
2016-09-30,16.115459442138672
2016-10-03,16.04030990600586
2016-10-04,16.10710906982422
2016-10-05,16.365957260131836
2016-10-06,16.39100456237793
2016-10-07,16.38265609741211
2016-10-10,16.466156005859375
2016-10-11,16.315858840942383
2016-10-12,16.29915428161621
2016-10-13,16.140506744384766
2016-10-14,16.215660095214844
2016-10-17,16.140506744384766
2016-10-18,16.27410888671875
2016-10-19,16.416059494018555
2016-10-20,16.416059494018555
2016-10-21,16.407705307006836
2016-10-24,16.457805633544922
2016-10-25,16.44110870361328
2016-10-26,16.541305541992188
2016-10-27,16.583059310913086
2016-10-28,16.507905960083008
2016-10-31,16.48285484313965
2016-11-01,16.416059494018555
2016-11-02,16.30750846862793
2016-11-03,16.324203491210938
2016-11-04,16.27410888671875
2016-11-07,16.683258056640625
2016-11-08,16.69160270690918
2016-11-09,17.401355743408203
2016-11-10,18.0443058013916
2016-11-11,18.094406127929688
2016-11-14,18.536954879760742
2016-11-15,18.52025032043457
2016-11-16,18.253049850463867
2016-11-17,18.50354766845703
2016-11-18,18.50354766845703
2016-11-21,18.570348739624023
2016-11-22,18.578706741333008
2016-11-23,18.687257766723633
2016-11-25,18.71230125427246
2016-11-28,18.495193481445312
2016-11-29,18.54530143737793
2016-11-30,18.79580307006836
2016-12-01,19.121450424194336
2016-12-02,18.912700653076172
2016-12-05,19.138151168823242
2016-12-06,19.30514907836914
2016-12-07,19.605745315551758
2016-12-08,19.789445877075195
2016-12-09,19.83119773864746
2016-12-12,19.63914680480957
2016-12-13,19.689250946044922
2016-12-14,19.597393035888672
2016-12-15,19.7643985748291
2016-12-16,19.594125747680664
2016-12-19,19.602514266967773
2016-12-20,19.845760345458984
2016-12-21,19.795429229736328
2016-12-22,19.745107650756836
2016-12-23,19.778654098510742
2016-12-27,19.803823471069336
2016-12-28,19.602514266967773
2016-12-29,19.45991325378418
2016-12-30,19.501859664916992
2017-01-03,19.71994972229004
2017-01-04,19.87931251525879
2017-01-05,19.67799949645996
2017-01-06,19.745107650756836
2017-01-09,19.61089324951172
2017-01-10,19.652835845947266
2017-01-11,19.778654098510742
2017-01-12,19.61089324951172
2017-01-13,19.71994972229004
2017-01-17,19.25022315979004
2017-01-18,19.409591674804688
2017-01-19,19.325716018676758
2017-01-20,19.417978286743164
2017-01-23,19.292158126831055
2017-01-24,19.535404205322266
2017-01-25,19.862537384033203
2017-01-26,19.91286849975586
2017-01-27,19.837371826171875
2017-01-30,19.67799949645996
2017-01-31,19.55218505859375
2017-02-01,19.57735252380371
2017-02-02,19.501859664916992
2017-02-03,19.896089553833008
2017-02-06,19.803823471069336
2017-02-07,19.75349235534668
2017-02-08,19.61928939819336
2017-02-09,19.887697219848633
2017-02-10,19.946414947509766
2017-02-13,20.172883987426758
2017-02-14,20.407752990722656
2017-02-15,20.56712532043457
2017-02-16,20.51679229736328
2017-02-17,20.525178909301758
2017-02-21,20.625839233398438
2017-02-22,20.642606735229492
2017-02-23,20.642606735229492
2017-02-24,20.483238220214844
2017-02-27,20.5922794342041
2017-02-28,20.583900451660156
2017-03-01,21.171043395996094
2017-03-02,20.843915939331055
2017-03-03,20.94457244873047
2017-03-06,20.785205841064453
2017-03-07,20.726491928100586
2017-03-08,20.734872817993164
2017-03-09,20.810365676879883
2017-03-10,20.793594360351562
2017-03-13,20.843915939331055
2017-03-14,20.785205841064453
2017-03-15,20.75164794921875
2017-03-16,20.785205841064453
2017-03-17,20.581493377685547
2017-03-20,20.41313362121582
2017-03-21,19.84073257446289
2017-03-22,19.798641204833984
2017-03-23,19.84073257446289
2017-03-24,19.815473556518555
2017-03-27,19.739707946777344
2017-03-28,20.009084701538086
2017-03-29,19.882822036743164
2017-03-30,20.143770217895508
2017-03-31,19.97540855407715
2017-04-03,19.933324813842773
2017-04-04,19.908069610595703
2017-04-05,19.756546020507812
2017-04-06,19.882822036743164
2017-04-07,19.798641204833984
2017-04-10,19.74812889099121
2017-04-11,19.689210891723633
2017-04-12,19.529264450073242
2017-04-13,19.2767391204834
2017-04-17,19.61344337463379
2017-04-18,19.428260803222656
2017-04-19,19.369333267211914
2017-04-20,19.697622299194336
2017-04-21,19.4955997467041
2017-04-24,19.933324813842773
2017-04-25,20.110097885131836
2017-04-26,20.093259811401367
2017-04-27,20.000669479370117
2017-04-28,19.807058334350586
2017-05-01,19.933324813842773
2017-05-02,19.908069610595703
2017-05-03,20.068012237548828
2017-05-04,20.10167694091797
2017-05-05,20.068012237548828
2017-05-08,20.051177978515625
2017-05-09,19.97540855407715
2017-05-10,20.042753219604492
2017-05-11,19.916488647460938
2017-05-12,19.83230972290039
2017-05-15,19.98383331298828
2017-05-16,20.042753219604492
2017-05-17,19.41142463684082
2017-05-18,19.487178802490234
2017-05-19,19.65553855895996
2017-05-22,19.70604705810547
2017-05-23,19.857566833496094
2017-05-24,19.849143981933594
2017-05-25,19.882822036743164
2017-05-26,19.87439727783203
2017-05-30,19.739707946777344
2017-05-31,19.571365356445312
2017-06-01,19.815473556518555
2017-06-02,19.739707946777344
2017-06-05,19.77338981628418
2017-06-06,19.689210891723633
2017-06-07,19.84073257446289
2017-06-08,20.068012237548828
2017-06-09,20.446809768676758
2017-06-12,20.4888973236084
2017-06-13,20.59832763671875
2017-06-14,20.63200569152832
2017-06-15,20.547822952270508
2017-06-16,20.525005340576172
2017-06-19,20.73626136779785
2017-06-20,20.55880355834961
2017-06-21,20.38981056213379
2017-06-22,20.263051986694336
2017-06-23,20.187007904052734
2017-06-26,20.29686164855957
2017-06-27,20.398252487182617
2017-06-28,20.719358444213867
2017-06-29,20.863004684448242
2017-06-30,20.846111297607422
2017-07-03,21.150306701660156
2017-07-05,21.18410301208496
2017-07-06,21.0235538482666
2017-07-07,21.167205810546875
2017-07-10,21.141860961914062
2017-07-11,20.955955505371094
2017-07-12,21.0235538482666
2017-07-13,21.150306701660156
2017-07-14,21.057355880737305
2017-07-17,20.9897518157959
2017-07-18,20.955955505371094
2017-07-19,20.96440315246582
2017-07-20,20.955955505371094
2017-07-21,20.955955505371094
2017-07-24,21.048904418945312
2017-07-25,21.31085205078125
2017-07-26,21.167205810546875
2017-07-27,21.048904418945312
2017-07-28,21.048904418945312
2017-07-31,21.201005935668945
2017-08-01,21.353105545043945
2017-08-02,21.386905670166016
2017-08-03,21.31085205078125
2017-08-04,21.454504013061523
2017-08-07,21.42070198059082
2017-08-08,21.361560821533203
2017-08-09,21.361560821533203
2017-08-10,20.981306076049805
2017-08-11,20.896806716918945
2017-08-14,21.18410301208496
2017-08-15,21.201005935668945
2017-08-16,21.15875816345215
2017-08-17,20.795408248901367
2017-08-18,20.803869247436523
2017-08-21,20.744705200195312
2017-08-22,20.97286605834961
2017-08-23,20.905254364013672
2017-08-24,20.905254364013672
2017-08-25,20.96440315246582
2017-08-28,20.82920265197754
2017-08-29,20.761611938476562
2017-08-30,20.846111297607422
2017-08-31,20.871456146240234
2017-09-01,20.93061065673828
2017-09-05,20.482757568359375
2017-09-06,20.533458709716797
2017-09-07,20.178558349609375
2017-09-08,20.364459991455078
2017-09-11,20.719358444213867
2017-09-12,20.96440315246582
2017-09-13,20.998205184936523
2017-09-14,20.955955505371094
2017-09-15,21.017900466918945
2017-09-18,21.26396942138672
2017-09-19,21.425195693969727
2017-09-20,21.552467346191406
2017-09-21,21.603376388549805
2017-09-22,21.577926635742188
2017-09-25,21.552467346191406
2017-09-26,21.543983459472656
2017-09-27,21.807024002075195
2017-09-28,21.840965270996094
2017-09-29,21.942787170410156
2017-10-02,22.12946319580078
2017-10-03,22.205835342407227
2017-10-04,22.1040096282959
2017-10-05,22.333110809326172
2017-10-06,22.358570098876953
2017-10-09,22.27370834350586
2017-10-10,22.375530242919922
2017-10-11,22.333110809326172
2017-10-12,22.163406372070312
2017-10-13,22.171890258789062
2017-10-16,22.31614112854004
2017-10-17,22.205835342407227
2017-10-18,22.32462501525879
2017-10-19,22.34159278869629
2017-10-20,22.604637145996094
2017-10-23,22.587671279907227
2017-10-24,22.748882293701172
2017-10-25,22.613122940063477
2017-10-26,22.74040412902832
2017-10-27,22.723430633544922
2017-10-30,22.630088806152344
2017-10-31,22.570695877075195
2017-11-01,22.604637145996094
2017-11-02,22.8167667388916
2017-11-03,22.723430633544922
2017-11-06,22.697973251342773
2017-11-07,22.384021759033203
2017-11-08,22.27370834350586
2017-11-09,22.197341918945312
2017-11-10,22.12946319580078
2017-11-13,22.163406372070312
2017-11-14,22.154916763305664
2017-11-15,22.21432113647461
2017-11-16,22.222803115844727
2017-11-17,22.197341918945312
2017-11-20,22.299161911010742
2017-11-21,22.36705207824707
2017-11-22,22.256744384765625
2017-11-24,22.248258590698242
2017-11-27,22.231287002563477
2017-11-28,22.80828285217285
2017-11-29,23.1986026763916
2017-11-30,23.351337432861328
2017-12-01,23.402250289916992
2017-12-04,23.758623123168945
2017-12-05,23.631351470947266
2017-12-06,23.546493530273438
2017-12-07,23.622865676879883
2017-12-08,23.76711654663086
2017-12-11,23.707714080810547
2017-12-12,23.945301055908203
2017-12-13,23.648317337036133
2017-12-14,23.495582580566406
2017-12-15,23.706998825073242
2017-12-18,23.92010498046875
2017-12-19,23.817819595336914
2017-12-20,23.775192260742188
2017-12-21,23.979778289794922
2017-12-22,23.91158103942871
2017-12-26,23.843387603759766
2017-12-27,23.86896324157715
2017-12-28,23.96273422241211
2017-12-29,23.792245864868164
2018-01-02,23.80076789855957
2018-01-03,23.928634643554688
2018-01-04,24.150278091430664
2018-01-05,24.218473434448242
2018-01-08,24.184377670288086
2018-01-09,24.37191390991211
2018-01-10,24.576505661010742
2018-01-11,24.695852279663086
2018-01-12,24.917490005493164
2018-01-16,24.84929656982422
2018-01-17,25.036834716796875
2018-01-18,25.00274085998535
2018-01-19,25.181758880615234
2018-01-22,25.3863525390625
2018-01-23,25.411922454833984
2018-01-24,25.582414627075195
2018-01-25,25.531265258789062
2018-01-26,25.718809127807617
2018-01-29,25.61650848388672
2018-01-30,25.284055709838867
2018-01-31,25.352249145507812
2018-02-01,25.5909423828125
2018-02-02,25.028308868408203
2018-02-05,23.766672134399414
2018-02-06,24.20142364501953
2018-02-07,24.218473434448242
2018-02-08,23.15289306640625
2018-02-09,23.596176147460938
2018-02-12,23.928634643554688
2018-02-13,24.03093147277832
2018-02-14,24.602081298828125
2018-02-15,24.738473892211914
2018-02-16,24.704376220703125
2018-02-20,24.62765121459961
2018-02-21,24.661758422851562
2018-02-22,24.45716094970703
2018-02-23,24.823726654052734
2018-02-26,25.198801040649414
2018-02-27,24.960111618041992
2018-02-28,24.61060333251953
2018-03-01,24.184377670288086
2018-03-02,24.244047164916992
2018-03-05,24.585033416748047
2018-03-06,24.687326431274414
2018-03-07,24.644704818725586
2018-03-08,24.721426010131836
2018-03-09,25.318151473999023
2018-03-12,25.232912063598633
2018-03-13,24.951589584350586
2018-03-14,24.670272827148438
2018-03-15,24.678804397583008
2018-03-16,24.700191497802734
2018-03-19,24.52052116394043
2018-03-20,24.580406188964844
2018-03-21,24.571861267089844
2018-03-22,23.664955139160156
2018-03-23,22.946279525756836
2018-03-26,23.690622329711914
2018-03-27,23.228614807128906
2018-03-28,23.27139663696289
2018-03-29,23.587955474853516
2018-04-02,23.066059112548828
2018-04-03,23.382619857788086
2018-04-04,23.630735397338867
2018-04-05,23.818960189819336
2018-04-06,23.2457275390625
2018-04-09,23.374067306518555
2018-04-10,23.724849700927734
2018-04-11,23.442514419555664
2018-04-12,23.853187561035156
2018-04-13,23.493839263916016
2018-04-16,23.596506118774414
2018-04-17,23.596506118774414
2018-04-18,23.485288619995117
2018-04-19,23.844629287719727
2018-04-20,23.853187561035156
2018-04-23,23.8275146484375
2018-04-24,23.673513412475586
2018-04-25,23.656400680541992
2018-04-26,23.664955139160156
2018-04-27,23.69917869567871
2018-04-30,23.485288619995117
2018-05-01,23.493839263916016
2018-05-02,23.228614807128906
2018-05-03,23.03183937072754
2018-05-04,23.33127784729004
2018-05-07,23.485288619995117
2018-05-08,23.647842407226562
2018-05-09,23.998628616333008
2018-05-10,24.19540786743164
2018-05-11,24.17829704284668
2018-05-14,24.161184310913086
2018-05-15,24.118406295776367
2018-05-16,24.161184310913086
2018-05-17,24.109851837158203
2018-05-18,23.913070678710938
2018-05-21,24.084182739257812
2018-05-22,24.246742248535156
2018-05-23,24.092742919921875
2018-05-24,23.904516220092773
2018-05-25,23.8275146484375
2018-05-29,23.03183937072754
2018-05-30,23.451072692871094
2018-05-31,23.254283905029297
2018-06-01,23.510953903198242
2018-06-04,23.587955474853516
2018-06-05,23.485288619995117
2018-06-06,23.913070678710938
2018-06-07,23.99007225036621
2018-06-08,24.0242919921875
2018-06-11,23.97296142578125
2018-06-12,23.913070678710938
2018-06-13,23.8275146484375
2018-06-14,23.605064392089844
2018-06-15,23.604209899902344
2018-06-18,23.561243057250977
2018-06-19,23.501094818115234
2018-06-20,23.44095230102539
2018-06-21,23.372203826904297
2018-06-22,23.260496139526367
2018-06-25,23.01131248474121
2018-06-26,22.933977127075195
2018-06-27,22.650419235229492
2018-06-28,22.84804916381836
2018-06-29,22.84804916381836
2018-07-02,22.959754943847656
2018-07-03,22.753522872924805
2018-07-05,22.805084228515625
2018-07-06,22.916790008544922
2018-07-09,23.44095230102539
2018-07-10,23.355018615722656
2018-07-11,23.243318557739258
2018-07-12,23.286279678344727
2018-07-13,23.183164596557617
2018-07-16,23.595611572265625
2018-07-17,23.621389389038086
2018-07-18,23.999473571777344
2018-07-19,23.638582229614258
2018-07-20,23.681541442871094
2018-07-23,24.008068084716797
2018-07-24,24.076807022094727
2018-07-25,24.12836265563965
2018-07-26,24.119768142700195
2018-07-27,24.171329498291016
2018-07-30,24.188508987426758
2018-07-31,24.016660690307617
2018-08-01,24.016660690307617
2018-08-02,24.025253295898438
2018-08-03,24.162736892700195
2018-08-06,24.291627883911133
2018-08-07,24.40333366394043
2018-08-08,24.463478088378906
2018-08-09,24.317401885986328
2018-08-10,24.033843994140625
2018-08-13,23.80183982849121
2018-08-14,24.025253295898438
2018-08-15,23.836214065551758
2018-08-16,24.15414047241211
2018-08-17,24.205699920654297
2018-08-20,24.283035278320312
2018-08-21,24.377553939819336
2018-08-22,24.291627883911133
2018-08-23,24.17992401123047
2018-08-24,24.26584815979004
2018-08-27,24.59236717224121
2018-08-28,24.56658935546875
2018-08-29,24.558002471923828
2018-08-30,24.368959426879883
2018-08-31,24.343183517456055
2018-09-04,24.463478088378906
2018-09-05,24.480669021606445
2018-09-06,24.368959426879883
2018-09-07,24.343183517456055
2018-09-10,24.317401885986328
2018-09-11,24.343183517456055
2018-09-12,24.119768142700195
2018-09-13,24.085403442382812
2018-09-14,24.25725555419922
2018-09-17,24.15414047241211
2018-09-18,24.274436950683594
2018-09-19,24.6868839263916
2018-09-20,24.901710510253906
2018-09-21,24.80504035949707
2018-09-24,24.528854370117188
2018-09-25,24.433917999267578
2018-09-26,24.14046287536621
2018-09-27,24.054161071777344
2018-09-28,23.803865432739258
2018-10-01,23.898807525634766
2018-10-02,23.898807525634766
2018-10-03,24.123210906982422
2018-10-04,24.287193298339844
2018-10-05,24.166362762451172
2018-10-08,24.330347061157227
2018-10-09,24.235408782958984
2018-10-10,23.48452377319336
2018-10-11,22.785423278808594
2018-10-12,22.81131935119629
2018-10-15,22.707746505737305
2018-10-16,23.087505340576172
2018-10-17,23.320539474487305
2018-10-18,22.932153701782227
2018-10-19,23.01845932006836
2018-10-22,22.526504516601562
2018-10-23,22.34524917602539
2018-10-24,21.784250259399414
2018-10-25,22.120853424072266
2018-10-26,21.801511764526367
2018-10-29,21.991382598876953
2018-10-30,22.371143341064453
2018-10-31,22.681859970092773
2018-11-01,22.785423278808594
2018-11-02,22.768165588378906
2018-11-05,23.130661010742188
2018-11-06,23.251489639282227
2018-11-07,23.553573608398438
2018-11-08,23.622623443603516
2018-11-09,23.406848907470703
2018-11-12,22.940778732299805
2018-11-13,23.070241928100586
2018-11-14,22.759531021118164
2018-11-15,23.09613609313965
2018-11-16,23.122028350830078
2018-11-19,23.1133975982666
2018-11-20,22.604175567626953
2018-11-21,22.62143898010254
2018-11-23,22.44019317626953
2018-11-26,22.89762306213379
2018-11-27,22.914884567260742
2018-11-28,23.355058670043945
2018-11-29,23.15655517578125
2018-11-30,23.277385711669922
2018-12-03,23.424108505249023
2018-12-04,22.40567398071289
2018-12-06,22.094959259033203
2018-12-07,21.67204475402832
2018-12-10,21.369970321655273
2018-12-11,21.16282844543457
2018-12-12,21.283662796020508
2018-12-13,21.128305435180664
2018-12-14,20.921167373657227
2018-12-17,20.71402931213379
2018-12-18,20.636348724365234
2018-12-19,20.377426147460938
2018-12-20,20.196170806884766
2018-12-21,19.792335510253906
2018-12-24,19.37546730041504
2018-12-26,20.252620697021484
2018-12-27,20.495792388916016
2018-12-28,20.487106323242188
2018-12-31,20.686859130859375
2019-01-02,20.860551834106445
2019-01-03,20.39157485961914
2019-01-04,21.06898307800293
2019-01-07,21.095029830932617
2019-01-08,21.112401962280273
2019-01-09,21.216617584228516
2019-01-10,21.225309371948242
2019-01-11,21.277408599853516
2019-01-14,21.425048828125
2019-01-15,21.616111755371094
2019-01-16,22.076398849487305
2019-01-17,22.197988510131836
2019-01-18,22.58011245727539
2019-01-22,22.319568634033203
2019-01-23,22.345624923706055
2019-01-24,22.39773178100586
2019-01-25,22.58011245727539
2019-01-28,22.51063346862793
2019-01-29,22.432470321655273
2019-01-30,22.562744140625
2019-01-31,22.52800750732422
2019-02-01,22.623537063598633
2019-02-04,22.719064712524414
2019-02-05,22.65827178955078
2019-02-06,22.632219314575195
2019-02-07,22.406423568725586
2019-02-08,22.29351806640625
2019-02-11,22.362995147705078
2019-02-12,22.693012237548828
2019-02-13,22.753807067871094
2019-02-14,22.475893020629883
2019-02-15,22.95355224609375
2019-02-19,22.988290786743164
2019-02-20,23.135927200317383
2019-02-21,23.01434326171875
2019-02-22,22.979602813720703
2019-02-25,23.07514190673828
2019-02-26,23.005661010742188
2019-02-27,23.09250831604004
2019-02-28,23.031713485717773
2019-03-01,23.179351806640625
2019-03-04,23.031713485717773
2019-03-05,22.944869995117188
2019-03-06,22.79722785949707
2019-03-07,22.562744140625
2019-03-08,22.554054260253906
2019-03-11,22.788543701171875
2019-03-12,22.84065055847168
2019-03-13,22.996973037719727
2019-03-14,23.083820343017578
2019-03-15,23.245309829711914
2019-03-18,23.48099708557129
2019-03-19,23.29768180847168
2019-03-20,22.81758689880371
2019-03-21,22.747756958007812
2019-03-22,22.1192684173584
2019-03-25,22.023250579833984
2019-03-26,22.285123825073242
2019-03-27,22.189098358154297
2019-03-28,22.381134033203125
2019-03-29,22.442237854003906
2019-04-01,22.992168426513672
2019-04-02,22.97471046447754
2019-04-03,23.044544219970703
2019-04-04,23.184206008911133
2019-04-05,23.219125747680664
2019-04-08,23.245309829711914
2019-04-09,23.053274154663086
2019-04-10,23.123104095458984
2019-04-11,23.262773513793945
2019-04-12,23.690488815307617
2019-04-15,23.54209327697754
2019-04-16,23.873798370361328
2019-04-17,23.934900283813477
2019-04-18,23.865068435668945
2019-04-22,23.795236587524414
2019-04-23,23.943626403808594
2019-04-24,23.917448043823242
2019-04-25,23.96108627319336
2019-04-26,24.179311752319336
2019-04-29,24.423721313476562
2019-04-30,24.458642959594727
2019-05-01,24.257875442504883
2019-05-02,24.284061431884766
2019-05-03,24.502286911010742
2019-05-06,24.33643341064453
2019-05-07,23.934900283813477
2019-05-08,23.88252830505371
2019-05-09,23.830148696899414
2019-05-10,23.987274169921875
2019-05-13,23.288955688476562
2019-05-14,23.472265243530273
2019-05-15,23.384971618652344
2019-05-16,23.620649337768555
2019-05-17,23.463529586791992
2019-05-20,23.489717483520508
2019-05-21,23.734132766723633
2019-05-22,23.594467163085938
2019-05-23,23.262773513793945
2019-05-24,23.446077346801758
2019-05-28,23.17547607421875
2019-05-29,23.1318302154541
2019-05-30,23.053274154663086
2019-05-31,22.704111099243164
2019-06-03,22.852506637573242
2019-06-04,23.472265243530273
2019-06-05,23.620649337768555
2019-06-06,23.707948684692383
2019-06-07,23.673030853271484
2019-06-10,23.873798370361328
2019-06-11,23.88252830505371
2019-06-12,23.646841049194336
2019-06-13,23.72540283203125
2019-06-14,23.77777862548828
2019-06-17,23.55954933166504
2019-06-18,23.873798370361328
2019-06-19,23.830148696899414
2019-06-20,23.934900283813477
2019-06-21,23.881380081176758
2019-06-24,23.784881591796875
2019-06-25,23.70591163635254
2019-06-26,23.66204261779785
2019-06-27,23.872608184814453
2019-06-28,24.214773178100586
2019-07-01,24.504297256469727
2019-07-02,24.44288444519043
2019-07-03,24.635900497436523
2019-07-05,24.706085205078125
2019-07-08,24.583263397216797
2019-07-09,24.62712860107422
2019-07-10,24.53938865661621
2019-07-11,24.679767608642578
2019-07-12,24.846466064453125
2019-07-15,24.706085205078125
2019-07-16,24.644672393798828
2019-07-17,24.434106826782227
2019-07-18,24.618350982666016
2019-07-19,24.513071060180664
2019-07-22,24.565711975097656
2019-07-23,24.820138931274414
2019-07-24,25.074573516845703
2019-07-25,24.89910316467285
2019-07-26,25.171083450317383
2019-07-29,24.978063583374023
2019-07-30,24.90787696838379
2019-07-31,24.78504753112793
2019-08-01,24.223543167114258
2019-08-02,24.214773178100586
2019-08-05,23.407617568969727
2019-08-06,23.784881591796875
2019-08-07,23.46902847290039
2019-08-08,23.91647720336914
2019-08-09,23.837514877319336
2019-08-12,23.38129997253418
2019-08-13,23.670818328857422
2019-08-14,22.793472290039062
2019-08-15,22.90752601623535
2019-08-16,23.311105728149414
2019-08-19,23.547988891601562
2019-08-20,23.232141494750977
2019-08-21,23.337430953979492
2019-08-22,23.495351791381836
2019-08-23,22.898754119873047
2019-08-26,23.11809539794922
2019-08-27,22.97771453857422
2019-08-28,23.188278198242188
2019-08-29,23.539220809936523
2019-08-30,23.618183135986328
2019-09-03,23.37251853942871
2019-09-04,23.60063362121582
2019-09-05,24.08316993713379
2019-09-06,24.07440185546875
2019-09-09,24.44288444519043
2019-09-10,24.530620574951172
2019-09-11,24.67099380493164
2019-09-12,24.802595138549805
2019-09-13,24.99561309814453
2019-09-16,24.90787696838379
2019-09-17,24.9341983795166
2019-09-18,25.02193260192871
2019-09-19,24.90787696838379
2019-09-20,24.761499404907227
2019-09-23,24.805585861206055
2019-09-24,24.56749725341797
2019-09-25,24.770313262939453
2019-09-26,24.65567970275879
2019-09-27,24.7526798248291
2019-09-30,24.690950393676758
2019-10-01,24.170677185058594
2019-10-02,23.676860809326172
2019-10-03,23.773860931396484
2019-10-04,24.214767456054688
2019-10-07,24.091310501098633
2019-10-08,23.61513328552246
2019-10-09,23.83558464050293
2019-10-10,24.082500457763672
2019-10-11,24.382312774658203
2019-10-14,24.41758918762207
2019-10-15,24.770313262939453
2019-10-16,24.708593368530273
2019-10-17,24.726226806640625
2019-10-18,24.787952423095703
2019-10-21,25.131864547729492
2019-10-22,25.061315536499023
2019-10-23,25.167131423950195
2019-10-24,25.131864547729492
2019-10-25,25.255313873291016
2019-10-28,25.387592315673828
2019-10-29,25.44931983947754
2019-10-30,25.431682586669922
2019-10-31,25.3082275390625
2019-11-01,25.6785888671875
2019-11-04,25.8990478515625
2019-11-05,25.996042251586914
2019-11-06,26.12831687927246
2019-11-07,26.322315216064453
2019-11-08,26.313499450683594
2019-11-11,26.242958068847656
2019-11-12,26.27822494506836
2019-11-13,26.11068344116211
2019-11-14,26.163591384887695
2019-11-15,26.2341365814209
2019-11-18,26.287046432495117
2019-11-19,26.339950561523438
2019-11-20,26.21649932861328
2019-11-21,26.190048217773438
2019-11-22,26.384044647216797
2019-11-25,26.551593780517578
2019-11-26,26.525135040283203
2019-11-27,26.63095474243164
2019-11-29,26.58686637878418
2019-12-02,26.4193115234375
2019-12-03,26.048952102661133
2019-12-04,26.29586410522461
2019-12-05,26.4193115234375
2019-12-06,26.772043228149414
2019-12-09,26.710317611694336
2019-12-10,26.719135284423828
2019-12-11,26.657407760620117
2019-12-12,27.177682876586914
2019-12-13,27.080686569213867
2019-12-16,27.177682876586914
2019-12-17,27.28350067138672
2019-12-18,27.16886329650879
2019-12-19,27.160045623779297
2019-12-20,27.19195556640625
2019-12-23,27.12990951538086
2019-12-24,27.19195556640625
2019-12-26,27.342628479003906
2019-12-27,27.27172088623047
2019-12-30,27.19195556640625
2019-12-31,27.28058433532715
2020-01-02,27.546476364135742
2020-01-03,27.253992080688477
2020-01-06,27.236270904541016
2020-01-07,27.059009552001953
2020-01-08,27.236270904541016
2020-01-09,27.40467071533203
2020-01-10,27.200820922851562
2020-01-13,27.38694190979004
2020-01-14,27.333763122558594
2020-01-15,27.183088302612305
2020-01-16,27.422393798828125
2020-01-17,27.502161026000977
2020-01-21,27.27172088623047
2020-01-22,27.351491928100586
2020-01-23,27.28058433532715
2020-01-24,26.93492317199707
2020-01-27,26.51835823059082
2020-01-28,26.828569412231445
2020-01-29,26.784250259399414
2020-01-30,27.121047973632812
2020-01-31,26.55380630493164
2020-02-03,26.739940643310547
2020-02-04,26.996965408325195
2020-02-05,27.537612915039062
2020-02-06,27.502161026000977
2020-02-07,27.40467071533203
2020-02-10,27.484439849853516
2020-02-11,27.58193016052246
2020-02-12,27.59965705871582
2020-02-13,27.59079360961914
2020-02-14,27.626245498657227
2020-02-18,27.38694190979004
2020-02-19,27.59079360961914
2020-02-20,27.537612915039062
2020-02-21,27.27172088623047
2020-02-24,26.385412216186523
2020-02-25,25.49024200439453
2020-02-26,25.304121017456055
2020-02-27,24.222814559936523
2020-02-28,23.566951751708984
2020-03-02,24.7723331451416
2020-03-03,23.84170913696289
2020-03-04,24.630523681640625
2020-03-05,23.44287109375
2020-03-06,22.645185470581055
2020-03-09,20.216707229614258
2020-03-10,21.404356002807617
2020-03-11,20.243295669555664
2020-03-12,18.054105758666992
2020-03-13,20.429414749145508
2020-03-16,17.628684997558594
2020-03-17,18.585893630981445
2020-03-18,17.008264541625977
2020-03-19,17.380516052246094
2020-03-20,16.760099411010742
2020-03-23,15.78493595123291
2020-03-24,17.742412567138672
2020-03-25,18.225074768066406
2020-03-26,19.369169235229492
2020-03-27,18.779251098632812
2020-03-30,19.136775970458984
2020-03-31,18.60942268371582
2020-04-01,17.474262237548828
2020-04-02,17.91223907470703
2020-04-03,17.55470848083496
2020-04-06,18.815000534057617
2020-04-07,19.002704620361328
2020-04-08,19.833965301513672
2020-04-09,20.897611618041992
2020-04-13,20.137863159179688
2020-04-14,20.22724723815918
2020-04-15,19.351293563842773
2020-04-16,19.011648178100586
2020-04-17,20.012725830078125
2020-04-20,19.664134979248047
2020-04-21,19.029521942138672
2020-04-22,19.23509979248047
2020-04-23,19.1546573638916
2020-04-24,19.431739807128906
2020-04-27,20.093170166015625
2020-04-28,20.30769157409668
2020-04-29,20.897611618041992
2020-04-30,20.37025260925293
2020-05-01,19.717761993408203
2020-05-04,19.53900146484375
2020-05-05,19.476430892944336
2020-05-06,19.056333541870117
2020-05-07,19.503246307373047
2020-05-08,19.923341751098633
2020-05-11,19.53900146484375
2020-05-12,19.029521942138672
2020-05-13,18.46640968322754
2020-05-14,18.940135955810547
2020-05-15,18.815000534057617
2020-05-18,19.78032875061035
2020-05-19,19.297666549682617
2020-05-20,19.726703643798828
2020-05-21,19.664134979248047
2020-05-22,19.59262466430664
2020-05-26,20.61158561706543
2020-05-27,21.505413055419922
2020-05-28,21.1657657623291
2020-05-29,20.924428939819336
2020-06-01,21.1657657623291
2020-06-02,21.335588455200195
2020-06-03,22.131092071533203
2020-06-04,22.613752365112305
2020-06-05,23.453950881958008
2020-06-08,23.900861740112305
2020-06-09,23.391382217407227
2020-06-10,22.51542854309082
2020-06-11,20.674156188964844
2020-06-12,21.29983139038086
2020-06-15,21.59479331970215
2020-06-16,21.934450149536133
2020-06-17,21.603734970092773
2020-06-18,21.57691764831543
2020-06-19,21.43390464782715
2020-06-22,21.327760696411133
2020-06-23,21.426712036132812
2020-06-24,20.671104431152344
2020-06-25,21.219816207885742
2020-06-26,20.311294555664062
2020-06-29,20.536184310913086
2020-06-30,20.815032958984375
2020-07-01,20.6351261138916
2020-07-02,20.662111282348633
2020-07-06,21.057903289794922
2020-07-07,20.626131057739258
2020-07-08,20.84202003479004
2020-07-09,20.401247024536133
2020-07-10,21.10287857055664
2020-07-13,21.192827224731445
2020-07-14,21.300779342651367
2020-07-15,21.723552703857422
2020-07-16,21.723552703857422
2020-07-17,21.54364585876465
2020-07-20,21.4447078704834
2020-07-21,21.867475509643555
2020-07-22,21.867475509643555
2020-07-23,21.88547134399414
2020-07-24,21.831497192382812
2020-07-27,21.65159034729004
2020-07-28,21.597618103027344
2020-07-29,22.002405166625977
2020-07-30,21.606616973876953
2020-07-31,21.615610122680664
2020-08-03,21.678577423095703
2020-08-04,21.588624954223633
2020-08-05,21.88547134399414
2020-08-06,21.87647247314453
2020-08-07,22.344228744506836
2020-08-10,22.506141662597656
2020-08-11,22.76700782775879
2020-08-12,22.704036712646484
2020-08-13,22.560115814208984
2020-08-14,22.65006446838379
2020-08-17,22.27226448059082
2020-08-18,22.128345489501953
2020-08-19,22.119342803955078
2020-08-20,21.91245460510254
2020-08-21,21.867475509643555
2020-08-24,22.389202117919922
2020-08-25,22.45216941833496
2020-08-26,22.344228744506836
2020-08-27,22.722026824951172
2020-08-28,22.811981201171875
2020-08-31,22.5421199798584
2020-09-01,22.605087280273438
2020-09-02,22.928918838500977
2020-09-03,22.578100204467773
2020-09-04,22.749013900756836
2020-09-08,22.164316177368164
2020-09-09,22.389202117919922
2020-09-10,22.074371337890625
2020-09-11,22.227291107177734
2020-09-14,22.533130645751953
2020-09-15,22.227291107177734
2020-09-16,22.479158401489258
2020-09-17,22.24527931213379
2020-09-18,22.200298309326172
2020-09-21,21.64405632019043
2020-09-22,21.46315574645996
2020-09-23,20.98378562927246
2020-09-24,21.029006958007812
2020-09-25,21.246082305908203
2020-09-28,21.752582550048828
2020-09-29,21.481246948242188
2020-09-30,21.770675659179688
2020-10-01,21.806856155395508
2020-10-02,21.978702545166016
2020-10-05,22.34049415588379
2020-10-06,22.114377975463867
2020-10-07,22.48521614074707
2020-10-08,22.792734146118164
2020-10-09,22.819868087768555
2020-10-12,23.073118209838867
2020-10-13,22.62993049621582
2020-10-14,22.412853240966797
2020-10-15,22.58470344543457
2020-10-16,22.60279083251953
2020-10-19,22.25909423828125
2020-10-20,22.439987182617188
2020-10-21,22.322404861450195
2020-10-22,22.765594482421875
2020-10-23,22.83795738220215
2020-10-26,22.322404861450195
2020-10-27,21.91539192199707
2020-10-28,21.354623794555664
2020-10-29,21.517423629760742
2020-10-30,21.580738067626953
2020-11-02,21.98775291442871
2020-11-03,22.476163864135742
2020-11-04,22.2138671875
2020-11-05,22.75655174255371
2020-11-06,22.575658798217773
2020-11-09,24.429832458496094
2020-11-10,24.556453704833984
2020-11-11,24.456966400146484
2020-11-12,24.049951553344727
2020-11-13,24.447919845581055
2020-11-16,24.990602493286133
2020-11-17,24.95442771911621
2020-11-18,24.71925926208496
2020-11-19,24.8006649017334
2020-11-20,24.583589553833008
2020-11-23,25.044872283935547
2020-11-24,25.92220687866211
2020-11-25,25.83176040649414
2020-11-27,25.75035858154297
2020-11-30,25.216720581054688
2020-12-01,25.60564422607422
2020-12-02,25.886032104492188
2020-12-03,25.895076751708984
2020-12-04,26.211639404296875
2020-12-07,26.030746459960938
2020-12-08,26.02170753479004
2020-12-09,25.95838737487793
2020-12-10,26.00361442565918
2020-12-11,25.741321563720703
2020-12-14,25.442838668823242
2020-12-15,25.876991271972656
2020-12-16,25.92220687866211
2020-12-17,25.99457359313965
2020-12-18,25.768451690673828
2020-12-21,26.11581039428711
2020-12-22,25.86119842529297
2020-12-23,26.288585662841797
2020-12-24,26.3249568939209
2020-12-28,26.4522647857666
2020-12-29,26.361328125
2020-12-30,26.479543685913086
2020-12-31,26.806901931762695
2021-01-04,26.44316864013672
2021-01-05,26.561376571655273
2021-01-06,27.73441505432129
2021-01-07,28.134511947631836
2021-01-08,28.116329193115234
2021-01-11,28.207256317138672
2021-01-12,28.498241424560547
2021-01-13,28.480060577392578
2021-01-14,28.60736083984375
2021-01-15,28.134511947631836
2021-01-19,28.207256317138672
2021-01-20,28.089052200317383
2021-01-21,27.788970947265625
2021-01-22,27.58892059326172
2021-01-25,27.388870239257812
2021-01-26,27.170623779296875
2021-01-27,26.370426177978516
2021-01-28,26.861461639404297
2021-01-29,26.3249568939209
2021-02-01,26.670499801635742
2021-02-02,27.316116333007812
2021-02-03,27.4707088470459
2021-02-04,28.07994842529297
2021-02-05,28.089052200317383
2021-02-08,28.452781677246094
2021-02-09,28.46187400817871
2021-02-10,28.46187400817871
2021-02-11,28.370941162109375
2021-02-12,28.661922454833984
2021-02-16,29.1529598236084
2021-02-17,29.298450469970703
2021-02-18,29.12567710876465
2021-02-19,29.471221923828125
2021-02-22,29.744016647338867
2021-02-23,29.92588233947754
2021-02-24,30.507856369018555
2021-02-25,29.95315933227539
2021-02-26,29.38028907775879
2021-03-01,30.2987060546875
2021-03-02,30.189586639404297
2021-03-03,30.426010131835938
2021-03-04,30.080472946166992
2021-03-05,30.65334129333496
2021-03-08,31.044349670410156
2021-03-09,30.762466430664062
2021-03-10,31.389904022216797
2021-03-11,31.298961639404297
2021-03-12,31.617233276367188
2021-03-15,31.435365676879883
2021-03-16,31.10801124572754
2021-03-17,31.317148208618164
2021-03-18,31.480831146240234
2021-03-19,31.11709976196289
2021-03-22,30.71614646911621
2021-03-23,30.286863327026367
2021-03-24,30.396461486816406
2021-03-25,30.90794563293457
2021-03-26,31.39202308654785
2021-03-29,31.11802101135254
2021-03-30,31.337217330932617
2021-03-31,31.09974479675293
2021-04-01,31.483356475830078
2021-04-05,31.72995948791504
2021-04-06,31.6660213470459
2021-04-07,31.821298599243164
2021-04-08,31.83043098449707
2021-04-09,32.104434967041016
2021-04-12,32.24143981933594
2021-04-13,31.940034866333008
2021-04-14,32.131839752197266
2021-04-15,32.104434967041016
2021-04-16,32.33277893066406
2021-04-19,32.24143981933594
2021-04-20,31.63863182067871
2021-04-21,32.077030181884766
2021-04-22,31.720827102661133
2021-04-23,32.31452178955078
2021-04-26,32.44236755371094
2021-04-27,32.69811248779297
2021-04-28,32.825984954833984
2021-04-29,33.41054153442383
2021-04-30,33.11827087402344
2021-05-03,33.28266525268555
2021-05-04,33.547542572021484
2021-05-05,33.82154846191406
2021-05-06,34.32389450073242
2021-05-07,34.50655746459961
2021-05-10,34.479156494140625
2021-05-11,33.867210388183594
2021-05-12,33.520145416259766
2021-05-13,34.05902099609375
2021-05-14,34.597896575927734
2021-05-17,34.66183853149414
2021-05-18,34.17774963378906
2021-05-19,33.96768569946289
2021-05-20,33.9859504699707
2021-05-21,34.32389450073242
2021-05-24,34.4882926940918
2021-05-25,34.1412239074707
2021-05-26,34.2416877746582
2021-05-27,34.634429931640625
2021-05-28,34.698368072509766
2021-06-01,34.908443450927734
2021-06-02,34.96323776245117
2021-06-03,35.04544448852539
2021-06-04,35.13677978515625
2021-06-07,34.908443450927734
2021-06-08,34.817100524902344
2021-06-09,34.4882926940918
2021-06-10,34.08641052246094
2021-06-11,34.305625915527344
2021-06-14,33.94942092895508
2021-06-15,34.01335906982422
2021-06-16,33.9768180847168
2021-06-17,32.97212219238281
2021-06-18,32.1775016784668
2021-06-21,32.92850112915039
2021-06-22,32.9835319519043
2021-06-23,33.04771041870117
2021-06-24,33.46035385131836
2021-06-25,33.86381912231445
2021-06-28,33.616241455078125
2021-06-29,33.49702835083008
2021-06-30,33.64374923706055
2021-07-01,33.90966796875
2021-07-02,33.87299728393555
2021-07-06,33.341156005859375
2021-07-07,33.38699722290039
2021-07-08,32.71760177612305
2021-07-09,33.662078857421875
2021-07-12,33.99220275878906
2021-07-13,33.625404357910156
2021-07-14,33.46952819824219
2021-07-15,33.579559326171875
2021-07-16,33.1210823059082
2021-07-19,32.19493865966797
2021-07-20,32.99269485473633
2021-07-21,33.56122970581055
2021-07-22,33.19443130493164
2021-07-23,33.249454498291016
2021-07-26,33.44200897216797
2021-07-27,33.43284225463867
2021-07-28,33.38699722290039
2021-07-29,33.753787994384766
2021-07-30,33.48786926269531
2021-08-02,33.49702835083008
2021-08-03,33.87299728393555
2021-08-04,33.588722229003906
2021-08-05,34.02888107299805
2021-08-06,34.71661376953125
2021-08-09,34.80830764770508
2021-08-10,35.17509460449219
2021-08-11,35.57855987548828
2021-08-12,35.64274597167969
2021-08-13,35.37682342529297
2021-08-16,35.28512954711914
2021-08-17,35.03754806518555
2021-08-18,34.606571197509766
2021-08-19,34.349822998046875
2021-08-20,34.56071472167969
2021-08-23,34.844974517822266
2021-08-24,35.055885314941406
2021-08-25,35.468528747558594
2021-08-26,35.2943115234375
2021-08-27,35.761959075927734
2021-08-30,35.25761795043945
2021-08-31,35.211769104003906
2021-09-01,35.010032653808594
2021-09-02,35.12924575805664
2021-09-03,34.90917205810547
2021-09-07,34.69826126098633
2021-09-08,34.61574172973633
2021-09-09,34.71661376953125
2021-09-10,34.459861755371094
2021-09-13,34.85414123535156
2021-09-14,34.38648986816406
2021-09-15,34.71661376953125
2021-09-16,34.61574172973633
2021-09-17,34.459861755371094
2021-09-20,33.66046905517578
2021-09-21,33.61442565917969
2021-09-22,34.17620849609375
2021-09-23,35.01426315307617
2021-09-24,35.19845199584961
2021-09-27,35.67734146118164
2021-09-28,35.08794021606445
2021-09-29,35.115570068359375
2021-09-30,34.5629997253418
2021-10-01,35.13397979736328
2021-10-04,34.830074310302734
2021-10-05,35.511566162109375
2021-10-06,35.54840850830078
2021-10-07,35.760231018066406
2021-10-08,35.935203552246094
2021-10-11,35.57603454589844
2021-10-12,35.46552276611328
2021-10-13,35.26291275024414
2021-10-14,35.852325439453125
2021-10-15,36.38646697998047
2021-10-18,36.39567565917969
2021-10-19,36.75484085083008
2021-10-20,37.04954528808594
2021-10-21,36.89298629760742
2021-10-22,37.40871047973633
2021-10-25,37.362667083740234
2021-10-26,37.39029312133789
2021-10-27,36.77326202392578
2021-10-28,37.22452163696289
2021-10-29,37.077171325683594
2021-11-01,37.0955924987793
2021-11-02,37.18769073486328
2021-11-03,37.32583236694336
2021-11-04,36.83772659301758
2021-11-05,36.85615539550781
2021-11-08,37.05875015258789
2021-11-09,36.85615539550781
2021-11-10,36.79169464111328
2021-11-11,36.89298629760742
2021-11-12,36.97587966918945
2021-11-15,36.97587966918945
2021-11-16,36.93903350830078
2021-11-17,36.5153923034668
2021-11-18,36.331207275390625
2021-11-19,35.935203552246094
2021-11-22,36.44173049926758
2021-11-23,37.0127067565918
2021-11-24,36.92982482910156
2021-11-26,35.7049674987793
2021-11-29,35.81547927856445
2021-11-30,34.959007263183594
2021-12-01,34.572200775146484
2021-12-02,35.603660583496094
2021-12-03,35.02347183227539
2021-12-06,35.55762481689453
2021-12-07,36.19306945800781
2021-12-08,35.99966812133789
2021-12-09,35.926002502441406
2021-12-10,35.962833404541016
2021-12-13,35.57603454589844
2021-12-14,35.78785705566406
2021-12-15,35.889156341552734
2021-12-16,36.340423583984375
2021-12-17,35.539207458496094
2021-12-20,34.84888458251953
2021-12-21,35.570655822753906
2021-12-22,35.73722839355469
2021-12-23,35.92229461669922
2021-12-27,36.29243850708008
2021-12-28,36.310951232910156
2021-12-29,36.26467514038086
2021-12-30,36.19990158081055
2021-12-31,36.135128021240234
2022-01-03,36.57929611206055
2022-01-04,37.54166793823242
2022-01-05,37.106754302978516
2022-01-06,37.6527099609375
2022-01-07,38.09688186645508
2022-01-10,37.96733093261719
2022-01-11,38.30045700073242
2022-01-12,38.328216552734375
2022-01-13,38.18016052246094
2022-01-14,37.78226089477539
2022-01-18,36.940185546875
2022-01-19,36.320194244384766
2022-01-20,36.088863372802734
2022-01-21,35.348575592041016
2022-01-24,35.45035934448242
2022-01-25,35.598426818847656
2022-01-26,35.69095993041992
2022-01-27,35.36709213256836
2022-01-28,35.82976531982422
2022-01-31,36.144386291503906
2022-02-01,36.64406204223633
2022-02-02,36.893917083740234
2022-02-03,36.48676300048828
2022-02-04,37.106754302978516
2022-02-07,37.217796325683594
2022-02-08,37.73598861694336
2022-02-09,37.97658920288086
2022-02-10,37.64345932006836
2022-02-11,37.116004943847656
2022-02-14,36.69959259033203
2022-02-15,37.19929122924805
2022-02-16,37.227046966552734
2022-02-17,36.30168914794922
2022-02-18,36.29243850708008
2022-02-22,36.10736846923828
2022-02-23,35.47812271118164
2022-02-24,35.05246353149414
2022-02-25,36.181392669677734
2022-02-28,35.64468765258789
2022-03-01,34.330684661865234
2022-03-02,35.21902847290039
2022-03-03,35.10798263549805
2022-03-04,34.45098114013672
2022-03-07,33.1924934387207
2022-03-08,32.998165130615234
2022-03-09,34.21038818359375
2022-03-10,33.923526763916016
2022-03-11,33.682945251464844
2022-03-14,34.10860824584961
2022-03-15,34.58978271484375
2022-03-16,35.56139373779297
2022-03-17,36.00558090209961
2022-03-18,36.088863372802734
2022-03-21,36.053558349609375
2022-03-22,36.63880920410156
2022-03-23,35.960655212402344
2022-03-24,36.2486457824707
2022-03-25,36.713130950927734
2022-03-28,36.61094284057617
2022-03-29,36.69455337524414
2022-03-30,36.4344367980957
2022-03-31,35.59836196899414
2022-04-01,35.50546646118164
2022-04-04,35.3475341796875
2022-04-05,35.12458801269531
2022-04-06,34.88304901123047
2022-04-07,34.84588623046875
2022-04-08,35.19890594482422
2022-04-11,35.04097366333008
2022-04-12,34.66008758544922
2022-04-13,34.66008758544922
2022-04-14,34.26993179321289
2022-04-18,34.47430419921875
2022-04-19,34.94807815551758
2022-04-20,35.18962097167969
2022-04-21,34.632225036621094
2022-04-22,33.60105514526367
2022-04-25,33.65680694580078
2022-04-26,32.81142807006836
2022-04-27,32.78356170654297
2022-04-28,33.20161056518555
2022-04-29,32.0589599609375
2022-05-02,32.06825637817383
2022-05-03,32.486297607421875
2022-05-04,33.48029327392578
2022-05-05,32.50487518310547
2022-05-06,32.27262878417969
2022-05-09,31.501577377319336
2022-05-10,31.22287940979004
2022-05-11,30.93489646911621
2022-05-12,30.70265769958496
2022-05-13,31.148569107055664
2022-05-16,30.88844871520996
2022-05-17,31.715242385864258
2022-05-18,30.841999053955078
2022-05-19,30.637630462646484
2022-05-20,30.581890106201172
2022-05-23,31.575889587402344
2022-05-24,31.510868072509766
2022-05-25,31.76169204711914
2022-05-26,32.49557876586914
2022-05-27,33.043670654296875
2022-05-31,32.950775146484375
2022-06-01,32.4212532043457
2022-06-02,32.86717987060547
2022-06-03,32.39338684082031
2022-06-06,32.486297607421875
2022-06-07,32.73711395263672
2022-06-08,32.16115188598633
2022-06-09,31.35293960571289
2022-06-10,30.219587326049805
2022-06-13,29.3184814453125
2022-06-14,29.067659378051758
2022-06-15,29.392799377441406
2022-06-16,28.649616241455078
2022-06-17,28.733230590820312
2022-06-21,29.306655883789062
2022-06-22,29.241281509399414
2022-06-23,29.129213333129883
2022-06-24,30.20322608947754
2022-06-27,30.100500106811523
2022-06-28,29.8016414642334
2022-06-29,29.633533477783203
2022-06-30,29.372034072875977
2022-07-01,29.773622512817383
2022-07-05,29.6708927154541
2022-07-06,29.59617805480957
2022-07-07,30.025789260864258
2022-07-08,29.960411071777344
2022-07-11,29.717592239379883
2022-07-12,29.530807495117188
2022-07-13,29.269302368164062
2022-07-14,28.708942413330078
2022-07-15,29.680233001708984
2022-07-18,29.568164825439453
2022-07-19,30.455394744873047
2022-07-20,30.567461013793945
2022-07-21,30.763593673706055
2022-07-22,30.586143493652344
2022-07-25,30.782268524169922
2022-07-26,30.3526611328125
2022-07-27,30.819625854492188
2022-07-28,31.04376983642578
2022-07-29,31.48271369934082
2022-08-01,31.221210479736328
2022-08-02,30.87566566467285
2022-08-03,31.342628479003906
2022-08-04,31.23989486694336
2022-08-05,31.464031219482422
2022-08-08,31.44535255432129
2022-08-09,31.60411834716797
2022-08-10,32.313899993896484
2022-08-11,32.69682693481445
2022-08-12,33.210487365722656
2022-08-15,33.201141357421875
2022-08-16,33.44395446777344
2022-08-17,33.275856018066406
2022-08-18,33.313209533691406
2022-08-19,32.65011215209961
2022-08-22,31.930999755859375
2022-08-23,31.800243377685547
2022-08-24,31.96834945678711
2022-08-25,32.46332931518555
2022-08-26,31.492053985595703
2022-08-29,31.267906188964844
2022-08-30,31.09979820251465
2022-08-31,30.86631965637207
2022-09-01,30.9597110748291
2022-09-02,30.716888427734375
2022-09-06,30.642179489135742
2022-09-07,31.24922752380371
2022-09-08,31.800243377685547
2022-09-09,32.08977127075195
2022-09-12,32.35126876831055
2022-09-13,31.146495819091797
2022-09-14,31.053102493286133
2022-09-15,31.155841827392578
2022-09-16,30.87566566467285
2022-09-19,31.225847244262695
2022-09-20,30.765823364257812
2022-09-21,30.127403259277344
2022-09-22,29.62042808532715
2022-09-23,29.1510066986084
2022-09-26,28.690975189208984
2022-09-27,28.568927764892578
2022-09-28,29.132234573364258
2022-09-29,28.766082763671875
2022-09-30,28.503206253051758
2022-10-03,29.273059844970703
2022-10-04,30.362112045288086
2022-10-05,30.127403259277344
2022-10-06,29.70492172241211
2022-10-07,29.000791549682617
2022-10-10,28.869359970092773
2022-10-11,28.503206253051758
2022-10-12,28.437488555908203
2022-10-13,29.611040115356445
2022-10-14,29.113452911376953
2022-10-17,29.84575080871582
2022-10-18,30.32455825805664
2022-10-19,29.826974868774414
2022-10-20,29.348163604736328
2022-10-21,30.22128677368164
2022-10-24,30.624990463256836
2022-10-25,30.991140365600586
2022-10-26,31.06624412536621
2022-10-27,31.319732666015625
2022-10-28,32.09896469116211
2022-10-31,31.901809692382812
2022-11-01,31.986309051513672
2022-11-02,31.582603454589844
2022-11-03,31.263397216796875
2022-11-04,31.83609390258789
2022-11-07,32.15530014038086
2022-11-08,32.34306716918945
2022-11-09,31.798542022705078
2022-11-10,33.403953552246094
2022-11-11,33.67621994018555
2022-11-14,33.19742202758789
2022-11-15,33.272525787353516
2022-11-16,33.1129150390625
2022-11-17,32.934539794921875
2022-11-18,33.20679473876953
2022-11-21,33.31007385253906
2022-11-22,33.64805603027344
2022-11-23,33.78888702392578
2022-11-25,33.90155029296875
2022-11-28,33.3194694519043
2022-11-29,33.51662063598633
2022-11-30,34.08930969238281
2022-12-01,33.892154693603516
2022-12-02,33.7325553894043
2022-12-05,32.89698028564453
2022-12-06,32.60594177246094
2022-12-07,32.47450256347656
2022-12-08,32.50267028808594
2022-12-09,32.418174743652344
2022-12-12,32.85004806518555
2022-12-13,32.934539794921875
2022-12-14,32.521446228027344
2022-12-15,31.883033752441406
2022-12-16,31.638938903808594
2022-12-19,31.553911209106445
2022-12-20,31.686172485351562
2022-12-21,32.17743682861328
2022-12-22,31.894010543823242
2022-12-23,32.07351303100586
2022-12-27,32.06406021118164
2022-12-28,31.950695037841797
2022-12-29,32.394718170166016
2022-12-30,32.309688568115234
2023-01-03,32.42305374145508
2023-01-04,32.94266128540039
2023-01-05,32.69702911376953
2023-01-06,33.42447280883789
2023-01-09,33.30165481567383
2023-01-10,33.49060821533203
2023-01-11,33.802364349365234
2023-01-12,33.868492126464844
2023-01-13,34.123573303222656
2023-01-17,33.89683532714844
2023-01-18,33.26387023925781
2023-01-19,32.87652587890625
2023-01-20,33.396121978759766
2023-01-23,33.783470153808594
2023-01-24,33.802364349365234
2023-01-25,34.0668830871582
2023-01-26,34.24638366699219
2023-01-27,34.24638366699219
2023-01-30,34.07632064819336
2023-01-31,34.53925704956055
2023-02-01,34.53925704956055
2023-02-02,34.63372039794922
2023-02-03,34.567588806152344
2023-02-06,34.55815124511719
2023-02-07,34.95492935180664
2023-02-08,34.74708938598633
2023-02-09,34.359745025634766
2023-02-10,34.473121643066406
2023-02-13,34.86990737915039
2023-02-14,34.680965423583984
2023-02-15,34.718746185302734
2023-02-16,34.369197845458984
2023-02-17,34.37864685058594
2023-02-21,33.670101165771484
2023-02-22,33.63231658935547
2023-02-23,33.66065216064453
2023-02-24,33.688995361328125
2023-02-27,33.6795539855957
2023-02-28,33.74568176269531
2023-03-01,33.63231658935547
2023-03-02,33.471710205078125
2023-03-03,34.00075912475586
2023-03-06,34.02909851074219
2023-03-07,33.1505012512207
2023-03-08,33.02767562866211
2023-03-09,31.686172485351562
2023-03-10,31.109886169433594
2023-03-13,29.881742477416992
2023-03-14,30.486370086669922
2023-03-15,29.673904418945312
2023-03-16,30.24073600769043
2023-03-17,29.267669677734375
2023-03-20,29.593318939208984
2023-03-21,30.34335708618164
2023-03-22,29.64078712463379
2023-03-23,29.44141387939453
2023-03-24,29.422426223754883
2023-03-27,29.830671310424805
2023-03-28,29.82118034362793
2023-03-29,30.25791358947754
2023-03-30,30.191452026367188
2023-03-31,30.52374839782715
2023-04-03,30.58070945739746
2023-04-04,30.29588508605957
2023-04-05,30.25791358947754
2023-04-06,30.371841430664062
2023-04-10,30.438302993774414
2023-04-11,30.704133987426758
2023-04-12,30.637680053710938
2023-04-13,30.91301155090332
2023-04-14,31.216827392578125
2023-04-17,31.577598571777344
2023-04-18,31.672544479370117
2023-04-19,31.74849510192871
2023-04-20,31.653554916381836
2023-04-21,31.539621353149414
2023-04-24,31.46367073059082
2023-04-25,30.922500610351562
2023-04-26,30.62818145751953
2023-04-27,31.121875762939453
2023-04-28,31.49214744567871
2023-05-01,31.406705856323242
2023-05-02,30.69464683532715
2023-05-03,30.34335708618164
2023-05-04,29.954099655151367
2023-05-05,30.69464683532715
2023-05-08,30.742116928100586
2023-05-09,30.62818145751953
2023-05-10,30.457290649414062
2023-05-11,30.409818649291992
2023-05-12,30.286392211914062
2023-05-15,30.533239364624023
2023-05-16,30.248416900634766
2023-05-17,30.856040954589844
2023-05-18,31.083908081054688
2023-05-19,30.950984954833984
2023-05-22,31.00794792175293
2023-05-23,30.647172927856445
2023-05-24,30.248416900634766
2023-05-25,30.238927841186523
2023-05-26,30.48577117919922
2023-05-30,30.47627830505371
2023-05-31,30.15347671508789
2023-06-01,30.47627830505371
2023-06-02,31.140869140625
2023-06-05,30.979467391967773
2023-06-06,31.368730545043945
2023-06-07,31.49214744567871
2023-06-08,31.46367073059082
2023-06-09,31.473169326782227
2023-06-12,31.46367073059082
2023-06-13,31.653554916381836
2023-06-14,31.53013038635254
2023-06-15,31.9478759765625
2023-06-16,31.881420135498047
2023-06-20,31.642993927001953
2023-06-21,31.604846954345703
2023-06-22,31.356895446777344
2023-06-23,31.22338104248047
2023-06-26,31.156618118286133
2023-06-27,31.404573440551758
2023-06-28,31.328279495239258
2023-06-29,31.871877670288086
2023-06-30,32.1484489440918
2023-07-03,32.329647064208984
2023-07-05,32.26288604736328
2023-07-06,31.986316680908203
2023-07-07,32.034000396728516
2023-07-10,32.177059173583984
2023-07-11,32.55852508544922
2023-07-12,32.768333435058594
2023-07-13,32.88276672363281
2023-07-14,32.66343307495117
2023-07-17,32.97814178466797
2023-07-18,33.350074768066406
2023-07-19,33.49312210083008
2023-07-20,33.7410888671875
2023-07-21,33.626644134521484
2023-07-24,33.95088195800781
2023-07-25,33.731544494628906
2023-07-26,33.931819915771484
2023-07-27,33.502662658691406
2023-07-28,33.569419860839844
2023-07-31,33.69340896606445
2023-08-01,33.69340896606445
2023-08-02,33.40729904174805
2023-08-03,33.42637252807617
2023-08-04,33.29286193847656
2023-08-07,33.76015853881836
2023-08-08,33.45498275756836
2023-08-09,33.207027435302734
2023-08-10,33.235633850097656
2023-08-11,33.30238723754883
2023-08-14,33.235633850097656
2023-08-15,32.625274658203125
2023-08-16,32.577598571777344
2023-08-17,32.415470123291016
2023-08-18,32.40593338012695
2023-08-21,32.3677864074707
2023-08-22,32.06261444091797
2023-08-23,32.3773307800293
2023-08-24,32.26288604736328
2023-08-25,32.415470123291016
2023-08-28,32.59667205810547
2023-08-29,32.89231491088867
2023-08-30,32.91138458251953
2023-08-31,32.78740310668945
2023-09-01,33.08304214477539
2023-09-05,32.74925994873047
2023-09-06,32.73018264770508
2023-09-07,32.64434814453125
2023-09-08,32.711116790771484
2023-09-11,32.86370086669922
2023-09-12,33.08304214477539
2023-09-13,33.08304214477539
2023-09-14,33.388221740722656
2023-09-15,33.21656036376953
2023-09-18,33.30756378173828
2023-09-19,33.269248962402344
2023-09-20,33.039344787597656
2023-09-21,32.49331283569336
2023-09-22,32.24425506591797
2023-09-25,32.320892333984375
2023-09-26,31.889820098876953
2023-09-27,31.841917037963867
2023-09-28,32.07181930541992
2023-09-29,31.774858474731445
2023-10-02,31.50663948059082
2023-10-03,31.00851058959961
2023-10-04,31.238414764404297
2023-10-05,31.382108688354492
2023-10-06,31.650331497192383
2023-10-09,31.66948699951172
2023-10-10,31.899396896362305
2023-10-11,31.94728660583496
2023-10-12,31.746124267578125
2023-10-13,31.813180923461914
2023-10-16,32.148460388183594
2023-10-17,32.30173110961914
2023-10-18,31.746124267578125
2023-10-19,31.32463264465332
2023-10-20,30.84566307067871
2023-10-23,30.65407371520996
2023-10-24,30.86482048034668
2023-10-25,30.749868392944336
2023-10-26,30.682811737060547
2023-10-27,30.127208709716797
2023-10-30,30.663650512695312
2023-10-31,30.998926162719727
2023-11-01,31.200098037719727
2023-11-02,31.937713623046875
2023-11-03,32.35920715332031
2023-11-06,32.26341247558594
2023-11-07,32.215518951416016
2023-11-08,32.25383377075195
2023-11-09,32.119720458984375
2023-11-10,32.48373794555664
2023-11-13,32.43584442138672
2023-11-14,33.04892349243164
2023-11-15,33.230926513671875
2023-11-16,33.36503982543945
2023-11-17,33.537471771240234
2023-11-20,33.67158508300781
2023-11-21,33.65242385864258
2023-11-22,33.78653335571289
2023-11-24,33.89191436767578
2023-11-27,33.77695846557617
2023-11-28,33.767372131347656
2023-11-29,34.006866455078125
2023-11-30,34.390045166015625
2023-12-01,34.648685455322266
2023-12-04,34.6103630065918
2023-12-05,34.43793487548828
2023-12-06,34.265506744384766
2023-12-07,34.4283561706543
2023-12-08,34.6103630065918
2023-12-11,34.82110595703125
2023-12-12,35.0701789855957
2023-12-13,35.6353645324707
2023-12-14,35.98979568481445
2023-12-15,35.779052734375
2023-12-18,35.89842224121094
2023-12-19,36.16797637939453
2023-12-20,35.522979736328125
2023-12-21,35.86954116821289
2023-12-22,35.94655990600586
2023-12-26,36.09096145629883
2023-12-27,36.206478118896484
2023-12-28,36.312381744384766
2023-12-29,36.19685745239258
2024-01-02,36.350887298583984
2024-01-03,36.04282760620117
2024-01-04,36.18722915649414
2024-01-05,36.341251373291016
2024-01-08,36.572296142578125
2024-01-09,36.341251373291016
2024-01-10,36.39901351928711
2024-01-11,36.26424026489258
2024-01-12,36.19685745239258
2024-01-16,35.94655990600586
2024-01-17,35.879173278808594
2024-01-18,35.936927795410156
2024-01-19,36.51454162597656
2024-01-22,36.68782043457031
2024-01-23,36.745582580566406
2024-01-24,36.889991760253906
2024-01-25,37.07289505004883
2024-01-26,37.20767593383789
2024-01-29,37.30393981933594
2024-01-30,37.77565383911133
2024-01-31,37.313568115234375
2024-02-01,37.37133026123047
2024-02-02,37.525352478027344
2024-02-05,37.30393981933594
2024-02-06,37.380958557128906
2024-02-07,37.66012954711914
2024-02-08,37.5157356262207
2024-02-09,37.62162780761719
2024-02-12,37.79490280151367
2024-02-13,37.28469467163086
2024-02-14,37.640872955322266
2024-02-15,38.2858772277832
2024-02-16,38.15110397338867
2024-02-20,38.04520034790039
2024-02-21,38.16073226928711
2024-02-22,38.60355758666992
2024-02-23,38.79609680175781
2024-02-26,38.60355758666992
2024-02-27,38.70945358276367
2024-02-28,38.853858947753906
2024-02-29,38.83460235595703
2024-03-01,38.78647232055664
2024-03-04,38.88273620605469
2024-03-05,38.892364501953125
2024-03-06,39.09453201293945
2024-03-07,39.03676223754883
2024-03-08,39.104156494140625
2024-03-11,39.17154312133789
2024-03-12,39.335205078125
2024-03-13,39.62400436401367
2024-03-14,39.30631637573242
2024-03-15,39.26781463623047
2024-03-18,39.492958068847656
2024-03-19,39.686222076416016
2024-03-20,40.15971374511719
2024-03-21,40.488258361816406
2024-03-22,40.0244255065918
2024-03-25,39.86981964111328
2024-03-26,40.00510787963867
2024-03-27,40.47859573364258
2024-03-28,40.700843811035156
2024-04-01,40.47859573364258
2024-04-02,40.26599884033203
2024-04-03,40.246681213378906
2024-04-04,39.79251480102539
2024-04-05,40.16937255859375
2024-04-08,40.34331512451172
2024-04-09,40.111392974853516
2024-04-10,39.512290954589844
2024-04-11,39.23206329345703
2024-04-12,38.71025848388672
2024-04-15,38.51698303222656
2024-04-16,38.25608825683594
2024-04-17,38.35272216796875
2024-04-18,38.48800277709961
2024-04-19,39.01947021484375
2024-04-22,39.492958068847656
2024-04-23,39.744205474853516
2024-04-24,39.73453903198242
2024-04-25,39.502628326416016
2024-04-26,39.444644927978516
2024-04-29,39.38666534423828
2024-04-30,39.000144958496094
2024-05-01,39.000144958496094
2024-05-02,39.09677505493164
2024-05-03,39.183738708496094
2024-05-06,39.686222076416016
2024-05-07,39.82150650024414
2024-05-08,39.966453552246094
2024-05-09,40.26599884033203
2024-05-10,40.42061996459961
2024-05-13,40.25634002685547
2024-05-14,40.45927047729492
2024-05-15,40.75882339477539
2024-05-16,40.75882339477539
2024-05-17,41.05837631225586
2024-05-20,40.497920989990234
2024-05-21,40.75882339477539
2024-05-22,40.52690887451172
2024-05-23,39.966453552246094
2024-05-24,40.20803451538086
2024-05-28,39.76352310180664
2024-05-29,39.444644927978516
2024-05-30,39.65723419189453
2024-05-31,40.23701095581055
2024-06-03,39.98577880859375
2024-06-04,39.80217742919922
2024-06-05,39.91813659667969
2024-06-06,39.8988151550293
2024-06-07,40.08240509033203
2024-06-10,39.92779541015625
2024-06-11,39.473636627197266
2024-06-12,39.43498611450195
2024-06-13,39.40599060058594
2024-06-14,39.28038024902344
2024-06-17,39.62824249267578
2024-06-18,39.87948226928711
2024-06-20,40.092071533203125
2024-06-21,39.937469482421875
2024-06-24,40.34782791137695
2024-06-25,40.04708480834961
2024-06-26,39.79485321044922
2024-06-27,39.74635314941406
2024-06-28,39.88216781616211
2024-07-01,39.969482421875
2024-07-02,40.435142517089844
2024-07-03,40.30902099609375
2024-07-05,40.299320220947266
2024-07-08,40.19261169433594
2024-07-09,40.5030517578125
2024-07-10,40.65827178955078
2024-07-11,40.978416442871094
2024-07-12,41.11423110961914
2024-07-15,41.71571350097656
2024-07-16,42.19108200073242
2024-07-17,42.51123046875
2024-07-18,41.99705123901367
2024-07-19,41.570194244384766
2024-07-22,41.80303192138672
2024-07-23,41.880638122558594
2024-07-24,41.308258056640625
2024-07-25,41.46348571777344
2024-07-26,42.113468170166016
2024-07-29,42.05525588989258
2024-07-30,42.54032897949219
2024-07-31,42.433616638183594
2024-08-01,41.832130432128906
2024-08-02,40.803794860839844
2024-08-05,39.62022399902344
2024-08-06,40.26051712036133
2024-08-07,40.30902099609375
2024-08-08,40.95901870727539
2024-08-09,41.13363265991211
2024-08-12,40.92021179199219
2024-08-13,41.25975036621094
2024-08-14,41.764225006103516
2024-08-15,42.15227508544922
2024-08-16,42.46271896362305
2024-08-19,42.6955451965332
2024-08-20,42.55973434448242
2024-08-21,42.491825103759766
2024-08-22,42.734352111816406
2024-08-23,43.103004455566406
2024-08-26,43.23881912231445
2024-08-27,43.46195602416992
2024-08-28,43.56867218017578
2024-08-29,43.95671844482422
2024-08-30,44.37388229370117
2024-09-03,44.04403305053711
2024-09-04,44.09254837036133
2024-09-05,43.60747528076172
2024-09-06,42.967185974121094
2024-09-09,43.60747528076172
2024-09-10,43.16121292114258
2024-09-11,42.95748519897461
2024-09-12,43.054500579833984
2024-09-13,43.18061447143555
2024-09-16,43.74329376220703
2024-09-17,43.97612380981445
2024-09-18,43.84030532836914
2024-09-19,44.325374603271484
2024-09-20,44.2962646484375
2024-09-23,44.24271774291992
2024-09-24,43.87272644042969
2024-09-25,43.60984420776367
2024-09-26,43.83378219604492
2024-09-27,43.96036148071289
2024-09-30,44.12588119506836
2024-10-01,43.89220428466797
2024-10-02,43.940887451171875
2024-10-03,43.70720672607422
2024-10-04,44.44718551635742
2024-10-07,43.901939392089844
2024-10-08,44.15509033203125
2024-10-09,44.56402587890625
2024-10-10,44.427711486816406
2024-10-11,45.284523010253906
2024-10-14,45.5668830871582
2024-10-15,45.66425323486328
2024-10-16,46.228965759277344
2024-10-17,46.355533599853516
2024-10-18,46.36527633666992
2024-10-21,45.995296478271484
2024-10-22,45.90766906738281
2024-10-23,45.868717193603516
2024-10-24,45.90766906738281
2024-10-25,45.4013671875
2024-10-28,45.96608352661133
2024-10-29,45.683719635009766
2024-10-30,45.8881950378418
2024-10-31,45.255313873291016
2024-11-01,45.41109848022461
2024-11-04,45.06058883666992
2024-11-05,45.479248046875
2024-11-06,48.244422912597656
2024-11-07,47.46550369262695
2024-11-08,47.89391326904297
2024-11-11,48.57545852661133
2024-11-12,48.429420471191406
2024-11-13,48.45862579345703
2024-11-14,48.33205032348633
2024-11-15,48.55598831176758
2024-11-18,48.70204162597656
2024-11-19,48.3807373046875
2024-11-20,48.23469161987305
2024-11-21,48.848087310791016
2024-11-22,49.393333435058594
2024-11-25,49.71464157104492
2024-11-26,49.81200408935547
2024-11-27,49.909366607666016
2024-11-29,49.98726272583008
2024-12-02,49.490699768066406
2024-12-03,49.12071228027344
2024-12-04,48.93571090698242
2024-12-05,49.08176803588867
2024-12-06,49.07202911376953
2024-12-09,48.400211334228516
2024-12-10,48.39047622680664
2024-12-11,48.48783493041992
2024-12-12,48.27363586425781
2024-12-13,48.23469161987305
2024-12-16,48.14706039428711
2024-12-17,47.806278228759766
2024-12-18,46.37501907348633
2024-12-19,46.5405387878418
2024-12-20,47.2318229675293
2024-12-23,47.34524917602539
2024-12-24,47.90260314941406
2024-12-26,48.01993942260742
2024-12-27,47.66792297363281
2024-12-30,47.20835876464844
2024-12-31,47.25725173950195
2025-01-02,47.13990783691406
2025-01-03,47.511478424072266
2025-01-06,47.36480712890625
2025-01-07,47.25725173950195
2025-01-08,47.413700103759766
2025-01-10,46.26966857910156
2025-01-13,46.60211944580078
2025-01-14,47.17902374267578
2025-01-15,48.3817253112793
2025-01-16,48.70439910888672
2025-01-17,49.11507797241211
2025-01-21,49.525753021240234
2025-01-22,49.29108428955078
2025-01-23,49.574642181396484
2025-01-24,49.7213134765625
2025-01-27,50.268882751464844
2025-01-28,50.18088150024414
2025-01-29,50.14177322387695
2025-01-30,50.62089538574219
2025-01-31,50.32755661010742
2025-02-03,50.122215270996094
2025-02-04,50.0048713684082
2025-02-05,50.53289031982422
2025-02-06,50.95334243774414
2025-02-07,50.6697883605957
2025-02-10,50.268882751464844
2025-02-11,50.395999908447266
2025-02-12,50.21998977661133
2025-02-13,50.552452087402344
2025-02-14,50.65023422241211
2025-02-18,51.01201248168945
2025-02-19,51.03157424926758
2025-02-20,50.24932861328125
2025-02-21,49.62353515625
2025-02-24,49.83864974975586
2025-02-25,49.82887268066406
2025-02-26,49.7213134765625
2025-02-27,49.99509811401367
2025-02-28,51.02179718017578
2025-03-03,50.5915641784668
2025-03-04,48.811954498291016
2025-03-05,49.095516204833984
2025-03-06,48.2839469909668
2025-03-07,48.02971649169922
2025-03-10,46.954132080078125
2025-03-11,46.55323028564453
2025-03-12,46.62167739868164
2025-03-13,46.36745071411133
2025-03-14,47.44303894042969
2025-03-17,48.00038528442383
2025-03-18,47.941707611083984
2025-03-19,48.469722747802734
2025-03-20,48.538169860839844
2025-03-21,48.36216735839844
2025-03-24,49.214969635009766
2025-03-25,49.489742279052734
2025-03-26,49.3425407409668
2025-03-27,49.24440383911133
2025-03-28,48.29248809814453
2025-03-31,48.88130187988281
2025-04-01,48.82242202758789
2025-04-02,49.22477722167969
2025-04-03,46.80083465576172
2025-04-04,43.37590408325195
2025-04-07,43.26795196533203
2025-04-08,43.10111618041992
2025-04-09,46.34940719604492
2025-04-10,45.054019927978516
2025-04-11,45.799842834472656
2025-04-14,46.27090072631836
2025-04-15,46.38866424560547
2025-04-16,45.66246032714844
2025-04-17,45.78022384643555
2025-04-21,44.798866271972656
2025-04-22,46.28071212768555
2025-04-23,46.83027267456055
2025-04-24,47.35039138793945
2025-04-25,47.12467575073242
2025-04-28,47.27187728881836
2025-04-29,47.76255798339844
2025-04-30,47.85087585449219
2025-05-01,47.841068267822266
2025-05-02,48.832237243652344
2025-05-05,48.51820373535156
2025-05-06,48.24342346191406
2025-05-07,48.528018951416016
2025-05-08,48.93037033081055
2025-05-09,48.93037033081055
2025-05-12,49.921539306640625
2025-05-13,50.12763214111328
2025-05-14,49.990238189697266
2025-05-15,50.32389450073242
2025-05-16,50.628116607666016
2025-05-19,50.657554626464844
2025-05-20,50.382774353027344
2025-05-21,49.35235595703125
2025-05-22,49.29347610473633
2025-05-23,49.11682891845703
2025-05-27,49.98042297363281
2025-05-28,49.64676284790039
2025-05-29,49.901912689208984
2025-05-30,50.009864807128906
2025-06-02,50.02949142456055
2025-06-03,50.12763214111328
2025-06-04,49.84303283691406
2025-06-05,49.70563888549805
2025-06-06,50.32389450073242
2025-06-09,50.04911804199219
2025-06-10,50.108001708984375
2025-06-11,50.04911804199219
2025-06-12,50.04911804199219
2025-06-13,49.028507232666016
2025-06-16,49.58787536621094
2025-06-17,49.30329132080078
2025-06-18,49.28366470336914
2025-06-20,49.421051025390625
2025-06-23,50.04338836669922
2025-06-24,50.791778564453125
2025-06-25,50.62437057495117
2025-06-26,50.99856948852539
2025-06-27,51.146270751953125
2025-06-30,51.5697021484375
2025-07-01,51.85527038574219
2025-07-02,51.81588363647461
2025-07-03,52.37717056274414
2025-07-07,51.87496566772461
2025-07-08,51.412147521972656
2025-07-09,51.599246978759766
2025-07-10,51.904510498046875
2025-07-11,51.3629150390625
2025-07-14,51.746952056884766
2025-07-15,50.86071014404297
2025-07-16,51.215206146240234
2025-07-17,51.70756530761719
2025-07-18,51.73711013793945
2025-07-21,51.58940124511719
2025-07-22,51.87496566772461
2025-07-23,52.28854751586914
2025-07-24,52.25900650024414
2025-07-25,52.62335205078125
2025-07-28,52.25900650024414
2025-07-29,51.993133544921875
2025-07-30,51.89466094970703
2025-07-31,51.5697021484375
2025-08-01,50.614532470703125
2025-08-04,51.11673355102539
2025-08-05,50.909942626953125
2025-08-06,51.156124114990234
2025-08-07,50.584983825683594
2025-08-08,51.05765151977539
2025-08-11,51.03795623779297
2025-08-12,51.658329010009766
2025-08-13,51.9537467956543
2025-08-14,52.19992446899414
2025-08-15,51.658329010009766
2025-08-18,51.69771957397461
2025-08-19,51.79618835449219
2025-08-20,52.06206130981445
2025-08-21,51.89466094970703
2025-08-22,52.751365661621094
2025-08-25,52.446102142333984
2025-08-26,52.84983825683594
2025-08-27,52.958152770996094
2025-08-28,53.0270881652832
2025-08-29,53.164947509765625
2025-09-02,52.771060943603516
2025-09-03,52.682437896728516
2025-09-04,53.233882904052734
2025-09-05,52.25900650024414
2025-09-08,52.298397064208984
2025-09-09,52.52488327026367
2025-09-10,52.34762954711914
2025-09-11,53.2043342590332
2025-09-12,52.977848052978516
2025-09-15,52.85968780517578
2025-09-16,52.741519927978516
2025-09-17,53.253578186035156
2025-09-18,53.30281066894531
2025-09-19,53.42097473144531
2025-09-22,53.3498420715332
2025-09-23,53.112728118896484
2025-09-24,52.964542388916016
2025-09-25,52.826229095458984
2025-09-26,53.21152877807617
2025-09-29,53.47827911376953
2025-09-30,53.22140884399414
2025-10-01,52.74718475341797
2025-10-02,52.70766830444336
2025-10-03,53.073219299316406
2025-10-06,53.0534553527832
2025-10-07,53.12261199951172
2025-10-08,52.86573791503906
2025-10-09,52.67803192138672
2025-10-10,51.53199768066406
2025-10-13,52.02597427368164
2025-10-14,52.598995208740234
2025-10-15,52.598995208740234
2025-10-16,51.136810302734375
2025-10-17,51.551753997802734
2025-10-20,52.1544075012207
2025-10-21,52.09513473510742
2025-10-22,51.798744201660156
2025-10-23,51.90742111206055
2025-10-24,52.470558166503906
2025-10-27,52.68791198730469
2025-10-28,52.35200500488281
2025-10-29,51.46284103393555
2025-10-30,51.60115432739258
2025-10-31,51.739463806152344
2025-11-03,51.522117614746094
2025-11-04,51.78886032104492
2025-11-05,51.966697692871094
2025-11-06,51.778987884521484
2025-11-07,52.14453125
2025-11-10,52.332244873046875
2025-11-11,52.56935119628906
2025-11-12,53.0238151550293
2025-11-13,52.342124938964844
2025-11-14,51.818504333496094
2025-11-17,50.83054733276367
2025-11-18,50.75150680541992
2025-11-19,50.9392204284668
2025-11-20,50.4946403503418
2025-11-21,51.04789733886719
2025-11-24,51.2652473449707
2025-11-25,51.90742111206055
2025-11-26,52.31248474121094
2025-11-28,52.68791198730469
2025-12-01,52.25320816040039
2025-12-02,52.20380783081055
2025-12-03,52.9052619934082
2025-12-04,53.01393508911133
2025-12-05,53.033695220947266
2025-12-08,52.83610153198242
2025-12-09,52.638511657714844
2025-12-10,53.24116897583008
2025-12-11,54.20936584472656
2025-12-12,54.28840637207031
2025-12-15,54.32792663574219
2025-12-16,53.98213577270508
2025-12-17,53.972259521484375
2025-12-18,53.88334274291992
2025-12-19,54.17972946166992
2025-12-22,54.844970703125
2025-12-23,54.95402526855469
2025-12-24,55.25144958496094
2025-12-26,55.142391204833984
2025-12-29,54.844970703125
2025-12-30,54.70616912841797
2025-12-31,54.29969024658203
2026-01-02,54.458316802978516
2026-01-05,55.648014068603516
2026-01-06,55.91569900512695
2026-01-07,55.13248062133789
2026-01-08,55.41999053955078
2026-01-09,55.25144958496094
2026-01-12,54.81522750854492
2026-01-13,53.76432800292969
2026-01-14,53.68501663208008
2026-01-15,53.90312576293945
2026-01-16,53.9725227355957
2026-01-20,52.7431755065918
2026-01-21,53.000938415527344
2026-01-22,53.34793472290039
2026-01-23,52.614288330078125
2026-01-26,52.95137023925781
2026-01-27,52.544891357421875
2026-01-28,52.534976959228516
2026-01-29,53.09016799926758
2026-01-30,52.981109619140625
2026-02-02,53.566043853759766
2026-02-03,53.070335388183594
2026-02-04,53.496646881103516
2026-02-05,52.832401275634766
2026-02-06,53.794071197509766
2026-02-09,53.4768180847168
2026-02-10,53.09016799926758
2026-02-11,52.28712463378906
2026-02-12,51.24613952636719
2026-02-13,51.206485748291016
2026-02-17,51.75175857543945
2026-02-18,52.13841247558594
2026-02-19,51.70219039916992
2026-02-20,52.03927230834961
2026-02-23,50.29438018798828
2026-02-24,50.542236328125
2026-02-25,51.42459487915039
2026-02-26,52.0491828918457
2026-02-27,50.988372802734375
2026-03-02,50.85948944091797
2026-03-03,50.770263671875
2026-03-04,51.057769775390625
2026-03-05,50.79008865356445
2026-03-06,50.13575744628906
2026-03-09,49.89781951904297
2026-03-10,49.63013458251953
2026-03-11,49.213741302490234
2026-03-12,48.41069793701172
2026-03-13,48.470184326171875
2026-03-16,48.87665939331055
2026-03-17,49.13443374633789
2026-03-18,48.54949951171875
2026-03-19,48.56932830810547
2026-03-20,48.65855407714844
2026-03-23,49.0980110168457
2026-03-24,49.107975006103516
2026-03-25,49.16776657104492
2026-03-26,48.87877655029297
2026-03-27,47.64310836791992
2026-03-30,48.19118881225586
2026-03-31,49.197662353515625
2026-04-01,49.267417907714844
2026-04-02,49.35710144042969
2026-04-06,49.70588302612305
2026-04-07,49.70588302612305
2026-04-08,51.02127456665039
2026-04-09,51.150821685791016
2026-04-10,50.5927734375
2026-04-13,51.47966766357422
2026-04-14,51.599246978759766
2026-04-15,51.987884521484375
2026-04-16,51.84837341308594
2026-04-17,52.246978759765625
2026-04-20,52.44628143310547
2026-04-21,52.117431640625
2026-04-22,52.027748107910156
2026-04-23,51.619178771972656
2026-04-24,51.24050521850586
2026-04-27,51.629146575927734
2026-04-28,51.669002532958984
2026-04-29,51.7387580871582
2026-04-30,51.948028564453125
2026-05-01,51.7387580871582
2026-05-04,51.39994812011719
2026-05-05,51.409912109375
2026-05-06,51.65903854370117
2026-05-07,51.370052337646484
2026-05-08,51.061134338378906
2026-05-11,51.0013427734375
2026-05-12,51.39994812011719
2026-05-13,50.812007904052734
2026-05-14,51.1109619140625
2026-05-15,50.92162322998047
2026-05-18,51.559391021728516
2026-05-19,50.92162322998047
2026-05-20,51.47966766357422
2026-05-21,51.54942321777344
2026-05-22,51.758689880371094
2026-05-26,51.669002532958984
2026-05-27,51.24050521850586
2026-05-28,51.09103012084961
2026-05-29,51.39994812011719
2026-06-01,51.25047302246094
2026-06-02,51.280364990234375
2026-06-03,50.69242477416992
2026-06-04,52.007816314697266
2026-06-05,52.117431640625
2026-06-08,51.7885856628418
2026-06-09,52.27687454223633
2026-06-10,52.04767608642578
2026-06-11,52.436317443847656
2026-06-12,53.153804779052734
2026-06-15,53.3730354309082
2026-06-16,54.1602783203125
2026-06-17,53.861324310302734
2026-06-18,53.382999420166016
2026-06-22,53.70000076293945
2026-06-23,53.880001068115234
2026-06-24,53.720001220703125
2026-06-25,53.45000076293945
2026-06-26,53.56999969482422
2026-06-29,53.720001220703125
2026-06-30,53.61000061035156
2026-07-01,54.779998779296875
2026-07-02,55.619998931884766
2026-07-06,56.13999938964844
2026-07-07,56.04999923706055
2026-07-08,54.970001220703125
2026-07-09,55.540000915527344
2026-07-10,55.709999084472656
2026-07-13,56.06999969482422
2026-07-14,56.18000030517578
2026-07-15,56.560001373291016
2026-07-16,56.75
2026-07-17,56.2599983215332
2026-07-20,56.040000915527344
2026-07-21,56.11000061035156
2026-07-22,56.04999923706055
2026-07-23,55.83000183105469
2026-07-24,56.310001373291016
2026-07-27,56.880001068115234
2026-07-28,57.599998474121094
2026-07-29,56.68000030517578
2026-07-30,57.0
2026-07-31,56.939998626708984
2026-08-03,57.380001068115234
2026-08-04,57.880001068115234
2026-08-05,58.0
2026-08-06,57.810001373291016
2026-08-07,57.599998474121094
2026-08-10,57.810001373291016
2026-08-11,57.79999923706055
2026-08-12,57.91999816894531
2026-08-13,58.2599983215332
2026-08-14,58.15999984741211
2026-08-17,57.58000183105469
2026-08-18,57.84000015258789
2026-08-19,57.47999954223633
2026-08-20,56.95000076293945
2026-08-21,57.47999954223633
2026-08-24,58.220001220703125
2026-08-25,58.310001373291016
2026-08-26,58.2599983215332
2026-08-27,57.880001068115234
2026-08-28,58.099998474121094
2026-08-31,57.709999084472656
2026-09-01,57.20000076293945
