Date,Close
2006-11-16,27.67580223083496
2006-11-17,27.719688415527344
2006-11-20,27.730649948120117
2006-11-21,27.69774055480957
2006-11-22,27.703222274780273
2006-11-24,27.65935516357422
2006-11-27,27.3686580657959
2006-11-28,27.450923919677734
2006-11-29,27.74710464477539
2006-11-30,27.79647445678711
2006-12-01,27.631927490234375
2006-12-04,27.88970947265625
2006-12-05,28.0048828125
2006-12-06,27.961009979248047
2006-12-07,27.911640167236328
2006-12-08,27.971981048583984
2006-12-11,27.999404907226562
2006-12-12,28.07070541381836
2006-12-13,28.142005920410156
2006-12-14,28.399799346923828
2006-12-15,28.43817901611328
2006-12-18,28.38332748413086
2006-12-19,28.476573944091797
2006-12-20,28.460115432739258
2006-12-21,28.37236976623535
2006-12-22,28.27054786682129
2006-12-26,28.441144943237305
2006-12-27,28.639265060424805
2006-12-28,28.644771575927734
2006-12-29,28.457664489746094
2007-01-03,28.463165283203125
2007-01-04,28.391624450683594
2007-01-05,28.19350242614746
2007-01-08,28.199007034301758
2007-01-09,28.177000045776367
2007-01-10,28.14397621154785
2007-01-11,28.248531341552734
2007-01-12,28.34209632873535
2007-01-16,28.34209632873535
2007-01-17,28.358606338500977
2007-01-18,28.364107131958008
2007-01-19,28.463165283203125
2007-01-22,28.364107131958008
2007-01-23,28.435644149780273
2007-01-24,28.661285400390625
2007-01-25,28.347597122192383
2007-01-26,28.314573287963867
2007-01-29,28.331090927124023
2007-01-30,28.430150985717773
2007-01-31,28.61724090576172
2007-02-01,28.804370880126953
2007-02-02,28.848398208618164
2007-02-05,28.82638931274414
2007-02-06,28.85939598083496
2007-02-07,28.82086944580078
2007-02-08,28.804370880126953
2007-02-09,28.70530128479004
2007-02-12,28.644771575927734
2007-02-13,28.864913940429688
2007-02-14,29.052013397216797
2007-02-15,29.024499893188477
2007-02-16,28.996997833251953
2007-02-20,29.052013397216797
2007-02-21,28.969467163085938
2007-02-22,28.94745635986328
2007-02-23,28.881412506103516
2007-02-26,28.94745635986328
2007-02-27,28.10544776916504
2007-02-28,28.17148208618164
2007-03-01,28.10544776916504
2007-03-02,27.764238357543945
2007-03-05,27.5166015625
2007-03-06,27.923851013183594
2007-03-07,27.835786819458008
2007-03-08,28.039405822753906
2007-03-09,28.08893585205078
2007-03-12,28.08342933654785
2007-03-13,27.60463523864746
2007-03-14,27.71471405029297
2007-03-15,27.852291107177734
2007-03-16,27.725725173950195
2007-03-19,27.995386123657227
2007-03-20,28.226526260375977
2007-03-21,28.589738845825195
2007-03-22,28.70530128479004
2007-03-23,28.765853881835938
2007-03-26,28.786863327026367
2007-03-27,28.66516876220703
2007-03-28,28.47709846496582
2007-03-29,28.59325408935547
2007-03-30,28.521337509155273
2007-04-02,28.571130752563477
2007-04-03,28.748144149780273
2007-04-04,28.82558822631836
2007-04-05,28.88644027709961
2007-04-09,28.914104461669922
2007-04-10,29.019197463989258
2007-04-11,28.864316940307617
2007-04-12,28.925161361694336
2007-04-13,29.07451629638672
2007-04-16,29.411943435668945
2007-04-17,29.461732864379883
2007-04-18,29.53917694091797
2007-04-19,29.461732864379883
2007-04-20,29.67193603515625
2007-04-23,29.622146606445312
2007-04-24,29.57789421081543
2007-04-25,29.810245513916016
2007-04-26,29.92086410522461
2007-04-27,29.90427589416504
2007-04-30,29.72726058959961
2007-05-01,29.710664749145508
2007-05-02,29.93192481994629
2007-05-03,30.081295013427734
2007-05-04,30.136600494384766
2007-05-07,30.214040756225586
2007-05-08,30.17533302307129
2007-05-09,30.308074951171875
2007-05-10,29.937458038330078
2007-05-11,30.092344284057617
2007-05-14,30.064695358276367
2007-05-15,30.153186798095703
2007-05-16,30.418718338012695
2007-05-17,30.413179397583008
2007-05-18,30.568071365356445
2007-05-21,30.568071365356445
2007-05-22,30.59571075439453
2007-05-23,30.55148696899414
2007-05-24,30.26936149597168
2007-05-25,30.34125518798828
2007-05-29,30.42424964904785
2007-05-30,30.59019660949707
2007-05-31,30.623374938964844
2007-06-01,30.667648315429688
2007-06-04,30.728485107421875
2007-06-05,30.5403995513916
2007-06-06,30.308074951171875
2007-06-07,29.77704620361328
2007-06-08,30.197450637817383
2007-06-11,30.12554359436035
2007-06-12,29.81576919555664
2007-06-13,30.15873146057129
2007-06-14,30.379985809326172
2007-06-15,30.562536239624023
2007-06-18,30.496158599853516
2007-06-19,30.57913589477539
2007-06-20,30.20850372314453
2007-06-21,30.225095748901367
2007-06-22,29.87107276916504
2007-06-25,29.79655647277832
2007-06-26,29.757612228393555
2007-06-27,30.03571319580078
2007-06-28,30.091346740722656
2007-06-29,29.991220474243164
2007-07-02,30.302703857421875
2007-07-03,30.319381713867188
2007-07-05,30.375003814697266
2007-07-06,30.358320236206055
2007-07-09,30.464019775390625
2007-07-10,30.046846389770508
2007-07-11,30.18587875366211
2007-07-12,30.79216194152832
2007-07-13,30.942346572875977
2007-07-16,30.914535522460938
2007-07-17,30.836679458618164
2007-07-18,30.736553192138672
2007-07-19,30.853364944458008
2007-07-20,30.430633544921875
2007-07-23,30.64756965637207
2007-07-24,30.007898330688477
2007-07-25,30.046846389770508
2007-07-26,29.49618148803711
2007-07-27,29.06790542602539
2007-07-30,29.251453399658203
2007-07-31,28.97890281677246
2007-08-01,29.223636627197266
2007-08-02,29.357131958007812
2007-08-03,28.622943878173828
2007-08-06,29.27370262145996
2007-08-07,29.618558883666992
2007-08-08,29.996784210205078
2007-08-09,29.190271377563477
2007-08-10,29.218074798583984
2007-08-13,28.97890281677246
2007-08-14,28.645177841186523
2007-08-15,28.367061614990234
2007-08-16,28.678539276123047
2007-08-17,29.384933471679688
2007-08-20,29.312637329101562
2007-08-21,29.27370262145996
2007-08-22,29.540699005126953
2007-08-23,29.55181312561035
2007-08-24,29.813230514526367
2007-08-27,29.568492889404297
2007-08-28,28.917736053466797
2007-08-29,29.429441452026367
2007-08-30,29.284820556640625
2007-08-31,29.535120010375977
2007-09-04,29.824363708496094
2007-09-05,29.51287269592285
2007-09-06,29.585187911987305
2007-09-07,29.190271377563477
2007-09-10,29.123516082763672
2007-09-11,29.446134567260742
2007-09-12,29.59074592590332
2007-09-13,29.757612228393555
2007-09-14,29.846614837646484
2007-09-17,29.707536697387695
2007-09-18,30.569698333740234
2007-09-19,30.74212646484375
2007-09-20,30.553007125854492
2007-09-21,30.664243698120117
2007-09-24,30.410127639770508
2007-09-25,30.410127639770508
2007-09-26,30.622825622558594
2007-09-27,30.650819778442383
2007-09-28,30.5892391204834
2007-10-01,30.913888931274414
2007-10-02,30.908294677734375
2007-10-03,30.835521697998047
2007-10-04,30.902681350708008
2007-10-05,31.120975494384766
2007-10-08,30.958648681640625
2007-10-09,31.154571533203125
2007-10-10,31.08739471435547
2007-10-11,31.01464080810547
2007-10-12,31.003437042236328
2007-10-15,30.779556274414062
2007-10-16,30.55005645751953
2007-10-17,30.404542922973633
2007-10-18,30.432514190673828
2007-10-19,29.760833740234375
2007-10-22,29.911964416503906
2007-10-23,29.96792984008789
2007-10-24,29.96234130859375
2007-10-25,30.091083526611328
2007-10-26,30.393339157104492
2007-10-29,30.56125259399414
2007-10-30,30.348560333251953
2007-10-31,30.494083404541016
2007-11-01,29.682472229003906
2007-11-02,29.553743362426758
2007-11-05,29.430591583251953
2007-11-06,29.676889419555664
2007-11-07,28.842878341674805
2007-11-08,29.038768768310547
2007-11-09,28.826087951660156
2007-11-12,28.66938018798828
2007-11-13,29.385814666748047
2007-11-14,29.26268768310547
2007-11-15,28.943635940551758
2007-11-16,28.910051345825195
2007-11-19,28.42308807373047
2007-11-20,28.557422637939453
2007-11-21,28.076040267944336
2007-11-23,28.47906494140625
2007-11-26,27.89134407043457
2007-11-27,28.288747787475586
2007-11-28,28.97161293029785
2007-11-29,29.089162826538086
2007-11-30,29.452980041503906
2007-12-03,29.273874282836914
2007-12-04,29.083547592163086
2007-12-05,29.469778060913086
2007-12-06,29.833595275878906
2007-12-07,29.889570236206055
2007-12-10,30.05190086364746
2007-12-11,29.430591583251953
2007-12-12,29.50337028503418
2007-12-13,29.536962509155273
2007-12-14,29.168315887451172
2007-12-17,28.784460067749023
2007-12-18,29.032838821411133
2007-12-19,28.863489151000977
2007-12-20,28.92557716369629
2007-12-21,29.303813934326172
2007-12-24,29.450565338134766
2007-12-26,29.495737075805664
2007-12-27,29.11750602722168
2007-12-28,29.049781799316406
2007-12-31,28.846534729003906
2008-01-02,28.485261917114258
2008-01-03,28.52477264404297
2008-01-04,28.02800941467285
2008-01-07,28.231237411499023
2008-01-08,27.757038116455078
2008-01-09,28.04493522644043
2008-01-10,28.451383590698242
2008-01-11,27.999788284301758
2008-01-14,28.129621505737305
2008-01-15,27.503015518188477
2008-01-16,27.706233978271484
2008-01-17,26.656240463256836
2008-01-18,26.379638671875
2008-01-22,26.244144439697266
2008-01-23,27.073974609375
2008-01-24,27.181243896484375
2008-01-25,26.735265731811523
2008-01-28,27.288497924804688
2008-01-29,27.548168182373047
2008-01-30,27.226408004760742
2008-01-31,27.903806686401367
2008-02-01,28.344133377075195
2008-02-04,27.999788284301758
2008-02-05,27.153013229370117
2008-02-06,26.96672821044922
2008-02-07,27.260272979736328
2008-02-08,26.92156219482422
2008-02-11,27.04011344909668
2008-02-12,27.226408004760742
2008-02-13,27.56511688232422
2008-02-14,27.169939041137695
2008-02-15,27.243335723876953
2008-02-19,27.158668518066406
2008-02-20,27.248985290527344
2008-02-21,26.92721176147461
2008-02-22,27.181243896484375
2008-02-25,27.514297485351562
2008-02-26,27.661075592041016
2008-02-27,27.576398849487305
2008-02-28,27.282848358154297
2008-02-29,26.565921783447266
2008-03-03,26.57156753540039
2008-03-04,26.49817657470703
2008-03-05,26.58286476135254
2008-03-06,25.967544555664062
2008-03-07,25.798189163208008
2008-03-10,25.493345260620117
2008-03-11,26.351411819458008
2008-03-12,26.266725540161133
2008-03-13,26.323177337646484
2008-03-14,25.865930557250977
2008-03-17,25.786897659301758
2008-03-18,26.594154357910156
2008-03-19,26.345766067504883
2008-03-20,27.158668518066406
2008-03-24,27.390104293823242
2008-03-25,27.43050765991211
2008-03-26,27.04368019104004
2008-03-27,27.04368019104004
2008-03-28,26.639781951904297
2008-03-31,26.83318519592285
2008-04-01,27.783191680908203
2008-04-02,27.658042907714844
2008-04-03,27.658042907714844
2008-04-04,27.60115623474121
2008-04-07,27.64665985107422
2008-04-08,27.538583755493164
2008-04-09,27.248458862304688
2008-04-10,27.276901245117188
2008-04-11,26.764923095703125
2008-04-14,26.49188232421875
2008-04-15,26.662548065185547
2008-04-16,27.146072387695312
2008-04-17,27.20863151550293
2008-04-18,27.493066787719727
2008-04-21,27.350860595703125
2008-04-22,27.14037322998047
2008-04-23,27.12899398803711
2008-04-24,27.447555541992188
2008-04-25,27.63528060913086
2008-04-28,27.69786262512207
2008-04-29,27.53289222717285
2008-04-30,27.424806594848633
2008-05-01,27.99365997314453
2008-05-02,28.130197525024414
2008-05-05,27.925416946411133
2008-05-06,28.06194496154785
2008-05-07,27.57272720336914
2008-05-08,27.504446029663086
2008-05-09,27.356550216674805
2008-05-12,27.669431686401367
2008-05-13,27.58978843688965
2008-05-14,27.771806716918945
2008-05-15,27.959535598754883
2008-05-16,27.919710159301758
2008-05-19,27.987979888916016
2008-05-20,27.64665985107422
2008-05-21,27.242765426635742
2008-05-22,27.356550216674805
2008-05-23,27.02092933654785
2008-05-27,27.14037322998047
2008-05-28,27.151752471923828
2008-05-29,27.464628219604492
2008-05-30,27.39068603515625
2008-06-02,27.13469886779785
2008-06-03,26.98110008239746
2008-06-04,26.86164093017578
2008-06-05,27.288280487060547
2008-06-06,26.434982299804688
2008-06-09,26.36103057861328
2008-06-10,26.389480590820312
2008-06-11,25.951448440551758
2008-06-12,25.985580444335938
2008-06-13,26.150558471679688
2008-06-16,26.28708267211914
2008-06-17,26.048166275024414
2008-06-18,25.763742446899414
2008-06-19,25.854751586914062
2008-06-20,25.411041259765625
2008-06-23,25.31433868408203
2008-06-24,25.337852478027344
2008-06-25,25.664838790893555
2008-06-26,24.735517501831055
2008-06-27,24.546218872070312
2008-06-30,24.563438415527344
2008-07-01,24.66668701171875
2008-07-02,24.3167667388916
2008-07-03,24.339712142944336
2008-07-07,24.13893699645996
2008-07-08,24.712589263916016
2008-07-09,24.299564361572266
2008-07-10,24.328245162963867
2008-07-11,24.133203506469727
2008-07-14,23.73739242553711
2008-07-15,23.462045669555664
2008-07-16,24.259408950805664
2008-07-17,24.64948081970215
2008-07-18,24.810096740722656
2008-07-21,24.70110321044922
2008-07-22,25.234596252441406
2008-07-23,25.44684600830078
2008-07-24,24.850255966186523
2008-07-25,24.71832847595215
2008-07-28,24.28235626220703
2008-07-29,24.959239959716797
2008-07-30,25.337852478027344
2008-07-31,25.039567947387695
2008-08-01,25.01087760925293
2008-08-04,24.91908836364746
2008-08-05,25.573043823242188
2008-08-06,25.653366088867188
2008-08-07,25.10265350341797
2008-08-08,25.745136260986328
2008-08-11,26.02622413635254
2008-08-12,25.659088134765625
2008-08-13,25.44109344482422
2008-08-14,25.561574935913086
2008-08-15,25.750883102416992
2008-08-18,25.360794067382812
2008-08-19,25.0223445892334
2008-08-20,25.10265350341797
2008-08-21,25.142807006835938
2008-08-22,25.504215240478516
2008-08-25,25.0223445892334
2008-08-26,25.028091430664062
2008-08-27,25.240341186523438
2008-08-28,25.722198486328125
2008-08-29,25.475521087646484
2008-09-02,25.607473373413086
2008-09-03,25.693506240844727
2008-09-04,24.987926483154297
2008-09-05,25.211654663085938
2008-09-08,25.928709030151367
2008-09-09,25.211654663085938
2008-09-10,25.125608444213867
2008-09-11,25.337852478027344
2008-09-12,25.458314895629883
2008-09-15,24.477386474609375
2008-09-16,24.77568244934082
2008-09-17,23.662813186645508
2008-09-18,24.76420021057129
2008-09-19,25.934432983398438
2008-09-22,24.959239959716797
2008-09-23,24.569168090820312
2008-09-24,24.465579986572266
2008-09-25,24.905376434326172
2008-09-26,25.18891143798828
2008-09-29,23.89850425720215
2008-09-30,24.28042221069336
2008-10-01,24.465579986572266
2008-10-02,23.823284149169922
2008-10-03,23.42980194091797
2008-10-06,22.64860725402832
2008-10-07,21.300342559814453
2008-10-08,20.820056915283203
2008-10-09,19.240325927734375
2008-10-10,20.33977508544922
2008-10-13,21.14988899230957
2008-10-14,21.398706436157227
2008-10-15,19.633808135986328
2008-10-16,20.322410583496094
2008-10-17,20.102523803710938
2008-10-20,20.976295471191406
2008-10-21,20.548084259033203
2008-10-22,19.570161819458008
2008-10-23,19.674312591552734
2008-10-24,18.991506576538086
2008-10-27,18.528579711914062
2008-10-28,20.559656143188477
2008-10-29,19.963645935058594
2008-10-30,20.484437942504883
2008-10-31,20.675386428833008
2008-11-03,20.756399154663086
2008-11-04,21.583877563476562
2008-11-05,20.39763069152832
2008-11-06,19.46021842956543
2008-11-07,20.021512985229492
2008-11-10,19.79004669189453
2008-11-11,19.506511688232422
2008-11-12,18.569082260131836
2008-11-13,19.871055603027344
2008-11-14,18.991506576538086
2008-11-17,18.66166877746582
2008-11-18,18.655885696411133
2008-11-19,17.637441635131836
2008-11-20,16.49749755859375
2008-11-21,17.37126350402832
2008-11-24,18.33183479309082
2008-11-25,18.667449951171875
2008-11-26,19.217180252075195
2008-11-28,19.529651641845703
2008-12-01,17.770536422729492
2008-12-02,18.580656051635742
2008-12-03,19.182458877563477
2008-12-04,18.684814453125
2008-12-05,19.40813446044922
2008-12-08,19.830551147460938
2008-12-09,19.29818344116211
2008-12-10,19.489145278930664
2008-12-11,18.87577247619629
2008-12-12,18.96835708618164
2008-12-15,18.74846839904785
2008-12-16,19.72061538696289
2008-12-17,19.500717163085938
2008-12-18,19.153526306152344
2008-12-19,19.14195442199707
2008-12-22,18.873090744018555
2008-12-23,18.74449348449707
2008-12-24,18.75619125366211
2008-12-26,18.88477325439453
2008-12-29,18.75619125366211
2008-12-30,19.253002166748047
2008-12-31,19.638763427734375
2009-01-02,20.094669342041016
2009-01-05,19.907634735107422
2009-01-06,19.977767944335938
2009-01-07,19.35820960998535
2009-01-08,19.42249870300293
2009-01-09,19.007516860961914
2009-01-12,18.539928436279297
2009-01-13,18.52823829650879
2009-01-14,17.93206787109375
2009-01-15,17.80347442626953
2009-01-16,17.815166473388672
2009-01-20,16.80400276184082
2009-01-21,17.511226654052734
2009-01-22,17.183921813964844
2009-01-23,17.289127349853516
2009-01-26,17.312515258789062
2009-01-27,17.528766632080078
2009-01-28,18.142478942871094
2009-01-29,17.45278549194336
2009-01-30,17.090404510498047
2009-02-02,17.01441192626953
2009-02-03,17.143007278442383
2009-02-04,16.979345321655273
2009-02-05,17.154705047607422
2009-02-06,17.7099609375
2009-02-09,17.791784286499023
2009-02-10,16.80400276184082
2009-02-11,17.03780746459961
2009-02-12,16.98518943786621
2009-02-13,16.722177505493164
2009-02-17,15.93896484375
2009-02-18,15.798686981201172
2009-02-19,15.582426071166992
2009-02-20,15.301874160766602
2009-02-23,14.828437805175781
2009-02-24,15.471369743347168
2009-02-25,15.342781066894531
2009-02-26,15.184974670410156
2009-02-27,14.75829792022705
2009-03-02,14.03937816619873
2009-03-03,13.782201766967773
2009-03-04,14.06860637664795
2009-03-05,13.402286529541016
2009-03-06,13.484122276306152
2009-03-09,13.408134460449219
2009-03-10,14.296549797058105
2009-03-11,14.355000495910645
2009-03-12,15.068072319030762
2009-03-13,15.249263763427734
2009-03-16,15.25511360168457
2009-03-17,15.740243911743164
2009-03-18,16.242897033691406
2009-03-19,15.956498146057129
2009-03-20,15.635029792785645
2009-03-23,16.798154830932617
2009-03-24,16.424089431762695
2009-03-25,16.695945739746094
2009-03-26,16.955991744995117
2009-03-27,16.672304153442383
2009-03-30,16.01628875732422
2009-03-31,16.18177604675293
2009-04-01,16.524559020996094
2009-04-02,16.926443099975586
2009-04-03,17.1628475189209
2009-04-06,17.04464340209961
2009-04-07,16.625038146972656
2009-04-08,16.72549819946289
2009-04-09,17.576553344726562
2009-04-13,17.730213165283203
2009-04-14,17.251497268676758
2009-04-15,17.600187301635742
2009-04-16,17.818864822387695
2009-04-17,17.990257263183594
2009-04-20,17.07419204711914
2009-04-21,17.45244026184082
2009-04-22,17.351972579956055
2009-04-23,17.523365020751953
2009-04-24,17.730213165283203
2009-04-27,17.582456588745117
2009-04-28,17.470170974731445
2009-04-29,17.765674591064453
2009-04-30,17.84250259399414
2009-05-01,17.872051239013672
2009-05-04,18.675823211669922
2009-05-05,18.569442749023438
2009-05-06,19.048158645629883
2009-05-07,18.823575973510742
2009-05-08,19.390945434570312
2009-05-11,18.89449691772461
2009-05-12,18.811756134033203
2009-05-13,18.32713508605957
2009-05-14,18.46306610107422
2009-05-15,18.238475799560547
2009-05-18,18.79994010925293
2009-05-19,18.72310447692871
2009-05-20,18.57535743713379
2009-05-21,18.303489685058594
2009-05-22,18.291669845581055
2009-05-26,18.72310447692871
2009-05-27,18.315309524536133
2009-05-28,18.587181091308594
2009-05-29,18.87677001953125
2009-06-01,19.337743759155273
2009-06-02,19.296384811401367
2009-06-03,19.000877380371094
2009-06-04,19.1959171295166
2009-06-05,19.154542922973633
2009-06-08,19.130901336669922
2009-06-09,19.201824188232422
2009-06-10,19.130901336669922
2009-06-11,19.325937271118164
2009-06-12,19.37320899963379
2009-06-15,18.912227630615234
2009-06-16,18.646276473999023
2009-06-17,18.53398895263672
2009-06-18,18.75265884399414
2009-06-19,18.79402732849121
2009-06-22,18.28575897216797
2009-06-23,18.256206512451172
2009-06-24,18.39337921142578
2009-06-25,18.76315689086914
2009-06-26,18.72140884399414
2009-06-29,18.93611717224121
2009-06-30,18.822795867919922
2009-07-01,18.918230056762695
2009-07-02,18.43513298034668
2009-07-06,18.42917251586914
2009-07-07,18.083251953125
2009-07-08,18.035533905029297
2009-07-09,18.053428649902344
2009-07-10,17.999753952026367
2009-07-13,18.470918655395508
2009-07-14,18.60808753967285
2009-07-15,19.180652618408203
2009-07-16,19.293970108032227
2009-07-17,19.228363037109375
2009-07-20,19.3834285736084
2009-07-21,19.460968017578125
2009-07-22,19.460968017578125
2009-07-23,19.950029373168945
2009-07-24,20.081233978271484
2009-07-27,20.20648956298828
2009-07-28,20.152801513671875
2009-07-29,20.051414489746094
2009-07-30,20.361549377441406
2009-07-31,20.43312644958496
2009-08-03,20.731327056884766
2009-08-04,20.844648361206055
2009-08-05,20.91025733947754
2009-08-06,20.844648361206055
2009-08-07,21.178630828857422
2009-08-10,21.124958038330078
2009-08-11,20.743247985839844
2009-08-12,21.005672454833984
2009-08-13,21.148813247680664
2009-08-14,20.9877872467041
2009-08-17,20.50468635559082
2009-08-18,20.689579010009766
2009-08-19,20.826745986938477
2009-08-20,21.035490036010742
2009-08-21,21.50069236755371
2009-08-24,21.458938598632812
2009-08-25,21.518592834472656
2009-08-26,21.548412322998047
2009-08-27,21.631916046142578
2009-08-28,21.584192276000977
2009-08-31,21.435096740722656
2009-09-01,20.898317337036133
2009-09-02,20.755184173583984
2009-09-03,20.963926315307617
2009-09-04,21.202491760253906
2009-09-08,21.37544822692871
2009-09-09,21.566307067871094
2009-09-10,21.721370697021484
2009-09-11,21.67365837097168
2009-09-14,21.834686279296875
2009-09-15,21.977828979492188
2009-09-16,22.3714599609375
2009-09-17,22.293926239013672
2009-09-18,22.353567123413086
2009-09-21,22.20446014404297
2009-09-22,22.353567123413086
2009-09-23,22.20446014404297
2009-09-24,21.950429916381836
2009-09-25,21.812297821044922
2009-09-28,22.20865249633789
2009-09-29,22.202667236328125
2009-09-30,22.052520751953125
2009-10-01,21.48799705505371
2009-10-02,21.3738956451416
2009-10-05,21.78827667236328
2009-10-06,22.076541900634766
2009-10-07,22.124595642089844
2009-10-08,22.268728256225586
2009-10-09,22.400850296020508
2009-10-12,22.54498863220215
2009-10-13,22.460908889770508
2009-10-14,22.839258193969727
2009-10-15,22.911319732666016
2009-10-16,22.641069412231445
2009-10-19,22.851268768310547
2009-10-20,22.695119857788086
2009-10-21,22.418861389160156
2009-10-22,22.70713996887207
2009-10-23,22.424867630004883
2009-10-26,22.064537048339844
2009-10-27,22.010498046875
2009-10-28,21.626123428344727
2009-10-29,22.100568771362305
2009-10-30,21.457971572875977
2009-11-02,21.54805564880371
2009-11-03,21.51803207397461
2009-11-04,21.530031204223633
2009-11-05,21.962446212768555
2009-11-06,22.034502029418945
2009-11-09,22.556995391845703
2009-11-10,22.58702278137207
2009-11-11,22.677106857299805
2009-11-12,22.460908889770508
2009-11-13,22.538976669311523
2009-11-16,22.911319732666016
2009-11-17,22.88730812072754
2009-11-18,22.935354232788086
2009-11-19,22.647079467773438
2009-11-20,22.629056930541992
2009-11-23,22.917325973510742
2009-11-24,22.90532112121582
2009-11-25,23.007421493530273
2009-11-27,22.635066986083984
2009-11-30,22.76118278503418
2009-12-01,23.001407623291016
2009-12-02,23.043437957763672
2009-12-03,22.8632755279541
2009-12-04,23.019426345825195
2009-12-07,22.995399475097656
2009-12-08,22.713138580322266
2009-12-09,22.82123565673828
2009-12-10,22.88129425048828
2009-12-11,23.031436920166016
2009-12-14,23.169565200805664
2009-12-15,23.025426864624023
2009-12-16,23.001407623291016
2009-12-17,22.76118278503418
2009-12-18,22.803218841552734
2009-12-21,23.043437957763672
2009-12-22,23.098556518554688
2009-12-23,23.14094352722168
2009-12-24,23.243911743164062
2009-12-28,23.280242919921875
2009-12-29,23.28629493713379
2009-12-30,23.23784828186035
2009-12-31,23.013765335083008
2010-01-04,23.31658172607422
2010-01-05,23.31658172607422
2010-01-06,23.365032196044922
2010-01-07,23.407421112060547
2010-01-08,23.449825286865234
2010-01-11,23.56488800048828
2010-01-12,23.425596237182617
2010-01-13,23.625455856323242
2010-01-14,23.661787033081055
2010-01-15,23.449825286865234
2010-01-19,23.704179763793945
2010-01-20,23.492216110229492
2010-01-21,23.031940460205078
2010-01-22,22.614055633544922
2010-01-25,22.723068237304688
2010-01-26,22.662513732910156
2010-01-27,22.723068237304688
2010-01-28,22.505050659179688
2010-01-29,22.305187225341797
2010-02-01,22.57166862487793
2010-02-02,22.904760360717773
2010-02-03,22.7291259765625
2010-02-04,22.111392974853516
2010-02-05,22.117446899414062
2010-02-08,21.92365264892578
2010-02-09,22.214351654052734
2010-02-10,22.190122604370117
2010-02-11,22.389978408813477
2010-02-12,22.37786102294922
2010-02-16,22.7291259765625
2010-02-17,22.807863235473633
2010-02-18,22.971378326416016
2010-02-19,23.025882720947266
2010-02-22,22.98955535888672
2010-02-23,22.753347396850586
2010-02-24,22.94110107421875
2010-02-25,22.868419647216797
2010-02-26,22.850250244140625
2010-03-01,23.050111770629883
2010-03-02,23.122777938842773
2010-03-03,23.11067008972168
2010-03-04,23.183345794677734
2010-03-05,23.46799087524414
2010-03-08,23.46799087524414
2010-03-09,23.50432777404785
2010-03-10,23.56488800048828
2010-03-11,23.63755989074707
2010-03-12,23.64362335205078
2010-03-15,23.722347259521484
2010-03-16,23.904041290283203
2010-03-17,24.0433292388916
2010-03-18,24.061498641967773
2010-03-19,23.9646053314209
2010-03-22,24.079675674438477
2010-03-23,24.285585403442383
2010-03-24,24.11600685119629
2010-03-25,24.030118942260742
2010-03-26,24.03620719909668
2010-03-29,24.170225143432617
2010-03-30,24.176315307617188
2010-03-31,24.10931968688965
2010-04-01,24.267688751220703
2010-04-05,24.41387939453125
2010-04-06,24.43214988708496
2010-04-07,24.279869079589844
2010-04-08,24.34687042236328
2010-04-09,24.535696029663086
2010-04-12,24.596609115600586
2010-04-13,24.6209774017334
2010-04-14,24.828079223632812
2010-04-15,24.8585262298584
2010-04-16,24.590526580810547
2010-04-19,24.6879825592041
2010-04-20,24.8585262298584
2010-04-21,24.828079223632812
2010-04-22,24.82198715209961
2010-04-23,24.96208953857422
2010-04-26,24.90117835998535
2010-04-27,24.407785415649414
2010-04-28,24.541790008544922
2010-04-29,24.84635353088379
2010-04-30,24.51742935180664
2010-05-03,24.828079223632812
2010-05-04,24.328588485717773
2010-05-05,24.15195655822754
2010-05-06,23.390541076660156
2010-05-07,23.122520446777344
2010-05-10,24.024028778076172
2010-05-11,23.993572235107422
2010-05-12,24.267688751220703
2010-05-13,24.024028778076172
2010-05-14,23.603736877441406
2010-05-17,23.66464614868164
2010-05-18,23.396625518798828
2010-05-19,23.27480125427246
2010-05-20,22.452486038208008
2010-05-21,22.62912368774414
2010-05-24,22.355022430419922
2010-05-25,22.312374114990234
2010-05-26,22.141817092895508
2010-05-27,22.848417282104492
2010-05-28,22.586496353149414
2010-06-01,22.300199508666992
2010-06-02,22.81186866760254
2010-06-03,22.872777938842773
2010-06-04,22.074817657470703
2010-06-07,21.83116912841797
2010-06-08,22.11137580871582
2010-06-09,22.050458908081055
2010-06-10,22.623043060302734
2010-06-11,22.690038681030273
2010-06-14,22.671775817871094
2010-06-15,23.165163040161133
2010-06-16,23.152971267700195
2010-06-17,23.201705932617188
2010-06-18,23.2199764251709
2010-06-21,23.140798568725586
2010-06-22,22.799686431884766
2010-06-23,22.702228546142578
2010-06-24,22.372705459594727
2010-06-25,22.384977340698242
2010-06-28,22.37884521484375
2010-06-29,21.79590606689453
2010-06-30,21.611818313598633
2010-07-01,21.568866729736328
2010-07-02,21.50136375427246
2010-07-06,21.58726692199707
2010-07-07,22.200889587402344
2010-07-08,22.44634246826172
2010-07-09,22.550649642944336
2010-07-12,22.587480545043945
2010-07-13,22.924968719482422
2010-07-14,22.869747161865234
2010-07-15,22.8942928314209
2010-07-16,22.36043357849121
2010-07-19,22.458606719970703
2010-07-20,22.734745025634766
2010-07-21,22.470888137817383
2010-07-22,22.937240600585938
2010-07-23,23.13359832763672
2010-07-26,23.391315460205078
2010-07-27,23.42814064025879
2010-07-28,23.287002563476562
2010-07-29,23.182695388793945
2010-07-30,23.188823699951172
2010-08-02,23.63062858581543
2010-08-03,23.544723510742188
2010-08-04,23.6735897064209
2010-08-05,23.612220764160156
2010-08-06,23.569263458251953
2010-08-09,23.71654510498047
2010-08-10,23.60609245300293
2010-08-11,23.047704696655273
2010-08-12,22.96792984008789
2010-08-13,22.900428771972656
2010-08-16,22.888153076171875
2010-08-17,23.1704158782959
2010-08-18,23.1949520111084
2010-08-19,22.808372497558594
2010-08-20,22.728614807128906
2010-08-23,22.68564796447754
2010-08-24,22.427936553955078
2010-08-25,22.501564025878906
2010-08-26,22.391122817993164
2010-08-27,22.716337203979492
2010-08-30,22.397249221801758
2010-08-31,22.415660858154297
2010-09-01,22.99860954284668
2010-09-02,23.164283752441406
2010-09-03,23.40359115600586
2010-09-07,23.158140182495117
2010-09-08,23.262470245361328
2010-09-09,23.391315460205078
2010-09-10,23.48950958251953
2010-09-13,23.72881317138672
2010-09-14,23.69812774658203
2010-09-15,23.77790641784668
2010-09-16,23.771772384643555
2010-09-17,23.796314239501953
2010-09-20,24.13381576538086
2010-09-21,24.090848922729492
2010-09-22,23.998802185058594
2010-09-23,23.808576583862305
2010-09-24,24.220186233520508
2010-09-27,24.115121841430664
2010-09-28,24.24492073059082
2010-09-29,24.14602279663086
2010-09-30,24.07803726196289
2010-10-01,24.183095932006836
2010-10-04,23.991519927978516
2010-10-05,24.45503807067871
2010-10-06,24.5168399810791
2010-10-07,24.467395782470703
2010-10-08,24.609535217285156
2010-10-11,24.603355407714844
2010-10-12,24.67134666442871
2010-10-13,24.794944763183594
2010-10-14,24.7640438079834
2010-10-15,24.726953506469727
2010-10-18,24.86910629272461
2010-10-19,24.560091018676758
2010-10-20,24.807300567626953
2010-10-21,24.856748580932617
2010-10-22,24.856748580932617
2010-10-25,24.91236686706543
2010-10-26,24.91236686706543
2010-10-27,24.819665908813477
2010-10-28,24.862926483154297
2010-10-29,24.86910629272461
2010-11-01,24.84438705444336
2010-11-02,25.02978515625
2010-11-03,25.079227447509766
2010-11-04,25.518028259277344
2010-11-05,25.555105209350586
2010-11-08,25.46859359741211
2010-11-09,25.332624435424805
2010-11-10,25.369693756103516
2010-11-11,25.332624435424805
2010-11-12,25.08540916442871
2010-11-15,25.0977725982666
2010-11-16,24.745512008666992
2010-11-17,24.745512008666992
2010-11-18,25.07305145263672
2010-11-19,25.128673553466797
2010-11-22,25.079227447509766
2010-11-23,24.75786590576172
2010-11-24,25.054508209228516
2010-11-26,24.875286102294922
2010-11-29,24.84438705444336
2010-11-30,24.733152389526367
2010-12-01,25.270832061767578
2010-12-02,25.542743682861328
2010-12-03,25.598365783691406
2010-12-06,25.5612850189209
2010-12-07,25.641624450683594
2010-12-08,25.715791702270508
2010-12-09,25.789960861206055
2010-12-10,25.9444580078125
2010-12-13,25.963001251220703
2010-12-14,26.06807518005371
2010-12-15,25.981538772583008
2010-12-16,26.14840316772461
2010-12-17,26.154582977294922
2010-12-20,26.160764694213867
2010-12-21,26.21021270751953
2010-12-22,26.29301643371582
2010-12-23,26.286785125732422
2010-12-27,26.26189613342285
2010-12-28,26.305479049682617
2010-12-29,26.32415199279785
2010-12-30,26.286785125732422
2010-12-31,26.286785125732422
2011-01-03,26.448667526245117
2011-01-04,26.46112632751465
2011-01-05,26.492246627807617
2011-01-06,26.454896926879883
2011-01-07,26.423765182495117
2011-01-10,26.33036994934082
2011-01-11,26.380184173583984
2011-01-12,26.585649490356445
2011-01-13,26.52960968017578
2011-01-14,26.635456085205078
2011-01-18,26.716400146484375
2011-01-19,26.560739517211914
2011-01-20,26.579416275024414
2011-01-21,26.691486358642578
2011-01-24,26.840917587280273
2011-01-25,26.865827560424805
2011-01-26,26.940542221069336
2011-01-27,26.952980041503906
2011-01-28,26.56696319580078
2011-01-31,26.666589736938477
2011-02-01,27.058837890625
2011-02-02,27.01525115966797
2011-02-03,27.058837890625
2011-02-04,27.11487579345703
2011-02-07,27.239391326904297
2011-02-08,27.332778930664062
2011-02-09,27.289203643798828
2011-02-10,27.27675437927246
2011-02-11,27.370145797729492
2011-02-14,27.426177978515625
2011-02-15,27.351457595825195
2011-02-16,27.482200622558594
2011-02-17,27.644092559814453
2011-02-18,27.737489700317383
2011-02-22,27.40127182006836
2011-02-23,27.295429229736328
2011-02-24,27.251840591430664
2011-02-25,27.40127182006836
2011-02-28,27.600507736206055
2011-03-01,27.27675437927246
2011-03-02,27.32655143737793
2011-03-03,27.69390296936035
2011-03-04,27.519573211669922
2011-03-07,27.351457595825195
2011-03-08,27.581819534301758
2011-03-09,27.600507736206055
2011-03-10,27.158445358276367
2011-03-11,27.27675437927246
2011-03-14,27.133544921875
2011-03-15,26.816017150878906
2011-03-16,26.34282875061035
2011-03-17,26.641674041748047
2011-03-18,26.784873962402344
2011-03-21,27.202030181884766
2011-03-22,27.14600944519043
2011-03-23,27.202030181884766
2011-03-24,27.40127182006836
2011-03-25,27.50786590576172
2011-03-28,27.470256805419922
2011-03-29,27.620729446411133
2011-03-30,27.840194702148438
2011-03-31,27.796297073364258
2011-04-01,27.940519332885742
2011-04-04,28.003211975097656
2011-04-05,28.03457260131836
2011-04-06,28.141164779663086
2011-04-07,28.084735870361328
2011-04-08,28.0157527923584
2011-04-11,28.003211975097656
2011-04-12,27.76494598388672
2011-04-13,27.76494598388672
2011-04-14,27.846460342407227
2011-04-15,28.02202033996582
2011-04-18,27.708518981933594
2011-04-19,27.827653884887695
2011-04-20,28.228960037231445
2011-04-21,28.26656150817871
2011-04-25,28.24777603149414
2011-04-26,28.567550659179688
2011-04-27,28.749380111694336
2011-04-28,28.881074905395508
2011-04-29,28.91242218017578
2011-05-02,28.906143188476562
2011-05-03,28.83717155456543
2011-05-04,28.70549201965332
2011-05-05,28.398256301879883
2011-05-06,28.498571395874023
2011-05-09,28.617704391479492
2011-05-10,28.799551010131836
2011-05-11,28.6114501953125
2011-05-12,28.805818557739258
2011-05-13,28.636516571044922
2011-05-16,28.54874038696289
2011-05-17,28.51111602783203
2011-05-18,28.749380111694336
2011-05-19,28.830883026123047
2011-05-20,28.636516571044922
2011-05-23,28.348087310791016
2011-05-24,28.291662216186523
2011-05-25,28.341819763183594
2011-05-26,28.410791397094727
2011-05-27,28.479764938354492
2011-05-31,28.74311637878418
2011-06-01,28.260299682617188
2011-06-02,28.122352600097656
2011-06-03,27.865272521972656
2011-06-06,27.664623260498047
2011-06-07,27.68343162536621
2011-06-08,27.664623260498047
2011-06-09,27.808834075927734
2011-06-10,27.42007827758789
2011-06-13,27.51413345336914
2011-06-14,27.827653884887695
2011-06-15,27.42007827758789
2011-06-16,27.56431007385254
2011-06-17,27.64580726623535
2011-06-20,27.846460342407227
2011-06-21,28.059648513793945
2011-06-22,27.884092330932617
2011-06-23,27.758676528930664
2011-06-24,27.496469497680664
2011-06-27,27.69865608215332
2011-06-28,28.00192642211914
2011-06-29,28.16619300842285
2011-06-30,28.425251007080078
2011-07-01,28.772735595703125
2011-07-05,28.71587562561035
2011-07-06,28.797998428344727
2011-07-07,29.031787872314453
2011-07-08,28.867515563964844
2011-07-11,28.526325225830078
2011-07-12,28.431562423706055
2011-07-13,28.48843002319336
2011-07-14,28.355737686157227
2011-07-15,28.425251007080078
2011-07-18,28.172521591186523
2011-07-19,28.513690948486328
2011-07-20,28.494731903076172
2011-07-21,28.823287963867188
2011-07-22,28.76642417907715
2011-07-25,28.608457565307617
2011-07-26,28.44420623779297
2011-07-27,28.02720832824707
2011-07-28,27.856605529785156
2011-07-29,27.648115158081055
2011-08-01,27.565977096557617
2011-08-02,26.997343063354492
2011-08-03,27.085803985595703
2011-08-04,26.011714935302734
2011-08-05,26.150707244873047
2011-08-08,24.760730743408203
2011-08-09,25.65789031982422
2011-08-10,24.6533203125
2011-08-11,25.582075119018555
2011-08-12,25.79059410095215
2011-08-15,26.321308135986328
2011-08-16,26.20125961303711
2011-08-17,26.289710998535156
2011-08-18,25.430442810058594
2011-08-19,25.20931625366211
2011-08-22,25.202991485595703
2011-08-23,25.935895919799805
2011-08-24,26.289710998535156
2011-08-25,25.803220748901367
2011-08-26,26.087543487548828
2011-08-29,26.706708908081055
2011-08-30,26.788848876953125
2011-08-31,26.864665985107422
2011-09-01,26.66880226135254
2011-09-02,26.131765365600586
2011-09-06,25.95486831665039
2011-09-07,26.52981185913086
2011-09-08,26.321308135986328
2011-09-09,25.70212173461914
2011-09-12,25.822175979614258
2011-09-13,26.02435302734375
2011-09-14,26.359220504760742
2011-09-15,26.72566032409668
2011-09-16,26.92153549194336
2011-09-19,26.64352035522461
2011-09-20,26.719348907470703
2011-09-21,25.973796844482422
2011-09-22,25.31039810180664
2011-09-23,25.429460525512695
2011-09-26,25.926097869873047
2011-09-27,26.276264190673828
2011-09-28,25.824209213256836
2011-09-29,26.155303955078125
2011-09-30,25.735078811645508
2011-10-03,25.104751586914062
2011-10-04,25.512229919433594
2011-10-05,25.875144958496094
2011-10-06,26.13619041442871
2011-10-07,26.148929595947266
2011-10-10,26.849288940429688
2011-10-11,26.7919921875
2011-10-12,27.014835357666016
2011-10-13,26.989355087280273
2011-10-14,27.307708740234375
2011-10-17,26.912960052490234
2011-10-18,27.35865592956543
2011-10-19,27.205841064453125
2011-10-20,27.339542388916016
2011-10-21,27.804330825805664
2011-10-24,27.938026428222656
2011-10-25,27.505083084106445
2011-10-26,27.79159164428711
2011-10-27,28.479211807250977
2011-10-28,28.396446228027344
2011-10-31,27.810697555541992
2011-11-01,27.1994686126709
2011-11-02,27.562381744384766
2011-11-03,27.995332717895508
2011-11-04,27.842527389526367
2011-11-07,28.059005737304688
2011-11-08,28.345518112182617
2011-11-09,27.505083084106445
2011-11-10,27.804330825805664
2011-11-11,28.25638198852539
2011-11-14,28.014442443847656
2011-11-15,28.103565216064453
2011-11-16,27.72154998779297
2011-11-17,27.44141387939453
2011-11-18,27.44777488708496
2011-11-21,27.008460998535156
2011-11-22,26.881126403808594
2011-11-23,26.390878677368164
2011-11-25,26.346294403076172
2011-11-28,26.982999801635742
2011-11-29,27.167627334594727
2011-11-30,28.16086769104004
2011-12-01,28.08448028564453
2011-12-02,28.033546447753906
2011-12-05,28.23727798461914
2011-12-06,28.339149475097656
2011-12-07,28.402820587158203
2011-12-08,27.963497161865234
2011-12-09,28.364622116088867
2011-12-12,28.059005737304688
2011-12-13,27.976224899291992
2011-12-14,27.778854370117188
2011-12-15,27.988971710205078
2011-12-16,28.046274185180664
2011-12-19,27.785219192504883
2011-12-20,28.504688262939453
2011-12-21,28.719772338867188
2011-12-22,28.85460662841797
2011-12-23,29.15639877319336
2011-12-27,29.18206787109375
2011-12-28,28.861047744750977
2011-12-29,29.188495635986328
2011-12-30,29.060077667236328
2012-01-03,29.329753875732422
2012-01-04,29.329753875732422
2012-01-05,29.329753875732422
2012-01-06,29.265533447265625
2012-01-09,29.29764747619629
2012-01-10,29.490257263183594
2012-01-11,29.471004486083984
2012-01-12,29.522361755371094
2012-01-13,29.458166122436523
2012-01-17,29.490257263183594
2012-01-18,29.689313888549805
2012-01-19,29.77277183532715
2012-01-20,29.914026260375977
2012-01-23,29.86265754699707
2012-01-24,29.77920150756836
2012-01-25,29.958993911743164
2012-01-26,29.88192367553711
2012-01-27,29.740673065185547
2012-01-30,29.63152313232422
2012-01-31,29.5737361907959
2012-02-01,29.811298370361328
2012-02-02,29.82413673400879
2012-02-03,30.132333755493164
2012-02-06,30.113061904907227
2012-02-07,30.190120697021484
2012-02-08,30.22865104675293
2012-02-09,30.215803146362305
2012-02-10,30.01034164428711
2012-02-13,30.190120697021484
2012-02-14,30.15801239013672
2012-02-15,30.016756057739258
2012-02-16,30.337800979614258
2012-02-17,30.453367233276367
2012-02-21,30.44694709777832
2012-02-22,30.337800979614258
2012-02-23,30.434093475341797
2012-02-24,30.485471725463867
2012-02-27,30.524003982543945
2012-02-28,30.60105323791504
2012-02-29,30.50473403930664
2012-03-01,30.607454299926758
2012-03-02,30.55610466003418
2012-03-05,30.536840438842773
2012-03-06,30.164440155029297
2012-03-07,30.337800979614258
2012-03-08,30.517562866210938
2012-03-09,30.613882064819336
2012-03-12,30.729459762573242
2012-03-13,31.178918838500977
2012-03-14,31.089014053344727
2012-03-15,31.223857879638672
2012-03-16,31.198169708251953
2012-03-19,31.24953269958496
2012-03-20,31.166074752807617
2012-03-21,31.11469078063965
2012-03-22,30.954185485839844
2012-03-23,31.037654876708984
2012-03-26,31.41777229309082
2012-03-27,31.346651077270508
2012-03-28,31.20443344116211
2012-03-29,31.172130584716797
2012-03-30,31.333736419677734
2012-04-02,31.514734268188477
2012-04-03,31.346651077270508
2012-04-04,31.126861572265625
2012-04-05,31.049280166625977
2012-04-09,30.72604751586914
2012-04-10,30.24122428894043
2012-04-11,30.448083877563477
2012-04-12,30.751922607421875
2012-04-13,30.473949432373047
2012-04-16,30.622629165649414
2012-04-17,31.016969680786133
2012-04-18,30.894140243530273
2012-04-19,30.771305084228516
2012-04-20,30.99110984802246
2012-04-23,30.732532501220703
2012-04-24,30.907073974609375
2012-04-25,31.1591796875
2012-04-26,31.372516632080078
2012-04-27,31.385446548461914
2012-04-30,31.32725715637207
2012-05-01,31.469493865966797
2012-05-02,31.385446548461914
2012-05-03,31.230300903320312
2012-05-04,30.868270874023438
2012-05-07,30.842426300048828
2012-05-08,30.75838279724121
2012-05-09,30.538593292236328
2012-05-10,30.693737030029297
2012-05-11,30.60970115661621
2012-05-14,30.344646453857422
2012-05-15,30.208894729614258
2012-05-16,30.15070343017578
2012-05-17,29.86627769470215
2012-05-18,29.685266494750977
2012-05-21,29.9373836517334
2012-05-22,29.989105224609375
2012-05-23,29.924449920654297
2012-05-24,30.0860652923584
2012-05-25,30.014957427978516
2012-05-29,30.260608673095703
2012-05-30,29.885669708251953
2012-05-31,29.86627769470215
2012-06-01,29.284454345703125
2012-06-04,29.25213050842285
2012-06-05,29.34264373779297
2012-06-06,29.95677375793457
2012-06-07,30.053749084472656
2012-06-08,30.27353858947754
2012-06-11,30.00203514099121
2012-06-12,30.30586814880371
2012-06-13,30.208894729614258
2012-06-14,30.570913314819336
2012-06-15,30.823022842407227
2012-06-18,30.83595085144043
2012-06-19,31.07514762878418
2012-06-20,31.03636360168457
2012-06-21,30.48040771484375
2012-06-22,30.680801391601562
2012-06-25,30.283376693725586
2012-06-26,30.420198440551758
2012-06-27,30.674299240112305
2012-06-28,30.713390350341797
2012-06-29,31.35189437866211
2012-07-02,31.44310760498047
2012-07-03,31.586441040039062
2012-07-05,31.456127166748047
2012-07-06,31.215078353881836
2012-07-09,31.189006805419922
2012-07-10,31.05219078063965
2012-07-11,31.045669555664062
2012-07-12,30.96747398376465
2012-07-13,31.43657875061035
2012-07-16,31.364925384521484
2012-07-17,31.599483489990234
2012-07-18,31.807958602905273
2012-07-19,31.820995330810547
2012-07-20,31.62553596496582
2012-07-23,31.325838088989258
2012-07-24,31.045669555664062
2012-07-25,31.104299545288086
2012-07-26,31.6190185546875
2012-07-27,32.10115432739258
2012-07-30,32.14025115966797
2012-07-31,32.022972106933594
2012-08-01,31.98389434814453
2012-08-02,31.723264694213867
2012-08-03,32.22494125366211
2012-08-06,32.25753402709961
2012-08-07,32.296634674072266
2012-08-08,32.38131332397461
2012-08-09,32.37479782104492
2012-08-10,32.47254180908203
2012-08-13,32.400856018066406
2012-08-14,32.44646453857422
2012-08-15,32.433448791503906
2012-08-16,32.57026290893555
2012-08-17,32.56374740600586
2012-08-20,32.537681579589844
2012-08-21,32.42040252685547
2012-08-22,32.342220306396484
2012-08-23,32.10115432739258
2012-08-24,32.316162109375
2012-08-27,32.316162109375
2012-08-28,32.32267761230469
2012-08-29,32.3357048034668
2012-08-30,32.146759033203125
2012-08-31,32.27055740356445
2012-09-04,32.23146057128906
2012-09-05,32.2119140625
2012-09-06,32.79178237915039
2012-09-07,32.811336517333984
2012-09-10,32.7005729675293
2012-09-11,32.76571273803711
2012-09-12,32.79829788208008
2012-09-13,33.28043746948242
2012-09-14,33.27391815185547
2012-09-17,33.17618942260742
2012-09-18,33.20875930786133
2012-09-19,33.2218017578125
2012-09-20,33.3455810546875
2012-09-21,33.326045989990234
2012-09-24,33.36741638183594
2012-09-25,33.150699615478516
2012-09-26,33.03249740600586
2012-09-27,33.20323181152344
2012-09-28,33.09817123413086
2012-10-01,33.190101623535156
2012-10-02,33.229522705078125
2012-10-03,33.31488037109375
2012-10-04,33.57099151611328
2012-10-05,33.662933349609375
2012-10-08,33.61039352416992
2012-10-09,33.32802200317383
2012-10-10,33.045623779296875
2012-10-11,33.0653190612793
2012-10-12,32.95369338989258
2012-10-15,33.222923278808594
2012-10-16,33.47248077392578
2012-10-17,33.682640075683594
2012-10-18,33.70233154296875
2012-10-19,33.190101623535156
2012-10-22,33.124427795410156
2012-10-23,32.691001892089844
2012-10-24,32.63190460205078
2012-10-25,32.763240814208984
2012-10-26,32.73697280883789
2012-10-31,32.76981735229492
2012-11-01,33.03249740600586
2012-11-02,32.75010299682617
2012-11-05,32.7435417175293
2012-11-06,33.0062255859375
2012-11-07,32.31668472290039
2012-11-08,31.99489974975586
2012-11-09,31.981746673583984
2012-11-12,31.929216384887695
2012-11-13,31.837276458740234
2012-11-14,31.403846740722656
2012-11-15,31.31848907470703
2012-11-16,31.456392288208008
2012-11-19,31.935791015625
2012-11-20,31.97519874572754
2012-11-21,32.073692321777344
2012-11-23,32.47429656982422
2012-11-26,32.388919830322266
2012-11-27,32.244441986083984
2012-11-28,32.51369857788086
2012-11-29,32.59906005859375
2012-11-30,32.65816116333008
2012-12-03,32.487422943115234
2012-12-04,32.454586029052734
2012-12-05,32.61220932006836
2012-12-06,32.65816116333008
2012-12-07,32.82892608642578
2012-12-10,32.86174774169922
2012-12-11,33.012794494628906
2012-12-12,33.039066314697266
2012-12-13,32.86832046508789
2012-12-14,32.79607009887695
2012-12-17,33.05876541137695
2012-12-18,33.30831527709961
2012-12-19,33.045623779296875
2012-12-20,33.20613098144531
2012-12-21,32.94084167480469
2012-12-24,32.8148307800293
2012-12-26,32.68219757080078
2012-12-27,32.64241409301758
2012-12-28,32.25111770629883
2012-12-31,32.74851989746094
2013-01-02,33.531089782714844
2013-01-03,33.471397399902344
2013-01-04,33.597408294677734
2013-01-07,33.484649658203125
2013-01-08,33.3586540222168
2013-01-09,33.484649658203125
2013-01-10,33.72340393066406
2013-01-11,33.73668670654297
2013-01-14,33.796363830566406
2013-01-15,33.842777252197266
2013-01-16,33.763206481933594
2013-01-17,34.05500030517578
2013-01-18,34.16776657104492
2013-01-22,34.30039978027344
2013-01-23,34.29376220703125
2013-01-24,34.41312789916992
2013-01-25,34.60546112060547
2013-01-28,34.578941345214844
2013-01-29,34.837581634521484
2013-01-30,34.70494842529297
2013-01-31,34.59882354736328
2013-02-01,34.89725875854492
2013-02-04,34.57229232788086
2013-02-05,34.84420394897461
2013-02-06,34.90390396118164
2013-02-07,34.8707389831543
2013-02-08,34.97021484375
2013-02-11,34.98348617553711
2013-02-12,35.06306838989258
2013-02-13,35.10285568237305
2013-02-14,35.09622573852539
2013-02-15,35.116127014160156
2013-02-19,35.39466094970703
2013-02-20,35.136016845703125
2013-02-21,34.9901237487793
2013-02-22,35.288543701171875
2013-02-25,34.74473190307617
2013-02-26,34.95695877075195
2013-02-27,35.368141174316406
2013-02-28,35.3150749206543
2013-03-01,35.43445587158203
2013-03-04,35.58698272705078
2013-03-05,35.87879943847656
2013-03-06,35.905330657958984
2013-03-07,35.945106506347656
2013-03-08,36.044586181640625
2013-03-11,36.13743591308594
2013-03-12,36.11754608154297
2013-03-13,36.163963317871094
2013-03-14,36.34965896606445
2013-03-15,36.22364807128906
2013-03-18,36.03133010864258
2013-03-19,36.07112503051758
2013-03-20,36.30323028564453
2013-03-21,36.084373474121094
2013-03-22,36.31205368041992
2013-03-25,36.225250244140625
2013-03-26,36.48561477661133
2013-03-27,36.47893524169922
2013-03-28,36.592445373535156
2013-04-01,36.56573486328125
2013-04-02,36.7059326171875
2013-04-03,36.418861389160156
2013-04-04,36.625831604003906
2013-04-05,36.48561477661133
2013-04-08,36.67924118041992
2013-04-09,36.81943893432617
2013-04-10,37.240028381347656
2013-04-11,37.34685134887695
2013-04-12,37.30012512207031
2013-04-15,36.52568054199219
2013-04-16,36.95296096801758
2013-04-17,36.55906295776367
2013-04-18,36.4655876159668
2013-04-19,36.83946228027344
2013-04-22,37.01972961425781
2013-04-23,37.353538513183594
2013-04-24,37.30681228637695
2013-04-25,37.42698287963867
2013-04-26,37.43364715576172
2013-04-29,37.65397262573242
2013-04-30,37.694034576416016
2013-05-01,37.313480377197266
2013-05-02,37.560516357421875
2013-05-03,37.834228515625
2013-05-06,37.78081512451172
2013-05-07,38.02116394042969
2013-05-08,38.101280212402344
2013-05-09,37.93438720703125
2013-05-10,38.027828216552734
2013-05-13,38.04118728637695
2013-05-14,38.45511245727539
2013-05-15,38.735511779785156
2013-05-16,38.62202835083008
2013-05-17,38.975860595703125
2013-05-20,38.93581008911133
2013-05-21,39.0025634765625
2013-05-22,38.768898010253906
2013-05-23,38.66875457763672
2013-05-24,38.662078857421875
2013-05-28,38.8289794921875
2013-05-29,38.47513961791992
2013-05-30,38.5886344909668
2013-05-31,37.967750549316406
2013-06-03,38.35498046875
2013-06-04,38.2481575012207
2013-06-05,37.7674674987793
2013-06-06,38.081241607666016
2013-06-07,38.49516677856445
2013-06-10,38.52855682373047
2013-06-11,38.194732666015625
2013-06-12,37.96106719970703
2013-06-13,38.4818115234375
2013-06-14,38.294883728027344
2013-06-17,38.58195877075195
2013-06-18,38.84233093261719
2013-06-19,38.28152847290039
2013-06-20,37.313480377197266
2013-06-21,37.60057067871094
2013-06-24,37.20976257324219
2013-06-25,37.53935623168945
2013-06-26,37.92947006225586
2013-06-27,38.15143966674805
2013-06-28,37.91603088378906
2013-07-01,38.1043586730957
2013-07-02,38.057273864746094
2013-07-03,38.090911865234375
2013-07-05,38.41376876831055
2013-07-08,38.689544677734375
2013-07-09,38.96531677246094
2013-07-10,38.97876739501953
2013-07-11,39.45632553100586
2013-07-12,39.44961166381836
2013-07-15,39.60432052612305
2013-07-16,39.46306228637695
2013-07-17,39.51686477661133
2013-07-18,39.698486328125
2013-07-19,39.74555969238281
2013-07-22,39.80611038208008
2013-07-23,39.826290130615234
2013-07-24,39.61776351928711
2013-07-25,39.67829895019531
2013-07-26,39.705204010009766
2013-07-29,39.63121032714844
2013-07-30,39.637939453125
2013-07-31,39.61103057861328
2013-08-01,39.9742546081543
2013-08-02,40.001155853271484
2013-08-05,39.880096435546875
2013-08-06,39.72538757324219
2013-08-07,39.65139389038086
2013-08-08,39.73884201049805
2013-08-09,39.61776351928711
2013-08-12,39.55722427368164
2013-08-13,39.5706901550293
2013-08-14,39.38234329223633
2013-08-15,38.810611724853516
2013-08-16,38.63572692871094
2013-08-19,38.42050552368164
2013-08-20,38.514652252197266
2013-08-21,38.211978912353516
2013-08-22,38.487754821777344
2013-08-23,38.79716110229492
2013-08-26,38.53482437133789
2013-08-27,38.03036880493164
2013-08-28,38.13125991821289
2013-08-29,38.15816116333008
2013-08-30,38.06399917602539
2013-09-03,37.99673080444336
2013-09-04,38.27251434326172
2013-09-05,38.26578903198242
2013-09-06,38.27251434326172
2013-09-09,38.59537124633789
2013-09-10,38.9114990234375
2013-09-11,39.07293701171875
2013-09-12,38.93841552734375
2013-09-13,39.126739501953125
2013-09-16,39.41596221923828
2013-09-17,39.5706901550293
2013-09-18,40.05498123168945
2013-09-19,39.967529296875
2013-09-20,39.65139389038086
2013-09-23,39.51383972167969
2013-09-24,39.391849517822266
2013-09-25,39.29021453857422
2013-09-26,39.35797882080078
2013-09-27,39.168235778808594
2013-09-30,38.95816421508789
2013-10-01,39.195350646972656
2013-10-02,39.1275749206543
2013-10-03,38.822635650634766
2013-10-04,39.019134521484375
2013-10-07,38.74809646606445
2013-10-08,38.422813415527344
2013-10-09,38.44993209838867
2013-10-10,39.23599624633789
2013-10-11,39.459625244140625
2013-10-14,39.59516525268555
2013-10-15,39.31730270385742
2013-10-16,39.80522537231445
2013-10-17,40.1576042175293
2013-10-18,40.327022552490234
2013-10-21,40.3405647277832
2013-10-22,40.61162567138672
2013-10-23,40.469329833984375
2013-10-24,40.54387283325195
2013-10-25,40.78104019165039
2013-10-28,40.90301513671875
2013-10-29,41.140193939208984
2013-10-30,40.91656494140625
2013-10-31,40.80813980102539
2013-11-01,40.93690490722656
2013-11-04,41.09275436401367
2013-11-05,40.97077941894531
2013-11-06,41.37738037109375
2013-11-07,40.90979766845703
2013-11-08,41.37738037109375
2013-11-11,41.35704040527344
2013-11-12,41.27572250366211
2013-11-13,41.506134033203125
2013-11-14,41.621334075927734
2013-11-15,41.831398010253906
2013-11-18,41.770408630371094
2013-11-19,41.71620178222656
2013-11-20,41.54679489135742
2013-11-21,41.811058044433594
2013-11-22,41.96014404296875
2013-11-25,41.892391204833984
2013-11-26,41.770408630371094
2013-11-27,41.79073715209961
2013-11-29,41.750091552734375
2013-12-02,41.587440490722656
2013-12-03,41.49257278442383
2013-12-04,41.472259521484375
2013-12-05,41.21474075317383
2013-12-06,41.74330139160156
2013-12-09,41.858516693115234
2013-12-10,41.661991119384766
2013-12-11,41.21474075317383
2013-12-12,41.072444915771484
2013-12-13,41.05887222290039
2013-12-16,41.30962371826172
2013-12-17,41.17407989501953
2013-12-18,41.8720588684082
2013-12-19,41.770408630371094
2013-12-20,41.97001266479492
2013-12-23,42.03152847290039
2013-12-24,42.22293472290039
2013-12-26,42.462158203125
2013-12-27,42.523681640625
2013-12-30,42.523681640625
2013-12-31,42.598873138427734
2014-01-02,42.18874740600586
2014-01-03,42.19557189941406
2014-01-06,42.079376220703125
2014-01-07,42.3186149597168
2014-01-08,42.19557189941406
2014-01-09,42.17506408691406
2014-01-10,42.29812240600586
2014-01-13,41.86063766479492
2014-01-14,42.18191146850586
2014-01-15,42.38014602661133
2014-01-16,42.39381408691406
2014-01-17,42.18191146850586
2014-01-21,42.22293472290039
2014-01-22,42.22293472290039
2014-01-23,41.85380554199219
2014-01-24,41.10190200805664
2014-01-27,40.958351135253906
2014-01-28,41.19759750366211
2014-01-29,40.8694953918457
2014-01-30,41.12239456176758
2014-01-31,40.896846771240234
2014-02-03,39.97405242919922
2014-02-04,40.18593978881836
2014-02-05,40.110748291015625
2014-02-06,40.5208854675293
2014-02-07,40.98571014404297
2014-02-10,41.06772994995117
2014-02-11,41.525699615478516
2014-02-12,41.51203155517578
2014-02-13,41.71708679199219
2014-02-14,42.00418472290039
2014-02-18,41.95634841918945
2014-02-19,41.676090240478516
2014-02-20,41.98368453979492
2014-02-21,41.915321350097656
2014-02-24,42.086212158203125
2014-02-25,42.03835678100586
2014-02-26,42.03835678100586
2014-02-27,42.243431091308594
2014-02-28,42.37330627441406
2014-03-03,42.09305191040039
2014-03-04,42.68088150024414
2014-03-05,42.571533203125
2014-03-06,42.646728515625
2014-03-07,42.7150764465332
2014-03-10,42.68088150024414
2014-03-11,42.462158203125
2014-03-12,42.51001739501953
2014-03-13,42.17506408691406
2014-03-14,42.106712341308594
2014-03-17,42.482669830322266
2014-03-18,42.76292419433594
2014-03-19,42.4553337097168
2014-03-20,42.76975631713867
2014-03-21,42.7492561340332
2014-03-24,42.73617935180664
2014-03-25,43.03888702392578
2014-03-26,42.853145599365234
2014-03-27,42.887535095214844
2014-03-28,43.10770034790039
2014-03-31,43.42414855957031
2014-04-01,43.575496673583984
2014-04-02,43.740604400634766
2014-04-03,43.747493743896484
2014-04-04,43.3897590637207
2014-04-07,43.05263900756836
2014-04-08,43.217750549316406
2014-04-09,43.527347564697266
2014-04-10,42.832496643066406
2014-04-11,42.557315826416016
2014-04-14,42.80498123168945
2014-04-15,43.06640625
2014-04-16,43.46543502807617
2014-04-17,43.58237075805664
2014-04-21,43.6993408203125
2014-04-22,43.80252456665039
2014-04-23,43.706207275390625
2014-04-24,43.8919677734375
2014-04-25,43.78876495361328
2014-04-28,44.167137145996094
2014-04-29,44.25657653808594
2014-04-30,44.33912658691406
2014-05-01,44.27033996582031
2014-05-02,44.180912017822266
2014-05-05,44.20155334472656
2014-05-06,43.88508224487305
2014-05-07,44.22218322753906
2014-05-08,44.16025924682617
2014-05-09,44.174015045166016
2014-05-12,44.42170715332031
2014-05-13,44.49736785888672
2014-05-14,44.37352752685547
2014-05-15,44.00891876220703
2014-05-16,44.167137145996094
2014-05-19,44.2359504699707
2014-05-20,43.98139953613281
2014-05-21,44.31850814819336
2014-05-22,44.394168853759766
2014-05-23,44.51113510131836
2014-05-27,44.70376968383789
2014-05-28,44.71751022338867
2014-05-29,44.93766403198242
2014-05-30,45.040863037109375
2014-06-02,45.027103424072266
2014-06-03,45.03396987915039
2014-06-04,45.07526397705078
2014-06-05,45.37106704711914
2014-06-06,45.536197662353516
2014-06-09,45.618743896484375
2014-06-10,45.68065643310547
2014-06-11,45.48115539550781
2014-06-12,45.205970764160156
2014-06-13,45.3917236328125
2014-06-16,45.522430419921875
2014-06-17,45.598106384277344
2014-06-18,45.907684326171875
2014-06-19,45.99714279174805
2014-06-20,46.13472366333008
2014-06-23,46.09037780761719
2014-06-24,45.82014465332031
2014-06-25,45.944862365722656
2014-06-26,45.91021728515625
2014-06-27,45.965660095214844
2014-06-30,45.95179748535156
2014-07-01,46.16659164428711
2014-07-02,46.15272903442383
2014-07-03,46.3606071472168
2014-07-07,46.31901550292969
2014-07-08,46.11114501953125
2014-07-09,46.23588180541992
2014-07-10,46.12502670288086
2014-07-11,46.1319465637207
2014-07-14,46.31208801269531
2014-07-15,46.2428092956543
2014-07-16,46.52690124511719
2014-07-17,46.02802658081055
2014-07-18,46.402183532714844
2014-07-21,46.29130935668945
2014-07-22,46.43681335449219
2014-07-23,46.519954681396484
2014-07-24,46.52690124511719
2014-07-25,46.374454498291016
2014-07-28,46.42988204956055
2014-07-29,46.25666427612305
2014-07-30,46.1042366027832
2014-07-31,45.182701110839844
2014-08-01,45.09954833984375
2014-08-04,45.29356384277344
2014-08-05,44.85011672973633
2014-08-06,44.93326950073242
2014-08-07,44.753116607666016
2014-08-08,45.21735763549805
2014-08-11,45.35591125488281
2014-08-12,45.33512496948242
2014-08-13,45.62614440917969
2014-08-14,45.79936599731445
2014-08-15,45.79243850708008
2014-08-18,46.12502670288086
2014-08-19,46.34674072265625
2014-08-20,46.43681335449219
2014-08-21,46.58231735229492
2014-08-22,46.4714469909668
2014-08-25,46.6793327331543
2014-08-26,46.658538818359375
2014-08-27,46.74168014526367
2014-08-28,46.72783279418945
2014-08-29,46.880252838134766
2014-09-02,46.7624626159668
2014-09-03,46.720882415771484
2014-09-04,46.658538818359375
2014-09-05,46.90105438232422
2014-09-08,46.72783279418945
2014-09-09,46.4783821105957
2014-09-10,46.658538818359375
2014-09-11,46.76940155029297
2014-09-12,46.50609588623047
2014-09-15,46.56846618652344
2014-09-16,46.852542877197266
2014-09-17,46.914913177490234
2014-09-18,47.122772216796875
2014-09-19,47.17819595336914
2014-09-22,46.91237258911133
2014-09-23,46.64027786254883
2014-09-24,46.891448974609375
2014-09-25,46.18678283691406
2014-09-26,46.514686584472656
2014-09-29,46.4100456237793
2014-09-30,46.333316802978516
2014-10-01,45.77516174316406
2014-10-02,45.75422286987305
2014-10-03,46.15888977050781
2014-10-06,46.1309814453125
2014-10-07,45.51003646850586
2014-10-08,46.291446685791016
2014-10-09,45.4542121887207
2014-10-10,45.06351089477539
2014-10-13,44.4635009765625
2014-10-14,44.449554443359375
2014-10-15,44.114662170410156
2014-10-16,44.01698303222656
2014-10-17,44.52630615234375
2014-10-20,44.96583557128906
2014-10-21,45.69840621948242
2014-10-22,45.53097152709961
2014-10-23,45.94259262084961
2014-10-24,46.31935119628906
2014-10-27,46.26353454589844
2014-10-28,46.73097229003906
2014-10-29,46.75191116333008
2014-10-30,46.989131927490234
2014-10-31,47.47751235961914
2014-11-03,47.5751838684082
2014-11-04,47.50542068481445
2014-11-05,47.81238555908203
2014-11-06,47.9379768371582
2014-11-07,48.04961013793945
2014-11-10,48.15426254272461
2014-11-11,48.17519760131836
2014-11-12,48.168216705322266
2014-11-13,48.23100280761719
2014-11-14,48.28681564331055
2014-11-17,48.38450241088867
2014-11-18,48.60078430175781
2014-11-19,48.537986755371094
2014-11-20,48.67055130004883
2014-11-21,48.87984085083008
2014-11-24,48.921730041503906
2014-11-25,48.83799362182617
2014-11-26,49.02637481689453
2014-11-28,48.914737701416016
2014-12-01,48.607757568359375
2014-12-02,48.87984085083008
2014-12-03,49.040313720703125
2014-12-04,48.949623107910156
2014-12-05,48.97753143310547
2014-12-08,48.54496765136719
2014-12-09,48.44032287597656
2014-12-10,47.65192413330078
2014-12-11,47.83331298828125
2014-12-12,47.02401351928711
2014-12-15,46.66819381713867
2014-12-16,46.40306854248047
2014-12-17,47.33797073364258
2014-12-18,48.47203063964844
2014-12-19,48.626808166503906
2014-12-22,48.8730354309082
2014-12-23,49.02780532836914
2014-12-24,49.041893005371094
2014-12-26,49.18959426879883
2014-12-29,49.21071243286133
2014-12-30,48.943389892578125
2014-12-31,48.36650848388672
2015-01-02,48.35242462158203
2015-01-05,47.480079650878906
2015-01-06,47.170536041259766
2015-01-07,47.705196380615234
2015-01-08,48.59866714477539
2015-01-09,48.22581481933594
2015-01-12,47.90921401977539
2015-01-13,47.817752838134766
2015-01-14,47.599674224853516
2015-01-15,47.261985778808594
2015-01-16,47.77555465698242
2015-01-20,47.93031692504883
2015-01-21,48.12027359008789
2015-01-22,48.760459899902344
2015-01-23,48.35946273803711
2015-01-26,48.47203063964844
2015-01-27,47.712242126464844
2015-01-28,47.23382568359375
2015-01-29,47.75444793701172
2015-01-30,46.973548889160156
2015-02-02,47.61374282836914
2015-02-03,48.24689865112305
2015-02-04,48.02178192138672
2015-02-05,48.521278381347656
2015-02-06,48.331321716308594
2015-02-09,48.15544128417969
2015-02-10,48.654945373535156
2015-02-11,48.626808166503906
2015-02-12,49.105194091796875
2015-02-13,49.252925872802734
2015-02-17,49.295135498046875
2015-02-18,49.2880973815918
2015-02-19,49.14741134643555
2015-02-20,49.36547088623047
2015-02-23,49.40770721435547
2015-02-24,49.58359146118164
2015-02-25,49.4428596496582
2015-02-26,49.4428596496582
2015-02-27,49.27402877807617
2015-03-02,49.42178726196289
2015-03-03,49.252925872802734
2015-03-04,48.999664306640625
2015-03-05,48.9081916809082
2015-03-06,48.232826232910156
2015-03-09,48.415740966796875
2015-03-10,47.691123962402344
2015-03-11,47.50117111206055
2015-03-12,48.04991912841797
2015-03-13,47.77555465698242
2015-03-16,48.345394134521484
2015-03-17,48.239871978759766
2015-03-18,48.86599349975586
2015-03-19,48.528316497802734
2015-03-20,48.88709259033203
2015-03-23,48.91683578491211
2015-03-24,48.53439712524414
2015-03-25,47.996150970458984
2015-03-26,47.861602783203125
2015-03-27,47.96074295043945
2015-03-30,48.56980514526367
2015-03-31,48.37151336669922
2015-04-01,48.05988693237305
2015-04-02,48.19447326660156
2015-04-06,48.55563735961914
2015-04-07,48.470664978027344
2015-04-08,48.470664978027344
2015-04-09,48.71855163574219
2015-04-10,49.115150451660156
2015-04-13,48.85311508178711
2015-04-14,48.980594635009766
2015-04-15,49.29219436645508
2015-04-16,49.26387405395508
2015-04-17,48.768123626708984
2015-04-20,49.22846984863281
2015-04-21,49.03723907470703
2015-04-22,49.285118103027344
2015-04-23,49.34178924560547
2015-04-24,49.511756896972656
2015-04-27,49.34178924560547
2015-04-28,49.72420883178711
2015-04-29,49.511756896972656
2015-04-30,49.19305419921875
2015-05-01,49.511756896972656
2015-05-04,49.65339660644531
2015-05-05,49.16471862792969
2015-05-06,48.952266693115234
2015-05-07,49.0514030456543
2015-05-08,49.681724548339844
2015-05-11,49.41259765625
2015-05-12,49.285118103027344
2015-05-13,49.30636215209961
2015-05-14,49.752559661865234
2015-05-15,49.809200286865234
2015-05-18,49.85877227783203
2015-05-19,49.837547302246094
2015-05-20,49.88002395629883
2015-05-21,49.936683654785156
2015-05-22,49.72420883178711
2015-05-26,49.31343078613281
2015-05-27,49.65339660644531
2015-05-28,49.66049575805664
2015-05-29,49.37718200683594
2015-06-01,49.38427734375
2015-06-02,49.29927444458008
2015-06-03,49.327613830566406
2015-06-04,48.93101501464844
2015-06-05,48.72562789916992
2015-06-08,48.5273323059082
2015-06-09,48.57689666748047
2015-06-10,49.108055114746094
2015-06-11,49.24263000488281
2015-06-12,48.83185958862305
2015-06-15,48.591060638427734
2015-06-16,48.881446838378906
2015-06-17,49.00182342529297
2015-06-18,49.525917053222656
2015-06-19,49.24971008300781
2015-06-22,49.53299331665039
2015-06-23,49.49758529663086
2015-06-24,49.129329681396484
2015-06-25,48.93809509277344
2015-06-26,49.023780822753906
2015-06-29,48.08127975463867
2015-06-30,48.06700134277344
2015-07-01,48.38829803466797
2015-07-02,48.40258026123047
2015-07-06,48.24549865722656
2015-07-07,48.60964584350586
2015-07-08,47.93133544921875
2015-07-09,47.95991134643555
2015-07-10,48.466854095458984
2015-07-13,48.91667175292969
2015-07-14,49.0737419128418
2015-07-15,48.98093032836914
2015-07-16,49.34507751464844
2015-07-17,49.109458923339844
2015-07-20,49.0737419128418
2015-07-21,48.79530334472656
2015-07-22,48.65249252319336
2015-07-23,48.39543914794922
2015-07-24,47.91706466674805
2015-07-27,47.73857498168945
2015-07-28,48.27406692504883
2015-07-29,48.65961837768555
2015-07-30,48.68104934692383
2015-07-31,48.573936462402344
2015-08-03,48.43114471435547
2015-08-04,48.338321685791016
2015-08-05,48.545387268066406
2015-08-06,48.3169059753418
2015-08-07,48.13841247558594
2015-08-10,48.752445220947266
2015-08-11,48.338321685791016
2015-08-12,48.42401123046875
2015-08-13,48.338321685791016
2015-08-14,48.55253601074219
2015-08-17,48.723880767822266
2015-08-18,48.56679153442383
2015-08-19,48.159828186035156
2015-08-20,47.37442398071289
2015-08-21,46.06062698364258
2015-08-24,43.868648529052734
2015-08-25,43.4473762512207
2015-08-26,45.02532958984375
2015-08-27,46.06778335571289
2015-08-28,46.0892219543457
2015-08-31,45.82501983642578
2015-09-01,44.446983337402344
2015-09-02,45.13957214355469
2015-09-03,45.289512634277344
2015-09-04,44.568363189697266
2015-09-08,45.660797119140625
2015-09-09,45.018184661865234
2015-09-10,45.17527389526367
2015-09-11,45.268096923828125
2015-09-14,45.132423400878906
2015-09-15,45.74647521972656
2015-09-16,46.1963005065918
2015-09-17,46.082069396972656
2015-09-18,45.38233184814453
2015-09-21,45.57510757446289
2015-09-22,45.06816864013672
2015-09-23,44.922725677490234
2015-09-24,44.9011344909668
2015-09-25,45.06672668457031
2015-09-28,44.19549560546875
2015-09-29,44.361106872558594
2015-09-30,45.10993576049805
2015-10-01,45.06672668457031
2015-10-02,45.69316101074219
2015-10-05,46.68679428100586
2015-10-06,46.70119857788086
2015-10-07,47.14043045043945
2015-10-08,47.637237548828125
2015-10-09,47.54363250732422
2015-10-12,47.48603057861328
2015-10-13,47.21962356567383
2015-10-14,47.06121826171875
2015-10-15,47.69483947753906
2015-10-16,47.98286056518555
2015-10-19,47.88206100463867
2015-10-20,47.83164978027344
2015-10-21,47.630043029785156
2015-10-22,48.58049392700195
2015-10-23,49.012508392333984
2015-10-26,48.83249282836914
2015-10-27,48.638084411621094
2015-10-28,49.1709098815918
2015-10-29,49.034088134765625
2015-10-30,48.90449523925781
2015-11-02,49.437320709228516
2015-11-03,49.581336975097656
2015-11-04,49.451717376708984
2015-11-05,49.3005256652832
2015-11-06,49.21410369873047
2015-11-09,48.7244873046875
2015-11-10,48.83249282836914
2015-11-11,48.79648971557617
2015-11-12,48.09085464477539
2015-11-13,47.73085021972656
2015-11-16,48.46528625488281
2015-11-17,48.32846450805664
2015-11-18,48.933292388916016
2015-11-19,49.04130172729492
2015-11-20,49.077308654785156
2015-11-23,49.01970291137695
2015-11-24,49.18529510498047
2015-11-25,49.09170913696289
2015-11-27,49.14931106567383
2015-11-30,49.012508392333984
2015-12-01,49.444515228271484
2015-12-02,48.89009094238281
2015-12-03,48.2708625793457
2015-12-04,49.127708435058594
2015-12-07,48.80369186401367
2015-12-08,48.357276916503906
2015-12-09,48.22046661376953
2015-12-10,48.292457580566406
2015-12-11,47.45722961425781
2015-12-14,47.7452507019043
2015-12-15,48.33566665649414
2015-12-16,49.012508392333984
2015-12-17,48.357276916503906
2015-12-18,47.529239654541016
2015-12-21,47.8409538269043
2015-12-22,48.349605560302734
2015-12-23,49.07621383666992
2015-12-24,48.93816375732422
2015-12-28,48.814632415771484
2015-12-29,49.27967834472656
2015-12-30,48.98174285888672
2015-12-31,48.502193450927734
2016-01-04,47.92088317871094
2016-01-05,48.160675048828125
2016-01-06,47.528507232666016
2016-01-07,46.50398635864258
2016-01-08,45.980796813964844
2016-01-11,46.031654357910156
2016-01-12,46.278717041015625
2016-01-13,45.41402053833008
2016-01-14,46.24238204956055
2016-01-15,45.34864807128906
2016-01-19,45.341373443603516
2016-01-20,44.694679260253906
2016-01-21,44.992584228515625
2016-01-22,45.835479736328125
2016-01-25,45.188785552978516
2016-01-26,45.94447326660156
2016-01-27,45.71195602416992
2016-01-28,46.01713180541992
2016-01-29,47.13613510131836
2016-02-01,47.01987838745117
2016-02-02,46.25690841674805
2016-02-03,46.721961975097656
2016-02-04,46.79462814331055
2016-02-05,46.32231903076172
2016-02-08,46.104331970214844
2016-02-09,46.05345916748047
2016-02-10,45.857269287109375
2016-02-11,45.29051208496094
2016-02-12,46.18425369262695
2016-02-16,46.852752685546875
2016-02-17,47.441322326660156
2016-02-18,47.44858169555664
2016-02-19,47.33232879638672
2016-02-22,47.89909362792969
2016-02-23,47.346866607666016
2016-02-24,47.484920501708984
2016-02-25,48.01536178588867
2016-02-26,47.7537727355957
2016-02-29,47.375911712646484
2016-03-01,48.32053756713867
2016-03-02,48.68382263183594
2016-03-03,48.880043029785156
2016-03-04,49.0689582824707
2016-03-07,49.28693389892578
2016-03-08,48.872772216796875
2016-03-09,49.18522262573242
2016-03-10,49.170684814453125
2016-03-11,49.76650619506836
2016-03-14,49.65025329589844
2016-03-15,49.56830978393555
2016-03-16,49.839054107666016
2016-03-17,50.30003356933594
2016-03-18,50.40248107910156
2016-03-21,50.4317626953125
2016-03-22,50.35857391357422
2016-03-23,50.0585823059082
2016-03-24,50.065879821777344
2016-03-28,50.07320785522461
2016-03-29,50.46100997924805
2016-03-30,50.636661529541016
2016-03-31,50.51956558227539
2016-04-01,50.746402740478516
2016-04-04,50.57809829711914
2016-04-05,50.117088317871094
2016-04-06,50.51956558227539
2016-04-07,50.051246643066406
2016-04-08,50.226863861083984
2016-04-11,50.13174057006836
2016-04-12,50.60005187988281
2016-04-13,50.97325134277344
2016-04-14,50.93665313720703
2016-04-15,50.907371520996094
2016-04-18,51.26594543457031
2016-04-19,51.551334381103516
2016-04-20,51.434242248535156
2016-04-21,51.04642105102539
2016-04-22,51.126914978027344
2016-04-25,51.0756950378418
2016-04-26,51.214717864990234
2016-04-27,51.514732360839844
2016-04-28,51.14887619018555
2016-04-29,50.88543701171875
2016-05-02,51.19276428222656
2016-05-03,50.76835250854492
2016-05-04,50.52687072753906
2016-05-05,50.497623443603516
2016-05-06,50.6951789855957
2016-05-09,50.68054962158203
2016-05-10,51.26594543457031
2016-05-11,50.98056411743164
2016-05-12,51.0903205871582
2016-05-13,50.570796966552734
2016-05-16,51.03178024291992
2016-05-17,50.504940032958984
2016-05-18,50.40979766845703
2016-05-19,50.31467056274414
2016-05-20,50.556156158447266
2016-05-23,50.44639205932617
2016-05-24,51.039100646972656
2016-05-25,51.441566467285156
2016-05-26,51.441566467285156
2016-05-27,51.624507904052734
2016-05-31,51.59522247314453
2016-06-01,51.68302917480469
2016-06-02,51.84401321411133
2016-06-03,51.82938766479492
2016-06-06,52.08550262451172
2016-06-07,52.23916244506836
2016-06-08,52.36355209350586
2016-06-09,52.30503463745117
2016-06-10,51.990386962890625
2016-06-13,51.57328414916992
2016-06-14,51.536685943603516
2016-06-15,51.4561882019043
2016-06-16,51.704978942871094
2016-06-17,51.6464729309082
2016-06-20,51.94646072387695
2016-06-21,52.09990310668945
2016-06-22,52.011390686035156
2016-06-23,52.70488357543945
2016-06-24,50.9932861328125
2016-06-27,50.314571380615234
2016-06-28,51.037559509277344
2016-06-29,51.849082946777344
2016-06-30,52.71961975097656
2016-07-01,52.741756439208984
2016-07-05,52.44664764404297
2016-07-06,52.727012634277344
2016-07-07,52.535194396972656
2016-07-08,53.28031921386719
2016-07-11,53.472129821777344
2016-07-12,53.804115295410156
2016-07-13,53.94430160522461
2016-07-14,54.16561508178711
2016-07-15,54.14349365234375
2016-07-18,54.12874221801758
2016-07-19,54.069698333740234
2016-07-20,54.2393798828125
2016-07-21,54.11397933959961
2016-07-22,54.3721923828125
2016-07-25,54.224639892578125
2016-07-26,54.224639892578125
2016-07-27,53.97382354736328
2016-07-28,53.877899169921875
2016-07-29,53.959049224853516
2016-08-01,53.804115295410156
2016-08-02,53.52376937866211
2016-08-03,53.590171813964844
2016-08-04,53.63443374633789
2016-08-05,53.9147834777832
2016-08-08,53.90741729736328
2016-08-09,53.88526153564453
2016-08-10,53.745094299316406
2016-08-11,54.02545166015625
2016-08-12,53.94430160522461
2016-08-15,54.032814025878906
2016-08-16,53.73035430908203
2016-08-17,53.89264678955078
2016-08-18,54.069698333740234
2016-08-19,53.9147834777832
2016-08-22,53.88526153564453
2016-08-23,53.97382354736328
2016-08-24,53.818885803222656
2016-08-25,53.826263427734375
2016-08-26,53.6418342590332
2016-08-29,54.003299713134766
2016-08-30,53.89264678955078
2016-08-31,53.7967414855957
2016-09-01,53.789371490478516
2016-09-02,54.040199279785156
2016-09-06,54.224639892578125
2016-09-07,54.21725845336914
2016-09-08,54.195125579833984
2016-09-09,52.859798431396484
2016-09-12,53.590171813964844
2016-09-13,52.75316619873047
2016-09-14,52.6046257019043
2016-09-15,53.10964584350586
2016-09-16,52.91655349731445
2016-09-19,52.94624710083008
2016-09-20,52.93883514404297
2016-09-21,53.52555847167969
2016-09-22,53.80778503417969
2016-09-23,53.5478401184082
2016-09-26,53.087371826171875
2016-09-27,53.38445281982422
2016-09-28,53.69637680053711
2016-09-29,53.22848892211914
2016-09-30,53.57756423950195
2016-10-03,53.414154052734375
2016-10-04,53.057674407958984
2016-10-05,53.33989334106445
2016-10-06,53.354740142822266
2016-10-07,53.26560974121094
2016-10-10,53.42900085449219
2016-10-11,52.86456298828125
2016-10-12,52.8868522644043
2016-10-13,52.73088073730469
2016-10-14,52.75316619873047
2016-10-17,52.62689971923828
2016-10-18,52.82742691040039
2016-10-19,52.849708557128906
2016-10-20,52.686317443847656
2016-10-21,52.686317443847656
2016-10-24,52.90170669555664
2016-10-25,52.90170669555664
2016-10-26,52.97595977783203
2016-10-27,52.894283294677734
2016-10-28,52.790306091308594
2016-10-31,52.894283294677734
2016-11-01,52.537784576416016
2016-11-02,52.20356750488281
2016-11-03,52.114437103271484
2016-11-04,51.965911865234375
2016-11-07,53.02052688598633
2016-11-08,53.28047561645508
2016-11-09,53.97116470336914
2016-11-10,54.156837463378906
2016-11-11,54.1048469543457
2016-11-14,54.21626663208008
2016-11-15,54.617313385009766
2016-11-16,54.42421340942383
2016-11-17,54.580177307128906
2016-11-18,54.54304885864258
2016-11-21,54.91438293457031
2016-11-22,55.114898681640625
2016-11-23,55.077781677246094
2016-11-25,55.35255432128906
2016-11-28,55.218902587890625
2016-11-29,55.248592376708984
2016-11-30,55.1297721862793
2016-12-01,55.01837921142578
2016-12-02,55.05550765991211
2016-12-05,55.32286071777344
2016-12-06,55.54568099975586
2016-12-07,56.30322265625
2016-12-08,56.384910583496094
2016-12-09,56.76368713378906
2016-12-12,56.875083923339844
2016-12-13,57.231563568115234
2016-12-14,56.6225700378418
2016-12-15,56.91222381591797
2016-12-16,56.93452835083008
2016-12-19,57.12018966674805
2016-12-20,57.31325912475586
2016-12-21,57.17957305908203
2016-12-22,57.15488815307617
2016-12-23,57.22977066040039
2016-12-27,57.30470657348633
2016-12-28,56.85519027709961
2016-12-29,56.922607421875
2016-12-30,56.765289306640625
2017-01-03,57.06496810913086
2017-01-04,57.22977066040039
2017-01-05,57.10242462158203
2017-01-06,57.11740493774414
2017-01-09,56.757789611816406
2017-01-10,56.6604118347168
2017-01-11,56.825218200683594
2017-01-12,56.705360412597656
2017-01-13,56.757789611816406
2017-01-17,56.60047149658203
2017-01-18,56.690364837646484
2017-01-19,56.48059844970703
2017-01-20,56.712852478027344
2017-01-23,56.503089904785156
2017-01-24,56.825218200683594
2017-01-25,57.297203063964844
2017-01-26,57.17732620239258
2017-01-27,57.169857025146484
2017-01-30,56.81025695800781
2017-01-31,56.74280548095703
2017-02-01,56.48059844970703
2017-02-02,56.60047149658203
2017-02-03,57.03498840332031
2017-02-06,56.90763473510742
2017-02-07,56.87017059326172
2017-02-08,56.90763473510742
2017-02-09,57.20730972290039
2017-02-10,57.38709259033203
2017-02-13,57.69428634643555
2017-02-14,57.911537170410156
2017-02-15,58.19622802734375
2017-02-16,58.21118927001953
2017-02-17,58.27113342285156
2017-02-21,58.61576461791992
2017-02-22,58.555824279785156
2017-02-23,58.765594482421875
2017-02-24,58.862979888916016
2017-02-27,58.892940521240234
2017-02-28,58.77308654785156
2017-03-01,59.50730514526367
2017-03-02,59.18513870239258
2017-03-03,59.19263458251953
2017-03-06,59.05777359008789
2017-03-07,58.840518951416016
2017-03-08,58.66819763183594
2017-03-09,58.72813415527344
2017-03-10,58.99034118652344
2017-03-13,58.952880859375
2017-03-14,58.72813415527344
2017-03-15,59.26754379272461
2017-03-16,59.17015838623047
2017-03-17,59.13270950317383
2017-03-20,58.99034118652344
2017-03-21,58.3910026550293
2017-03-22,58.45891571044922
2017-03-23,58.39101791381836
2017-03-24,58.31554412841797
2017-03-27,58.21745300292969
2017-03-28,58.57965850830078
2017-03-29,58.57212448120117
2017-03-30,58.7683219909668
2017-03-31,58.594764709472656
2017-04-03,58.451385498046875
2017-04-04,58.57212448120117
2017-04-05,58.37592697143555
2017-04-06,58.46646499633789
2017-04-07,58.39855194091797
2017-04-10,58.39855194091797
2017-04-11,58.39855194091797
2017-04-12,58.20991516113281
2017-04-13,57.764686584472656
2017-04-17,58.15707778930664
2017-04-18,58.02880096435547
2017-04-19,57.80997085571289
2017-04-20,58.12691879272461
2017-04-21,57.96090316772461
2017-04-24,58.57965850830078
2017-04-25,58.86643600463867
2017-04-26,58.760765075683594
2017-04-27,58.7683219909668
2017-04-28,58.54948043823242
2017-05-01,58.51173782348633
2017-05-02,58.46646499633789
2017-05-03,58.451385498046875
2017-05-04,58.451385498046875
2017-05-05,58.70038604736328
2017-05-08,58.64003372192383
2017-05-09,58.4438362121582
2017-05-10,58.51930618286133
2017-05-11,58.33064651489258
2017-05-12,58.164615631103516
2017-05-15,58.50420379638672
2017-05-16,58.48155212402344
2017-05-17,57.636409759521484
2017-05-18,57.70431900024414
2017-05-19,58.0665168762207
2017-05-22,58.32308578491211
2017-05-23,58.489112854003906
2017-05-24,58.541927337646484
2017-05-25,58.75321578979492
2017-05-26,58.75321578979492
2017-05-30,58.73811340332031
2017-05-31,58.760765075683594
2017-06-01,59.22861099243164
2017-06-02,59.334251403808594
2017-06-05,59.311614990234375
2017-06-06,59.183353424072266
2017-06-07,59.183353424072266
2017-06-08,59.198429107666016
2017-06-09,59.56065368652344
2017-06-12,59.741737365722656
2017-06-13,59.847381591796875
2017-06-14,59.86249923706055
2017-06-15,59.847381591796875
2017-06-16,60.01341247558594
2017-06-19,60.26998519897461
2017-06-20,59.90021514892578
2017-06-21,59.6361083984375
2017-06-22,59.62101364135742
2017-06-23,59.7396125793457
2017-06-26,59.830841064453125
2017-06-27,59.40507507324219
2017-06-28,59.73200225830078
2017-06-29,59.32143020629883
2017-06-30,59.42788314819336
2017-07-03,59.686405181884766
2017-07-05,59.67878723144531
2017-07-06,59.184566497802734
2017-07-07,59.3974723815918
2017-07-10,59.35944747924805
2017-07-11,59.260597229003906
2017-07-12,59.6331787109375
2017-07-13,59.70159912109375
2017-07-14,59.94491958618164
2017-07-17,59.94491958618164
2017-07-18,59.922088623046875
2017-07-19,60.18062210083008
2017-07-20,60.30226135253906
2017-07-21,60.188232421875
2017-07-24,60.01335525512695
2017-07-25,60.21102523803711
2017-07-26,60.19581604003906
2017-07-27,60.46194076538086
2017-07-28,60.27944564819336
2017-07-31,60.385902404785156
2017-08-01,60.46194076538086
2017-08-02,60.370704650878906
2017-08-03,60.355491638183594
2017-08-04,60.44674301147461
2017-08-07,60.46956253051758
2017-08-08,60.370704650878906
2017-08-09,60.355491638183594
2017-08-10,59.815643310546875
2017-08-11,59.754825592041016
2017-08-14,60.264217376708984
2017-08-15,60.27185821533203
2017-08-16,60.31748580932617
2017-08-17,59.45069122314453
2017-08-18,59.32143020629883
2017-08-21,59.42788314819336
2017-08-22,59.89170455932617
2017-08-23,59.72441482543945
2017-08-24,59.70921325683594
2017-08-25,59.899295806884766
2017-08-28,59.85367202758789
2017-08-29,59.868873596191406
2017-08-30,60.02095031738281
2017-08-31,60.27944564819336
2017-09-01,60.44674301147461
2017-09-05,59.99814987182617
2017-09-06,60.23384475708008
2017-09-07,60.264217376708984
2017-09-08,60.25665283203125
2017-09-11,60.90293884277344
2017-09-12,61.15385437011719
2017-09-13,61.222286224365234
2017-09-14,61.37432861328125
2017-09-15,61.51881408691406
2017-09-18,61.739295959472656
2017-09-19,61.898983001708984
2017-09-20,61.90816116333008
2017-09-21,61.75497817993164
2017-09-22,61.816253662109375
2017-09-25,61.99242401123047
2017-09-26,61.90816116333008
2017-09-27,61.90816116333008
2017-09-28,62.015411376953125
2017-09-29,62.099674224853516
2017-10-02,62.45201873779297
2017-10-03,62.574588775634766
2017-10-04,62.643524169921875
2017-10-05,62.888648986816406
2017-10-06,62.7584342956543
2017-10-09,62.7584342956543
2017-10-10,63.1031379699707
2017-10-11,63.1567497253418
2017-10-12,63.072479248046875
2017-10-13,63.087806701660156
2017-10-16,63.118431091308594
2017-10-17,63.179710388183594
2017-10-18,63.279327392578125
2017-10-19,63.45549392700195
2017-10-20,63.76957321166992
2017-10-23,63.61635208129883
2017-10-24,63.63935089111328
2017-10-25,63.24867630004883
2017-10-26,63.386539459228516
2017-10-27,63.578060150146484
2017-10-30,63.16440963745117
2017-10-31,63.179710388183594
2017-11-01,63.332923889160156
2017-11-02,63.41717529296875
2017-11-03,63.44019317626953
2017-11-06,63.332923889160156
2017-11-07,63.36357879638672
2017-11-08,63.50144958496094
2017-11-09,63.2869873046875
2017-11-10,63.21036911010742
2017-11-13,63.2869873046875
2017-11-14,63.22572326660156
2017-11-15,62.888648986816406
2017-11-16,63.36357879638672
2017-11-17,63.16440963745117
2017-11-20,63.294639587402344
2017-11-21,63.547386169433594
2017-11-22,63.509098052978516
2017-11-24,63.593360900878906
2017-11-27,63.60869598388672
2017-11-28,64.39767456054688
2017-11-29,64.72705078125
2017-11-30,65.11770629882812
2017-12-01,65.10237121582031
2017-12-04,65.2555923461914
2017-12-05,64.9721908569336
2017-12-06,64.94152069091797
2017-12-07,64.9951400756836
2017-12-08,65.36283111572266
2017-12-11,65.59262084960938
2017-12-12,65.7458267211914
2017-12-13,65.8071060180664
2017-12-14,65.40878295898438
2017-12-15,65.95264434814453
2017-12-18,66.25904083251953
2017-12-19,66.05990600585938
2017-12-20,66.00627136230469
2017-12-21,66.10118865966797
2017-12-22,66.1320571899414
2017-12-26,66.09346008300781
2017-12-27,66.16294860839844
2017-12-28,66.27869415283203
2017-12-29,66.08575439453125
2018-01-02,66.30956268310547
2018-01-03,66.52566528320312
2018-01-04,66.81893157958984
2018-01-05,67.11993408203125
2018-01-08,67.243408203125
2018-01-09,67.35916900634766
2018-01-10,67.243408203125
2018-01-11,67.69102478027344
2018-01-12,68.06918334960938
2018-01-16,67.87625885009766
2018-01-17,68.59395599365234
2018-01-18,68.37019348144531
2018-01-19,68.59395599365234
2018-01-22,69.17279815673828
2018-01-23,69.09561920166016
2018-01-24,69.06474304199219
2018-01-25,69.16506958007812
2018-01-26,70.16065216064453
2018-01-29,69.70530700683594
2018-01-30,68.82549285888672
2018-01-31,68.80235290527344
2018-02-01,68.7406005859375
2018-02-02,67.28197479248047
2018-02-05,64.43421173095703
2018-02-06,65.35260009765625
2018-02-07,65.22138214111328
2018-02-08,63.0141487121582
2018-02-09,63.99430465698242
2018-02-12,64.74290466308594
2018-02-13,64.958984375
2018-02-14,65.56868743896484
2018-02-15,66.34815979003906
2018-02-16,66.43303680419922
2018-02-20,65.79248046875
2018-02-21,65.30626678466797
2018-02-22,65.39118957519531
2018-02-23,66.46393585205078
2018-02-26,67.25113677978516
2018-02-27,66.43303680419922
2018-02-28,65.5532455444336
2018-03-01,64.83552551269531
2018-03-02,65.08248901367188
2018-03-05,65.83108520507812
2018-03-06,65.86968231201172
2018-03-07,65.73847198486328
2018-03-08,66.06260681152344
2018-03-09,67.05819702148438
2018-03-12,66.86524963378906
2018-03-13,66.52566528320312
2018-03-14,66.06260681152344
2018-03-15,65.9931640625
2018-03-16,66.1783676147461
2018-03-19,65.36031341552734
2018-03-20,65.39889526367188
2018-03-21,65.36803436279297
2018-03-22,63.716461181640625
2018-03-23,62.46621322631836
2018-03-26,64.05094146728516
2018-03-27,63.327796936035156
2018-03-28,63.39778518676758
2018-03-29,64.14425659179688
2018-04-02,62.7056999206543
2018-04-03,63.584388732910156
2018-04-04,64.32313537597656
2018-04-05,64.7352523803711
2018-04-06,63.436668395996094
2018-04-09,63.67771530151367
2018-04-10,64.72747039794922
2018-04-11,64.38534545898438
2018-04-12,64.81301879882812
2018-04-13,64.6807861328125
2018-04-16,65.21736145019531
2018-04-17,65.62947845458984
2018-04-18,65.54395294189453
2018-04-19,65.04631042480469
2018-04-20,64.64192199707031
2018-04-23,64.78191375732422
2018-04-24,64.15203857421875
2018-04-25,64.28423309326172
2018-04-26,64.7896728515625
2018-04-27,64.85966491699219
2018-04-30,64.22980499267578
2018-05-01,64.10538482666016
2018-05-02,63.49108123779297
2018-05-03,63.47553253173828
2018-05-04,64.15983581542969
2018-05-07,64.28423309326172
2018-05-08,64.15203857421875
2018-05-09,64.75858306884766
2018-05-10,65.34956359863281
2018-05-11,65.53617858886719
2018-05-14,65.64505004882812
2018-05-15,65.3340072631836
2018-05-16,65.6217041015625
2018-05-17,65.55947875976562
2018-05-18,65.39620971679688
2018-05-21,65.92495727539062
2018-05-22,65.75391387939453
2018-05-23,65.89388275146484
2018-05-24,65.7228012084961
2018-05-25,65.4972915649414
2018-05-29,64.79745483398438
2018-05-30,65.76168823242188
2018-05-31,65.25624084472656
2018-06-01,65.8083267211914
2018-06-04,66.04161071777344
2018-06-05,66.06492614746094
2018-06-06,66.531494140625
2018-06-07,66.6403579711914
2018-06-08,66.85808563232422
2018-06-11,66.86585998535156
2018-06-12,66.83477020263672
2018-06-13,66.4148941040039
2018-06-14,66.42265319824219
2018-06-15,66.36043548583984
2018-06-18,65.97163391113281
2018-06-19,65.82386779785156
2018-06-20,65.8083267211914
2018-06-21,65.37287139892578
2018-06-22,65.70195007324219
2018-06-25,65.177001953125
2018-06-26,65.0908432006836
2018-06-27,64.7304458618164
2018-06-28,65.00464630126953
2018-06-29,65.06732177734375
2018-07-02,65.0359878540039
2018-07-03,65.02031707763672
2018-07-05,65.54523468017578
2018-07-06,65.96832275390625
2018-07-09,66.34439086914062
2018-07-10,66.7988052368164
2018-07-11,66.17201232910156
2018-07-12,66.4619140625
2018-07-13,66.40705871582031
2018-07-16,66.4540786743164
2018-07-17,66.6029281616211
2018-07-18,66.64994812011719
2018-07-19,66.4775619506836
2018-07-20,66.30520629882812
2018-07-23,66.36006164550781
2018-07-24,66.73614501953125
2018-07-25,67.11219787597656
2018-07-26,67.44123840332031
2018-07-27,67.28456115722656
2018-07-30,67.39421844482422
2018-07-31,67.73114776611328
2018-08-01,67.30022430419922
2018-08-02,67.38639831542969
2018-08-03,67.87998962402344
2018-08-06,67.98184967041016
2018-08-07,68.1307144165039
2018-08-08,67.98967742919922
2018-08-09,67.85649108886719
2018-08-10,67.44123840332031
2018-08-13,67.1513442993164
2018-08-14,67.4882583618164
2018-08-15,67.22969818115234
2018-08-16,68.04451751708984
2018-08-17,68.42057800292969
2018-08-20,68.56159973144531
2018-08-21,68.64779663085938
2018-08-22,68.42057800292969
2018-08-23,68.20905303955078
2018-08-24,68.50676727294922
2018-08-27,68.87501525878906
2018-08-28,68.80449676513672
2018-08-29,68.9298324584961
2018-08-30,68.5694351196289
2018-08-31,68.48326873779297
2018-09-04,68.38140869140625
2018-09-05,68.74964904785156
2018-09-06,68.6242904663086
2018-09-07,68.45191955566406
2018-09-10,68.59294891357422
2018-09-11,68.51458740234375
2018-09-12,68.6164779663086
2018-09-13,68.9298324584961
2018-09-14,68.9768295288086
2018-09-17,68.9768295288086
2018-09-18,69.2118911743164
2018-09-19,69.2667465209961
2018-09-20,69.83868408203125
2018-09-21,69.995361328125
2018-09-24,69.4234390258789
2018-09-25,69.03954315185547
2018-09-26,68.7253189086914
2018-09-27,68.7253189086914
2018-09-28,68.75686645507812
2018-10-01,69.06478881835938
2018-10-02,69.36479187011719
2018-10-03,69.39636993408203
2018-10-04,69.32532501220703
2018-10-05,69.12004852294922
2018-10-08,69.45954132080078
2018-10-09,69.23847198486328
2018-10-10,67.69895935058594
2018-10-11,65.82787322998047
2018-10-12,66.16734313964844
2018-10-15,66.08840942382812
2018-10-16,67.06737518310547
2018-10-17,67.28842163085938
2018-10-18,66.6805191040039
2018-10-19,66.74368286132812
2018-10-22,66.27787780761719
2018-10-23,65.92261505126953
2018-10-24,64.46993255615234
2018-10-25,65.09362030029297
2018-10-26,64.26468658447266
2018-10-29,64.50942993164062
2018-10-30,65.6304702758789
2018-10-31,65.7331314086914
2018-11-01,66.23052215576172
2018-11-02,66.0252456665039
2018-11-05,66.68840026855469
2018-11-06,67.12261962890625
2018-11-07,68.0384521484375
2018-11-08,67.99895477294922
2018-11-09,67.69895935058594
2018-11-12,66.90158081054688
2018-11-13,66.75947570800781
2018-11-14,66.39631652832031
2018-11-15,66.98051452636719
2018-11-16,67.33580017089844
2018-11-19,67.05158233642578
2018-11-20,65.90682220458984
2018-11-21,65.8041763305664
2018-11-23,65.40943908691406
2018-11-26,66.19103240966797
2018-11-27,66.47526550292969
2018-11-28,67.44633483886719
2018-11-29,67.41474914550781
2018-11-30,68.07003784179688
2018-12-03,68.47268676757812
2018-12-04,66.69633483886719
2018-12-06,66.37261962890625
2018-12-07,65.25153350830078
2018-12-10,65.16471862792969
2018-12-11,65.12520599365234
2018-12-12,65.36207580566406
2018-12-13,65.37783813476562
2018-12-14,64.31205749511719
2018-12-17,63.11990737915039
2018-12-18,62.80411911010742
2018-12-19,62.00672149658203
2018-12-20,61.28038787841797
2018-12-21,60.514591217041016
2018-12-24,58.76001739501953
2018-12-26,61.079776763916016
2018-12-27,61.67766571044922
2018-12-28,61.63782501220703
2018-12-31,62.171939849853516
2019-01-02,62.275550842285156
2019-01-03,61.14357376098633
2019-01-04,62.92125701904297
2019-01-07,63.22419738769531
2019-01-08,63.74236297607422
2019-01-09,63.7343864440918
2019-01-10,64.02934265136719
2019-01-11,64.10905456542969
2019-01-14,63.75830841064453
2019-01-15,64.13298797607422
2019-01-16,64.08515930175781
2019-01-17,64.58735656738281
2019-01-18,65.48819732666016
2019-01-22,64.76274871826172
2019-01-23,64.98594665527344
2019-01-24,64.90623474121094
2019-01-25,65.04174041748047
2019-01-28,64.71491241455078
2019-01-29,64.92219543457031
2019-01-30,65.4084701538086
2019-01-31,65.96649169921875
2019-02-01,66.18172454833984
2019-02-04,66.37306213378906
2019-02-05,66.53248596191406
2019-02-06,66.58031463623047
2019-02-07,66.10199737548828
2019-02-08,66.16577911376953
2019-02-11,66.2215805053711
2019-02-12,67.00281524658203
2019-02-13,67.24992370605469
2019-02-14,66.93904113769531
2019-02-15,67.85580444335938
2019-02-19,67.99132537841797
2019-02-20,68.2782974243164
2019-02-21,68.08698272705078
2019-02-22,68.42180633544922
2019-02-25,68.56529235839844
2019-02-26,68.44570922851562
2019-02-27,68.52542877197266
2019-02-28,68.45368957519531
2019-03-01,68.7247085571289
2019-03-04,68.49354553222656
2019-03-05,68.35005187988281
2019-03-06,67.9115982055664
2019-03-07,67.51300048828125
2019-03-08,67.39344787597656
2019-03-11,68.15076446533203
2019-03-12,68.1985855102539
2019-03-13,68.56529235839844
2019-03-14,68.47760009765625
2019-03-15,68.90010070800781
2019-03-18,69.13129425048828
2019-03-19,68.97183227539062
2019-03-20,68.47760009765625
2019-03-21,69.05953216552734
2019-03-22,68.02320861816406
2019-03-25,67.8721694946289
2019-03-26,68.57107543945312
2019-03-27,68.29794311523438
2019-03-28,68.45056915283203
2019-03-29,68.81205749511719
2019-04-01,69.51093292236328
2019-04-02,69.35029602050781
2019-04-03,69.4466781616211
2019-04-04,69.6716079711914
2019-04-05,69.96080780029297
2019-04-08,70.08130645751953
2019-04-09,69.59931182861328
2019-04-10,69.81620788574219
2019-04-11,69.9045639038086
2019-04-12,70.2821273803711
2019-04-15,70.24999237060547
2019-04-16,70.60346984863281
2019-04-17,70.55525970458984
2019-04-18,70.42672729492188
2019-04-22,70.36248779296875
2019-04-23,70.73200225830078
2019-04-24,70.49901580810547
2019-04-25,70.10541534423828
2019-04-26,70.30623626708984
2019-04-29,70.40263366699219
2019-04-30,70.76412963867188
2019-05-01,70.13751983642578
2019-05-02,70.00900268554688
2019-05-03,70.56327056884766
2019-05-06,70.31425476074219
2019-05-07,69.34224700927734
2019-05-08,69.10124969482422
2019-05-09,68.908447265625
2019-05-10,69.36636352539062
2019-05-13,68.08905029296875
2019-05-14,68.56305694580078
2019-05-15,68.74779510498047
2019-05-16,69.30209350585938
2019-05-17,69.03699493408203
2019-05-20,68.81205749511719
2019-05-21,69.30209350585938
2019-05-22,69.10124969482422
2019-05-23,68.410400390625
2019-05-24,68.55499267578125
2019-05-28,67.58301544189453
2019-05-29,67.2054214477539
2019-05-30,67.21345520019531
2019-05-31,66.29768371582031
2019-06-03,67.02066040039062
2019-06-04,68.26580047607422
2019-06-05,68.6353530883789
2019-06-06,69.0851821899414
2019-06-07,69.3824234008789
2019-06-10,69.52700805664062
2019-06-11,69.66358947753906
2019-06-12,69.56718444824219
2019-06-13,69.85635375976562
2019-06-14,69.74391174316406
2019-06-17,69.58612823486328
2019-06-18,70.18486785888672
2019-06-19,70.26579284667969
2019-06-20,70.848388671875
2019-06-21,70.89691925048828
2019-06-24,70.79983520507812
2019-06-25,70.30625915527344
2019-06-26,69.99070739746094
2019-06-27,70.20108032226562
2019-06-28,70.70272827148438
2019-07-01,71.131591796875
2019-07-02,71.2772216796875
2019-07-03,71.81124877929688
2019-07-05,71.67371368408203
2019-07-08,71.32579040527344
2019-07-09,71.26911926269531
2019-07-10,71.47949981689453
2019-07-11,71.47949981689453
2019-07-12,71.78697967529297
2019-07-15,71.8355484008789
2019-07-16,71.60088348388672
2019-07-17,71.188232421875
2019-07-18,71.57662963867188
2019-07-19,71.2772216796875
2019-07-22,71.19631958007812
2019-07-23,71.68988800048828
2019-07-24,72.11066436767578
2019-07-25,71.85171508789062
2019-07-26,72.19155883789062
2019-07-29,72.1834487915039
2019-07-30,71.9811782836914
2019-07-31,71.21251678466797
2019-08-01,70.43572998046875
2019-08-02,70.10398864746094
2019-08-05,68.3805160522461
2019-08-06,69.01163482666016
2019-08-07,68.9468994140625
2019-08-08,70.06352996826172
2019-08-09,69.69937896728516
2019-08-12,68.97926330566406
2019-08-13,69.8045883178711
2019-08-14,67.88690185546875
2019-08-15,67.91120910644531
2019-08-16,68.97118377685547
2019-08-19,69.76412963867188
2019-08-20,69.1491928100586
2019-08-21,69.658935546875
2019-08-22,69.72368621826172
2019-08-23,68.02447509765625
2019-08-26,68.64752960205078
2019-08-27,68.37242126464844
2019-08-28,68.95498657226562
2019-08-29,69.61041259765625
2019-08-30,69.7155990600586
2019-09-03,69.53758239746094
2019-09-04,70.2496109008789
2019-09-05,71.00212097167969
2019-09-06,71.13967895507812
2019-09-09,71.56043243408203
2019-09-10,71.93262481689453
2019-09-11,72.47476959228516
2019-09-12,72.62041473388672
2019-09-13,72.59613037109375
2019-09-16,72.27247619628906
2019-09-17,72.3614730834961
2019-09-18,72.4343032836914
2019-09-19,72.36956024169922
2019-09-20,72.31292724609375
2019-09-23,72.40193176269531
2019-09-24,71.99867248535156
2019-09-25,72.2599105834961
2019-09-26,72.17825317382812
2019-09-27,72.21092987060547
2019-09-30,72.43133544921875
2019-10-01,71.45175170898438
2019-10-02,70.17829895019531
2019-10-03,70.59461975097656
2019-10-04,71.54153442382812
2019-10-07,71.19054412841797
2019-10-08,70.07218933105469
2019-10-09,70.54563903808594
2019-10-10,70.9701156616211
2019-10-11,71.74562072753906
2019-10-14,71.61502838134766
2019-10-15,72.10479736328125
2019-10-16,72.01500701904297
2019-10-17,72.1946029663086
2019-10-18,72.137451171875
2019-10-21,72.65988159179688
2019-10-22,72.70885467529297
2019-10-23,72.82315826416016
2019-10-24,72.59458923339844
2019-10-25,72.97010040283203
2019-10-28,73.17416381835938
2019-10-29,73.32110595703125
2019-10-30,73.40274810791016
2019-10-31,73.19049072265625
2019-11-01,73.79456329345703
2019-11-04,74.12926483154297
2019-11-05,74.1618881225586
2019-11-06,74.29252624511719
2019-11-07,74.5047607421875
2019-11-08,74.71697235107422
2019-11-11,74.43128204345703
2019-11-12,74.43946075439453
2019-11-13,74.34967041015625
2019-11-14,74.27619171142578
2019-11-15,74.69249725341797
2019-11-18,74.6435317993164
2019-11-19,74.45576477050781
2019-11-20,74.1864013671875
2019-11-21,74.24353790283203
2019-11-22,74.48841857910156
2019-11-25,74.8231430053711
2019-11-26,74.88842010498047
2019-11-27,75.14964294433594
2019-11-29,74.90474700927734
2019-12-02,74.5047607421875
2019-12-03,73.95783233642578
2019-12-04,74.54557037353516
2019-12-05,74.65986633300781
2019-12-06,75.29656219482422
2019-12-09,75.20680236816406
2019-12-10,75.09249877929688
2019-12-11,75.2231216430664
2019-12-12,76.09654998779297
2019-12-13,75.89248657226562
2019-12-16,76.38226318359375
2019-12-17,76.49655151367188
2019-12-18,76.45574951171875
2019-12-19,76.61083221435547
2019-12-20,77.11695098876953
2019-12-23,77.0914306640625
2019-12-24,77.06673431396484
2019-12-26,77.24778747558594
2019-12-27,77.26429748535156
2019-12-30,76.90213012695312
2019-12-31,77.13259887695312
2020-01-02,77.34661102294922
2020-01-03,76.73751831054688
2020-01-06,76.77865600585938
2020-01-07,76.46588134765625
2020-01-08,76.66342163085938
2020-01-09,77.0338134765625
2020-01-10,76.73751831054688
2020-01-13,77.16554260253906
2020-01-14,77.25605010986328
2020-01-15,77.30541229248047
2020-01-16,77.8404541015625
2020-01-17,78.01329803466797
2020-01-21,77.66761016845703
2020-01-22,77.81575775146484
2020-01-23,77.73345184326172
2020-01-24,77.04206848144531
2020-01-27,76.10371398925781
2020-01-28,76.59759521484375
2020-01-29,76.18601989746094
2020-01-30,76.49880981445312
2020-01-31,75.19831085205078
2020-02-03,75.43701171875
2020-02-04,76.25186920166016
2020-02-05,77.51119995117188
2020-02-06,77.53592681884766
2020-02-07,77.11613464355469
2020-02-10,77.37129211425781
2020-02-11,77.65936279296875
2020-02-12,77.86515808105469
2020-02-13,77.65936279296875
2020-02-14,77.58529663085938
2020-02-18,77.18196868896484
2020-02-19,77.3136978149414
2020-02-20,77.28076171875
2020-02-21,76.91034698486328
2020-02-24,74.83614349365234
2020-02-25,72.68785095214844
2020-02-26,72.19400024414062
2020-02-27,69.12383270263672
2020-02-28,67.90564727783203
2020-03-02,71.0499038696289
2020-03-03,69.23908233642578
2020-03-04,72.10345458984375
2020-03-05,69.91400909423828
2020-03-06,68.83577728271484
2020-03-09,63.35392379760742
2020-03-10,65.92733001708984
2020-03-11,62.72714614868164
2020-03-12,56.54231643676758
2020-03-13,61.65764617919922
2020-03-16,55.45623779296875
2020-03-17,59.36942672729492
2020-03-18,56.39307403564453
2020-03-19,55.398197174072266
2020-03-20,52.76176071166992
2020-03-23,50.54815673828125
2020-03-24,54.900760650634766
2020-03-25,55.622039794921875
2020-03-26,59.419158935546875
2020-03-27,57.82735061645508
2020-03-30,59.79226303100586
2020-03-31,58.656429290771484
2020-04-01,56.202392578125
2020-04-02,58.06778335571289
2020-04-03,57.23042678833008
2020-04-06,60.56327438354492
2020-04-07,60.53839874267578
2020-04-08,62.669090270996094
2020-04-09,63.91269302368164
2020-04-13,62.85980224609375
2020-04-14,64.4184341430664
2020-04-15,62.436981201171875
2020-04-16,62.337493896484375
2020-04-17,64.56765747070312
2020-04-20,63.315792083740234
2020-04-21,61.59961700439453
2020-04-22,62.70226287841797
2020-04-23,62.68570327758789
2020-04-24,63.49816131591797
2020-04-27,64.70033264160156
2020-04-28,64.96562957763672
2020-04-29,66.0682601928711
2020-04-30,64.67545318603516
2020-05-01,62.94269561767578
2020-05-04,62.89295196533203
2020-05-05,63.22459030151367
2020-05-06,62.287723541259766
2020-05-07,62.63594055175781
2020-05-08,64.0950927734375
2020-05-11,63.75519561767578
2020-05-12,62.58619689941406
2020-05-13,61.350894927978516
2020-05-14,62.171653747558594
2020-05-15,62.13023376464844
2020-05-18,64.4184341430664
2020-05-19,63.34894561767578
2020-05-20,64.30237579345703
2020-05-21,63.85466003417969
2020-05-22,63.7966423034668
2020-05-26,65.19776153564453
2020-05-27,66.58231353759766
2020-05-28,66.37503051757812
2020-05-29,66.5076904296875
2020-06-01,66.57400512695312
2020-06-02,67.31188201904297
2020-06-03,68.63008117675781
2020-06-04,68.91197204589844
2020-06-05,70.73591613769531
2020-06-08,71.94636535644531
2020-06-09,70.84369659423828
2020-06-10,69.63324737548828
2020-06-11,65.2972412109375
2020-06-12,66.11801147460938
2020-06-15,66.5242691040039
2020-06-16,67.85077667236328
2020-06-17,67.16265106201172
2020-06-18,67.27872467041016
2020-06-19,66.73983001708984
2020-06-22,66.63677978515625
2020-06-23,66.6870346069336
2020-06-24,64.96121978759766
2020-06-25,65.66496276855469
2020-06-26,64.19883728027344
2020-06-29,65.21253967285156
2020-06-30,66.00006866455078
2020-07-01,65.7571029663086
2020-07-02,66.13411712646484
2020-07-06,66.75406646728516
2020-07-07,66.01683044433594
2020-07-08,66.11735534667969
2020-07-09,64.98635864257812
2020-07-10,66.29328155517578
2020-07-13,66.40219116210938
2020-07-14,67.24835205078125
2020-07-15,68.08612060546875
2020-07-16,68.1950454711914
2020-07-17,68.32907104492188
2020-07-20,67.83479309082031
2020-07-21,68.7312240600586
2020-07-22,69.05795288085938
2020-07-23,69.00768280029297
2020-07-24,68.30396270751953
2020-07-27,68.34585571289062
2020-07-28,68.30396270751953
2020-07-29,68.8317642211914
2020-07-30,68.28717803955078
2020-07-31,68.0274658203125
2020-08-03,68.1950454711914
2020-08-04,68.63069152832031
2020-08-05,68.8317642211914
2020-08-06,68.7982406616211
2020-08-07,69.5773696899414
2020-08-10,70.21409606933594
2020-08-11,70.18894958496094
2020-08-12,70.76700592041016
2020-08-13,70.18894958496094
2020-08-14,70.35651397705078
2020-08-17,70.12193298339844
2020-08-18,69.86222076416016
2020-08-19,69.66114044189453
2020-08-20,69.29251098632812
2020-08-21,69.2338638305664
2020-08-24,70.27271270751953
2020-08-25,70.1470718383789
2020-08-26,69.84546661376953
2020-08-27,70.26435852050781
2020-08-28,70.73351287841797
2020-08-31,70.19732666015625
2020-09-01,70.1470718383789
2020-09-02,71.36181640625
2020-09-03,70.04652404785156
2020-09-04,70.10516357421875
2020-09-08,68.672607421875
2020-09-09,69.46845245361328
2020-09-10,68.36260223388672
2020-09-11,68.86524963378906
2020-09-14,69.65278625488281
2020-09-15,69.51873016357422
2020-09-16,69.92086029052734
2020-09-17,69.68628692626953
2020-09-18,69.13334655761719
2020-09-21,67.71796417236328
2020-09-22,67.802490234375
2020-09-23,66.54341888427734
2020-09-24,66.71243286132812
2020-09-25,67.36309051513672
2020-09-28,68.39397430419922
2020-09-29,67.86161804199219
2020-09-30,68.38552856445312
2020-10-01,68.36018371582031
2020-10-02,68.44468688964844
2020-10-05,69.56009674072266
2020-10-06,69.05308532714844
2020-10-07,70.16001892089844
2020-10-08,71.01345825195312
2020-10-09,71.05571746826172
2020-10-12,71.63031005859375
2020-10-13,70.97965240478516
2020-10-14,70.67545318603516
2020-10-15,70.83601379394531
2020-10-16,71.02191162109375
2020-10-19,70.0163803100586
2020-10-20,70.18535614013672
2020-10-21,69.82200622558594
2020-10-22,70.8191146850586
2020-10-23,70.86135864257812
2020-10-26,69.59386444091797
2020-10-27,68.62213134765625
2020-10-28,66.65328979492188
2020-10-29,67.18562316894531
2020-10-30,67.21098327636719
2020-11-02,68.50382995605469
2020-11-03,69.56852722167969
2020-11-04,69.38262939453125
2020-11-05,70.52336883544922
2020-11-06,70.38818359375
2020-11-09,73.14285278320312
2020-11-10,74.17374420166016
2020-11-11,74.06389617919922
2020-11-12,72.96539306640625
2020-11-13,74.22444152832031
2020-11-16,75.54265594482422
2020-11-17,75.16239929199219
2020-11-18,74.33428955078125
2020-11-19,74.51175689697266
2020-11-20,74.2328872680664
2020-11-23,75.20464324951172
2020-11-24,76.92843627929688
2020-11-25,76.42987060546875
2020-11-27,76.33694458007812
2020-11-30,75.4496841430664
2020-12-01,76.18484497070312
2020-12-02,76.6411361694336
2020-12-03,76.70027923583984
2020-12-04,77.79878997802734
2020-12-07,77.28333282470703
2020-12-08,77.7734375
2020-12-09,77.82412719726562
2020-12-10,77.6128921508789
2020-12-11,77.31714630126953
2020-12-14,76.51439666748047
2020-12-15,77.55374145507812
2020-12-16,77.42699432373047
2020-12-17,77.60442352294922
2020-12-18,77.36784362792969
2020-12-21,76.88188934326172
2020-12-22,76.31068420410156
2020-12-23,76.89041137695312
2020-12-24,77.05239868164062
2020-12-28,77.24846649169922
2020-12-29,77.1291275024414
2020-12-30,77.35929870605469
2020-12-31,78.0157470703125
2021-01-04,77.06945037841797
2021-01-05,77.72588348388672
2021-01-06,79.67821502685547
2021-01-07,80.14710235595703
2021-01-08,80.16416931152344
2021-01-11,80.53076171875
2021-01-12,80.98258972167969
2021-01-13,81.03373718261719
2021-01-14,81.52822875976562
2021-01-15,80.68421173095703
2021-01-19,81.05079650878906
2021-01-20,81.06784057617188
2021-01-21,80.61601257324219
2021-01-22,80.18974304199219
2021-01-25,80.36024475097656
2021-01-26,80.18974304199219
2021-01-27,78.21185302734375
2021-01-28,79.02176666259766
2021-01-29,77.57244873046875
2021-02-01,78.15214538574219
2021-02-02,79.05586242675781
2021-02-03,79.32014465332031
2021-02-04,80.2664566040039
2021-02-05,80.59043884277344
2021-02-08,81.3406753540039
2021-02-09,81.29802703857422
2021-02-10,81.34918212890625
2021-02-11,81.18720245361328
2021-02-12,81.63050842285156
2021-02-16,81.86070251464844
2021-02-17,82.21879577636719
2021-02-18,81.88629150390625
2021-02-19,82.12500762939453
2021-02-22,82.43190002441406
2021-02-23,82.6450424194336
2021-02-24,83.77039337158203
2021-02-25,82.34663391113281
2021-02-26,81.11898803710938
2021-03-01,82.89230346679688
2021-03-02,82.56829833984375
2021-03-03,82.52569580078125
2021-03-04,81.80956268310547
2021-03-05,83.65104675292969
2021-03-08,84.3671646118164
2021-03-09,84.22224426269531
2021-03-10,85.45843505859375
2021-03-11,85.44137573242188
2021-03-12,86.19161224365234
2021-03-15,86.45589447021484
2021-03-16,86.14898681640625
2021-03-17,86.35358428955078
2021-03-18,85.82499694824219
2021-03-19,85.526611328125
2021-03-22,85.57466888427734
2021-03-23,84.69935607910156
2021-03-24,84.77660369873047
2021-03-25,85.81494903564453
2021-03-26,87.38538360595703
2021-03-29,87.21375274658203
2021-03-30,87.04212188720703
2021-03-31,86.75033569335938
2021-04-01,87.18799591064453
2021-04-05,87.83158874511719
2021-04-06,87.7629623413086
2021-04-07,87.71147155761719
2021-04-08,87.61705780029297
2021-04-09,87.96891021728516
2021-04-12,88.01182556152344
2021-04-13,87.63423919677734
2021-04-14,87.98607635498047
2021-04-15,88.34649658203125
2021-04-16,88.88711547851562
2021-04-19,88.52671813964844
2021-04-20,87.94317626953125
2021-04-21,88.792724609375
2021-04-22,87.88311767578125
2021-04-23,88.57821655273438
2021-04-26,88.37224578857422
2021-04-27,88.5095443725586
2021-04-28,88.57821655273438
2021-04-29,89.54790496826172
2021-04-30,88.96437072753906
2021-05-03,89.89974975585938
2021-05-04,90.17436981201172
2021-05-05,90.73218536376953
2021-05-06,91.67613220214844
2021-05-07,92.19100952148438
2021-05-10,92.2596664428711
2021-05-11,91.22132110595703
2021-05-12,89.82251739501953
2021-05-13,91.1697998046875
2021-05-14,92.18242645263672
2021-05-17,92.23392486572266
2021-05-18,91.30712127685547
2021-05-19,90.79222869873047
2021-05-20,91.28994750976562
2021-05-21,91.53881072998047
2021-05-24,91.87348937988281
2021-05-25,91.14405822753906
2021-05-26,91.30712127685547
2021-05-27,91.53022003173828
2021-05-28,91.65896606445312
2021-06-01,91.89065551757812
2021-06-02,92.1052017211914
2021-06-03,92.24249267578125
2021-06-04,92.63724517822266
2021-06-07,92.3712158203125
2021-06-08,92.20818328857422
2021-06-09,91.89065551757812
2021-06-10,92.04512786865234
2021-06-11,92.1052017211914
2021-06-14,91.70186614990234
2021-06-15,91.81342315673828
2021-06-16,91.1612319946289
2021-06-17,89.88257598876953
2021-06-18,88.1062240600586
2021-06-21,89.71589660644531
2021-06-22,89.83692169189453
2021-06-23,89.47383117675781
2021-06-24,90.19999694824219
2021-06-25,90.7359848022461
2021-06-28,90.38154602050781
2021-06-29,90.10490417480469
2021-06-30,90.57173156738281
2021-07-01,91.12500762939453
2021-07-02,91.28924560546875
2021-07-06,90.23456573486328
2021-07-07,90.48526763916016
2021-07-08,89.68993377685547
2021-07-09,90.9866714477539
2021-07-12,91.32382202148438
2021-07-13,90.67545318603516
2021-07-14,90.65815734863281
2021-07-15,90.71004486083984
2021-07-16,89.98387145996094
2021-07-19,88.46238708496094
2021-07-20,89.6121597290039
2021-07-21,90.48526763916016
2021-07-22,90.04440307617188
2021-07-23,90.61494445800781
2021-07-26,91.01261901855469
2021-07-27,90.95209503173828
2021-07-28,90.81378173828125
2021-07-29,91.48807525634766
2021-07-30,91.0731201171875
2021-08-02,90.90023040771484
2021-08-03,91.85115814208984
2021-08-04,90.8915786743164
2021-08-05,91.47942352294922
2021-08-06,92.04996490478516
2021-08-09,91.95488739013672
2021-08-10,92.76750946044922
2021-08-11,93.4072265625
2021-08-12,93.51095581054688
2021-08-13,93.53689575195312
2021-08-16,93.67520141601562
2021-08-17,93.23432159423828
2021-08-18,92.06729125976562
2021-08-19,91.75606536865234
2021-08-20,92.30931854248047
2021-08-23,92.81936645507812
2021-08-24,92.83666229248047
2021-08-25,93.15652465820312
2021-08-26,92.5859603881836
2021-08-27,93.3121337890625
2021-08-30,93.07870483398438
2021-08-31,92.97498321533203
2021-09-01,92.6291732788086
2021-09-02,93.30350494384766
2021-09-03,93.00093841552734
2021-09-07,92.11913299560547
2021-09-08,92.1104965209961
2021-09-09,91.62638854980469
2021-09-10,91.15955352783203
2021-09-13,91.79930114746094
2021-09-14,90.8742904663086
2021-09-15,91.67825317382812
2021-09-16,91.24600982666016
2021-09-17,90.64952850341797
2021-09-20,89.24683380126953
2021-09-21,89.07266998291016
2021-09-22,89.86503601074219
2021-09-23,91.08399200439453
2021-09-24,91.28425598144531
2021-09-27,91.87635040283203
2021-09-28,90.90116119384766
2021-09-29,91.34521484375
2021-09-30,89.98692321777344
2021-10-01,91.08399200439453
2021-10-04,90.84021759033203
2021-10-05,91.4758071899414
2021-10-06,91.6151351928711
2021-10-07,92.26815032958984
2021-10-08,92.25944519042969
2021-10-11,91.6151351928711
2021-10-12,91.266845703125
2021-10-13,91.371337890625
2021-10-14,92.7818832397461
2021-10-15,93.35652923583984
2021-10-18,93.03436279296875
2021-10-19,93.9050521850586
2021-10-20,94.70611572265625
2021-10-21,94.3752670288086
2021-10-22,94.6190414428711
2021-10-25,94.81930541992188
2021-10-26,94.87155151367188
2021-10-27,93.6525650024414
2021-10-28,94.50586700439453
2021-10-29,94.41879272460938
2021-11-01,94.83672332763672
2021-11-02,95.23725128173828
2021-11-03,95.76836395263672
2021-11-04,95.48974609375
2021-11-05,96.0731201171875
2021-11-08,96.06440734863281
2021-11-09,95.99474334716797
2021-11-10,95.97734832763672
2021-11-11,96.08182525634766
2021-11-12,96.22985076904297
2021-11-15,96.3952865600586
2021-11-16,96.37786865234375
2021-11-17,95.94251251220703
2021-11-18,95.64646911621094
2021-11-19,94.78448486328125
2021-11-22,95.48974609375
2021-11-23,96.3865737915039
2021-11-24,96.22113800048828
2021-11-26,94.22723388671875
2021-11-29,94.45362091064453
2021-11-30,92.23332214355469
2021-12-01,91.7457275390625
2021-12-02,93.41748809814453
2021-12-03,93.49584197998047
2021-12-06,94.6190414428711
2021-12-07,95.55069732666016
2021-12-08,95.28948211669922
2021-12-09,95.16758728027344
2021-12-10,95.84674072265625
2021-12-13,95.44622039794922
2021-12-14,95.57681274414062
2021-12-15,96.578125
2021-12-16,97.26598358154297
2021-12-17,95.71613311767578
2021-12-20,94.94243621826172
2021-12-21,95.8996810913086
2021-12-22,96.47052001953125
2021-12-23,97.00621032714844
2021-12-27,98.0864028930664
2021-12-28,98.30596923828125
2021-12-29,98.4991683959961
2021-12-30,98.3322982788086
2021-12-31,98.45524597167969
2022-01-03,98.92070007324219
2022-01-04,100.13261413574219
2022-01-05,99.7549819946289
2022-01-06,100.13261413574219
2022-01-07,100.59807586669922
2022-01-10,100.50148010253906
2022-01-11,100.99324798583984
2022-01-12,101.00202941894531
2022-01-13,100.86151123046875
2022-01-14,100.68589782714844
2022-01-18,99.34220886230469
2022-01-19,98.5342788696289
2022-01-20,97.55070495605469
2022-01-21,96.47052001953125
2022-01-24,96.67250061035156
2022-01-25,96.74276733398438
2022-01-26,96.30365753173828
2022-01-27,96.18946838378906
2022-01-28,97.24334716796875
2022-01-31,97.93708038330078
2022-02-01,98.78018951416016
2022-02-02,99.6056900024414
2022-02-03,98.67478942871094
2022-02-04,98.51671600341797
2022-02-07,98.64845275878906
2022-02-08,99.24561309814453
2022-02-09,99.80769348144531
2022-02-10,98.51671600341797
2022-02-11,97.82293701171875
2022-02-14,97.08525085449219
2022-02-15,97.96345520019531
2022-02-16,98.11273956298828
2022-02-17,97.00621032714844
2022-02-18,96.79544067382812
2022-02-22,95.8908920288086
2022-02-23,94.81948852539062
2022-02-24,94.17839050292969
2022-02-25,97.01499938964844
2022-02-28,96.49683380126953
2022-03-01,95.04783630371094
2022-03-02,97.01499938964844
2022-03-03,97.26966857910156
2022-03-04,97.18184661865234
2022-03-07,95.53960418701172
2022-03-08,94.68775177001953
2022-03-09,95.86454010009766
2022-03-10,95.72404479980469
2022-03-11,95.1795425415039
2022-03-14,95.31127166748047
2022-03-15,96.38269805908203
2022-03-16,97.32235717773438
2022-03-17,98.36742401123047
2022-03-18,98.52548217773438
2022-03-21,98.81879425048828
2022-03-22,99.38418579101562
2022-03-23,98.39476013183594
2022-03-24,99.36651611328125
2022-03-25,100.39127349853516
2022-03-28,100.16159057617188
2022-03-29,100.84181213378906
2022-03-30,100.55029296875
2022-03-31,99.16332244873047
2022-04-01,99.58736419677734
2022-04-04,99.45484924316406
2022-04-05,98.87178802490234
2022-04-06,99.13683319091797
2022-04-07,99.6138687133789
2022-04-08,100.17925262451172
2022-04-11,99.36651611328125
2022-04-12,99.18982696533203
2022-04-13,99.66685485839844
2022-04-14,99.26049041748047
2022-04-18,99.34884643554688
2022-04-19,100.38243103027344
2022-04-20,101.21284484863281
2022-04-21,100.22342681884766
2022-04-22,97.7763671875
2022-04-25,97.78520965576172
2022-04-26,96.1950454711914
2022-04-27,96.3364028930664
2022-04-28,97.8293685913086
2022-04-29,94.99360656738281
2022-05-02,95.31163024902344
2022-05-03,96.08904266357422
2022-05-04,98.8099594116211
2022-05-05,96.65443420410156
2022-05-06,96.75159454345703
2022-05-09,94.8787612915039
2022-05-10,94.47238159179688
2022-05-11,93.99535369873047
2022-05-12,94.27804565429688
2022-05-13,95.47064971923828
2022-05-16,95.88584899902344
2022-05-17,97.40532684326172
2022-05-18,94.19853973388672
2022-05-19,93.1825942993164
2022-05-20,93.47413635253906
2022-05-23,95.0731201171875
2022-05-24,95.64730834960938
2022-05-25,96.4335708618164
2022-05-26,97.6615219116211
2022-05-27,99.06615447998047
2022-05-31,98.3329086303711
2022-06-01,97.64386749267578
2022-06-02,98.48310089111328
2022-06-03,97.820556640625
2022-06-06,97.96188354492188
2022-06-07,99.01315307617188
2022-06-08,97.79402160644531
2022-06-09,95.815185546875
2022-06-10,93.84516143798828
2022-06-13,90.94755554199219
2022-06-14,90.20549774169922
2022-06-15,90.58535766601562
2022-06-16,88.21781921386719
2022-06-17,87.63475799560547
2022-06-21,89.7981948852539
2022-06-22,89.5308837890625
2022-06-23,89.6645278930664
2022-06-24,92.05248260498047
2022-06-27,92.230712890625
2022-06-28,91.39313507080078
2022-06-29,90.9654312133789
2022-06-30,90.61793518066406
2022-07-01,91.53571319580078
2022-07-05,90.4842758178711
2022-07-06,90.49319458007812
2022-07-07,91.50897216796875
2022-07-08,91.33966064453125
2022-07-11,90.92980194091797
2022-07-12,90.43080139160156
2022-07-13,89.89619445800781
2022-07-14,89.2368392944336
2022-07-15,90.84068298339844
2022-07-18,90.26152038574219
2022-07-19,92.15052032470703
2022-07-20,92.03467559814453
2022-07-21,92.2039794921875
2022-07-22,92.03467559814453
2022-07-25,92.70294952392578
2022-07-26,92.2663345336914
2022-07-27,93.3623275756836
2022-07-28,94.10186767578125
2022-07-29,94.78795623779297
2022-08-01,94.65431213378906
2022-08-02,93.85237121582031
2022-08-03,94.47610473632812
2022-08-04,93.83455657958984
2022-08-05,94.09296417236328
2022-08-08,94.19987487792969
2022-08-09,94.35135650634766
2022-08-10,95.75027465820312
2022-08-11,96.2403564453125
2022-08-12,97.5234146118164
2022-08-15,97.7194595336914
2022-08-16,98.24517059326172
2022-08-17,97.79966735839844
2022-08-18,98.26297760009766
2022-08-19,97.5679931640625
2022-08-22,96.01759338378906
2022-08-23,95.87501525878906
2022-08-24,96.01759338378906
2022-08-25,97.18484497070312
2022-08-26,94.66322326660156
2022-08-29,94.28007507324219
2022-08-30,93.1930160522461
2022-08-31,92.46236419677734
2022-09-01,92.87223815917969
2022-09-02,92.17725372314453
2022-09-06,91.81190490722656
2022-09-07,93.1306381225586
2022-09-08,93.79000091552734
2022-09-09,94.89486694335938
2022-09-12,95.65225982666016
2022-09-13,92.35546112060547
2022-09-14,92.79206085205078
2022-09-15,92.123779296875
2022-09-16,91.73171997070312
2022-09-19,92.33049774169922
2022-09-20,91.1904067993164
2022-09-21,89.8886947631836
2022-09-22,89.45780181884766
2022-09-23,87.76110076904297
2022-09-26,86.50430297851562
2022-09-27,86.0913314819336
2022-09-28,87.779052734375
2022-09-29,86.42350769042969
2022-09-30,85.1756820678711
2022-10-03,87.50975036621094
2022-10-04,90.08619689941406
2022-10-05,89.86177062988281
2022-10-06,88.73064422607422
2022-10-07,87.04293823242188
2022-10-10,86.70179748535156
2022-10-11,86.58509826660156
2022-10-12,86.30680084228516
2022-10-13,88.89222717285156
2022-10-14,87.48281860351562
2022-10-17,89.01792907714844
2022-10-18,90.1310806274414
2022-10-19,89.64631652832031
2022-10-20,88.78451538085938
2022-10-21,91.01984405517578
2022-10-24,92.14198303222656
2022-10-25,93.05764770507812
2022-10-26,93.65914154052734
2022-10-27,93.95537567138672
2022-10-28,95.88546752929688
2022-10-31,95.5892333984375
2022-11-01,95.85853576660156
2022-11-02,94.43115997314453
2022-11-03,94.278564453125
2022-11-04,95.72388458251953
2022-11-07,96.54080963134766
2022-11-08,97.08841705322266
2022-11-09,95.42765045166016
2022-11-10,98.76715850830078
2022-11-11,99.00054931640625
2022-11-14,98.48885345458984
2022-11-15,98.9377212524414
2022-11-16,98.32728576660156
2022-11-17,98.39910125732422
2022-11-18,99.09931182861328
2022-11-21,99.35965728759766
2022-11-22,100.61646270751953
2022-11-23,100.66133880615234
2022-11-25,100.98452758789062
2022-11-28,99.61100769042969
2022-11-29,99.82645416259766
2022-11-30,101.5770263671875
2022-12-01,101.48725891113281
2022-12-02,101.4423599243164
2022-12-05,99.66487121582031
2022-12-06,98.65941619873047
2022-12-07,98.6414794921875
2022-12-08,99.16217041015625
2022-12-09,98.30035400390625
2022-12-12,99.75464630126953
2022-12-13,100.11372375488281
2022-12-14,99.66487121582031
2022-12-15,97.8604507446289
2022-12-16,96.94478607177734
2022-12-19,96.60506439208984
2022-12-20,96.8768310546875
2022-12-21,98.17229461669922
2022-12-22,97.34790802001953
2022-12-23,98.09980010986328
2022-12-27,98.38971710205078
2022-12-28,97.33885955810547
2022-12-29,98.27191925048828
2022-12-30,98.0273208618164
2023-01-03,97.85520935058594
2023-01-04,98.68863677978516
2023-01-05,98.19039916992188
2023-01-06,100.346435546875
2023-01-09,99.48583984375
2023-01-10,99.95690155029297
2023-01-11,100.45514678955078
2023-01-12,100.62725830078125
2023-01-13,100.95338439941406
2023-01-17,100.3373794555664
2023-01-18,98.32627868652344
2023-01-19,97.66497802734375
2023-01-20,98.63427734375
2023-01-23,99.29560089111328
2023-01-24,99.40430450439453
2023-01-25,99.6217269897461
2023-01-26,100.27396392822266
2023-01-27,99.88442993164062
2023-01-30,99.1868896484375
2023-01-31,100.346435546875
2023-02-01,100.51854705810547
2023-02-02,100.40079498291016
2023-02-03,99.82101440429688
2023-02-06,99.61266326904297
2023-02-07,100.26490783691406
2023-02-08,99.50394439697266
2023-02-09,98.5980453491211
2023-02-10,99.7032470703125
2023-02-13,100.63632202148438
2023-02-14,100.14713287353516
2023-02-15,100.11090087890625
2023-02-16,99.3136978149414
2023-02-17,99.44054412841797
2023-02-21,97.85520935058594
2023-02-22,97.59249877929688
2023-02-23,97.78275299072266
2023-02-24,97.42037963867188
2023-02-27,97.3932113647461
2023-02-28,96.82247924804688
2023-03-01,96.76812744140625
2023-03-02,97.23920440673828
2023-03-03,98.29910278320312
2023-03-06,98.281005859375
2023-03-07,96.60506439208984
2023-03-08,96.42389678955078
2023-03-09,94.54869079589844
2023-03-10,93.59748077392578
2023-03-13,92.70063781738281
2023-03-14,93.77867126464844
2023-03-15,92.6191177368164
2023-03-16,93.50690460205078
2023-03-17,91.96685028076172
2023-03-20,93.24140930175781
2023-03-21,94.24500274658203
2023-03-22,92.43855285644531
2023-03-23,91.9823989868164
2023-03-24,92.78523254394531
2023-03-27,93.6428451538086
2023-03-28,93.86180114746094
2023-03-29,94.9474868774414
2023-03-30,95.22120666503906
2023-03-31,96.25215148925781
2023-04-03,96.98202514648438
2023-04-04,96.0970458984375
2023-04-05,96.64445495605469
2023-04-06,96.63533782958984
2023-04-10,96.9364013671875
2023-04-11,97.4199447631836
2023-04-12,97.15535736083984
2023-04-13,97.71188354492188
2023-04-14,97.68451690673828
2023-04-17,98.20455169677734
2023-04-18,98.21367645263672
2023-04-19,98.24105834960938
2023-04-20,97.6297836303711
2023-04-21,97.60242462158203
2023-04-24,97.93085479736328
2023-04-25,96.77216339111328
2023-04-26,95.5040283203125
2023-04-27,96.62621307373047
2023-04-28,97.47467803955078
2023-05-01,97.42906951904297
2023-05-02,95.73210906982422
2023-05-03,94.80152130126953
2023-05-04,93.85269165039062
2023-05-05,95.37628173828125
2023-05-08,95.30330657958984
2023-05-09,94.91099548339844
2023-05-10,94.70115661621094
2023-05-11,94.21762084960938
2023-05-12,94.24500274658203
2023-05-15,94.49132537841797
2023-05-16,93.1593017578125
2023-05-17,94.34535217285156
2023-05-18,94.65554809570312
2023-05-19,94.59168243408203
2023-05-22,94.4183349609375
2023-05-23,94.18111419677734
2023-05-24,93.37825775146484
2023-05-25,92.76700592041016
2023-05-26,93.40562438964844
2023-05-30,93.0589599609375
2023-05-31,92.47502899169922
2023-06-01,92.94034576416016
2023-06-02,94.92925262451172
2023-06-05,94.44570922851562
2023-06-06,94.82889556884766
2023-06-07,95.92369842529297
2023-06-08,96.08792877197266
2023-06-09,95.9145736694336
2023-06-12,96.14266967773438
2023-06-13,96.8269271850586
2023-06-14,96.54409790039062
2023-06-15,97.66627502441406
2023-06-16,97.71188354492188
2023-06-20,96.71566772460938
2023-06-21,96.58687591552734
2023-06-22,96.13615417480469
2023-06-23,95.2438735961914
2023-06-26,95.7406005859375
2023-06-27,96.3569107055664
2023-06-28,96.05335235595703
2023-06-29,96.81686401367188
2023-06-30,97.57115936279297
2023-07-03,98.0954818725586
2023-07-05,97.63552856445312
2023-07-06,96.56848907470703
2023-07-07,96.48571014404297
2023-07-10,97.08362579345703
2023-07-11,98.03108978271484
2023-07-12,98.45423889160156
2023-07-13,98.78539276123047
2023-07-14,98.08628845214844
2023-07-17,98.15988159179688
2023-07-18,98.80379486083984
2023-07-19,99.57648468017578
2023-07-20,100.47795867919922
2023-07-21,100.79071044921875
2023-07-24,101.35184478759766
2023-07-25,101.14946746826172
2023-07-26,101.49901580810547
2023-07-27,100.84590148925781
2023-07-28,101.34263610839844
2023-07-31,101.48980712890625
2023-08-01,101.23226165771484
2023-08-02,100.56076049804688
2023-08-03,100.30317687988281
2023-08-04,99.81566619873047
2023-08-07,100.6711196899414
2023-08-08,100.19281005859375
2023-08-09,100.0088119506836
2023-08-10,99.93522644042969
2023-08-11,100.34917449951172
2023-08-14,100.14680480957031
2023-08-15,98.77619171142578
2023-08-16,98.24266052246094
2023-08-17,98.04948425292969
2023-08-18,98.30706024169922
2023-08-21,98.03108978271484
2023-08-22,97.3871841430664
2023-08-23,97.91151428222656
2023-08-24,97.33199310302734
2023-08-25,97.84710693359375
2023-08-28,98.36223602294922
2023-08-29,99.13494873046875
2023-08-30,99.25452423095703
2023-08-31,99.06134033203125
2023-09-01,99.37409973144531
2023-09-05,98.38983917236328
2023-09-06,97.9574966430664
2023-09-07,97.92990112304688
2023-09-08,98.36223602294922
2023-09-11,98.55542755126953
2023-09-12,98.88658142089844
2023-09-13,98.78539276123047
2023-09-14,99.95362854003906
2023-09-15,99.13494873046875
2023-09-18,99.22296905517578
2023-09-19,98.8986587524414
2023-09-20,98.53724670410156
2023-09-21,97.2585220336914
2023-09-22,96.98053741455078
2023-09-25,97.2585220336914
2023-09-26,95.99832153320312
2023-09-27,95.97052001953125
2023-09-28,96.25776672363281
2023-09-29,95.7388687133789
2023-10-02,94.58985137939453
2023-10-03,93.83002471923828
2023-10-04,93.75588989257812
2023-10-05,93.38524627685547
2023-10-06,93.87635040283203
2023-10-09,94.84930419921875
2023-10-10,95.43307495117188
2023-10-11,95.32186126708984
2023-10-12,94.74738311767578
2023-10-13,94.94197082519531
2023-10-16,95.9427261352539
2023-10-17,96.34117126464844
2023-10-18,95.48867797851562
2023-10-19,94.70104217529297
2023-10-20,93.78368377685547
2023-10-23,92.9867935180664
2023-10-24,93.65396118164062
2023-10-25,93.17210388183594
2023-10-26,92.88484954833984
2023-10-27,91.46712493896484
2023-10-30,92.48640441894531
2023-10-31,93.07945251464844
2023-11-01,93.51496124267578
2023-11-02,95.42379760742188
2023-11-03,96.20217895507812
2023-11-06,95.86858367919922
2023-11-07,95.36820983886719
2023-11-08,94.9790267944336
2023-11-09,94.13578796386719
2023-11-10,95.11802673339844
2023-11-13,94.9883041381836
2023-11-14,96.86934661865234
2023-11-15,97.41606140136719
2023-11-16,96.98979949951172
2023-11-17,97.54578399658203
2023-11-20,97.7589111328125
2023-11-21,97.56431579589844
2023-11-22,97.91641998291016
2023-11-24,98.23148345947266
2023-11-27,97.90716552734375
2023-11-28,97.92570495605469
2023-11-29,98.06468963623047
2023-11-30,98.90792083740234
2023-12-01,99.92719268798828
2023-12-04,100.01986694335938
2023-12-05,99.35270690917969
2023-12-06,99.13958740234375
2023-12-07,99.45462799072266
2023-12-08,99.7048110961914
2023-12-11,100.69630432128906
2023-12-12,100.7333755493164
2023-12-13,102.47541809082031
2023-12-14,103.63370513916016
2023-12-15,103.13333129882812
2023-12-18,103.35794067382812
2023-12-19,104.11599731445312
2023-12-20,102.5437240600586
2023-12-21,103.36730194091797
2023-12-22,103.83522033691406
2023-12-26,104.52778625488281
2023-12-27,104.64009094238281
2023-12-28,104.6588134765625
2023-12-29,104.47162628173828
2024-01-02,105.1641845703125
2024-01-03,104.52778625488281
2024-01-04,104.43419647216797
2024-01-05,104.69622802734375
2024-01-08,105.28584289550781
2024-01-09,104.61200714111328
2024-01-10,104.6213607788086
2024-01-11,104.20958709716797
2024-01-12,104.34061431884766
2024-01-16,103.54511260986328
2024-01-17,102.92745208740234
2024-01-18,103.3017807006836
2024-01-19,104.46227264404297
2024-01-22,104.6213607788086
2024-01-23,104.94892883300781
2024-01-24,104.66816711425781
2024-01-25,105.81928253173828
2024-01-26,105.74441528320312
2024-01-29,106.05325317382812
2024-01-30,106.44631958007812
2024-01-31,105.25776672363281
2024-02-01,106.04389953613281
2024-02-02,105.87542724609375
2024-02-05,105.06122589111328
2024-02-06,105.49172973632812
2024-02-07,105.68827056884766
2024-02-08,105.74441528320312
2024-02-09,105.6414794921875
2024-02-12,106.3714599609375
2024-02-13,104.92083740234375
2024-02-14,105.4355697631836
2024-02-15,106.9049072265625
2024-02-16,106.6241455078125
2024-02-20,106.63349151611328
2024-02-21,107.17630767822266
2024-02-22,107.90630340576172
2024-02-23,108.14962005615234
2024-02-26,107.72848510742188
2024-02-27,107.8875732421875
2024-02-28,107.82205963134766
2024-02-29,108.01859283447266
2024-03-01,108.71113586425781
2024-03-04,109.01062774658203
2024-03-05,108.9076919555664
2024-03-06,109.58150482177734
2024-03-07,110.07752227783203
2024-03-08,109.80611419677734
2024-03-11,110.33019256591797
2024-03-12,110.54545593261719
2024-03-13,110.74198150634766
2024-03-14,110.12430572509766
2024-03-15,110.03584289550781
2024-03-18,110.19583129882812
2024-03-19,110.76051330566406
2024-03-20,111.72045135498047
2024-03-21,112.64274597167969
2024-03-22,112.06867980957031
2024-03-25,111.94631958007812
2024-03-26,111.68281555175781
2024-03-27,113.47093963623047
2024-03-28,113.86620330810547
2024-04-01,113.43328857421875
2024-04-02,112.990966796875
2024-04-03,112.79331970214844
2024-04-04,111.68281555175781
2024-04-05,112.23807525634766
2024-04-08,112.30394744873047
2024-04-09,112.52041625976562
2024-04-10,111.09931945800781
2024-04-11,110.95813751220703
2024-04-12,109.26412200927734
2024-04-15,108.72769165039062
2024-04-16,108.14419555664062
2024-04-17,107.95597076416016
2024-04-18,108.20065307617188
2024-04-19,109.1135482788086
2024-04-22,110.06407165527344
2024-04-23,110.73228454589844
2024-04-24,110.99578857421875
2024-04-25,110.67581176757812
2024-04-26,110.4593505859375
2024-04-29,111.0428466796875
2024-04-30,109.61235046386719
2024-05-01,109.16060638427734
2024-05-02,109.61235046386719
2024-05-03,110.23348236083984
2024-05-06,110.90166473388672
2024-05-07,111.2499008178711
2024-05-08,111.6075210571289
2024-05-09,112.44512939453125
2024-05-10,112.8121566772461
2024-05-13,112.80274200439453
2024-05-14,113.21684265136719
2024-05-15,114.12031555175781
2024-05-16,114.0638427734375
2024-05-17,114.35559844970703
2024-05-20,113.7438735961914
2024-05-21,113.8850326538086
2024-05-22,113.4803466796875
2024-05-23,111.96514892578125
2024-05-24,112.35099792480469
2024-05-28,111.71104431152344
2024-05-29,110.49699401855469
2024-05-30,111.12754821777344
2024-05-31,112.93450927734375
2024-06-03,112.1063232421875
2024-06-04,111.79574584960938
2024-06-05,112.25688934326172
2024-06-06,112.06867980957031
2024-06-07,111.91807556152344
2024-06-10,112.2004165649414
2024-06-11,111.5322265625
2024-06-12,111.5040054321289
2024-06-13,111.80514526367188
2024-06-14,111.44752502441406
2024-06-17,112.36040496826172
2024-06-18,112.75569152832031
2024-06-20,113.14154815673828
2024-06-21,112.84159851074219
2024-06-24,113.6484146118164
2024-06-25,112.75616455078125
2024-06-26,112.30054473876953
2024-06-27,112.30054473876953
2024-06-28,112.57582092285156
2024-07-01,112.32901763916016
2024-07-02,112.67073059082031
2024-07-03,112.83211517333984
2024-07-05,112.54734802246094
2024-07-08,112.76566314697266
2024-07-09,112.79414367675781
2024-07-10,113.84776306152344
2024-07-11,114.78746795654297
2024-07-12,115.3095474243164
2024-07-15,115.8410873413086
2024-07-16,117.55915832519531
2024-07-17,117.97679901123047
2024-07-18,117.05607604980469
2024-07-19,116.21128845214844
2024-07-22,116.68587493896484
2024-07-23,116.02144622802734
2024-07-24,115.44242095947266
2024-07-25,115.85057830810547
2024-07-26,117.24591064453125
2024-07-29,117.04656982421875
2024-07-30,117.2269287109375
2024-07-31,118.0147705078125
2024-08-01,116.42010498046875
2024-08-02,114.48372650146484
2024-08-05,111.91136932373047
2024-08-06,112.6897201538086
2024-08-07,112.20563507080078
2024-08-08,114.17999267578125
2024-08-09,114.23693084716797
2024-08-12,113.84776306152344
2024-08-13,115.03427124023438
2024-08-14,115.54684448242188
2024-08-15,117.03710174560547
2024-08-16,117.43576049804688
2024-08-19,118.22360229492188
2024-08-20,117.61610412597656
2024-08-21,118.15715026855469
2024-08-22,117.90086364746094
2024-08-23,119.3816146850586
2024-08-26,119.54299926757812
2024-08-27,119.48603820800781
2024-08-28,119.30569458007812
2024-08-29,119.7423324584961
2024-08-30,120.89085388183594
2024-09-03,119.42909240722656
2024-09-04,119.315185546875
2024-09-05,118.49885559082031
2024-09-06,116.8282699584961
2024-09-09,118.12866973876953
2024-09-10,117.91985321044922
2024-09-11,117.89137268066406
2024-09-12,118.52734375
2024-09-13,119.61892700195312
2024-09-16,120.5016860961914
2024-09-17,120.58712768554688
2024-09-18,120.28337860107422
2024-09-19,121.5647964477539
2024-09-20,121.35553741455078
2024-09-23,121.90019989013672
2024-09-24,122.05309295654297
2024-09-25,121.20263671875
2024-09-26,121.73776245117188
2024-09-27,122.08174896240234
2024-09-30,122.50218963623047
2024-10-01,122.2346420288086
2024-10-02,122.33975982666016
2024-10-03,121.91930389404297
2024-10-04,122.96085357666016
2024-10-07,122.1677474975586
2024-10-08,122.3015365600586
2024-10-09,123.40042877197266
2024-10-10,123.04686737060547
2024-10-11,124.32732391357422
2024-10-14,125.13953399658203
2024-10-15,124.556640625
2024-10-16,125.4739761352539
2024-10-17,125.62686157226562
2024-10-18,125.588623046875
2024-10-21,124.36552429199219
2024-10-22,124.38463592529297
2024-10-23,123.95465087890625
2024-10-24,123.72530364990234
2024-10-25,122.72196960449219
2024-10-28,123.55330657958984
2024-10-29,122.85575866699219
2024-10-30,122.78885650634766
2024-10-31,122.10086822509766
2024-11-01,121.86198425292969
2024-11-04,121.63263702392578
2024-11-05,122.9130859375
2024-11-06,126.47730255126953
2024-11-07,125.92308044433594
2024-11-08,126.61107635498047
2024-11-11,126.89777374267578
2024-11-12,125.89441680908203
2024-11-13,125.9899673461914
2024-11-14,125.30198669433594
2024-11-15,124.89108276367188
2024-11-18,125.52173614501953
2024-11-19,124.9675521850586
2024-11-20,125.04398345947266
2024-11-21,126.61107635498047
2024-11-22,127.68132019042969
2024-11-25,128.4457550048828
2024-11-26,128.48399353027344
2024-11-27,128.31198120117188
2024-11-29,128.7515411376953
2024-12-02,128.0635223388672
2024-12-03,127.49018096923828
2024-12-04,126.95509338378906
2024-12-05,127.02197265625
2024-12-06,126.89777374267578
2024-12-09,126.04731750488281
2024-12-10,125.38797760009766
2024-12-11,125.3210678100586
2024-12-12,124.88153839111328
2024-12-13,126.00908660888672
2024-12-16,125.97087860107422
2024-12-17,125.03443908691406
2024-12-18,121.51797485351562
2024-12-19,121.04975128173828
2024-12-20,122.40164184570312
2024-12-23,123.02751159667969
2024-12-24,124.20223236083984
2024-12-26,124.54888153076172
2024-12-27,123.86521911621094
2024-12-30,122.59422302246094
2024-12-31,122.85418701171875
2025-01-02,122.80606079101562
2025-01-03,123.65338897705078
2025-01-06,123.34527587890625
2025-01-07,123.01789093017578
2025-01-08,123.2104721069336
2025-01-10,121.42913055419922
2025-01-13,122.4786605834961
2025-01-14,123.51858520507812
2025-01-15,125.0688247680664
2025-01-16,125.86802673339844
2025-01-17,126.80203247070312
2025-01-21,128.00564575195312
2025-01-22,127.11013793945312
2025-01-23,128.0634002685547
2025-01-24,128.12115478515625
2025-01-27,127.7938003540039
2025-01-28,126.94644927978516
2025-01-29,126.98497772216797
2025-01-30,128.07301330566406
2025-01-31,127.4471435546875
2025-02-03,127.01386260986328
2025-02-04,127.24494171142578
2025-02-05,128.37152099609375
2025-02-06,128.34263610839844
2025-02-07,127.40863037109375
2025-02-10,128.1018829345703
2025-02-11,128.84332275390625
2025-02-12,128.20782470703125
2025-02-13,128.97813415527344
2025-02-14,128.8048095703125
2025-02-18,129.50770568847656
2025-02-19,130.04693603515625
2025-02-20,129.60400390625
2025-02-21,128.37152099609375
2025-02-24,128.0634002685547
2025-02-25,128.24635314941406
2025-02-26,127.97675323486328
2025-02-27,127.27383422851562
2025-02-28,129.07443237304688
2025-03-03,127.77452850341797
2025-03-04,125.16512298583984
2025-03-05,125.91616821289062
2025-03-06,124.75106811523438
2025-03-07,126.35909271240234
2025-03-10,124.68367004394531
2025-03-11,123.1623306274414
2025-03-12,122.50756072998047
2025-03-13,121.67948913574219
2025-03-14,123.51858520507812
2025-03-17,125.01105499267578
2025-03-18,124.34667205810547
2025-03-19,125.35768127441406
2025-03-20,124.9725341796875
2025-03-21,124.44915771484375
2025-03-24,125.74793243408203
2025-03-25,125.20514678955078
2025-03-26,125.3311538696289
2025-03-27,124.90469360351562
2025-03-28,123.62532043457031
2025-03-31,124.99192810058594
2025-04-01,124.72052764892578
2025-04-02,125.44745635986328
2025-04-03,120.2911605834961
2025-04-04,113.42900848388672
2025-04-07,112.61485290527344
2025-04-08,111.24823760986328
2025-04-09,118.9051513671875
2025-04-10,115.50315856933594
2025-04-11,117.2962417602539
2025-04-14,118.53685760498047
2025-04-15,118.18792724609375
2025-04-16,116.75346374511719
2025-04-17,117.12178039550781
2025-04-21,115.04762268066406
2025-04-22,117.33499908447266
2025-04-23,118.11039733886719
2025-04-24,119.62239074707031
2025-04-25,119.50609588623047
2025-04-28,119.95193481445312
2025-04-29,120.4850082397461
2025-04-30,120.57223510742188
2025-05-01,120.14576721191406
2025-05-02,122.02608489990234
2025-05-05,121.46392059326172
2025-05-06,120.7176284790039
2025-05-07,121.38639068603516
2025-05-08,121.99700164794922
2025-05-09,121.87100219726562
2025-05-12,124.80777740478516
2025-05-13,124.41039276123047
2025-05-14,123.635009765625
2025-05-15,125.18577575683594
2025-05-16,125.95146942138672
2025-05-19,126.2034683227539
2025-05-20,126.09686279296875
2025-05-21,123.81915283203125
2025-05-22,123.32484436035156
2025-05-23,123.1794662475586
2025-05-27,125.09854888916016
2025-05-28,124.22622680664062
2025-05-29,124.7980728149414
2025-05-30,125.05007934570312
2025-06-02,125.42808532714844
2025-06-03,126.41669464111328
2025-06-04,125.90301513671875
2025-06-05,125.60253143310547
2025-06-06,126.42637634277344
2025-06-09,126.4457778930664
2025-06-10,127.10482788085938
2025-06-11,127.23085021972656
2025-06-12,127.79299926757812
2025-06-13,126.5232925415039
2025-06-16,127.21145629882812
2025-06-17,126.06777954101562
2025-06-18,126.27130889892578
2025-06-20,126.46839141845703
2025-06-23,127.444091796875
2025-06-24,128.41976928710938
2025-06-25,127.80509948730469
2025-06-26,128.96615600585938
2025-06-27,129.2978973388672
2025-06-30,130.0686798095703
2025-07-01,131.2882843017578
2025-07-02,131.7273406982422
2025-07-03,132.5078887939453
2025-07-07,131.45416259765625
2025-07-08,131.43466186523438
2025-07-09,131.66879272460938
2025-07-10,132.41033935546875
2025-07-11,131.62001037597656
2025-07-14,131.756591796875
2025-07-15,130.22479248046875
2025-07-16,130.84922790527344
2025-07-17,131.7371063232422
2025-07-18,131.41513061523438
2025-07-21,131.3370819091797
2025-07-22,132.16641235351562
2025-07-23,133.3372344970703
2025-07-24,132.77133178710938
2025-07-25,133.27870178222656
2025-07-28,132.8103485107422
2025-07-29,132.9664764404297
2025-07-30,132.3908233642578
2025-07-31,130.86875915527344
2025-08-01,129.6686553955078
2025-08-04,131.20046997070312
2025-08-05,131.00535583496094
2025-08-06,131.22975158691406
2025-08-07,131.32733154296875
2025-08-08,132.04931640625
2025-08-11,131.80540466308594
2025-08-12,133.30796813964844
2025-08-13,134.23486328125
2025-08-14,134.0494842529297
2025-08-15,133.65921020507812
2025-08-18,133.6689453125
2025-08-19,133.90313720703125
2025-08-20,134.25437927246094
2025-08-21,133.86410522460938
2025-08-22,135.7764434814453
2025-08-25,134.91783142089844
2025-08-26,135.27882385253906
2025-08-27,135.7178955078125
2025-08-28,135.87400817871094
2025-08-29,135.79595947265625
2025-09-02,135.33740234375
2025-09-03,134.89833068847656
2025-09-04,135.9032745361328
2025-09-05,136.15695190429688
2025-09-08,136.2545166015625
2025-09-09,136.23501586914062
2025-09-10,137.35704040527344
2025-09-11,138.57666015625
2025-09-12,137.9424591064453
2025-09-15,137.68878173828125
2025-09-16,137.45462036132812
2025-09-17,137.72781372070312
2025-09-18,138.0790557861328
2025-09-19,137.86508178710938
2025-09-22,137.51174926757812
2025-09-23,137.96322631835938
2025-09-24,137.92396545410156
2025-09-25,137.24671936035156
2025-09-26,138.17916870117188
2025-09-29,137.91415405273438
2025-09-30,138.34603881835938
2025-10-01,138.47364807128906
2025-10-02,138.30677795410156
2025-10-03,138.93495178222656
2025-10-06,138.6503143310547
2025-10-07,138.44419860839844
2025-10-08,138.64048767089844
2025-10-09,137.72769165039062
2025-10-10,134.9303436279297
2025-10-13,136.97189331054688
2025-10-14,137.9337921142578
2025-10-15,138.30677795410156
2025-10-16,136.9130096435547
2025-10-17,137.52154541015625
2025-10-20,138.62086486816406
2025-10-21,138.37547302246094
2025-10-22,137.9828643798828
2025-10-23,138.31658935546875
2025-10-24,139.00364685058594
2025-10-27,139.77906799316406
2025-10-28,139.24903869628906
2025-10-29,138.7975311279297
2025-10-30,138.24789428710938
2025-10-31,137.9828643798828
2025-11-03,137.1485595703125
2025-11-04,136.589111328125
2025-11-05,137.32525634765625
2025-11-06,136.9915313720703
2025-11-07,137.67860412597656
2025-11-10,138.424560546875
2025-11-11,139.45516967773438
2025-11-12,140.23056030273438
2025-11-13,138.64048767089844
2025-11-14,138.40492248535156
2025-11-17,136.96206665039062
2025-11-18,136.9326171875
2025-11-19,137.10931396484375
2025-11-20,135.87258911132812
2025-11-21,137.51174926757812
2025-11-24,138.61105346679688
2025-11-25,140.4661407470703
2025-11-26,141.72247314453125
2025-11-28,142.75308227539062
2025-12-01,141.3298797607422
2025-12-02,140.88818359375
2025-12-03,142.38992309570312
2025-12-04,142.42918395996094
2025-12-05,142.52732849121094
2025-12-08,142.10528564453125
2025-12-09,142.05621337890625
2025-12-10,144.07815551757812
2025-12-11,145.05967712402344
2025-12-12,143.3125457763672
2025-12-15,143.20458984375
2025-12-16,141.7715606689453
2025-12-17,141.39859008789062
2025-12-18,141.1531982421875
2025-12-19,141.61460876464844
2025-12-22,142.5236053466797
2025-12-23,142.67178344726562
2025-12-24,143.3238983154297
2025-12-26,143.35354614257812
2025-12-29,142.96820068359375
2025-12-30,142.82000732421875
2025-12-31,141.80233764648438
2026-01-02,143.02748107910156
2026-01-05,144.07481384277344
2026-01-06,145.00355529785156
2026-01-07,143.36343383789062
2026-01-08,144.5885772705078
2026-01-09,145.49757385253906
2026-01-12,145.87301635742188
2026-01-13,145.8236083984375
2026-01-14,146.2978973388672
2026-01-15,146.9302215576172
2026-01-16,147.0883026123047
2026-01-20,144.81582641601562
2026-01-21,146.50537109375
2026-01-22,146.6634521484375
2026-01-23,145.92242431640625
2026-01-26,146.63380432128906
2026-01-27,146.82154846191406
2026-01-28,146.91046142578125
2026-01-29,147.6909942626953
2026-01-30,148.16526794433594
2026-02-02,149.2224578857422
2026-02-03,150.12156677246094
2026-02-04,150.9613800048828
2026-02-05,150.1709747314453
2026-02-06,153.60931396484375
2026-02-09,153.87608337402344
2026-02-10,153.7871551513672
2026-02-11,154.62698364257812
2026-02-12,152.73983764648438
2026-02-13,153.510498046875
2026-02-17,153.27337646484375
2026-02-18,153.73777770996094
2026-02-19,153.34254455566406
2026-02-20,153.6982421875
2026-02-23,152.45330810546875
2026-02-24,152.8090057373047
2026-02-25,153.17459106445312
2026-02-26,153.07577514648438
2026-02-27,153.19435119628906
2026-03-02,153.2042236328125
2026-03-03,151.44552612304688
2026-03-04,151.76170349121094
2026-03-05,150.25001525878906
2026-03-06,148.93592834472656
2026-03-09,149.41018676757812
2026-03-10,148.9062957763672
2026-03-11,148.49130249023438
2026-03-12,146.95986938476562
2026-03-13,146.653564453125
2026-03-16,147.5922088623047
2026-03-17,147.77993774414062
2026-03-18,145.7445831298828
2026-03-19,145.7445831298828
2026-03-20,144.2756805419922
2026-03-23,145.77638244628906
2026-03-24,146.4521942138672
2026-03-25,147.17770385742188
2026-03-26,146.3130645751953
2026-03-27,144.8024139404297
2026-03-30,144.58377075195312
2026-03-31,147.18765258789062
2026-04-01,147.03855895996094
2026-04-02,147.19757080078125
2026-04-06,147.7740020751953
2026-04-07,148.17153930664062
2026-04-08,151.15306091308594
2026-04-09,151.72947692871094
2026-04-10,151.1232452392578
2026-04-13,152.2462921142578
2026-04-14,152.1767120361328
2026-04-15,152.10714721679688
2026-04-16,152.88233947753906
2026-04-17,154.15444946289062
2026-04-20,154.1246337890625
2026-04-21,153.39913940429688
2026-04-22,153.86624145507812
2026-04-23,154.87002563476562
2026-04-24,153.9954376220703
2026-04-27,153.64759826660156
2026-04-28,153.33949279785156
2026-04-29,153.5482177734375
2026-04-30,156.22164916992188
2026-05-01,155.5458221435547
2026-05-04,154.28366088867188
2026-05-05,155.366943359375
2026-05-06,155.98312377929688
2026-05-07,154.2041473388672
2026-05-08,154.50230407714844
2026-05-11,154.8501434326172
2026-05-12,154.9992218017578
2026-05-13,154.68118286132812
2026-05-14,156.27133178710938
2026-05-15,154.80044555664062
2026-05-18,155.66510009765625
2026-05-19,154.94952392578125
2026-05-20,155.7843475341797
2026-05-21,156.28126525878906
2026-05-22,157.7223358154297
2026-05-26,157.70245361328125
2026-05-27,157.3943634033203
2026-05-28,157.3446807861328
2026-05-29,158.20932006835938
2026-06-01,158.20932006835938
2026-06-02,160.1771240234375
2026-06-03,159.49136352539062
2026-06-04,159.411865234375
2026-06-05,157.2651824951172
2026-06-08,157.14590454101562
2026-06-09,157.86146545410156
2026-06-10,156.2415313720703
2026-06-11,158.0701904296875
2026-06-12,159.34230041503906
2026-06-15,159.47149658203125
2026-06-16,159.43174743652344
2026-06-17,158.10000610351562
2026-06-18,158.2100067138672
2026-06-22,158.38999938964844
2026-06-23,158.1300048828125
2026-06-24,157.99000549316406
2026-06-25,158.9499969482422
2026-06-26,158.22000122070312
2026-06-29,158.4499969482422
2026-06-30,158.02999877929688
2026-07-01,158.24000549316406
2026-07-02,159.47999572753906
2026-07-06,160.13999938964844
2026-07-07,160.63999938964844
2026-07-08,159.7899932861328
2026-07-09,160.5500030517578
2026-07-10,161.05999755859375
2026-07-13,160.86000061035156
2026-07-14,160.17999267578125
2026-07-15,160.10000610351562
2026-07-16,160.85000610351562
2026-07-17,160.16000366210938
2026-07-20,159.41000366210938
2026-07-21,160.5
2026-07-22,161.64999389648438
2026-07-23,161.27999877929688
2026-07-24,162.22999572753906
2026-07-27,162.72999572753906
2026-07-28,163.83999633789062
2026-07-29,161.6699981689453
2026-07-30,161.9600067138672
2026-07-31,161.9600067138672
2026-08-03,162.7899932861328
2026-08-04,165.3000030517578
2026-08-05,165.1300048828125
2026-08-06,164.77000427246094
2026-08-07,165.6300048828125
2026-08-10,166.05999755859375
2026-08-11,166.13999938964844
2026-08-12,166.6699981689453
2026-08-13,167.02999877929688
2026-08-14,166.52000427246094
2026-08-17,165.67999267578125
2026-08-18,165.5500030517578
2026-08-19,165.33999633789062
2026-08-20,164.0
2026-08-21,164.97000122070312
2026-08-24,165.08999633789062
2026-08-25,164.83999633789062
