Date,Open,Close
2004-11-18,44.43000030517578,44.380001068115234
2004-11-19,44.4900016784668,44.779998779296875
2004-11-22,44.75,44.95000076293945
2004-11-23,44.880001068115234,44.75
2004-11-24,44.93000030517578,45.04999923706055
2004-11-26,45.25,45.290000915527344
2004-11-29,45.099998474121094,45.400001525878906
2004-11-30,45.369998931884766,45.119998931884766
2004-12-01,45.279998779296875,45.380001068115234
2004-12-02,45.54999923706055,44.95000076293945
2004-12-03,45.040000915527344,45.599998474121094
2004-12-06,45.38999938964844,45.16999816894531
2004-12-07,45.29999923706055,45.11000061035156
2004-12-08,43.79999923706055,44.0099983215332
2004-12-09,43.75,43.779998779296875
2004-12-10,43.369998931884766,43.439998626708984
2004-12-13,43.61000061035156,43.90999984741211
2004-12-14,43.7599983215332,43.54999923706055
2004-12-15,44.099998474121094,43.9900016784668
2004-12-16,43.9900016784668,43.68000030517578
2004-12-17,43.93000030517578,44.189998626708984
2004-12-20,44.33000183105469,44.34000015258789
2004-12-21,44.130001068115234,44.220001220703125
2004-12-22,44.20000076293945,44.02000045776367
2004-12-23,44.16999816894531,44.27000045776367
2004-12-27,44.290000915527344,44.47999954223633
2004-12-28,44.41999816894531,44.369998931884766
2004-12-29,43.91999816894531,43.65999984741211
2004-12-30,43.5,43.83000183105469
2004-12-31,43.849998474121094,43.79999923706055
2005-01-03,42.97999954223633,43.02000045776367
2005-01-04,42.79999923706055,42.7400016784668
2005-01-05,42.75,42.66999816894531
2005-01-06,42.47999954223633,42.150001525878906
2005-01-07,42.09000015258789,41.84000015258789
2005-01-10,41.9900016784668,41.95000076293945
2005-01-11,42.209999084472656,42.209999084472656
2005-01-12,42.52000045776367,42.599998474121094
2005-01-13,42.38999938964844,42.599998474121094
2005-01-14,42.189998626708984,42.31999969482422
2005-01-18,42.220001220703125,42.31999969482422
2005-01-19,42.650001525878906,42.2599983215332
2005-01-20,42.119998931884766,42.25
2005-01-21,42.31999969482422,42.7400016784668
2005-01-24,42.7400016784668,42.77000045776367
2005-01-25,42.529998779296875,42.2400016784668
2005-01-26,42.59000015258789,42.689998626708984
2005-01-27,42.47999954223633,42.619998931884766
2005-01-28,42.709999084472656,42.689998626708984
2005-01-31,42.209999084472656,42.220001220703125
2005-02-01,42.09000015258789,42.099998474121094
2005-02-02,42.220001220703125,42.15999984741211
2005-02-03,41.560001373291016,41.68000030517578
2005-02-04,41.59000015258789,41.470001220703125
2005-02-07,41.54999923706055,41.27000045776367
2005-02-08,41.189998626708984,41.2599983215332
2005-02-09,41.029998779296875,41.310001373291016
2005-02-10,41.529998779296875,41.75
2005-02-11,41.88999938964844,42.08000183105469
2005-02-14,42.41999816894531,42.54999923706055
2005-02-15,42.400001525878906,42.58000183105469
2005-02-16,42.31999969482422,42.52000045776367
2005-02-17,42.52000045776367,42.72999954223633
2005-02-18,42.709999084472656,42.75
2005-02-22,43.38999938964844,43.56999969482422
2005-02-23,43.290000915527344,43.41999816894531
2005-02-24,43.47999954223633,43.33000183105469
2005-02-25,43.40999984741211,43.5
2005-02-28,43.68000030517578,43.529998779296875
2005-03-01,43.29999923706055,43.220001220703125
2005-03-02,43.15999984741211,43.25
2005-03-03,43.060001373291016,42.970001220703125
2005-03-04,43.310001373291016,43.380001068115234
2005-03-07,43.31999969482422,43.470001220703125
2005-03-08,43.709999084472656,44.029998779296875
2005-03-09,43.95000076293945,44.02000045776367
2005-03-10,44.150001525878906,44.20000076293945
2005-03-11,44.310001373291016,44.43000030517578
2005-03-14,44.2599983215332,44.029998779296875
2005-03-15,44.22999954223633,44.060001373291016
2005-03-16,44.290000915527344,44.310001373291016
2005-03-17,43.970001220703125,43.81999969482422
2005-03-18,43.61000061035156,43.88999938964844
2005-03-21,43.209999084472656,43.09000015258789
2005-03-22,43.209999084472656,42.650001525878906
2005-03-23,42.599998474121094,42.41999816894531
2005-03-24,42.5099983215332,42.38999938964844
2005-03-28,42.459999084472656,42.540000915527344
2005-03-29,42.61000061035156,42.560001373291016
2005-03-30,42.650001525878906,42.61000061035156
2005-03-31,42.869998931884766,42.81999969482422
2005-04-01,42.599998474121094,42.619998931884766
2005-04-04,42.43000030517578,42.400001525878906
2005-04-05,42.4900016784668,42.45000076293945
2005-04-06,42.4900016784668,42.630001068115234
2005-04-07,42.77000045776367,42.56999969482422
2005-04-08,42.47999954223633,42.689998626708984
2005-04-11,42.84000015258789,42.779998779296875
2005-04-12,42.70000076293945,42.84000015258789
2005-04-13,42.7599983215332,42.900001525878906
2005-04-14,42.45000076293945,42.310001373291016
2005-04-15,42.380001068115234,42.400001525878906
2005-04-18,42.54999923706055,42.689998626708984
2005-04-19,42.790000915527344,43.279998779296875
2005-04-20,43.209999084472656,43.400001525878906
2005-04-21,43.41999816894531,43.189998626708984
2005-04-22,43.459999084472656,43.38999938964844
2005-04-25,43.349998474121094,43.439998626708984
2005-04-26,43.689998626708984,43.63999938964844
2005-04-27,43.529998779296875,43.20000076293945
2005-04-28,43.15999984741211,43.0
2005-04-29,43.18000030517578,43.349998474121094
2005-05-02,43.130001068115234,42.880001068115234
2005-05-03,42.75,42.7599983215332
2005-05-04,42.869998931884766,42.900001525878906
2005-05-05,42.959999084472656,42.90999984741211
2005-05-06,42.43000030517578,42.52000045776367
2005-05-09,42.540000915527344,42.54999923706055
2005-05-10,42.709999084472656,42.63999938964844
2005-05-11,42.54999923706055,42.689998626708984
2005-05-12,42.40999984741211,42.15999984741211
2005-05-13,42.119998931884766,41.95000076293945
2005-05-16,41.77000045776367,41.880001068115234
2005-05-17,41.95000076293945,41.86000061035156
2005-05-18,41.9900016784668,42.04999923706055
2005-05-19,42.0,41.97999954223633
2005-05-20,41.7599983215332,41.650001525878906
2005-05-23,41.689998626708984,41.619998931884766
2005-05-24,41.83000183105469,41.72999954223633
2005-05-25,41.790000915527344,41.869998931884766
2005-05-26,41.72999954223633,41.689998626708984
2005-05-27,41.810001373291016,41.880001068115234
2005-05-31,41.34000015258789,41.650001525878906
2005-06-01,41.40999984741211,41.529998779296875
2005-06-02,41.91999816894531,42.099998474121094
2005-06-03,42.33000183105469,42.16999816894531
2005-06-06,42.560001373291016,42.47999954223633
2005-06-07,42.47999954223633,42.380001068115234
2005-06-08,42.45000076293945,42.34000015258789
2005-06-09,42.2400016784668,42.27000045776367
2005-06-10,42.25,42.619998931884766
2005-06-13,42.81999969482422,42.779998779296875
2005-06-14,42.65999984741211,42.599998474121094
2005-06-15,42.689998626708984,42.7400016784668
2005-06-16,43.29999923706055,43.459999084472656
2005-06-17,43.779998779296875,43.630001068115234
2005-06-20,43.939998626708984,43.65999984741211
2005-06-21,43.58000183105469,43.810001373291016
2005-06-22,43.65999984741211,43.720001220703125
2005-06-23,43.84000015258789,44.02000045776367
2005-06-24,43.959999084472656,43.900001525878906
2005-06-27,43.900001525878906,43.90999984741211
2005-06-28,43.63999938964844,43.45000076293945
2005-06-29,43.4900016784668,43.630001068115234
2005-06-30,43.630001068115234,43.439998626708984
2005-07-01,43.400001525878906,42.70000076293945
2005-07-05,42.34000015258789,42.279998779296875
2005-07-06,42.36000061035156,42.25
2005-07-07,42.470001220703125,42.36000061035156
2005-07-08,42.31999969482422,42.2599983215332
2005-07-11,42.33000183105469,42.540000915527344
2005-07-12,42.61000061035156,42.63999938964844
2005-07-13,42.349998474121094,42.349998474121094
2005-07-14,42.33000183105469,41.900001525878906
2005-07-15,41.7599983215332,42.04999923706055
2005-07-18,41.959999084472656,42.0099983215332
2005-07-19,41.880001068115234,41.88999938964844
2005-07-20,42.15999984741211,42.20000076293945
2005-07-21,42.43000030517578,42.459999084472656
2005-07-22,42.45000076293945,42.45000076293945
2005-07-25,42.459999084472656,42.5099983215332
2005-07-26,42.279998779296875,42.25
2005-07-27,42.29999923706055,42.439998626708984
2005-07-28,42.459999084472656,42.75
2005-07-29,42.83000183105469,42.81999969482422
2005-08-01,43.08000183105469,43.130001068115234
2005-08-02,43.06999969482422,43.13999938964844
2005-08-03,43.380001068115234,43.529998779296875
2005-08-04,43.68000030517578,43.68000030517578
2005-08-05,43.709999084472656,43.599998474121094
2005-08-08,43.52000045776367,43.349998474121094
2005-08-09,43.27000045776367,43.34000015258789
2005-08-10,43.5,43.650001525878906
2005-08-11,43.900001525878906,44.45000076293945
2005-08-12,44.4900016784668,44.4900016784668
2005-08-15,44.189998626708984,44.130001068115234
2005-08-16,44.060001373291016,44.54999923706055
2005-08-17,44.2599983215332,43.90999984741211
2005-08-18,43.939998626708984,43.83000183105469
2005-08-19,43.77000045776367,43.599998474121094
2005-08-22,43.84000015258789,43.70000076293945
2005-08-23,43.84000015258789,43.7599983215332
2005-08-24,43.939998626708984,43.59000015258789
2005-08-25,43.7599983215332,43.72999954223633
2005-08-26,43.779998779296875,43.61000061035156
2005-08-29,43.810001373291016,43.56999969482422
2005-08-30,42.959999084472656,43.0099983215332
2005-08-31,43.099998474121094,43.400001525878906
2005-09-01,43.93000030517578,44.220001220703125
2005-09-02,44.2400016784668,44.25
2005-09-06,44.41999816894531,44.27000045776367
2005-09-07,44.40999984741211,44.33000183105469
2005-09-08,44.720001220703125,44.599998474121094
2005-09-09,44.66999816894531,44.84000015258789
2005-09-12,44.68000030517578,44.88999938964844
2005-09-13,44.619998931884766,44.560001373291016
2005-09-14,44.81999969482422,44.959999084472656
2005-09-15,45.2400016784668,45.41999816894531
2005-09-16,45.79999923706055,45.81999969482422
2005-09-19,46.27000045776367,46.25
2005-09-20,46.52000045776367,46.22999954223633
2005-09-21,46.58000183105469,47.060001373291016
2005-09-22,46.84000015258789,46.36000061035156
2005-09-23,46.20000076293945,46.279998779296875
2005-09-26,45.84000015258789,46.56999969482422
2005-09-27,46.13999938964844,46.25
2005-09-28,46.29999923706055,46.79999923706055
2005-09-29,46.86000061035156,47.099998474121094
2005-09-30,47.09000015258789,46.70000076293945
2005-10-03,46.619998931884766,46.41999816894531
2005-10-04,46.66999816894531,46.45000076293945
2005-10-05,46.380001068115234,46.36000061035156
2005-10-06,46.619998931884766,47.209999084472656
2005-10-07,46.9900016784668,47.36000061035156
2005-10-10,47.310001373291016,47.369998931884766
2005-10-11,47.400001525878906,47.38999938964844
2005-10-12,47.529998779296875,46.849998474121094
2005-10-13,46.88999938964844,47.02000045776367
2005-10-14,46.4900016784668,46.79999923706055
2005-10-17,47.2599983215332,47.2599983215332
2005-10-18,47.09000015258789,47.0
2005-10-19,46.5099983215332,46.34000015258789
2005-10-20,46.33000183105469,45.97999954223633
2005-10-21,46.119998931884766,46.52000045776367
2005-10-24,46.38999938964844,46.38999938964844
2005-10-25,46.93000030517578,47.060001373291016
2005-10-26,47.09000015258789,46.93000030517578
2005-10-27,47.400001525878906,47.18000030517578
2005-10-28,46.869998931884766,47.220001220703125
2005-10-31,47.02000045776367,46.400001525878906
2005-11-01,46.06999969482422,45.72999954223633
2005-11-02,45.9900016784668,46.130001068115234
2005-11-03,46.060001373291016,45.959999084472656
2005-11-04,45.93000030517578,45.5099983215332
2005-11-07,45.66999816894531,45.77000045776367
2005-11-08,45.83000183105469,45.90999984741211
2005-11-09,46.119998931884766,46.560001373291016
2005-11-10,46.779998779296875,46.47999954223633
2005-11-11,46.54999923706055,46.79999923706055
2005-11-14,46.560001373291016,46.619998931884766
2005-11-15,46.79999923706055,46.65999984741211
2005-11-16,47.290000915527344,47.779998779296875
2005-11-17,48.22999954223633,48.47999954223633
2005-11-18,48.5,48.459999084472656
2005-11-21,48.689998626708984,48.9900016784668
2005-11-22,49.02000045776367,49.31999969482422
2005-11-23,48.79999923706055,49.150001525878906
2005-11-25,49.45000076293945,49.41999816894531
2005-11-28,49.29999923706055,49.7400016784668
2005-11-29,49.56999969482422,49.79999923706055
2005-11-30,49.36000061035156,49.099998474121094
2005-12-01,49.630001068115234,50.16999816894531
2005-12-02,49.93000030517578,50.31999969482422
2005-12-05,50.43000030517578,50.779998779296875
2005-12-06,50.380001068115234,50.88999938964844
2005-12-07,51.220001220703125,51.31999969482422
2005-12-08,51.34000015258789,51.900001525878906
2005-12-09,52.310001373291016,52.400001525878906
2005-12-12,53.09000015258789,52.560001373291016
2005-12-13,52.20000076293945,51.650001525878906
2005-12-14,50.95000076293945,50.349998474121094
2005-12-15,50.47999954223633,50.2400016784668
2005-12-16,50.31999969482422,50.09000015258789
2005-12-19,50.58000183105469,50.220001220703125
2005-12-20,50.349998474121094,49.040000915527344
2005-12-21,49.119998931884766,49.369998931884766
2005-12-22,49.5099983215332,50.13999938964844
2005-12-23,50.099998474121094,50.119998931884766
2005-12-27,50.650001525878906,50.63999938964844
2005-12-28,51.5099983215332,51.470001220703125
2005-12-29,51.47999954223633,51.470001220703125
2005-12-30,51.189998626708984,51.58000183105469
2006-01-03,52.290000915527344,53.119998931884766
2006-01-04,52.869998931884766,53.29999923706055
2006-01-05,52.560001373291016,52.34000015258789
2006-01-06,53.13999938964844,53.720001220703125
2006-01-09,53.459999084472656,54.599998474121094
2006-01-10,53.959999084472656,54.060001373291016
2006-01-11,54.2400016784668,54.529998779296875
2006-01-12,54.209999084472656,54.43000030517578
2006-01-13,54.54999923706055,55.439998626708984
2006-01-17,55.25,55.2599983215332
2006-01-18,54.63999938964844,54.06999969482422
2006-01-19,54.959999084472656,55.59000015258789
2006-01-20,56.119998931884766,55.20000076293945
2006-01-23,55.59000015258789,55.77000045776367
2006-01-24,55.5,55.72999954223633
2006-01-25,56.220001220703125,56.13999938964844
2006-01-26,55.529998779296875,55.880001068115234
2006-01-27,55.959999084472656,55.630001068115234
2006-01-30,55.970001220703125,56.68000030517578
2006-01-31,56.56999969482422,56.70000076293945
2006-02-01,56.790000915527344,56.70000076293945
2006-02-02,57.040000915527344,56.97999954223633
2006-02-03,57.06999969482422,56.5
2006-02-06,56.7599983215332,56.720001220703125
2006-02-07,55.880001068115234,54.599998474121094
2006-02-08,54.70000076293945,54.83000183105469
2006-02-09,55.720001220703125,56.18000030517578
2006-02-10,55.7400016784668,54.790000915527344
2006-02-13,54.63999938964844,53.720001220703125
2006-02-14,53.939998626708984,54.4900016784668
2006-02-15,54.29999923706055,53.7599983215332
2006-02-16,53.41999816894531,54.52000045776367
2006-02-17,54.66999816894531,54.959999084472656
2006-02-21,55.13999938964844,55.119998931884766
2006-02-22,54.970001220703125,55.34000015258789
2006-02-23,55.08000183105469,54.63999938964844
2006-02-24,55.209999084472656,55.63999938964844
2006-02-27,55.2599983215332,55.220001220703125
2006-02-28,55.43000030517578,56.06999969482422
2006-03-01,56.02000045776367,56.099998474121094
2006-03-02,56.150001525878906,56.7400016784668
2006-03-03,56.47999954223633,56.279998779296875
2006-03-06,56.40999984741211,55.22999954223633
2006-03-07,55.33000183105469,54.95000076293945
2006-03-08,54.209999084472656,53.970001220703125
2006-03-09,54.599998474121094,54.2400016784668
2006-03-10,53.220001220703125,53.83000183105469
2006-03-13,54.09000015258789,54.310001373291016
2006-03-14,54.22999954223633,54.869998931884766
2006-03-15,55.40999984741211,55.119998931884766
2006-03-16,55.150001525878906,55.34000015258789
2006-03-17,55.279998779296875,55.119998931884766
2006-03-20,55.0099983215332,55.16999816894531
2006-03-21,54.709999084472656,54.83000183105469
2006-03-22,54.75,54.75
2006-03-23,54.36000061035156,54.70000076293945
2006-03-24,55.150001525878906,55.709999084472656
2006-03-27,56.18000030517578,56.38999938964844
2006-03-28,56.560001373291016,56.060001373291016
2006-03-29,56.34000015258789,57.06999969482422
2006-03-30,57.97999954223633,58.599998474121094
2006-03-31,58.06999969482422,58.099998474121094
2006-04-03,58.619998931884766,58.470001220703125
2006-04-04,58.439998626708984,58.33000183105469
2006-04-05,58.63999938964844,58.65999984741211
2006-04-06,58.970001220703125,59.279998779296875
2006-04-07,58.66999816894531,58.59000015258789
2006-04-10,59.47999954223633,59.599998474121094
2006-04-11,59.52000045776367,59.0099983215332
2006-04-12,59.45000076293945,59.43000030517578
2006-04-13,59.130001068115234,59.5
2006-04-17,60.380001068115234,61.09000015258789
2006-04-18,61.25,61.849998474121094
2006-04-19,61.959999084472656,63.75
2006-04-20,63.38999938964844,60.959999084472656
2006-04-21,62.5099983215332,63.20000076293945
2006-04-24,62.349998474121094,61.650001525878906
2006-04-25,62.86000061035156,62.779998779296875
2006-04-26,63.040000915527344,63.650001525878906
2006-04-27,62.84000015258789,62.959999084472656
2006-04-28,63.900001525878906,65.08999633789062
2006-05-01,65.68000030517578,65.16000366210938
2006-05-02,65.5999984741211,66.55000305175781
2006-05-03,67.13999938964844,66.45999908447266
2006-05-04,66.76000213623047,67.4800033569336
2006-05-05,67.51000213623047,67.98999786376953
2006-05-08,67.19999694824219,67.55999755859375
2006-05-09,68.54000091552734,69.68000030517578
2006-05-10,69.2699966430664,70.37999725341797
2006-05-11,71.9800033569336,71.02999877929688
2006-05-12,71.83999633789062,71.12000274658203
2006-05-15,68.68000030517578,67.41000366210938
2006-05-16,68.31999969482422,68.61000061035156
2006-05-17,69.51000213623047,68.1500015258789
2006-05-18,68.69000244140625,67.45999908447266
2006-05-19,65.76000213623047,65.58000183105469
2006-05-22,64.41999816894531,65.30000305175781
2006-05-23,65.98999786376953,66.37999725341797
2006-05-24,64.83000183105469,64.05999755859375
2006-05-25,64.12000274658203,64.69999694824219
2006-05-26,65.01000213623047,65.0999984741211
2006-05-30,65.19999694824219,65.11000061035156
2006-05-31,65.52999877929688,64.2300033569336
2006-06-01,62.150001525878906,62.560001373291016
2006-06-02,63.099998474121094,63.5
2006-06-05,63.81999969482422,63.290000915527344
2006-06-06,62.58000183105469,62.54999923706055
2006-06-07,61.540000915527344,62.279998779296875
2006-06-08,61.5,60.90999984741211
2006-06-09,61.16999816894531,60.45000076293945
2006-06-12,60.779998779296875,60.029998779296875
2006-06-13,58.099998474121094,55.91999816894531
2006-06-14,56.650001525878906,55.619998931884766
2006-06-15,57.119998931884766,57.31999969482422
2006-06-16,57.29999923706055,57.68000030517578
2006-06-19,56.849998474121094,56.36000061035156
2006-06-20,56.63999938964844,57.29999923706055
2006-06-21,56.619998931884766,58.33000183105469
2006-06-22,58.16999816894531,57.72999954223633
2006-06-23,57.27000045776367,57.9900016784668
2006-06-26,58.25,58.279998779296875
2006-06-27,58.709999084472656,57.68000030517578
2006-06-28,58.150001525878906,57.540000915527344
2006-06-29,58.0,59.52000045776367
2006-06-30,60.869998931884766,61.22999954223633
2006-07-03,61.959999084472656,62.18000030517578
2006-07-05,62.47999954223633,62.5
2006-07-06,62.459999084472656,63.02000045776367
2006-07-07,62.84000015258789,62.630001068115234
2006-07-10,62.130001068115234,62.02000045776367
2006-07-11,62.83000183105469,63.810001373291016
2006-07-12,64.6500015258789,64.91999816894531
2006-07-13,65.08999633789062,65.55000305175781
2006-07-14,65.9000015258789,65.8499984741211
2006-07-17,64.79000091552734,63.95000076293945
2006-07-18,64.75,62.900001525878906
2006-07-19,62.56999969482422,64.02999877929688
2006-07-20,63.400001525878906,62.540000915527344
2006-07-21,63.189998626708984,61.709999084472656
2006-07-24,60.630001068115234,61.13999938964844
2006-07-25,61.34000015258789,61.54999923706055
2006-07-26,61.349998474121094,62.0
2006-07-27,63.529998779296875,62.900001525878906
2006-07-28,62.779998779296875,63.11000061035156
2006-07-31,63.119998931884766,63.15999984741211
2006-08-01,62.91999816894531,64.31999969482422
2006-08-02,64.73999786376953,64.75
2006-08-03,64.0,64.12000274658203
2006-08-04,64.87000274658203,64.27999877929688
2006-08-07,64.47000122070312,64.5
2006-08-08,63.97999954223633,63.970001220703125
2006-08-09,64.55999755859375,64.62999725341797
2006-08-10,64.0199966430664,63.25
2006-08-11,63.58000183105469,62.709999084472656
2006-08-14,62.38999938964844,62.25
2006-08-15,61.95000076293945,62.0099983215332
2006-08-16,62.630001068115234,62.4900016784668
2006-08-17,62.31999969482422,61.029998779296875
2006-08-18,61.4900016784668,61.040000915527344
2006-08-21,62.09000015258789,62.439998626708984
2006-08-22,62.04999923706055,62.04999923706055
2006-08-23,62.560001373291016,61.83000183105469
2006-08-24,61.97999954223633,61.75
2006-08-25,61.880001068115234,61.77000045776367
2006-08-28,61.79999923706055,61.0
2006-08-29,61.0,60.939998626708984
2006-08-30,61.4900016784668,61.41999816894531
2006-08-31,62.0,62.290000915527344
2006-09-01,61.95000076293945,62.13999938964844
2006-09-05,63.20000076293945,63.36000061035156
2006-09-06,63.220001220703125,62.86000061035156
2006-09-07,61.869998931884766,61.25
2006-09-08,60.52000045776367,60.63999938964844
2006-09-11,58.849998474121094,58.5
2006-09-12,58.650001525878906,58.31999969482422
2006-09-13,58.599998474121094,58.619998931884766
2006-09-14,58.59000015258789,57.189998626708984
2006-09-15,57.20000076293945,57.400001525878906
2006-09-18,57.470001220703125,58.22999954223633
2006-09-19,58.02000045776367,56.91999816894531
2006-09-20,57.810001373291016,57.2599983215332
2006-09-21,57.349998474121094,57.95000076293945
2006-09-22,58.70000076293945,58.5
2006-09-25,58.150001525878906,58.5
2006-09-26,58.5,58.7400016784668
2006-09-27,59.220001220703125,59.810001373291016
2006-09-28,59.880001068115234,59.790000915527344
2006-09-29,59.52000045776367,59.470001220703125
2006-10-02,59.79999923706055,59.150001525878906
2006-10-03,57.93000030517578,57.11000061035156
2006-10-04,57.470001220703125,56.369998931884766
2006-10-05,56.939998626708984,56.91999816894531
2006-10-06,56.279998779296875,56.9900016784668
2006-10-09,57.459999084472656,57.20000076293945
2006-10-10,56.54999923706055,57.0
2006-10-11,57.29999923706055,56.880001068115234
2006-10-12,56.7400016784668,57.4900016784668
2006-10-13,58.25,58.56999969482422
2006-10-16,58.93000030517578,59.16999816894531
2006-10-17,59.0,58.650001525878906
2006-10-18,58.81999969482422,58.59000015258789
2006-10-19,59.040000915527344,59.40999984741211
2006-10-20,59.45000076293945,58.779998779296875
2006-10-23,57.880001068115234,57.7599983215332
2006-10-24,57.20000076293945,58.16999816894531
2006-10-25,57.83000183105469,58.7599983215332
2006-10-26,59.029998779296875,59.290000915527344
2006-10-27,59.43000030517578,59.400001525878906
2006-10-30,60.04999923706055,59.900001525878906
2006-10-31,59.59000015258789,60.2400016784668
2006-11-01,61.029998779296875,61.36000061035156
2006-11-02,61.470001220703125,61.91999816894531
2006-11-03,61.810001373291016,62.29999923706055
2006-11-06,62.16999816894531,61.88999938964844
2006-11-07,62.349998474121094,62.040000915527344
2006-11-08,61.939998626708984,61.11000061035156
2006-11-09,62.119998931884766,62.95000076293945
2006-11-10,62.70000076293945,62.4900016784668
2006-11-13,61.93000030517578,62.189998626708984
2006-11-14,62.310001373291016,61.630001068115234
2006-11-15,61.34000015258789,61.84000015258789
2006-11-16,62.15999984741211,61.310001373291016
2006-11-17,61.400001525878906,61.779998779296875
2006-11-20,62.060001373291016,61.77000045776367
2006-11-21,62.25,62.27000045776367
2006-11-22,62.63999938964844,62.5
2006-11-24,63.47999954223633,63.5
2006-11-27,63.459999084472656,63.70000076293945
2006-11-28,63.599998474121094,63.56999969482422
2006-11-29,63.369998931884766,63.15999984741211
2006-11-30,64.06999969482422,64.38999938964844
2006-12-01,64.19999694824219,64.12000274658203
2006-12-04,64.02999877929688,64.12000274658203
2006-12-05,64.25,63.810001373291016
2006-12-06,63.08000183105469,62.689998626708984
2006-12-07,62.63999938964844,62.72999954223633
2006-12-08,63.08000183105469,62.04999923706055
2006-12-11,62.18000030517578,62.56999969482422
2006-12-12,62.40999984741211,62.52000045776367
2006-12-13,62.099998474121094,62.47999954223633
2006-12-14,62.290000915527344,62.119998931884766
2006-12-15,62.209999084472656,61.0
2006-12-18,60.849998474121094,61.040000915527344
2006-12-19,61.20000076293945,61.79999923706055
2006-12-20,61.63999938964844,61.619998931884766
2006-12-21,61.58000183105469,61.380001068115234
2006-12-22,61.45000076293945,61.650001525878906
2006-12-26,62.2400016784668,61.97999954223633
2006-12-27,62.29999923706055,62.220001220703125
2006-12-28,62.970001220703125,62.900001525878906
2006-12-29,62.90999984741211,63.209999084472656
2007-01-03,63.58000183105469,62.279998779296875
2007-01-04,62.06999969482422,61.650001525878906
2007-01-05,60.75,60.16999816894531
2007-01-08,60.380001068115234,60.47999954223633
2007-01-09,60.13999938964844,60.849998474121094
2007-01-10,60.459999084472656,60.59000015258789
2007-01-11,60.70000076293945,60.630001068115234
2007-01-12,61.0,62.16999816894531
2007-01-16,62.20000076293945,61.970001220703125
2007-01-17,61.970001220703125,62.63999938964844
2007-01-18,62.9900016784668,62.2599983215332
2007-01-19,62.52000045776367,63.0
2007-01-22,63.0099983215332,62.720001220703125
2007-01-23,63.68000030517578,64.2300033569336
2007-01-24,63.709999084472656,64.33000183105469
2007-01-25,64.80000305175781,64.05999755859375
2007-01-26,64.16000366210938,64.16999816894531
2007-01-29,63.849998474121094,63.77000045776367
2007-01-30,63.91999816894531,64.22000122070312
2007-01-31,63.9900016784668,64.83000183105469
2007-02-01,65.44999694824219,65.22000122070312
2007-02-02,64.76000213623047,64.27999877929688
2007-02-05,64.68000030517578,64.30999755859375
2007-02-06,65.05000305175781,64.79000091552734
2007-02-07,64.77999877929688,64.62999725341797
2007-02-08,64.91999816894531,65.5199966430664
2007-02-09,65.2699966430664,66.12000274658203
2007-02-12,66.0,65.66999816894531
2007-02-13,66.12999725341797,65.83999633789062
2007-02-14,66.2300033569336,66.37000274658203
2007-02-15,66.22000122070312,66.41000366210938
2007-02-16,65.94000244140625,66.36000061035156
2007-02-20,66.0999984741211,65.30999755859375
2007-02-21,65.30999755859375,67.3499984741211
2007-02-22,67.44000244140625,67.1500015258789
2007-02-23,67.3499984741211,67.72000122070312
2007-02-26,67.97000122070312,68.0999984741211
2007-02-27,67.33999633789062,65.41000366210938
2007-02-28,66.7300033569336,66.4800033569336
2007-03-01,66.2300033569336,65.81999969482422
2007-03-02,64.58999633789062,63.709999084472656
2007-03-05,63.119998931884766,62.93000030517578
2007-03-06,63.65999984741211,64.1500015258789
2007-03-07,64.13999938964844,64.30000305175781
2007-03-08,64.79000091552734,64.4800033569336
2007-03-09,64.81999969482422,64.25
2007-03-12,64.54000091552734,64.37000274658203
2007-03-13,64.29000091552734,63.720001220703125
2007-03-14,63.34000015258789,63.939998626708984
2007-03-15,64.02999877929688,63.97999954223633
2007-03-16,64.54000091552734,64.62000274658203
2007-03-19,64.87999725341797,64.73999786376953
2007-03-20,64.93000030517578,65.2699966430664
2007-03-21,65.54000091552734,65.81999969482422
2007-03-22,65.77999877929688,65.76000213623047
2007-03-23,65.79000091552734,65.1500015258789
2007-03-26,65.36000061035156,65.83999633789062
2007-03-27,65.87999725341797,65.69999694824219
2007-03-28,66.13999938964844,66.05000305175781
2007-03-29,65.97000122070312,65.6500015258789
2007-03-30,65.73999786376953,65.73999786376953
2007-04-02,65.73999786376953,65.8499984741211
2007-04-03,65.66999816894531,65.83000183105469
2007-04-04,66.08999633789062,66.80999755859375
2007-04-05,66.69999694824219,66.86000061035156
2007-04-09,66.87999725341797,66.52999877929688
2007-04-10,67.16000366210938,67.16000366210938
2007-04-11,67.26000213623047,67.08000183105469
2007-04-12,67.05999755859375,66.98999786376953
2007-04-13,67.48999786376953,67.83999633789062
2007-04-16,68.13999938964844,68.4000015258789
2007-04-17,68.30999755859375,68.0
2007-04-18,68.0999984741211,68.37999725341797
2007-04-19,68.0,67.52999877929688
2007-04-20,68.58000183105469,68.69999694824219
2007-04-23,68.41000366210938,68.26000213623047
2007-04-24,68.44999694824219,67.7300033569336
2007-04-25,67.8499984741211,67.88999938964844
2007-04-26,67.43000030517578,66.87000274658203
2007-04-27,66.83999633789062,67.55999755859375
2007-04-30,67.19999694824219,67.08999633789062
2007-05-01,66.9800033569336,66.69000244140625
2007-05-02,66.33999633789062,66.66000366210938
2007-05-03,66.87000274658203,67.48999786376953
2007-05-04,67.73999786376953,68.19000244140625
2007-05-07,68.41999816894531,68.25
2007-05-08,67.94999694824219,67.87999725341797
2007-05-09,67.80999755859375,67.44999694824219
2007-05-10,67.04000091552734,66.0
2007-05-11,66.12999725341797,66.44999694824219
2007-05-14,66.62999725341797,66.27999877929688
2007-05-15,65.88999938964844,66.54000091552734
2007-05-16,66.37000274658203,65.5999984741211
2007-05-17,65.44000244140625,65.05999755859375
2007-05-18,65.06999969482422,65.5199966430664
2007-05-21,65.29000091552734,65.66999816894531
2007-05-22,65.69999694824219,65.19999694824219
2007-05-23,65.5199966430664,65.54000091552734
2007-05-24,65.45999908447266,64.75
2007-05-25,64.95999908447266,64.94000244140625
2007-05-29,65.12000274658203,65.06999969482422
2007-05-30,64.86000061035156,64.72000122070312
2007-05-31,65.16000366210938,65.54000091552734
2007-06-01,65.69999694824219,66.44000244140625
2007-06-04,66.61000061035156,66.54000091552734
2007-06-05,66.69999694824219,66.37000274658203
2007-06-06,66.11000061035156,66.41000366210938
2007-06-07,66.2699966430664,65.26000213623047
2007-06-08,64.87999725341797,64.22000122070312
2007-06-11,64.33999633789062,64.69999694824219
2007-06-12,64.5199966430664,64.0999984741211
2007-06-13,63.95000076293945,64.52999877929688
2007-06-14,64.16000366210938,64.5999984741211
2007-06-15,64.43000030517578,64.8499984741211
2007-06-18,65.19000244140625,64.94999694824219
2007-06-19,64.79000091552734,65.4800033569336
2007-06-20,65.41999816894531,64.70999908447266
2007-06-21,64.7300033569336,64.55999755859375
2007-06-22,64.9000015258789,64.77999877929688
2007-06-25,64.4800033569336,64.43000030517578
2007-06-26,64.19999694824219,63.619998931884766
2007-06-27,63.540000915527344,63.66999816894531
2007-06-28,63.97999954223633,64.26000213623047
2007-06-29,64.29000091552734,64.2699966430664
2007-07-02,64.51000213623047,65.0199966430664
2007-07-03,65.05999755859375,64.73999786376953
2007-07-05,64.98999786376953,64.41999816894531
2007-07-06,64.18000030517578,64.95999908447266
2007-07-09,65.0,65.37999725341797
2007-07-10,65.69999694824219,65.61000061035156
2007-07-11,65.81999969482422,65.44000244140625
2007-07-12,65.88999938964844,66.0199966430664
2007-07-13,66.08000183105469,66.02999877929688
2007-07-16,66.19000244140625,65.81999969482422
2007-07-17,65.66000366210938,65.75
2007-07-18,66.11000061035156,66.62000274658203
2007-07-19,66.69999694824219,67.01000213623047
2007-07-20,67.12999725341797,67.58000183105469
2007-07-23,67.80000305175781,67.47000122070312
2007-07-24,67.72000122070312,67.47000122070312
2007-07-25,67.19000244140625,66.9000015258789
2007-07-26,66.45999908447266,65.6500015258789
2007-07-27,65.27999877929688,65.41000366210938
2007-07-30,65.37000274658203,65.7699966430664
2007-07-31,66.18000030517578,65.79000091552734
2007-08-01,65.5,65.93000030517578
2007-08-02,65.95999908447266,65.88999938964844
2007-08-03,65.8499984741211,66.69000244140625
2007-08-06,66.66000366210938,66.5199966430664
2007-08-07,66.08999633789062,66.4800033569336
2007-08-08,66.7300033569336,66.7699966430664
2007-08-09,65.94999694824219,65.45999908447266
2007-08-10,65.44000244140625,66.56999969482422
2007-08-13,66.44999694824219,66.26000213623047
2007-08-14,66.25,66.29000091552734
2007-08-15,65.77999877929688,66.12999725341797
2007-08-16,65.48999786376953,64.68000030517578
2007-08-17,64.55999755859375,65.01000213623047
2007-08-20,65.05999755859375,65.12000274658203
2007-08-21,65.18000030517578,65.06999969482422
2007-08-22,65.22000122070312,65.4000015258789
2007-08-23,65.63999938964844,65.30999755859375
2007-08-24,65.41999816894531,66.11000061035156
2007-08-27,66.01000213623047,65.9800033569336
2007-08-28,65.94999694824219,65.58999633789062
2007-08-29,65.88999938964844,66.06999969482422
2007-08-30,65.87000274658203,65.80000305175781
2007-08-31,66.61000061035156,66.5199966430664
2007-09-04,66.73999786376953,67.44000244140625
2007-09-05,67.3499984741211,67.55999755859375
2007-09-06,67.91999816894531,68.86000061035156
2007-09-07,69.26000213623047,69.38999938964844
2007-09-10,69.95999908447266,69.62000274658203
2007-09-11,69.86000061035156,70.5199966430664
2007-09-12,70.5,70.45999908447266
2007-09-13,70.06999969482422,70.08000183105469
2007-09-14,69.9000015258789,69.98999786376953
2007-09-17,70.4000015258789,70.97000122070312
2007-09-18,71.19999694824219,71.69999694824219
2007-09-19,71.73999786376953,71.43000030517578
2007-09-20,72.1500015258789,72.72000122070312
2007-09-21,72.6500015258789,72.33999633789062
2007-09-24,72.56999969482422,72.27999877929688
2007-09-25,71.81999969482422,72.33000183105469
2007-09-26,72.25,72.0
2007-09-27,72.6500015258789,72.69999694824219
2007-09-28,73.19000244140625,73.51000213623047
2007-10-01,73.48999786376953,73.9000015258789
2007-10-02,72.44999694824219,72.3499984741211
2007-10-03,72.25,71.9000015258789
2007-10-04,71.80000305175781,72.87000274658203
2007-10-05,72.80000305175781,73.4000015258789
2007-10-08,72.66000366210938,72.52999877929688
2007-10-09,72.29000091552734,73.08999633789062
2007-10-10,73.5999984741211,73.36000061035156
2007-10-11,73.9800033569336,73.91000366210938
2007-10-12,73.93000030517578,74.58999633789062
2007-10-15,74.98999786376953,75.13999938964844
2007-10-16,74.87000274658203,75.12000274658203
2007-10-17,75.30999755859375,74.5
2007-10-18,75.37999725341797,76.0
2007-10-19,76.08999633789062,75.69999694824219
2007-10-22,74.08999633789062,74.5999984741211
2007-10-23,75.11000061035156,75.2300033569336
2007-10-24,74.83999633789062,75.5199966430664
2007-10-25,75.94000244140625,76.02999877929688
2007-10-26,76.87000274658203,77.69000244140625
2007-10-29,78.2699966430664,78.12000274658203
2007-10-30,77.66000366210938,77.3499984741211
2007-10-31,77.77999877929688,78.62000274658203
2007-11-01,78.4000015258789,77.93000030517578
2007-11-02,78.55000305175781,79.83000183105469
2007-11-05,79.68000030517578,79.75
2007-11-06,81.02999877929688,81.43000030517578
2007-11-07,83.20999908447266,82.23999786376953
2007-11-08,82.43000030517578,82.2300033569336
2007-11-09,81.79000091552734,82.18000030517578
2007-11-12,80.41000366210938,78.30000305175781
2007-11-13,79.4000015258789,79.12000274658203
2007-11-14,80.20999908447266,80.27999877929688
2007-11-15,79.18000030517578,77.94999694824219
2007-11-16,78.33999633789062,77.75
2007-11-19,77.83999633789062,77.23999786376953
2007-11-20,78.02999877929688,79.47000122070312
2007-11-21,79.30000305175781,79.36000061035156
2007-11-23,80.04000091552734,81.25
2007-11-26,82.25,81.30000305175781
2007-11-27,80.69999694824219,80.0999984741211
2007-11-28,79.41999816894531,79.56999969482422
2007-11-29,79.27999877929688,78.27999877929688
2007-11-30,78.3499984741211,77.31999969482422
2007-12-03,77.38999938964844,78.27999877929688
2007-12-04,78.62999725341797,79.4000015258789
2007-12-05,79.25,78.62999725341797
2007-12-06,77.91999816894531,79.37000274658203
2007-12-07,79.01000213623047,78.5999984741211
2007-12-10,79.1500015258789,80.0
2007-12-11,79.75,78.83999633789062
2007-12-12,80.05000305175781,80.48999786376953
2007-12-13,79.58999633789062,78.5
2007-12-14,78.41000366210938,78.5199966430664
2007-12-17,78.12999725341797,78.12999725341797
2007-12-18,79.58999633789062,79.25
2007-12-19,79.2300033569336,79.23999786376953
2007-12-20,78.91000366210938,78.66999816894531
2007-12-21,80.16000366210938,80.0999984741211
2007-12-24,80.20999908447266,80.13999938964844
2007-12-26,81.05999755859375,81.5199966430664
2007-12-27,81.87999725341797,81.55999755859375
2007-12-28,82.37999725341797,83.0
2007-12-31,82.73999786376953,82.45999908447266
2008-01-02,83.55999755859375,84.86000061035156
2008-01-03,84.87000274658203,85.56999969482422
2008-01-04,85.33999633789062,85.12999725341797
2008-01-07,85.23999786376953,84.7699966430664
2008-01-08,86.27999877929688,86.77999877929688
2008-01-09,86.55999755859375,86.55000305175781
2008-01-10,86.41999816894531,88.25
2008-01-11,88.04000091552734,88.58000183105469
2008-01-14,89.44999694824219,89.54000091552734
2008-01-15,89.5999984741211,87.98999786376953
2008-01-16,88.16999816894531,86.69999694824219
2008-01-17,87.5,86.5
2008-01-18,87.16999816894531,87.41999816894531
2008-01-22,86.13999938964844,88.16999816894531
2008-01-23,87.16000366210938,87.88999938964844
2008-01-24,89.72000122070312,90.08000183105469
2008-01-25,90.93000030517578,90.30000305175781
2008-01-28,90.95999908447266,91.75
2008-01-29,91.36000061035156,91.1500015258789
2008-01-30,90.70999908447266,92.05999755859375
2008-01-31,90.91999816894531,91.4000015258789
2008-02-01,91.75,89.3499984741211
2008-02-04,88.51000213623047,89.0999984741211
2008-02-05,87.9000015258789,87.68000030517578
2008-02-06,89.0,88.94999694824219
2008-02-07,88.94999694824219,89.8499984741211
2008-02-08,90.0,91.0
2008-02-11,91.04000091552734,91.33000183105469
2008-02-12,90.83000183105469,89.33000183105469
2008-02-13,88.87999725341797,89.44000244140625
2008-02-14,89.37000274658203,89.70999908447266
2008-02-15,90.30000305175781,89.1500015258789
2008-02-19,91.2300033569336,91.58000183105469
2008-02-20,90.83999633789062,93.23999786376953
2008-02-21,93.44000244140625,93.25
2008-02-22,93.55999755859375,93.38999938964844
2008-02-25,93.70999908447266,92.73999786376953
2008-02-26,92.43000030517578,93.70999908447266
2008-02-27,94.55999755859375,94.77999877929688
2008-02-28,94.91999816894531,95.98999786376953
2008-02-29,95.81999969482422,96.18000030517578
2008-03-03,97.5199966430664,97.23999786376953
2008-03-04,97.27999877929688,95.18000030517578
2008-03-05,96.0999984741211,97.72000122070312
2008-03-06,96.9800033569336,96.5
2008-03-07,96.5999984741211,96.08999633789062
2008-03-10,95.0,95.87000274658203
2008-03-11,96.5199966430664,95.98999786376953
2008-03-12,96.58000183105469,97.01000213623047
2008-03-13,98.5,98.33999633789062
2008-03-14,98.02999877929688,98.70999908447266
2008-03-17,99.31999969482422,99.16999816894531
2008-03-18,99.3499984741211,96.5
2008-03-19,95.6500015258789,93.04000091552734
2008-03-20,90.7300033569336,89.91000366210938
2008-03-24,90.6500015258789,90.0999984741211
2008-03-25,91.91000366210938,92.7300033569336
2008-03-26,93.11000061035156,93.80000305175781
2008-03-27,93.51000213623047,93.45999908447266
2008-03-28,91.95999908447266,91.87999725341797
2008-03-31,92.55999755859375,90.41000366210938
2008-04-01,87.86000061035156,86.86000061035156
2008-04-02,87.27999877929688,89.2699966430664
2008-04-03,88.58999633789062,89.41999816894531
2008-04-04,89.4800033569336,90.25
2008-04-07,90.7300033569336,91.16999816894531
2008-04-08,90.04000091552734,90.3499984741211
2008-04-09,90.30000305175781,92.29000091552734
2008-04-10,92.31999969482422,91.7699966430664
2008-04-11,91.41000366210938,91.30000305175781
2008-04-14,91.31999969482422,91.11000061035156
2008-04-15,91.7300033569336,91.66000366210938
2008-04-16,93.19000244140625,93.2699966430664
2008-04-17,93.30999755859375,92.55999755859375
2008-04-18,89.72000122070312,90.62000274658203
2008-04-21,90.79000091552734,90.25
2008-04-22,90.41999816894531,90.2699966430664
2008-04-23,89.0,89.22000122070312
2008-04-24,88.26000213623047,87.22000122070312
2008-04-25,88.33000183105469,87.2699966430664
2008-04-28,87.87999725341797,87.69000244140625
2008-04-29,86.7300033569336,85.80999755859375
2008-04-30,86.0999984741211,86.6500015258789
2008-05-01,84.51000213623047,83.98999786376953
2008-05-02,83.95999908447266,84.58000183105469
2008-05-05,85.68000030517578,86.2699966430664
2008-05-06,86.33000183105469,86.62999725341797
2008-05-07,85.47000122070312,85.81999969482422
2008-05-08,86.76000213623047,87.23999786376953
2008-05-09,87.37000274658203,87.41999816894531
2008-05-12,86.91999816894531,86.98999786376953
2008-05-13,85.12000274658203,85.38999938964844
2008-05-14,85.7300033569336,85.19999694824219
2008-05-15,87.12999725341797,87.0
2008-05-16,88.5199966430664,89.0999984741211
2008-05-19,89.56999969482422,89.38999938964844
2008-05-20,89.61000061035156,90.9000015258789
2008-05-21,90.61000061035156,91.95999908447266
2008-05-22,91.19999694824219,90.9800033569336
2008-05-23,91.33000183105469,91.2300033569336
2008-05-27,89.83999633789062,89.36000061035156
2008-05-28,88.48999786376953,89.13999938964844
2008-05-29,86.94000244140625,86.51000213623047
2008-05-30,87.33999633789062,87.44999694824219
2008-06-02,87.47000122070312,87.95999908447266
2008-06-03,86.6500015258789,86.87999725341797
2008-06-04,87.08999633789062,86.6500015258789
2008-06-05,85.97000122070312,86.44999694824219
2008-06-06,87.79000091552734,89.05999755859375
2008-06-09,88.54000091552734,87.98999786376953
2008-06-10,86.27999877929688,85.55000305175781
2008-06-11,86.56999969482422,87.0199966430664
2008-06-12,85.19000244140625,85.5999984741211
2008-06-13,85.33000183105469,85.83000183105469
2008-06-16,88.19999694824219,87.01000213623047
2008-06-17,86.72000122070312,87.25
2008-06-18,87.66000366210938,88.27999877929688
2008-06-19,89.37000274658203,88.41999816894531
2008-06-20,88.81999969482422,88.94999694824219
2008-06-23,87.01000213623047,87.08999633789062
2008-06-24,87.30000305175781,87.47000122070312
2008-06-25,87.43000030517578,87.41999816894531
2008-06-26,89.5,90.61000061035156
2008-06-27,90.9800033569336,91.47000122070312
2008-06-30,91.88999938964844,91.4000015258789
2008-07-01,92.52999877929688,92.66000366210938
2008-07-02,92.27999877929688,93.16999816894531
2008-07-03,92.16999816894531,92.05999755859375
2008-07-07,90.56999969482422,91.2300033569336
2008-07-08,90.55000305175781,90.86000061035156
2008-07-09,90.87999725341797,91.5
2008-07-10,92.4000015258789,93.52999877929688
2008-07-11,95.02999877929688,95.16000366210938
2008-07-14,95.08999633789062,95.91000366210938
2008-07-15,96.55000305175781,96.16999816894531
2008-07-16,96.2699966430664,94.44000244140625
2008-07-17,94.69999694824219,94.22000122070312
2008-07-18,94.22000122070312,94.16999816894531
2008-07-21,94.75,95.12000274658203
2008-07-22,95.7300033569336,93.05999755859375
2008-07-23,92.63999938964844,90.56999969482422
2008-07-24,91.08000183105469,91.33000183105469
2008-07-25,91.02999877929688,91.69000244140625
2008-07-28,91.38999938964844,91.7300033569336
2008-07-29,91.2300033569336,90.58999633789062
2008-07-30,88.86000061035156,89.5199966430664
2008-07-31,91.05000305175781,90.08000183105469
2008-08-01,89.5,89.56999969482422
2008-08-04,89.08000183105469,88.13999938964844
2008-08-05,87.27999877929688,86.08000183105469
2008-08-06,86.80000305175781,86.63999938964844
2008-08-07,86.63999938964844,86.08999633789062
2008-08-08,84.3499984741211,84.43000030517578
2008-08-11,84.45999908447266,81.12999725341797
2008-08-12,80.73999786376953,80.5199966430664
2008-08-13,80.58999633789062,81.55999755859375
2008-08-14,80.70999908447266,79.3499984741211
2008-08-15,78.0,77.62999725341797
2008-08-18,78.52999877929688,78.80000305175781
2008-08-19,77.91999816894531,80.43000030517578
2008-08-20,80.1500015258789,80.05999755859375
2008-08-21,82.01000213623047,82.30000305175781
2008-08-22,81.48999786376953,81.08000183105469
2008-08-25,81.0999984741211,80.93000030517578
2008-08-26,80.61000061035156,81.2300033569336
2008-08-27,81.88999938964844,81.36000061035156
2008-08-28,83.05999755859375,82.18000030517578
2008-08-29,82.30999755859375,81.70999908447266
2008-09-02,78.16000366210938,79.19999694824219
2008-09-03,79.19000244140625,78.88999938964844
2008-09-04,79.69999694824219,78.38999938964844
2008-09-05,80.08000183105469,78.9800033569336
2008-09-08,80.0999984741211,78.86000061035156
2008-09-09,77.38999938964844,76.48999786376953
2008-09-10,76.87999725341797,74.22000122070312
2008-09-11,73.61000061035156,73.08000183105469
2008-09-12,74.26000213623047,75.55000305175781
2008-09-15,76.63999938964844,77.55999755859375
2008-09-16,76.69000244140625,76.79000091552734
2008-09-17,77.11000061035156,85.45999908447266
2008-09-18,85.48999786376953,82.80000305175781
2008-09-19,85.58000183105469,85.9800033569336
2008-09-22,86.8499984741211,89.18000030517578
2008-09-23,88.87000274658203,88.31999969482422
2008-09-24,88.68000030517578,86.70999908447266
2008-09-25,87.12000274658203,86.44999694824219
2008-09-26,87.02999877929688,86.63999938964844
2008-09-29,87.05999755859375,89.56999969482422
2008-09-30,87.30999755859375,85.06999969482422
2008-10-01,86.2300033569336,85.97000122070312
2008-10-02,84.55999755859375,82.33000183105469
2008-10-03,81.2300033569336,82.58999633789062
2008-10-06,85.83999633789062,84.27999877929688
2008-10-07,87.18000030517578,87.2699966430664
2008-10-08,90.69000244140625,89.41999816894531
2008-10-09,87.29000091552734,89.9000015258789
2008-10-10,89.58999633789062,83.22000122070312
2008-10-13,83.61000061035156,81.98999786376953
2008-10-14,82.4000015258789,82.19999694824219
2008-10-15,82.19999694824219,83.30999755859375
2008-10-16,82.4000015258789,79.29000091552734
2008-10-17,77.12000274658203,77.20999908447266
2008-10-20,77.7699966430664,78.5
2008-10-21,75.9000015258789,76.02999877929688
2008-10-22,74.44000244140625,71.70999908447266
2008-10-23,69.63999938964844,70.6500015258789
2008-10-24,69.30000305175781,72.20999908447266
2008-10-27,71.12999725341797,72.18000030517578
2008-10-28,73.02999877929688,73.79000091552734
2008-10-29,75.05000305175781,74.0
2008-10-30,74.88999938964844,72.70999908447266
2008-10-31,72.62000274658203,71.33999633789062
2008-11-03,71.55000305175781,71.0999984741211
2008-11-04,73.1500015258789,75.4800033569336
2008-11-05,74.31999969482422,72.80000305175781
2008-11-06,74.36000061035156,72.22000122070312
2008-11-07,72.58999633789062,72.5
2008-11-10,74.80000305175781,73.58000183105469
2008-11-11,72.55999755859375,72.05000305175781
2008-11-12,71.44999694824219,70.0
2008-11-13,70.48999786376953,72.1500015258789
2008-11-14,73.38999938964844,73.30000305175781
2008-11-17,72.43000030517578,72.6500015258789
2008-11-18,72.37999725341797,72.51000213623047
2008-11-19,73.41999816894531,72.26000213623047
2008-11-20,73.1500015258789,73.44999694824219
2008-11-21,76.0,78.8499984741211
2008-11-24,80.44999694824219,80.91000366210938
2008-11-25,81.33999633789062,80.87000274658203
2008-11-26,80.5199966430664,80.37999725341797
2008-11-28,80.04000091552734,80.30999755859375
2008-12-01,77.1500015258789,75.6500015258789
2008-12-02,76.9000015258789,76.94999694824219
2008-12-03,76.0,76.18000030517578
2008-12-04,75.58999633789062,75.5
2008-12-05,74.30000305175781,74.5199966430664
2008-12-08,76.4800033569336,76.19999694824219
2008-12-09,75.55999755859375,76.33000183105469
2008-12-10,79.19999694824219,79.75
2008-12-11,81.58000183105469,80.6500015258789
2008-12-12,80.55000305175781,80.80999755859375
2008-12-15,81.33000183105469,82.5999984741211
2008-12-16,82.37999725341797,84.45999908447266
2008-12-17,85.26000213623047,85.43000030517578
2008-12-18,84.8499984741211,83.87000274658203
2008-12-19,82.6500015258789,82.62999725341797
2008-12-22,83.56999969482422,83.45999908447266
2008-12-23,82.93000030517578,82.62999725341797
2008-12-24,82.47000122070312,83.45999908447266
2008-12-26,83.5199966430664,85.5999984741211
2008-12-29,86.5,86.3499984741211
2008-12-30,85.94000244140625,85.9000015258789
2008-12-31,84.9800033569336,86.5199966430664
2009-01-02,85.93000030517578,86.2300033569336
2009-01-05,83.62000274658203,84.4800033569336
2009-01-06,83.37000274658203,85.12999725341797
2009-01-07,84.55999755859375,82.75
2009-01-08,84.4000015258789,84.45999908447266
2009-01-09,83.33999633789062,83.91999816894531
2009-01-12,81.72000122070312,80.76000213623047
2009-01-13,80.94000244140625,80.87999725341797
2009-01-14,80.56999969482422,79.79000091552734
2009-01-15,79.97000122070312,80.38999938964844
2009-01-16,82.19999694824219,82.70999908447266
2009-01-20,84.16999816894531,84.5199966430664
2009-01-21,84.05000305175781,84.1500015258789
2009-01-22,84.02999877929688,84.58000183105469
2009-01-23,86.56999969482422,88.52999877929688
2009-01-26,89.22000122070312,88.94999694824219
2009-01-27,88.4000015258789,88.37999725341797
2009-01-28,88.2699966430664,87.41999816894531
2009-01-29,86.68000030517578,89.5
2009-01-30,90.69999694824219,91.30999755859375
2009-02-02,89.87999725341797,88.83999633789062
2009-02-03,89.33999633789062,88.47000122070312
2009-02-04,88.88999938964844,89.18000030517578
2009-02-05,90.75,90.12000274658203
2009-02-06,89.1500015258789,89.58999633789062
2009-02-09,88.3499984741211,88.31999969482422
2009-02-10,89.66000366210938,90.20999908447266
2009-02-11,90.93000030517578,92.29000091552734
2009-02-12,93.04000091552734,93.16999816894531
2009-02-13,92.5,92.55000305175781
2009-02-17,95.2300033569336,95.44999694824219
2009-02-18,95.2300033569336,96.91000366210938
2009-02-19,95.91000366210938,95.7699966430664
2009-02-20,98.0,97.80000305175781
2009-02-23,96.58999633789062,97.7300033569336
2009-02-24,97.58999633789062,94.7300033569336
2009-02-25,94.7300033569336,93.1500015258789
2009-02-26,92.70999908447266,93.05999755859375
2009-02-27,94.30999755859375,92.62999725341797
2009-03-02,93.4000015258789,90.93000030517578
2009-03-03,90.8499984741211,90.04000091552734
2009-03-04,90.25,88.98999786376953
2009-03-05,89.91999816894531,91.98999786376953
2009-03-06,91.80999755859375,92.29000091552734
2009-03-09,92.29000091552734,90.56999969482422
2009-03-10,89.54000091552734,88.13999938964844
2009-03-11,88.48999786376953,89.22000122070312
2009-03-12,90.37000274658203,91.0999984741211
2009-03-13,91.87000274658203,91.30000305175781
2009-03-16,90.29000091552734,90.80000305175781
2009-03-17,90.26000213623047,90.04000091552734
2009-03-18,88.75,93.08999633789062
2009-03-19,93.41000366210938,94.3499984741211
2009-03-20,93.4800033569336,93.58999633789062
2009-03-23,93.44000244140625,92.08000183105469
2009-03-24,90.76000213623047,90.94999694824219
2009-03-25,90.87000274658203,91.9800033569336
2009-03-26,92.72000122070312,91.93000030517578
2009-03-27,90.83000183105469,90.69000244140625
2009-03-30,89.97000122070312,89.9800033569336
2009-03-31,90.37999725341797,90.27999877929688
2009-04-01,91.33999633789062,91.02999877929688
2009-04-02,88.75,88.80000305175781
2009-04-03,88.95999908447266,87.58999633789062
2009-04-06,86.4000015258789,85.2699966430664
2009-04-07,86.2699966430664,86.73999786376953
2009-04-08,87.18000030517578,86.61000061035156
2009-04-09,86.33000183105469,86.30999755859375
2009-04-13,88.02999877929688,87.87999725341797
2009-04-14,87.77999877929688,87.37000274658203
2009-04-15,87.41999816894531,87.5
2009-04-16,87.37999725341797,85.80999755859375
2009-04-17,85.75,85.22000122070312
2009-04-20,86.02999877929688,86.94999694824219
2009-04-21,87.8499984741211,86.88999938964844
2009-04-22,87.02999877929688,87.37999725341797
2009-04-23,87.70999908447266,88.80000305175781
2009-04-24,89.0999984741211,89.72000122070312
2009-04-27,89.33000183105469,89.01000213623047
2009-04-28,87.33000183105469,87.75
2009-04-29,88.30999755859375,88.33000183105469
2009-04-30,86.83000183105469,87.2699966430664
2009-05-01,86.75,86.94999694824219
2009-05-04,87.55000305175781,88.63999938964844
2009-05-05,89.70999908447266,88.25
2009-05-06,89.45999908447266,89.54000091552734
2009-05-07,90.12999725341797,89.44000244140625
2009-05-08,89.70999908447266,89.9800033569336
2009-05-11,89.63999938964844,89.69000244140625
2009-05-12,90.4000015258789,90.69999694824219
2009-05-13,90.44000244140625,91.08999633789062
2009-05-14,90.9000015258789,91.02999877929688
2009-05-15,91.1500015258789,91.55000305175781
2009-05-18,91.52999877929688,90.36000061035156
2009-05-19,90.63999938964844,90.95999908447266
2009-05-20,91.54000091552734,92.25
2009-05-21,92.3499984741211,93.8499984741211
2009-05-22,94.25,94.1500015258789
2009-05-26,92.94999694824219,93.76000213623047
2009-05-27,93.7300033569336,93.44999694824219
2009-05-28,94.13999938964844,94.23999786376953
2009-05-29,95.69999694824219,96.19999694824219
2009-06-01,96.47000122070312,95.7300033569336
2009-06-02,96.19000244140625,96.36000061035156
2009-06-03,95.9000015258789,94.41000366210938
2009-06-04,95.23999786376953,96.2300033569336
2009-06-05,94.23999786376953,93.70999908447266
2009-06-08,93.26000213623047,93.55999755859375
2009-06-09,94.2699966430664,93.83000183105469
2009-06-10,94.5,93.86000061035156
2009-06-11,93.12999725341797,93.69999694824219
2009-06-12,92.41000366210938,92.16999816894531
2009-06-15,91.9000015258789,91.0999984741211
2009-06-16,91.87000274658203,91.93000030517578
2009-06-17,91.61000061035156,92.3499984741211
2009-06-18,92.23999786376953,91.61000061035156
2009-06-19,91.80999755859375,91.9000015258789
2009-06-22,90.41000366210938,90.54000091552734
2009-06-23,90.66000366210938,90.91999816894531
2009-06-24,92.08999633789062,91.44999694824219
2009-06-25,92.12000274658203,92.30999755859375
2009-06-26,92.80999755859375,92.29000091552734
2009-06-29,92.31999969482422,92.04000091552734
2009-06-30,91.8499984741211,91.18000030517578
2009-07-01,92.30999755859375,92.38999938964844
2009-07-02,91.47000122070312,91.25
2009-07-06,90.4800033569336,90.76000213623047
2009-07-07,90.88999938964844,90.70999908447266
2009-07-08,90.11000061035156,89.2699966430664
2009-07-09,89.62999725341797,89.51000213623047
2009-07-10,89.30000305175781,89.58000183105469
2009-07-13,89.44999694824219,90.19000244140625
2009-07-14,90.86000061035156,90.80999755859375
2009-07-15,92.16999816894531,92.23999786376953
2009-07-16,92.0,91.9800033569336
2009-07-17,92.1500015258789,91.93000030517578
2009-07-20,93.61000061035156,93.27999877929688
2009-07-21,93.5199966430664,93.12999725341797
2009-07-22,92.81999969482422,93.44000244140625
2009-07-23,93.19999694824219,93.26000213623047
2009-07-24,93.4800033569336,93.41000366210938
2009-07-27,93.9000015258789,93.70999908447266
2009-07-28,92.73999786376953,92.11000061035156
2009-07-29,91.66999816894531,91.19999694824219
2009-07-30,91.55000305175781,91.62000274658203
2009-07-31,91.86000061035156,93.3499984741211
2009-08-03,94.13999938964844,93.87000274658203
2009-08-04,94.18000030517578,94.68000030517578
2009-08-05,94.87999725341797,94.77999877929688
2009-08-06,95.01000213623047,94.5999984741211
2009-08-07,94.31999969482422,93.75
2009-08-10,92.91000366210938,92.93000030517578
2009-08-11,92.68000030517578,92.79000091552734
2009-08-12,92.5999984741211,92.94999694824219
2009-08-13,93.8499984741211,93.72000122070312
2009-08-14,93.83999633789062,93.0
2009-08-17,91.48999786376953,91.61000061035156
2009-08-18,91.80999755859375,92.05999755859375
2009-08-19,91.68000030517578,92.52999877929688
2009-08-20,92.30999755859375,92.2699966430664
2009-08-21,93.62999725341797,93.6500015258789
2009-08-24,93.63999938964844,92.33999633789062
2009-08-25,93.4000015258789,92.76000213623047
2009-08-26,92.66999816894531,92.79000091552734
2009-08-27,92.80000305175781,93.19000244140625
2009-08-28,94.06999969482422,93.87000274658203
2009-08-31,93.13999938964844,93.4000015258789
2009-09-01,93.41000366210938,93.9000015258789
2009-09-02,94.69999694824219,96.19000244140625
2009-09-03,96.5199966430664,97.45999908447266
2009-09-04,97.13999938964844,97.52999877929688
2009-09-08,98.56999969482422,97.43000030517578
2009-09-09,97.9800033569336,97.08000183105469
2009-09-10,97.02999877929688,97.69999694824219
2009-09-11,98.95999908447266,98.77999877929688
2009-09-14,98.16000366210938,97.95999908447266
2009-09-15,97.75,98.9000015258789
2009-09-16,100.01000213623047,99.91000366210938
2009-09-17,99.66000366210938,99.33999633789062
2009-09-18,99.7300033569336,98.66999816894531
2009-09-21,97.94999694824219,98.36000061035156
2009-09-22,99.83999633789062,99.66999816894531
2009-09-23,99.16000366210938,98.83000183105469
2009-09-24,99.36000061035156,97.55000305175781
2009-09-25,97.06999969482422,97.0
2009-09-28,97.20999908447266,97.05000305175781
2009-09-29,97.19000244140625,97.43000030517578
2009-09-30,98.30999755859375,98.8499984741211
2009-10-01,98.83999633789062,97.88999938964844
2009-10-02,97.83999633789062,98.37000274658203
2009-10-05,98.4800033569336,99.81999969482422
2009-10-06,101.33000183105469,102.27999877929688
2009-10-07,102.29000091552734,102.36000061035156
2009-10-08,102.62000274658203,103.63999938964844
2009-10-09,103.05999755859375,102.83999633789062
2009-10-12,103.38999938964844,103.55999755859375
2009-10-13,103.69999694824219,104.26000213623047
2009-10-14,104.29000091552734,104.18000030517578
2009-10-15,103.2699966430664,102.86000061035156
2009-10-16,102.69999694824219,103.18000030517578
2009-10-19,103.16000366210938,104.2300033569336
2009-10-20,104.33999633789062,103.41999816894531
2009-10-21,103.37999725341797,103.75
2009-10-22,103.45999908447266,103.91999816894531
2009-10-23,104.5,103.48999786376953
2009-10-26,103.41000366210938,101.86000061035156
2009-10-27,101.88999938964844,101.8499984741211
2009-10-28,101.5,100.7300033569336
2009-10-29,101.72000122070312,102.69000244140625
2009-10-30,102.33000183105469,102.52999877929688
2009-11-02,103.5,103.94999694824219
2009-11-03,103.73999786376953,106.45999908447266
2009-11-04,107.11000061035156,107.0999984741211
2009-11-05,106.80999755859375,106.9800033569336
2009-11-06,107.37999725341797,107.43000030517578
2009-11-09,108.69000244140625,108.19000244140625
2009-11-10,108.02999877929688,108.38999938964844
2009-11-11,109.48999786376953,109.5999984741211
2009-11-12,109.16000366210938,108.20999908447266
2009-11-13,108.31999969482422,109.73999786376953
2009-11-16,110.69999694824219,111.62999725341797
2009-11-17,111.08999633789062,111.97000122070312
2009-11-18,112.69000244140625,112.25
2009-11-19,111.8499984741211,112.30000305175781
2009-11-20,111.73999786376953,112.94000244140625
2009-11-23,114.66999816894531,114.29000091552734
2009-11-24,114.7300033569336,114.7300033569336
2009-11-25,115.69000244140625,116.62000274658203
2009-11-27,113.08000183105469,115.05999755859375
2009-11-30,114.4800033569336,115.63999938964844
2009-12-01,117.30000305175781,117.37999725341797
2009-12-02,118.80000305175781,119.18000030517578
2009-12-03,118.56999969482422,118.69999694824219
2009-12-04,117.1500015258789,113.75
2009-12-07,111.51000213623047,113.11000061035156
2009-12-08,112.76000213623047,110.94999694824219
2009-12-09,111.5999984741211,110.83999633789062
2009-12-10,110.66000366210938,110.81999969482422
2009-12-11,110.5999984741211,109.31999969482422
2009-12-14,110.01000213623047,110.23999786376953
2009-12-15,109.94000244140625,110.20999908447266
2009-12-16,110.83000183105469,111.58999633789062
2009-12-17,109.47000122070312,107.33999633789062
2009-12-18,108.0,108.94999694824219
2009-12-21,109.16999816894531,106.94999694824219
2009-12-22,106.79000091552734,106.16999816894531
2009-12-23,106.6500015258789,106.55000305175781
2009-12-24,107.9000015258789,108.36000061035156
2009-12-28,108.63999938964844,108.55000305175781
2009-12-29,108.5,107.47000122070312
2009-12-30,106.63999938964844,106.93000030517578
2009-12-31,107.9800033569336,107.30999755859375
2010-01-04,109.81999969482422,109.80000305175781
2010-01-05,109.87999725341797,109.69999694824219
2010-01-06,110.70999908447266,111.51000213623047
2010-01-07,111.06999969482422,110.81999969482422
2010-01-08,111.5199966430664,111.37000274658203
2010-01-11,113.33999633789062,112.8499984741211
2010-01-12,112.37999725341797,110.48999786376953
2010-01-13,110.91999816894531,111.54000091552734
2010-01-14,111.51000213623047,112.02999877929688
2010-01-15,111.3499984741211,110.86000061035156
2010-01-19,110.94999694824219,111.5199966430664
2010-01-20,109.97000122070312,108.94000244140625
2010-01-21,108.4800033569336,107.37000274658203
2010-01-22,106.93000030517578,107.16999816894531
2010-01-25,107.44000244140625,107.4800033569336
2010-01-26,106.87000274658203,107.55999755859375
2010-01-27,107.52999877929688,106.52999877929688
2010-01-28,107.18000030517578,106.4800033569336
2010-01-29,105.87999725341797,105.95999908447266
2010-02-01,106.63999938964844,108.3499984741211
2010-02-02,109.16000366210938,109.12999725341797
2010-02-03,109.0999984741211,108.69999694824219
2010-02-04,106.79000091552734,104.37000274658203
2010-02-05,103.76000213623047,104.68000030517578
2010-02-08,104.41000366210938,104.04000091552734
2010-02-09,105.18000030517578,105.41000366210938
2010-02-10,105.12999725341797,105.12000274658203
2010-02-11,105.58000183105469,107.12999725341797
2010-02-12,106.08000183105469,107.04000091552734
2010-02-16,109.44999694824219,109.62000274658203
2010-02-17,109.66000366210938,109.25
2010-02-18,109.61000061035156,109.9800033569336
2010-02-19,109.31999969482422,109.47000122070312
2010-02-22,109.86000061035156,109.06999969482422
2010-02-23,108.83999633789062,107.88999938964844
2010-02-24,107.33000183105469,107.36000061035156
2010-02-25,106.69999694824219,108.30999755859375
2010-02-26,108.88999938964844,109.43000030517578
2010-03-01,109.4800033569336,109.43000030517578
2010-03-02,109.86000061035156,111.0199966430664
2010-03-03,111.45999908447266,111.62999725341797
2010-03-04,111.25,110.83000183105469
2010-03-05,111.12999725341797,110.80999755859375
2010-03-08,111.22000122070312,109.87999725341797
2010-03-09,109.16000366210938,109.72000122070312
2010-03-10,109.94000244140625,108.47000122070312
2010-03-11,108.27999877929688,108.5999984741211
2010-03-12,108.55999755859375,107.94999694824219
2010-03-15,108.16000366210938,108.36000061035156
2010-03-16,110.0199966430664,110.4000015258789
2010-03-17,110.18000030517578,109.58999633789062
2010-03-18,110.0999984741211,110.33999633789062
2010-03-19,108.27999877929688,108.27999877929688
2010-03-22,107.30999755859375,107.75
2010-03-23,107.5,108.31999969482422
2010-03-24,106.94000244140625,106.30000305175781
2010-03-25,107.0,106.77999877929688
2010-03-26,107.16000366210938,108.58999633789062
2010-03-29,108.87000274658203,108.75
2010-03-30,108.56999969482422,107.97000122070312
2010-03-31,109.44000244140625,108.94999694824219
2010-04-01,109.97000122070312,110.26000213623047
2010-04-05,110.55999755859375,110.88999938964844
2010-04-06,110.88999938964844,111.02999877929688
2010-04-07,111.8499984741211,112.48999786376953
2010-04-08,112.47000122070312,112.6500015258789
2010-04-09,113.08999633789062,113.63999938964844
2010-04-12,113.63999938964844,113.01000213623047
2010-04-13,113.12000274658203,112.69000244140625
2010-04-14,113.2300033569336,113.02999877929688
2010-04-15,112.9000015258789,113.6500015258789
2010-04-16,112.5,111.23999786376953
2010-04-19,110.87999725341797,111.1500015258789
2010-04-20,111.7300033569336,111.45999908447266
2010-04-21,111.81999969482422,112.30999755859375
2010-04-22,111.79000091552734,111.83999633789062
2010-04-23,111.26000213623047,113.19000244140625
2010-04-26,112.87999725341797,112.75
2010-04-27,112.43000030517578,114.62999725341797
2010-04-28,114.02999877929688,114.30999755859375
2010-04-29,113.8499984741211,114.27999877929688
2010-04-30,115.26000213623047,115.36000061035156
2010-05-03,115.91000366210938,115.7300033569336
2010-05-04,116.38999938964844,114.87000274658203
2010-05-05,113.58000183105469,115.08999633789062
2010-05-06,115.62000274658203,118.48999786376953
2010-05-07,117.63999938964844,118.2699966430664
2010-05-10,117.5,117.56999969482422
2010-05-11,119.45999908447266,120.66000366210938
2010-05-12,121.27999877929688,121.4000015258789
2010-05-13,121.29000091552734,120.55999755859375
2010-05-14,121.87999725341797,120.37000274658203
2010-05-17,120.55000305175781,119.36000061035156
2010-05-18,118.86000061035156,119.48999786376953
2010-05-19,118.19000244140625,116.62999725341797
2010-05-20,116.13999938964844,115.83999633789062
2010-05-21,115.05000305175781,115.22000122070312
2010-05-24,116.33999633789062,116.83999633789062
2010-05-25,117.16000366210938,117.36000061035156
2010-05-26,118.58000183105469,118.47000122070312
2010-05-27,118.16000366210938,118.69000244140625
2010-05-28,118.4800033569336,118.87999725341797
2010-06-01,119.87999725341797,119.91000366210938
2010-06-02,119.3499984741211,119.77999877929688
2010-06-03,119.16000366210938,117.95999908447266
2010-06-04,117.95999908447266,119.19000244140625
2010-06-07,118.7300033569336,121.48999786376953
2010-06-08,121.61000061035156,121.0
2010-06-09,120.4800033569336,120.55999755859375
2010-06-10,119.36000061035156,118.97000122070312
2010-06-11,119.87999725341797,120.01000213623047
2010-06-14,119.62999725341797,119.5999984741211
2010-06-15,119.70999908447266,120.98999786376953
2010-06-16,120.68000030517578,120.33000183105469
2010-06-17,121.63999938964844,121.9000015258789
2010-06-18,123.04000091552734,122.83000183105469
2010-06-21,123.08999633789062,120.38999938964844
2010-06-22,121.16000366210938,121.44999694824219
2010-06-23,120.88999938964844,120.94999694824219
2010-06-24,120.76000213623047,121.30000305175781
2010-06-25,122.75,122.76000213623047
2010-06-28,122.79000091552734,121.08999633789062
2010-06-29,121.05000305175781,121.2699966430664
2010-06-30,121.06999969482422,121.68000030517578
2010-07-01,120.91000366210938,117.04000091552734
2010-07-02,118.20999908447266,118.48999786376953
2010-07-06,117.66999816894531,116.51000213623047
2010-07-07,116.56999969482422,117.7300033569336
2010-07-08,117.38999938964844,117.20999908447266
2010-07-09,118.13999938964844,118.36000061035156
2010-07-12,117.83000183105469,117.33999633789062
2010-07-13,118.9800033569336,118.36000061035156
2010-07-14,118.26000213623047,118.30000305175781
2010-07-15,118.58999633789062,118.2300033569336
2010-07-16,116.69000244140625,116.66999816894531
2010-07-19,115.56999969482422,115.7300033569336
2010-07-20,115.75,116.6500015258789
2010-07-21,116.80000305175781,115.8499984741211
2010-07-22,115.94999694824219,116.86000061035156
2010-07-23,117.12000274658203,116.08999633789062
2010-07-26,116.37999725341797,115.5199966430664
2010-07-27,114.94999694824219,113.51000213623047
2010-07-28,113.4800033569336,113.77999877929688
2010-07-29,113.54000091552734,114.29000091552734
2010-07-30,114.36000061035156,115.48999786376953
2010-08-02,116.12000274658203,115.54000091552734
2010-08-03,115.87999725341797,115.98999786376953
2010-08-04,117.41000366210938,116.72000122070312
2010-08-05,117.01000213623047,116.9800033569336
2010-08-06,117.98999786376953,117.83999633789062
2010-08-09,117.76000213623047,117.4000015258789
2010-08-10,116.58999633789062,117.7300033569336
2010-08-11,117.73999786376953,117.33999633789062
2010-08-12,118.55999755859375,118.7699966430664
2010-08-13,118.81999969482422,118.73999786376953
2010-08-16,119.69999694824219,119.7300033569336
2010-08-17,119.75,119.75
2010-08-18,119.2300033569336,120.22000122070312
2010-08-19,120.6500015258789,120.38999938964844
2010-08-20,119.97000122070312,119.97000122070312
2010-08-23,119.91000366210938,119.77999877929688
2010-08-24,118.7699966430664,120.36000061035156
2010-08-25,121.12000274658203,121.36000061035156
2010-08-26,121.08999633789062,120.95999908447266
2010-08-27,121.19999694824219,121.01000213623047
2010-08-30,120.8499984741211,120.91000366210938
2010-08-31,121.7699966430664,122.08000183105469
2010-09-01,122.1500015258789,121.69000244140625
2010-09-02,122.37999725341797,122.29000091552734
2010-09-03,121.38999938964844,121.86000061035156
2010-09-07,122.91000366210938,122.69999694824219
2010-09-08,122.81999969482422,122.70999908447266
2010-09-09,122.44000244140625,121.55999755859375
2010-09-10,121.4000015258789,121.7300033569336
2010-09-13,121.62999725341797,121.62000274658203
2010-09-14,122.91999816894531,124.0199966430664
2010-09-15,123.97000122070312,123.94000244140625
2010-09-16,124.5,124.62999725341797
2010-09-17,125.02999877929688,124.54000091552734
2010-09-20,125.08999633789062,124.87000274658203
2010-09-21,124.7699966430664,126.01000213623047
2010-09-22,126.58000183105469,126.19999694824219
2010-09-23,126.19999694824219,126.30000305175781
2010-09-24,126.91000366210938,126.69000244140625
2010-09-27,126.9000015258789,126.72000122070312
2010-09-28,126.41999816894531,127.8499984741211
2010-09-29,127.93000030517578,127.94999694824219
2010-09-30,128.14999389648438,127.91000366210938
2010-10-01,127.91000366210938,128.91000366210938
2010-10-04,128.52000427246094,128.4600067138672
2010-10-05,130.11000061035156,130.99000549316406
2010-10-06,131.4499969482422,131.80999755859375
2010-10-07,132.60000610351562,130.3699951171875
2010-10-08,130.77999877929688,131.66000366210938
2010-10-11,131.27999877929688,132.2899932861328
2010-10-12,132.05999755859375,131.9600067138672
2010-10-13,132.72999572753906,134.07000732421875
2010-10-14,134.05999755859375,134.75
2010-10-15,134.24000549316406,133.67999267578125
2010-10-18,133.4600067138672,134.27999877929688
2010-10-19,130.4600067138672,130.11000061035156
2010-10-20,130.36000061035156,131.32000732421875
2010-10-21,131.0800018310547,129.47000122070312
2010-10-22,129.47000122070312,129.72999572753906
2010-10-25,131.16000366210938,130.85000610351562
2010-10-26,129.99000549316406,130.8800048828125
2010-10-27,129.92999267578125,129.52000427246094
2010-10-28,130.36000061035156,131.24000549316406
2010-10-29,131.47999572753906,132.6199951171875
2010-11-01,132.85000610351562,131.9199981689453
2010-11-02,132.44000244140625,132.49000549316406
2010-11-03,132.27999877929688,131.57000732421875
2010-11-04,134.63999938964844,136.02999877929688
2010-11-05,135.13999938964844,136.3800048828125
2010-11-08,135.9199981689453,137.77999877929688
2010-11-09,138.6999969482422,135.58999633789062
2010-11-10,137.02999877929688,137.24000549316406
2010-11-11,137.6199951171875,137.66000366210938
2010-11-12,135.88999938964844,133.69000244140625
2010-11-15,133.86000061035156,132.4199981689453
2010-11-16,132.24000549316406,130.97000122070312
2010-11-17,130.77000427246094,130.3800048828125
2010-11-18,131.82000732421875,132.08999633789062
2010-11-19,131.47999572753906,132.1999969482422
2010-11-22,132.1300048828125,133.47999572753906
2010-11-23,133.60000610351562,134.41000366210938
2010-11-24,134.36000061035156,134.17999267578125
2010-11-26,132.3800048828125,133.11000061035156
2010-11-29,133.19000244140625,133.50999450683594
2010-11-30,135.2100067138672,135.4199981689453
2010-12-01,135.7100067138672,135.3800048828125
2010-12-02,135.6199951171875,135.1999969482422
2010-12-03,136.6199951171875,138.07000732421875
2010-12-06,138.13999938964844,139.11000061035156
2010-12-07,139.4600067138672,136.5
2010-12-08,135.91000366210938,134.7899932861328
2010-12-09,135.69000244140625,135.3699951171875
2010-12-10,134.94000244140625,135.41000366210938
2010-12-13,136.25999450683594,136.0500030517578
2010-12-14,136.27000427246094,136.17999267578125
2010-12-15,135.33999633789062,134.6999969482422
2010-12-16,134.2100067138672,133.80999755859375
2010-12-17,133.97000122070312,134.1999969482422
2010-12-20,135.1300048828125,135.11000061035156
2010-12-21,135.1699981689453,135.32000732421875
2010-12-22,135.60000610351562,135.0500030517578
2010-12-23,134.25999450683594,134.66000366210938
2010-12-27,134.9600067138672,135.02000427246094
2010-12-28,136.85000610351562,137.22000122070312
2010-12-29,137.3800048828125,137.7100067138672
2010-12-30,137.5800018310547,137.02999877929688
2010-12-31,137.77999877929688,138.72000122070312
2011-01-03,138.6699981689453,138.0
2011-01-04,136.24000549316406,134.75
2011-01-05,133.5,134.3699951171875
2011-01-06,134.0500030517578,133.8300018310547
2011-01-07,133.3800048828125,133.5800018310547
2011-01-10,133.85000610351562,134.1199951171875
2011-01-11,134.7899932861328,134.91000366210938
2011-01-12,134.7899932861328,135.4600067138672
2011-01-13,135.66000366210938,134.0500030517578
2011-01-14,133.1699981689453,132.69000244140625
2011-01-18,133.6300048828125,133.42999267578125
2011-01-19,134.33999633789062,133.72000122070312
2011-01-20,131.75999450683594,131.1999969482422
2011-01-21,130.75999450683594,131.02999877929688
2011-01-24,131.00999450683594,130.36000061035156
2011-01-25,129.64999389648438,130.10000610351562
2011-01-26,129.8300018310547,131.16000366210938
2011-01-27,130.2899932861328,127.93000030517578
2011-01-28,127.97000122070312,130.27999877929688
2011-01-31,129.27000427246094,129.8699951171875
2011-02-01,130.52000427246094,130.8000030517578
2011-02-02,130.3699951171875,130.4499969482422
2011-02-03,130.07000732421875,132.1999969482422
2011-02-04,131.83999633789062,131.66000366210938
2011-02-07,131.6699981689453,131.67999267578125
2011-02-08,132.9600067138672,133.13999938964844
2011-02-09,133.19000244140625,133.07000732421875
2011-02-10,132.11000061035156,132.85000610351562
2011-02-11,133.00999450683594,132.32000732421875
2011-02-14,132.9499969482422,132.9499969482422
2011-02-15,133.86000061035156,133.97000122070312
2011-02-16,134.22999572753906,134.10000610351562
2011-02-17,134.74000549316406,135.0399932861328
2011-02-18,135.1699981689453,135.41000366210938
2011-02-22,136.9199981689453,136.2899932861328
2011-02-23,136.97000122070312,137.50999450683594
2011-02-24,138.0399932861328,136.47999572753906
2011-02-25,137.22000122070312,137.3800048828125
2011-02-28,137.64999389648438,137.66000366210938
2011-03-01,138.57000732421875,140.02999877929688
2011-03-02,140.24000549316406,139.9199981689453
2011-03-03,138.80999755859375,138.08999633789062
2011-03-04,138.6300048828125,139.35000610351562
2011-03-07,140.2899932861328,139.72000122070312
2011-03-08,139.64999389648438,139.36000061035156
2011-03-09,139.9199981689453,139.41000366210938
2011-03-10,138.5,137.77000427246094
2011-03-11,137.2899932861328,138.22000122070312
2011-03-14,139.3300018310547,138.86000061035156
2011-03-15,135.35000610351562,136.27000427246094
2011-03-16,136.52000427246094,136.24000549316406
2011-03-17,136.55999755859375,136.97000122070312
2011-03-18,138.13999938964844,138.3699951171875
2011-03-21,139.5,139.13999938964844
2011-03-22,138.8800048828125,139.0500030517578
2011-03-23,139.61000061035156,140.33999633789062
2011-03-24,140.27000427246094,139.22000122070312
2011-03-25,140.0,139.25999450683594
2011-03-28,137.82000732421875,138.5399932861328
2011-03-29,138.2100067138672,138.2100067138672
2011-03-30,139.07000732421875,138.6699981689453
2011-03-31,140.0800018310547,139.86000061035156
2011-04-01,138.64999389648438,139.1999969482422
2011-04-04,140.1300048828125,139.83999633789062
2011-04-05,139.5800018310547,142.0500030517578
2011-04-06,142.39999389648438,142.3800048828125
2011-04-07,142.22999572753906,142.50999450683594
2011-04-08,143.33999633789062,143.66000366210938
2011-04-11,143.27999877929688,142.63999938964844
2011-04-12,142.74000549316406,141.61000061035156
2011-04-13,142.38999938964844,141.89999389648438
2011-04-14,142.35000610351562,143.80999755859375
2011-04-15,143.85000610351562,145.0500030517578
2011-04-18,145.2100067138672,145.92999267578125
2011-04-19,145.72999572753906,145.92999267578125
2011-04-20,146.3699951171875,146.5
2011-04-21,146.57000732421875,146.74000549316406
2011-04-25,147.57000732421875,146.8699951171875
2011-04-26,146.47000122070312,146.3800048828125
2011-04-27,147.3800048828125,149.1999969482422
2011-04-28,149.3000030517578,149.82000732421875
2011-04-29,149.89999389648438,152.3699951171875
2011-05-02,151.4600067138672,150.41000366210938
2011-05-03,150.42999267578125,149.8800048828125
2011-05-04,149.86000061035156,147.72999572753906
2011-05-05,146.82000732421875,143.47000122070312
2011-05-06,145.24000549316406,145.3000030517578
2011-05-09,146.6699981689453,147.3800048828125
2011-05-10,147.19000244140625,147.89999389648438
2011-05-11,147.24000549316406,146.5399932861328
2011-05-12,145.8800048828125,146.58999633789062
2011-05-13,146.72000122070312,145.6300048828125
2011-05-16,145.8800048828125,145.3699951171875
2011-05-17,144.22999572753906,144.74000549316406
2011-05-18,145.5500030517578,145.60000610351562
2011-05-19,145.1199951171875,145.64999389648438
2011-05-20,145.82000732421875,147.49000549316406
2011-05-23,147.0399932861328,147.8300018310547
2011-05-24,148.47999572753906,148.58999633789062
2011-05-25,148.72000122070312,148.5800018310547
2011-05-26,148.4499969482422,148.22000122070312
2011-05-27,149.02000427246094,149.6999969482422
2011-05-31,149.8800048828125,149.63999938964844
2011-06-01,149.66000366210938,149.91000366210938
2011-06-02,150.14999389648438,149.5
2011-06-03,150.27999877929688,150.22000122070312
2011-06-06,150.82000732421875,150.47999572753906
2011-06-07,150.6699981689453,150.4199981689453
2011-06-08,150.02000427246094,149.80999755859375
2011-06-09,150.00999450683594,150.55999755859375
2011-06-10,149.0399932861328,149.24000549316406
2011-06-13,148.66000366210938,147.77000427246094
2011-06-14,147.6999969482422,148.6699981689453
2011-06-15,148.16000366210938,149.1199951171875
2011-06-16,148.8300018310547,148.97000122070312
2011-06-17,148.8699951171875,149.94000244140625
2011-06-20,150.0800018310547,150.02999877929688
2011-06-21,150.25999450683594,150.75999450683594
2011-06-22,151.00999450683594,150.99000549316406
2011-06-23,148.6699981689453,148.33999633789062
2011-06-24,147.86000061035156,146.25999450683594
2011-06-27,145.92999267578125,145.72999572753906
2011-06-28,146.16000366210938,146.24000549316406
2011-06-29,146.77000427246094,147.17999267578125
2011-06-30,147.17999267578125,146.0
2011-07-01,144.75999450683594,144.92999267578125
2011-07-05,146.9600067138672,147.6300048828125
2011-07-06,148.6999969482422,148.91000366210938
2011-07-07,148.97000122070312,149.14999389648438
2011-07-08,150.32000732421875,150.25
2011-07-11,151.3300018310547,151.58999633789062
2011-07-12,151.24000549316406,152.77000427246094
2011-07-13,153.75999450683594,154.13999938964844
2011-07-14,154.80999755859375,154.5399932861328
2011-07-15,154.33999633789062,155.1999969482422
2011-07-18,155.75999450683594,156.57000732421875
2011-07-19,156.32000732421875,154.66000366210938
2011-07-20,154.22000122070312,156.02000427246094
2011-07-21,155.91000366210938,154.8300018310547
2011-07-22,156.0,156.1199951171875
2011-07-25,157.60000610351562,157.33999633789062
2011-07-26,156.97000122070312,157.77000427246094
2011-07-27,158.47000122070312,157.19000244140625
2011-07-28,157.5399932861328,157.32000732421875
2011-07-29,158.42999267578125,158.2899932861328
2011-08-01,157.47000122070312,157.72000122070312
2011-08-02,159.3300018310547,161.52000427246094
2011-08-03,162.36000061035156,161.49000549316406
2011-08-04,163.61000061035156,160.63999938964844
2011-08-05,161.63999938964844,161.75
2011-08-08,165.47999572753906,167.1199951171875
2011-08-09,169.92999267578125,168.61000061035156
2011-08-10,172.4600067138672,174.5800018310547
2011-08-11,172.27999877929688,170.75
2011-08-12,169.57000732421875,169.97000122070312
2011-08-15,169.32000732421875,171.8000030517578
2011-08-16,172.60000610351562,173.9199981689453
2011-08-17,173.8699951171875,174.4199981689453
2011-08-18,177.14999389648438,177.72000122070312
2011-08-19,181.63999938964844,179.9499969482422
2011-08-22,181.9499969482422,184.58999633789062
2011-08-23,182.24000549316406,177.6699981689453
2011-08-24,177.89999389648438,171.64999389648438
2011-08-25,167.0,172.36000061035156
2011-08-26,173.57000732421875,177.47000122070312
2011-08-29,175.9499969482422,173.88999938964844
2011-08-30,177.6999969482422,179.10000610351562
2011-08-31,177.72999572753906,177.72000122070312
2011-09-01,177.44000244140625,177.8699951171875
2011-09-02,182.82000732421875,183.24000549316406
2011-09-06,184.5800018310547,182.89999389648438
2011-09-07,176.19000244140625,177.0800018310547
2011-09-08,181.38999938964844,181.80999755859375
2011-09-09,179.75999450683594,180.6999969482422
2011-09-12,178.72999572753906,176.6699981689453
2011-09-13,177.52000427246094,178.5399932861328
2011-09-14,177.5500030517578,177.2100067138672
2011-09-15,174.61000061035156,174.39999389648438
2011-09-16,173.72000122070312,176.02999877929688
2011-09-19,176.8300018310547,173.30999755859375
2011-09-20,173.17999267578125,175.77999877929688
2011-09-21,174.7899932861328,173.58999633789062
2011-09-22,169.3000030517578,169.0500030517578
2011-09-23,164.50999450683594,159.8000030517578
2011-09-26,157.1199951171875,157.5800018310547
2011-09-27,161.61000061035156,160.6300048828125
2011-09-28,160.72999572753906,156.22000122070312
2011-09-29,158.1199951171875,157.6999969482422
2011-09-30,157.3000030517578,158.05999755859375
2011-10-03,161.08999633789062,160.9600067138672
2011-10-04,160.9499969482422,157.63999938964844
2011-10-05,158.00999450683594,159.4600067138672
2011-10-06,160.02000427246094,160.49000549316406
2011-10-07,161.02000427246094,159.17999267578125
2011-10-10,162.0500030517578,163.27000427246094
2011-10-11,162.2100067138672,162.10000610351562
2011-10-12,163.6999969482422,163.25999450683594
2011-10-13,162.3000030517578,162.3000030517578
2011-10-14,163.3300018310547,163.39999389648438
2011-10-17,164.0,162.6199951171875
2011-10-18,159.9600067138672,161.83999633789062
2011-10-19,161.08999633789062,159.8699951171875
2011-10-20,157.6199951171875,157.77000427246094
2011-10-21,159.99000549316406,159.52000427246094
2011-10-24,160.5500030517578,161.02000427246094
2011-10-25,161.24000549316406,165.58999633789062
2011-10-26,167.02999877929688,167.39999389648438
2011-10-27,167.58999633789062,169.5500030517578
2011-10-28,169.63999938964844,169.6199951171875
2011-10-31,167.75999450683594,167.33999633789062
2011-11-01,164.02999877929688,167.3800048828125
2011-11-02,168.58999633789062,169.05999755859375
2011-11-03,171.1699981689453,171.72000122070312
2011-11-04,171.02999877929688,170.85000610351562
2011-11-07,172.85000610351562,174.97999572753906
2011-11-08,174.35000610351562,173.52999877929688
2011-11-09,174.27999877929688,172.07000732421875
2011-11-10,172.42999267578125,171.13999938964844
2011-11-11,172.10000610351562,173.9600067138672
2011-11-14,173.74000549316406,173.1999969482422
2011-11-15,173.35000610351562,173.36000061035156
2011-11-16,171.6300048828125,171.50999450683594
2011-11-17,170.0399932861328,167.10000610351562
2011-11-18,167.22999572753906,167.6199951171875
2011-11-21,166.61000061035156,163.5
2011-11-22,164.74000549316406,165.30999755859375
2011-11-23,164.5500030517578,164.8300018310547
2011-11-25,163.3300018310547,163.39999389648438
2011-11-28,166.92999267578125,166.6300048828125
2011-11-29,166.39999389648438,166.8800048828125
2011-11-30,169.6999969482422,170.1300048828125
2011-12-01,169.85000610351562,169.6300048828125
2011-12-02,170.64999389648438,169.82000732421875
2011-12-05,169.05999755859375,167.32000732421875
2011-12-06,166.30999755859375,168.17999267578125
2011-12-07,168.7899932861328,169.39999389648438
2011-12-08,166.9600067138672,165.97999572753906
2011-12-09,166.42999267578125,166.39999389648438
2011-12-12,162.35000610351562,161.99000549316406
2011-12-13,161.86000061035156,158.4499969482422
2011-12-14,156.7899932861328,152.88999938964844
2011-12-15,154.74000549316406,152.3300018310547
2011-12-16,154.30999755859375,155.22999572753906
2011-12-19,155.47999572753906,154.8699951171875
2011-12-20,156.82000732421875,156.97999572753906
2011-12-21,156.97999572753906,157.16000366210938
2011-12-22,156.35000610351562,156.0399932861328
2011-12-23,156.35000610351562,156.30999755859375
2011-12-27,155.0800018310547,154.91000366210938
2011-12-28,154.0500030517578,151.02999877929688
2011-12-29,149.08999633789062,150.33999633789062
2011-12-30,152.13999938964844,151.99000549316406
2012-01-03,154.75999450683594,155.9199981689453
2012-01-04,155.42999267578125,156.7100067138672
2012-01-05,155.3699951171875,157.77999877929688
2012-01-06,158.58999633789062,157.1999969482422
2012-01-09,157.36000061035156,156.5
2012-01-10,158.97000122070312,158.63999938964844
2012-01-11,159.33999633789062,159.6699981689453
2012-01-12,161.02000427246094,160.3800048828125
2012-01-13,159.32000732421875,159.25999450683594
2012-01-17,161.1699981689453,160.5
2012-01-18,159.94000244140625,161.60000610351562
2012-01-19,160.9600067138672,161.22000122070312
2012-01-20,160.5,162.07000732421875
2012-01-23,162.32000732421875,163.16000366210938
2012-01-24,161.80999755859375,162.00999450683594
2012-01-25,161.07000732421875,166.4199981689453
2012-01-26,168.0500030517578,167.27000427246094
2012-01-27,167.44000244140625,168.97000122070312
2012-01-30,168.19000244140625,168.02999877929688
2012-01-31,169.77000427246094,169.30999755859375
2012-02-01,169.75,169.55999755859375
2012-02-02,169.9600067138672,171.0500030517578
2012-02-03,169.8800048828125,167.63999938964844
2012-02-06,166.9600067138672,167.17999267578125
2012-02-07,167.3800048828125,169.6999969482422
2012-02-08,169.25999450683594,168.5
2012-02-09,170.00999450683594,168.02000427246094
2012-02-10,166.49000549316406,167.13999938964844
2012-02-13,167.3300018310547,167.50999450683594
2012-02-14,167.64999389648438,167.1199951171875
2012-02-15,168.6300048828125,168.11000061035156
2012-02-16,166.3300018310547,168.0
2012-02-17,168.2899932861328,167.35000610351562
2012-02-21,169.64999389648438,171.02000427246094
2012-02-22,170.39999389648438,172.94000244140625
2012-02-23,172.69000244140625,173.02000427246094
2012-02-24,172.6300048828125,172.22999572753906
2012-02-27,172.13999938964844,171.6999969482422
2012-02-28,172.83999633789062,173.49000549316406
2012-02-29,173.19000244140625,164.2899932861328
2012-03-01,166.10000610351562,166.61000061035156
2012-03-02,166.22999572753906,166.33999633789062
2012-03-05,165.77000427246094,165.64999389648438
2012-03-06,162.14999389648438,162.6999969482422
2012-03-07,162.75999450683594,163.6300048828125
2012-03-08,164.74000549316406,165.27999877929688
2012-03-09,163.63999938964844,166.3800048828125
2012-03-12,165.3300018310547,165.07000732421875
2012-03-13,163.94000244140625,162.3000030517578
2012-03-14,159.61000061035156,159.57000732421875
2012-03-15,159.72999572753906,161.0800018310547
2012-03-16,160.0800018310547,161.3000030517578
2012-03-19,160.85000610351562,161.58999633789062
2012-03-20,160.1999969482422,160.1300048828125
2012-03-21,160.6300048828125,160.2100067138672
2012-03-22,158.1999969482422,159.57000732421875
2012-03-23,160.8800048828125,161.52999877929688
2012-03-26,163.1699981689453,164.39999389648438
2012-03-27,164.52000427246094,163.24000549316406
2012-03-28,162.7100067138672,161.50999450683594
2012-03-29,161.13999938964844,161.27999877929688
2012-03-30,161.6699981689453,162.1199951171875
2012-04-02,161.9600067138672,162.94000244140625
2012-04-03,163.22999572753906,159.88999938964844
2012-04-04,157.6999969482422,157.2100067138672
2012-04-05,157.8699951171875,158.30999755859375
2012-04-09,159.72000122070312,159.3699951171875
2012-04-10,159.66000366210938,161.10000610351562
2012-04-11,161.1999969482422,161.07000732421875
2012-04-12,160.74000549316406,162.6999969482422
2012-04-13,162.4499969482422,160.85000610351562
2012-04-16,160.50999450683594,160.4600067138672
2012-04-17,160.5399932861328,160.25
2012-04-18,159.49000549316406,159.30999755859375
2012-04-19,160.0,159.42999267578125
2012-04-20,159.25,159.5399932861328
2012-04-23,158.1999969482422,159.07000732421875
2012-04-24,159.6300048828125,159.3000030517578
2012-04-25,159.47999572753906,159.6199951171875
2012-04-26,160.4600067138672,161.02999877929688
2012-04-27,161.77999877929688,161.3800048828125
2012-04-30,160.49000549316406,161.8800048828125
2012-05-01,162.08999633789062,161.32000732421875
2012-05-02,160.74000549316406,160.58999633789062
2012-05-03,159.16000366210938,158.97000122070312
2012-05-04,158.82000732421875,159.47000122070312
2012-05-07,159.30999755859375,159.0800018310547
2012-05-08,156.61000061035156,156.0
2012-05-09,154.10000610351562,154.47000122070312
2012-05-10,155.16000366210938,154.77000427246094
2012-05-11,153.44000244140625,153.55999755859375
2012-05-14,151.5800018310547,151.3300018310547
2012-05-15,151.16000366210938,149.74000549316406
2012-05-16,149.47999572753906,149.4600067138672
2012-05-17,150.8300018310547,152.8000030517578
2012-05-18,154.4600067138672,154.5500030517578
2012-05-21,154.11000061035156,154.64999389648438
2012-05-22,153.58999633789062,152.0800018310547
2012-05-23,151.5,151.6199951171875
2012-05-24,152.7100067138672,151.41000366210938
2012-05-25,151.88999938964844,152.67999267578125
2012-05-29,153.47000122070312,151.02000427246094
2012-05-30,149.74000549316406,151.91000366210938
2012-05-31,152.02999877929688,151.6199951171875
2012-06-01,155.41000366210938,157.5
2012-06-04,157.25999450683594,157.32000732421875
2012-06-05,156.9199981689453,157.13999938964844
2012-06-06,158.89999389648438,157.2100067138672
2012-06-07,157.82000732421875,154.5
2012-06-08,153.02000427246094,154.72999572753906
2012-06-11,154.8300018310547,155.36000061035156
2012-06-12,155.49000549316406,156.4600067138672
2012-06-13,157.61000061035156,157.1199951171875
2012-06-14,157.63999938964844,157.75
2012-06-15,157.75,157.83999633789062
2012-06-18,157.4600067138672,157.92999267578125
2012-06-19,158.0,157.16000366210938
2012-06-20,156.0,155.97000122070312
2012-06-21,153.72999572753906,152.02000427246094
2012-06-22,152.0399932861328,152.63999938964844
2012-06-25,152.5800018310547,153.75999450683594
2012-06-26,153.02999877929688,152.6199951171875
2012-06-27,153.3000030517578,152.8300018310547
2012-06-28,151.89999389648438,151.0500030517578
2012-06-29,155.1300048828125,155.19000244140625
2012-07-02,154.6699981689453,155.08999633789062
2012-07-03,156.97000122070312,157.4600067138672
2012-07-05,155.44000244140625,155.67999267578125
2012-07-06,154.22999572753906,153.7100067138672
2012-07-09,153.61000061035156,154.0399932861328
2012-07-10,155.1300048828125,152.14999389648438
2012-07-11,152.5800018310547,152.99000549316406
2012-07-12,151.25999450683594,152.58999633789062
2012-07-13,153.4499969482422,154.13999938964844
2012-07-16,154.42999267578125,154.2100067138672
2012-07-17,154.00999450683594,153.47000122070312
2012-07-18,152.6699981689453,153.0500030517578
2012-07-19,153.72999572753906,153.3800048828125
2012-07-20,152.97000122070312,153.6699981689453
2012-07-23,152.5,153.02999877929688
2012-07-24,153.6300048828125,153.52000427246094
2012-07-25,155.3300018310547,155.6699981689453
2012-07-26,156.6999969482422,156.77000427246094
2012-07-27,157.63999938964844,157.5399932861328
2012-07-30,156.83999633789062,157.42999267578125
2012-07-31,157.60000610351562,156.49000549316406
2012-08-01,155.17999267578125,155.13999938964844
2012-08-02,154.66000366210938,154.1300048828125
2012-08-03,154.64999389648438,155.5500030517578
2012-08-06,155.9199981689453,156.3000030517578
2012-08-07,156.3699951171875,156.27999877929688
2012-08-08,156.49000549316406,156.47999572753906
2012-08-09,156.36000061035156,156.99000549316406
2012-08-10,156.89999389648438,157.17999267578125
2012-08-13,157.0500030517578,155.99000549316406
2012-08-14,155.05999755859375,155.1300048828125
2012-08-15,155.32000732421875,155.6300048828125
2012-08-16,155.85000610351562,156.55999755859375
2012-08-17,157.05999755859375,156.72000122070312
2012-08-20,156.52000427246094,157.25999450683594
2012-08-21,158.80999755859375,158.8300018310547
2012-08-22,159.19000244140625,160.5399932861328
2012-08-23,161.41000366210938,161.88999938964844
2012-08-24,161.8699951171875,161.97000122070312
2012-08-27,161.77000427246094,161.36000061035156
2012-08-28,161.6300048828125,161.63999938964844
2012-08-29,161.60000610351562,160.58999633789062
2012-08-30,161.25999450683594,160.52000427246094
2012-08-31,161.13999938964844,164.22000122070312
2012-09-04,164.11000061035156,164.47999572753906
2012-09-05,164.1199951171875,164.30999755859375
2012-09-06,165.16000366210938,164.88999938964844
2012-09-07,167.77000427246094,168.44000244140625
2012-09-10,167.83999633789062,167.2899932861328
2012-09-11,168.22000122070312,167.89999389648438
2012-09-12,168.83999633789062,167.9199981689453
2012-09-13,167.8699951171875,171.30999755859375
2012-09-14,171.88999938964844,171.8000030517578
2012-09-17,171.77000427246094,170.39999389648438
2012-09-18,170.80999755859375,171.72000122070312
2012-09-19,171.8800048828125,171.74000549316406
2012-09-20,171.02999877929688,171.47000122070312
2012-09-21,172.92999267578125,171.9600067138672
2012-09-24,170.6300048828125,171.0500030517578
2012-09-25,171.75999450683594,170.77000427246094
2012-09-26,169.4600067138672,169.80999755859375
2012-09-27,171.02000427246094,172.33999633789062
2012-09-28,172.02999877929688,171.88999938964844
2012-10-01,172.8300018310547,172.2899932861328
2012-10-02,172.47000122070312,172.10000610351562
2012-10-03,172.50999450683594,172.41000366210938
2012-10-04,173.1999969482422,173.61000061035156
2012-10-05,172.8699951171875,172.6199951171875
2012-10-08,171.75,172.0500030517578
2012-10-09,171.86000061035156,170.99000549316406
2012-10-10,170.5399932861328,170.83999633789062
2012-10-11,171.3000030517578,171.32000732421875
2012-10-12,171.14999389648438,170.05999755859375
2012-10-15,169.00999450683594,168.35000610351562
2012-10-16,168.8699951171875,169.4199981689453
2012-10-17,169.2100067138672,169.5399932861328
2012-10-18,168.8000030517578,168.7899932861328
2012-10-19,168.4199981689453,166.97000122070312
2012-10-22,167.0800018310547,167.5800018310547
2012-10-23,166.0399932861328,165.42999267578125
2012-10-24,165.77999877929688,164.86000061035156
2012-10-25,166.2899932861328,166.02000427246094
2012-10-26,166.22999572753906,165.92999267578125
2012-10-31,166.47000122070312,166.8300018310547
2012-11-01,167.02000427246094,166.07000732421875
2012-11-02,164.4499969482422,162.60000610351562
2012-11-05,163.1199951171875,163.22999572753906
2012-11-06,163.91000366210938,166.3000030517578
2012-11-07,166.8699951171875,166.49000549316406
2012-11-08,166.13999938964844,167.99000549316406
2012-11-09,168.2100067138672,167.82000732421875
2012-11-12,168.10000610351562,167.4499969482422
2012-11-13,166.66000366210938,167.10000610351562
2012-11-14,167.4600067138672,167.13999938964844
2012-11-15,167.0,166.08999633789062
2012-11-16,165.74000549316406,165.8800048828125
2012-11-19,167.75,167.8699951171875
2012-11-20,167.75,167.38999938964844
2012-11-21,167.19000244140625,167.55999755859375
2012-11-23,167.97000122070312,169.61000061035156
2012-11-26,169.55999755859375,169.42999267578125
2012-11-27,169.13999938964844,168.7100067138672
2012-11-28,165.42999267578125,166.5500030517578
2012-11-29,167.13999938964844,167.17999267578125
2012-11-30,166.94000244140625,166.0500030517578
2012-12-03,166.11000061035156,166.1300048828125
2012-12-04,164.05999755859375,164.4199981689453
2012-12-05,164.22000122070312,164.1199951171875
2012-12-06,163.72000122070312,164.5
2012-12-07,164.8800048828125,165.16000366210938
2012-12-10,166.11000061035156,165.8000030517578
2012-12-11,165.4499969482422,165.64999389648438
2012-12-12,166.1999969482422,165.77000427246094
2012-12-13,163.8699951171875,164.3699951171875
2012-12-14,164.1699981689453,164.1300048828125
2012-12-17,164.16000366210938,164.44000244140625
2012-12-18,164.35000610351562,162.0800018310547
2012-12-19,161.30999755859375,161.69000244140625
2012-12-20,159.8699951171875,159.72999572753906
2012-12-21,159.82000732421875,160.3300018310547
2012-12-24,160.8800048828125,160.6199951171875
2012-12-26,161.36000061035156,160.77999877929688
2012-12-27,160.22999572753906,161.16000366210938
2012-12-28,160.94000244140625,160.5399932861328
2012-12-31,160.89999389648438,162.02000427246094
2013-01-02,163.49000549316406,163.1699981689453
2013-01-03,162.47999572753906,161.1999969482422
2013-01-04,159.52000427246094,160.44000244140625
2013-01-07,159.36000061035156,159.42999267578125
2013-01-08,160.4600067138672,160.55999755859375
2013-01-09,160.77000427246094,160.49000549316406
2013-01-10,161.61000061035156,161.97999572753906
2013-01-11,161.86000061035156,161.05999755859375
2013-01-14,161.8800048828125,161.5399932861328
2013-01-15,162.8000030517578,162.55999755859375
2013-01-16,162.4199981689453,162.64999389648438
2013-01-17,161.94000244140625,163.35000610351562
2013-01-18,163.9499969482422,163.08999633789062
2013-01-22,163.47999572753906,163.6699981689453
2013-01-23,163.9199981689453,163.2100067138672
2013-01-24,161.97999572753906,161.4199981689453
2013-01-25,160.55999755859375,160.64999389648438
2013-01-28,160.24000549316406,160.2899932861328
2013-01-29,161.00999450683594,160.99000549316406
2013-01-30,162.67999267578125,162.19000244140625
2013-01-31,161.6199951171875,161.1999969482422
2013-02-01,162.66000366210938,161.4499969482422
2013-02-04,161.19000244140625,162.0
2013-02-05,162.75,161.9600067138672
2013-02-06,162.1300048828125,162.38999938964844
2013-02-07,161.24000549316406,161.83999633789062
2013-02-08,161.4600067138672,161.57000732421875
2013-02-11,159.77999877929688,159.6999969482422
2013-02-12,159.35000610351562,159.88999938964844
2013-02-13,159.60000610351562,159.0500030517578
2013-02-14,159.30999755859375,158.35000610351562
2013-02-15,156.4199981689453,155.75999450683594
2013-02-19,155.8000030517578,155.3300018310547
2013-02-20,153.89999389648438,151.44000244140625
2013-02-21,152.0,152.6199951171875
2013-02-22,152.25999450683594,152.97000122070312
2013-02-25,153.52000427246094,154.33999633789062
2013-02-26,154.38999938964844,156.22000122070312
2013-02-27,155.4600067138672,154.57000732421875
2013-02-28,154.08999633789062,153.0
2013-03-01,153.16000366210938,152.44000244140625
2013-03-04,152.4499969482422,152.3000030517578
2013-03-05,153.10000610351562,152.3800048828125
2013-03-06,152.1699981689453,153.22999572753906
2013-03-07,153.02000427246094,152.69000244140625
2013-03-08,151.61000061035156,152.7100067138672
2013-03-11,152.82000732421875,152.99000549316406
2013-03-12,154.07000732421875,154.19000244140625
2013-03-13,154.25999450683594,153.66000366210938
2013-03-14,153.02000427246094,153.67999267578125
2013-03-15,154.1199951171875,154.0
2013-03-18,155.6999969482422,155.3800048828125
2013-03-19,155.22000122070312,156.0800018310547
2013-03-20,155.52999877929688,155.3699951171875
2013-03-21,156.1699981689453,156.25
2013-03-22,155.4499969482422,155.5500030517578
2013-03-25,154.7100067138672,155.24000549316406
2013-03-26,154.47000122070312,154.72000122070312
2013-03-27,154.6699981689453,155.36000061035156
2013-03-28,154.5,154.4499969482422
2013-04-01,154.57000732421875,154.6699981689453
2013-04-02,153.08999633789062,152.42999267578125
2013-04-03,152.02000427246094,150.72999572753906
2013-04-04,149.64999389648438,150.2899932861328
2013-04-05,151.5399932861328,152.80999755859375
2013-04-08,152.38999938964844,152.16000366210938
2013-04-09,152.32000732421875,153.33999633789062
2013-04-10,152.6699981689453,150.75
2013-04-11,150.75999450683594,151.0500030517578
2013-04-12,148.64999389648438,143.9499969482422
2013-04-15,136.0,131.30999755859375
2013-04-16,134.89999389648438,132.8000030517578
2013-04-17,133.80999755859375,132.8699951171875
2013-04-18,134.1199951171875,134.3000030517578
2013-04-19,136.0,135.47000122070312
2013-04-22,138.14999389648438,137.89999389648438
2013-04-23,137.22000122070312,136.8800048828125
2013-04-24,138.08999633789062,138.3699951171875
2013-04-25,140.0,141.6300048828125
2013-04-26,142.3000030517578,140.91000366210938
2013-04-29,142.1300048828125,142.3000030517578
2013-04-30,142.27000427246094,142.77000427246094
2013-05-01,140.58999633789062,141.11000061035156
2013-05-02,142.0,141.9199981689453
2013-05-03,141.6999969482422,142.08999633789062
2013-05-06,142.3300018310547,142.14999389648438
2013-05-07,140.3800048828125,140.3800048828125
2013-05-08,141.77999877929688,142.4600067138672
2013-05-09,141.3300018310547,140.80999755859375
2013-05-10,138.22000122070312,139.60000610351562
2013-05-13,138.4600067138672,138.42999267578125
2013-05-14,137.9499969482422,137.80999755859375
2013-05-15,136.58999633789062,134.6300048828125
2013-05-16,133.17999267578125,134.08999633789062
2013-05-17,133.1699981689453,131.07000732421875
2013-05-20,130.8800048828125,135.1199951171875
2013-05-21,132.1699981689453,132.8800048828125
2013-05-22,134.17999267578125,131.94000244140625
2013-05-23,134.50999450683594,134.61000061035156
2013-05-24,134.11000061035156,133.75999450683594
2013-05-28,133.67999267578125,133.49000549316406
2013-05-29,134.08999633789062,134.8300018310547
2013-05-30,136.6699981689453,136.6999969482422
2013-05-31,135.7100067138672,133.9199981689453
2013-06-03,134.77000427246094,136.50999450683594
2013-06-04,135.2100067138672,135.22999572753906
2013-06-05,135.47000122070312,135.52000427246094
2013-06-06,135.38999938964844,136.52999877929688
2013-06-07,134.11000061035156,133.27999877929688
2013-06-10,133.3000030517578,133.94000244140625
2013-06-11,132.30999755859375,133.25
2013-06-12,132.9499969482422,134.25
2013-06-13,133.30999755859375,133.74000549316406
2013-06-14,134.0,134.42999267578125
2013-06-17,133.88999938964844,133.77000427246094
2013-06-18,132.72000122070312,132.1300048828125
2013-06-19,132.5800018310547,130.58999633789062
2013-06-20,125.22000122070312,123.5999984741211
2013-06-21,125.16000366210938,125.05000305175781
2013-06-24,124.30999755859375,123.93000030517578
2013-06-25,123.6500015258789,123.47000122070312
2013-06-26,119.87999725341797,118.27999877929688
2013-06-27,119.0999984741211,115.94000244140625
2013-06-28,115.22000122070312,119.11000061035156
2013-07-01,119.94000244140625,121.12999725341797
2013-07-02,121.33999633789062,120.05000305175781
2013-07-03,120.69999694824219,120.73999786376953
2013-07-05,118.08000183105469,118.08999633789062
2013-07-08,119.08999633789062,119.51000213623047
2013-07-09,120.83999633789062,120.62000274658203
2013-07-10,121.1500015258789,120.94999694824219
2013-07-11,124.26000213623047,124.23999786376953
2013-07-12,123.5199966430664,124.12999725341797
2013-07-15,124.08000183105469,124.18000030517578
2013-07-16,124.76000213623047,124.88999938964844
2013-07-17,125.04000091552734,123.31999969482422
2013-07-18,124.11000061035156,124.01000213623047
2013-07-19,124.88999938964844,125.11000061035156
2013-07-22,127.6500015258789,128.83999633789062
2013-07-23,128.6999969482422,129.7100067138672
2013-07-24,129.1699981689453,127.4800033569336
2013-07-25,127.69999694824219,128.6699981689453
2013-07-26,128.11000061035156,128.77999877929688
2013-07-29,128.4499969482422,128.47000122070312
2013-07-30,127.94999694824219,128.1199951171875
2013-07-31,127.76000213623047,127.95999908447266
2013-08-01,127.83999633789062,126.61000061035156
2013-08-02,126.73999786376953,126.36000061035156
2013-08-05,126.51000213623047,125.69999694824219
2013-08-06,124.33000183105469,123.97000122070312
2013-08-07,124.0,124.1500015258789
2013-08-08,124.77999877929688,126.86000061035156
2013-08-09,126.51000213623047,126.86000061035156
2013-08-12,129.57000732421875,129.1300048828125
2013-08-13,128.49000549316406,127.73999786376953
2013-08-14,127.66000366210938,129.0
2013-08-15,128.05999755859375,131.69000244140625
2013-08-16,132.55999755859375,132.5800018310547
2013-08-19,132.3300018310547,132.00999450683594
2013-08-20,132.02999877929688,132.4499969482422
2013-08-21,131.74000549316406,132.07000732421875
2013-08-22,132.55999755859375,132.80999755859375
2013-08-23,132.5800018310547,134.89999389648438
2013-08-26,134.8800048828125,135.4499969482422
2013-08-27,136.94000244140625,136.75
2013-08-28,137.2100067138672,136.7100067138672
2013-08-29,136.1199951171875,135.8699951171875
2013-08-30,134.64999389648438,134.6199951171875
2013-09-03,135.4600067138672,136.4199981689453
2013-09-04,134.61000061035156,134.66000366210938
2013-09-05,134.1300048828125,132.1999969482422
2013-09-06,133.4199981689453,134.14999389648438
2013-09-09,134.1300048828125,133.91000366210938
2013-09-10,131.82000732421875,131.74000549316406
2013-09-11,131.5800018310547,131.6999969482422
2013-09-12,128.6199951171875,127.66999816894531
2013-09-13,127.16000366210938,127.81999969482422
2013-09-16,127.4800033569336,126.44999694824219
2013-09-17,126.80999755859375,126.5
2013-09-18,125.31999969482422,132.00999450683594
2013-09-19,132.0,131.75
2013-09-20,130.60000610351562,127.95999908447266
2013-09-23,127.5199966430664,127.55000305175781
2013-09-24,126.4000015258789,127.66000366210938
2013-09-25,127.56999969482422,128.7899932861328
2013-09-26,128.61000061035156,127.79000091552734
2013-09-27,128.86000061035156,128.97000122070312
2013-09-30,127.94999694824219,128.17999267578125
2013-10-01,125.25,124.58999633789062
2013-10-02,125.37000274658203,127.05999755859375
2013-10-03,126.7699966430664,127.18000030517578
2013-10-04,127.05000305175781,126.52999877929688
2013-10-07,127.25,127.63999938964844
2013-10-08,127.79000091552734,127.4000015258789
2013-10-09,126.20999908447266,126.11000061035156
2013-10-10,125.33999633789062,124.2699966430664
2013-10-11,122.37000274658203,122.5999984741211
2013-10-14,123.9000015258789,122.83000183105469
2013-10-15,122.27999877929688,123.7300033569336
2013-10-16,123.5199966430664,123.54000091552734
2013-10-17,127.01000213623047,127.41999816894531
2013-10-18,126.87000274658203,126.8499984741211
2013-10-21,127.12999725341797,126.9800033569336
2013-10-22,128.25,129.33999633789062
2013-10-23,128.5500030517578,128.69000244140625
2013-10-24,129.41000366210938,129.89999389648438
2013-10-25,129.52999877929688,130.4600067138672
2013-10-28,130.41000366210938,130.55999755859375
2013-10-29,130.16000366210938,129.77000427246094
2013-10-30,130.8300018310547,129.60000610351562
2013-10-31,128.0399932861328,127.73999786376953
2013-11-01,126.86000061035156,126.94999694824219
2013-11-04,127.18000030517578,126.80999755859375
2013-11-05,126.70999908447266,126.55999755859375
2013-11-06,127.11000061035156,127.19999694824219
2013-11-07,126.13999938964844,126.16000366210938
2013-11-08,124.45999908447266,124.27999877929688
2013-11-11,123.91999816894531,123.87000274658203
2013-11-12,123.51000213623047,122.44999694824219
2013-11-13,122.97000122070312,122.8499984741211
2013-11-14,123.91999816894531,124.2699966430664
2013-11-15,124.16000366210938,124.31999969482422
2013-11-18,123.69999694824219,122.9000015258789
2013-11-19,122.97000122070312,122.94999694824219
2013-11-20,121.66999816894531,120.12000274658203
2013-11-21,119.80999755859375,119.94000244140625
2013-11-22,120.23999786376953,119.91999816894531
2013-11-25,119.18000030517578,120.45999908447266
2013-11-26,119.83999633789062,119.81999969482422
2013-11-27,120.48999786376953,119.45999908447266
2013-11-29,120.66999816894531,120.69999694824219
2013-12-02,119.19999694824219,117.58000183105469
2013-12-03,117.58000183105469,117.95999908447266
2013-12-04,118.33000183105469,119.95999908447266
2013-12-05,118.19999694824219,118.30000305175781
2013-12-06,118.86000061035156,118.55000305175781
2013-12-09,118.98999786376953,119.72000122070312
2013-12-10,122.13999938964844,121.81999969482422
2013-12-11,121.48999786376953,120.86000061035156
2013-12-12,118.61000061035156,118.29000091552734
2013-12-13,118.88999938964844,119.37999725341797
2013-12-16,119.26000213623047,119.69000244140625
2013-12-17,118.95999908447266,118.6500015258789
2013-12-18,119.0,117.61000061035156
2013-12-19,115.97000122070312,114.81999969482422
2013-12-20,115.37000274658203,115.94000244140625
2013-12-23,115.61000061035156,115.56999969482422
2013-12-24,115.79000091552734,116.0999984741211
2013-12-26,117.2300033569336,116.73999786376953
2013-12-27,117.30999755859375,117.12000274658203
2013-12-30,116.37000274658203,115.38999938964844
2013-12-31,114.61000061035156,116.12000274658203
2014-01-02,117.93000030517578,118.0
2014-01-03,118.63999938964844,119.29000091552734
2014-01-06,119.76000213623047,119.5
2014-01-07,118.45999908447266,118.81999969482422
2014-01-08,117.98999786376953,118.12000274658203
2014-01-09,118.11000061035156,118.45999908447266
2014-01-10,119.72000122070312,120.26000213623047
2014-01-13,120.2699966430664,121.0199966430664
2014-01-14,120.54000091552734,119.88999938964844
2014-01-15,119.19000244140625,119.66000366210938
2014-01-16,119.83999633789062,119.79000091552734
2014-01-17,120.3499984741211,120.93000030517578
2014-01-21,119.2300033569336,119.69999694824219
2014-01-22,119.6500015258789,119.19000244140625
2014-01-23,120.97000122070312,121.79000091552734
2014-01-24,122.05999755859375,122.29000091552734
2014-01-27,121.6500015258789,120.95999908447266
2014-01-28,121.31999969482422,120.94999694824219
2014-01-29,122.19000244140625,122.47000122070312
2014-01-30,119.66999816894531,119.7699966430664
2014-01-31,120.6500015258789,120.08999633789062
2014-02-03,120.47000122070312,121.31999969482422
2014-02-04,120.41000366210938,120.98999786376953
2014-02-05,121.76000213623047,121.29000091552734
2014-02-06,121.37999725341797,121.23999786376953
2014-02-07,121.23999786376953,122.16999816894531
2014-02-10,122.80000305175781,122.91999816894531
2014-02-11,123.37999725341797,124.36000061035156
2014-02-12,124.4000015258789,124.43000030517578
2014-02-13,124.69999694824219,125.48999786376953
2014-02-14,126.98999786376953,127.1500015258789
2014-02-18,127.41999816894531,127.4000015258789
2014-02-19,127.26000213623047,126.2699966430664
2014-02-20,126.75,127.5999984741211
2014-02-21,127.56999969482422,127.58000183105469
2014-02-24,128.50999450683594,128.99000549316406
2014-02-25,128.6199951171875,129.2100067138672
2014-02-26,128.49000549316406,128.11000061035156
2014-02-27,128.39999389648438,128.1999969482422
2014-02-28,128.27000427246094,127.62000274658203
2014-03-03,130.0,130.2899932861328
2014-03-04,128.5399932861328,128.67999267578125
2014-03-05,128.7100067138672,128.88999938964844
2014-03-06,129.7100067138672,130.1699981689453
2014-03-07,128.25,129.08999633789062
2014-03-10,128.8800048828125,129.1300048828125
2014-03-11,130.00999450683594,129.86000061035156
2014-03-12,131.55999755859375,131.75999450683594
2014-03-13,131.69000244140625,132.2100067138672
2014-03-14,133.67999267578125,133.10000610351562
2014-03-17,132.72999572753906,131.63999938964844
2014-03-18,130.38999938964844,130.6199951171875
2014-03-19,129.5500030517578,128.08999633789062
2014-03-20,127.77999877929688,127.86000061035156
2014-03-21,129.0399932861328,128.47000122070312
2014-03-24,126.87000274658203,126.18000030517578
2014-03-25,126.44000244140625,126.41000366210938
2014-03-26,126.2699966430664,125.41000366210938
2014-03-27,125.05999755859375,124.58999633789062
2014-03-28,124.2300033569336,124.55999755859375
2014-03-31,124.5199966430664,123.61000061035156
2014-04-01,123.70999908447266,123.38999938964844
2014-04-02,124.41000366210938,124.31999969482422
2014-04-03,123.75,123.91999816894531
2014-04-04,125.19999694824219,125.56999969482422
2014-04-07,125.06999969482422,124.91000366210938
2014-04-08,126.33999633789062,126.08999633789062
2014-04-09,125.45999908447266,126.31999969482422
2014-04-10,126.94999694824219,127.01000213623047
2014-04-11,127.04000091552734,126.93000030517578
2014-04-14,127.80000305175781,127.8499984741211
2014-04-15,124.79000091552734,125.48999786376953
2014-04-16,125.37000274658203,125.54000091552734
2014-04-17,125.37999725341797,124.75
2014-04-21,124.06999969482422,124.23999786376953
2014-04-22,124.1500015258789,123.77999877929688
2014-04-23,123.69999694824219,123.76000213623047
2014-04-24,122.87000274658203,124.55999755859375
2014-04-25,125.16999816894531,125.43000030517578
2014-04-28,125.30000305175781,124.87999725341797
2014-04-29,124.94999694824219,124.86000061035156
2014-04-30,124.19000244140625,124.22000122070312
2014-05-01,123.16999816894531,123.80000305175781
2014-05-02,123.69000244140625,125.05999755859375
2014-05-05,126.47000122070312,126.22000122070312
2014-05-06,126.0199966430664,125.9800033569336
2014-05-07,125.5199966430664,124.16999816894531
2014-05-08,124.19000244140625,124.16999816894531
2014-05-09,124.38999938964844,124.0999984741211
2014-05-12,125.4000015258789,124.94000244140625
2014-05-13,124.79000091552734,124.5999984741211
2014-05-14,125.80000305175781,125.80999755859375
2014-05-15,124.7699966430664,124.7699966430664
2014-05-16,124.3499984741211,124.5
2014-05-19,125.27999877929688,124.58000183105469
2014-05-20,124.12000274658203,124.69000244140625
2014-05-21,124.25,124.38999938964844
2014-05-22,125.13999938964844,124.66999816894531
2014-05-23,124.5999984741211,124.51000213623047
2014-05-27,122.9800033569336,121.8499984741211
2014-05-28,121.47000122070312,121.19999694824219
2014-05-29,120.77999877929688,120.94000244140625
2014-05-30,120.76000213623047,120.43000030517578
2014-06-02,119.93000030517578,119.69999694824219
2014-06-03,119.7300033569336,120.01000213623047
2014-06-04,120.0999984741211,119.76000213623047
2014-06-05,120.55000305175781,120.66000366210938
2014-06-06,120.68000030517578,120.61000061035156
2014-06-09,120.79000091552734,120.6500015258789
2014-06-10,121.29000091552734,121.38999938964844
2014-06-11,121.51000213623047,121.41000366210938
2014-06-12,121.91999816894531,122.63999938964844
2014-06-13,122.56999969482422,122.95999908447266
2014-06-16,122.87999725341797,122.41999816894531
2014-06-17,121.8499984741211,122.27999877929688
2014-06-18,122.22000122070312,122.66999816894531
2014-06-19,124.33000183105469,126.94000244140625
2014-06-20,126.31999969482422,126.5
2014-06-23,126.6500015258789,126.8499984741211
2014-06-24,127.22000122070312,126.9800033569336
2014-06-25,126.77999877929688,126.98999786376953
2014-06-26,126.52999877929688,126.7300033569336
2014-06-27,126.87999725341797,126.66000366210938
2014-06-30,126.52999877929688,128.0399932861328
2014-07-01,127.98999786376953,127.69999694824219
2014-07-02,127.76000213623047,127.69999694824219
2014-07-03,126.79000091552734,127.16000366210938
2014-07-07,126.62999725341797,127.0199966430664
2014-07-08,127.29000091552734,127.06999969482422
2014-07-09,127.54000091552734,127.83999633789062
2014-07-10,129.11000061035156,128.5399932861328
2014-07-11,128.41000366210938,128.77999877929688
2014-07-14,125.5,125.72000122070312
2014-07-15,125.88999938964844,124.52999877929688
2014-07-16,125.0199966430664,124.97000122070312
2014-07-17,125.5199966430664,127.08999633789062
2014-07-18,125.79000091552734,126.12999725341797
2014-07-21,126.52999877929688,126.33999633789062
2014-07-22,126.33000183105469,125.73999786376953
2014-07-23,125.72000122070312,125.62000274658203
2014-07-24,124.8499984741211,124.3499984741211
2014-07-25,124.4800033569336,125.79000091552734
2014-07-28,125.44000244140625,125.58000183105469
2014-07-29,125.79000091552734,125.19999694824219
2014-07-30,124.88999938964844,124.83000183105469
2014-07-31,123.8499984741211,123.38999938964844
2014-08-01,124.54000091552734,124.37999725341797
2014-08-04,124.36000061035156,123.98999786376953
2014-08-05,123.73999786376953,123.87000274658203
2014-08-06,125.70999908447266,125.66999816894531
2014-08-07,125.47000122070312,126.18000030517578
2014-08-08,126.08000183105469,126.19000244140625
2014-08-11,125.83999633789062,125.95999908447266
2014-08-12,126.41999816894531,125.98999786376953
2014-08-13,126.3499984741211,126.19999694824219
2014-08-14,126.23999786376953,126.30999755859375
2014-08-15,124.5199966430664,125.4800033569336
2014-08-18,124.77999877929688,124.95999908447266
2014-08-19,125.0,124.68000030517578
2014-08-20,124.81999969482422,124.22000122070312
2014-08-21,122.72000122070312,122.87999725341797
2014-08-22,123.08999633789062,123.19000244140625
2014-08-25,122.91999816894531,122.73999786376953
2014-08-26,123.91999816894531,123.3499984741211
2014-08-27,123.5999984741211,123.31999969482422
2014-08-28,124.1500015258789,124.0
2014-08-29,123.75,123.86000061035156
2014-09-02,121.97000122070312,121.6500015258789
2014-09-03,121.69999694824219,122.1500015258789
2014-09-04,122.4800033569336,121.4800033569336
2014-09-05,121.83000183105469,122.05999755859375
2014-09-08,121.58000183105469,120.7300033569336
2014-09-09,120.56999969482422,120.87000274658203
2014-09-10,120.12999725341797,120.26000213623047
2014-09-11,119.61000061035156,119.47000122070312
2014-09-12,118.62999725341797,118.37999725341797
2014-09-15,118.79000091552734,118.63999938964844
2014-09-16,118.8499984741211,118.83000183105469
2014-09-17,118.94999694824219,117.54000091552734
2014-09-18,117.41000366210938,117.77999877929688
2014-09-19,117.51000213623047,117.08999633789062
2014-09-22,116.72000122070312,116.8499984741211
2014-09-23,117.98999786376953,117.5999984741211
2014-09-24,117.12000274658203,117.05000305175781
2014-09-25,116.30000305175781,117.38999938964844
2014-09-26,117.0199966430664,117.05999755859375
2014-09-29,117.2699966430664,117.02999877929688
2014-09-30,116.54000091552734,116.20999908447266
2014-10-01,116.61000061035156,116.7699966430664
2014-10-02,116.86000061035156,116.73999786376953
2014-10-03,115.16999816894531,114.61000061035156
2014-10-06,115.16000366210938,116.02999877929688
2014-10-07,116.30999755859375,116.36000061035156
2014-10-08,117.02999877929688,117.47000122070312
2014-10-09,117.86000061035156,117.63999938964844
2014-10-10,117.69999694824219,117.58999633789062
2014-10-13,118.13999938964844,118.5199966430664
2014-10-14,118.58000183105469,118.58999633789062
2014-10-15,119.2300033569336,118.98999786376953
2014-10-16,119.0199966430664,119.22000122070312
2014-10-17,119.05999755859375,118.98999786376953
2014-10-20,119.68000030517578,119.80000305175781
2014-10-21,120.2699966430664,120.0199966430664
2014-10-22,119.69000244140625,119.33999633789062
2014-10-23,118.70999908447266,118.5199966430664
2014-10-24,118.62000274658203,118.3499984741211
2014-10-27,118.18000030517578,118.05999755859375
2014-10-28,118.4800033569336,118.0999984741211
2014-10-29,117.6500015258789,116.41000366210938
2014-10-30,115.80000305175781,115.19000244140625
2014-10-31,111.83000183105469,112.66000366210938
2014-11-03,112.38999938964844,112.1500015258789
2014-11-04,112.12000274658203,112.22000122070312
2014-11-05,109.91999816894531,109.79000091552734
2014-11-06,109.91999816894531,109.87999725341797
2014-11-07,110.77999877929688,112.97000122070312
2014-11-10,112.23999786376953,110.45999908447266
2014-11-11,111.08000183105469,112.04000091552734
2014-11-12,112.05000305175781,111.5
2014-11-13,111.88999938964844,111.66999816894531
2014-11-14,110.76000213623047,114.47000122070312
2014-11-17,113.97000122070312,114.05000305175781
2014-11-18,114.86000061035156,115.05000305175781
2014-11-19,114.93000030517578,113.68000030517578
2014-11-20,114.56999969482422,114.86000061035156
2014-11-21,115.58000183105469,115.38999938964844
2014-11-24,115.1500015258789,115.11000061035156
2014-11-25,115.0999984741211,115.37999725341797
2014-11-26,115.25,115.16000366210938
2014-11-28,113.52999877929688,112.11000061035156
2014-12-01,113.80000305175781,116.58000183105469
2014-12-02,115.12999725341797,115.13999938964844
2014-12-03,115.68000030517578,116.33000183105469
2014-12-04,116.01000213623047,115.87999725341797
2014-12-05,115.16000366210938,114.43000030517578
2014-12-08,114.97000122070312,115.77999877929688
2014-12-09,117.04000091552734,118.19000244140625
2014-12-10,118.1500015258789,117.95999908447266
2014-12-11,116.9800033569336,117.69000244140625
2014-12-12,117.38999938964844,117.41000366210938
2014-12-15,116.22000122070312,114.38999938964844
2014-12-16,116.27999877929688,114.94999694824219
2014-12-17,115.0999984741211,114.2699966430664
2014-12-18,115.58999633789062,115.1500015258789
2014-12-19,115.05999755859375,114.7699966430664
2014-12-22,114.80999755859375,112.55000305175781
2014-12-23,112.87999725341797,112.73999786376953
2014-12-24,112.83000183105469,112.7699966430664
2014-12-26,114.81999969482422,114.83000183105469
2014-12-29,114.61000061035156,113.66999816894531
2014-12-30,114.98999786376953,115.19999694824219
2014-12-31,114.88999938964844,113.58000183105469
2015-01-02,112.48999786376953,114.08000183105469
2015-01-05,114.77999877929688,115.80000305175781
2015-01-06,116.22000122070312,117.12000274658203
2015-01-07,116.47000122070312,116.43000030517578
2015-01-08,116.44999694824219,115.94000244140625
2015-01-09,116.51000213623047,117.26000213623047
2015-01-12,117.45999908447266,118.55999755859375
2015-01-13,118.95999908447266,118.16000366210938
2015-01-14,119.08000183105469,117.97000122070312
2015-01-15,120.41000366210938,120.94000244140625
2015-01-16,121.7300033569336,122.5199966430664
2015-01-20,123.62999725341797,124.19999694824219
2015-01-21,125.18000030517578,124.2300033569336
2015-01-22,125.06999969482422,125.2300033569336
2015-01-23,124.43000030517578,124.2300033569336
2015-01-26,123.33000183105469,122.98999786376953
2015-01-27,123.55999755859375,124.4000015258789
2015-01-28,123.5199966430664,123.41999816894531
2015-01-29,121.98999786376953,120.76000213623047
2015-01-30,121.30000305175781,123.44999694824219
2015-02-02,121.83999633789062,122.41999816894531
2015-02-03,121.73999786376953,121.05000305175781
2015-02-04,121.62999725341797,121.58000183105469
2015-02-05,120.9800033569336,121.79000091552734
2015-02-06,119.1500015258789,118.63999938964844
2015-02-09,118.83000183105469,119.16999816894531
2015-02-10,118.62999725341797,118.47000122070312
2015-02-11,118.48999786376953,117.06999969482422
2015-02-12,117.68000030517578,117.33999633789062
2015-02-13,118.05000305175781,117.9800033569336
2015-02-17,116.4000015258789,116.01000213623047
2015-02-18,115.98999786376953,116.33999633789062
2015-02-19,116.4000015258789,115.94000244140625
2015-02-20,116.0999984741211,115.27999877929688
2015-02-23,115.11000061035156,115.43000030517578
2015-02-24,115.0,115.26000213623047
2015-02-25,115.83000183105469,115.69999694824219
2015-02-26,116.54000091552734,116.06999969482422
2015-02-27,116.73999786376953,116.16000366210938
2015-03-02,116.5,115.68000030517578
2015-03-03,116.04000091552734,115.47000122070312
2015-03-04,115.69999694824219,115.11000061035156
2015-03-05,115.43000030517578,115.0
2015-03-06,113.16999816894531,111.86000061035156
2015-03-09,112.41999816894531,111.97000122070312
2015-03-10,112.08999633789062,111.41999816894531
2015-03-11,111.2300033569336,110.75
2015-03-12,111.1500015258789,110.72000122070312
2015-03-13,111.0999984741211,110.87999725341797
2015-03-16,111.08999633789062,110.80999755859375
2015-03-17,109.91999816894531,110.20999908447266
2015-03-18,110.33000183105469,112.37000274658203
2015-03-19,111.8499984741211,112.29000091552734
2015-03-20,112.70999908447266,113.56999969482422
2015-03-23,113.69999694824219,114.29000091552734
2015-03-24,114.3499984741211,114.56999969482422
2015-03-25,115.11000061035156,114.7300033569336
2015-03-26,115.7300033569336,115.4800033569336
2015-03-27,115.13999938964844,115.05999755859375
2015-03-30,113.9000015258789,113.75
2015-03-31,113.83999633789062,113.66000366210938
2015-04-01,114.55999755859375,115.5999984741211
2015-04-02,115.47000122070312,115.27999877929688
2015-04-06,117.31999969482422,116.69000244140625
2015-04-07,116.2699966430664,116.11000061035156
2015-04-08,115.9800033569336,115.47000122070312
2015-04-09,114.80000305175781,114.66999816894531
2015-04-10,116.0,115.97000122070312
2015-04-13,115.3499984741211,115.13999938964844
2015-04-14,114.69000244140625,114.44000244140625
2015-04-15,114.80000305175781,115.43000030517578
2015-04-16,115.55000305175781,115.02999877929688
2015-04-17,115.37999725341797,115.5999984741211
2015-04-20,114.81999969482422,114.72000122070312
2015-04-21,114.72000122070312,115.37999725341797
2015-04-22,114.83000183105469,113.83000183105469
2015-04-23,113.9000015258789,114.66000366210938
2015-04-24,113.95999908447266,113.05000305175781
2015-04-27,113.87000274658203,115.33000183105469
2015-04-28,115.36000061035156,116.33000183105469
2015-04-29,116.05999755859375,115.51000213623047
2015-04-30,113.87999725341797,113.47000122070312
2015-05-01,112.41999816894531,113.08000183105469
2015-05-04,114.18000030517578,114.0999984741211
2015-05-05,114.88999938964844,114.41999816894531
2015-05-06,114.58999633789062,114.36000061035156
2015-05-07,113.83999633789062,113.41999816894531
2015-05-08,114.33999633789062,113.97000122070312
2015-05-11,114.08999633789062,113.52999877929688
2015-05-12,114.0999984741211,114.5
2015-05-13,115.73999786376953,116.55000305175781
2015-05-14,117.27999877929688,117.18000030517578
2015-05-15,116.80000305175781,117.52999877929688
2015-05-18,117.77999877929688,117.5199966430664
2015-05-19,116.55000305175781,115.88999938964844
2015-05-20,116.02999877929688,116.08000183105469
2015-05-21,115.52999877929688,115.69000244140625
2015-05-22,115.51000213623047,115.5999984741211
2015-05-26,113.83999633789062,113.91000366210938
2015-05-27,113.77999877929688,113.88999938964844
2015-05-28,113.8499984741211,114.0199966430664
2015-05-29,114.13999938964844,114.0999984741211
2015-06-01,115.0199966430664,114.0
2015-06-02,114.36000061035156,114.45999908447266
2015-06-03,114.12999725341797,113.63999938964844
2015-06-04,112.9800033569336,112.83999633789062
2015-06-05,111.5999984741211,112.23999786376953
2015-06-08,112.38999938964844,112.56999969482422
2015-06-09,113.1500015258789,112.81999969482422
2015-06-10,114.13999938964844,113.77999877929688
2015-06-11,113.2699966430664,113.26000213623047
2015-06-12,113.05999755859375,113.2300033569336
2015-06-15,113.27999877929688,113.7300033569336
2015-06-16,113.08000183105469,113.31999969482422
2015-06-17,113.06999969482422,113.8499984741211
2015-06-18,115.19000244140625,115.31999969482422
2015-06-19,115.33999633789062,115.12000274658203
2015-06-22,113.79000091552734,113.63999938964844
2015-06-23,112.95999908447266,112.88999938964844
2015-06-24,112.4800033569336,112.58999633789062
2015-06-25,112.43000030517578,112.44000244140625
2015-06-26,112.19999694824219,112.55999755859375
2015-06-29,112.80999755859375,113.06999969482422
2015-06-30,112.23999786376953,112.37000274658203
2015-07-01,112.12000274658203,111.9800033569336
2015-07-02,111.66000366210938,111.76000213623047
2015-07-06,111.70999908447266,112.05999755859375
2015-07-07,111.08000183105469,110.76000213623047
2015-07-08,111.37999725341797,111.08999633789062
2015-07-09,111.80000305175781,111.36000061035156
2015-07-10,111.18000030517578,111.48999786376953
2015-07-13,110.43000030517578,110.98999786376953
2015-07-14,111.0,110.73999786376953
2015-07-15,110.0,110.16000366210938
2015-07-16,109.66999816894531,109.76000213623047
2015-07-17,109.11000061035156,108.6500015258789
2015-07-20,106.5999984741211,105.69999694824219
2015-07-21,105.80999755859375,105.37000274658203
2015-07-22,104.38999938964844,104.80000305175781
2015-07-23,104.9800033569336,104.33000183105469
2015-07-24,103.61000061035156,105.3499984741211
2015-07-27,104.94000244140625,104.86000061035156
2015-07-28,105.08999633789062,105.0199966430664
2015-07-29,104.93000030517578,105.16999816894531
2015-07-30,104.02999877929688,104.2699966430664
2015-07-31,105.41000366210938,104.93000030517578
2015-08-03,104.58999633789062,104.0999984741211
2015-08-04,104.55999755859375,104.30999755859375
2015-08-05,104.41999816894531,103.93000030517578
2015-08-06,104.1500015258789,104.38999938964844
2015-08-07,104.55999755859375,104.6500015258789
2015-08-10,105.02999877929688,105.72000122070312
2015-08-11,106.48999786376953,106.26000213623047
2015-08-12,106.98999786376953,107.75
2015-08-13,106.94999694824219,106.86000061035156
2015-08-14,107.06999969482422,106.8499984741211
2015-08-17,107.37000274658203,107.12999725341797
2015-08-18,106.66999816894531,107.11000061035156
2015-08-19,107.62999725341797,108.55000305175781
2015-08-20,109.80999755859375,110.44000244140625
2015-08-21,110.93000030517578,111.12999725341797
2015-08-24,111.54000091552734,110.52999877929688
2015-08-25,110.01000213623047,109.16000366210938
2015-08-26,107.72000122070312,107.66999816894531
2015-08-27,107.33000183105469,107.7300033569336
2015-08-28,108.16999816894531,108.69999694824219
2015-08-31,108.19000244140625,108.81999969482422
2015-09-01,109.62999725341797,109.19999694824219
2015-09-02,109.01000213623047,108.62000274658203
2015-09-03,107.7699966430664,107.83999633789062
2015-09-04,107.13999938964844,107.48999786376953
2015-09-08,107.5999984741211,107.5199966430664
2015-09-09,106.63999938964844,106.12999725341797
2015-09-10,106.61000061035156,106.37999725341797
2015-09-11,105.6500015258789,106.16000366210938
2015-09-14,105.86000061035156,106.22000122070312
2015-09-15,105.83000183105469,105.9000015258789
2015-09-16,106.5999984741211,107.30999755859375
2015-09-17,107.06999969482422,108.41000366210938
2015-09-18,109.0999984741211,109.20999908447266
2015-09-21,108.48999786376953,108.52999877929688
2015-09-22,107.58000183105469,107.79000091552734
2015-09-23,108.54000091552734,108.22000122070312
2015-09-24,109.66999816894531,110.48999786376953
2015-09-25,109.87000274658203,109.80999755859375
2015-09-28,108.37000274658203,108.41999816894531
2015-09-29,108.23999786376953,107.9800033569336
2015-09-30,106.77999877929688,106.86000061035156
2015-10-01,106.9800033569336,106.7300033569336
2015-10-02,108.54000091552734,108.98999786376953
2015-10-05,109.13999938964844,108.7699966430664
2015-10-06,109.80000305175781,109.86000061035156
2015-10-07,109.75,109.69999694824219
2015-10-08,109.16000366210938,109.13999938964844
2015-10-09,110.54000091552734,110.87000274658203
2015-10-12,111.66999816894531,111.30999755859375
2015-10-13,111.36000061035156,111.86000061035156
2015-10-14,112.62999725341797,113.80999755859375
2015-10-15,113.19999694824219,113.29000091552734
2015-10-16,113.23999786376953,112.48999786376953
2015-10-19,112.63999938964844,112.0199966430664
2015-10-20,112.37999725341797,112.7300033569336
2015-10-21,112.37000274658203,111.7300033569336
2015-10-22,111.5199966430664,111.69000244140625
2015-10-23,111.80999755859375,111.5
2015-10-26,111.7300033569336,111.43000030517578
2015-10-27,111.30999755859375,111.68000030517578
2015-10-28,112.68000030517578,110.77999877929688
2015-10-29,110.2300033569336,109.72000122070312
2015-10-30,109.5,109.30000305175781
2015-11-02,108.63999938964844,108.58999633789062
2015-11-03,107.79000091552734,106.9800033569336
2015-11-04,107.0199966430664,105.97000122070312
2015-11-05,106.01000213623047,105.63999938964844
2015-11-06,104.16999816894531,104.0999984741211
2015-11-09,104.29000091552734,104.4000015258789
2015-11-10,104.08999633789062,104.18000030517578
2015-11-11,104.08999633789062,103.83000183105469
2015-11-12,103.08999633789062,103.8499984741211
2015-11-13,103.54000091552734,103.55999755859375
2015-11-16,103.9800033569336,103.70999908447266
2015-11-17,103.37999725341797,102.33999633789062
2015-11-18,102.38999938964844,102.43000030517578
2015-11-19,103.06999969482422,103.55999755859375
2015-11-20,103.58000183105469,103.08999633789062
2015-11-23,102.4800033569336,102.26000213623047
2015-11-24,103.12000274658203,102.94000244140625
2015-11-25,102.47000122070312,102.45999908447266
2015-11-27,101.01000213623047,101.25
2015-11-30,101.52999877929688,101.91999816894531
2015-12-01,102.30000305175781,102.27999877929688
2015-12-02,101.3499984741211,100.69000244140625
2015-12-03,101.2300033569336,101.76000213623047
2015-12-04,102.73999786376953,104.0199966430664
2015-12-07,103.31999969482422,102.66999816894531
2015-12-08,103.12999725341797,102.83999633789062
2015-12-09,103.62999725341797,102.63999938964844
2015-12-10,102.51000213623047,102.55000305175781
2015-12-11,101.91000366210938,103.11000061035156
2015-12-14,102.58000183105469,101.79000091552734
2015-12-15,101.70999908447266,101.5199966430664
2015-12-16,102.58999633789062,102.75
2015-12-17,100.91999816894531,100.5
2015-12-18,101.3499984741211,102.04000091552734
2015-12-21,102.94999694824219,103.1500015258789
2015-12-22,103.08999633789062,102.61000061035156
2015-12-23,102.4000015258789,102.30999755859375
2015-12-24,102.81999969482422,103.05000305175781
2015-12-28,102.4800033569336,102.2699966430664
2015-12-29,102.5199966430664,102.19999694824219
2015-12-30,101.47000122070312,101.41999816894531
2015-12-31,101.4800033569336,101.45999908447266
2016-01-04,103.12999725341797,102.88999938964844
2016-01-05,103.12999725341797,103.18000030517578
2016-01-06,104.37000274658203,104.66999816894531
2016-01-07,105.83000183105469,106.1500015258789
2016-01-08,105.4800033569336,105.68000030517578
2016-01-11,105.47000122070312,104.73999786376953
2016-01-12,104.08999633789062,104.20999908447266
2016-01-13,103.88999938964844,104.72000122070312
2016-01-14,103.75,103.0199966430664
2016-01-15,104.91999816894531,104.08000183105469
2016-01-19,104.05999755859375,103.9800033569336
2016-01-20,105.16999816894531,105.37000274658203
2016-01-21,104.98999786376953,105.48999786376953
2016-01-22,104.93000030517578,105.0
2016-01-25,105.76000213623047,106.08000183105469
2016-01-26,106.31999969482422,107.29000091552734
2016-01-27,106.86000061035156,107.69000244140625
2016-01-28,106.55000305175781,106.54000091552734
2016-01-29,106.61000061035156,106.94999694824219
2016-02-01,107.54000091552734,108.05000305175781
2016-02-02,107.91999816894531,108.08999633789062
2016-02-03,107.91000366210938,109.25
2016-02-04,110.44999694824219,110.56999969482422
2016-02-05,109.79000091552734,112.31999969482422
2016-02-08,113.66999816894531,113.83000183105469
2016-02-09,114.43000030517578,113.58000183105469
2016-02-10,113.91999816894531,114.45999908447266
2016-02-11,118.58999633789062,119.05999755859375
2016-02-12,118.12000274658203,118.36000061035156
2016-02-16,116.0,114.7699966430664
2016-02-17,115.47000122070312,115.4800033569336
2016-02-18,115.30000305175781,118.29000091552734
2016-02-19,117.26000213623047,117.58000183105469
2016-02-22,115.44000244140625,115.48999786376953
2016-02-23,116.68000030517578,117.22000122070312
2016-02-24,119.0,117.61000061035156
2016-02-25,117.62000274658203,117.91999816894531
2016-02-26,117.43000030517578,117.11000061035156
2016-02-29,117.58999633789062,118.63999938964844
2016-03-01,118.73999786376953,117.7699966430664
2016-03-02,118.33999633789062,118.68000030517578
2016-03-03,118.86000061035156,120.7300033569336
2016-03-04,121.12999725341797,120.54000091552734
2016-03-07,121.18000030517578,121.13999938964844
2016-03-08,121.79000091552734,120.58000183105469
2016-03-09,119.19999694824219,119.58000183105469
2016-03-10,120.5,121.5
2016-03-11,121.19000244140625,119.41000366210938
2016-03-14,120.2699966430664,117.87000274658203
2016-03-15,117.77999877929688,117.95999908447266
2016-03-16,117.41999816894531,120.58999633789062
2016-03-17,121.16000366210938,120.12999725341797
2016-03-18,119.58999633789062,119.80000305175781
2016-03-21,119.0,118.95999908447266
2016-03-22,119.7300033569336,119.30999755859375
2016-03-23,116.73999786376953,116.61000061035156
2016-03-24,116.7699966430664,116.33000183105469
2016-03-28,116.7300033569336,116.5999984741211
2016-03-29,117.36000061035156,118.76000213623047
2016-03-30,117.87999725341797,117.0999984741211
2016-03-31,118.16000366210938,117.63999938964844
2016-04-01,116.08000183105469,116.93000030517578
2016-04-04,116.66999816894531,116.1500015258789
2016-04-05,117.76000213623047,117.66000366210938
2016-04-06,116.69999694824219,116.94000244140625
2016-04-07,118.6500015258789,118.61000061035156
2016-04-08,118.06999969482422,118.43000030517578
2016-04-11,119.47000122070312,120.02999877929688
2016-04-12,120.2300033569336,120.05000305175781
2016-04-13,119.37000274658203,118.7699966430664
2016-04-14,118.08999633789062,117.11000061035156
2016-04-15,117.33000183105469,117.91999816894531
2016-04-18,118.52999877929688,117.73999786376953
2016-04-19,119.87000274658203,119.58000183105469
2016-04-20,119.66999816894531,118.97000122070312
2016-04-21,120.41999816894531,119.41999816894531
2016-04-22,118.70999908447266,117.88999938964844
2016-04-25,118.13999938964844,118.2300033569336
2016-04-26,118.79000091552734,118.69999694824219
2016-04-27,118.97000122070312,119.04000091552734
2016-04-28,119.91999816894531,121.29000091552734
2016-04-29,122.43000030517578,123.6500015258789
2016-05-02,123.77999877929688,123.23999786376953
2016-05-03,123.7300033569336,122.95999908447266
2016-05-04,122.8499984741211,122.20999908447266
2016-05-05,122.62999725341797,122.06999969482422
2016-05-06,122.83000183105469,123.18000030517578
2016-05-09,121.19999694824219,120.6500015258789
2016-05-10,120.73999786376953,120.9800033569336
2016-05-11,121.8499984741211,122.12000274658203
2016-05-12,122.0199966430664,121.16000366210938
2016-05-13,121.08999633789062,121.70999908447266
2016-05-16,122.93000030517578,121.80000305175781
2016-05-17,121.58000183105469,122.22000122070312
2016-05-18,121.22000122070312,120.0999984741211
2016-05-19,119.0,119.87000274658203
2016-05-20,120.19000244140625,119.70999908447266
2016-05-23,118.86000061035156,119.37000274658203
2016-05-24,118.16999816894531,117.30000305175781
2016-05-25,116.58999633789062,116.9800033569336
2016-05-26,117.56999969482422,116.58000183105469
2016-05-27,116.2699966430664,115.62000274658203
2016-05-31,115.76000213623047,116.05999755859375
2016-06-01,115.97000122070312,115.94000244140625
2016-06-02,115.77999877929688,115.66999816894531
2016-06-03,118.25,118.87999725341797
2016-06-06,118.88999938964844,118.91999816894531
2016-06-07,118.5,118.81999969482422
2016-06-08,120.30000305175781,120.58000183105469
2016-06-09,120.61000061035156,121.25
2016-06-10,121.55000305175781,121.73999786376953
2016-06-13,122.80000305175781,122.63999938964844
2016-06-14,123.0,122.7699966430664
2016-06-15,122.5199966430664,123.68000030517578
2016-06-16,125.16999816894531,122.37999725341797
2016-06-17,123.26000213623047,123.94999694824219
2016-06-20,122.26000213623047,123.20999908447266
2016-06-21,121.6500015258789,120.83999633789062
2016-06-22,120.83000183105469,120.9000015258789
2016-06-23,120.48999786376953,120.11000061035156
2016-06-24,126.62000274658203,126.0
2016-06-27,126.44000244140625,126.68000030517578
2016-06-28,125.55999755859375,125.31999969482422
2016-06-29,125.91000366210938,125.83999633789062
2016-06-30,125.94999694824219,126.47000122070312
2016-07-01,127.66000366210938,128.41000366210938
2016-07-05,128.8000030517578,129.47000122070312
2016-07-06,130.5,130.22999572753906
2016-07-07,129.82000732421875,129.74000549316406
2016-07-08,129.85000610351562,130.52000427246094
2016-07-11,129.49000549316406,129.2899932861328
2016-07-12,128.52000427246094,127.1500015258789
2016-07-13,128.0,128.32000732421875
2016-07-14,126.30999755859375,127.33000183105469
2016-07-15,126.37999725341797,126.83999633789062
2016-07-18,127.0199966430664,127.04000091552734
2016-07-19,126.94999694824219,127.20999908447266
2016-07-20,125.5,125.38999938964844
2016-07-21,125.66000366210938,127.30000305175781
2016-07-22,126.43000030517578,126.3499984741211
2016-07-25,125.52999877929688,125.47000122070312
2016-07-26,126.08999633789062,126.0
2016-07-27,126.79000091552734,128.02999877929688
2016-07-28,128.08999633789062,127.66000366210938
2016-07-29,128.4199981689453,128.97999572753906
2016-08-01,128.57000732421875,129.22000122070312
2016-08-02,130.0399932861328,130.27000427246094
2016-08-03,129.9499969482422,129.64999389648438
2016-08-04,130.00999450683594,129.8699951171875
2016-08-05,128.4600067138672,127.55000305175781
2016-08-08,127.29000091552734,127.44000244140625
2016-08-09,127.94000244140625,127.95999908447266
2016-08-10,129.1199951171875,128.55999755859375
2016-08-11,128.61000061035156,127.66999816894531
2016-08-12,127.66999816894531,127.4000015258789
2016-08-15,127.62000274658203,127.83999633789062
2016-08-16,128.1199951171875,128.47000122070312
2016-08-17,128.1699981689453,128.5
2016-08-18,128.88999938964844,129.11000061035156
2016-08-19,128.0800018310547,127.97000122070312
2016-08-22,127.62999725341797,127.77999877929688
2016-08-23,128.13999938964844,127.76000213623047
2016-08-24,126.91999816894531,126.33999633789062
2016-08-25,125.9800033569336,126.2300033569336
2016-08-26,126.87999725341797,126.05000305175781
2016-08-29,126.0,126.30000305175781
2016-08-30,125.7300033569336,125.02999877929688
2016-08-31,124.7300033569336,124.77999877929688
2016-09-01,124.66999816894531,125.29000091552734
2016-09-02,126.29000091552734,126.56999969482422
2016-09-06,127.4000015258789,128.7100067138672
2016-09-07,128.7899932861328,128.27000427246094
2016-09-08,128.16000366210938,127.58999633789062
2016-09-09,127.23999786376953,126.75
2016-09-12,126.30999755859375,126.58999633789062
2016-09-13,126.47000122070312,125.75
2016-09-14,126.0999984741211,126.18000030517578
2016-09-15,125.7300033569336,125.37000274658203
2016-09-16,124.80999755859375,125.05999755859375
2016-09-19,125.61000061035156,125.31999969482422
2016-09-20,125.30999755859375,125.44000244140625
2016-09-21,126.33000183105469,127.2699966430664
2016-09-22,127.56999969482422,127.56999969482422
2016-09-23,127.5999984741211,127.6500015258789
2016-09-26,127.95999908447266,127.55000305175781
2016-09-27,126.86000061035156,126.62000274658203
2016-09-28,126.25,126.22000122070312
2016-09-29,125.83999633789062,126.06999969482422
2016-09-30,126.5199966430664,125.63999938964844
2016-10-03,125.31999969482422,125.31999969482422
2016-10-04,123.16000366210938,120.97000122070312
2016-10-05,121.33000183105469,120.77999877929688
2016-10-06,119.69000244140625,119.66000366210938
2016-10-07,120.48999786376953,119.73999786376953
2016-10-10,119.73999786376953,120.16000366210938
2016-10-11,119.91999816894531,119.55000305175781
2016-10-12,119.72000122070312,119.73999786376953
2016-10-13,120.0,120.02999877929688
2016-10-14,119.37000274658203,119.36000061035156
2016-10-17,119.69999694824219,119.68000030517578
2016-10-18,120.08000183105469,120.41999816894531
2016-10-19,121.12999725341797,121.11000061035156
2016-10-20,121.38999938964844,120.73999786376953
2016-10-21,120.9000015258789,120.83000183105469
2016-10-24,121.27999877929688,120.55999755859375
2016-10-25,120.88999938964844,121.47000122070312
2016-10-26,121.37000274658203,120.79000091552734
2016-10-27,121.11000061035156,121.01000213623047
2016-10-28,121.19999694824219,121.58000183105469
2016-10-31,121.51000213623047,121.94000244140625
2016-11-01,122.80000305175781,122.7300033569336
2016-11-02,123.76000213623047,123.63999938964844
2016-11-03,123.36000061035156,124.30000305175781
2016-11-04,124.4000015258789,124.38999938964844
2016-11-07,122.66000366210938,122.1500015258789
2016-11-08,122.12000274658203,121.63999938964844
2016-11-09,124.30000305175781,121.55999755859375
2016-11-10,121.5199966430664,119.75
2016-11-11,119.6500015258789,117.0999984741211
2016-11-14,116.12000274658203,116.11000061035156
2016-11-15,116.45999908447266,117.12000274658203
2016-11-16,117.2699966430664,116.7699966430664
2016-11-17,116.91000366210938,116.16999816894531
2016-11-18,115.5199966430664,115.1500015258789
2016-11-21,115.72000122070312,115.58000183105469
2016-11-22,115.72000122070312,115.54000091552734
2016-11-23,113.87000274658203,113.25
2016-11-25,113.41999816894531,112.61000061035156
2016-11-28,113.2300033569336,113.80000305175781
2016-11-29,112.76000213623047,113.2699966430664
2016-11-30,112.69000244140625,111.75
2016-12-01,111.11000061035156,111.54000091552734
2016-12-02,111.88999938964844,112.13999938964844
2016-12-05,111.1500015258789,111.54000091552734
2016-12-06,111.69000244140625,111.43000030517578
2016-12-07,112.12999725341797,111.83000183105469
2016-12-08,111.72000122070312,111.56999969482422
2016-12-09,111.18000030517578,110.4000015258789
2016-12-12,110.58999633789062,110.81999969482422
2016-12-13,110.56999969482422,110.44999694824219
2016-12-14,110.94999694824219,108.83000183105469
2016-12-15,107.8499984741211,107.33999633789062
2016-12-16,107.94999694824219,108.05000305175781
2016-12-19,108.5999984741211,108.58999633789062
2016-12-20,107.47000122070312,107.79000091552734
2016-12-21,108.25,107.8499984741211
2016-12-22,107.68000030517578,107.58999633789062
2016-12-23,107.83999633789062,107.93000030517578
2016-12-27,108.61000061035156,108.55999755859375
2016-12-28,108.4000015258789,108.86000061035156
2016-12-29,109.2300033569336,110.29000091552734
2016-12-30,110.37999725341797,109.61000061035156
2017-01-03,109.62000274658203,110.47000122070312
2017-01-04,111.05999755859375,110.86000061035156
2017-01-05,112.16000366210938,112.58000183105469
2017-01-06,111.80999755859375,111.75
2017-01-09,112.38999938964844,112.66999816894531
2017-01-10,112.94000244140625,113.1500015258789
2017-01-11,112.87000274658203,113.5
2017-01-12,114.5199966430664,113.91000366210938
2017-01-13,113.6500015258789,114.20999908447266
2017-01-17,115.88999938964844,115.8499984741211
2017-01-18,115.73999786376953,114.87000274658203
2017-01-19,114.31999969482422,114.7699966430664
2017-01-20,114.6500015258789,115.05000305175781
2017-01-23,115.51000213623047,115.79000091552734
2017-01-24,115.69000244140625,115.2699966430664
2017-01-25,114.13999938964844,114.31999969482422
2017-01-26,113.23999786376953,113.26000213623047
2017-01-27,112.93000030517578,113.48999786376953
2017-01-30,113.61000061035156,113.97000122070312
2017-01-31,115.2699966430664,115.55000305175781
2017-02-01,114.66000366210938,115.19999694824219
2017-02-02,116.26000213623047,115.83999633789062
2017-02-03,115.7300033569336,116.12999725341797
2017-02-06,117.06999969482422,117.69999694824219
2017-02-07,117.30999755859375,117.45999908447266
2017-02-08,118.08999633789062,118.19000244140625
2017-02-09,118.19000244140625,117.29000091552734
2017-02-10,116.68000030517578,117.5999984741211
2017-02-13,116.7300033569336,116.80000305175781
2017-02-14,117.51000213623047,116.93000030517578
2017-02-15,116.33000183105469,117.44999694824219
2017-02-16,117.93000030517578,118.08000183105469
2017-02-17,118.19000244140625,117.68000030517578
2017-02-21,117.04000091552734,117.75
2017-02-22,117.86000061035156,117.91000366210938
2017-02-23,118.76000213623047,118.94000244140625
2017-02-24,119.73999786376953,119.69999694824219
2017-02-27,119.7300033569336,119.12000274658203
2017-02-28,119.70999908447266,119.2300033569336
2017-03-01,117.9800033569336,119.05999755859375
2017-03-02,117.76000213623047,117.58000183105469
2017-03-03,116.94999694824219,117.51000213623047
2017-03-06,117.3499984741211,116.72000122070312
2017-03-07,116.12999725341797,115.77999877929688
2017-03-08,114.98999786376953,115.05999755859375
2017-03-09,114.77999877929688,114.47000122070312
2017-03-10,114.44999694824219,114.72000122070312
2017-03-13,114.62999725341797,114.73999786376953
2017-03-14,114.54000091552734,114.12000274658203
2017-03-15,114.29000091552734,116.25
2017-03-16,117.2699966430664,116.7300033569336
2017-03-17,117.04000091552734,116.98999786376953
2017-03-20,117.30999755859375,117.51000213623047
2017-03-21,117.7699966430664,118.54000091552734
2017-03-22,118.87000274658203,118.83000183105469
2017-03-23,119.1500015258789,118.66999816894531
2017-03-24,118.5,118.86000061035156
2017-03-27,119.93000030517578,119.52999877929688
2017-03-28,119.73999786376953,119.04000091552734
2017-03-29,119.22000122070312,119.33000183105469
2017-03-30,118.7699966430664,118.47000122070312
2017-03-31,118.61000061035156,118.72000122070312
2017-04-03,118.69000244140625,119.3499984741211
2017-04-04,119.58999633789062,119.62000274658203
2017-04-05,118.62000274658203,119.62000274658203
2017-04-06,119.22000122070312,119.18000030517578
2017-04-07,120.30000305175781,119.45999908447266
2017-04-10,119.04000091552734,119.45999908447266
2017-04-11,120.33000183105469,121.19000244140625
2017-04-12,121.37999725341797,122.0199966430664
2017-04-13,122.54000091552734,122.5999984741211
2017-04-17,122.55000305175781,122.23999786376953
2017-04-18,122.43000030517578,122.81999969482422
2017-04-19,122.25,121.7300033569336
2017-04-20,121.81999969482422,121.95999908447266
2017-04-21,122.13999938964844,122.30999755859375
2017-04-24,120.7699966430664,121.4800033569336
2017-04-25,120.52999877929688,120.25
2017-04-26,120.20999908447266,120.83999633789062
2017-04-27,120.41999816894531,120.38999938964844
2017-04-28,120.33999633789062,120.7699966430664
2017-05-01,120.20999908447266,119.66999816894531
2017-05-02,119.30000305175781,119.6500015258789
2017-05-03,119.18000030517578,117.9800033569336
2017-05-04,116.80999755859375,116.79000091552734
2017-05-05,116.86000061035156,117.01000213623047
2017-05-08,117.02999877929688,116.75
2017-05-09,116.18000030517578,116.05000305175781
2017-05-10,116.41999816894531,116.04000091552734
2017-05-11,116.20999908447266,116.5
2017-05-12,117.06999969482422,116.83000183105469
2017-05-15,117.5199966430664,117.13999938964844
2017-05-16,117.44999694824219,117.6500015258789
2017-05-17,119.36000061035156,119.79000091552734
2017-05-18,119.7699966430664,118.80999755859375
2017-05-19,119.38999938964844,119.4000015258789
2017-05-22,119.62999725341797,119.9000015258789
2017-05-23,120.12999725341797,119.13999938964844
2017-05-24,119.06999969482422,119.61000061035156
2017-05-25,119.5199966430664,119.4800033569336
2017-05-26,120.48999786376953,120.54000091552734
2017-05-30,120.23999786376953,120.13999938964844
2017-05-31,120.30999755859375,120.62000274658203
2017-06-01,120.16999816894531,120.72000122070312
2017-06-02,121.30999755859375,121.61000061035156
2017-06-05,121.91000366210938,121.7300033569336
2017-06-06,123.08999633789062,123.0999984741211
2017-06-07,122.79000091552734,122.44999694824219
2017-06-08,122.06999969482422,121.6500015258789
2017-06-09,120.45999908447266,120.54000091552734
2017-06-12,120.33000183105469,120.36000061035156
2017-06-13,119.94999694824219,120.4800033569336
2017-06-14,121.51000213623047,119.81999969482422
2017-06-15,119.22000122070312,119.31999969482422
2017-06-16,119.3499984741211,119.33999633789062
2017-06-19,118.73999786376953,118.43000030517578
2017-06-20,118.41999816894531,118.18000030517578
2017-06-21,118.1500015258789,118.5199966430664
2017-06-22,119.12999725341797,118.91999816894531
2017-06-23,119.6500015258789,119.43000030517578
2017-06-26,118.29000091552734,118.36000061035156
2017-06-27,118.87000274658203,118.80999755859375
2017-06-28,119.05999755859375,118.9000015258789
2017-06-29,117.97000122070312,118.31999969482422
2017-06-30,118.08000183105469,118.0199966430664
2017-07-03,116.54000091552734,116.08999633789062
2017-07-05,115.91000366210938,116.5199966430664
2017-07-06,116.58000183105469,116.47000122070312
2017-07-07,115.77999877929688,115.27999877929688
2017-07-10,115.0199966430664,115.47000122070312
2017-07-11,115.26000213623047,115.62000274658203
2017-07-12,116.20999908447266,116.02999877929688
2017-07-13,116.04000091552734,115.81999969482422
2017-07-14,117.04000091552734,116.7699966430664
2017-07-17,117.41999816894531,117.29000091552734
2017-07-18,117.98999786376953,118.11000061035156
2017-07-19,118.18000030517578,118.08000183105469
2017-07-20,117.91999816894531,118.23999786376953
2017-07-21,119.0,119.26000213623047
2017-07-24,119.5199966430664,119.30999755859375
2017-07-25,118.98999786376953,118.91999816894531
2017-07-26,118.56999969482422,119.87999725341797
2017-07-27,120.0999984741211,119.79000091552734
2017-07-28,120.1500015258789,120.69000244140625
2017-07-31,120.5,120.75
2017-08-01,120.44000244140625,120.6500015258789
2017-08-02,120.51000213623047,120.4000015258789
2017-08-03,120.30999755859375,120.58999633789062
2017-08-04,119.97000122070312,119.6500015258789
2017-08-07,119.43000030517578,119.51000213623047
2017-08-08,120.0199966430664,119.86000061035156
2017-08-09,121.0199966430664,121.30999755859375
2017-08-10,122.08000183105469,122.20999908447266
2017-08-11,122.23999786376953,122.79000091552734
2017-08-14,121.9800033569336,121.91999816894531
2017-08-15,120.5999984741211,120.9800033569336
2017-08-16,120.66000366210938,121.87000274658203
2017-08-17,122.29000091552734,122.48999786376953
2017-08-18,123.37000274658203,122.30000305175781
2017-08-21,122.54000091552734,122.76000213623047
2017-08-22,122.55999755859375,122.20999908447266
2017-08-23,122.58000183105469,122.66999816894531
2017-08-24,122.38999938964844,122.29000091552734
2017-08-25,122.7699966430664,122.73999786376953
2017-08-28,123.33000183105469,124.69000244140625
2017-08-29,125.80999755859375,124.41999816894531
2017-08-30,124.33000183105469,124.36000061035156
2017-08-31,124.58000183105469,125.81999969482422
2017-09-01,126.01000213623047,126.05999755859375
2017-09-05,126.6500015258789,127.45999908447266
2017-09-06,127.33999633789062,126.80999755859375
2017-09-07,127.55999755859375,128.1300048828125
2017-09-08,128.2100067138672,127.97000122070312
2017-09-11,126.73999786376953,126.19000244140625
2017-09-12,126.02999877929688,126.55999755859375
2017-09-13,126.4000015258789,125.61000061035156
2017-09-14,125.66000366210938,126.16000366210938
2017-09-15,125.98999786376953,125.52999877929688
2017-09-18,124.70999908447266,124.36000061035156
2017-09-19,124.48999786376953,124.62000274658203
2017-09-20,124.68000030517578,123.62000274658203
2017-09-21,122.55999755859375,122.68000030517578
2017-09-22,123.02999877929688,123.23999786376953
2017-09-25,122.77999877929688,124.52999877929688
2017-09-26,123.56999969482422,123.13999938964844
2017-09-27,122.04000091552734,121.9800033569336
2017-09-28,122.04000091552734,122.20999908447266
2017-09-29,122.29000091552734,121.58000183105469
2017-10-02,121.16999816894531,120.7699966430664
2017-10-03,120.72000122070312,120.83000183105469
2017-10-04,121.20999908447266,121.16999816894531
2017-10-05,121.1500015258789,120.5199966430664
2017-10-06,120.26000213623047,121.08999633789062
2017-10-09,121.63999938964844,122.08000183105469
2017-10-10,122.62000274658203,122.4000015258789
2017-10-11,122.56999969482422,122.79000091552734
2017-10-12,122.83999633789062,122.88999938964844
2017-10-13,123.66000366210938,123.81999969482422
2017-10-16,123.81999969482422,122.97000122070312
2017-10-17,122.02999877929688,122.12999725341797
2017-10-18,121.70999908447266,121.66999816894531
2017-10-19,122.19999694824219,122.38999938964844
2017-10-20,121.68000030517578,121.61000061035156
2017-10-23,120.9800033569336,121.80000305175781
2017-10-24,121.26000213623047,121.33000183105469
2017-10-25,121.30999755859375,121.3499984741211
2017-10-26,121.16000366210938,120.33000183105469
2017-10-27,120.37999725341797,120.9000015258789
2017-10-30,120.37999725341797,121.12999725341797
2017-10-31,120.81999969482422,120.66999816894531
2017-11-01,120.9800033569336,121.11000061035156
2017-11-02,121.29000091552734,121.19000244140625
2017-11-03,121.36000061035156,120.62000274658203
2017-11-06,120.72000122070312,121.6500015258789
2017-11-07,121.51000213623047,121.20999908447266
2017-11-08,121.94999694824219,121.62999725341797
2017-11-09,121.8499984741211,122.12999725341797
2017-11-10,121.98999786376953,121.12999725341797
2017-11-13,121.43000030517578,121.30999755859375
2017-11-14,120.9000015258789,121.55999755859375
2017-11-15,122.12999725341797,121.41000366210938
2017-11-16,121.44999694824219,121.4000015258789
2017-11-17,122.1500015258789,122.86000061035156
2017-11-20,122.30000305175781,121.30999755859375
2017-11-21,121.66999816894531,121.51000213623047
2017-11-22,122.26000213623047,122.62999725341797
2017-11-24,122.36000061035156,122.31999969482422
2017-11-27,123.26000213623047,122.83000183105469
2017-11-28,123.05000305175781,122.80999755859375
2017-11-29,122.23999786376953,122.04000091552734
2017-11-30,121.44000244140625,121.0999984741211
2017-12-01,120.94000244140625,121.58999633789062
2017-12-04,121.1500015258789,121.18000030517578
2017-12-05,120.0999984741211,120.31999969482422
2017-12-06,120.04000091552734,120.06999969482422
2017-12-07,119.01000213623047,118.48999786376953
2017-12-08,118.48999786376953,118.4800033569336
2017-12-11,118.37000274658203,118.01000213623047
2017-12-12,117.6500015258789,118.1500015258789
2017-12-13,118.19000244140625,119.16999816894531
2017-12-14,119.0999984741211,118.93000030517578
2017-12-15,119.41000366210938,119.18000030517578
2017-12-18,119.62999725341797,119.7300033569336
2017-12-19,119.66999816894531,119.81999969482422
2017-12-20,119.9800033569336,120.13999938964844
2017-12-21,120.06999969482422,120.30999755859375
2017-12-22,120.66999816894531,120.94000244140625
2017-12-26,121.55000305175781,121.7699966430664
2017-12-27,122.0,122.2300033569336
2017-12-28,122.81999969482422,122.8499984741211
2017-12-29,123.69999694824219,123.6500015258789
2018-01-02,124.66000366210938,125.1500015258789
2018-01-03,125.05000305175781,124.81999969482422
2018-01-04,124.88999938964844,125.45999908447266
2018-01-05,124.93000030517578,125.33000183105469
2018-01-08,125.19999694824219,125.30999755859375
2018-01-09,124.48999786376953,124.7300033569336
2018-01-10,125.16999816894531,125.02999877929688
2018-01-11,125.37000274658203,125.44000244140625
2018-01-12,126.01000213623047,126.95999908447266
2018-01-16,126.5999984741211,127.16999816894531
2018-01-17,126.7699966430664,126.13999938964844
2018-01-18,126.12999725341797,125.86000061035156
2018-01-19,126.56999969482422,126.41999816894531
2018-01-22,126.51000213623047,126.6500015258789
2018-01-23,126.52999877929688,127.27999877929688
2018-01-24,128.38999938964844,128.8300018310547
2018-01-25,128.69000244140625,127.97000122070312
2018-01-26,128.24000549316406,128.07000732421875
2018-01-29,127.58000183105469,127.3499984741211
2018-01-30,127.91000366210938,126.80000305175781
2018-01-31,127.44999694824219,127.6500015258789
2018-02-01,127.18000030517578,128.07000732421875
2018-02-02,126.80999755859375,126.38999938964844
2018-02-05,126.81999969482422,126.70999908447266
2018-02-06,126.54000091552734,125.37999725341797
2018-02-07,125.4800033569336,124.79000091552734
2018-02-08,124.91999816894531,124.9800033569336
2018-02-09,124.6500015258789,124.7699966430664
2018-02-12,125.19000244140625,125.37000274658203
2018-02-13,125.66999816894531,126.08000183105469
2018-02-14,126.47000122070312,128.22999572753906
2018-02-15,128.42999267578125,128.3800048828125
2018-02-16,128.3000030517578,127.95999908447266
2018-02-20,127.27999877929688,126.23999786376953
2018-02-21,126.36000061035156,125.66000366210938
2018-02-22,125.91999816894531,126.30000305175781
2018-02-23,126.05999755859375,126.13999938964844
2018-02-26,126.44999694824219,126.44999694824219
2018-02-27,126.05999755859375,125.12999725341797
2018-02-28,125.08999633789062,125.0
2018-03-01,124.1500015258789,124.72000122070312
2018-03-02,125.66999816894531,125.38999938964844
2018-03-05,125.3499984741211,125.18000030517578
2018-03-06,126.19999694824219,126.52999877929688
2018-03-07,126.22000122070312,125.72000122070312
2018-03-08,125.69000244140625,125.41999816894531
2018-03-09,124.94000244140625,125.54000091552734
2018-03-12,125.04000091552734,125.54000091552734
2018-03-13,125.66999816894531,125.77999877929688
2018-03-14,125.48999786376953,125.69999694824219
2018-03-15,125.12000274658203,124.9000015258789
2018-03-16,124.83999633789062,124.5999984741211
2018-03-19,124.56999969482422,124.87000274658203
2018-03-20,124.41000366210938,124.30999755859375
2018-03-21,125.4000015258789,126.4800033569336
2018-03-22,126.08999633789062,125.9800033569336
2018-03-23,127.81999969482422,127.61000061035156
2018-03-26,128.0500030517578,128.27999877929688
2018-03-27,127.2300033569336,127.48999786376953
2018-03-28,126.4800033569336,125.7300033569336
2018-03-29,125.41999816894531,125.79000091552734
2018-04-02,126.6500015258789,127.26000213623047
2018-04-03,126.54000091552734,126.30000305175781
2018-04-04,127.5,126.44999694824219
2018-04-05,125.44999694824219,125.80000305175781
2018-04-06,126.56999969482422,126.38999938964844
2018-04-09,126.44999694824219,126.81999969482422
2018-04-10,127.0199966430664,127.12000274658203
2018-04-11,128.08999633789062,128.11000061035156
2018-04-12,127.25,126.62000274658203
2018-04-13,127.06999969482422,127.44999694824219
2018-04-16,127.73999786376953,127.62999725341797
2018-04-17,127.0199966430664,127.75
2018-04-18,128.32000732421875,127.8499984741211
2018-04-19,127.80999755859375,127.5999984741211
2018-04-20,126.69000244140625,126.62999725341797
2018-04-23,125.62000274658203,125.62000274658203
2018-04-24,125.77999877929688,126.2300033569336
2018-04-25,125.2300033569336,125.41000366210938
2018-04-26,125.54000091552734,124.97000122070312
2018-04-27,125.19999694824219,125.5
2018-04-30,124.41000366210938,124.58999633789062
2018-05-01,123.9000015258789,123.70999908447266
2018-05-02,123.9000015258789,123.6500015258789
2018-05-03,124.66000366210938,124.27999877929688
2018-05-04,124.0999984741211,124.54000091552734
2018-05-07,124.5,124.56999969482422
2018-05-08,124.13999938964844,124.58999633789062
2018-05-09,124.44999694824219,124.33000183105469
2018-05-10,125.22000122070312,125.18000030517578
2018-05-11,125.56999969482422,125.0
2018-05-14,125.16000366210938,124.48999786376953
2018-05-15,122.81999969482422,122.4800033569336
2018-05-16,122.37999725341797,122.29000091552734
2018-05-17,122.2300033569336,122.36000061035156
2018-05-18,122.05000305175781,122.41000366210938
2018-05-21,122.16000366210938,122.4800033569336
2018-05-22,122.69999694824219,122.41000366210938
2018-05-23,122.13999938964844,122.54000091552734
2018-05-24,123.0999984741211,123.58999633789062
2018-05-25,123.66000366210938,123.20999908447266
2018-05-29,122.83999633789062,123.19000244140625
2018-05-30,123.16999816894531,123.37000274658203
2018-05-31,123.26000213623047,123.0999984741211
2018-06-01,122.58000183105469,122.48999786376953
2018-06-04,122.8499984741211,122.37000274658203
2018-06-05,122.55000305175781,122.8499984741211
2018-06-06,123.08000183105469,122.91999816894531
2018-06-07,122.95999908447266,122.86000061035156
2018-06-08,123.08000183105469,123.01000213623047
2018-06-11,123.0999984741211,123.2300033569336
2018-06-12,122.94999694824219,122.81999969482422
2018-06-13,122.83999633789062,123.19000244140625
2018-06-14,123.62999725341797,123.37999725341797
2018-06-15,122.18000030517578,121.33999633789062
2018-06-18,121.3499984741211,121.11000061035156
2018-06-19,120.80999755859375,120.80000305175781
2018-06-20,120.79000091552734,120.26000213623047
2018-06-21,119.91999816894531,120.05000305175781
2018-06-22,120.20999908447266,120.33999633789062
2018-06-25,120.0,119.88999938964844
2018-06-26,119.27999877929688,119.26000213623047
2018-06-27,118.95999908447266,118.58000183105469
2018-06-28,118.58999633789062,118.22000122070312
2018-06-29,118.43000030517578,118.6500015258789
2018-07-02,118.18000030517578,117.45999908447266
2018-07-03,118.41000366210938,118.6500015258789
2018-07-05,118.91999816894531,119.05000305175781
2018-07-06,118.97000122070312,118.86000061035156
2018-07-09,119.6500015258789,119.1500015258789
2018-07-10,118.88999938964844,118.93000030517578
2018-07-11,118.44999694824219,117.63999938964844
2018-07-12,118.0,118.12999725341797
2018-07-13,117.62000274658203,117.61000061035156
2018-07-16,117.51000213623047,117.55000305175781
2018-07-17,116.72000122070312,116.27999877929688
2018-07-18,116.02999877929688,116.30999755859375
2018-07-19,115.12999725341797,115.80999755859375
2018-07-20,116.4000015258789,116.55999755859375
2018-07-23,116.25,116.0
2018-07-24,116.22000122070312,116.04000091552734
2018-07-25,116.79000091552734,116.68000030517578
2018-07-26,116.23999786376953,115.7699966430664
2018-07-27,115.91999816894531,115.83000183105469
2018-07-30,115.80000305175781,115.6500015258789
2018-07-31,115.47000122070312,115.98999786376953
2018-08-01,115.62999725341797,115.13999938964844
2018-08-02,115.16999816894531,114.5199966430664
2018-08-03,115.08999633789062,114.91999816894531
2018-08-06,114.55999755859375,114.33000183105469
2018-08-07,114.8499984741211,114.58999633789062
2018-08-08,114.75,114.91000366210938
2018-08-09,115.0199966430664,114.73999786376953
2018-08-10,114.80999755859375,114.69000244140625
2018-08-13,113.80999755859375,112.95999908447266
2018-08-14,113.25,113.06999969482422
2018-08-15,112.16999816894531,111.19000244140625
2018-08-16,111.45999908447266,111.0999984741211
2018-08-17,111.69000244140625,112.12999725341797
2018-08-20,112.37999725341797,112.69000244140625
2018-08-21,112.7699966430664,113.0199966430664
2018-08-22,113.38999938964844,113.2699966430664
2018-08-23,112.68000030517578,112.19999694824219
2018-08-24,113.25,114.16000366210938
2018-08-27,114.12000274658203,114.58999633789062
2018-08-28,114.76000213623047,113.68000030517578
2018-08-29,114.16000366210938,114.19999694824219
2018-08-30,113.91999816894531,113.63999938964844
2018-08-31,113.72000122070312,113.51000213623047
2018-09-04,112.75,112.93000030517578
2018-09-05,113.36000061035156,113.31999969482422
2018-09-06,113.88999938964844,113.54000091552734
2018-09-07,113.26000213623047,113.2300033569336
2018-09-10,113.26000213623047,113.1500015258789
2018-09-11,112.6500015258789,113.22000122070312
2018-09-12,113.12000274658203,114.16999816894531
2018-09-13,114.72000122070312,113.76000213623047
2018-09-14,113.79000091552734,113.0199966430664
2018-09-17,113.5999984741211,113.61000061035156
2018-09-18,113.79000091552734,113.44000244140625
2018-09-19,113.94000244140625,113.87999725341797
2018-09-20,114.20999908447266,114.2699966430664
2018-09-21,112.87000274658203,113.48999786376953
2018-09-24,113.68000030517578,113.47000122070312
2018-09-25,113.75,113.6500015258789
2018-09-26,113.11000061035156,113.05000305175781
2018-09-27,112.0999984741211,112.05000305175781
2018-09-28,112.16000366210938,112.76000213623047
2018-10-01,112.4000015258789,112.56999969482422
2018-10-02,113.69999694824219,113.87000274658203
2018-10-03,113.87000274658203,113.41999816894531
2018-10-04,113.83000183105469,113.4800033569336
2018-10-05,113.80999755859375,113.80000305175781
2018-10-08,112.25,112.54000091552734
2018-10-09,112.37000274658203,112.5999984741211
2018-10-10,112.47000122070312,112.87999725341797
2018-10-11,114.19999694824219,115.77999877929688
2018-10-12,115.58000183105469,115.2300033569336
2018-10-15,116.12000274658203,116.0
2018-10-16,116.48999786376953,115.80000305175781
2018-10-17,115.88999938964844,115.79000091552734
2018-10-18,115.83000183105469,115.91999816894531
2018-10-19,116.2300033569336,116.01000213623047
2018-10-22,115.56999969482422,115.70999908447266
2018-10-23,117.16000366210938,116.38999938964844
2018-10-24,116.37999725341797,116.66000366210938
2018-10-25,116.58000183105469,116.4000015258789
2018-10-26,116.83000183105469,116.7699966430664
2018-10-29,116.41000366210938,116.30999755859375
2018-10-30,115.8499984741211,115.80000305175781
2018-10-31,114.88999938964844,115.1500015258789
2018-11-01,116.33000183105469,116.62999725341797
2018-11-02,116.61000061035156,116.6500015258789
2018-11-05,116.27999877929688,116.37000274658203
2018-11-06,116.44000244140625,116.04000091552734
2018-11-07,116.26000213623047,116.02999877929688
2018-11-08,115.7699966430664,115.77999877929688
2018-11-09,114.5999984741211,114.4800033569336
2018-11-12,114.01000213623047,113.66000366210938
2018-11-13,113.72000122070312,113.69999694824219
2018-11-14,113.52999877929688,114.63999938964844
2018-11-15,114.83000183105469,114.7699966430664
2018-11-16,115.83000183105469,115.62000274658203
2018-11-19,115.44999694824219,115.66999816894531
2018-11-20,115.94000244140625,115.66999816894531
2018-11-21,115.94000244140625,115.86000061035156
2018-11-23,115.76000213623047,115.7699966430664
2018-11-26,115.83999633789062,115.63999938964844
2018-11-27,115.55000305175781,114.94999694824219
2018-11-28,114.76000213623047,115.37999725341797
2018-11-29,115.97000122070312,115.73999786376953
2018-11-30,115.41999816894531,115.54000091552734
2018-12-03,116.5999984741211,116.41000366210938
2018-12-04,117.37000274658203,117.12000274658203
2018-12-06,117.37999725341797,117.13999938964844
2018-12-07,117.62000274658203,118.08999633789062
2018-12-10,117.69999694824219,117.68000030517578
2018-12-11,117.66999816894531,117.54000091552734
2018-12-12,117.69999694824219,117.79000091552734
2018-12-13,117.54000091552734,117.52999877929688
2018-12-14,116.62999725341797,117.05999755859375
2018-12-17,117.37000274658203,117.87000274658203
2018-12-18,117.8499984741211,118.1500015258789
2018-12-19,118.23999786376953,117.43000030517578
2018-12-20,119.11000061035156,119.23999786376953
2018-12-21,119.19000244140625,118.72000122070312
2018-12-24,119.56999969482422,120.0199966430664
2018-12-26,120.62000274658203,119.66000366210938
2018-12-27,120.56999969482422,120.56999969482422
2018-12-28,120.80000305175781,121.05999755859375
2018-12-31,120.9800033569336,121.25
2019-01-02,121.3499984741211,121.33000183105469
2019-01-03,121.77999877929688,122.43000030517578
2019-01-04,121.31999969482422,121.44000244140625
2019-01-07,122.16000366210938,121.86000061035156
2019-01-08,121.1500015258789,121.52999877929688
2019-01-09,121.44999694824219,122.30999755859375
2019-01-10,121.9800033569336,121.58999633789062
2019-01-11,121.73999786376953,121.80000305175781
2019-01-14,122.1500015258789,122.08999633789062
2019-01-15,122.27999877929688,121.87999725341797
2019-01-16,122.04000091552734,122.2699966430664
2019-01-17,122.02999877929688,122.11000061035156
2019-01-18,121.2300033569336,121.0199966430664
2019-01-22,121.18000030517578,121.44999694824219
2019-01-23,120.95999908447266,121.27999877929688
2019-01-24,121.16000366210938,121.08999633789062
2019-01-25,122.0199966430664,122.86000061035156
2019-01-28,122.75,123.29000091552734
2019-01-29,123.70999908447266,123.9800033569336
2019-01-30,123.91000366210938,124.69000244140625
2019-01-31,125.18000030517578,124.75
2019-02-01,124.88999938964844,124.5
2019-02-04,123.98999786376953,123.95999908447266
2019-02-05,124.29000091552734,124.27999877929688
2019-02-06,124.16000366210938,123.44000244140625
2019-02-07,123.80000305175781,123.73999786376953
2019-02-08,124.05000305175781,124.20999908447266
2019-02-11,123.19000244140625,123.5999984741211
2019-02-12,123.95999908447266,123.86000061035156
2019-02-13,123.83999633789062,123.37000274658203
2019-02-14,123.83999633789062,124.05999755859375
2019-02-15,124.58999633789062,124.80000305175781
2019-02-19,125.9800033569336,126.69999694824219
2019-02-20,127.0,126.4800033569336
2019-02-21,126.1500015258789,125.05000305175781
2019-02-22,125.52999877929688,125.5
2019-02-25,125.77999877929688,125.37000274658203
2019-02-26,125.33000183105469,125.58000183105469
2019-02-27,125.16999816894531,124.69000244140625
2019-02-28,124.70999908447266,123.98999786376953
2019-03-01,123.4800033569336,121.87999725341797
2019-03-04,121.55999755859375,121.55999755859375
2019-03-05,121.37999725341797,121.72000122070312
2019-03-06,121.43000030517578,121.61000061035156
2019-03-07,121.2699966430664,121.51000213623047
2019-03-08,122.69999694824219,122.83999633789062
2019-03-11,122.5199966430664,122.23999786376953
2019-03-12,122.54000091552734,122.9800033569336
2019-03-13,123.55999755859375,123.83999633789062
2019-03-14,122.33000183105469,122.41000366210938
2019-03-15,123.05999755859375,122.97000122070312
2019-03-18,123.30000305175781,123.04000091552734
2019-03-19,123.72000122070312,123.37999725341797
2019-03-20,123.66000366210938,124.18000030517578
2019-03-21,124.36000061035156,123.68000030517578
2019-03-22,123.93000030517578,123.97000122070312
2019-03-25,124.55999755859375,124.91999816894531
2019-03-26,124.4800033569336,124.30000305175781
2019-03-27,124.3499984741211,123.6500015258789
2019-03-28,122.27999877929688,121.9000015258789
2019-03-29,122.63999938964844,122.01000213623047
2019-04-01,122.4000015258789,121.52999877929688
2019-04-02,121.72000122070312,121.9800033569336
2019-04-03,121.7300033569336,121.80000305175781
2019-04-04,121.0999984741211,122.11000061035156
2019-04-05,121.87999725341797,121.9800033569336
2019-04-08,122.97000122070312,122.51000213623047
2019-04-09,123.26000213623047,123.1500015258789
2019-04-10,123.22000122070312,123.52999877929688
2019-04-11,122.54000091552734,121.94999694824219
2019-04-12,121.95999908447266,121.83000183105469
2019-04-15,121.19999694824219,121.5999984741211
2019-04-16,120.37999725341797,120.51000213623047
2019-04-17,120.45999908447266,120.27999877929688
2019-04-18,120.23999786376953,120.37000274658203
2019-04-22,120.45999908447266,120.37000274658203
2019-04-23,119.66999816894531,120.12000274658203
2019-04-24,120.05999755859375,120.47000122070312
2019-04-25,120.72000122070312,120.56999969482422
2019-04-26,121.26000213623047,121.37000274658203
2019-04-29,120.87999725341797,120.83000183105469
2019-04-30,120.88999938964844,121.19999694824219
2019-05-01,121.02999877929688,120.4000015258789
2019-05-02,119.69000244140625,119.94000244140625
2019-05-03,120.55999755859375,120.6500015258789
2019-05-06,120.61000061035156,120.80999755859375
2019-05-07,121.0199966430664,121.20999908447266
2019-05-08,121.54000091552734,120.91000366210938
2019-05-09,120.95999908447266,121.19999694824219
2019-05-10,121.41000366210938,121.43000030517578
2019-05-13,122.62999725341797,122.66999816894531
2019-05-14,122.5999984741211,122.45999908447266
2019-05-15,122.70999908447266,122.38999938964844
2019-05-16,122.02999877929688,121.51000213623047
2019-05-17,121.02999877929688,120.6500015258789
2019-05-20,120.51000213623047,120.63999938964844
2019-05-21,120.08000183105469,120.36000061035156
2019-05-22,120.3499984741211,120.23999786376953
2019-05-23,120.81999969482422,121.16999816894531
2019-05-24,121.12999725341797,121.30000305175781
2019-05-28,120.80000305175781,120.83000183105469
2019-05-29,121.11000061035156,120.87000274658203
2019-05-30,120.95999908447266,121.69000244140625
2019-05-31,122.55000305175781,123.33000183105469
2019-06-03,124.08999633789062,125.11000061035156
2019-06-04,124.87999725341797,125.1500015258789
2019-06-05,126.18000030517578,125.47000122070312
2019-06-06,125.93000030517578,125.87999725341797
2019-06-07,126.79000091552734,126.58999633789062
2019-06-10,125.45999908447266,125.33000183105469
2019-06-11,124.94000244140625,125.18000030517578
2019-06-12,125.5999984741211,125.83000183105469
2019-06-13,126.02999877929688,126.5999984741211
2019-06-14,127.20999908447266,126.55999755859375
2019-06-17,126.69999694824219,126.4800033569336
2019-06-18,127.58000183105469,127.12000274658203
2019-06-19,126.7699966430664,127.88999938964844
2019-06-20,130.41000366210938,131.11000061035156
2019-06-21,131.77000427246094,131.97999572753906
2019-06-24,132.77000427246094,133.94000244140625
2019-06-25,134.89999389648438,134.1999969482422
2019-06-26,132.99000549316406,132.97000122070312
2019-06-27,132.3800048828125,132.83999633789062
2019-06-28,133.0500030517578,133.1999969482422
2019-07-01,131.55999755859375,130.6199951171875
2019-07-02,131.27000427246094,133.41000366210938
2019-07-03,133.61000061035156,133.6300048828125
2019-07-05,131.4600067138672,132.13999938964844
2019-07-08,132.17999267578125,131.2899932861328
2019-07-09,131.42999267578125,131.75
2019-07-10,132.94000244140625,133.8300018310547
2019-07-11,133.5800018310547,132.6999969482422
2019-07-12,132.88999938964844,133.52999877929688
2019-07-15,133.17999267578125,133.52999877929688
2019-07-16,133.17999267578125,132.39999389648438
2019-07-17,133.0,134.5800018310547
2019-07-18,133.8300018310547,136.47999572753906
2019-07-19,135.4499969482422,134.47000122070312
2019-07-22,134.55999755859375,134.4499969482422
2019-07-23,134.42999267578125,133.69000244140625
2019-07-24,134.58999633789062,134.3699951171875
2019-07-25,134.24000549316406,133.4199981689453
2019-07-26,134.24000549316406,133.63999938964844
2019-07-29,134.05999755859375,134.52999877929688
2019-07-30,134.75999450683594,134.97999572753906
2019-07-31,135.02999877929688,133.2100067138672
2019-08-01,132.4199981689453,136.41000366210938
2019-08-02,135.38999938964844,135.88999938964844
2019-08-05,137.92999267578125,137.7899932861328
2019-08-06,138.3300018310547,138.91000366210938
2019-08-07,141.27999877929688,141.02000427246094
2019-08-08,140.89999389648438,141.72999572753906
2019-08-09,141.27999877929688,141.25999450683594
2019-08-12,141.6699981689453,142.6300048828125
2019-08-13,143.1699981689453,141.77999877929688
2019-08-14,142.89999389648438,142.75
2019-08-15,142.9600067138672,143.6999969482422
2019-08-16,142.75,142.77999877929688
2019-08-19,141.3300018310547,141.11000061035156
2019-08-20,141.77000427246094,142.2100067138672
2019-08-21,141.6199951171875,141.75999450683594
2019-08-22,141.38999938964844,141.39999389648438
2019-08-23,141.83999633789062,144.1699981689453
2019-08-26,144.35000610351562,144.19000244140625
2019-08-27,144.3000030517578,145.57000732421875
2019-08-28,145.38999938964844,145.16000366210938
2019-08-29,145.39999389648438,144.1199951171875
2019-08-30,143.83999633789062,143.75
2019-09-03,144.9600067138672,145.75
2019-09-04,145.5399932861328,146.66000366210938
2019-09-05,144.97999572753906,143.13999938964844
2019-09-06,143.63999938964844,141.9199981689453
2019-09-09,142.3699951171875,141.38999938964844
2019-09-10,141.22999572753906,140.17999267578125
2019-09-11,140.33999633789062,141.02999877929688
2019-09-12,142.67999267578125,141.32000732421875
2019-09-13,141.72999572753906,140.14999389648438
2019-09-16,141.60000610351562,141.32000732421875
2019-09-17,141.82000732421875,141.60000610351562
2019-09-18,141.92999267578125,140.7100067138672
2019-09-19,141.57000732421875,141.27999877929688
2019-09-20,141.61000061035156,142.9499969482422
2019-09-23,143.22000122070312,143.75
2019-09-24,143.2100067138672,144.50999450683594
2019-09-25,144.0800018310547,141.8300018310547
2019-09-26,142.19000244140625,141.7899932861328
2019-09-27,140.35000610351562,141.05999755859375
2019-09-30,139.77000427246094,138.8699951171875
2019-10-01,138.07000732421875,139.6300048828125
2019-10-02,140.7899932861328,141.25999450683594
2019-10-03,141.36000061035156,141.89999389648438
2019-10-04,141.47999572753906,141.89999389648438
2019-10-07,141.16000366210938,140.69000244140625
2019-10-08,142.02999877929688,141.9199981689453
2019-10-09,142.16000366210938,142.0500030517578
2019-10-10,141.58999633789062,140.80999755859375
2019-10-11,139.97000122070312,140.02999877929688
2019-10-14,140.4499969482422,140.58999633789062
2019-10-15,140.27000427246094,139.61000061035156
2019-10-16,140.13999938964844,140.41000366210938
2019-10-17,140.5,140.61000061035156
2019-10-18,140.5,140.4600067138672
2019-10-21,140.72000122070312,139.7899932861328
2019-10-22,140.1300048828125,140.1999969482422
2019-10-23,140.58999633789062,140.52999877929688
2019-10-24,141.02000427246094,141.52999877929688
2019-10-25,142.7899932861328,141.86000061035156
2019-10-28,141.25,140.63999938964844
2019-10-29,140.0,140.25
2019-10-30,140.5399932861328,141.02000427246094
2019-10-31,141.97999572753906,142.42999267578125
2019-11-01,142.2100067138672,142.55999755859375
2019-11-04,142.25999450683594,142.14999389648438
2019-11-05,140.64999389648438,139.85000610351562
2019-11-06,140.1199951171875,140.4499969482422
2019-11-07,140.11000061035156,138.27000427246094
2019-11-08,137.72999572753906,137.38999938964844
2019-11-11,137.61000061035156,137.05999755859375
2019-11-12,137.02999877929688,137.42999267578125
2019-11-13,137.8000030517578,137.97999572753906
2019-11-14,138.38999938964844,138.55999755859375
2019-11-15,138.02999877929688,138.2100067138672
2019-11-18,138.44000244140625,138.6199951171875
2019-11-19,138.1300048828125,138.69000244140625
2019-11-20,138.52999877929688,138.75999450683594
2019-11-21,138.38999938964844,138.0
2019-11-22,138.3699951171875,137.74000549316406
2019-11-25,137.32000732421875,137.0800018310547
2019-11-26,136.97999572753906,137.74000549316406
2019-11-27,137.02999877929688,137.00999450683594
2019-11-29,137.10000610351562,137.86000061035156
2019-12-02,137.32000732421875,137.7899932861328
2019-12-03,139.0399932861328,139.11000061035156
2019-12-04,139.16000366210938,138.9199981689453
2019-12-05,138.8000030517578,139.0
2019-12-06,137.75999450683594,137.6199951171875
2019-12-09,137.8000030517578,137.5800018310547
2019-12-10,138.25,137.97000122070312
2019-12-11,138.1999969482422,138.9199981689453
2019-12-12,139.77999877929688,138.42999267578125
2019-12-13,138.52000427246094,139.0500030517578
2019-12-16,139.1999969482422,139.0399932861328
2019-12-17,139.02000427246094,139.00999450683594
2019-12-18,138.86000061035156,139.02000427246094
2019-12-19,139.0399932861328,139.3800048828125
2019-12-20,139.3699951171875,139.52000427246094
2019-12-23,139.52999877929688,139.9499969482422
2019-12-24,140.44000244140625,141.27000427246094
2019-12-26,142.05999755859375,142.3800048828125
2019-12-27,142.25999450683594,142.3300018310547
2019-12-30,142.55999755859375,142.6300048828125
2019-12-31,143.30999755859375,142.89999389648438
2020-01-02,143.86000061035156,143.9499969482422
2020-01-03,145.75,145.86000061035156
2020-01-06,148.44000244140625,147.38999938964844
2020-01-07,147.57000732421875,147.97000122070312
2020-01-08,148.49000549316406,146.86000061035156
2020-01-09,146.07000732421875,146.02999877929688
2020-01-10,146.22000122070312,146.91000366210938
2020-01-13,146.35000610351562,145.82000732421875
2020-01-14,145.4199981689453,145.69000244140625
2020-01-15,146.2100067138672,146.5399932861328
2020-01-16,146.27000427246094,146.30999755859375
2020-01-17,146.50999450683594,146.5800018310547
2020-01-21,145.77000427246094,146.74000549316406
2020-01-22,146.67999267578125,146.7899932861328
2020-01-23,147.0,147.1199951171875
2020-01-24,146.89999389648438,147.97999572753906
2020-01-27,149.24000549316406,148.99000549316406
2020-01-28,148.36000061035156,147.66000366210938
2020-01-29,147.6999969482422,148.4600067138672
2020-01-30,148.69000244140625,148.47000122070312
2020-01-31,148.8800048828125,149.3300018310547
2020-02-03,148.66000366210938,148.36000061035156
2020-02-04,146.97000122070312,146.42999267578125
2020-02-05,146.3800048828125,146.61000061035156
2020-02-06,147.27999877929688,147.39999389648438
2020-02-07,147.8300018310547,147.7899932861328
2020-02-10,148.2100067138672,148.1699981689453
2020-02-11,148.02999877929688,147.66000366210938
2020-02-12,147.4199981689453,147.5399932861328
2020-02-13,148.24000549316406,148.3800048828125
2020-02-14,148.74000549316406,149.0
2020-02-18,149.8800048828125,150.91000366210938
2020-02-19,151.0,151.7899932861328
2020-02-20,152.0,152.41000366210938
2020-02-21,154.42999267578125,154.6999969482422
2020-02-24,158.5,156.08999633789062
2020-02-25,155.1199951171875,153.3000030517578
2020-02-26,153.82000732421875,153.97000122070312
2020-02-27,155.5800018310547,154.0
2020-02-28,152.7100067138672,148.3800048828125
2020-03-02,150.0,149.1999969482422
2020-03-03,150.83999633789062,153.88999938964844
2020-03-04,154.39999389648438,154.16000366210938
2020-03-05,156.05999755859375,157.49000549316406
2020-03-06,158.3300018310547,157.5500030517578
2020-03-09,158.60000610351562,157.80999755859375
2020-03-10,156.17999267578125,154.47999572753906
2020-03-11,156.25,153.92999267578125
2020-03-12,151.52999877929688,147.7899932861328
2020-03-13,149.4199981689453,143.27999877929688
2020-03-16,137.55999755859375,141.63999938964844
2020-03-17,140.17999267578125,143.55999755859375
2020-03-18,141.75,140.6999969482422
2020-03-19,139.0800018310547,138.0399932861328
2020-03-20,140.7100067138672,140.11000061035156
2020-03-23,142.67999267578125,146.3000030517578
2020-03-24,153.5,153.39999389648438
2020-03-25,152.5800018310547,151.3000030517578
2020-03-26,153.30999755859375,153.24000549316406
2020-03-27,153.0,152.25
2020-03-30,152.41000366210938,152.9199981689453
2020-03-31,151.36000061035156,148.0500030517578
2020-04-01,148.1999969482422,149.4499969482422
2020-04-02,151.1999969482422,151.89999389648438
2020-04-03,152.22999572753906,152.64999389648438
2020-04-06,154.16000366210938,156.8800048828125
2020-04-07,155.3300018310547,156.0399932861328
2020-04-08,155.91000366210938,154.64999389648438
2020-04-09,158.0800018310547,158.69000244140625
2020-04-13,159.1699981689453,161.41000366210938
2020-04-14,162.72999572753906,162.67999267578125
2020-04-15,161.8000030517578,161.85000610351562
2020-04-16,161.8800048828125,161.7100067138672
2020-04-17,159.72000122070312,158.57000732421875
2020-04-20,158.6199951171875,159.6999969482422
2020-04-21,157.60000610351562,158.61000061035156
2020-04-22,160.5,161.72999572753906
2020-04-23,162.38999938964844,163.33999633789062
2020-04-24,163.1300048828125,162.63999938964844
2020-04-27,161.8800048828125,161.55999755859375
2020-04-28,160.88999938964844,160.83999633789062
2020-04-29,160.10000610351562,161.72999572753906
2020-04-30,160.22000122070312,158.8000030517578
2020-05-01,158.0,159.77999877929688
2020-05-04,160.3300018310547,160.33999633789062
2020-05-05,160.16000366210938,161.02000427246094
2020-05-06,158.99000549316406,158.9499969482422
2020-05-07,159.5,161.38999938964844
2020-05-08,161.0800018310547,160.4199981689453
2020-05-11,160.33999633789062,159.4199981689453
2020-05-12,160.3000030517578,160.0399932861328
2020-05-13,160.94000244140625,161.5800018310547
2020-05-14,161.52999877929688,163.00999450683594
2020-05-15,164.02000427246094,163.92999267578125
2020-05-18,164.3300018310547,162.69000244140625
2020-05-19,163.60000610351562,164.25999450683594
2020-05-20,164.5399932861328,164.64999389648438
2020-05-21,163.4600067138672,162.25
2020-05-22,162.8800048828125,163.2100067138672
2020-05-26,162.5800018310547,160.88999938964844
2020-05-27,159.4199981689453,161.17999267578125
2020-05-28,162.1199951171875,161.72000122070312
2020-05-29,162.5800018310547,162.91000366210938
2020-06-01,162.9199981689453,163.66000366210938
2020-06-02,163.88999938964844,162.60000610351562
2020-06-03,160.33999633789062,159.60000610351562
2020-06-04,161.13999938964844,161.27999877929688
2020-06-05,158.72000122070312,158.00999450683594
2020-06-08,158.89999389648438,159.72000122070312
2020-06-09,161.10000610351562,161.25999450683594
2020-06-10,162.10000610351562,163.57000732421875
2020-06-11,163.35000610351562,162.38999938964844
2020-06-12,163.41000366210938,162.6199951171875
2020-06-15,160.52000427246094,162.3300018310547
2020-06-16,161.85000610351562,162.25
2020-06-17,162.0,162.55999755859375
2020-06-18,162.1999969482422,162.24000549316406
2020-06-19,162.8699951171875,164.02999877929688
2020-06-22,165.05999755859375,165.08999633789062
2020-06-23,165.6300048828125,166.47999572753906
2020-06-24,166.00999450683594,165.89999389648438
2020-06-25,165.88999938964844,165.8000030517578
2020-06-26,164.8699951171875,166.5399932861328
2020-06-29,166.55999755859375,166.6300048828125
2020-06-30,166.30999755859375,167.3699951171875
2020-07-01,167.0500030517578,166.6199951171875
2020-07-02,166.1999969482422,166.97999572753906
2020-07-06,167.75,167.97999572753906
2020-07-07,167.41000366210938,169.0399932861328
2020-07-08,170.32000732421875,170.08999633789062
2020-07-09,170.47999572753906,169.6300048828125
2020-07-10,169.9499969482422,169.19000244140625
2020-07-13,170.2899932861328,169.39999389648438
2020-07-14,168.97000122070312,170.19000244140625
2020-07-15,169.6199951171875,170.33999633789062
2020-07-16,169.8000030517578,168.72999572753906
2020-07-17,169.94000244140625,170.1199951171875
2020-07-20,170.75999450683594,170.94000244140625
2020-07-21,172.52999877929688,173.0
2020-07-22,174.0500030517578,175.6300048828125
2020-07-23,176.1699981689453,177.17999267578125
2020-07-24,179.13999938964844,178.6999969482422
2020-07-27,181.85000610351562,182.22999572753906
2020-07-28,182.02000427246094,183.75
2020-07-29,184.00999450683594,185.1300048828125
2020-07-30,183.44000244140625,183.75999450683594
2020-07-31,184.50999450683594,185.42999267578125
2020-08-03,185.0500030517578,185.63999938964844
2020-08-04,185.61000061035156,189.58999633789062
2020-08-05,191.64999389648438,191.35000610351562
2020-08-06,193.74000549316406,193.88999938964844
2020-08-07,192.7100067138672,190.80999755859375
2020-08-10,191.1999969482422,190.14999389648438
2020-08-11,183.57000732421875,179.94000244140625
2020-08-12,182.61000061035156,179.10000610351562
2020-08-13,181.55999755859375,183.3300018310547
2020-08-14,183.44000244140625,182.5399932861328
2020-08-17,184.69000244140625,186.5
2020-08-18,189.17999267578125,188.17999267578125
2020-08-19,187.2100067138672,182.24000549316406
2020-08-20,181.19000244140625,183.5
2020-08-21,182.13999938964844,182.02999877929688
2020-08-24,182.91000366210938,181.0
2020-08-25,181.05999755859375,181.22000122070312
2020-08-26,180.25999450683594,183.36000061035156
2020-08-27,185.0,181.24000549316406
2020-08-28,183.97999572753906,184.38999938964844
2020-08-31,184.7899932861328,184.8300018310547
2020-09-01,186.99000549316406,185.0500030517578
2020-09-02,183.75,182.6199951171875
2020-09-03,182.3000030517578,181.13999938964844
2020-09-04,180.9499969482422,181.63999938964844
2020-09-08,179.5,181.2899932861328
2020-09-09,182.5,183.0500030517578
2020-09-10,184.22999572753906,182.4600067138672
2020-09-11,183.13999938964844,182.4499969482422
2020-09-14,183.57000732421875,183.88999938964844
2020-09-15,184.4600067138672,183.4499969482422
2020-09-16,184.97999572753906,183.97000122070312
2020-09-17,181.9199981689453,182.9600067138672
2020-09-18,183.07000732421875,183.1999969482422
2020-09-21,179.83999633789062,179.52000427246094
2020-09-22,179.6300048828125,178.64999389648438
2020-09-23,176.97999572753906,174.7899932861328
2020-09-24,174.36000061035156,175.44000244140625
2020-09-25,174.41000366210938,174.94000244140625
2020-09-28,175.8300018310547,176.6999969482422
2020-09-29,177.19000244140625,178.19000244140625
2020-09-30,177.7100067138672,177.1199951171875
2020-10-01,178.7100067138672,178.6999969482422
2020-10-02,178.69000244140625,178.5399932861328
2020-10-05,179.02000427246094,179.41000366210938
2020-10-06,180.16000366210938,177.3000030517578
2020-10-07,177.08999633789062,177.22000122070312
2020-10-08,178.17999267578125,177.85000610351562
2020-10-09,180.1300048828125,181.0800018310547
2020-10-12,180.57000732421875,180.55999755859375
2020-10-13,178.55999755859375,177.72000122070312
2020-10-14,179.08999633789062,178.27000427246094
2020-10-15,177.7100067138672,178.9199981689453
2020-10-16,179.22000122070312,178.3000030517578
2020-10-19,179.41000366210938,178.38999938964844
2020-10-20,178.5399932861328,179.25
2020-10-21,180.47000122070312,180.60000610351562
2020-10-22,178.8800048828125,178.8300018310547
2020-10-23,179.08999633789062,178.63999938964844
2020-10-26,178.75,178.5500030517578
2020-10-27,178.7100067138672,179.02000427246094
2020-10-28,176.4499969482422,176.1300048828125
2020-10-29,175.02000427246094,175.39999389648438
2020-10-30,177.17999267578125,176.1999969482422
2020-11-02,177.4499969482422,177.91000366210938
2020-11-03,178.9499969482422,178.9199981689453
2020-11-04,178.92999267578125,178.82000732421875
2020-11-05,181.0,182.92999267578125
2020-11-06,183.39999389648438,183.19000244140625
2020-11-09,176.4199981689453,175.0800018310547
2020-11-10,176.75,175.66000366210938
2020-11-11,174.6999969482422,174.89999389648438
2020-11-12,176.0399932861328,175.9600067138672
2020-11-13,177.64999389648438,177.16000366210938
2020-11-16,177.22999572753906,177.14999389648438
2020-11-17,177.25,176.5
2020-11-18,176.25999450683594,175.49000549316406
2020-11-19,174.3000030517578,175.16000366210938
2020-11-20,176.1199951171875,175.69000244140625
2020-11-23,175.10000610351562,172.22999572753906
2020-11-24,169.3000030517578,169.58999633789062
2020-11-25,169.97999572753906,169.50999450683594
2020-11-27,166.89999389648438,167.7899932861328
2020-11-30,166.67999267578125,166.6699981689453
2020-12-01,169.75999450683594,170.17999267578125
2020-12-02,170.57000732421875,171.4600067138672
2020-12-03,172.63999938964844,172.80999755859375
2020-12-04,172.77999877929688,172.32000732421875
2020-12-07,172.55999755859375,174.88999938964844
2020-12-08,175.50999450683594,175.5
2020-12-09,173.9199981689453,172.5
2020-12-10,172.89999389648438,172.1699981689453
2020-12-11,172.25,172.49000549316406
2020-12-14,171.91000366210938,171.5399932861328
2020-12-15,173.42999267578125,173.94000244140625
2020-12-16,174.1300048828125,174.89999389648438
2020-12-17,177.14999389648438,176.74000549316406
2020-12-18,176.64999389648438,176.44000244140625
2020-12-21,176.2899932861328,175.8800048828125
2020-12-22,176.1999969482422,174.49000549316406
2020-12-23,175.10000610351562,175.64999389648438
2020-12-24,175.5500030517578,176.35000610351562
2020-12-28,177.25999450683594,175.7100067138672
2020-12-29,176.25,176.35000610351562
2020-12-30,176.44000244140625,177.6999969482422
2020-12-31,178.07000732421875,178.36000061035156
2021-01-04,181.97000122070312,182.3300018310547
2021-01-05,182.8699951171875,182.8699951171875
2021-01-06,181.49000549316406,179.89999389648438
2021-01-07,179.69000244140625,179.47999572753906
2021-01-08,176.8300018310547,173.33999633789062
2021-01-11,172.13999938964844,173.0
2021-01-12,173.1300048828125,174.1199951171875
2021-01-13,173.67999267578125,173.3699951171875
2021-01-14,173.44000244140625,173.27999877929688
2021-01-15,172.83999633789062,171.1300048828125
2021-01-19,172.7100067138672,172.5800018310547
2021-01-20,174.3699951171875,175.38999938964844
2021-01-21,175.11000061035156,175.27999877929688
2021-01-22,172.88999938964844,173.89999389648438
2021-01-25,174.82000732421875,174.0500030517578
2021-01-26,173.97999572753906,173.6199951171875
2021-01-27,172.92999267578125,172.52000427246094
2021-01-28,174.27999877929688,172.67999267578125
2021-01-29,174.8699951171875,172.61000061035156
2021-02-01,175.02000427246094,174.22999572753906
2021-02-02,172.49000549316406,172.11000061035156
2021-02-03,172.36000061035156,171.85000610351562
2021-02-04,168.2899932861328,168.14999389648438
2021-02-05,168.99000549316406,169.80999755859375
2021-02-08,171.97999572753906,171.52000427246094
2021-02-09,172.57000732421875,172.0800018310547
2021-02-10,173.14999389648438,172.7100067138672
2021-02-11,172.6999969482422,171.2100067138672
2021-02-12,170.2899932861328,170.69000244140625
2021-02-16,168.13999938964844,168.24000549316406
2021-02-17,166.9199981689453,166.3300018310547
2021-02-18,166.97999572753906,166.32000732421875
2021-02-19,166.75999450683594,167.00999450683594
2021-02-22,168.5399932861328,169.50999450683594
2021-02-23,169.47999572753906,169.1199951171875
2021-02-24,167.64999389648438,169.0
2021-02-25,166.9199981689453,165.82000732421875
2021-02-26,165.0,161.80999755859375
2021-03-01,163.02999877929688,161.52999877929688
2021-03-02,161.92999267578125,162.41000366210938
2021-03-03,160.61000061035156,160.6199951171875
2021-03-04,160.60000610351562,159.0399932861328
2021-03-05,159.66000366210938,159.13999938964844
2021-03-08,158.5800018310547,157.49000549316406
2021-03-09,160.75,160.83999633789062
2021-03-10,161.05999755859375,161.66000366210938
2021-03-11,161.47000122070312,161.52000427246094
2021-03-12,159.5399932861328,161.49000549316406
2021-03-15,162.30999755859375,162.1999969482422
2021-03-16,162.36000061035156,162.35000610351562
2021-03-17,162.27000427246094,163.50999450683594
2021-03-18,161.14999389648438,162.55999755859375
2021-03-19,162.55999755859375,163.24000549316406
2021-03-22,162.27000427246094,163.0
2021-03-23,162.4499969482422,161.80999755859375
2021-03-24,162.2100067138672,162.3699951171875
2021-03-25,163.05999755859375,161.77999877929688
2021-03-26,161.7100067138672,162.24000549316406
2021-03-29,161.4600067138672,160.30999755859375
2021-03-30,157.94000244140625,157.57000732421875
2021-03-31,158.05999755859375,159.9600067138672
2021-04-01,161.55999755859375,161.97999572753906
2021-04-05,161.52000427246094,161.9199981689453
2021-04-06,162.7899932861328,163.22000122070312
2021-04-07,162.82000732421875,162.75999450683594
2021-04-08,164.1699981689453,164.50999450683594
2021-04-09,162.75,163.27000427246094
2021-04-12,162.72999572753906,162.27999877929688
2021-04-13,163.17999267578125,163.42999267578125
2021-04-14,162.77000427246094,162.72000122070312
2021-04-15,164.07000732421875,165.35000610351562
2021-04-16,166.24000549316406,166.35000610351562
2021-04-19,165.91000366210938,165.88999938964844
2021-04-20,165.64999389648438,166.47999572753906
2021-04-21,167.17999267578125,168.1300048828125
2021-04-22,167.11000061035156,167.0399932861328
2021-04-23,167.3699951171875,166.39999389648438
2021-04-26,166.6300048828125,166.83999633789062
2021-04-27,166.9199981689453,166.4199981689453
2021-04-28,165.75,166.91000366210938
2021-04-29,165.5800018310547,166.22000122070312
2021-04-30,165.86000061035156,165.66000366210938
2021-05-03,167.61000061035156,167.80999755859375
2021-05-04,167.69000244140625,166.5800018310547
2021-05-05,166.6300048828125,167.27000427246094
2021-05-06,167.9499969482422,170.05999755859375
2021-05-07,171.52999877929688,171.58999633789062
2021-05-10,172.74000549316406,172.11000061035156
2021-05-11,170.55999755859375,172.13999938964844
2021-05-12,171.42999267578125,170.42999267578125
2021-05-13,170.35000610351562,171.1300048828125
2021-05-14,172.0500030517578,172.69000244140625
2021-05-17,173.3000030517578,174.6999969482422
2021-05-18,175.17999267578125,175.0399932861328
2021-05-19,175.13999938964844,175.16000366210938
2021-05-20,175.32000732421875,175.9600067138672
2021-05-21,176.5800018310547,176.0399932861328
2021-05-24,176.14999389648438,176.35000610351562
2021-05-25,176.14999389648438,177.9499969482422
2021-05-26,178.3699951171875,177.63999938964844
2021-05-27,177.38999938964844,177.7100067138672
2021-05-28,177.4600067138672,178.3800048828125
2021-06-01,178.75999450683594,177.89999389648438
2021-06-02,178.33999633789062,178.77000427246094
2021-06-03,175.8300018310547,175.27000427246094
2021-06-04,176.64999389648438,177.16000366210938
2021-06-07,176.9600067138672,177.8699951171875
2021-06-08,177.22999572753906,177.32000732421875
2021-06-09,177.3800048828125,176.97999572753906
2021-06-10,176.6999969482422,177.74000549316406
2021-06-11,176.3300018310547,175.74000549316406
2021-06-14,173.16000366210938,174.7100067138672
2021-06-15,174.77999877929688,174.0500030517578
2021-06-16,173.91000366210938,171.11000061035156
2021-06-17,167.02000427246094,165.85000610351562
2021-06-18,166.13999938964844,164.92999267578125
2021-06-21,166.52000427246094,166.9499969482422
2021-06-22,166.35000610351562,166.25
2021-06-23,166.97000122070312,166.13999938964844
2021-06-24,167.0,166.0399932861328
2021-06-25,167.4499969482422,166.58999633789062
2021-06-28,166.67999267578125,166.5800018310547
2021-06-29,164.33999633789062,164.8300018310547
2021-06-30,164.57000732421875,165.6300048828125
2021-07-01,166.64999389648438,166.1999969482422
2021-07-02,167.35000610351562,167.2899932861328
2021-07-06,169.27000427246094,168.1199951171875
2021-07-07,168.72000122070312,168.75999450683594
2021-07-08,169.82000732421875,168.64999389648438
2021-07-09,168.83999633789062,169.2100067138672
2021-07-12,168.6999969482422,169.0
2021-07-13,169.50999450683594,169.22000122070312
2021-07-14,170.91000366210938,171.0399932861328
2021-07-15,170.88999938964844,171.07000732421875
2021-07-16,170.64999389648438,169.41000366210938
2021-07-19,169.50999450683594,169.61000061035156
2021-07-20,170.50999450683594,169.38999938964844
2021-07-21,168.3300018310547,168.75999450683594
2021-07-22,168.49000549316406,169.08999633789062
2021-07-23,168.5,168.55999755859375
2021-07-26,168.5800018310547,168.16000366210938
2021-07-27,168.72999572753906,168.44000244140625
2021-07-28,168.25999450683594,169.2899932861328
2021-07-29,170.6999969482422,171.1699981689453
2021-07-30,170.72000122070312,169.82000732421875
2021-08-02,169.3000030517578,169.61000061035156
2021-08-03,169.4199981689453,169.49000549316406
2021-08-04,171.27999877929688,169.52999877929688
2021-08-05,169.3699951171875,168.86000061035156
2021-08-06,165.83999633789062,164.63999938964844
2021-08-09,163.00999450683594,161.72000122070312
2021-08-10,161.38999938964844,161.77000427246094
2021-08-11,163.14999389648438,164.0
2021-08-12,163.64999389648438,164.0399932861328
2021-08-13,165.02000427246094,166.38999938964844
2021-08-16,166.72999572753906,167.22000122070312
2021-08-17,167.2899932861328,166.97000122070312
2021-08-18,167.24000549316406,167.10000610351562
2021-08-19,167.24000549316406,166.61000061035156
2021-08-20,166.8000030517578,166.6999969482422
2021-08-23,168.82000732421875,168.72999572753906
2021-08-24,169.0399932861328,168.64999389648438
2021-08-25,167.8800048828125,167.47999572753906
2021-08-26,167.2100067138672,167.6699981689453
2021-08-27,167.5800018310547,170.19000244140625
2021-08-30,169.66000366210938,169.35000610351562
2021-08-31,169.22999572753906,169.69000244140625
2021-09-01,169.94000244140625,169.6999969482422
2021-09-02,169.5,169.25
2021-09-03,170.58999633789062,171.05999755859375
2021-09-07,169.55999755859375,167.7100067138672
2021-09-08,168.02000427246094,167.2899932861328
2021-09-09,168.1699981689453,168.02999877929688
2021-09-10,167.80999755859375,167.17999267578125
2021-09-13,167.4499969482422,167.74000549316406
2021-09-14,168.22000122070312,168.82000732421875
2021-09-15,168.1300048828125,167.8300018310547
2021-09-16,164.3800048828125,164.02999877929688
2021-09-17,163.86000061035156,163.77000427246094
2021-09-20,164.2899932861328,164.94000244140625
2021-09-21,165.80999755859375,166.0399932861328
2021-09-22,165.88999938964844,165.4199981689453
2021-09-23,164.10000610351562,163.50999450683594
2021-09-24,163.0,163.3000030517578
2021-09-27,163.85000610351562,163.63999938964844
2021-09-28,162.72999572753906,162.0500030517578
2021-09-29,162.35000610351562,161.32000732421875
2021-09-30,162.66000366210938,164.22000122070312
2021-10-01,164.27000427246094,164.58999633789062
2021-10-04,163.69000244140625,165.36000061035156
2021-10-05,163.94000244140625,164.58999633789062
2021-10-06,164.22999572753906,165.02999877929688
2021-10-07,164.02000427246094,164.16000366210938
2021-10-08,166.32000732421875,164.22999572753906
2021-10-11,164.0399932861328,163.9199981689453
2021-10-12,164.57000732421875,164.66000366210938
2021-10-13,165.27999877929688,167.58999633789062
2021-10-14,168.19000244140625,168.0
2021-10-15,165.38999938964844,165.3300018310547
2021-10-18,165.4199981689453,164.9199981689453
2021-10-19,166.5,165.4499969482422
2021-10-20,166.2100067138672,166.89999389648438
2021-10-21,166.6999969482422,166.75
2021-10-22,168.6699981689453,167.77000427246094
2021-10-25,168.66000366210938,168.92999267578125
2021-10-26,167.8800048828125,167.67999267578125
2021-10-27,167.72999572753906,168.1199951171875
2021-10-28,168.97999572753906,168.0800018310547
2021-10-29,166.2899932861328,166.64999389648438
2021-11-01,167.3800048828125,167.52000427246094
2021-11-02,167.42999267578125,167.16000366210938
2021-11-03,165.33999633789062,165.77000427246094
2021-11-04,167.50999450683594,167.64999389648438
2021-11-05,168.4199981689453,169.83999633789062
2021-11-08,170.42999267578125,170.4499969482422
2021-11-09,170.72999572753906,171.2899932861328
2021-11-10,173.6699981689453,173.14999389648438
2021-11-11,173.97999572753906,174.1199951171875
2021-11-12,173.50999450683594,174.4499969482422
2021-11-15,174.10000610351562,174.17999267578125
2021-11-16,173.97000122070312,172.9199981689453
2021-11-17,174.24000549316406,174.5
2021-11-18,173.9600067138672,173.94000244140625
2021-11-19,173.69000244140625,172.61000061035156
2021-11-22,169.89999389648438,168.74000549316406
2021-11-23,167.27999877929688,167.27999877929688
2021-11-24,166.5800018310547,167.1199951171875
2021-11-26,168.60000610351562,166.85000610351562
2021-11-29,166.83999633789062,166.6199951171875
2021-11-30,167.77000427246094,165.5
2021-12-01,166.83999633789062,166.16000366210938
2021-12-02,165.88999938964844,165.24000549316406
2021-12-03,165.49000549316406,166.6300048828125
2021-12-06,166.13999938964844,166.22000122070312
2021-12-07,166.1999969482422,166.80999755859375
2021-12-08,166.50999450683594,166.89999389648438
2021-12-09,166.5399932861328,165.8800048828125
2021-12-10,166.72000122070312,166.5800018310547
2021-12-13,166.89999389648438,167.0
2021-12-14,165.33999633789062,165.44000244140625
2021-12-15,165.27000427246094,166.14999389648438
2021-12-16,167.00999450683594,168.16000366210938
2021-12-17,168.72999572753906,167.8000030517578
2021-12-20,167.8800048828125,167.08999633789062
2021-12-21,167.69000244140625,167.02000427246094
2021-12-22,167.5800018310547,168.58999633789062
2021-12-23,168.69000244140625,168.97000122070312
2021-12-27,168.9600067138672,169.3699951171875
2021-12-28,169.3300018310547,168.63999938964844
2021-12-29,167.36000061035156,168.58999633789062
2021-12-30,168.42999267578125,169.8000030517578
2021-12-31,170.52999877929688,170.9600067138672
2022-01-03,168.86000061035156,168.3300018310547
2022-01-04,168.89999389648438,169.57000732421875
2022-01-05,170.6199951171875,169.05999755859375
2022-01-06,167.16000366210938,166.99000549316406
2022-01-07,167.3699951171875,167.75
2022-01-10,167.36000061035156,168.25999450683594
2022-01-11,168.44000244140625,170.2899932861328
2022-01-12,170.19000244140625,170.74000549316406
2022-01-13,170.08999633789062,170.16000366210938
2022-01-14,170.22000122070312,169.6699981689453
2022-01-18,169.63999938964844,169.38999938964844
2022-01-19,170.38999938964844,172.0800018310547
2022-01-20,172.30999755859375,171.64999389648438
2022-01-21,172.0399932861328,171.08999633789062
2022-01-24,171.77999877929688,172.02999877929688
2022-01-25,171.9499969482422,172.5800018310547
2022-01-26,171.38999938964844,169.7899932861328
2022-01-27,168.02000427246094,167.60000610351562
2022-01-28,166.55999755859375,167.10000610351562
2022-01-31,167.7899932861328,168.08999633789062
2022-02-01,168.57000732421875,168.22999572753906
2022-02-02,168.33999633789062,168.83999633789062
2022-02-03,168.30999755859375,168.60000610351562
2022-02-04,168.0399932861328,168.86000061035156
2022-02-07,169.4499969482422,170.11000061035156
2022-02-08,170.10000610351562,170.6300048828125
2022-02-09,170.67999267578125,171.2100067138672
2022-02-10,170.52000427246094,170.55999755859375
2022-02-11,170.75,173.80999755859375
2022-02-14,173.77999877929688,174.74000549316406
2022-02-15,173.10000610351562,173.0800018310547
2022-02-16,173.49000549316406,174.86000061035156
2022-02-17,176.6999969482422,177.25
2022-02-18,177.07000732421875,177.1199951171875
2022-02-22,177.6699981689453,177.49000549316406
2022-02-23,177.38999938964844,178.2899932861328
2022-02-24,182.58999633789062,177.13999938964844
2022-02-25,176.4199981689453,176.5500030517578
2022-02-28,178.86000061035156,178.3800048828125
2022-03-01,179.0500030517578,181.6199951171875
2022-03-02,180.1300048828125,179.72999572753906
2022-03-03,179.9600067138672,180.8000030517578
2022-03-04,182.11000061035156,183.67999267578125
2022-03-07,184.4499969482422,186.41000366210938
2022-03-08,188.35000610351562,191.50999450683594
2022-03-09,186.0399932861328,185.82000732421875
2022-03-10,186.8800048828125,186.39999389648438
2022-03-11,183.74000549316406,185.08999633789062
2022-03-14,183.02999877929688,182.3000030517578
2022-03-15,179.10000610351562,178.88999938964844
2022-03-16,179.1300048828125,180.00999450683594
2022-03-17,181.16000366210938,180.88999938964844
2022-03-18,179.92999267578125,179.3000030517578
2022-03-21,179.3300018310547,180.6699981689453
2022-03-22,179.60000610351562,179.36000061035156
2022-03-23,180.2899932861328,181.80999755859375
2022-03-24,182.35000610351562,183.1300048828125
2022-03-25,181.80999755859375,182.3800048828125
2022-03-28,180.3800048828125,179.05999755859375
2022-03-29,177.02000427246094,179.13999938964844
2022-03-30,179.75999450683594,180.5800018310547
2022-03-31,180.91000366210938,180.64999389648438
2022-04-01,179.5500030517578,179.5
2022-04-04,180.24000549316406,180.3699951171875
2022-04-05,180.91000366210938,179.24000549316406
2022-04-06,179.77999877929688,179.66000366210938
2022-04-07,179.8699951171875,180.33999633789062
2022-04-08,180.52000427246094,181.47000122070312
2022-04-11,183.1699981689453,182.3699951171875
2022-04-12,184.0399932861328,183.77000427246094
2022-04-13,184.5,184.64999389648438
2022-04-14,184.27999877929688,184.0399932861328
2022-04-18,185.9499969482422,184.61000061035156
2022-04-19,183.19000244140625,181.82000732421875
2022-04-20,181.58999633789062,182.7100067138672
2022-04-21,181.77000427246094,182.05999755859375
2022-04-22,180.72000122070312,180.2899932861328
2022-04-25,177.1699981689453,177.0500030517578
2022-04-26,177.9499969482422,177.32000732421875
2022-04-27,176.4600067138672,175.97999572753906
2022-04-28,175.9199981689453,176.92999267578125
2022-04-29,178.07000732421875,176.91000366210938
2022-05-02,173.61000061035156,173.6300048828125
2022-05-03,173.88999938964844,174.08999633789062
2022-05-04,174.32000732421875,175.8000030517578
2022-05-05,177.55999755859375,175.1300048828125
2022-05-06,175.38999938964844,175.4199981689453
2022-05-09,174.27000427246094,172.8800048828125
2022-05-10,173.8000030517578,171.4199981689453
2022-05-11,172.50999450683594,172.82000732421875
2022-05-12,172.07000732421875,170.1699981689453
2022-05-13,168.30999755859375,168.7899932861328
2022-05-16,168.42999267578125,170.39999389648438
2022-05-17,170.44000244140625,169.3300018310547
2022-05-18,169.00999450683594,169.4199981689453
2022-05-19,171.5500030517578,171.91000366210938
2022-05-20,171.7100067138672,172.02999877929688
2022-05-23,173.1300048828125,172.8300018310547
2022-05-24,173.47000122070312,174.1300048828125
2022-05-25,172.7899932861328,173.0800018310547
2022-05-26,172.1300048828125,172.75999450683594
2022-05-27,173.49000549316406,172.85000610351562
2022-05-31,172.7100067138672,171.13999938964844
2022-06-01,172.2100067138672,172.22999572753906
2022-06-02,173.66000366210938,174.35000610351562
2022-06-03,173.52999877929688,172.5800018310547
2022-06-06,172.80999755859375,171.82000732421875
2022-06-07,172.11000061035156,172.94000244140625
2022-06-08,172.88999938964844,172.77999877929688
2022-06-09,172.4499969482422,172.22999572753906
2022-06-10,170.88999938964844,174.5399932861328
2022-06-13,171.17999267578125,169.92999267578125
2022-06-14,169.61000061035156,168.57000732421875
2022-06-15,170.39999389648438,170.77000427246094
2022-06-16,170.55999755859375,172.69000244140625
2022-06-17,172.14999389648438,171.27000427246094
2022-06-21,171.05999755859375,170.6300048828125
2022-06-22,171.61000061035156,171.30999755859375
2022-06-23,171.38999938964844,170.25999450683594
2022-06-24,170.24000549316406,170.08999633789062
2022-06-27,170.60000610351562,169.89999389648438
2022-06-28,170.07000732421875,169.6199951171875
2022-06-29,170.5800018310547,169.49000549316406
2022-06-30,169.50999450683594,168.4600067138672
2022-07-01,167.13999938964844,168.32000732421875
2022-07-05,167.17999267578125,164.75
2022-07-06,164.32000732421875,162.13999938964844
2022-07-07,162.42999267578125,162.22999572753906
2022-07-08,162.35000610351562,162.3000030517578
2022-07-11,161.92999267578125,161.42999267578125
2022-07-12,161.22000122070312,160.8300018310547
2022-07-13,160.10000610351562,161.60000610351562
2022-07-14,159.02000427246094,159.3300018310547
2022-07-15,159.00999450683594,159.00999450683594
2022-07-18,160.0800018310547,159.16000366210938
2022-07-19,159.47000122070312,159.5399932861328
2022-07-20,159.7100067138672,158.0399932861328
2022-07-21,158.30999755859375,160.27000427246094
2022-07-22,160.5500030517578,160.6699981689453
2022-07-25,160.63999938964844,160.22999572753906
2022-07-26,160.22999572753906,160.0399932861328
2022-07-27,160.02000427246094,161.6699981689453
2022-07-28,163.30999755859375,163.63999938964844
2022-07-29,163.88999938964844,164.10000610351562
2022-08-01,164.97999572753906,165.02999877929688
2022-08-02,165.66000366210938,164.0500030517578
2022-08-03,164.77000427246094,164.4499969482422
2022-08-04,165.52999877929688,167.1699981689453
2022-08-05,164.99000549316406,165.2899932861328
2022-08-08,166.02999877929688,166.69000244140625
2022-08-09,167.47999572753906,167.1999969482422
2022-08-10,167.38999938964844,166.77999877929688
2022-08-11,167.16000366210938,166.33999633789062
2022-08-12,167.1699981689453,167.8699951171875
2022-08-15,165.99000549316406,165.7100067138672
2022-08-16,165.30999755859375,165.4199981689453
2022-08-17,165.2100067138672,164.35000610351562
2022-08-18,164.60000610351562,163.9199981689453
2022-08-19,163.64999389648438,162.72000122070312
2022-08-22,161.66000366210938,161.63999938964844
2022-08-23,161.9600067138672,162.77000427246094
2022-08-24,162.44000244140625,163.25
2022-08-25,163.97000122070312,163.75
2022-08-26,163.1199951171875,161.75999450683594
2022-08-29,161.8800048828125,161.86000061035156
2022-08-30,161.27000427246094,160.50999450683594
2022-08-31,159.5,159.27000427246094
2022-09-01,158.1699981689453,157.8699951171875
2022-09-02,159.35000610351562,159.25999450683594
2022-09-06,159.1699981689453,158.3300018310547
2022-09-07,158.14999389648438,159.94000244140625
2022-09-08,159.5399932861328,158.97999572753906
2022-09-09,159.72000122070312,159.82000732421875
2022-09-12,161.0399932861328,160.6300048828125
2022-09-13,158.47000122070312,158.5399932861328
2022-09-14,158.67999267578125,157.92999267578125
2022-09-15,156.75999450683594,154.97999572753906
2022-09-16,154.66000366210938,155.83999633789062
2022-09-19,154.8699951171875,155.9600067138672
2022-09-20,155.02999877929688,155.07000732421875
2022-09-21,155.97000122070312,155.7899932861328
2022-09-22,156.25999450683594,155.6999969482422
2022-09-23,153.89999389648438,153.00999450683594
2022-09-26,153.22000122070312,151.22999572753906
2022-09-27,152.25,151.5399932861328
2022-09-28,153.1999969482422,154.69000244140625
2022-09-29,154.13999938964844,154.66000366210938
2022-09-30,154.94000244140625,154.6699981689453
2022-10-03,155.44000244140625,158.42999267578125
2022-10-04,159.17999267578125,160.6999969482422
2022-10-05,159.32000732421875,159.80999755859375
2022-10-06,159.41000366210938,159.6300048828125
2022-10-07,158.4600067138672,157.8800048828125
2022-10-10,155.94000244140625,155.47999572753906
2022-10-11,155.49000549316406,155.16000366210938
2022-10-12,155.50999450683594,155.99000549316406
2022-10-13,153.47999572753906,154.91000366210938
2022-10-14,154.02000427246094,152.97999572753906
2022-10-17,154.9199981689453,153.4199981689453
2022-10-18,154.0800018310547,153.75
2022-10-19,152.08999633789062,151.69000244140625
2022-10-20,151.9199981689453,151.4499969482422
2022-10-21,151.97999572753906,154.14999389648438
2022-10-24,153.4499969482422,153.64999389648438
2022-10-25,153.9600067138672,154.0
2022-10-26,154.77999877929688,154.97999572753906
2022-10-27,154.7100067138672,154.74000549316406
2022-10-28,152.9600067138672,153.16000366210938
2022-10-31,152.16000366210938,151.91000366210938
2022-11-01,153.82000732421875,153.4600067138672
2022-11-02,154.16000366210938,152.38999938964844
2022-11-03,150.6999969482422,151.80999755859375
2022-11-04,154.9499969482422,156.47000122070312
2022-11-07,156.22000122070312,155.85000610351562
2022-11-08,155.99000549316406,159.4499969482422
2022-11-09,159.36000061035156,158.64999389648438
2022-11-10,162.00999450683594,163.47999572753906
2022-11-11,163.91000366210938,164.55999755859375
2022-11-14,164.1999969482422,164.9199981689453
2022-11-15,165.27000427246094,165.5
2022-11-16,165.41000366210938,165.1199951171875
2022-11-17,163.7899932861328,163.9199981689453
2022-11-18,163.3800048828125,162.7899932861328
2022-11-21,162.44000244140625,161.8800048828125
2022-11-22,162.3000030517578,162.07000732421875
2022-11-23,161.69000244140625,163.0800018310547
2022-11-25,162.85000610351562,163.22000122070312
2022-11-28,162.92999267578125,161.92999267578125
2022-11-29,162.6999969482422,162.72999572753906
2022-11-30,163.69000244140625,164.80999755859375
2022-12-01,167.47999572753906,167.83999633789062
2022-12-02,166.17999267578125,167.25999450683594
2022-12-05,166.5500030517578,164.38999938964844
2022-12-06,165.1999969482422,164.83999633789062
2022-12-07,165.47000122070312,166.3300018310547
2022-12-08,166.5800018310547,166.47000122070312
2022-12-09,167.25999450683594,167.05999755859375
2022-12-12,166.44000244140625,165.67999267578125
2022-12-13,169.2100067138672,168.50999450683594
2022-12-14,168.42999267578125,168.10000610351562
2022-12-15,165.72999572753906,165.35000610351562
2022-12-16,166.02000427246094,166.7899932861328
2022-12-19,166.7100067138672,166.32000732421875
2022-12-20,168.10000610351562,169.0800018310547
2022-12-21,169.0399932861328,168.8000030517578
2022-12-22,167.75999450683594,166.75999450683594
2022-12-23,166.8800048828125,167.25999450683594
2022-12-27,167.88999938964844,168.6699981689453
2022-12-28,168.0500030517578,167.91000366210938
2022-12-29,168.5399932861328,168.85000610351562
2022-12-30,169.25999450683594,169.63999938964844
2023-01-03,171.32000732421875,171.05999755859375
2023-01-04,172.86000061035156,172.6699981689453
2023-01-05,170.82000732421875,170.52000427246094
2023-01-06,171.75999450683594,173.7100067138672
2023-01-09,174.50999450683594,174.10000610351562
2023-01-10,174.61000061035156,174.74000549316406
2023-01-11,174.75999450683594,174.6199951171875
2023-01-12,176.00999450683594,176.63999938964844
2023-01-13,176.9600067138672,178.75999450683594
2023-01-17,178.2100067138672,177.58999633789062
2023-01-18,178.9199981689453,177.0800018310547
2023-01-19,178.3699951171875,179.88999938964844
2023-01-20,179.05999755859375,179.2899932861328
2023-01-23,178.35000610351562,179.6300048828125
2023-01-24,179.55999755859375,180.27999877929688
2023-01-25,179.35000610351562,181.11000061035156
2023-01-26,180.14999389648438,179.47000122070312
2023-01-27,179.27000427246094,179.22000122070312
2023-01-30,179.2899932861328,178.75999450683594
2023-01-31,178.82000732421875,179.41000366210938
2023-02-01,179.75,181.6699981689453
2023-02-02,181.0800018310547,177.89999389648438
2023-02-03,174.9199981689453,173.4600067138672
2023-02-06,174.11000061035156,173.82000732421875
2023-02-07,173.72000122070312,173.97999572753906
2023-02-08,174.94000244140625,174.41000366210938
2023-02-09,175.49000549316406,173.02999877929688
2023-02-10,173.6300048828125,173.36000061035156
2023-02-13,172.6999969482422,172.47999572753906
2023-02-14,171.97000122070312,172.61000061035156
2023-02-15,170.60000610351562,170.88999938964844
2023-02-16,170.33999633789062,170.75
2023-02-17,169.8699951171875,171.25999450683594
2023-02-21,171.1999969482422,170.6199951171875
2023-02-22,170.80999755859375,169.66000366210938
2023-02-23,169.83999633789062,169.57000732421875
2023-02-24,168.4199981689453,168.35000610351562
2023-02-27,168.8800048828125,169.00999450683594
2023-02-28,168.77999877929688,169.77999877929688
2023-03-01,170.9499969482422,170.75999450683594
2023-03-02,170.52000427246094,170.66000366210938
2023-03-03,171.4499969482422,172.49000549316406
2023-03-06,172.32000732421875,171.6199951171875
2023-03-07,170.4199981689453,168.6199951171875
2023-03-08,168.61000061035156,168.5399932861328
2023-03-09,169.75,170.1999969482422
2023-03-10,171.92999267578125,173.8699951171875
2023-03-13,176.66000366210938,177.86000061035156
2023-03-14,177.35000610351562,176.8300018310547
2023-03-15,178.86000061035156,178.2100067138672
2023-03-16,179.50999450683594,178.57000732421875
2023-03-17,181.02000427246094,183.77000427246094
2023-03-20,184.19000244140625,183.83999633789062
2023-03-21,182.64999389648438,180.3699951171875
2023-03-22,180.39999389648438,183.44000244140625
2023-03-23,183.91000366210938,185.74000549316406
2023-03-24,185.61000061035156,183.64999389648438
2023-03-27,181.14999389648438,181.9499969482422
2023-03-28,182.30999755859375,183.44000244140625
2023-03-29,182.49000549316406,182.52999877929688
2023-03-30,182.75,184.17999267578125
2023-03-31,184.11000061035156,183.22000122070312
2023-04-03,183.85000610351562,184.5399932861328
2023-04-04,184.72000122070312,187.97999572753906
2023-04-05,188.33999633789062,187.8300018310547
2023-04-06,186.88999938964844,186.49000549316406
2023-04-10,185.17999267578125,185.11000061035156
2023-04-11,185.91000366210938,186.27999877929688
2023-04-12,187.5399932861328,187.19000244140625
2023-04-13,189.75999450683594,189.72000122070312
2023-04-14,188.0800018310547,186.36000061035156
2023-04-17,185.88999938964844,185.52999877929688
2023-04-18,185.24000549316406,186.25
2023-04-19,184.35000610351562,185.36000061035156
2023-04-20,186.13999938964844,186.08999633789062
2023-04-21,184.97999572753906,184.25
2023-04-24,184.07000732421875,184.80999755859375
2023-04-25,184.83999633789062,185.75
2023-04-26,186.6300048828125,184.74000549316406
2023-04-27,183.89999389648438,184.75
2023-04-28,184.7899932861328,184.8000030517578
2023-05-01,186.0500030517578,183.97000122070312
2023-05-02,184.64999389648438,187.52000427246094
2023-05-03,187.61000061035156,189.11000061035156
2023-05-04,188.86000061035156,190.44000244140625
2023-05-05,186.55999755859375,187.4600067138672
2023-05-08,187.82000732421875,187.69000244140625
2023-05-09,188.1199951171875,189.02000427246094
2023-05-10,188.97999572753906,188.75
2023-05-11,188.44000244140625,187.1300048828125
2023-05-12,187.42999267578125,186.80999755859375
2023-05-15,187.3000030517578,187.2100067138672
2023-05-16,186.5800018310547,184.8699951171875
2023-05-17,184.30999755859375,184.22999572753906
2023-05-18,182.10000610351562,181.83999633789062
2023-05-19,182.25,183.63999938964844
2023-05-22,183.22000122070312,183.2100067138672
2023-05-23,182.77999877929688,183.42999267578125
2023-05-24,183.5399932861328,181.9499969482422
2023-05-25,181.17999267578125,180.1999969482422
2023-05-26,181.00999450683594,180.9199981689453
2023-05-30,181.72000122070312,182.0399932861328
2023-05-31,182.38999938964844,182.32000732421875
2023-06-01,182.80999755859375,183.75999450683594
2023-06-02,183.52999877929688,181.0500030517578
2023-06-05,180.7899932861328,182.13999938964844
2023-06-06,182.36000061035156,182.33999633789062
2023-06-07,181.94000244140625,180.14999389648438
2023-06-08,182.0,182.52999877929688
2023-06-09,182.36000061035156,182.0399932861328
2023-06-12,181.8000030517578,181.8800048828125
2023-06-13,182.10000610351562,180.5399932861328
2023-06-14,181.69000244140625,180.63999938964844
2023-06-15,180.27999877929688,181.91000366210938
2023-06-16,181.92999267578125,181.6300048828125
2023-06-20,180.05999755859375,179.75
2023-06-21,179.14999389648438,179.49000549316406
2023-06-22,178.36000061035156,177.7100067138672
2023-06-23,179.60000610351562,178.1999969482422
2023-06-26,179.0500030517578,178.50999450683594
2023-06-27,179.07000732421875,177.69000244140625
2023-06-28,177.22999572753906,177.27999877929688
2023-06-29,175.8300018310547,177.08999633789062
2023-06-30,177.69000244140625,178.27000427246094
2023-07-03,178.61000061035156,178.47000122070312
2023-07-05,179.41000366210938,177.83999633789062
2023-07-06,177.50999450683594,177.30999755859375
2023-07-07,178.3800048828125,178.63999938964844
2023-07-10,178.3699951171875,178.77999877929688
2023-07-11,179.42999267578125,179.4499969482422
2023-07-12,181.17999267578125,181.8800048828125
2023-07-13,181.9600067138672,182.00999450683594
2023-07-14,181.58999633789062,181.42999267578125
2023-07-17,180.99000549316406,181.55999755859375
2023-07-18,182.7899932861328,183.63999938964844
2023-07-19,183.4499969482422,183.6699981689453
2023-07-20,183.72999572753906,182.74000549316406
2023-07-21,182.05999755859375,182.17999267578125
2023-07-24,182.22000122070312,181.39999389648438
2023-07-25,181.72000122070312,182.41000366210938
2023-07-26,182.66000366210938,183.3000030517578
2023-07-27,181.63999938964844,180.4199981689453
2023-07-28,181.47999572753906,181.86000061035156
2023-07-31,182.42999267578125,182.35000610351562
2023-08-01,180.85000610351562,180.4600067138672
2023-08-02,180.57000732421875,179.60000610351562
2023-08-03,179.44000244140625,179.5399932861328
2023-08-04,180.25,180.19000244140625
2023-08-07,180.14999389648438,179.77999877929688
2023-08-08,178.63999938964844,178.63999938964844
2023-08-09,178.67999267578125,177.7899932861328
2023-08-10,178.22000122070312,177.60000610351562
2023-08-11,177.6999969482422,177.60000610351562
2023-08-14,176.86000061035156,177.05999755859375
2023-08-15,176.75,176.58999633789062
2023-08-16,176.6199951171875,175.57000732421875
2023-08-17,176.52999877929688,175.3000030517578
2023-08-18,175.8300018310547,175.3300018310547
2023-08-21,175.89999389648438,175.80999755859375
2023-08-22,175.8300018310547,176.10000610351562
2023-08-23,177.32000732421875,177.88999938964844
2023-08-24,177.66000366210938,177.85000610351562
2023-08-25,177.5800018310547,177.6199951171875
2023-08-28,177.64999389648438,178.1300048828125
2023-08-29,178.02999877929688,179.8699951171875
2023-08-30,180.5800018310547,180.32000732421875
2023-08-31,180.3699951171875,180.02000427246094
2023-09-01,180.8000030517578,180.11000061035156
2023-09-05,179.3300018310547,178.63999938964844
2023-09-06,178.3300018310547,177.8300018310547
2023-09-07,178.30999755859375,178.02000427246094
2023-09-08,178.36000061035156,178.0800018310547
2023-09-11,178.97000122070312,178.41000366210938
2023-09-12,177.11000061035156,177.49000549316406
2023-09-13,177.52999877929688,177.0800018310547
2023-09-14,176.5,177.1699981689453
2023-09-15,178.5500030517578,178.33999633789062
2023-09-18,178.82000732421875,179.38999938964844
2023-09-19,179.5399932861328,179.22000122070312
2023-09-20,179.33999633789062,179.35000610351562
2023-09-21,177.86000061035156,178.0500030517578
2023-09-22,178.64999389648438,178.6199951171875
2023-09-25,178.41000366210938,177.6999969482422
2023-09-26,176.8300018310547,176.27999877929688
2023-09-27,175.27000427246094,174.10000610351562
2023-09-28,173.91000366210938,173.22999572753906
2023-09-29,173.9199981689453,171.4499969482422
2023-10-02,170.22999572753906,169.64999389648438
2023-10-03,169.13999938964844,169.16000366210938
2023-10-04,169.2100067138672,169.13999938964844
2023-10-05,168.74000549316406,168.8300018310547
2023-10-06,169.1699981689453,169.6999969482422
2023-10-09,171.17999267578125,172.82000732421875
2023-10-10,172.0800018310547,172.52999877929688
2023-10-11,173.60000610351562,173.7899932861328
2023-10-12,174.05999755859375,173.25999450683594
2023-10-13,176.88999938964844,178.8300018310547
2023-10-16,177.83999633789062,177.9600067138672
2023-10-17,178.3699951171875,178.2899932861328
2023-10-18,180.88999938964844,180.8699951171875
2023-10-19,181.0399932861328,183.08999633789062
2023-10-20,183.42999267578125,183.58999633789062
2023-10-23,183.50999450683594,182.97000122070312
2023-10-24,182.07000732421875,182.9499969482422
2023-10-25,183.4199981689453,183.72000122070312
2023-10-26,183.39999389648438,184.00999450683594
2023-10-27,183.75999450683594,186.14999389648438
2023-10-30,185.5399932861328,185.10000610351562
2023-10-31,185.0800018310547,184.08999633789062
2023-11-01,183.91000366210938,183.50999450683594
2023-11-02,184.1300048828125,184.1199951171875
2023-11-03,184.47999572753906,184.7899932861328
2023-11-06,184.13999938964844,183.35000610351562
2023-11-07,182.25,182.58999633789062
2023-11-08,182.00999450683594,180.77000427246094
2023-11-09,180.97999572753906,181.49000549316406
2023-11-10,180.50999450683594,179.50999450683594
2023-11-13,179.39999389648438,180.50999450683594
2023-11-14,181.6999969482422,182.1199951171875
2023-11-15,182.02999877929688,181.63999938964844
2023-11-16,182.85000610351562,183.69000244140625
2023-11-17,183.9600067138672,183.6699981689453
2023-11-20,182.32000732421875,183.3699951171875
2023-11-21,185.57000732421875,185.35000610351562
2023-11-22,185.47000122070312,184.55999755859375
2023-11-24,185.47000122070312,185.52000427246094
2023-11-27,186.55999755859375,186.77000427246094
2023-11-28,187.89999389648438,189.25999450683594
2023-11-29,189.16000366210938,189.5399932861328
2023-11-30,188.88999938964844,188.75
2023-12-01,188.80999755859375,192.00999450683594
2023-12-04,189.60000610351562,187.86000061035156
2023-12-05,187.5500030517578,187.14999389648438
2023-12-06,188.32000732421875,187.83999633789062
2023-12-07,188.4499969482422,188.14999389648438
2023-12-08,185.92999267578125,185.63999938964844
2023-12-11,184.5,183.58999633789062
2023-12-12,183.83999633789062,183.49000549316406
2023-12-13,183.82000732421875,187.6300048828125
2023-12-14,188.86000061035156,188.72999572753906
2023-12-15,188.52000427246094,187.0
2023-12-18,187.5,187.85000610351562
2023-12-19,188.22999572753906,189.1300048828125
2023-12-20,188.69000244140625,188.10000610351562
2023-12-21,189.2100067138672,189.42999267578125
2023-12-22,191.60000610351562,190.27000427246094
2023-12-26,190.97000122070312,191.72000122070312
2023-12-27,191.77000427246094,192.58999633789062
2023-12-28,192.33999633789062,191.47000122070312
2023-12-29,190.99000549316406,191.1699981689453
2024-01-02,191.44000244140625,190.72000122070312
2024-01-03,188.77000427246094,189.1300048828125
2024-01-04,189.0800018310547,189.32000732421875
2024-01-05,189.67999267578125,189.35000610351562
2024-01-08,187.2100067138672,187.8699951171875
2024-01-09,188.67999267578125,187.92999267578125
2024-01-10,188.13999938964844,187.5
2024-01-11,188.02000427246094,187.8699951171875
2024-01-12,190.6699981689453,189.7100067138672
2024-01-16,189.14999389648438,187.91000366210938
2024-01-17,187.30999755859375,185.83999633789062
2024-01-18,186.36000061035156,187.3699951171875
2024-01-19,188.25999450683594,187.92999267578125
2024-01-22,187.22999572753906,187.22000122070312
2024-01-23,187.4499969482422,187.9499969482422
2024-01-24,188.3300018310547,186.39999389648438
2024-01-25,187.33999633789062,187.13999938964844
2024-01-26,187.27000427246094,187.00999450683594
2024-01-29,188.30999755859375,188.3300018310547
2024-01-30,189.6999969482422,188.58999633789062
2024-01-31,189.3699951171875,188.4499969482422
2024-02-01,189.7100067138672,190.41000366210938
2024-02-02,188.07000732421875,188.61000061035156
2024-02-05,186.8800048828125,187.57000732421875
2024-02-06,187.94000244140625,188.5500030517578
2024-02-07,188.4499969482422,188.5
2024-02-08,187.91000366210938,188.3300018310547
2024-02-09,187.55999755859375,187.60000610351562
2024-02-12,186.60000610351562,187.11000061035156
2024-02-13,185.35000610351562,184.52999877929688
2024-02-14,184.27000427246094,184.4199981689453
2024-02-15,185.60000610351562,185.66000366210938
2024-02-16,185.0800018310547,186.33999633789062
2024-02-20,187.9600067138672,187.47000122070312
2024-02-21,187.8800048828125,187.47999572753906
2024-02-22,187.55999755859375,187.55999755859375
2024-02-23,187.55999755859375,188.6199951171875
2024-02-26,187.7899932861328,188.1999969482422
2024-02-27,188.5800018310547,188.0
2024-02-28,188.33999633789062,188.33999633789062
2024-02-29,189.63999938964844,189.30999755859375
2024-03-01,190.27000427246094,192.88999938964844
2024-03-04,194.14999389648438,196.00999450683594
2024-03-05,197.44000244140625,197.19000244140625
2024-03-06,198.0800018310547,198.80999755859375
2024-03-07,199.5399932861328,199.94000244140625
2024-03-08,200.88999938964844,201.6300048828125
2024-03-11,201.7100067138672,202.0
2024-03-12,200.4199981689453,199.7899932861328
2024-03-13,200.44000244140625,201.19000244140625
2024-03-14,200.3699951171875,200.35000610351562
2024-03-15,199.94000244140625,199.7100067138672
2024-03-18,199.66000366210938,200.02999877929688
2024-03-19,199.6199951171875,199.8000030517578
2024-03-20,199.16000366210938,202.17999267578125
2024-03-21,203.8800048828125,201.97000122070312
2024-03-22,201.32000732421875,200.35000610351562
2024-03-25,201.19000244140625,200.99000549316406
2024-03-26,202.64999389648438,201.63999938964844
2024-03-27,202.32000732421875,203.10000610351562
2024-03-28,204.5399932861328,205.72000122070312
2024-04-01,208.67999267578125,207.82000732421875
2024-04-02,209.07000732421875,210.88999938964844
2024-04-03,210.57000732421875,212.74000549316406
2024-04-04,212.0,211.52000427246094
2024-04-05,212.49000549316406,215.13999938964844
2024-04-08,215.97999572753906,216.47999572753906
2024-04-09,217.80999755859375,217.6699981689453
2024-04-10,215.3699951171875,215.61000061035156
2024-04-11,216.85000610351562,219.8000030517578
2024-04-12,221.8699951171875,216.88999938964844
2024-04-15,217.94000244140625,220.9499969482422
2024-04-16,220.17999267578125,221.22000122070312
2024-04-17,221.0500030517578,219.58999633789062
2024-04-18,221.30999755859375,220.33999633789062
2024-04-19,220.49000549316406,221.02999877929688
2024-04-22,216.35000610351562,215.57000732421875
2024-04-23,213.9600067138672,215.0399932861328
2024-04-24,214.75999450683594,214.63999938964844
2024-04-25,214.47000122070312,215.9199981689453
2024-04-26,216.77000427246094,216.6199951171875
2024-04-29,216.02000427246094,216.17999267578125
2024-04-30,213.3800048828125,211.8699951171875
2024-05-01,212.9600067138672,213.7899932861328
2024-05-02,211.89999389648438,213.1300048828125
2024-05-03,212.88999938964844,212.9600067138672
2024-05-06,215.13999938964844,215.1999969482422
2024-05-07,214.52000427246094,214.2100067138672
2024-05-08,213.6199951171875,213.5800018310547
2024-05-09,214.47999572753906,216.9499969482422
2024-05-10,219.22000122070312,218.7100067138672
2024-05-13,217.05999755859375,216.25999450683594
2024-05-14,217.30999755859375,218.08999633789062
2024-05-15,219.05999755859375,220.88999938964844
2024-05-16,220.13999938964844,220.02999877929688
2024-05-17,222.17999267578125,223.66000366210938
2024-05-20,223.7899932861328,224.55999755859375
2024-05-21,224.77000427246094,224.22999572753906
2024-05-22,223.08999633789062,220.11000061035156
2024-05-23,218.77999877929688,215.72000122070312
2024-05-24,216.9600067138672,215.9199981689453
2024-05-28,218.42999267578125,218.19000244140625
2024-05-29,216.9199981689453,216.16000366210938
2024-05-30,216.69000244140625,216.57000732421875
2024-05-31,217.77000427246094,215.3000030517578
2024-06-03,215.9199981689453,217.22000122070312
2024-06-04,216.24000549316406,215.27000427246094
2024-06-05,216.69000244140625,217.82000732421875
2024-06-06,218.36000061035156,219.42999267578125
2024-06-07,215.07000732421875,211.60000610351562
2024-06-10,213.1300048828125,213.5399932861328
2024-06-11,213.9499969482422,214.14999389648438
2024-06-12,216.47000122070312,214.72000122070312
2024-06-13,214.44000244140625,212.97000122070312
2024-06-14,215.33999633789062,215.72999572753906
2024-06-17,214.89999389648438,214.61000061035156
2024-06-18,214.3800048828125,215.47000122070312
2024-06-20,216.32000732421875,218.16000366210938
2024-06-21,217.8300018310547,214.77999877929688
2024-06-24,215.5500030517578,215.6300048828125
2024-06-25,214.9600067138672,214.55999755859375
2024-06-26,212.38999938964844,212.5800018310547
2024-06-27,214.7100067138672,214.99000549316406
2024-06-28,215.63999938964844,215.00999450683594
2024-07-01,215.25,215.57000732421875
2024-07-02,215.3300018310547,215.55999755859375
2024-07-03,217.33999633789062,217.99000549316406
2024-07-05,219.5800018310547,220.92999267578125
2024-07-08,219.63999938964844,218.19000244140625
2024-07-09,218.57000732421875,218.55999755859375
2024-07-10,220.13999938964844,219.36000061035156
2024-07-11,222.64999389648438,223.25
2024-07-12,222.02999877929688,223.11000061035156
2024-07-15,223.38999938964844,223.8300018310547
2024-07-16,225.4499969482422,228.2899932861328
2024-07-17,228.7899932861328,227.22999572753906
2024-07-18,227.7100067138672,225.77999877929688
2024-07-19,221.52000427246094,221.72999572753906
2024-07-22,221.5800018310547,221.8000030517578
2024-07-23,222.33999633789062,222.5800018310547
2024-07-24,223.47000122070312,221.8000030517578
2024-07-25,219.02000427246094,218.3300018310547
2024-07-26,219.9600067138672,220.6300048828125
2024-07-29,221.25999450683594,220.32000732421875
2024-07-30,221.41000366210938,222.52000427246094
2024-07-31,223.72999572753906,226.5500030517578
2024-08-01,226.74000549316406,225.77000427246094
2024-08-02,227.9499969482422,225.33999633789062
2024-08-05,220.55999755859375,222.47999572753906
2024-08-06,221.5,220.6999969482422
2024-08-07,221.94000244140625,220.5500030517578
2024-08-08,222.72999572753906,224.00999450683594
2024-08-09,224.82000732421875,224.55999755859375
2024-08-12,226.13999938964844,228.41000366210938
2024-08-13,228.07000732421875,228.05999755859375
2024-08-14,226.5500030517578,226.1999969482422
2024-08-15,226.50999450683594,226.91000366210938
2024-08-16,229.99000549316406,231.99000549316406
2024-08-19,230.14999389648438,231.61000061035156
2024-08-20,233.7100067138672,232.4600067138672
2024-08-21,231.69000244140625,232.14999389648438
2024-08-22,230.35000610351562,229.3699951171875
2024-08-23,231.0399932861328,232.02000427246094
2024-08-26,233.4499969482422,232.75999450683594
2024-08-27,231.69000244140625,233.38999938964844
2024-08-28,232.0,231.75
2024-08-29,231.9499969482422,232.9499969482422
2024-08-30,232.52999877929688,231.2899932861328
2024-09-03,230.3800048828125,230.2899932861328
2024-09-04,229.7899932861328,230.42999267578125
2024-09-05,232.72000122070312,232.35000610351562
2024-09-06,231.8300018310547,230.6300048828125
2024-09-09,231.25999450683594,231.60000610351562
2024-09-10,232.38999938964844,232.6199951171875
2024-09-11,231.72000122070312,232.25
2024-09-12,234.6300048828125,236.3300018310547
2024-09-13,238.1300048828125,238.67999267578125
2024-09-16,238.72999572753906,238.66000366210938
2024-09-17,238.0800018310547,237.33999633789062
2024-09-18,238.19000244140625,235.50999450683594
2024-09-19,238.24000549316406,239.1699981689453
2024-09-20,241.11000061035156,242.2100067138672
2024-09-23,242.97000122070312,242.67999267578125
2024-09-24,243.38999938964844,246.07000732421875
2024-09-25,246.19000244140625,245.72999572753906
2024-09-26,246.44000244140625,246.97999572753906
2024-09-27,246.30999755859375,245.02000427246094
2024-09-30,243.97000122070312,243.05999755859375
2024-10-01,245.1999969482422,245.61000061035156
2024-10-02,245.61000061035156,245.66000366210938
2024-10-03,244.72000122070312,245.49000549316406
2024-10-04,245.0,245.0
2024-10-07,244.5800018310547,244.1699981689453
2024-10-08,243.7899932861328,242.3699951171875
2024-10-09,241.16000366210938,241.0500030517578
2024-10-10,241.77000427246094,242.82000732421875
2024-10-11,244.5,245.47000122070312
2024-10-14,245.16000366210938,245.07000732421875
2024-10-15,244.99000549316406,245.9199981689453
2024-10-16,247.6199951171875,247.14999389648438
2024-10-17,247.75,248.6300048828125
2024-10-18,250.0,251.27000427246094
2024-10-21,252.74000549316406,251.22000122070312
2024-10-22,253.05999755859375,253.92999267578125
2024-10-23,253.0800018310547,250.8699951171875
2024-10-24,253.27000427246094,252.8000030517578
2024-10-25,252.0,253.32000732421875
2024-10-28,253.00999450683594,253.3300018310547
2024-10-29,254.49000549316406,256.0899963378906
2024-10-30,256.760009765625,257.5
2024-10-31,255.52000427246094,253.50999450683594
2024-11-01,254.3300018310547,252.47000122070312
2024-11-04,253.32000732421875,252.8300018310547
2024-11-05,253.77999877929688,253.39999389648438
2024-11-06,245.63999938964844,245.6999969482422
2024-11-07,248.2899932861328,249.64999389648438
2024-11-08,249.07000732421875,247.9600067138672
2024-11-11,242.72999572753906,242.13999938964844
2024-11-12,241.2899932861328,240.0500030517578
2024-11-13,241.30999755859375,237.6300048828125
2024-11-14,236.57000732421875,237.00999450683594
2024-11-15,237.57000732421875,236.58999633789062
2024-11-18,240.4600067138672,241.08999633789062
2024-11-19,242.75,243.25
2024-11-20,243.74000549316406,244.6199951171875
2024-11-21,246.22999572753906,246.66000366210938
2024-11-22,248.1999969482422,249.83999633789062
2024-11-25,244.27000427246094,242.47999572753906
2024-11-26,242.7100067138672,242.9499969482422
2024-11-27,244.85000610351562,243.49000549316406
2024-11-29,245.25,245.58999633789062
2024-12-02,244.4600067138672,243.44000244140625
2024-12-03,244.9600067138672,243.92999267578125
2024-12-04,244.92999267578125,244.6699981689453
2024-12-05,244.16000366210938,242.86000061035156
2024-12-06,242.7899932861328,242.9499969482422
2024-12-09,246.27999877929688,245.36000061035156
2024-12-10,247.86000061035156,248.58999633789062
2024-12-11,249.35000610351562,250.9600067138672
2024-12-12,247.80999755859375,247.27999877929688
2024-12-13,245.6699981689453,244.2899932861328
2024-12-16,245.41000366210938,244.8800048828125
2024-12-17,243.8000030517578,243.94000244140625
2024-12-18,243.57000732421875,239.25999450683594
2024-12-19,239.6699981689453,239.60000610351562
2024-12-20,241.41000366210938,242.10000610351562
2024-12-23,241.60000610351562,240.9600067138672
2024-12-24,241.49000549316406,241.44000244140625
2024-12-26,242.38999938964844,243.07000732421875
2024-12-27,241.1999969482422,241.39999389648438
2024-12-30,241.0800018310547,240.6300048828125
2024-12-31,241.0500030517578,242.1300048828125
2025-01-02,244.22000122070312,245.4199981689453
2025-01-03,244.55999755859375,243.49000549316406
2025-01-06,242.3300018310547,243.19000244140625
2025-01-07,245.52000427246094,244.55999755859375
2025-01-08,245.72000122070312,245.86000061035156
2025-01-10,248.00999450683594,248.2100067138672
2025-01-13,246.33999633789062,245.74000549316406
2025-01-14,245.6199951171875,247.02999877929688
2025-01-15,248.2100067138672,248.8800048828125
2025-01-16,250.55999755859375,250.60000610351562
2025-01-17,249.6999969482422,249.27000427246094
2025-01-21,251.9499969482422,253.1300048828125
2025-01-22,254.2899932861328,254.42999267578125
2025-01-23,253.19000244140625,254.07000732421875
2025-01-24,255.9600067138672,255.64999389648438
2025-01-27,253.86000061035156,252.99000549316406
2025-01-28,254.22999572753906,255.17999267578125
2025-01-29,254.5500030517578,254.1999969482422
2025-01-30,257.20001220703125,258.04998779296875
2025-01-31,259.0799865722656,258.55999755859375
2025-02-03,259.75,259.94000244140625
2025-02-04,261.8299865722656,262.5
2025-02-05,264.45001220703125,264.1300048828125
2025-02-06,263.6600036621094,263.42999267578125
2025-02-07,265.2200012207031,263.8999938964844
2025-02-10,268.0,268.3699951171875
2025-02-11,267.70001220703125,267.3900146484375
2025-02-12,267.1499938964844,267.6700134277344
2025-02-13,268.3999938964844,270.30999755859375
2025-02-14,270.07000732421875,266.2900085449219
2025-02-18,269.67999267578125,270.70001220703125
2025-02-19,270.67999267578125,270.8500061035156
2025-02-20,270.2300109863281,270.989990234375
2025-02-21,270.79998779296875,270.739990234375
2025-02-24,271.45001220703125,272.2099914550781
2025-02-25,271.4599914550781,268.6199951171875
2025-02-26,267.0799865722656,269.0299987792969
2025-02-27,266.489990234375,264.92999267578125
2025-02-28,262.55999755859375,263.2699890136719
2025-03-03,265.07000732421875,266.739990234375
2025-03-04,269.010009765625,269.05999755859375
2025-03-05,267.9700012207031,269.6199951171875
2025-03-06,268.25,268.25
2025-03-07,269.0899963378906,268.3900146484375
2025-03-10,267.6199951171875,266.0400085449219
2025-03-11,268.4700012207031,269.1600036621094
2025-03-12,268.4700012207031,270.3299865722656
2025-03-13,271.57000732421875,275.1300048828125
2025-03-14,276.2699890136719,275.239990234375
2025-03-17,275.5400085449219,276.7300109863281
2025-03-18,279.8999938964844,279.9599914550781
2025-03-19,279.8500061035156,281.1099853515625
2025-03-20,279.489990234375,280.75
2025-03-21,279.4599914550781,278.489990234375
2025-03-24,278.9100036621094,277.25
2025-03-25,278.7799987792969,278.4700012207031
2025-03-26,278.92999267578125,278.239990234375
2025-03-27,280.54998779296875,281.9700012207031
2025-03-28,283.82000732421875,284.05999755859375
2025-03-31,287.5299987792969,288.1400146484375
2025-04-01,288.5400085449219,287.57000732421875
2025-04-02,288.2799987792969,288.1600036621094
2025-04-03,282.7799987792969,286.4200134277344
2025-04-04,283.6400146484375,279.7200012207031
2025-04-07,278.8599853515625,273.7099914550781
2025-04-08,277.8699951171875,275.20001220703125
2025-04-09,282.2200012207031,285.3800048828125
2025-04-10,288.80999755859375,292.3500061035156
2025-04-11,297.9599914550781,297.92999267578125
2025-04-14,295.5400085449219,296.2300109863281
2025-04-15,296.92999267578125,297.7799987792969
2025-04-16,304.6499938964844,307.4700012207031
2025-04-17,306.30999755859375,306.1199951171875
2025-04-21,315.0199890136719,315.5899963378906
2025-04-22,317.489990234375,311.1099853515625
2025-04-23,304.17999267578125,303.6499938964844
2025-04-24,306.9800109863281,308.07000732421875
2025-04-25,301.7799987792969,304.7300109863281
2025-04-28,304.1499938964844,309.07000732421875
2025-04-29,305.80999755859375,306.05999755859375
2025-04-30,304.6099853515625,303.7699890136719
2025-05-01,297.4100036621094,297.4599914550781
2025-05-02,300.1700134277344,297.9800109863281
2025-05-05,305.9200134277344,306.8800048828125
2025-05-06,313.1199951171875,315.4800109863281
2025-05-07,312.1000061035156,310.75
2025-05-08,309.760009765625,304.6300048828125
2025-05-09,307.7900085449219,306.8399963378906
2025-05-12,298.3299865722656,298.19000244140625
2025-05-13,299.0199890136719,299.4599914550781
2025-05-14,293.6700134277344,293.1600036621094
2025-05-15,294.1000061035156,297.8399963378906
2025-05-16,292.6199951171875,294.239990234375
2025-05-19,297.8500061035156,298.0299987792969
2025-05-20,298.3500061035156,303.5799865722656
2025-05-21,304.54998779296875,305.82000732421875
2025-05-22,305.0899963378906,303.1099853515625
2025-05-23,308.8599853515625,309.75
2025-05-27,303.80999755859375,304.5
2025-05-28,304.6400146484375,303.80999755859375
2025-05-29,305.739990234375,305.6099853515625
2025-05-30,303.6400146484375,303.6000061035156
2025-06-02,309.2099914550781,311.6700134277344
2025-06-03,309.55999755859375,308.9100036621094
2025-06-04,309.4100036621094,310.8999938964844
2025-06-05,311.239990234375,309.3299865722656
2025-06-06,309.0899963378906,305.17999267578125
2025-06-09,305.3900146484375,306.6199951171875
2025-06-10,308.30999755859375,306.7099914550781
2025-06-11,307.5,308.3699951171875
2025-06-12,311.739990234375,312.20001220703125
2025-06-13,317.260009765625,316.2900085449219
2025-06-16,314.79998779296875,311.7799987792969
2025-06-17,312.6600036621094,311.94000244140625
2025-06-18,312.8900146484375,310.260009765625
2025-06-20,309.3299865722656,310.1300048828125
2025-06-23,310.3399963378906,311.0799865722656
2025-06-24,305.07000732421875,306.19000244140625
2025-06-25,305.30999755859375,307.1199951171875
2025-06-26,305.7699890136719,306.7799987792969
2025-06-27,300.0299987792969,301.2200012207031
2025-06-30,302.3900146484375,304.8299865722656
2025-07-01,308.55999755859375,307.54998779296875
2025-07-02,308.0400085449219,309.25
2025-07-03,307.04998779296875,307.1400146484375
2025-07-07,305.07000732421875,307.3699951171875
2025-07-08,306.29998779296875,304.1600036621094
2025-07-09,303.5799865722656,305.5199890136719
2025-07-10,306.1099853515625,306.20001220703125
2025-07-11,308.8599853515625,309.1400146484375
2025-07-14,309.07000732421875,308.010009765625
2025-07-15,307.7300109863281,306.7300109863281
2025-07-16,307.1099853515625,308.260009765625
2025-07-17,305.5,307.5899963378906
2025-07-18,309.239990234375,308.3900146484375
2025-07-21,311.8800048828125,313.1300048828125
2025-07-22,314.4800109863281,316.1000061035156
2025-07-23,314.0,312.17999267578125
2025-07-24,309.2900085449219,310.2699890136719
2025-07-25,307.82000732421875,307.3999938964844
2025-07-28,306.44000244140625,305.4100036621094
2025-07-29,305.79998779296875,306.25
2025-07-30,304.4200134277344,300.9599914550781
2025-07-31,304.5899963378906,302.9599914550781
2025-08-01,308.6099853515625,309.1099853515625
2025-08-04,310.79998779296875,310.9100036621094
2025-08-05,310.3699951171875,311.1600036621094
2025-08-06,310.32000732421875,310.5
2025-08-07,311.7200012207031,313.1199951171875
2025-08-08,312.3500061035156,313.04998779296875
2025-08-11,308.6199951171875,308.54998779296875
2025-08-12,308.2200012207031,308.2699890136719
2025-08-13,309.1000061035156,309.2099914550781
2025-08-14,307.92999267578125,307.25
2025-08-15,307.3399963378906,307.42999267578125
2025-08-18,307.7900085449219,306.95001220703125
2025-08-19,306.760009765625,305.2699890136719
2025-08-20,307.5400085449219,308.3599853515625
2025-08-21,307.8599853515625,307.2900085449219
2025-08-22,306.5199890136719,310.5799865722656
2025-08-25,309.6700134277344,309.8299865722656
2025-08-26,310.6199951171875,312.0799865722656
2025-08-27,311.3900146484375,312.7099914550781
2025-08-28,313.32000732421875,315.0299987792969
2025-08-29,314.7200012207031,318.07000732421875
2025-09-02,320.82000732421875,325.5899963378906
2025-09-03,327.760009765625,328.1400146484375
2025-09-04,327.0299987792969,326.69000244140625
2025-09-05,329.5299987792969,331.04998779296875
2025-09-08,333.6600036621094,334.82000732421875
2025-09-09,337.0299987792969,334.05999755859375
2025-09-10,335.7300109863281,335.260009765625
2025-09-11,333.3699951171875,334.760009765625
2025-09-12,335.8800048828125,335.4200134277344
2025-09-15,336.30999755859375,338.9100036621094
2025-09-16,340.0899963378906,339.5899963378906
2025-09-17,338.5299987792969,336.9700012207031
2025-09-18,336.2200012207031,335.6199951171875
2025-09-19,336.510009765625,339.17999267578125
2025-09-22,342.75,345.04998779296875
2025-09-23,348.2300109863281,346.4599914550781
2025-09-24,346.70001220703125,343.32000732421875
2025-09-25,344.3900146484375,344.75
2025-09-26,345.8299865722656,346.739990234375
2025-09-29,351.7900085449219,352.4599914550781
2025-09-30,351.1300048828125,355.4700012207031
2025-10-01,356.1700134277344,356.0299987792969
2025-10-02,358.260009765625,354.7900085449219
2025-10-03,357.1199951171875,357.6400146484375
2025-10-06,362.1600036621094,364.3800048828125
2025-10-07,366.510009765625,366.260009765625
2025-10-08,371.6499938964844,372.29998779296875
2025-10-09,373.1400146484375,365.42999267578125
2025-10-10,367.5400085449219,369.1199951171875
2025-10-13,376.5,378.0899963378906
2025-10-14,378.2099914550781,380.7900085449219
2025-10-15,385.92999267578125,387.3900146484375
2025-10-16,391.1499938964844,396.45001220703125
2025-10-17,397.1400146484375,388.989990234375
2025-10-20,397.45001220703125,403.1499938964844
2025-10-21,386.5400085449219,377.239990234375
2025-10-22,372.75,377.2799987792969
2025-10-23,381.4599914550781,378.7900085449219
2025-10-24,378.510009765625,377.5199890136719
2025-10-27,371.1300048828125,367.010009765625
2025-10-28,361.80999755859375,364.3800048828125
2025-10-29,369.6499938964844,363.0
2025-10-30,365.0899963378906,370.1300048828125
2025-10-31,370.4700012207031,368.1199951171875
2025-11-03,368.9100036621094,368.7799987792969
2025-11-04,363.4800109863281,362.32000732421875
2025-11-05,366.3900146484375,366.510009765625
2025-11-06,367.1600036621094,366.07000732421875
2025-11-07,367.94000244140625,368.30999755859375
2025-11-10,375.92999267578125,378.3800048828125
2025-11-11,379.9800109863281,379.8699951171875
2025-11-12,380.07000732421875,385.989990234375
2025-11-13,387.2900085449219,382.8699951171875
2025-11-14,372.8699951171875,375.9599914550781
2025-11-17,374.0400085449219,371.6499938964844
2025-11-18,374.8299865722656,374.3500061035156
2025-11-19,377.7799987792969,374.9599914550781
2025-11-20,375.2900085449219,374.8500061035156
2025-11-21,374.0299987792969,374.2699890136719
2025-11-24,374.8800048828125,380.20001220703125
2025-11-25,380.260009765625,380.0799865722656
2025-11-26,381.05999755859375,383.1199951171875
2025-11-28,385.9800109863281,387.8800048828125
2025-12-01,390.6099853515625,389.75
2025-12-02,388.8699951171875,387.239990234375
2025-12-03,388.4599914550781,386.8800048828125
2025-12-04,386.9200134277344,387.1300048828125
2025-12-05,389.1199951171875,386.44000244140625
2025-12-08,387.0199890136719,385.4200134277344
2025-12-09,385.6199951171875,387.3999938964844
2025-12-10,385.95001220703125,389.04998779296875
2025-12-11,389.0199890136719,393.239990234375
2025-12-12,399.1600036621094,395.44000244140625
2025-12-15,397.760009765625,395.79998779296875
2025-12-16,397.75,395.8900146484375
2025-12-17,398.0799865722656,399.2900085449219
2025-12-18,398.2799987792969,398.57000732421875
2025-12-19,397.9200134277344,399.0199890136719
2025-12-22,406.9800109863281,408.2300109863281
2025-12-23,410.29998779296875,413.6400146484375
2025-12-24,412.25,411.92999267578125
2025-12-26,416.4800109863281,416.739990234375
2025-12-29,403.6600036621094,398.6000061035156
2025-12-30,403.6000061035156,398.8900146484375
2025-12-31,398.6000061035156,396.30999755859375
2026-01-02,401.6199951171875,398.2799987792969
2026-01-05,406.3900146484375,408.760009765625
2026-01-06,410.6700134277344,413.17999267578125
2026-01-07,408.6300048828125,409.2300109863281
2026-01-08,406.9700012207031,411.489990234375
2026-01-09,413.2200012207031,414.4700012207031
2026-01-12,421.5199890136719,422.2300109863281
2026-01-13,424.5899963378906,421.6300048828125
2026-01-14,426.0299987792969,425.94000244140625
2026-01-15,423.0199890136719,423.3299865722656
2026-01-16,422.79998779296875,421.2900085449219
2026-01-20,436.69000244140625,437.2300109863281
2026-01-21,446.8699951171875,443.6000061035156
2026-01-22,443.8399963378906,451.7900085449219
2026-01-23,454.1099853515625,458.0
2026-01-26,466.7799987792969,464.70001220703125
2026-01-27,465.07000732421875,476.1000061035156
2026-01-28,483.3900146484375,494.55999755859375
2026-01-29,509.510009765625,495.8999938964844
2026-01-30,466.25,444.95001220703125
2026-02-02,434.010009765625,427.1300048828125
2026-02-03,452.6300048828125,454.2900085449219
2026-02-04,462.4700012207031,453.9700012207031
2026-02-05,444.2900085449219,441.8800048828125
2026-02-06,450.7300109863281,455.4599914550781
2026-02-09,461.3900146484375,467.0299987792969
2026-02-10,465.9599914550781,462.3999938964844
2026-02-11,466.0,467.6300048828125
2026-02-12,464.8999938964844,451.3900146484375
2026-02-13,459.7300109863281,462.6199951171875
2026-02-17,450.260009765625,448.20001220703125
2026-02-18,455.80999755859375,458.2799987792969
2026-02-19,457.3399963378906,459.55999755859375
2026-02-20,463.25,468.6199951171875
2026-02-23,474.6499938964844,481.2799987792969
2026-02-24,470.0899963378906,474.6099853515625
2026-02-25,475.739990234375,473.4200134277344
2026-02-26,474.95001220703125,477.4800109863281
2026-02-27,480.75,483.75
2026-03-02,490.1000061035156,490.0
2026-03-03,472.8299865722656,468.1400146484375
2026-03-04,474.82000732421875,471.79998779296875
2026-03-05,470.45001220703125,466.1300048828125
2026-03-06,469.0400085449219,473.510009765625
2026-03-09,468.0899963378906,472.5299987792969
2026-03-10,479.739990234375,477.8599853515625
2026-03-11,476.1300048828125,476.239990234375
2026-03-12,475.0199890136719,466.8800048828125
2026-03-13,469.30999755859375,460.8399963378906
2026-03-16,461.2699890136719,460.42999267578125
2026-03-17,460.510009765625,459.2699890136719
2026-03-18,446.6600036621094,444.739990234375
2026-03-19,420.3599853515625,426.4100036621094
2026-03-20,428.0899963378906,413.3800048828125
2026-03-23,405.1199951171875,404.0400085449219
2026-03-24,400.239990234375,404.1300048828125
2026-03-25,419.7099914550781,416.2900085449219
2026-03-26,408.5299987792969,400.6400146484375
2026-03-27,406.20001220703125,414.70001220703125
2026-03-30,419.5400085449219,414.5799865722656
2026-03-31,420.0799865722656,430.2900085449219
2026-04-01,435.0,437.82000732421875
2026-04-02,422.2900085449219,429.4100036621094
2026-04-06,428.8699951171875,427.6499938964844
2026-04-07,427.8999938964844,431.80999755859375
2026-04-08,439.9800109863281,434.5299987792969
2026-04-09,436.4700012207031,437.9100036621094
2026-04-10,438.5899963378906,437.1300048828125
2026-04-13,434.7799987792969,435.3599853515625
2026-04-14,439.32000732421875,445.0899963378906
2026-04-15,442.8800048828125,440.4599914550781
2026-04-16,442.1499938964844,440.0799865722656
2026-04-17,445.6499938964844,445.92999267578125
2026-04-20,443.1300048828125,442.0899963378906
2026-04-21,438.54998779296875,429.57000732421875
2026-04-22,436.2699890136719,435.260009765625
2026-04-23,433.9599914550781,431.0400085449219
2026-04-24,431.3399963378906,433.25
2026-04-27,431.6600036621094,429.8900146484375
2026-04-28,420.7200012207031,421.9100036621094
2026-04-29,416.739990234375,417.4100036621094
2026-04-30,425.3399963378906,423.6600036621094
2026-05-01,421.4100036621094,423.17999267578125
2026-05-04,418.8399963378906,414.7099914550781
2026-05-05,420.1499938964844,418.2699890136719
2026-05-06,430.1499938964844,430.9599914550781
2026-05-07,435.6099853515625,431.67999267578125
2026-05-08,434.04998779296875,433.7699890136719
2026-05-11,434.17999267578125,434.6499938964844
2026-05-12,430.70001220703125,432.92999267578125
2026-05-13,430.5199890136719,430.5
2026-05-14,430.29998779296875,427.2099914550781
2026-05-15,417.6400146484375,417.2900085449219
2026-05-18,419.82000732421875,418.42999267578125
2026-05-19,412.45001220703125,411.5
2026-05-20,412.1400146484375,417.3999938964844
2026-05-21,413.1400146484375,416.989990234375
2026-05-22,415.1700134277344,413.82000732421875
2026-05-26,415.1600036621094,414.0
2026-05-27,404.3399963378906,408.489990234375
2026-05-28,406.4800109863281,412.7699890136719
2026-05-29,415.6199951171875,417.1199951171875
2026-06-01,409.8599853515625,411.260009765625
2026-06-02,414.0799865722656,411.95001220703125
2026-06-03,408.3800048828125,407.8699951171875
2026-06-04,413.3699951171875,411.2699890136719
2026-06-05,404.3800048828125,396.239990234375
2026-06-08,397.5199890136719,397.2699890136719
2026-06-09,397.57000732421875,390.7799987792969
2026-06-10,380.75,374.5799865722656
2026-06-11,373.9599914550781,386.32000732421875
2026-06-12,385.7300109863281,386.5400085449219
2026-06-15,399.489990234375,396.54998779296875
2026-06-16,397.8299865722656,397.6300048828125
2026-06-17,397.82000732421875,388.6000061035156
2026-06-18,391.239990234375,387.1199951171875
2026-06-22,384.25,384.5899963378906
2026-06-23,377.7200012207031,377.32000732421875
2026-06-24,364.80999755859375,365.9200134277344
2026-06-25,368.989990234375,369.4599914550781
2026-06-26,372.2699890136719,373.6300048828125
2026-06-29,370.5799865722656,368.5799865722656
2026-06-30,369.2200012207031,368.3800048828125
2026-07-01,371.2099914550781,370.6000061035156
2026-07-02,377.44000244140625,378.1300048828125
2026-07-06,380.2099914550781,382.1300048828125
2026-07-07,382.3900146484375,377.489990234375
2026-07-08,373.1700134277344,374.45001220703125
2026-07-09,378.510009765625,378.17999267578125
2026-07-10,375.0,377.010009765625
2026-07-13,372.7699890136719,367.1300048828125
2026-07-14,374.5299987792969,372.1499938964844
2026-07-15,372.1099853515625,372.3500061035156
2026-07-16,367.45001220703125,364.9599914550781
2026-07-17,364.1099853515625,368.4100036621094
2026-07-20,367.7900085449219,367.6000061035156
2026-07-21,371.70001220703125,374.80999755859375
2026-07-22,379.07000732421875,379.1199951171875
2026-07-23,372.3599853515625,371.5199890136719
2026-07-24,371.260009765625,371.8999938964844
2026-07-27,373.8900146484375,374.6300048828125
2026-07-28,369.6099853515625,369.3699951171875
2026-07-29,368.2900085449219,371.0799865722656
2026-07-30,374.1600036621094,377.1600036621094
2026-07-31,370.8399963378906,371.5400085449219
2026-08-03,370.1000061035156,371.7099914550781
2026-08-04,374.1400146484375,374.1600036621094
2026-08-05,384.9599914550781,389.6400146484375
2026-08-06,389.5,389.6700134277344
2026-08-07,399.6000061035156,398.4700012207031
2026-08-10,397.7099914550781,402.5400085449219
2026-08-11,403.44000244140625,400.9599914550781
2026-08-12,405.30999755859375,404.9200134277344
2026-08-13,402.1700134277344,398.9599914550781
2026-08-14,402.17999267578125,401.4800109863281
2026-08-17,402.3399963378906,405.489990234375
2026-08-18,402.54998779296875,398.54998779296875
2026-08-19,408.80999755859375,413.8399963378906
2026-08-20,410.0799865722656,415.260009765625
2026-08-21,420.5299987792969,423.3599853515625
2026-08-24,428.54998779296875,426.69000244140625
2026-08-25,422.7799987792969,428.07000732421875
