Date,Close
1999-03-10,43.02705001831055
1999-03-11,43.23772430419922
1999-03-12,42.18441390991211
1999-03-15,43.39570236206055
1999-03-16,43.76436996459961
1999-03-17,43.44837188720703
1999-03-18,44.2910041809082
1999-03-19,43.15871810913086
1999-03-22,42.63206481933594
1999-03-23,41.1311149597168
1999-03-24,42.526756286621094
1999-03-25,44.080345153808594
1999-03-26,43.60637283325195
1999-03-29,45.18631362915039
1999-03-30,44.87031173706055
1999-03-31,44.21200942993164
1999-04-01,45.13364028930664
1999-04-05,46.76626205444336
1999-04-06,46.8583984375
1999-04-07,46.37125778198242
1999-04-08,46.739906311035156
1999-04-09,47.02955627441406
1999-04-12,46.71357727050781
1999-04-13,46.08159255981445
1999-04-14,44.501670837402344
1999-04-15,45.107295989990234
1999-04-16,43.79069519042969
1999-04-19,41.73676681518555
1999-04-20,42.68473815917969
1999-04-21,44.791324615478516
1999-04-22,46.00260925292969
1999-04-23,46.60826110839844
1999-04-26,47.68128967285156
1999-04-27,46.95058822631836
1999-04-28,45.34428787231445
1999-04-29,44.97563934326172
1999-04-30,45.265323638916016
1999-05-03,45.028316497802734
1999-05-04,44.317352294921875
1999-05-05,45.660282135009766
1999-05-06,44.0013427734375
1999-05-07,44.63332748413086
1999-05-10,45.080970764160156
1999-05-11,45.79196548461914
1999-05-12,46.739906311035156
1999-05-13,45.87095260620117
1999-05-14,45.00197982788086
1999-05-17,45.811710357666016
1999-05-18,45.607643127441406
1999-05-19,46.23959732055664
1999-05-20,44.96906280517578
1999-05-21,44.55433654785156
1999-05-24,43.422027587890625
1999-05-25,42.00008773803711
1999-05-26,43.17189407348633
1999-05-27,43.13238525390625
1999-05-28,43.84336471557617
1999-06-01,42.86906814575195
1999-06-02,43.59318923950195
1999-06-03,42.974388122558594
1999-06-04,44.2910041809082
1999-06-07,45.2126350402832
1999-06-08,44.080345153808594
1999-06-09,44.81766128540039
1999-06-10,44.30416488647461
1999-06-11,43.632694244384766
1999-06-14,42.80979537963867
1999-06-15,43.44837188720703
1999-06-16,45.680049896240234
1999-06-17,46.18694305419922
1999-06-18,46.397605895996094
1999-06-21,47.78662872314453
1999-06-22,46.344932556152344
1999-06-23,47.075653076171875
1999-06-24,46.14086151123047
1999-06-25,46.08159255981445
1999-06-28,47.17438507080078
1999-06-29,47.81953811645508
1999-06-30,48.55685806274414
1999-07-01,48.886009216308594
1999-07-02,49.504825592041016
1999-07-06,49.18881607055664
1999-07-07,49.267818450927734
1999-07-08,49.92612075805664
1999-07-09,50.42643737792969
1999-07-12,50.163124084472656
1999-07-13,49.92612075805664
1999-07-14,50.77536392211914
1999-07-15,51.24274826049805
1999-07-16,51.71672821044922
1999-07-19,51.19009017944336
1999-07-20,49.21514892578125
1999-07-21,49.4521484375
1999-07-22,48.19478225708008
1999-07-23,48.26718521118164
1999-07-26,47.08224868774414
1999-07-27,48.030208587646484
1999-07-28,48.97159194946289
1999-07-29,47.92487335205078
1999-07-30,47.68790054321289
1999-08-02,47.55622482299805
1999-08-03,47.246803283691406
1999-08-04,46.39100646972656
1999-08-05,47.128318786621094
1999-08-06,46.62143325805664
1999-08-09,46.022369384765625
1999-08-10,45.607643127441406
1999-08-11,47.10858917236328
1999-08-12,46.55559158325195
1999-08-13,48.58317947387695
1999-08-16,48.97159194946289
1999-08-17,49.21514892578125
1999-08-18,48.66218185424805
1999-08-19,48.082862854003906
1999-08-20,48.84650421142578
1999-08-23,50.400115966796875
1999-08-24,50.742435455322266
1999-08-25,51.82205581665039
1999-08-26,50.959678649902344
1999-08-27,50.452781677246094
1999-08-30,49.74179458618164
1999-08-31,50.29477310180664
1999-09-01,50.65685272216797
1999-09-02,50.47911834716797
1999-09-03,52.79634475708008
1999-09-07,52.55939865112305
1999-09-08,51.84840393066406
1999-09-09,52.58570098876953
1999-09-10,53.19134521484375
1999-09-13,52.552799224853516
1999-09-14,52.84244918823242
1999-09-15,51.82205581665039
1999-09-16,51.79574203491211
1999-09-17,53.349334716796875
1999-09-20,53.47441101074219
1999-09-21,52.190711975097656
1999-09-22,52.743690490722656
1999-09-23,50.55811309814453
1999-09-24,50.623939514160156
1999-09-27,50.979408264160156
1999-09-28,51.21641159057617
1999-09-29,50.189456939697266
1999-09-30,50.71611022949219
1999-10-01,50.73584747314453
1999-10-04,51.87472152709961
1999-10-05,52.243385314941406
1999-10-06,53.29008483886719
1999-10-07,53.16500473022461
1999-10-08,53.72457504272461
1999-10-11,54.48162078857422
1999-10-12,53.244014739990234
1999-10-13,51.66405487060547
1999-10-14,51.98663330078125
1999-10-15,50.452781677246094
1999-10-18,49.814212799072266
1999-10-19,50.084129333496094
1999-10-20,51.611392974853516
1999-10-21,52.45403289794922
1999-10-22,52.21705627441406
1999-10-25,52.243385314941406
1999-10-26,51.82205581665039
1999-10-27,51.7430534362793
1999-10-28,53.5336799621582
1999-10-29,55.40325927734375
1999-11-01,55.11360168457031
1999-11-02,55.146507263183594
1999-11-03,56.245887756347656
1999-11-04,56.87788009643555
1999-11-05,57.45717239379883
1999-11-08,58.61582565307617
1999-11-09,58.220829010009766
1999-11-10,58.98447799682617
1999-11-11,60.03774642944336
1999-11-12,60.827693939208984
1999-11-15,60.70920944213867
1999-11-16,62.249671936035156
1999-11-17,61.40705108642578
1999-11-18,63.2898063659668
1999-11-19,63.855926513671875
1999-11-22,62.88164138793945
1999-11-23,63.17131423950195
1999-11-24,65.25154876708984
1999-11-26,65.46223449707031
1999-11-29,64.3825912475586
1999-11-30,61.93369674682617
1999-12-01,63.276649475097656
1999-12-02,65.28446960449219
1999-12-03,66.67353057861328
1999-12-06,67.27913665771484
1999-12-07,67.27913665771484
1999-12-08,66.46282196044922
1999-12-09,66.77881622314453
1999-12-10,67.33180236816406
1999-12-13,68.24684143066406
1999-12-14,67.01583099365234
1999-12-15,68.30610656738281
1999-12-16,69.99137878417969
1999-12-17,70.59698486328125
1999-12-20,71.51866912841797
1999-12-21,75.3631820678711
1999-12-22,75.12618255615234
1999-12-23,76.02149963378906
1999-12-27,75.57386779785156
1999-12-28,75.09983825683594
1999-12-29,77.9437255859375
1999-12-30,77.10112762451172
1999-12-31,76.99575805664062
2000-01-03,79.83967590332031
2000-01-04,74.36255645751953
2000-01-05,72.46662139892578
2000-01-06,67.48979949951172
2000-01-07,75.83716583251953
2000-01-10,77.9437255859375
2000-01-11,74.1518783569336
2000-01-12,72.51929473876953
2000-01-13,76.89043426513672
2000-01-14,78.68103790283203
2000-01-18,79.10233306884766
2000-01-19,80.89295959472656
2000-01-20,80.10296630859375
2000-01-21,81.10360717773438
2000-01-24,77.2064208984375
2000-01-25,78.3650131225586
2000-01-26,75.20519256591797
2000-01-27,76.3111343383789
2000-01-28,72.46662139892578
2000-01-31,75.57386779785156
2000-02-01,77.60144805908203
2000-02-02,78.25972747802734
2000-02-03,81.31429290771484
2000-02-04,81.86724853515625
2000-02-07,82.99958038330078
2000-02-08,86.47544860839844
2000-02-09,83.42085266113281
2000-02-10,86.15946960449219
2000-02-11,84.1581802368164
2000-02-14,84.05282592773438
2000-02-15,84.65850067138672
2000-02-16,84.2635269165039
2000-02-17,86.0541000366211
2000-02-18,82.94688415527344
2000-02-22,83.21022033691406
2000-02-23,87.84468841552734
2000-02-24,89.7406234741211
2000-02-25,87.68672943115234
2000-02-28,87.63404846191406
2000-02-29,89.95127868652344
2000-03-01,90.6885757446289
2000-03-02,88.58856964111328
2000-03-03,93.58516693115234
2000-03-06,94.32244873046875
2000-03-07,92.90050506591797
2000-03-08,93.74314880371094
2000-03-09,96.90303039550781
2000-03-10,96.48173522949219
2000-03-13,93.95381164550781
2000-03-14,90.4779281616211
2000-03-15,86.68608856201172
2000-03-16,91.63656616210938
2000-03-17,93.37451171875
2000-03-20,90.7412338256836
2000-03-21,94.16449737548828
2000-03-22,96.06041717529297
2000-03-23,97.74568939208984
2000-03-24,99.0622787475586
2000-03-27,99.22029876708984
2000-03-28,96.69237518310547
2000-03-29,92.68986511230469
2000-03-30,90.37262725830078
2000-03-31,92.26854705810547
2000-04-03,86.73873901367188
2000-04-04,85.8961410522461
2000-04-05,84.36882781982422
2000-04-06,86.37010955810547
2000-04-07,89.84597778320312
2000-04-10,84.36882781982422
2000-04-11,82.36762237548828
2000-04-12,77.52246856689453
2000-04-13,74.1518783569336
2000-04-14,67.72676086425781
2000-04-17,75.52115631103516
2000-04-18,77.52246856689453
2000-04-19,75.15251159667969
2000-04-20,73.5199203491211
2000-04-24,71.4133071899414
2000-04-25,76.23214721679688
2000-04-26,73.62521362304688
2000-04-27,76.89043426513672
2000-04-28,79.83967590332031
2000-05-01,80.57697296142578
2000-05-02,75.94249725341797
2000-05-03,75.09983825683594
2000-05-04,75.25785827636719
2000-05-05,77.0484390258789
2000-05-08,74.04655456542969
2000-05-09,72.46662139892578
2000-05-10,67.20016479492188
2000-05-11,71.3080062866211
2000-05-12,71.3080062866211
2000-05-15,74.41520690917969
2000-05-16,76.52177429199219
2000-05-17,74.94186401367188
2000-05-18,72.25596618652344
2000-05-19,68.83275604248047
2000-05-22,68.78008270263672
2000-05-23,63.039669036865234
2000-05-24,66.98949432373047
2000-05-25,65.5148696899414
2000-05-26,65.5148696899414
2000-05-30,72.09791564941406
2000-05-31,70.04405975341797
2000-06-01,73.62521362304688
2000-06-02,78.89173126220703
2000-06-05,79.08919525146484
2000-06-06,76.89043426513672
2000-06-07,78.94442749023438
2000-06-08,78.57571411132812
2000-06-09,78.99702453613281
2000-06-12,76.46913146972656
2000-06-13,79.41832733154297
2000-06-14,77.62777709960938
2000-06-15,78.99702453613281
2000-06-16,79.41832733154297
2000-06-19,82.5782470703125
2000-06-20,82.2622299194336
2000-06-21,83.3155746459961
2000-06-22,80.26102447509766
2000-06-23,77.10112762451172
2000-06-26,79.2076644897461
2000-06-27,78.25972747802734
2000-06-28,79.2076644897461
2000-06-29,77.21961212158203
2000-06-30,78.73374938964844
2000-07-03,80.26102447509766
2000-07-05,77.15375518798828
2000-07-06,79.2076644897461
2000-07-07,80.84030151367188
2000-07-10,79.61587524414062
2000-07-11,80.05034637451172
2000-07-12,81.94627380371094
2000-07-13,82.99958038330078
2000-07-14,84.7901840209961
2000-07-17,85.7381362915039
2000-07-18,83.84224700927734
2000-07-19,81.94627380371094
2000-07-20,84.57951354980469
2000-07-21,81.7355728149414
2000-07-24,80.05034637451172
2000-07-25,80.68229675292969
2000-07-26,80.57697296142578
2000-07-27,77.4170913696289
2000-07-28,73.20391082763672
2000-07-31,75.3631820678711
2000-08-01,74.36255645751953
2000-08-02,73.04592895507812
2000-08-03,76.20581817626953
2000-08-04,75.94249725341797
2000-08-07,77.73311614990234
2000-08-08,79.31304168701172
2000-08-09,77.2064208984375
2000-08-10,75.67919158935547
2000-08-11,76.73249053955078
2000-08-14,78.3650131225586
2000-08-15,78.3650131225586
2000-08-16,79.15503692626953
2000-08-17,80.68229675292969
2000-08-18,80.26102447509766
2000-08-21,80.47163391113281
2000-08-22,80.47163391113281
2000-08-23,81.7882308959961
2000-08-24,83.05223846435547
2000-08-25,82.6045913696289
2000-08-28,82.99958038330078
2000-08-29,83.42085266113281
2000-08-30,83.3155746459961
2000-08-31,85.63282775878906
2000-09-01,86.47544860839844
2000-09-05,83.84224700927734
2000-09-06,80.89295959472656
2000-09-07,82.68359375
2000-09-08,80.15571594238281
2000-09-11,78.20704650878906
2000-09-12,76.99575805664062
2000-09-13,78.78636169433594
2000-09-14,78.3650131225586
2000-09-15,76.94313049316406
2000-09-18,75.73186492919922
2000-09-19,78.52307891845703
2000-09-20,79.73431396484375
2000-09-21,73.94124603271484
2000-09-22,78.31240844726562
2000-09-25,76.23214721679688
2000-09-26,75.3631820678711
2000-09-27,75.46851348876953
2000-09-28,77.15375518798828
2000-09-29,74.7838363647461
2000-10-02,73.0986099243164
2000-10-03,70.7813491821289
2000-10-04,72.15062713623047
2000-10-05,72.3613052368164
2000-10-06,69.9386978149414
2000-10-09,69.6227035522461
2000-10-10,65.98888397216797
2000-10-11,64.93555450439453
2000-10-12,63.30294418334961
2000-10-13,68.4640884399414
2000-10-16,69.09607696533203
2000-10-17,65.9361801147461
2000-10-18,65.72554779052734
2000-10-19,71.67664337158203
2000-10-20,72.7299575805664
2000-10-23,72.6246109008789
2000-10-24,69.51736450195312
2000-10-25,65.62022399902344
2000-10-26,67.30547332763672
2000-10-27,67.17379760742188
2000-10-30,64.68534851074219
2000-10-31,68.84591674804688
2000-11-01,68.25345611572266
2000-11-02,69.09607696533203
2000-11-03,69.99137878417969
2000-11-06,69.4647216796875
2000-11-07,69.2013931274414
2000-11-08,63.79012680053711
2000-11-09,63.776973724365234
2000-11-10,60.459075927734375
2000-11-13,60.551239013671875
2000-11-14,63.90860366821289
2000-11-15,65.19889068603516
2000-11-16,61.40705108642578
2000-11-17,61.367515563964844
2000-11-20,58.865966796875
2000-11-21,58.773780822753906
2000-11-22,56.14055252075195
2000-11-24,59.35310745239258
2000-11-27,58.61582565307617
2000-11-28,55.1530876159668
2000-11-29,53.03334045410156
2000-11-30,53.07282638549805
2000-12-01,53.92863845825195
2000-12-04,54.771297454833984
2000-12-05,59.56376266479492
2000-12-06,57.299190521240234
2000-12-07,56.03524398803711
2000-12-08,57.299190521240234
2000-12-11,62.67094802856445
2000-12-12,60.38004684448242
2000-12-13,57.91798782348633
2000-12-14,55.08729934692383
2000-12-15,53.82331848144531
2000-12-18,53.92863845825195
2000-12-19,49.82080078125
2000-12-20,46.9637451171875
2000-12-21,47.240234375
2000-12-22,50.979408264160156
2000-12-26,51.29541015625
2000-12-27,51.87472152709961
2000-12-28,51.76939010620117
2000-12-29,49.18881607055664
2001-01-02,45.028316497802734
2001-01-03,52.61201858520508
2001-01-04,51.66405487060547
2001-01-05,47.71421432495117
2001-01-08,48.240867614746094
2001-01-09,48.240867614746094
2001-01-10,50.71611022949219
2001-01-11,52.190711975097656
2001-01-12,52.8621940612793
2001-01-16,52.23020935058594
2001-01-17,53.82331848144531
2001-01-18,56.08790969848633
2001-01-19,55.87724304199219
2001-01-22,55.929927825927734
2001-01-23,57.101707458496094
2001-01-24,56.5618896484375
2001-01-25,54.34994125366211
2001-01-26,55.232093811035156
2001-01-29,56.45654296875
2001-01-30,56.245887756347656
2001-01-31,54.18144607543945
2001-02-01,54.897682189941406
2001-02-02,51.86420440673828
2001-02-05,51.82205581665039
2001-02-06,51.906314849853516
2001-02-07,51.063682556152344
2001-02-08,49.53853988647461
2001-02-09,47.524620056152344
2001-02-12,48.09761047363281
2001-02-13,46.55559158325195
2001-02-14,48.409385681152344
2001-02-15,49.20988845825195
2001-02-16,46.454471588134766
2001-02-20,44.65122985839844
2001-02-21,43.39570236206055
2001-02-22,42.974388122558594
2001-02-23,43.126068115234375
2001-02-26,43.943416595458984
2001-02-27,41.28912353515625
2001-02-28,39.98303985595703
2001-03-01,41.12057876586914
2001-03-02,39.35105895996094
2001-03-05,40.067291259765625
2001-03-06,41.62617874145508
2001-03-07,41.64301681518555
2001-03-08,40.8677864074707
2001-03-09,38.00285339355469
2001-03-12,35.643470764160156
2001-03-13,37.455135345458984
2001-03-14,36.865291595458984
2001-03-15,35.51706314086914
2001-03-16,34.71657180786133
2001-03-19,36.452388763427734
2001-03-20,34.000343322753906
2001-03-21,34.000343322753906
2001-03-22,36.064781188964844
2001-03-23,36.064781188964844
2001-03-26,35.230567932128906
2001-03-27,36.44395446777344
2001-03-28,33.45260238647461
2001-03-29,32.82063293457031
2001-03-30,32.989166259765625
2001-04-02,31.514551162719727
2001-04-03,29.205747604370117
2001-04-04,28.69171142578125
2001-04-05,31.438735961914062
2001-04-06,30.292734146118164
2001-04-09,31.21963882446289
2001-04-10,33.5368766784668
2001-04-11,34.548038482666016
2001-04-12,36.064781188964844
2001-04-16,33.91606140136719
2001-04-17,34.75868225097656
2001-04-18,38.38203048706055
2001-04-19,40.69927978515625
2001-04-20,40.78355026245117
2001-04-23,38.04497146606445
2001-04-24,37.3287353515625
2001-04-25,38.00285339355469
2001-04-26,37.033809661865234
2001-04-27,38.04497146606445
2001-04-30,38.88759994506836
2001-05-01,40.488609313964844
2001-05-02,41.27227020263672
2001-05-03,39.435325622558594
2001-05-04,40.615020751953125
2001-05-07,39.772377014160156
2001-05-08,40.615020751953125
2001-05-09,39.22466278076172
2001-05-10,38.56740951538086
2001-05-11,38.38203048706055
2001-05-14,37.766902923583984
2001-05-15,38.04497146606445
2001-05-16,39.73025894165039
2001-05-17,40.36221694946289
2001-05-18,40.480194091796875
2001-05-21,43.01651382446289
2001-05-22,42.89012145996094
2001-05-23,40.99420166015625
2001-05-24,42.0474967956543
2001-05-25,41.280696868896484
2001-05-29,38.8623161315918
2001-05-30,37.43827438354492
2001-05-31,37.69108200073242
2001-06-01,38.80335235595703
2001-06-04,38.61796569824219
2001-06-05,40.32008361816406
2001-06-06,40.008323669433594
2001-06-07,41.03633499145508
2001-06-08,39.89876174926758
2001-06-11,38.80335235595703
2001-06-12,38.59270095825195
2001-06-13,37.539390563964844
2001-06-14,35.60133743286133
2001-06-15,35.896240234375
2001-06-18,35.41593933105469
2001-06-19,35.239009857177734
2001-06-20,36.03950881958008
2001-06-21,36.52823257446289
2001-06-22,36.44395446777344
2001-06-25,36.53665542602539
2001-06-26,36.663047790527344
2001-06-27,36.89899826049805
2001-06-28,37.3708610534668
2001-06-29,38.508426666259766
2001-07-02,38.297767639160156
2001-07-03,38.45786666870117
2001-07-05,36.61249923706055
2001-07-06,35.09575653076172
2001-07-09,35.39909744262695
2001-07-10,34.12672805786133
2001-07-11,34.548038482666016
2001-07-12,36.738895416259766
2001-07-13,36.359718322753906
2001-07-16,35.68558120727539
2001-07-17,36.48609924316406
2001-07-18,35.09575653076172
2001-07-19,35.929962158203125
2001-07-20,35.09575653076172
2001-07-23,34.219417572021484
2001-07-24,33.8317985534668
2001-07-25,34.12672805786133
2001-07-26,34.632286071777344
2001-07-27,35.34852981567383
2001-07-30,35.13789367675781
2001-07-31,35.18843460083008
2001-08-01,36.31758117675781
2001-08-02,37.000099182128906
2001-08-03,36.3849983215332
2001-08-06,35.811973571777344
2001-08-07,35.62661361694336
2001-08-08,34.12672805786133
2001-08-09,34.26996612548828
2001-08-10,33.94133377075195
2001-08-13,34.632286071777344
2001-08-14,34.210994720458984
2001-08-15,32.94704055786133
2001-08-16,33.33464431762695
2001-08-17,31.817899703979492
2001-08-20,32.256065368652344
2001-08-21,30.91628074645996
2001-08-22,31.758914947509766
2001-08-23,31.447139739990234
2001-08-24,33.115562438964844
2001-08-27,33.157691955566406
2001-08-28,32.121238708496094
2001-08-29,31.649385452270508
2001-08-30,30.478103637695312
2001-08-31,30.86573028564453
2001-09-04,29.888273239135742
2001-09-05,29.77029037475586
2001-09-06,28.565332412719727
2001-09-07,28.396804809570312
2001-09-10,28.733854293823242
2001-09-17,26.290212631225586
2001-09-18,25.700380325317383
2001-09-19,25.253774642944336
2001-09-20,24.4111385345459
2001-09-21,23.753887176513672
2001-09-24,24.95043182373047
2001-09-25,25.026256561279297
2001-09-26,24.15835189819336
2001-09-27,23.99825668334961
2001-09-28,24.419559478759766
2001-10-01,24.208911895751953
2001-10-02,24.28474235534668
2001-10-03,26.121692657470703
2001-10-04,26.37447166442871
2001-10-05,26.762086868286133
2001-10-08,26.846343994140625
2001-10-09,26.197532653808594
2001-10-10,27.385648727416992
2001-10-11,29.23944664001465
2001-10-12,29.113046646118164
2001-10-15,28.986658096313477
2001-10-16,29.45853614807129
2001-10-17,27.343507766723633
2001-10-18,28.085037231445312
2001-10-19,28.270401000976562
2001-10-22,29.028776168823242
2001-10-23,29.180456161499023
2001-10-24,29.812440872192383
2001-10-25,31.00897216796875
2001-10-26,30.343280792236328
2001-10-29,28.683307647705078
2001-10-30,28.127164840698242
2001-10-31,28.565332412719727
2001-11-01,29.778722763061523
2001-11-02,29.997804641723633
2001-11-05,30.975265502929688
2001-11-06,32.180240631103516
2001-11-07,32.13811111450195
2001-11-08,31.80948829650879
2001-11-09,31.79261016845703
2001-11-12,32.020137786865234
2001-11-13,33.16611862182617
2001-11-14,33.40205383300781
2001-11-15,33.267234802246094
2001-11-16,33.17453384399414
2001-11-19,34.1182861328125
2001-11-20,32.54255294799805
2001-11-21,32.37403869628906
2001-11-23,33.09871292114258
2001-11-26,33.91606140136719
2001-11-27,33.87394332885742
2001-11-28,32.65210723876953
2001-11-29,33.663291931152344
2001-11-30,33.41047668457031
2001-12-03,32.83749008178711
2001-12-04,34.40480422973633
2001-12-05,36.10691452026367
2001-12-06,36.15745544433594
2001-12-07,35.16317367553711
2001-12-10,34.548038482666016
2001-12-11,34.741859436035156
2001-12-12,35.0198974609375
2001-12-13,33.50316619873047
2001-12-14,33.7980842590332
2001-12-17,34.37953567504883
2001-12-18,34.76710891723633
2001-12-19,34.135154724121094
2001-12-20,32.685829162597656
2001-12-21,33.267234802246094
2001-12-24,33.132408142089844
2001-12-26,33.44419479370117
2001-12-27,33.71382522583008
2001-12-28,33.98346710205078
2001-12-31,32.786922454833984
2002-01-02,33.7980842590332
2002-01-03,34.9693489074707
2002-01-04,35.11260223388672
2002-01-07,34.72498321533203
2002-01-08,34.960933685302734
2002-01-09,34.64073181152344
2002-01-10,34.86823654174805
2002-01-11,34.42164611816406
2002-01-14,33.67171096801758
2002-01-15,33.99189758300781
2002-01-16,32.677398681640625
2002-01-17,33.41047668457031
2002-01-18,32.51729965209961
2002-01-22,31.514551162719727
2002-01-23,32.382476806640625
2002-01-24,32.812191009521484
2002-01-25,32.719520568847656
2002-01-28,32.90491485595703
2002-01-29,32.003265380859375
2002-01-30,32.247642517089844
2002-01-31,32.449867248535156
2002-02-01,32.13811111450195
2002-02-04,31.110090255737305
2002-02-05,30.5960750579834
2002-02-06,30.38541603088379
2002-02-07,29.65233612060547
2002-02-08,30.478103637695312
2002-02-11,30.86573028564453
2002-02-12,30.612945556640625
2002-02-13,31.135377883911133
2002-02-14,31.07638931274414
2002-02-15,30.149473190307617
2002-02-19,29.22258186340332
2002-02-20,29.618627548217773
2002-02-21,28.2114200592041
2002-02-22,28.354673385620117
2002-02-25,29.50065803527832
2002-02-26,29.391128540039062
2002-02-27,28.986658096313477
2002-02-28,28.464214324951172
2002-03-01,30.115779876708984
2002-03-04,31.30388832092285
2002-03-05,31.53139877319336
2002-03-06,31.68308448791504
2002-03-07,31.75048065185547
2002-03-08,32.584693908691406
2002-03-11,32.46675491333008
2002-03-12,32.020137786865234
2002-03-13,31.244909286499023
2002-03-14,31.05954933166504
2002-03-15,31.371318817138672
2002-03-18,31.548261642456055
2002-03-19,31.497716903686523
2002-03-20,30.38541603088379
2002-03-21,31.194368362426758
2002-03-22,30.90785789489746
2002-03-25,29.964109420776367
2002-03-26,30.24216079711914
2002-03-27,30.006240844726562
2002-03-28,30.38541603088379
2002-04-01,30.966848373413086
2002-04-02,29.56805992126465
2002-04-03,29.51751136779785
2002-04-04,29.290002822875977
2002-04-05,28.96137046813965
2002-04-08,29.323705673217773
2002-04-09,28.304115295410156
2002-04-10,28.514774322509766
2002-04-11,27.806957244873047
2002-04-12,28.245126724243164
2002-04-15,28.47262954711914
2002-04-16,29.66075325012207
2002-04-17,29.50906753540039
2002-04-18,28.944517135620117
2002-04-19,29.037189483642578
2002-04-22,28.304115295410156
2002-04-23,27.815383911132812
2002-04-24,27.385648727416992
2002-04-25,27.31822395324707
2002-04-26,26.1553897857666
2002-04-29,26.22280502319336
2002-04-30,26.736814498901367
2002-05-01,26.59355926513672
2002-05-02,25.70879364013672
2002-05-03,25.059968948364258
2002-05-06,24.4111385345459
2002-05-07,24.183643341064453
2002-05-08,26.770523071289062
2002-05-09,26.079561233520508
2002-05-10,24.908292770385742
2002-05-13,25.919464111328125
2002-05-14,27.44462013244629
2002-05-15,27.646862030029297
2002-05-16,27.68898582458496
2002-05-17,27.74797248840332
2002-05-20,27.14127540588379
2002-05-21,26.399757385253906
2002-05-22,26.458742141723633
2002-05-23,26.98960304260254
2002-05-24,26.323911666870117
2002-05-28,26.20594596862793
2002-05-29,25.51498794555664
2002-05-30,25.73407745361328
2002-05-31,25.312755584716797
2002-06-03,24.419559478759766
2002-06-04,24.739765167236328
2002-06-05,24.99256134033203
2002-06-06,24.335296630859375
2002-06-07,23.84658432006836
2002-06-10,23.804443359375
2002-06-11,23.138761520385742
2002-06-12,23.475807189941406
2002-06-13,23.324138641357422
2002-06-14,23.273584365844727
2002-06-17,24.065662384033203
2002-06-18,24.453271865844727
2002-06-19,23.037635803222656
2002-06-20,22.296123504638672
2002-06-21,21.756845474243164
2002-06-24,22.186582565307617
2002-06-25,21.45348358154297
2002-06-26,21.61359214782715
2002-06-27,22.0854549407959
2002-06-28,21.992780685424805
2002-07-01,20.939477920532227
2002-07-02,20.181108474731445
2002-07-03,20.855213165283203
2002-07-05,22.19500732421875
2002-07-08,21.386079788208008
2002-07-09,20.77939224243164
2002-07-10,20.13898468017578
2002-07-11,20.897336959838867
2002-07-12,20.897336959838867
2002-07-15,21.546165466308594
2002-07-16,21.22597885131836
2002-07-17,21.61359214782715
2002-07-18,20.83836555480957
2002-07-19,20.21480941772461
2002-07-22,19.717662811279297
2002-07-23,18.875030517578125
2002-07-24,19.903045654296875
2002-07-25,18.748624801635742
2002-07-26,19.10254669189453
2002-07-29,20.079998016357422
2002-07-30,20.48446273803711
2002-07-31,20.096845626831055
2002-08-01,19.153091430664062
2002-08-02,18.748624801635742
2002-08-05,18.066099166870117
2002-08-06,18.959291458129883
2002-08-07,19.212080001831055
2002-08-08,19.860923767089844
2002-08-09,19.65868377685547
2002-08-12,19.717662811279297
2002-08-13,19.04355812072754
2002-08-14,20.2569522857666
2002-08-15,20.669837951660156
2002-08-16,20.81308937072754
2002-08-19,21.318666458129883
2002-08-20,21.22597885131836
2002-08-21,21.697851181030273
2002-08-22,22.04334259033203
2002-08-23,21.1922664642334
2002-08-26,21.276531219482422
2002-08-27,20.53502082824707
2002-08-28,19.785072326660156
2002-08-29,20.04628562927246
2002-08-30,19.793500900268555
2002-09-03,19.077260971069336
2002-09-04,19.153091430664062
2002-09-05,18.68122100830078
2002-09-06,19.254213333129883
2002-09-09,19.44801902770996
2002-09-10,19.928327560424805
2002-09-11,19.759796142578125
2002-09-12,19.22050666809082
2002-09-13,19.37217903137207
2002-09-16,19.094114303588867
2002-09-17,18.68965721130371
2002-09-18,18.478988647460938
2002-09-19,18.184059143066406
2002-09-20,18.259897232055664
2002-09-23,17.71219253540039
2002-09-24,17.720619201660156
2002-09-25,18.428424835205078
2002-09-26,18.2009220123291
2002-09-27,17.956562042236328
2002-09-30,17.45939826965332
2002-10-01,18.521120071411133
2002-10-02,17.905986785888672
2002-10-03,17.47624397277832
2002-10-04,17.147621154785156
2002-10-07,16.987529754638672
2002-10-08,17.021223068237305
2002-10-09,16.903257369995117
2002-10-10,17.762744903564453
2002-10-11,18.72335433959961
2002-10-14,18.94243621826172
2002-10-15,19.85248374938965
2002-10-16,19.195228576660156
2002-10-17,19.844053268432617
2002-10-18,20.063135147094727
2002-10-21,20.46760368347168
2002-10-22,20.341215133666992
2002-10-23,20.728822708129883
2002-10-24,20.20639419555664
2002-10-25,20.81308937072754
2002-10-28,20.63613510131836
2002-10-29,20.155832290649414
2002-10-30,20.69511604309082
2002-10-31,20.68668556213379
2002-11-01,21.276531219482422
2002-11-04,21.824241638183594
2002-11-05,21.992780685424805
2002-11-06,22.30454444885254
2002-11-07,21.520904541015625
2002-11-08,21.12486457824707
2002-11-11,20.48446273803711
2002-11-12,21.00688934326172
2002-11-13,21.25968360900879
2002-11-14,21.992780685424805
2002-11-15,22.279272079467773
2002-11-18,21.950653076171875
2002-11-19,21.61359214782715
2002-11-20,22.53207015991211
2002-11-21,23.366268157958984
2002-11-22,23.357847213745117
2002-11-25,23.585355758666992
2002-11-26,22.793277740478516
2002-11-27,23.5179500579834
2002-11-29,23.357847213745117
2002-12-02,23.593778610229492
2002-12-03,22.894397735595703
2002-12-04,22.388816833496094
2002-12-05,22.077045440673828
2002-12-06,22.30454444885254
2002-12-09,21.251256942749023
2002-12-10,21.571456909179688
2002-12-11,21.67257308959961
2002-12-12,21.790538787841797
2002-12-13,21.099580764770508
2002-12-16,21.78211784362793
2002-12-17,21.849533081054688
2002-12-18,21.386079788208008
2002-12-19,21.11642837524414
2002-12-20,21.33551788330078
2002-12-23,21.63044548034668
2002-12-24,21.360794067382812
2002-12-26,21.30181312561035
2002-12-27,20.91419792175293
2002-12-30,20.75410270690918
2002-12-31,20.53502082824707
2003-01-02,21.40292739868164
2003-01-03,21.638870239257812
2003-01-06,22.17814826965332
2003-01-07,22.456226348876953
2003-01-08,21.824241638183594
2003-01-09,22.498350143432617
2003-01-10,22.83540916442871
2003-01-13,22.700592041015625
2003-01-14,22.818552017211914
2003-01-15,22.53207015991211
2003-01-16,22.279272079467773
2003-01-17,21.327096939086914
2003-01-21,21.091157913208008
2003-01-22,21.00688934326172
2003-01-23,21.49561882019043
2003-01-24,20.91419792175293
2003-01-27,20.669837951660156
2003-01-28,20.8804931640625
2003-01-29,21.1922664642334
2003-01-30,20.644561767578125
2003-01-31,20.594005584716797
2003-02-03,20.63613510131836
2003-02-04,20.383338928222656
2003-02-05,20.29065704345703
2003-02-06,20.40019416809082
2003-02-07,20.063135147094727
2003-02-10,20.240097045898438
2003-02-11,20.349639892578125
2003-02-12,20.071565628051758
2003-02-13,20.172683715820312
2003-02-14,20.63613510131836
2003-02-18,21.276531219482422
2003-02-19,21.133285522460938
2003-02-20,21.04901885986328
2003-02-21,21.209121704101562
2003-02-24,20.84679412841797
2003-02-25,20.872079849243164
2003-02-26,20.40862274169922
2003-02-27,20.872079849243164
2003-02-28,21.200695037841797
2003-03-03,20.77095603942871
2003-03-04,20.644561767578125
2003-03-05,20.68668556213379
2003-03-06,20.63613510131836
2003-03-07,20.678268432617188
2003-03-10,20.231670379638672
2003-03-11,20.054718017578125
2003-03-12,20.417043685913086
2003-03-13,21.588321685791016
2003-03-14,21.67257308959961
2003-03-17,22.414085388183594
2003-03-18,22.692153930664062
2003-03-19,22.498350143432617
2003-03-20,22.582618713378906
2003-03-21,22.894397735595703
2003-03-24,21.94222640991211
2003-03-25,22.253990173339844
2003-03-26,22.380390167236328
2003-03-27,22.220287322998047
2003-03-28,21.975919723510742
2003-03-31,21.276531219482422
2003-04-01,21.44506072998047
2003-04-02,22.034908294677734
2003-04-03,22.31297492980957
2003-04-04,21.950653076171875
2003-04-07,21.984357833862305
2003-04-08,21.95906639099121
2003-04-09,21.45348358154297
2003-04-10,21.714706420898438
2003-04-11,21.49561882019043
2003-04-14,21.933788299560547
2003-04-15,22.144453048706055
2003-04-16,22.093896865844727
2003-04-17,22.599472045898438
2003-04-21,22.683738708496094
2003-04-22,23.113481521606445
2003-04-23,23.282012939453125
2003-04-24,23.155607223510742
2003-04-25,22.709014892578125
2003-04-28,23.155607223510742
2003-04-29,23.366268157958984
2003-04-30,23.13033676147461
2003-05-01,23.332569122314453
2003-05-02,23.829715728759766
2003-05-05,23.804443359375
2003-05-06,24.107789993286133
2003-05-07,23.83814811706543
2003-05-08,23.399974822998047
2003-05-09,23.93926429748535
2003-05-12,24.301593780517578
2003-05-13,24.149921417236328
2003-05-14,24.099369049072266
2003-05-15,24.369009017944336
2003-05-16,24.183643341064453
2003-05-19,23.332569122314453
2003-05-20,23.399974822998047
2003-05-21,23.332569122314453
2003-05-22,23.669620513916016
2003-05-23,23.678049087524414
2003-05-27,24.52068519592285
2003-05-28,24.59653091430664
2003-05-29,24.697635650634766
2003-05-30,25.102100372314453
2003-06-02,24.925142288208008
2003-06-03,25.16108512878418
2003-06-04,25.63296127319336
2003-06-05,25.818347930908203
2003-06-06,25.388595581054688
2003-06-09,25.05154800415039
2003-06-10,25.430727005004883
2003-06-11,25.71722984313965
2003-06-12,25.82676124572754
2003-06-13,25.245336532592773
2003-06-16,26.020570755004883
2003-06-17,25.919464111328125
2003-06-18,26.054279327392578
2003-06-19,25.63296127319336
2003-06-20,25.599252700805664
2003-06-23,25.203214645385742
2003-06-24,25.00941276550293
2003-06-25,24.874589920043945
2003-06-26,25.464435577392578
2003-06-27,25.13581657409668
2003-06-30,25.236919403076172
2003-07-01,25.573978424072266
2003-07-02,26.096393585205078
2003-07-03,25.767780303955078
2003-07-07,26.871631622314453
2003-07-08,27.200258255004883
2003-07-09,27.13285255432129
2003-07-10,26.627267837524414
2003-07-11,26.82949447631836
2003-07-14,27.149702072143555
2003-07-15,27.18341636657715
2003-07-16,27.099132537841797
2003-07-17,26.273366928100586
2003-07-18,26.357629776000977
2003-07-21,26.020570755004883
2003-07-22,26.408184051513672
2003-07-23,26.627267837524414
2003-07-24,26.273366928100586
2003-07-25,26.795801162719727
2003-07-28,26.871631622314453
2003-07-29,26.669397354125977
2003-07-30,26.47560691833496
2003-07-31,26.795801162719727
2003-08-01,26.50929069519043
2003-08-04,26.500873565673828
2003-08-05,25.456003189086914
2003-08-06,25.439151763916016
2003-08-07,25.540271759033203
2003-08-08,25.338037490844727
2003-08-11,25.616117477416992
2003-08-12,26.003726959228516
2003-08-13,26.01214599609375
2003-08-14,26.037425994873047
2003-08-15,26.264938354492188
2003-08-18,26.939041137695312
2003-08-19,27.276103973388672
2003-08-20,27.20869255065918
2003-08-21,27.503602981567383
2003-08-22,27.3350772857666
2003-08-25,27.39406394958496
2003-08-26,27.419355392456055
2003-08-27,27.638427734375
2003-08-28,27.882801055908203
2003-08-29,28.13559341430664
2003-09-02,28.540054321289062
2003-09-03,28.5231876373291
2003-09-04,28.78441047668457
2003-09-05,28.599029541015625
2003-09-08,29.070911407470703
2003-09-09,28.72542953491211
2003-09-10,28.03446388244629
2003-09-11,28.346242904663086
2003-09-12,28.4979248046875
2003-09-15,28.21984100341797
2003-09-16,28.986658096313477
2003-09-17,28.86868667602539
2003-09-18,29.306842803955078
2003-09-19,29.13833236694336
2003-09-22,28.58216667175293
2003-09-23,29.08776092529297
2003-09-24,27.992334365844727
2003-09-25,27.6299991607666
2003-09-26,27.453048706054688
2003-09-29,27.924928665161133
2003-09-30,27.31822395324707
2003-10-01,27.9333553314209
2003-10-02,28.026052474975586
2003-10-03,28.809682846069336
2003-10-06,29.020360946655273
2003-10-07,29.197303771972656
2003-10-08,29.01192283630371
2003-10-09,29.23102378845215
2003-10-10,29.50065803527832
2003-10-13,29.69446563720703
2003-10-14,29.77029037475586
2003-10-15,29.643901824951172
2003-10-16,29.87984848022461
2003-10-17,29.163599014282227
2003-10-20,29.525936126708984
2003-10-21,29.702898025512695
2003-10-22,29.129899978637695
2003-10-23,28.79283905029297
2003-10-24,28.81810760498047
2003-10-27,28.82654571533203
2003-10-28,29.795570373535156
2003-10-29,29.761877059936523
2003-10-30,29.820858001708984
2003-10-31,29.643901824951172
2003-11-03,30.132619857788086
2003-11-04,29.930416107177734
2003-11-05,30.200037002563477
2003-11-06,30.284303665161133
2003-11-07,30.023088455200195
2003-11-10,29.65233612060547
2003-11-11,29.542797088623047
2003-11-12,30.17477035522461
2003-11-13,30.14105796813965
2003-11-14,29.525936126708984
2003-11-17,29.22258186340332
2003-11-18,28.548486709594727
2003-11-19,28.82654571533203
2003-11-20,28.548486709594727
2003-11-21,28.843400955200195
2003-11-24,29.643901824951172
2003-11-25,29.643901824951172
2003-11-26,29.778722763061523
2003-11-28,29.812440872192383
2003-12-01,30.250600814819336
2003-12-02,30.082082748413086
2003-12-03,29.702898025512695
2003-12-04,30.023088455200195
2003-12-05,29.525936126708984
2003-12-08,29.69446563720703
2003-12-09,29.01192283630371
2003-12-10,29.121475219726562
2003-12-11,29.74502182006836
2003-12-12,29.69446563720703
2003-12-15,29.306842803955078
2003-12-16,29.36583137512207
2003-12-17,29.4163875579834
2003-12-18,29.964109420776367
2003-12-19,29.87984848022461
2003-12-22,29.972532272338867
2003-12-23,30.200037002563477
2003-12-24,30.262420654296875
2003-12-26,30.220279693603516
2003-12-29,30.71763038635254
2003-12-30,30.81878089904785
2003-12-31,30.73448371887207
2004-01-02,30.650184631347656
2004-01-05,31.265565872192383
2004-01-06,31.476285934448242
2004-01-07,31.762895584106445
2004-01-08,32.015785217285156
2004-01-09,31.805044174194336
2004-01-12,32.31083297729492
2004-01-13,31.990503311157227
2004-01-14,32.10008239746094
2004-01-15,32.18438720703125
2004-01-16,32.51313400268555
2004-01-20,32.48784637451172
2004-01-21,32.352989196777344
2004-01-22,32.15909957885742
2004-01-23,32.04108810424805
2004-01-26,32.529991149902344
2004-01-27,31.813467025756836
2004-01-28,31.273984909057617
2004-01-29,31.392013549804688
2004-01-30,31.248693466186523
2004-02-02,31.16438865661621
2004-02-03,31.13067054748535
2004-02-04,30.624908447265625
2004-02-05,30.742919921875
2004-02-06,31.29926109313965
2004-02-09,31.290834426879883
2004-02-10,31.341413497924805
2004-02-11,31.6785888671875
2004-02-12,31.400426864624023
2004-02-13,31.13910675048828
2004-02-17,31.560585021972656
2004-02-18,31.653303146362305
2004-02-19,31.172819137573242
2004-02-20,31.071664810180664
2004-02-23,30.72604751586914
2004-02-24,30.650184631347656
2004-02-25,30.835634231567383
2004-02-26,30.91151237487793
2004-02-27,30.827205657958984
2004-03-01,31.231828689575195
2004-03-02,30.869359970092773
2004-03-03,30.70075798034668
2004-03-04,30.987348556518555
2004-03-05,30.87778091430664
2004-03-08,30.152843475341797
2004-03-09,30.06011199951172
2004-03-10,29.663925170898438
2004-03-11,29.394168853759766
2004-03-12,29.933658599853516
2004-03-15,29.411035537719727
2004-03-16,29.46161460876465
2004-03-17,29.92524528503418
2004-03-18,29.79035186767578
2004-03-19,29.293020248413086
2004-03-22,28.922115325927734
2004-03-23,28.686084747314453
2004-03-24,29.01482582092285
2004-03-25,29.79035186767578
2004-03-26,29.689220428466797
2004-03-29,30.169675827026367
2004-03-30,30.270854949951172
2004-03-31,30.211841583251953
2004-04-01,30.481592178344727
2004-04-02,31.273984909057617
2004-04-05,31.569026947021484
2004-04-06,31.172819137573242
2004-04-07,31.13910675048828
2004-04-08,31.13910675048828
2004-04-12,31.332977294921875
2004-04-13,30.87778091430664
2004-04-14,31.029529571533203
2004-04-15,30.473159790039062
2004-04-16,30.42258644104004
2004-04-19,30.793502807617188
2004-04-20,30.07697105407715
2004-04-21,30.338289260864258
2004-04-22,31.122251510620117
2004-04-23,31.36671257019043
2004-04-26,31.13910675048828
2004-04-27,31.080106735229492
2004-04-28,30.515317916870117
2004-04-29,30.04325294494629
2004-04-30,29.30986213684082
2004-05-03,29.588035583496094
2004-05-04,29.714500427246094
2004-05-05,29.95051383972168
2004-05-06,29.72291374206543
2004-05-07,29.478458404541016
2004-05-10,29.22557258605957
2004-05-11,29.663925170898438
2004-05-12,29.72291374206543
2004-05-13,29.512189865112305
2004-05-14,29.293020248413086
2004-05-17,29.01482582092285
2004-05-18,29.276151657104492
2004-05-19,29.242433547973633
2004-05-20,29.377304077148438
2004-05-21,29.520620346069336
2004-05-24,29.72291374206543
2004-05-25,30.312990188598633
2004-05-26,30.506874084472656
2004-05-27,30.70075798034668
2004-05-28,30.810361862182617
2004-06-01,30.768198013305664
2004-06-02,30.70075798034668
2004-06-03,30.32986831665039
2004-06-04,30.506874084472656
2004-06-07,31.231828689575195
2004-06-08,31.273984909057617
2004-06-09,30.835634231567383
2004-06-10,31.0548095703125
2004-06-14,30.616474151611328
2004-06-15,31.012664794921875
2004-06-16,30.962080001831055
2004-06-17,30.675477981567383
2004-06-18,30.71763038635254
2004-06-21,30.473159790039062
2004-06-22,30.919952392578125
2004-06-23,31.290834426879883
2004-06-24,31.231828689575195
2004-06-25,31.467863082885742
2004-06-28,31.206531524658203
2004-06-29,31.501583099365234
2004-06-30,31.813467025756836
2004-07-01,31.22339630126953
2004-07-02,31.037954330444336
2004-07-06,30.37199592590332
2004-07-07,30.43102264404297
2004-07-08,30.09383201599121
2004-07-09,30.135986328125
2004-07-12,30.00952911376953
2004-07-13,29.967369079589844
2004-07-14,29.663925170898438
2004-07-15,29.562753677368164
2004-07-16,29.22557258605957
2004-07-19,29.16657257080078
2004-07-20,29.86622428894043
2004-07-21,28.997982025146484
2004-07-22,29.394168853759766
2004-07-23,28.837820053100586
2004-07-26,28.711368560791016
2004-07-27,29.107559204101562
2004-07-28,28.981115341186523
2004-07-29,29.31829071044922
2004-07-30,29.411035537719727
2004-08-02,29.470033645629883
2004-08-03,28.854673385620117
2004-08-04,28.863100051879883
2004-08-05,28.323617935180664
2004-08-06,27.581806182861328
2004-08-09,27.649227142333984
2004-08-10,27.99485206604004
2004-08-11,27.750383377075195
2004-08-12,27.371055603027344
2004-08-13,27.4132022857666
2004-08-16,27.725099563598633
2004-08-17,28.037004470825195
2004-08-18,28.534334182739258
2004-08-19,28.382617950439453
2004-08-20,28.669208526611328
2004-08-23,28.736661911010742
2004-08-24,28.728229522705078
2004-08-25,29.12441635131836
2004-08-26,28.997982025146484
2004-08-27,29.13285255432129
2004-08-30,28.643938064575195
2004-08-31,28.677644729614258
2004-09-01,28.888383865356445
2004-09-02,29.31829071044922
2004-09-03,28.778806686401367
2004-09-07,29.02326774597168
2004-09-08,28.913673400878906
2004-09-09,29.15814971923828
2004-09-10,29.60491371154785
2004-09-13,29.99267578125
2004-09-14,30.034818649291992
2004-09-15,29.714500427246094
2004-09-16,29.773513793945312
2004-09-17,29.86622428894043
2004-09-20,29.86622428894043
2004-09-21,29.984235763549805
2004-09-22,29.46161460876465
2004-09-23,29.436304092407227
2004-09-24,29.335155487060547
2004-09-27,29.082275390625
2004-09-28,29.141273498535156
2004-09-29,29.571186065673828
2004-09-30,29.621774673461914
2004-10-01,30.43102264404297
2004-10-04,30.6080322265625
2004-10-05,30.650184631347656
2004-10-06,30.8946475982666
2004-10-07,30.549030303955078
2004-10-08,29.99267578125
2004-10-11,30.135986328125
2004-10-12,30.08540153503418
2004-10-13,30.017959594726562
2004-10-14,29.883079528808594
2004-10-15,30.034818649291992
2004-10-18,30.464750289916992
2004-10-19,30.245553970336914
2004-10-20,30.38885498046875
2004-10-21,30.85251235961914
2004-10-22,30.178123474121094
2004-10-25,30.034818649291992
2004-10-26,30.194992065429688
2004-10-27,30.962080001831055
2004-10-28,31.155982971191406
2004-10-29,31.10539436340332
2004-11-01,31.22339630126953
2004-11-02,31.324562072753906
2004-11-03,31.535306930541992
2004-11-04,31.71232795715332
2004-11-05,31.998933792114258
2004-11-08,32.03264617919922
2004-11-09,31.965194702148438
2004-11-10,31.855619430541992
2004-11-11,32.277099609375
2004-11-12,32.58901596069336
2004-11-15,32.7322998046875
2004-11-16,32.529991149902344
2004-11-17,32.968326568603516
2004-11-18,33.12007141113281
2004-11-19,32.605865478515625
2004-11-22,32.917755126953125
2004-11-23,32.867183685302734
2004-11-24,33.15380096435547
2004-11-26,33.0526237487793
2004-11-29,33.04423141479492
2004-11-30,32.97677993774414
2004-12-01,33.651126861572266
2004-12-02,33.77757263183594
2004-12-03,33.82817077636719
2004-12-06,33.94618225097656
2004-12-07,33.36452102661133
2004-12-08,33.55842208862305
2004-12-09,33.76072692871094
2004-12-10,33.659568786621094
2004-12-13,33.95460510253906
2004-12-14,34.123207092285156
2004-12-15,33.99675750732422
2004-12-16,33.67643737792969
2004-12-17,33.590476989746094
2004-12-20,33.36071014404297
2004-12-21,33.76918029785156
2004-12-22,33.81174850463867
2004-12-23,33.837284088134766
2004-12-27,33.6926155090332
2004-12-28,34.01600646972656
2004-12-29,34.05856704711914
2004-12-30,34.033016204833984
2004-12-31,33.97343063354492
2005-01-03,33.61600112915039
2005-01-04,33.00324249267578
2005-01-05,32.79900360107422
2005-01-06,32.63728713989258
2005-01-07,32.80751419067383
2005-01-10,32.79050064086914
2005-01-11,32.560707092285156
2005-01-12,32.83305740356445
2005-01-13,32.39901351928711
2005-01-14,32.70541000366211
2005-01-18,32.95219421386719
2005-01-19,32.407527923583984
2005-01-20,31.786279678344727
2005-01-21,31.53096580505371
2005-01-24,31.088420867919922
2005-01-25,31.241586685180664
2005-01-26,31.616056442260742
2005-01-27,31.57352066040039
2005-01-28,31.420339584350586
2005-01-31,31.828832626342773
2005-02-01,31.93096351623535
2005-02-02,31.982023239135742
2005-02-03,31.616056442260742
2005-02-04,32.12668228149414
2005-02-07,32.05862045288086
2005-02-08,32.11818313598633
2005-02-09,31.58202362060547
2005-02-10,31.616056442260742
2005-02-11,32.0841178894043
2005-02-14,32.22880172729492
2005-02-15,32.44156265258789
2005-02-16,32.322425842285156
2005-02-17,31.88841438293457
2005-02-18,31.786279678344727
2005-02-22,31.394807815551758
2005-02-23,31.437341690063477
2005-02-24,31.83734703063965
2005-02-25,32.016056060791016
2005-02-28,31.67563247680664
2005-03-01,32.02456283569336
2005-03-02,32.007537841796875
2005-03-03,31.743730545043945
2005-03-04,31.93096351623535
2005-03-07,32.3905029296875
2005-03-08,32.06712341308594
2005-03-09,31.973495483398438
2005-03-10,31.93096351623535
2005-03-11,31.633092880249023
2005-03-14,31.77775764465332
2005-03-15,31.522451400756836
2005-03-16,31.16499900817871
2005-03-17,31.241586685180664
2005-03-18,31.071399688720703
2005-03-21,31.13096809387207
2005-03-22,30.748014450073242
2005-03-23,30.858642578125
2005-03-24,30.867151260375977
2005-03-28,30.926712036132812
2005-03-29,30.679916381835938
2005-03-30,31.258647918701172
2005-03-31,31.122467041015625
2005-04-01,30.807580947875977
2005-04-04,31.028846740722656
2005-04-05,31.11397361755371
2005-04-06,31.062881469726562
2005-04-07,31.437341690063477
2005-04-08,31.182048797607422
2005-04-11,31.045866012573242
2005-04-12,31.199054718017578
2005-04-13,30.688434600830078
2005-04-14,30.25439453125
2005-04-15,29.5650634765625
2005-04-18,29.573577880859375
2005-04-19,29.777828216552734
2005-04-20,29.53101921081543
2005-04-21,30.313974380493164
2005-04-22,29.8629207611084
2005-04-25,30.109731674194336
2005-04-26,29.82888412475586
2005-04-27,29.871423721313477
2005-04-28,29.573577880859375
2005-04-29,29.76930809020996
2005-05-02,29.88845443725586
2005-05-03,30.04164695739746
2005-05-04,30.407590866088867
2005-05-05,30.433107376098633
2005-05-06,30.51823616027832
2005-05-09,30.66289710998535
2005-05-10,30.441640853881836
2005-05-11,30.594831466674805
2005-05-12,30.509721755981445
2005-05-13,30.841617584228516
2005-05-16,31.045866012573242
2005-05-17,31.233118057250977
2005-05-18,31.65862274169922
2005-05-19,31.922433853149414
2005-05-20,32.05010986328125
2005-05-23,32.211788177490234
2005-05-24,32.31392288208008
2005-05-25,32.17774963378906
2005-05-26,32.50115203857422
2005-05-27,32.518157958984375
2005-05-31,32.407527923583984
2005-06-01,32.67131423950195
2005-06-02,32.901145935058594
2005-06-03,32.424560546875
2005-06-06,32.43305587768555
2005-06-07,32.16071319580078
2005-06-08,32.0926513671875
2005-06-09,32.296897888183594
2005-06-10,31.956459045410156
2005-06-13,32.10966873168945
2005-06-14,31.982023239135742
2005-06-15,32.0841178894043
2005-06-16,32.25434494018555
2005-06-17,32.25859832763672
2005-06-20,32.25859832763672
2005-06-21,32.24156188964844
2005-06-22,32.207489013671875
2005-06-23,31.849740982055664
2005-06-24,31.491952896118164
2005-06-27,31.34714698791504
2005-06-28,31.645275115966797
2005-06-29,31.577125549316406
2005-06-30,31.330120086669922
2005-07-01,31.287517547607422
2005-07-05,31.611223220825195
2005-07-06,31.45787811279297
2005-07-07,31.568628311157227
2005-07-08,32.173423767089844
2005-07-11,32.47153854370117
2005-07-12,32.62488555908203
2005-07-13,32.7015266418457
2005-07-14,33.0252571105957
2005-07-15,33.127445220947266
2005-07-18,32.99116897583008
2005-07-19,33.37450408935547
2005-07-20,33.61301040649414
2005-07-21,33.62152099609375
2005-07-22,33.57893371582031
2005-07-25,33.451141357421875
2005-07-26,33.57893371582031
2005-07-27,33.834476470947266
2005-07-28,33.99631881713867
2005-07-29,33.7152214050293
2005-08-01,33.77485275268555
2005-08-02,34.14113998413086
2005-08-03,34.12408447265625
2005-08-04,33.79188919067383
2005-08-05,33.63005447387695
2005-08-08,33.38300704956055
2005-08-09,33.604461669921875
2005-08-10,33.31488800048828
2005-08-11,33.58744430541992
2005-08-12,33.40003204345703
2005-08-15,33.604461669921875
2005-08-16,33.059303283691406
2005-08-17,33.2552375793457
2005-08-18,33.084877014160156
2005-08-19,33.067832946777344
2005-08-22,33.084877014160156
2005-08-23,32.99116897583008
2005-08-24,32.79525375366211
2005-08-25,32.871917724609375
2005-08-26,32.76117706298828
2005-08-29,33.0167121887207
2005-08-30,32.897464752197266
2005-08-31,33.204124450683594
2005-09-01,33.15300750732422
2005-09-02,33.0252571105957
2005-09-06,33.51079559326172
2005-09-07,33.57041549682617
2005-09-08,33.5618896484375
2005-09-09,33.74930953979492
2005-09-12,33.842987060546875
2005-09-13,33.7578125
2005-09-14,33.37450408935547
2005-09-15,33.357479095458984
2005-09-16,33.5618896484375
2005-09-19,33.2978401184082
2005-09-20,33.16154098510742
2005-09-21,32.79525375366211
2005-09-22,32.91450881958008
2005-09-23,33.00820541381836
2005-09-26,33.0167121887207
2005-09-27,32.9400520324707
2005-09-28,32.94858932495117
2005-09-29,33.39153289794922
2005-09-30,33.61301040649414
2005-10-03,33.69818878173828
2005-10-04,33.476715087890625
2005-10-05,33.0167121887207
2005-10-06,32.582279205322266
2005-10-07,32.658973693847656
2005-10-10,32.480064392089844
2005-10-11,32.31821823120117
2005-10-12,31.934906005859375
2005-10-13,32.18193435668945
2005-10-14,32.420433044433594
2005-10-17,32.522682189941406
2005-10-18,32.292667388916016
2005-10-19,32.9400520324707
2005-10-20,32.63340377807617
2005-10-21,32.83784866333008
2005-10-24,33.357479095458984
2005-10-25,33.22969055175781
2005-10-26,33.059303283691406
2005-10-27,32.394901275634766
2005-10-28,32.64192199707031
2005-10-31,33.11042404174805
2005-11-01,33.084877014160156
2005-11-02,33.51929473876953
2005-11-03,34.02188491821289
2005-11-04,34.14113998413086
2005-11-07,34.18373107910156
2005-11-08,34.19223403930664
2005-11-09,34.20927810668945
2005-11-10,34.58407211303711
2005-11-11,34.67778015136719
2005-11-14,34.67778015136719
2005-11-15,34.51593017578125
2005-11-16,34.728904724121094
2005-11-17,35.188880920410156
2005-11-18,35.30812454223633
2005-11-21,35.393314361572266
2005-11-22,35.521095275878906
2005-11-23,35.60628128051758
2005-11-25,35.68292999267578
2005-11-28,35.384803771972656
2005-11-29,35.214420318603516
2005-11-30,35.12925720214844
2005-12-01,35.785133361816406
2005-12-02,35.87035369873047
2005-12-05,35.60628128051758
2005-12-06,35.72553253173828
2005-12-07,35.65739440917969
2005-12-08,35.40182876586914
2005-12-09,35.53812026977539
2005-12-12,35.665889739990234
2005-12-13,35.81071853637695
2005-12-14,35.69145584106445
2005-12-15,35.75108337402344
2005-12-16,35.504310607910156
2005-12-19,34.94074630737305
2005-12-20,34.96636199951172
2005-12-21,35.12004852294922
2005-12-22,35.350616455078125
2005-12-23,35.350616455078125
2005-12-27,35.04322052001953
2005-12-28,35.00053024291992
2005-12-29,34.769981384277344
2005-12-30,34.50526809692383
2006-01-03,35.273765563964844
2006-01-04,35.64092254638672
2006-01-05,35.79462814331055
2006-01-06,36.44359588623047
2006-01-09,36.58873748779297
2006-01-10,36.61437225341797
2006-01-11,36.8961296081543
2006-01-12,36.71682357788086
2006-01-13,36.699729919433594
2006-01-17,36.46063995361328
2006-01-18,36.042266845703125
2006-01-19,36.30696487426758
2006-01-20,35.222530364990234
2006-01-23,35.2310676574707
2006-01-24,35.384765625
2006-01-25,35.2310676574707
2006-01-26,35.478694915771484
2006-01-27,35.95688247680664
2006-01-30,36.02519226074219
2006-01-31,35.86292266845703
2006-02-01,35.99102020263672
2006-02-02,35.376220703125
2006-02-03,34.94074630737305
2006-02-06,34.846824645996094
2006-02-07,34.69312286376953
2006-02-08,35.094444274902344
2006-02-09,34.76143264770508
2006-02-10,34.97489547729492
2006-02-13,34.573577880859375
2006-02-14,34.923675537109375
2006-02-15,35.14567947387695
2006-02-16,35.47016525268555
2006-02-17,35.18838882446289
2006-02-21,34.795597076416016
2006-02-22,35.2310676574707
2006-02-23,35.13715362548828
2006-02-24,35.2310676574707
2006-02-27,35.62384796142578
2006-02-28,35.094444274902344
2006-03-01,35.572628021240234
2006-03-02,35.59824752807617
2006-03-03,35.39329528808594
2006-03-06,35.08591079711914
2006-03-07,34.8809700012207
2006-03-08,34.89805221557617
2006-03-09,34.59919357299805
2006-03-10,34.63335037231445
2006-03-13,34.73582077026367
2006-03-14,35.32499694824219
2006-03-15,35.62384796142578
2006-03-16,35.32499694824219
2006-03-17,35.418128967285156
2006-03-20,35.50358581542969
2006-03-21,35.12762451171875
2006-03-22,35.213077545166016
2006-03-23,35.11052322387695
2006-03-24,35.28996276855469
2006-03-27,35.298519134521484
2006-03-28,35.15324020385742
2006-03-29,35.81974411010742
2006-03-30,35.93082809448242
2006-03-31,35.82828140258789
2006-04-03,35.87099838256836
2006-04-04,36.06755065917969
2006-04-05,36.409339904785156
2006-04-06,36.511871337890625
2006-04-07,36.16153335571289
2006-04-10,36.110260009765625
2006-04-11,35.81974411010742
2006-04-12,35.82828140258789
2006-04-13,35.97352981567383
2006-04-17,35.59758377075195
2006-04-18,36.281158447265625
2006-04-19,36.44350814819336
2006-04-20,36.31533432006836
2006-04-21,35.88808059692383
2006-04-24,35.853912353515625
2006-04-25,35.777000427246094
2006-04-26,35.76847839355469
2006-04-27,36.110260009765625
2006-04-28,35.75992202758789
2006-05-01,35.40958786010742
2006-05-02,35.50358581542969
2006-05-03,35.452327728271484
2006-05-04,35.742835998535156
2006-05-05,36.024810791015625
2006-05-08,36.05899429321289
2006-05-09,35.922279357910156
2006-05-10,35.60612106323242
2006-05-11,34.81144332885742
2006-05-12,34.341487884521484
2006-05-15,34.31584930419922
2006-05-16,34.05952072143555
2006-05-17,33.598114013671875
2006-05-18,33.367401123046875
2006-05-19,33.62372970581055
2006-05-22,33.29903030395508
2006-05-23,32.97432327270508
2006-05-24,33.19649887084961
2006-05-25,33.63227462768555
2006-05-26,33.74336242675781
2006-05-30,33.017051696777344
2006-05-31,33.17085647583008
2006-06-01,33.957000732421875
2006-06-02,33.87153625488281
2006-06-05,33.13667678833008
2006-06-06,33.11103820800781
2006-06-07,32.863250732421875
2006-06-08,32.81196975708008
2006-06-09,32.59836196899414
2006-06-12,31.957494735717773
2006-06-13,31.82932472229004
2006-06-14,32.154022216796875
2006-06-15,33.02558517456055
2006-06-16,32.78276062011719
2006-06-19,32.5176887512207
2006-06-20,32.56045150756836
2006-06-21,33.073482513427734
2006-06-22,32.654502868652344
2006-06-23,32.62030792236328
2006-06-26,32.70579147338867
2006-06-27,32.09016036987305
2006-06-28,32.3295783996582
2006-06-29,33.31288146972656
2006-06-30,33.15044021606445
2006-07-03,33.34708786010742
2006-07-05,32.62030792236328
2006-07-06,32.58609390258789
2006-07-07,32.22697830200195
2006-07-10,31.944805145263672
2006-07-11,32.18423080444336
2006-07-12,31.57712745666504
2006-07-13,31.047006607055664
2006-07-14,30.730619430541992
2006-07-17,30.807571411132812
2006-07-18,30.910200119018555
2006-07-19,31.31206512451172
2006-07-20,30.850343704223633
2006-07-21,30.525409698486328
2006-07-24,31.132490158081055
2006-07-25,31.31206512451172
2006-07-26,31.286407470703125
2006-07-27,31.08119010925293
2006-07-28,31.73105812072754
2006-07-31,31.72249412536621
2006-08-01,31.19235610961914
2006-08-02,31.542932510375977
2006-08-03,31.739591598510742
2006-08-04,31.59424591064453
2006-08-07,31.389013290405273
2006-08-08,31.19235610961914
2006-08-09,31.235124588012695
2006-08-10,31.457429885864258
2006-08-11,31.235124588012695
2006-08-14,31.44032859802246
2006-08-15,32.235511779785156
2006-08-16,32.996524810791016
2006-08-17,33.11623001098633
2006-08-18,33.16754150390625
2006-08-21,32.851165771484375
2006-08-22,32.85972213745117
2006-08-23,32.611751556396484
2006-08-24,32.70579147338867
2006-08-25,32.76566696166992
2006-08-28,33.01363754272461
2006-08-29,33.11623001098633
2006-08-30,33.27013397216797
2006-08-31,33.23593521118164
2006-09-01,33.41550064086914
2006-09-05,33.740440368652344
2006-09-06,33.064910888671875
2006-09-07,32.911014556884766
2006-09-08,33.1076774597168
2006-09-11,33.31288146972656
2006-09-12,33.92852783203125
2006-09-13,34.159400939941406
2006-09-14,34.1935920715332
2006-09-15,34.3159294128418
2006-09-18,34.32447814941406
2006-09-19,34.09347915649414
2006-09-20,34.5897102355957
2006-09-21,34.375823974609375
2006-09-22,34.110591888427734
2006-09-25,34.70949935913086
2006-09-26,34.880611419677734
2006-09-27,34.837833404541016
2006-09-28,34.931949615478516
2006-09-29,34.77791976928711
2006-10-02,34.34159851074219
2006-10-03,34.487030029296875
2006-10-04,35.334049224853516
2006-10-05,35.505149841308594
2006-10-06,35.42814636230469
2006-10-09,35.54793167114258
2006-10-10,35.60781478881836
2006-10-11,35.53938293457031
2006-10-12,36.104026794433594
2006-10-13,36.300811767578125
2006-10-16,36.335025787353516
2006-10-17,35.93290710449219
2006-10-18,35.76182556152344
2006-10-19,35.84736251831055
2006-10-20,35.93290710449219
2006-10-23,36.300811767578125
2006-10-24,36.052703857421875
2006-10-25,36.300811767578125
2006-10-26,36.63446807861328
2006-10-27,36.11260986328125
2006-10-30,36.343597412109375
2006-10-31,36.429141998291016
2006-11-01,35.93290710449219
2006-11-02,35.9671516418457
2006-11-03,35.87303161621094
2006-11-06,36.39490509033203
2006-11-07,36.64302444458008
2006-11-08,36.81414031982422
2006-11-09,36.64302444458008
2006-11-10,36.81414031982422
2006-11-13,37.19057846069336
2006-11-14,37.584129333496094
2006-11-15,37.73812484741211
2006-11-16,37.90068435668945
2006-11-17,37.90068435668945
2006-11-20,37.97766876220703
2006-11-21,38.02899932861328
2006-11-22,38.268550872802734
2006-11-24,38.20010757446289
2006-11-27,37.33599853515625
2006-11-28,37.44721984863281
2006-11-29,37.70389175415039
2006-11-30,37.678226470947266
2006-12-01,37.35313415527344
2006-12-04,37.86643981933594
2006-12-05,38.00334167480469
2006-12-06,37.86643981933594
2006-12-07,37.3873405456543
2006-12-08,37.55845642089844
2006-12-11,37.69535827636719
2006-12-12,37.472900390625
2006-12-13,37.541351318359375
2006-12-14,37.96056365966797
2006-12-15,38.058223724365234
2006-12-18,37.68132781982422
2006-12-19,37.56138229370117
2006-12-20,37.42433166503906
2006-12-21,37.1588020324707
2006-12-22,36.77334213256836
2006-12-26,36.927520751953125
2006-12-27,37.11598205566406
2006-12-28,36.936100006103516
2006-12-29,36.97035217285156
2007-01-03,37.03889083862305
2007-01-04,37.741294860839844
2007-01-05,37.56138229370117
2007-01-08,37.587093353271484
2007-01-09,37.77555465698242
2007-01-10,38.22096633911133
2007-01-11,38.61499786376953
2007-01-12,38.8120231628418
2007-01-16,38.78631591796875
2007-01-17,38.469390869140625
2007-01-18,37.758419036865234
2007-01-19,37.835514068603516
2007-01-22,37.42433166503906
2007-01-23,37.33012008666992
2007-01-24,37.94687271118164
2007-01-25,37.4586067199707
2007-01-26,37.321556091308594
2007-01-29,37.355804443359375
2007-01-30,37.37295150756836
2007-01-31,37.74983596801758
2007-02-01,37.68988037109375
2007-02-02,37.826934814453125
2007-02-05,37.79266357421875
2007-02-06,37.741294860839844
2007-02-07,38.08391571044922
2007-02-08,38.07533645629883
2007-02-09,37.587093353271484
2007-02-12,37.44147491455078
2007-02-13,37.56996536254883
2007-02-14,38.20383834838867
2007-02-15,38.42654800415039
2007-02-16,38.29805374145508
2007-02-20,38.58930587768555
2007-02-21,38.709228515625
2007-02-22,38.9062614440918
2007-02-23,38.76918411254883
2007-02-26,38.58074951171875
2007-02-27,36.99603271484375
2007-02-28,37.11598205566406
2007-03-01,36.944664001464844
2007-03-02,36.38787841796875
2007-03-05,36.10519027709961
2007-03-06,36.704811096191406
2007-03-07,36.5592041015625
2007-03-08,36.807594299316406
2007-03-09,36.77334213256836
2007-03-12,37.01318359375
2007-03-13,36.29362487792969
2007-03-14,36.82474136352539
2007-03-15,36.739078521728516
2007-03-16,36.71078109741211
2007-03-19,37.087921142578125
2007-03-20,37.35364532470703
2007-03-21,38.0736198425293
2007-03-22,37.93647003173828
2007-03-23,37.81648254394531
2007-03-26,37.97077178955078
2007-03-27,37.705055236816406
2007-03-28,37.302188873291016
2007-03-29,37.345062255859375
2007-03-30,37.3107795715332
2007-04-02,37.36220932006836
2007-04-03,37.85075759887695
2007-04-04,38.00505065917969
2007-04-05,38.19361114501953
2007-04-09,38.09932327270508
2007-04-10,38.29646682739258
2007-04-11,37.89362335205078
2007-04-12,38.19361114501953
2007-04-13,38.27077102661133
2007-04-16,38.62216567993164
2007-04-17,38.70790100097656
2007-04-18,38.579322814941406
2007-04-19,38.69932556152344
2007-04-20,38.91361618041992
2007-04-23,38.97360610961914
2007-04-24,39.170745849609375
2007-04-25,39.693607330322266
2007-04-26,39.89931106567383
2007-04-27,39.916465759277344
2007-04-30,39.393611907958984
2007-05-01,39.35930633544922
2007-05-02,39.78787612915039
2007-05-03,39.933589935302734
2007-05-04,39.967872619628906
2007-05-07,39.967872619628906
2007-05-08,40.053592681884766
2007-05-09,40.139305114746094
2007-05-10,39.59073257446289
2007-05-11,40.09645080566406
2007-05-14,39.82215118408203
2007-05-15,39.513587951660156
2007-05-16,39.89931106567383
2007-05-17,39.71073913574219
2007-05-18,40.03644561767578
2007-05-21,40.29357147216797
2007-05-22,40.32788848876953
2007-05-23,40.139305114746094
2007-05-24,39.56502151489258
2007-05-25,39.8135871887207
2007-05-29,40.122161865234375
2007-05-30,40.447872161865234
2007-05-31,40.63642883300781
2007-06-01,40.66213607788086
2007-06-04,40.782142639160156
2007-06-05,40.782142639160156
2007-06-06,40.34501647949219
2007-06-07,39.71929931640625
2007-06-08,40.2078742980957
2007-06-11,40.130741119384766
2007-06-12,39.89072799682617
2007-06-13,40.32788848876953
2007-06-14,40.59355926513672
2007-06-15,40.968414306640625
2007-06-18,40.97700500488281
2007-06-19,40.968414306640625
2007-06-20,40.582435607910156
2007-06-21,40.95127487182617
2007-06-22,40.565269470214844
2007-06-25,40.393714904785156
2007-06-26,40.1621208190918
2007-06-27,40.77972412109375
2007-06-28,40.7625617980957
2007-06-29,40.8311882019043
2007-07-02,41.20004653930664
2007-07-03,41.44023132324219
2007-07-05,41.74043655395508
2007-07-06,41.912010192871094
2007-07-09,41.937740325927734
2007-07-10,41.58605194091797
2007-07-11,41.86912536621094
2007-07-12,42.512454986572266
2007-07-13,42.804141998291016
2007-07-16,42.76122283935547
2007-07-17,43.08721160888672
2007-07-18,43.03573226928711
2007-07-19,43.164405822753906
2007-07-20,42.93279266357422
2007-07-23,42.949951171875
2007-07-24,42.315185546875
2007-07-25,42.37522888183594
2007-07-26,42.01496124267578
2007-07-27,41.16574478149414
2007-07-30,41.646087646484375
2007-07-31,40.7711296081543
2007-08-01,41.088531494140625
2007-08-02,41.465965270996094
2007-08-03,40.67678451538086
2007-08-06,41.14858627319336
2007-08-07,41.44023132324219
2007-08-08,41.89486312866211
2007-08-09,40.925540924072266
2007-08-10,40.55668258666992
2007-08-13,40.8311882019043
2007-08-14,40.13636779785156
2007-08-15,39.3729362487793
2007-08-16,38.9869270324707
2007-08-17,39.72462844848633
2007-08-20,39.91335678100586
2007-08-21,40.33366394042969
2007-08-22,40.882667541503906
2007-08-23,40.7711296081543
2007-08-24,41.345863342285156
2007-08-27,41.07136154174805
2007-08-28,40.09348678588867
2007-08-29,41.242923736572266
2007-08-30,41.45737838745117
2007-08-31,41.92060470581055
2007-09-04,42.615413665771484
2007-09-05,42.186519622802734
2007-09-06,42.15218734741211
2007-09-07,41.37160110473633
2007-09-10,41.345863342285156
2007-09-11,41.97206115722656
2007-09-12,41.980628967285156
2007-09-13,42.186519622802734
2007-09-14,42.2208137512207
2007-09-17,41.86912536621094
2007-09-18,42.92422103881836
2007-09-19,43.03573226928711
2007-09-20,42.91563415527344
2007-09-21,43.221168518066406
2007-09-24,43.4185676574707
2007-09-25,43.83052062988281
2007-09-26,44.04507827758789
2007-09-27,44.26823425292969
2007-09-28,44.12233352661133
2007-10-01,44.628684997558594
2007-10-02,44.63726043701172
2007-10-03,44.328311920166016
2007-10-04,44.431312561035156
2007-10-05,45.33245086669922
2007-10-08,45.61568069458008
2007-10-09,45.813053131103516
2007-10-10,45.92463302612305
2007-10-11,45.19514846801758
2007-10-12,45.941810607910156
2007-10-15,45.58993148803711
2007-10-16,45.375362396240234
2007-10-17,45.9589729309082
2007-10-18,46.15635681152344
2007-10-19,45.006324768066406
2007-10-22,45.5470085144043
2007-10-23,46.49964141845703
2007-10-24,46.14777755737305
2007-10-25,45.52984619140625
2007-10-26,46.285091400146484
2007-10-29,46.47392272949219
2007-10-30,46.56832504272461
2007-10-31,47.229183197021484
2007-11-01,46.34518814086914
2007-11-02,46.70564651489258
2007-11-05,46.40526580810547
2007-11-06,46.928768157958984
2007-11-07,45.787322998046875
2007-11-08,44.3969612121582
2007-11-09,42.912200927734375
2007-11-12,41.822242736816406
2007-11-13,43.54730987548828
2007-11-14,42.98944091796875
2007-11-15,42.75772476196289
2007-11-16,43.15251541137695
2007-11-19,42.65472412109375
2007-11-20,42.82639694213867
2007-11-21,42.320003509521484
2007-11-23,42.7748908996582
2007-11-26,42.036808013916016
2007-11-27,42.87786865234375
2007-11-28,44.18240737915039
2007-11-29,44.37123489379883
2007-11-30,44.0365104675293
2007-12-03,43.667457580566406
2007-12-04,43.48722457885742
2007-12-05,44.26823425292969
2007-12-06,44.9033317565918
2007-12-07,44.91192626953125
2007-12-10,45.092132568359375
2007-12-11,44.04507827758789
2007-12-12,44.439876556396484
2007-12-13,44.199554443359375
2007-12-14,43.74467849731445
2007-12-17,42.68047332763672
2007-12-18,42.81779861450195
2007-12-19,42.809234619140625
2007-12-20,43.68463134765625
2007-12-21,44.54633331298828
2007-12-24,44.881404876708984
2007-12-26,45.10478973388672
2007-12-27,44.563507080078125
2007-12-28,44.520565032958984
2007-12-31,44.00509262084961
2008-01-02,43.30917739868164
2008-01-03,43.489593505859375
2008-01-04,41.58231735229492
2008-01-07,41.38469314575195
2008-01-08,40.310791015625
2008-01-09,41.169921875
2008-01-10,41.230079650878906
2008-01-11,40.4224967956543
2008-01-14,41.126956939697266
2008-01-15,39.99291229248047
2008-01-16,39.56332778930664
2008-01-17,39.01350021362305
2008-01-18,38.96192932128906
2008-01-22,37.956729888916016
2008-01-23,37.81068801879883
2008-01-24,38.58393096923828
2008-01-25,37.793495178222656
2008-01-28,38.08562469482422
2008-01-29,38.15435028076172
2008-01-30,38.11997985839844
2008-01-31,38.77293395996094
2008-02-01,39.168121337890625
2008-02-04,38.618282318115234
2008-02-05,37.518585205078125
2008-02-06,36.779727935791016
2008-02-07,37.03746032714844
2008-02-08,37.45845031738281
2008-02-11,37.86222457885742
2008-02-12,37.64745330810547
2008-02-13,38.47224807739258
2008-02-14,37.776329040527344
2008-02-15,37.64745330810547
2008-02-19,37.5787239074707
2008-02-20,37.75054931640625
2008-02-21,37.38970184326172
2008-02-22,37.527183532714844
2008-02-25,37.716190338134766
2008-02-26,37.86222457885742
2008-02-27,38.05125427246094
2008-02-28,37.90518569946289
2008-02-29,36.90000534057617
2008-03-03,36.65944290161133
2008-03-04,36.86563491821289
2008-03-05,37.04606628417969
2008-03-06,36.22987365722656
2008-03-07,36.143951416015625
2008-03-10,35.448062896728516
2008-03-11,36.796905517578125
2008-03-12,36.69380569458008
2008-03-13,36.977333068847656
2008-03-14,36.298606872558594
2008-03-17,35.63705825805664
2008-03-18,37.226470947265625
2008-03-19,36.30719757080078
2008-03-20,37.049224853515625
2008-03-24,38.3303337097168
2008-03-25,38.545291900634766
2008-03-26,38.433528900146484
2008-03-27,37.58229064941406
2008-03-28,37.39312744140625
2008-03-31,37.59088897705078
2008-04-01,39.19873809814453
2008-04-02,39.11274719238281
2008-04-03,39.19873809814453
2008-04-04,39.43088912963867
2008-04-07,39.344905853271484
2008-04-08,39.04399490356445
2008-04-09,38.6054801940918
2008-04-10,39.15576171875
2008-04-11,38.07237243652344
2008-04-14,37.90042495727539
2008-04-15,37.952003479003906
2008-04-16,39.009578704833984
2008-04-17,38.92360305786133
2008-04-18,40.16172409057617
2008-04-21,40.44547653198242
2008-04-22,39.84359359741211
2008-04-23,40.2820930480957
2008-04-24,40.64321517944336
2008-04-25,40.540061950683594
2008-04-28,40.61743927001953
2008-04-29,40.92695236206055
2008-04-30,40.591636657714844
2008-05-01,41.87274932861328
2008-05-02,41.93293380737305
2008-05-05,41.81257247924805
2008-05-06,42.070499420166016
2008-05-07,41.30527877807617
2008-05-08,41.61480712890625
2008-05-09,41.45143508911133
2008-05-12,42.20808410644531
2008-05-13,42.31983947753906
2008-05-14,42.225276947021484
2008-05-15,42.96470642089844
2008-05-16,42.99908447265625
2008-05-19,42.689571380615234
2008-05-20,42.36284637451172
2008-05-21,41.4256591796875
2008-05-22,41.57180404663086
2008-05-23,41.442840576171875
2008-05-27,42.17369079589844
2008-05-28,42.34563446044922
2008-05-29,42.72397232055664
2008-05-30,42.99908447265625
2008-06-02,42.47461700439453
2008-06-03,42.24247360229492
2008-06-04,42.78413391113281
2008-06-05,43.46339797973633
2008-06-06,42.15647506713867
2008-06-09,41.93293380737305
2008-06-10,41.735172271728516
2008-06-11,40.72920227050781
2008-06-12,40.77219772338867
2008-06-13,41.589012145996094
2008-06-16,41.95871353149414
2008-06-17,41.735172271728516
2008-06-18,41.2880859375
2008-06-19,41.93293380737305
2008-06-20,40.80063247680664
2008-06-23,40.482295989990234
2008-06-24,40.27579879760742
2008-06-25,40.92969512939453
2008-06-26,39.27772521972656
2008-06-27,39.27772521972656
2008-06-30,38.86470413208008
2008-07-01,39.415374755859375
2008-07-02,38.468910217285156
2008-07-03,38.40010452270508
2008-07-07,38.63241195678711
2008-07-08,39.55303192138672
2008-07-09,38.50333023071289
2008-07-10,38.959373474121094
2008-07-11,38.33986282348633
2008-07-14,38.055912017822266
2008-07-15,38.06453323364258
2008-07-16,39.01100158691406
2008-07-17,39.26909637451172
2008-07-18,38.36566162109375
2008-07-21,38.52915573120117
2008-07-22,38.52915573120117
2008-07-23,39.03679656982422
2008-07-24,38.451717376708984
2008-07-25,38.95075988769531
2008-07-28,38.21941375732422
2008-07-29,39.01100158691406
2008-07-30,39.2088737487793
2008-07-31,39.114234924316406
2008-08-01,38.615196228027344
2008-08-04,38.22800064086914
2008-08-05,39.51860427856445
2008-08-06,40.120906829833984
2008-08-07,39.8111457824707
2008-08-08,40.714603424072266
2008-08-11,41.08456802368164
2008-08-12,41.127593994140625
2008-08-13,41.04155349731445
2008-08-14,41.514774322509766
2008-08-15,41.437347412109375
2008-08-18,40.95551681518555
2008-08-19,40.44786834716797
2008-08-20,40.51668930053711
2008-08-21,40.32740020751953
2008-08-22,40.86088180541992
2008-08-25,40.00045394897461
2008-08-26,39.948814392089844
2008-08-27,40.206966400146484
2008-08-28,40.53390121459961
2008-08-29,39.68210220336914
2008-09-02,39.1916618347168
2008-09-03,38.82170104980469
2008-09-04,37.56550979614258
2008-09-05,37.38479995727539
2008-09-08,37.31597137451172
2008-09-09,36.52440643310547
2008-09-10,36.82553482055664
2008-09-11,37.513885498046875
2008-09-12,37.36759567260742
2008-09-15,36.206058502197266
2008-09-16,36.489990234375
2008-09-17,34.59708023071289
2008-09-18,35.76723098754883
2008-09-19,36.936466217041016
2008-09-22,35.197269439697266
2008-09-23,34.93035888671875
2008-09-24,35.17143249511719
2008-09-25,35.731082916259766
2008-09-26,35.36946105957031
2008-09-29,32.56262969970703
2008-09-30,33.5010986328125
2008-10-01,33.14811706542969
2008-10-02,31.64137840270996
2008-10-03,31.150619506835938
2008-10-06,30.014116287231445
2008-10-07,28.11131477355957
2008-10-08,27.887462615966797
2008-10-09,27.138404846191406
2008-10-10,26.96620750427246
2008-10-13,30.246566772460938
2008-10-14,28.937864303588867
2008-10-15,26.346290588378906
2008-10-16,27.775529861450195
2008-10-17,27.809968948364258
2008-10-20,28.584863662719727
2008-10-21,27.103958129882812
2008-10-22,26.354904174804688
2008-10-23,26.251575469970703
2008-10-24,25.40781593322754
2008-10-27,24.70179557800293
2008-10-28,27.43113136291504
2008-10-29,27.36226463317871
2008-10-30,28.274906158447266
2008-10-31,28.317955017089844
2008-11-03,28.257688522338867
2008-11-04,29.05841064453125
2008-11-05,27.54306411743164
2008-11-06,26.311847686767578
2008-11-07,26.854270935058594
2008-11-10,26.492660522460938
2008-11-11,25.915790557861328
2008-11-12,24.719024658203125
2008-11-13,26.225749969482422
2008-11-14,24.951486587524414
2008-11-17,24.42628288269043
2008-11-18,24.400449752807617
2008-11-19,23.126188278198242
2008-11-20,22.00689697265625
2008-11-21,22.962600708007812
2008-11-24,24.36602020263672
2008-11-25,24.254085540771484
2008-11-26,25.270051956176758
2008-11-28,25.0720272064209
2008-12-01,23.186458587646484
2008-12-02,23.961349487304688
2008-12-03,24.641530990600586
2008-12-04,23.944120407104492
2008-12-05,24.917051315307617
2008-12-08,25.898569107055664
2008-12-09,25.838302612304688
2008-12-10,25.75220489501953
2008-12-11,25.046199798583984
2008-12-12,25.55417823791504
2008-12-15,25.106462478637695
2008-12-16,26.311847686767578
2008-12-17,25.993282318115234
2008-12-18,25.53696060180664
2008-12-19,25.746490478515625
2008-12-22,25.18602752685547
2008-12-23,25.056682586669922
2008-12-24,25.12566375732422
2008-12-26,25.117042541503906
2008-12-29,24.91010284423828
2008-12-30,25.42745590209961
2008-12-31,25.643009185791016
2009-01-02,26.75531005859375
2009-01-05,26.746679306030273
2009-01-06,27.013967514038086
2009-01-07,26.24658966064453
2009-01-08,26.522504806518555
2009-01-09,25.927553176879883
2009-01-12,25.45332145690918
2009-01-13,25.46194839477539
2009-01-14,24.685924530029297
2009-01-15,25.091190338134766
2009-01-16,25.36709976196289
2009-01-20,24.10822296142578
2009-01-21,25.134296417236328
2009-01-22,24.798017501831055
2009-01-23,24.91872787475586
2009-01-26,25.099794387817383
2009-01-27,25.28086280822754
2009-01-28,26.168981552124023
2009-01-29,25.505062103271484
2009-01-30,25.056682586669922
2009-02-02,25.358478546142578
2009-02-03,25.755104064941406
2009-02-04,25.789594650268555
2009-02-05,26.358665466308594
2009-02-06,27.0484619140625
2009-02-09,27.16055679321289
2009-02-10,26.16035270690918
2009-02-11,26.039644241333008
2009-02-12,26.358665466308594
2009-02-13,26.23796272277832
2009-02-17,25.19464874267578
2009-02-18,25.211898803710938
2009-02-19,24.823884963989258
2009-02-20,24.892868041992188
2009-02-23,24.02199935913086
2009-02-24,24.815261840820312
2009-02-25,24.651437759399414
2009-02-26,23.96164321899414
2009-02-27,23.737462997436523
2009-03-02,22.970069885253906
2009-03-03,22.95282745361328
2009-03-04,23.565013885498047
2009-03-05,22.857975006103516
2009-03-06,22.676916122436523
2009-03-09,22.19405174255371
2009-03-10,23.565013885498047
2009-03-11,23.927160263061523
2009-03-12,24.72041893005371
2009-03-13,24.78077507019043
2009-03-16,24.36690330505371
2009-03-17,25.289493560791016
2009-03-18,25.608524322509766
2009-03-19,25.591278076171875
2009-03-20,25.201766967773438
2009-03-23,26.687273025512695
2009-03-24,26.19498634338379
2009-03-25,26.315895080566406
2009-03-26,27.12774085998535
2009-03-27,26.618173599243164
2009-03-30,25.961788177490234
2009-03-31,26.18634796142578
2009-04-01,26.575000762939453
2009-04-02,27.430023193359375
2009-04-03,27.939592361450195
2009-04-06,27.870498657226562
2009-04-07,27.136381149291992
2009-04-08,27.594118118286133
2009-04-09,28.449146270751953
2009-04-13,28.405960083007812
2009-04-14,28.060497283935547
2009-04-15,27.98277473449707
2009-04-16,28.708248138427734
2009-04-17,28.768705368041992
2009-04-20,27.844585418701172
2009-04-21,28.23322868347168
2009-04-22,28.319589614868164
2009-04-23,28.59598159790039
2009-04-24,29.096906661987305
2009-04-27,29.131437301635742
2009-04-28,28.915531158447266
2009-04-29,29.312808990478516
2009-04-30,29.60645294189453
2009-05-01,29.684181213378906
2009-05-04,30.2714786529541
2009-05-05,30.24556541442871
2009-05-06,30.254207611083984
2009-05-07,29.54599952697754
2009-05-08,29.56326675415039
2009-05-11,29.666913986206055
2009-05-12,29.30417823791504
2009-05-13,28.518239974975586
2009-05-14,28.837800979614258
2009-05-15,28.820518493652344
2009-05-18,29.571914672851562
2009-05-19,29.710113525390625
2009-05-20,29.60645294189453
2009-05-21,29.062358856201172
2009-05-22,28.96734619140625
2009-05-26,30.046924591064453
2009-05-27,29.83965492248535
2009-05-28,30.185115814208984
2009-05-29,30.55650520324707
2009-06-01,31.42881202697754
2009-06-02,31.47197914123535
2009-06-03,31.376991271972656
2009-06-04,31.731090545654297
2009-06-05,31.765628814697266
2009-06-08,31.67064094543457
2009-06-09,31.91245460510254
2009-06-10,31.8001766204834
2009-06-11,31.8001766204834
2009-06-12,31.65336036682129
2009-06-15,31.005599975585938
2009-06-16,30.70330238342285
2009-06-17,30.996973037719727
2009-06-18,30.936508178710938
2009-06-19,31.268569946289062
2009-06-22,30.334657669067383
2009-06-23,30.265487670898438
2009-06-24,30.775672912597656
2009-06-25,31.38098907470703
2009-06-26,31.45015525817871
2009-06-29,31.519306182861328
2009-06-30,31.45880699157715
2009-07-01,31.476099014282227
2009-07-02,30.784303665161133
2009-07-06,30.620018005371094
2009-07-07,29.859058380126953
2009-07-08,30.014705657958984
2009-07-09,30.066593170166016
2009-07-10,30.1962947845459
2009-07-13,30.775672912597656
2009-07-14,30.888076782226562
2009-07-15,31.925743103027344
2009-07-16,32.306236267089844
2009-07-17,32.479190826416016
2009-07-20,32.79047775268555
2009-07-21,33.01530075073242
2009-07-22,33.29203796386719
2009-07-23,34.027034759521484
2009-07-24,33.76763916015625
2009-07-27,34.027034759521484
2009-07-28,33.7935676574707
2009-07-29,34.01838302612305
2009-07-30,34.217281341552734
2009-07-31,34.113525390625
2009-08-03,34.62371063232422
2009-08-04,34.62371063232422
2009-08-05,34.35562515258789
2009-08-06,34.05298614501953
2009-08-07,34.4853401184082
2009-08-10,34.24323654174805
2009-08-11,33.94921112060547
2009-08-12,34.476715087890625
2009-08-13,34.66693878173828
2009-08-14,34.269168853759766
2009-08-17,33.27472686767578
2009-08-18,33.75033950805664
2009-08-19,33.98381042480469
2009-08-20,34.381587982177734
2009-08-21,34.83989715576172
2009-08-24,34.80530548095703
2009-08-25,34.90907287597656
2009-08-26,34.84852981567383
2009-08-27,34.93500518798828
2009-08-28,34.96961212158203
2009-08-31,34.615047454833984
2009-09-01,33.96652603149414
2009-09-02,33.940574645996094
2009-09-03,34.1654052734375
2009-09-04,34.90041732788086
2009-09-08,35.2290153503418
2009-09-09,35.53167724609375
2009-09-10,35.86890411376953
2009-09-11,35.90349578857422
2009-09-14,36.0418701171875
2009-09-15,36.15426254272461
2009-09-16,36.6817626953125
2009-09-17,36.673118591308594
2009-09-18,36.73455810546875
2009-09-21,36.84708786010742
2009-09-22,36.916316986083984
2009-09-23,36.74320983886719
2009-09-24,36.4143180847168
2009-09-25,36.09405517578125
2009-09-28,36.70861053466797
2009-09-29,36.54413604736328
2009-09-30,36.57011413574219
2009-10-01,35.48815155029297
2009-10-02,35.3842887878418
2009-10-05,35.669921875
2009-10-06,36.301795959472656
2009-10-07,36.4056282043457
2009-10-08,36.561458587646484
2009-10-09,36.76918029785156
2009-10-12,36.84708786010742
2009-10-13,36.85575485229492
2009-10-14,37.3577766418457
2009-10-15,37.27121353149414
2009-10-16,37.02885055541992
2009-10-19,37.40106201171875
2009-10-20,37.40970993041992
2009-10-21,37.3404655456543
2009-10-22,37.487606048583984
2009-10-23,37.331817626953125
2009-10-26,37.210628509521484
2009-10-27,36.64799880981445
2009-10-28,35.82569885253906
2009-10-29,36.43161392211914
2009-10-30,35.453514099121094
2009-11-02,35.600669860839844
2009-11-03,35.713218688964844
2009-11-04,35.7737922668457
2009-11-05,36.65666961669922
2009-11-06,36.8730583190918
2009-11-09,37.66073226928711
2009-11-10,37.75593185424805
2009-11-11,37.998291015625
2009-11-12,37.78190231323242
2009-11-13,38.093509674072266
2009-11-16,38.482994079589844
2009-11-17,38.604183197021484
2009-11-18,38.3878059387207
2009-11-19,37.790550231933594
2009-11-20,37.60013961791992
2009-11-23,38.206031799316406
2009-11-24,38.07618713378906
2009-11-25,38.24064254760742
2009-11-27,37.66073226928711
2009-11-30,37.703983306884766
2009-12-01,38.093509674072266
2009-12-02,38.14543533325195
2009-12-03,37.9896354675293
2009-12-04,38.188724517822266
2009-12-07,38.006961822509766
2009-12-08,37.773231506347656
2009-12-09,38.154090881347656
2009-12-10,38.344520568847656
2009-12-11,38.1973762512207
2009-12-14,38.5609245300293
2009-12-15,38.344520568847656
2009-12-16,38.396461486816406
2009-12-17,37.92905044555664
2009-12-18,38.54722213745117
2009-12-21,38.98072052001953
2009-12-22,39.21480941772461
2009-12-23,39.50092697143555
2009-12-24,39.865074157714844
2009-12-28,40.073150634765625
2009-12-29,39.90843200683594
2009-12-30,40.029808044433594
2009-12-31,39.66566467285156
2010-01-04,40.24655532836914
2010-01-05,40.24655532836914
2010-01-06,40.0037841796875
2010-01-07,40.029808044433594
2010-01-08,40.35926818847656
2010-01-11,40.19453811645508
2010-01-12,39.691680908203125
2010-01-13,40.18587112426758
2010-01-14,40.22056198120117
2010-01-15,39.752357482910156
2010-01-19,40.393943786621094
2010-01-20,39.81303024291992
2010-01-21,39.440242767333984
2010-01-22,38.28711700439453
2010-01-25,38.41716766357422
2010-01-26,38.45185852050781
2010-01-27,38.75530242919922
2010-01-28,37.75824737548828
2010-01-29,37.09931182861328
2010-02-01,37.506805419921875
2010-02-02,37.84495162963867
2010-02-03,38.053035736083984
2010-02-04,36.951927185058594
2010-02-05,37.26404571533203
2010-02-08,36.99526596069336
2010-02-09,37.37676239013672
2010-02-10,37.298736572265625
2010-02-11,37.862274169921875
2010-02-12,37.94031524658203
2010-02-16,38.425838470458984
2010-02-17,38.64258575439453
2010-02-18,38.885353088378906
2010-02-19,38.868019104003906
2010-02-22,38.789981842041016
2010-02-23,38.28711700439453
2010-02-24,38.677276611328125
2010-02-25,38.668601989746094
2010-02-26,38.80731964111328
2010-03-01,39.37088394165039
2010-03-02,39.49226760864258
2010-03-03,39.535606384277344
2010-03-04,39.66566467285156
2010-03-05,40.26390075683594
2010-03-08,40.34193420410156
2010-03-09,40.56734085083008
2010-03-10,40.896820068359375
2010-03-11,41.05287170410156
2010-03-12,41.061553955078125
2010-03-15,40.957515716552734
2010-03-16,41.21762466430664
2010-03-17,41.33030700683594
2010-03-18,41.46904754638672
2010-03-19,41.21821594238281
2010-03-22,41.591407775878906
2010-03-23,41.877830505371094
2010-03-24,41.67822265625
2010-03-25,41.61746597290039
2010-03-26,41.66085433959961
2010-03-29,41.8604850769043
2010-03-30,41.99934768676758
2010-03-31,41.79972839355469
2010-04-01,41.79972839355469
2010-04-05,42.19028854370117
2010-04-06,42.31181335449219
2010-04-07,42.2076530456543
2010-04-08,42.30312728881836
2010-04-09,42.55482864379883
2010-04-12,42.589542388916016
2010-04-13,42.80653762817383
2010-04-14,43.31862258911133
2010-04-15,43.50954055786133
2010-04-16,42.98878860473633
2010-04-19,42.962764739990234
2010-04-20,43.179752349853516
2010-04-21,43.422760009765625
2010-04-22,43.665794372558594
2010-04-23,43.84804916381836
2010-04-26,43.752586364746094
2010-04-27,42.82387161254883
2010-04-28,42.84993362426758
2010-04-29,43.596370697021484
2010-04-30,42.73711013793945
2010-05-03,43.335975646972656
2010-05-04,42.03406524658203
2010-05-05,41.817081451416016
2010-05-06,40.419715881347656
2010-05-07,39.412899017333984
2010-05-10,41.46123504638672
2010-05-11,41.41783905029297
2010-05-12,42.1989860534668
2010-05-13,41.530670166015625
2010-05-14,40.732181549072266
2010-05-17,40.86235427856445
2010-05-18,40.29818344116211
2010-05-19,39.9770622253418
2010-05-20,38.492897033691406
2010-05-21,38.91818618774414
2010-05-24,38.76195526123047
2010-05-25,38.796669006347656
2010-05-26,38.36269760131836
2010-05-27,39.81215286254883
2010-05-28,39.57781219482422
2010-06-01,39.21327590942383
2010-06-02,40.14196014404297
2010-06-03,40.52386474609375
2010-06-04,39.135169982910156
2010-06-07,38.42344665527344
2010-06-08,38.35401153564453
2010-06-09,38.03289794921875
2010-06-10,39.1178092956543
2010-06-11,39.49101638793945
2010-06-14,39.48234939575195
2010-06-15,40.541229248046875
2010-06-16,40.70612335205078
2010-06-17,40.836326599121094
2010-06-18,40.87023162841797
2010-06-21,40.522403717041016
2010-06-22,40.2093620300293
2010-06-23,40.044132232666016
2010-06-24,39.43541717529297
2010-06-25,39.44327163696289
2010-06-28,39.303871154785156
2010-06-29,37.787811279296875
2010-06-30,37.212772369384766
2010-07-01,37.10821533203125
2010-07-02,37.0036506652832
2010-07-06,37.11691665649414
2010-07-07,38.30187225341797
2010-07-08,38.51100158691406
2010-07-09,38.87692642211914
2010-07-12,38.99019241333008
2010-07-13,39.495540618896484
2010-07-14,39.69593811035156
2010-07-15,39.73080825805664
2010-07-16,38.632972717285156
2010-07-19,38.96406555175781
2010-07-20,39.43455123901367
2010-07-21,38.89435577392578
2010-07-22,39.878910064697266
2010-07-23,40.131591796875
2010-07-26,40.46268081665039
2010-07-27,40.445255279541016
2010-07-28,40.12285614013672
2010-07-29,39.826629638671875
2010-07-30,39.91376876831055
2010-08-02,40.66307830810547
2010-08-03,40.48881149291992
2010-08-04,40.898338317871094
2010-08-05,40.80247497558594
2010-08-06,40.741485595703125
2010-08-09,41.020301818847656
2010-08-10,40.66307830810547
2010-08-11,39.556556701660156
2010-08-12,39.24287414550781
2010-08-13,38.96406555175781
2010-08-16,39.03376770019531
2010-08-17,39.5304069519043
2010-08-18,39.68722152709961
2010-08-19,39.086036682128906
2010-08-20,39.13832092285156
2010-08-23,38.75495910644531
2010-08-24,38.031795501708984
2010-08-25,38.39772033691406
2010-08-26,37.93594741821289
2010-08-27,38.39772033691406
2010-08-30,37.996925354003906
2010-08-31,37.86623764038086
2010-09-01,38.998897552490234
2010-09-02,39.43455123901367
2010-09-03,40.0880241394043
2010-09-07,39.817928314208984
2010-09-08,40.297149658203125
2010-09-09,40.45395278930664
2010-09-10,40.60209274291992
2010-09-13,41.168426513671875
2010-09-14,41.342689514160156
2010-09-15,41.60405349731445
2010-09-16,41.76961135864258
2010-09-17,41.91109848022461
2010-09-20,42.64469528198242
2010-09-21,42.63596725463867
2010-09-22,42.52241516113281
2010-09-23,42.504966735839844
2010-09-24,43.36956024169922
2010-09-27,43.13374710083008
2010-09-28,43.11628723144531
2010-09-29,43.04641342163086
2010-09-30,42.854286193847656
2010-10-01,42.801883697509766
2010-10-04,42.33902359008789
2010-10-05,43.36956024169922
2010-10-06,42.9940299987793
2010-10-07,43.151222229003906
2010-10-08,43.44814682006836
2010-10-11,43.46562957763672
2010-10-12,43.762550354003906
2010-10-13,44.12062454223633
2010-10-14,44.03327560424805
2010-10-15,44.96775817871094
2010-10-18,44.80180740356445
2010-10-19,44.38261413574219
2010-10-20,44.70574188232422
2010-10-21,44.7930793762207
2010-10-22,45.098731994628906
2010-10-25,45.31707000732422
2010-10-26,45.43933868408203
2010-10-27,45.57907485961914
2010-10-28,45.675132751464844
2010-10-29,45.570350646972656
2010-11-01,45.60527801513672
2010-11-02,46.09434127807617
2010-11-03,46.303951263427734
2010-11-04,46.87160110473633
2010-11-05,46.87160110473633
2010-11-08,46.9327392578125
2010-11-09,46.679481506347656
2010-11-10,46.9152717590332
2010-11-11,46.618350982666016
2010-11-12,45.858551025390625
2010-11-15,45.68388366699219
2010-11-16,44.93281555175781
2010-11-17,45.063812255859375
2010-11-18,45.788665771484375
2010-11-19,45.82361602783203
2010-11-22,46.20786666870117
2010-11-23,45.47427749633789
2010-11-24,46.39128112792969
2010-11-26,46.085609436035156
2010-11-29,46.05066680908203
2010-11-30,45.491764068603516
2010-12-01,46.45240020751953
2010-12-02,46.92399978637695
2010-12-03,47.0462646484375
2010-12-06,47.02880859375
2010-12-07,47.055015563964844
2010-12-08,47.229679107666016
2010-12-09,47.27332305908203
2010-12-10,47.58774185180664
2010-12-13,47.421791076660156
2010-12-14,47.509132385253906
2010-12-15,47.29954528808594
2010-12-16,47.66633224487305
2010-12-17,47.708335876464844
2010-12-20,47.74333190917969
2010-12-21,48.03211212158203
2010-12-22,48.02335739135742
2010-12-23,47.900848388671875
2010-12-27,47.92710876464844
2010-12-28,47.83958435058594
2010-12-29,47.944618225097656
2010-12-30,47.83084487915039
2010-12-31,47.65583038330078
2011-01-03,48.3996467590332
2011-01-04,48.364627838134766
2011-01-05,48.77592086791992
2011-01-06,48.933433532714844
2011-01-07,48.889671325683594
2011-01-10,49.07344436645508
2011-01-11,49.14344024658203
2011-01-12,49.49345397949219
2011-01-13,49.510955810546875
2011-01-14,49.87849426269531
2011-01-18,50.01850128173828
2011-01-19,49.449710845947266
2011-01-20,49.09968185424805
2011-01-21,48.723411560058594
2011-01-24,49.397212982177734
2011-01-25,49.46722412109375
2011-01-26,49.7297248840332
2011-01-27,50.0360107421875
2011-01-28,48.76716613769531
2011-01-31,49.00342559814453
2011-02-01,49.922237396240234
2011-02-02,49.843482971191406
2011-02-03,49.930992126464844
2011-02-04,50.21101760864258
2011-02-07,50.44727325439453
2011-02-08,50.779815673828125
2011-02-09,50.692317962646484
2011-02-10,50.77104187011719
2011-02-11,51.138580322265625
2011-02-14,51.26109313964844
2011-02-15,51.19106674194336
2011-02-16,51.52360916137695
2011-02-17,51.506103515625
2011-02-18,51.39236068725586
2011-02-22,49.90473556518555
2011-02-23,49.49345397949219
2011-02-24,49.755977630615234
2011-02-25,50.44727325439453
2011-02-28,50.552284240722656
2011-03-01,49.73847198486328
2011-03-02,50.00100326538086
2011-03-03,50.989810943603516
2011-03-04,50.727291107177734
2011-03-07,50.04475021362305
2011-03-08,50.24601745605469
2011-03-09,49.90473556518555
2011-03-10,49.12594985961914
2011-03-11,49.43220138549805
2011-03-14,49.257205963134766
2011-03-15,48.55714416503906
2011-03-16,47.384578704833984
2011-03-17,47.82209014892578
2011-03-18,47.71429443359375
2011-03-21,48.63441848754883
2011-03-22,48.546791076660156
2011-03-23,48.81844711303711
2011-03-24,49.685970306396484
2011-03-25,49.80867385864258
2011-03-28,49.537025451660156
2011-03-29,50.01897048950195
2011-03-30,50.255577087402344
2011-03-31,50.32567596435547
2011-04-01,50.351951599121094
2011-04-04,50.185455322265625
2011-04-05,50.054012298583984
2011-04-06,50.176700592041016
2011-04-07,50.14165496826172
2011-04-08,49.90504455566406
2011-04-11,49.73854064941406
2011-04-12,49.396785736083984
2011-04-13,49.817420959472656
2011-04-14,49.729793548583984
2011-04-15,49.642173767089844
2011-04-18,49.2916374206543
2011-04-19,49.598358154296875
2011-04-20,50.72001266479492
2011-04-21,51.12310791015625
2011-04-25,51.25455093383789
2011-04-26,51.543731689453125
2011-04-27,51.89424133300781
2011-04-28,51.81538391113281
2011-04-29,51.77156448364258
2011-05-02,51.6751823425293
2011-05-03,51.42980194091797
2011-05-04,51.3509407043457
2011-05-05,51.07052230834961
2011-05-06,51.23703384399414
2011-05-09,51.42980194091797
2011-05-10,51.86794662475586
2011-05-11,51.491146087646484
2011-05-12,51.797847747802734
2011-05-13,51.184452056884766
2011-05-16,50.29938888549805
2011-05-17,50.4395866394043
2011-05-18,50.86021423339844
2011-05-19,51.009185791015625
2011-05-20,50.62361145019531
2011-05-23,49.87876510620117
2011-05-24,49.57206344604492
2011-05-25,49.764835357666016
2011-05-26,50.07154083251953
2011-05-27,50.32567596435547
2011-05-31,51.14063262939453
2011-06-01,50.02773666381836
2011-06-02,50.13289260864258
2011-06-03,49.379276275634766
2011-06-06,48.97617721557617
2011-06-07,48.88854217529297
2011-06-08,48.53803634643555
2011-06-09,48.62566375732422
2011-06-10,47.88080978393555
2011-06-13,47.88080978393555
2011-06-14,48.49421691894531
2011-06-15,47.57410430908203
2011-06-16,47.39008331298828
2011-06-17,47.24165725708008
2011-06-20,47.487571716308594
2011-06-21,48.506351470947266
2011-06-22,48.155052185058594
2011-06-23,48.602970123291016
2011-06-24,47.75983428955078
2011-06-27,48.52392578125
2011-06-28,49.24409484863281
2011-06-29,49.44609451293945
2011-06-30,50.10478973388672
2011-07-01,50.860084533691406
2011-07-05,51.11479568481445
2011-07-06,51.28165054321289
2011-07-07,51.9842643737793
2011-07-08,51.843746185302734
2011-07-11,50.90400314331055
2011-07-12,50.51757049560547
2011-07-13,50.72834014892578
2011-07-14,50.139923095703125
2011-07-15,50.80739212036133
2011-07-18,50.5351448059082
2011-07-19,51.6856575012207
2011-07-20,51.46609115600586
2011-07-21,51.80862808227539
2011-07-22,52.34434509277344
2011-07-25,52.23896789550781
2011-07-26,52.37069320678711
2011-07-27,51.01818084716797
2011-07-28,51.10601806640625
2011-07-29,50.93913650512695
2011-08-01,50.702022552490234
2011-08-02,49.41974639892578
2011-08-03,49.89400100708008
2011-08-04,47.57539749145508
2011-08-05,47.27677917480469
2011-08-08,44.43122863769531
2011-08-09,46.57419204711914
2011-08-10,44.668357849121094
2011-08-11,46.63566207885742
2011-08-12,47.04844284057617
2011-08-15,47.742271423339844
2011-08-16,47.33826446533203
2011-08-17,47.057228088378906
2011-08-18,44.74738311767578
2011-08-19,43.93939208984375
2011-08-22,44.09748077392578
2011-08-23,45.91547393798828
2011-08-24,46.275577545166016
2011-08-25,45.52027893066406
2011-08-26,46.662010192871094
2011-08-29,47.96183776855469
2011-08-30,48.278011322021484
2011-08-31,48.35707092285156
2011-09-01,47.917911529541016
2011-09-02,46.793739318847656
2011-09-06,46.802547454833984
2011-09-07,47.9881706237793
2011-09-08,47.76860427856445
2011-09-09,46.70589828491211
2011-09-12,47.303138732910156
2011-09-13,47.93549728393555
2011-09-14,48.62053298950195
2011-09-15,49.3406982421875
2011-09-16,49.79296875
2011-09-19,49.810569763183594
2011-09-20,49.5905876159668
2011-09-21,48.72829055786133
2011-09-22,47.144493103027344
2011-09-23,47.64603042602539
2011-09-26,48.20037841796875
2011-09-27,48.701908111572266
2011-09-28,47.980411529541016
2011-09-29,47.4084587097168
2011-09-30,46.185420989990234
2011-10-03,44.99758529663086
2011-10-04,45.92145919799805
2011-10-05,47.10050964355469
2011-10-06,47.89240264892578
2011-10-07,47.57563400268555
2011-10-10,49.22102737426758
2011-10-11,49.555397033691406
2011-10-12,49.80176544189453
2011-10-13,50.25929260253906
2011-10-14,51.19198989868164
2011-10-17,50.40009307861328
2011-10-18,51.024810791015625
2011-10-19,50.03934097290039
2011-10-20,49.79296875
2011-10-21,50.41769027709961
2011-10-24,51.46474838256836
2011-10-25,50.452880859375
2011-10-26,50.391273498535156
2011-10-27,51.781517028808594
2011-10-28,51.8607177734375
2011-10-31,50.9896125793457
2011-11-01,49.66096115112305
2011-11-02,50.08332061767578
2011-11-03,51.12159729003906
2011-11-04,50.85762405395508
2011-11-07,51.21839141845703
2011-11-08,51.807926177978516
2011-11-09,49.98654556274414
2011-11-10,49.96015548706055
2011-11-11,50.9016227722168
2011-11-14,50.584869384765625
2011-11-15,51.147987365722656
2011-11-16,50.30331039428711
2011-11-17,49.12425231933594
2011-11-18,48.745887756347656
2011-11-21,47.813201904296875
2011-11-22,47.971595764160156
2011-11-23,46.88932800292969
2011-11-25,46.52858352661133
2011-11-28,48.14756393432617
2011-11-29,47.8484001159668
2011-11-30,49.61698532104492
2011-12-01,49.96015548706055
2011-12-02,49.819358825683594
2011-12-05,50.36491012573242
2011-12-06,50.224098205566406
2011-12-07,50.224098205566406
2011-12-08,49.37940979003906
2011-12-09,50.17131805419922
2011-12-12,49.60818099975586
2011-12-13,49.06264877319336
2011-12-14,48.29715347290039
2011-12-15,48.165184020996094
2011-12-16,48.41314697265625
2011-12-19,47.936614990234375
2011-12-20,49.35740280151367
2011-12-21,48.65141677856445
2011-12-22,49.0661735534668
2011-12-23,49.48978042602539
2011-12-27,49.67439270019531
2011-12-28,49.10025405883789
2011-12-29,49.45355224609375
2011-12-30,49.312252044677734
2012-01-03,50.25734329223633
2012-01-04,50.46931076049805
2012-01-05,50.88444900512695
2012-01-06,51.06108856201172
2012-01-09,50.89326858520508
2012-01-10,51.26424026489258
2012-01-11,51.370235443115234
2012-01-12,51.5733757019043
2012-01-13,51.387908935546875
2012-01-17,51.85602951049805
2012-01-18,52.544960021972656
2012-01-19,52.87175750732422
2012-01-20,52.79227828979492
2012-01-23,52.809940338134766
2012-01-24,52.7127685546875
2012-01-25,53.37522888183594
2012-01-26,53.18975067138672
2012-01-27,53.348716735839844
2012-01-30,53.39288330078125
2012-01-31,53.46354293823242
2012-02-01,53.896358489990234
2012-02-02,54.06418228149414
2012-02-03,54.80610656738281
2012-02-06,54.76194381713867
2012-02-07,54.87677001953125
2012-02-08,55.16823959350586
2012-02-09,55.565704345703125
2012-02-10,55.17706298828125
2012-02-13,55.689361572265625
2012-02-14,55.830684661865234
2012-02-15,55.442054748535156
2012-02-16,56.201656341552734
2012-02-17,56.02500534057617
2012-02-21,56.18398666381836
2012-02-22,55.927833557128906
2012-02-23,56.2988166809082
2012-02-24,56.49312210083008
2012-02-27,56.5726203918457
2012-02-28,57.14673614501953
2012-02-29,56.89059066772461
2012-03-01,57.34104919433594
2012-03-02,57.296897888183594
2012-03-05,56.7050895690918
2012-03-06,56.148643493652344
2012-03-07,56.58144760131836
2012-03-08,57.190895080566406
2012-03-09,57.42936706542969
2012-03-12,57.45588684082031
2012-03-13,58.52461624145508
2012-03-14,58.72775650024414
2012-03-15,58.89555740356445
2012-03-16,58.85400390625
2012-03-19,59.26986312866211
2012-03-20,59.376014709472656
2012-03-21,59.384849548339844
2012-03-22,59.2609977722168
2012-03-23,59.22562026977539
2012-03-26,60.260738372802734
2012-03-27,60.3492431640625
2012-03-28,60.1103515625
2012-03-29,59.880332946777344
2012-03-30,59.76528549194336
2012-04-02,60.3846321105957
2012-04-03,60.3669319152832
2012-04-04,59.544097900390625
2012-04-05,59.915706634521484
2012-04-09,59.4644889831543
2012-04-10,58.508941650390625
2012-04-11,58.79205322265625
2012-04-12,59.4644889831543
2012-04-13,58.56203079223633
2012-04-16,57.90732192993164
2012-04-17,59.084022521972656
2012-04-18,58.93362808227539
2012-04-19,58.27006912231445
2012-04-20,58.11081314086914
2012-04-23,57.5799560546875
2012-04-24,57.2702751159668
2012-04-25,58.79205322265625
2012-04-26,59.137123107910156
2012-04-27,59.49102020263672
2012-04-30,59.066349029541016
2012-05-01,59.16366958618164
2012-05-02,59.3317756652832
2012-05-03,58.70358657836914
2012-05-04,57.243743896484375
2012-05-07,57.29682922363281
2012-05-08,57.08449935913086
2012-05-09,56.90754699707031
2012-05-10,56.79251480102539
2012-05-11,56.783668518066406
2012-05-14,56.252811431884766
2012-05-15,56.067012786865234
2012-05-16,55.68656539916992
2012-05-17,54.509849548339844
2012-05-18,53.80205154418945
2012-05-21,55.30613327026367
2012-05-22,55.24419403076172
2012-05-23,55.35036849975586
2012-05-24,54.987640380859375
2012-05-25,54.916831970214844
2012-05-29,55.61579513549805
2012-05-30,55.14688491821289
2012-05-31,54.907989501953125
2012-06-01,53.44813919067383
2012-06-04,53.85511779785156
2012-06-05,54.07630920410156
2012-06-06,55.31496810913086
2012-06-07,55.09379196166992
2012-06-08,55.624629974365234
2012-06-11,54.68680953979492
2012-06-12,55.35036849975586
2012-06-13,54.96992111206055
2012-06-14,55.173404693603516
2012-06-15,55.85890197753906
2012-06-18,56.382102966308594
2012-06-19,56.967384338378906
2012-06-20,57.01173400878906
2012-06-21,55.592857360839844
2012-06-22,56.178138732910156
2012-06-25,55.09626388549805
2012-06-26,55.44210433959961
2012-06-27,55.779075622558594
2012-06-28,55.15834045410156
2012-06-29,56.896446228027344
2012-07-02,57.064937591552734
2012-07-03,57.5438117980957
2012-07-05,57.57927703857422
2012-07-06,56.86098861694336
2012-07-09,56.75457763671875
2012-07-10,56.19587707519531
2012-07-11,55.88550567626953
2012-07-12,55.3623046875
2012-07-13,56.20475387573242
2012-07-16,56.04513931274414
2012-07-17,56.337764739990234
2012-07-18,57.10039138793945
2012-07-19,57.73004150390625
2012-07-20,56.967384338378906
2012-07-23,56.27569580078125
2012-07-24,55.83229446411133
2012-07-25,55.4598503112793
2012-07-26,56.19587707519531
2012-07-27,57.52607345581055
2012-07-30,57.48174285888672
2012-07-31,57.463985443115234
2012-08-01,57.29551315307617
2012-08-02,57.09154510498047
2012-08-03,58.17342758178711
2012-08-06,58.6168212890625
2012-08-07,59.104557037353516
2012-08-08,59.07793426513672
2012-08-09,59.25529479980469
2012-08-10,59.290775299072266
2012-08-13,59.432655334472656
2012-08-14,59.45928192138672
2012-08-15,59.61002731323242
2012-08-16,60.31944274902344
2012-08-17,60.585506439208984
2012-08-20,60.67415237426758
2012-08-21,60.43473815917969
2012-08-22,60.683048248291016
2012-08-23,60.18642807006836
2012-08-24,60.558895111083984
2012-08-27,60.65644836425781
2012-08-28,60.65644836425781
2012-08-29,60.65644836425781
2012-08-30,60.04454803466797
2012-08-31,60.443603515625
2012-09-04,60.38153076171875
2012-09-05,60.31944274902344
2012-09-06,61.65851593017578
2012-09-07,61.5698127746582
2012-09-10,60.78058624267578
2012-09-11,60.683048248291016
2012-09-12,60.86039733886719
2012-09-13,61.68510055541992
2012-09-14,62.23494338989258
2012-09-17,62.261512756347656
2012-09-18,62.314735412597656
2012-09-19,62.430023193359375
2012-09-20,62.367950439453125
2012-09-21,62.38574981689453
2012-09-24,62.021087646484375
2012-09-25,61.14959716796875
2012-09-26,60.65156173706055
2012-09-27,61.4875373840332
2012-09-28,60.980613708496094
2012-10-01,60.891666412353516
2012-10-02,61.06953811645508
2012-10-03,61.460819244384766
2012-10-04,61.674278259277344
2012-10-05,61.34524154663086
2012-10-08,60.78492736816406
2012-10-09,59.81560516357422
2012-10-10,59.51322555541992
2012-10-11,59.32647705078125
2012-10-12,59.29977035522461
2012-10-15,59.73554992675781
2012-10-16,60.58042907714844
2012-10-17,60.54486083984375
2012-10-18,59.84227752685547
2012-10-19,58.41046905517578
2012-10-22,58.71282196044922
2012-10-23,58.152565002441406
2012-10-24,57.94803237915039
2012-10-25,57.94803237915039
2012-10-26,58.11701583862305
2012-10-31,57.76128005981445
2012-11-01,58.579444885253906
2012-11-02,57.95693588256836
2012-11-05,58.339324951171875
2012-11-06,58.446041107177734
2012-11-07,57.06760787963867
2012-11-08,56.16938018798828
2012-11-09,56.40949630737305
2012-11-12,56.40062713623047
2012-11-13,56.009307861328125
2012-11-14,55.35121154785156
2012-11-15,55.16446304321289
2012-11-16,55.404579162597656
2012-11-19,56.72075653076172
2012-11-20,56.738555908203125
2012-11-21,56.85417556762695
2012-11-23,57.71678924560547
2012-11-26,57.96581268310547
2012-11-27,57.77015686035156
2012-11-28,58.26819610595703
2012-11-29,58.61503219604492
2012-11-30,58.51717758178711
2012-12-03,58.401588439941406
2012-12-04,58.36601257324219
2012-12-05,57.71678924560547
2012-12-06,58.0903205871582
2012-12-07,57.74348831176758
2012-12-10,57.91246032714844
2012-12-11,58.66835403442383
2012-12-12,58.54385757446289
2012-12-13,58.081424713134766
2012-12-14,57.530052185058594
2012-12-17,58.29486083984375
2012-12-18,59.18419647216797
2012-12-19,58.92627716064453
2012-12-20,58.92627716064453
2012-12-21,58.306541442871094
2012-12-24,58.1902961730957
2012-12-26,57.68057632446289
2012-12-27,57.591148376464844
2012-12-28,57.03667068481445
2012-12-31,58.24394226074219
2013-01-02,60.09510040283203
2013-01-03,59.78208923339844
2013-01-04,59.585357666015625
2013-01-07,59.60324478149414
2013-01-08,59.486995697021484
2013-01-09,59.7105712890625
2013-01-10,60.06825637817383
2013-01-11,60.14875411987305
2013-01-14,59.88045120239258
2013-01-15,59.585357666015625
2013-01-16,59.82681655883789
2013-01-17,60.11296463012695
2013-01-18,59.978816986083984
2013-01-22,60.07722091674805
2013-01-23,60.443843841552734
2013-01-24,59.612186431884766
2013-01-25,59.91624069213867
2013-01-28,60.05036163330078
2013-01-29,60.05930709838867
2013-01-30,59.93410873413086
2013-01-31,59.79999923706055
2013-02-01,60.50647735595703
2013-02-04,59.45121383666992
2013-02-05,60.327598571777344
2013-02-06,60.130859375
2013-02-07,60.184513092041016
2013-02-08,60.80156707763672
2013-02-11,60.819435119628906
2013-02-12,60.569068908691406
2013-02-13,60.78365707397461
2013-02-14,60.76578140258789
2013-02-15,60.58693313598633
2013-02-19,61.0251350402832
2013-02-20,60.08615493774414
2013-02-21,59.44227981567383
2013-02-22,60.04143524169922
2013-02-25,59.29918670654297
2013-02-26,59.52275466918945
2013-02-27,60.130859375
2013-02-28,60.00564956665039
2013-03-01,60.25606155395508
2013-03-04,60.524349212646484
2013-03-05,61.418609619140625
2013-03-06,61.266578674316406
2013-03-07,61.427574157714844
2013-03-08,61.49910354614258
2013-03-11,61.677947998046875
2013-03-12,61.45439147949219
2013-03-13,61.3739128112793
2013-03-14,61.579566955566406
2013-03-15,61.40837478637695
2013-03-18,61.27391052246094
2013-03-19,61.157405853271484
2013-03-20,61.587646484375
2013-03-21,60.88850402832031
2013-03-22,61.48009490966797
2013-03-25,61.25598907470703
2013-03-26,61.587646484375
2013-03-27,61.668331146240234
2013-03-28,61.82069396972656
2013-04-01,61.39939880371094
2013-04-02,61.883453369140625
2013-04-03,61.318756103515625
2013-04-04,61.336669921875
2013-04-05,60.82575607299805
2013-04-08,61.14847183227539
2013-04-09,61.560752868652344
2013-04-10,62.76185607910156
2013-04-11,62.73495864868164
2013-04-12,62.69015884399414
2013-04-15,61.45320510864258
2013-04-16,62.268863677978516
2013-04-17,61.04983139038086
2013-04-18,60.207279205322266
2013-04-19,61.031917572021484
2013-04-22,61.65936279296875
2013-04-23,62.25093460083008
2013-04-24,62.224037170410156
2013-04-25,62.55570602416992
2013-04-26,62.358497619628906
2013-04-29,62.932159423828125
2013-04-30,63.38930892944336
2013-05-01,63.09348678588867
2013-05-02,63.891258239746094
2013-05-03,64.64417266845703
2013-05-06,64.89514923095703
2013-05-07,64.85929107666016
2013-05-08,65.1729965209961
2013-05-09,65.0833740234375
2013-05-10,65.477783203125
2013-05-13,65.55843353271484
2013-05-14,65.8990707397461
2013-05-15,66.03350067138672
2013-05-16,65.96179962158203
2013-05-17,66.59819030761719
2013-05-20,66.49961853027344
2013-05-21,66.57129669189453
2013-05-22,65.98868560791016
2013-05-23,65.8363037109375
2013-05-24,65.80044555664062
2013-05-28,66.230712890625
2013-05-29,65.91698455810547
2013-05-30,66.26656341552734
2013-05-31,65.65702819824219
2013-06-03,65.77357482910156
2013-06-04,65.43295288085938
2013-06-05,64.58140563964844
2013-06-06,64.89514923095703
2013-06-07,65.78250885009766
2013-06-10,65.8094253540039
2013-06-11,65.15511322021484
2013-06-12,64.40215301513672
2013-06-13,65.21784210205078
2013-06-14,64.78759002685547
2013-06-17,65.4150390625
2013-06-18,65.95282745361328
2013-06-19,65.21784210205078
2013-06-20,63.667152404785156
2013-06-21,63.32905960083008
2013-06-24,62.69966506958008
2013-06-25,63.158199310302734
2013-06-26,63.72468948364258
2013-06-27,63.99445724487305
2013-06-28,64.0843734741211
2013-07-01,64.48001861572266
2013-07-02,64.50699615478516
2013-07-03,64.76773834228516
2013-07-05,65.26233673095703
2013-07-08,65.32524108886719
2013-07-09,65.72088623046875
2013-07-10,66.09852600097656
2013-07-11,67.41134643554688
2013-07-12,67.70806884765625
2013-07-15,67.86090087890625
2013-07-16,67.77099609375
2013-07-17,67.94184112548828
2013-07-18,67.77099609375
2013-07-19,67.06963348388672
2013-07-22,67.26744842529297
2013-07-23,66.77293395996094
2013-07-24,66.98870849609375
2013-07-25,67.41134643554688
2013-07-26,67.77099609375
2013-07-29,67.64510345458984
2013-07-30,68.00479125976562
2013-07-31,68.13067626953125
2013-08-01,68.82303619384766
2013-08-02,69.20966339111328
2013-08-05,69.25468444824219
2013-08-06,68.84103393554688
2013-08-07,68.71514129638672
2013-08-08,69.05683135986328
2013-08-09,68.77806091308594
2013-08-12,68.93994903564453
2013-08-13,69.32657623291016
2013-08-14,69.06582641601562
2013-08-15,67.89688873291016
2013-08-16,67.86991119384766
2013-08-19,67.75299835205078
2013-08-20,68.04973602294922
2013-08-21,67.81596374511719
2013-08-22,68.48138427734375
2013-08-23,68.93994903564453
2013-08-26,68.97590637207031
2013-08-27,67.56419372558594
2013-08-28,67.8249740600586
2013-08-29,68.30152130126953
2013-08-30,67.86090087890625
2013-09-03,68.24756622314453
2013-09-04,68.97590637207031
2013-09-05,69.09280395507812
2013-09-06,69.1737060546875
2013-09-09,69.98297882080078
2013-09-10,70.32464599609375
2013-09-11,70.18980407714844
2013-09-12,70.14482116699219
2013-09-13,70.18980407714844
2013-09-16,70.00099182128906
2013-09-17,70.46855926513672
2013-09-18,71.31375885009766
2013-09-19,71.48460388183594
2013-09-20,71.23929595947266
2013-09-23,71.09501647949219
2013-09-24,71.09501647949219
2013-09-25,70.8514633178711
2013-09-26,71.40161895751953
2013-09-27,71.31146240234375
2013-09-30,71.14013671875
2013-10-01,71.8615951538086
2013-10-02,71.83455657958984
2013-10-03,70.99578094482422
2013-10-04,71.60908508300781
2013-10-07,71.01380157470703
2013-10-08,69.64298248291016
2013-10-09,69.42652893066406
2013-10-10,70.89656829833984
2013-10-11,71.45575714111328
2013-10-14,71.9607925415039
2013-10-15,71.68120574951172
2013-10-16,72.49288940429688
2013-10-17,72.90776062011719
2013-10-18,74.08924865722656
2013-10-21,74.2515640258789
2013-10-22,74.35975646972656
2013-10-23,73.90885925292969
2013-10-24,74.23351287841797
2013-10-25,74.76565551757812
2013-10-28,74.78367614746094
2013-10-29,74.909912109375
2013-10-30,74.83782196044922
2013-10-31,74.66643524169922
2013-11-01,74.68448638916016
2013-11-04,74.79268646240234
2013-11-05,74.87385559082031
2013-11-06,74.85585021972656
2013-11-07,73.44890594482422
2013-11-08,74.44095611572266
2013-11-11,74.32374572753906
2013-11-12,74.44095611572266
2013-11-13,75.34284210205078
2013-11-14,75.57734680175781
2013-11-15,75.72164154052734
2013-11-18,74.98208618164062
2013-11-19,74.76565551757812
2013-11-20,74.58526611328125
2013-11-21,75.34284210205078
2013-11-22,75.74868774414062
2013-11-25,75.9290542602539
2013-11-26,76.32587432861328
2013-11-27,76.85801696777344
2013-11-29,77.31794738769531
2013-12-02,77.09249114990234
2013-12-03,77.02937316894531
2013-12-04,77.10151672363281
2013-12-05,77.00231170654297
2013-12-06,77.56148529052734
2013-12-09,77.87711334228516
2013-12-10,77.82299041748047
2013-12-11,76.82190704345703
2013-12-12,76.62349700927734
2013-12-13,76.5242919921875
2013-12-16,76.94817352294922
2013-12-17,76.79487609863281
2013-12-18,77.68771362304688
2013-12-19,77.47125244140625
2013-12-20,78.26020050048828
2013-12-23,79.08352661132812
2013-12-24,79.1197280883789
2013-12-26,79.38207244873047
2013-12-27,79.18305969238281
2013-12-30,79.06546020507812
2013-12-31,79.58113861083984
2014-01-02,78.95686340332031
2014-01-03,78.38685607910156
2014-01-06,78.09735870361328
2014-01-07,78.82112884521484
2014-01-08,78.99304962158203
2014-01-09,78.73067474365234
2014-01-10,78.98402404785156
2014-01-13,77.81687927246094
2014-01-14,79.30067443847656
2014-01-15,79.95209503173828
2014-01-16,79.96112823486328
2014-01-17,79.50873565673828
2014-01-21,80.11494445800781
2014-01-22,80.3230209350586
2014-01-23,80.05162811279297
2014-01-24,78.47734069824219
2014-01-27,77.71733856201172
2014-01-28,77.67213439941406
2014-01-29,76.83975982666016
2014-01-30,78.26020050048828
2014-01-31,78.0521011352539
2014-02-03,76.26074981689453
2014-02-04,76.82168579101562
2014-02-05,76.62265014648438
2014-02-06,77.59974670410156
2014-02-07,78.98402404785156
2014-02-10,79.4363784790039
2014-02-11,80.34113311767578
2014-02-12,80.49492645263672
2014-02-13,81.0920639038086
2014-02-14,81.25493621826172
2014-02-18,81.65299987792969
2014-02-19,81.0920639038086
2014-02-20,81.47207641601562
2014-02-21,81.36348724365234
2014-02-24,81.79779815673828
2014-02-25,81.70728302001953
2014-02-26,81.6349105834961
2014-02-27,82.16454315185547
2014-02-28,82.0737075805664
2014-03-03,81.4649887084961
2014-03-04,82.50066375732422
2014-03-05,82.7278060913086
2014-03-06,82.65513610839844
2014-03-07,82.2463150024414
2014-03-10,82.3189697265625
2014-03-11,81.96466827392578
2014-03-12,82.27359008789062
2014-03-13,81.11068725585938
2014-03-14,80.55652618408203
2014-03-17,81.26516723632812
2014-03-18,82.2463150024414
2014-03-19,81.8011474609375
2014-03-20,82.0282974243164
2014-03-21,81.04121398925781
2014-03-24,80.33099365234375
2014-03-25,80.59503936767578
2014-03-26,79.55697631835938
2014-03-27,79.11079406738281
2014-03-28,79.26558685302734
2014-03-31,79.83015441894531
2014-04-01,81.23242950439453
2014-04-02,81.44186401367188
2014-04-03,80.79535675048828
2014-04-04,78.64640808105469
2014-04-07,77.89974212646484
2014-04-08,78.61908721923828
2014-04-09,79.96675872802734
2014-04-10,77.48995971679688
2014-04-11,76.5885238647461
2014-04-14,77.1894760131836
2014-04-15,77.44446563720703
2014-04-16,78.47338104248047
2014-04-17,78.49160766601562
2014-04-21,79.0743637084961
2014-04-22,79.70266723632812
2014-04-23,79.00149536132812
2014-04-24,79.75729370117188
2014-04-25,78.48249053955078
2014-04-28,78.73747253417969
2014-04-29,79.36579895019531
2014-04-30,79.57518768310547
2014-05-01,79.81193542480469
2014-05-02,79.6662368774414
2014-05-05,80.08509826660156
2014-05-06,79.04705810546875
2014-05-07,78.81941986083984
2014-05-08,78.74655151367188
2014-05-09,79.03795623779297
2014-05-12,80.34010314941406
2014-05-13,80.39469909667969
2014-05-14,79.975830078125
2014-05-15,79.3475570678711
2014-05-16,79.86661529541016
2014-05-19,80.4220199584961
2014-05-20,80.1306381225586
2014-05-21,80.89553833007812
2014-05-22,81.25064849853516
2014-05-23,81.84251403808594
2014-05-27,82.86235809326172
2014-05-28,82.607421875
2014-05-29,83.13555908203125
2014-05-30,83.14464569091797
2014-06-02,83.06268310546875
2014-06-03,83.02626037597656
2014-06-04,83.33586883544922
2014-06-05,84.03699493408203
2014-06-06,84.51959991455078
2014-06-09,84.45586395263672
2014-06-10,84.60157775878906
2014-06-11,84.5833511352539
2014-06-12,83.81848907470703
2014-06-13,84.06433868408203
2014-06-16,84.1371841430664
2014-06-17,84.18269348144531
2014-06-18,84.65621185302734
2014-06-19,84.60157775878906
2014-06-20,84.70109558105469
2014-06-23,84.71936798095703
2014-06-24,84.63717651367188
2014-06-25,85.17584228515625
2014-06-26,85.22154235839844
2014-06-27,85.59583282470703
2014-06-30,85.741943359375
2014-07-01,86.68235778808594
2014-07-02,86.82841491699219
2014-07-03,87.37622833251953
2014-07-07,87.11146545410156
2014-07-08,86.06147766113281
2014-07-09,86.70059204101562
2014-07-10,86.42671966552734
2014-07-11,86.98365783691406
2014-07-14,87.50407409667969
2014-07-15,87.20276641845703
2014-07-16,87.54974365234375
2014-07-17,86.39016723632812
2014-07-18,87.75970458984375
2014-07-21,87.65015411376953
2014-07-22,88.20709991455078
2014-07-23,88.7731704711914
2014-07-24,88.67273712158203
2014-07-25,88.3257827758789
2014-07-28,88.3531723022461
2014-07-29,88.19796752929688
2014-07-30,88.54493713378906
2014-07-31,86.75540161132812
2014-08-01,86.43582916259766
2014-08-04,87.029296875
2014-08-05,86.36276245117188
2014-08-06,86.29886627197266
2014-08-07,86.02495574951172
2014-08-08,86.64582061767578
2014-08-11,87.15711975097656
2014-08-12,87.12061309814453
2014-08-13,88.04273223876953
2014-08-14,88.49925231933594
2014-08-15,88.92837524414062
2014-08-18,89.61316680908203
2014-08-19,90.11531066894531
2014-08-20,90.11531066894531
2014-08-21,90.29791259765625
2014-08-22,90.43485260009766
2014-08-25,90.75440979003906
2014-08-26,90.84573364257812
2014-08-27,90.8639907836914
2014-08-28,90.7635726928711
2014-08-29,91.10138702392578
2014-09-02,91.36614227294922
2014-09-03,90.82746887207031
2014-09-04,90.74531555175781
2014-09-05,91.20182037353516
2014-09-08,91.37530517578125
2014-09-09,90.61746978759766
2014-09-10,91.36614227294922
2014-09-11,91.2931137084961
2014-09-12,90.82746887207031
2014-09-15,89.95095825195312
2014-09-16,90.73616790771484
2014-09-17,90.87311553955078
2014-09-18,91.55787658691406
2014-09-19,91.50113677978516
2014-09-22,90.6500015258789
2014-09-23,90.40290069580078
2014-09-24,91.37297821044922
2014-09-25,89.45109558105469
2014-09-26,90.40290069580078
2014-09-29,90.28394317626953
2014-09-30,90.41206359863281
2014-10-01,88.96604919433594
2014-10-02,88.96604919433594
2014-10-03,89.84465026855469
2014-10-06,89.6524658203125
2014-10-07,88.38032531738281
2014-10-08,90.10090637207031
2014-10-09,88.64573669433594
2014-10-10,86.43095397949219
2014-10-13,85.07644653320312
2014-10-14,85.0856704711914
2014-10-15,84.5364990234375
2014-10-16,84.00567626953125
2014-10-17,85.11306762695312
2014-10-20,86.38520050048828
2014-10-21,88.65486907958984
2014-10-22,88.19731140136719
2014-10-23,89.52433776855469
2014-10-24,90.25650787353516
2014-10-27,90.32052612304688
2014-10-28,91.68419647216797
2014-10-29,91.3455581665039
2014-10-30,91.53771209716797
2014-10-31,92.80073547363281
2014-11-03,93.07525634765625
2014-11-04,92.76411437988281
2014-11-05,92.77328491210938
2014-11-06,93.06612396240234
2014-11-07,92.98375701904297
2014-11-10,93.31322479248047
2014-11-11,93.60607147216797
2014-11-12,93.77083587646484
2014-11-13,94.17351531982422
2014-11-14,94.46640014648438
2014-11-17,94.18268585205078
2014-11-18,94.88737487792969
2014-11-19,94.45719909667969
2014-11-20,94.87818908691406
2014-11-21,95.06126403808594
2014-11-24,95.80255126953125
2014-11-25,95.94896697998047
2014-11-26,96.5713119506836
2014-11-28,97.01972961425781
2014-12-01,95.92152404785156
2014-12-02,96.30592346191406
2014-12-03,96.47978210449219
2014-12-04,96.43403625488281
2014-12-05,96.44318389892578
2014-12-08,95.75679779052734
2014-12-09,96.058837890625
2014-12-10,94.54874420166016
2014-12-11,94.9971923828125
2014-12-12,93.96302795410156
2014-12-15,92.99291229248047
2014-12-16,91.50113677978516
2014-12-17,93.16680908203125
2014-12-18,95.40900421142578
2014-12-19,95.82881927490234
2014-12-22,96.0676498413086
2014-12-23,95.72776794433594
2014-12-24,95.8104476928711
2014-12-26,96.49022674560547
2014-12-29,96.47185516357422
2014-12-30,95.82881927490234
2014-12-31,94.84591674804688
2015-01-02,94.5611343383789
2015-01-05,93.1740493774414
2015-01-06,91.92473602294922
2015-01-07,93.1097640991211
2015-01-08,94.891845703125
2015-01-09,94.26720428466797
2015-01-12,93.2842788696289
2015-01-13,93.25672912597656
2015-01-14,92.74230194091797
2015-01-15,91.5389404296875
2015-01-16,92.61371612548828
2015-01-20,93.34860229492188
2015-01-21,93.82628631591797
2015-01-22,95.56240844726562
2015-01-23,95.77371215820312
2015-01-26,95.66345977783203
2015-01-27,93.18321990966797
2015-01-28,92.70555114746094
2015-01-29,93.59664916992188
2015-01-30,92.87091064453125
2015-02-02,93.6792984008789
2015-02-03,94.57949829101562
2015-02-04,94.4968490600586
2015-02-05,95.31441497802734
2015-02-06,94.7356948852539
2015-02-09,94.43256378173828
2015-02-10,95.90232849121094
2015-02-11,96.25137329101562
2015-02-12,97.3720932006836
2015-02-13,98.20802307128906
2015-02-17,98.29984283447266
2015-02-18,98.43765258789062
2015-02-19,98.9245376586914
2015-02-20,99.5859375
2015-02-23,99.68695068359375
2015-02-24,99.76046752929688
2015-02-25,99.5124282836914
2015-02-26,100.01766967773438
2015-02-27,99.57672882080078
2015-03-02,100.47695922851562
2015-03-03,100.00845336914062
2015-03-04,99.62265014648438
2015-03-05,99.79719543457031
2015-03-06,98.66728973388672
2015-03-09,98.95211791992188
2015-03-10,97.11483764648438
2015-03-11,96.55451202392578
2015-03-12,97.1883773803711
2015-03-13,96.76579284667969
2015-03-16,98.01509094238281
2015-03-17,98.17127227783203
2015-03-18,99.13581848144531
2015-03-19,99.28277587890625
2015-03-20,99.92542266845703
2015-03-23,99.73209381103516
2015-03-24,99.37300872802734
2015-03-25,97.09886932373047
2015-03-26,96.76736450195312
2015-03-27,97.15408325195312
2015-03-30,98.26814270019531
2015-03-31,97.22772979736328
2015-04-01,96.72132110595703
2015-04-02,96.7857666015625
2015-04-06,97.57759857177734
2015-04-07,97.41189575195312
2015-04-08,98.185302734375
2015-04-09,98.8021469116211
2015-04-10,99.20726013183594
2015-04-13,98.95867919921875
2015-04-14,98.67327880859375
2015-04-15,99.29012298583984
2015-04-16,99.15206146240234
2015-04-17,97.60523223876953
2015-04-20,99.06919860839844
2015-04-21,99.49273681640625
2015-04-22,100.03591918945312
2015-04-23,100.41340637207031
2015-04-24,101.77608489990234
2015-04-27,101.5182876586914
2015-04-28,101.31570434570312
2015-04-29,100.6804428100586
2015-04-30,99.0967788696289
2015-05-01,100.40421295166016
2015-05-04,100.56995391845703
2015-05-05,98.93106079101562
2015-05-06,98.24971008300781
2015-05-07,98.83901977539062
2015-05-08,100.07274627685547
2015-05-11,99.68605041503906
2015-05-12,99.23492431640625
2015-05-13,99.43743133544922
2015-05-14,100.89219665527344
2015-05-15,100.89219665527344
2015-05-18,101.33412170410156
2015-05-19,101.22362518310547
2015-05-20,101.28810119628906
2015-05-21,101.81289672851562
2015-05-22,101.71160888671875
2015-05-26,100.5423355102539
2015-05-27,102.16275024414062
2015-05-28,101.9326171875
2015-05-29,101.32493591308594
2015-06-01,101.66558837890625
2015-06-02,101.34333801269531
2015-06-03,101.6471939086914
2015-06-04,100.873779296875
2015-06-05,100.63438415527344
2015-06-08,99.61239624023438
2015-06-09,99.44668579101562
2015-06-10,100.80931091308594
2015-06-11,100.95665740966797
2015-06-12,100.12798309326172
2015-06-15,99.63079833984375
2015-06-16,100.17400360107422
2015-06-17,100.45024871826172
2015-06-18,101.9141845703125
2015-06-19,101.41031646728516
2015-06-22,102.15779876708984
2015-06-23,102.24089050292969
2015-06-24,101.71485137939453
2015-06-25,101.51182556152344
2015-06-26,100.83815002441406
2015-06-29,98.45724487304688
2015-06-30,98.80792236328125
2015-07-01,99.59236145019531
2015-07-02,99.6200180053711
2015-07-06,99.38932037353516
2015-07-07,99.63849639892578
2015-07-08,97.90352630615234
2015-07-09,97.84815216064453
2015-07-10,99.34319305419922
2015-07-13,101.08733367919922
2015-07-14,101.75177764892578
2015-07-15,101.86249542236328
2015-07-16,103.3021240234375
2015-07-17,104.82479858398438
2015-07-20,105.18472290039062
2015-07-21,105.1201171875
2015-07-22,103.92969512939453
2015-07-23,103.54206848144531
2015-07-24,102.52694702148438
2015-07-27,101.67794799804688
2015-07-28,102.55461883544922
2015-07-29,102.94222259521484
2015-07-30,103.43132781982422
2015-07-31,103.31135559082031
2015-08-03,102.98834991455078
2015-08-04,102.79458618164062
2015-08-05,103.58821868896484
2015-08-06,101.92709350585938
2015-08-07,101.79790496826172
2015-08-10,102.960693359375
2015-08-11,101.64102935791016
2015-08-12,101.99169921875
2015-08-13,101.82560729980469
2015-08-14,101.98247528076172
2015-08-17,102.83146667480469
2015-08-18,102.30545043945312
2015-08-19,101.6318130493164
2015-08-20,98.81716918945312
2015-08-21,94.498291015625
2015-08-24,90.86229705810547
2015-08-25,90.5208740234375
2015-08-26,95.07968139648438
2015-08-27,97.48828125
2015-08-28,97.46981048583984
2015-08-31,96.26093292236328
2015-09-01,93.25247955322266
2015-09-02,95.8825454711914
2015-09-03,95.41189575195312
2015-09-04,94.27684020996094
2015-09-08,96.93460083007812
2015-09-09,95.84562683105469
2015-09-10,96.88842010498047
2015-09-11,97.42367553710938
2015-09-14,97.12836456298828
2015-09-15,98.27268981933594
2015-09-16,98.82638549804688
2015-09-17,98.8633041381836
2015-09-18,97.45718383789062
2015-09-21,97.76243591308594
2015-09-22,96.30082702636719
2015-09-23,96.37483215332031
2015-09-24,96.02330017089844
2015-09-25,95.20925903320312
2015-09-28,92.4987564086914
2015-09-29,92.01769256591797
2015-09-30,94.13612365722656
2015-10-01,94.56169891357422
2015-10-02,96.21756744384766
2015-10-05,97.5959243774414
2015-10-06,97.1333999633789
2015-10-07,97.71619415283203
2015-10-08,98.10472106933594
2015-10-09,98.54876708984375
2015-10-12,98.78929138183594
2015-10-13,98.15096282958984
2015-10-14,97.99372100830078
2015-10-15,99.60335540771484
2015-10-16,100.01963806152344
2015-10-19,100.59317779541016
2015-10-20,100.07515716552734
2015-10-21,99.464599609375
2015-10-22,101.49053192138672
2015-10-23,104.33049774169922
2015-10-26,104.39527893066406
2015-10-27,104.6080551147461
2015-10-28,105.47761535644531
2015-10-29,105.31110382080078
2015-10-30,104.83930969238281
2015-11-02,106.02342224121094
2015-11-03,106.39344787597656
2015-11-04,106.4026870727539
2015-11-05,106.11595153808594
2015-11-06,106.18994903564453
2015-11-09,105.06134033203125
2015-11-10,104.79308319091797
2015-11-11,104.6635513305664
2015-11-12,103.64595794677734
2015-11-13,101.61077880859375
2015-11-16,103.0724105834961
2015-11-17,103.13716888427734
2015-11-18,105.1168441772461
2015-11-19,105.19084930419922
2015-11-20,105.9031753540039
2015-11-23,105.59789276123047
2015-11-24,105.5053939819336
2015-11-25,105.59789276123047
2015-11-27,105.74588012695312
2015-11-30,105.47761535644531
2015-12-01,106.53223419189453
2015-12-02,105.87541198730469
2015-12-03,104.08074951171875
2015-12-04,106.51371765136719
2015-12-07,106.03269958496094
2015-12-08,106.04190826416016
2015-12-09,104.43230438232422
2015-12-10,104.90406799316406
2015-12-11,102.4896240234375
2015-12-14,103.26666259765625
2015-12-15,103.89573669433594
2015-12-16,105.44060516357422
2015-12-17,103.90498352050781
2015-12-18,101.911865234375
2015-12-21,103.04388427734375
2015-12-22,103.72126770019531
2015-12-23,104.49141693115234
2015-12-24,104.47284698486328
2015-12-28,104.41720581054688
2015-12-29,106.0595932006836
2015-12-30,105.10382080078125
2015-12-31,103.7955093383789
2016-01-04,101.60564422607422
2016-01-05,101.42930603027344
2016-01-06,100.45503234863281
2016-01-07,97.3094253540039
2016-01-08,96.51142883300781
2016-01-11,96.8083724975586
2016-01-12,97.93113708496094
2016-01-13,94.55355072021484
2016-01-14,96.56710815429688
2016-01-15,93.56998443603516
2016-01-19,93.77411651611328
2016-01-20,93.4864730834961
2016-01-21,93.57925415039062
2016-01-22,96.2887191772461
2016-01-25,94.85977172851562
2016-01-26,95.71341705322266
2016-01-27,93.32869720458984
2016-01-28,94.64631652832031
2016-01-29,96.62277221679688
2016-02-01,96.88260650634766
2016-02-02,94.78553771972656
2016-02-03,94.33085632324219
2016-02-04,94.32157897949219
2016-02-05,91.04605102539062
2016-02-08,89.65421295166016
2016-02-09,89.3758316040039
2016-02-10,89.71916198730469
2016-02-11,89.58927154541016
2016-02-12,90.95326232910156
2016-02-16,93.00394439697266
2016-02-17,95.11030578613281
2016-02-18,94.024658203125
2016-02-19,94.3030014038086
2016-02-22,95.83405303955078
2016-02-23,94.25662231445312
2016-02-24,95.15670776367188
2016-02-25,96.0938491821289
2016-02-26,95.9732666015625
2016-02-29,95.11030578613281
2016-03-01,98.16313171386719
2016-03-02,98.20022583007812
2016-03-03,98.01463317871094
2016-03-04,98.05174255371094
2016-03-07,97.44863891601562
2016-03-08,96.641357421875
2016-03-09,97.26303100585938
2016-03-10,97.11454772949219
2016-03-11,98.8126449584961
2016-03-14,98.97967529296875
2016-03-15,98.94253540039062
2016-03-16,99.82404327392578
2016-03-17,99.76837921142578
2016-03-18,99.92472839355469
2016-03-21,100.31560516357422
2016-03-22,100.62271881103516
2016-03-23,99.79444885253906
2016-03-24,99.82235717773438
2016-03-28,99.6827392578125
2016-03-29,101.28351593017578
2016-03-30,101.7767562866211
2016-03-31,101.62783813476562
2016-04-01,102.70738983154297
2016-04-04,102.31651306152344
2016-04-05,101.33003234863281
2016-04-06,102.99588012695312
2016-04-07,101.51616668701172
2016-04-08,101.44171142578125
2016-04-11,101.0694351196289
2016-04-12,101.91632843017578
2016-04-13,103.2192611694336
2016-04-14,103.22857666015625
2016-04-15,102.96798706054688
2016-04-18,103.5170669555664
2016-04-19,102.88422393798828
2016-04-20,102.96798706054688
2016-04-21,102.97727966308594
2016-04-22,101.42311096191406
2016-04-25,101.42311096191406
2016-04-26,100.92984771728516
2016-04-27,100.12018585205078
2016-04-28,98.91030883789062
2016-04-29,98.38912200927734
2016-05-02,99.31977844238281
2016-05-03,98.3984375
2016-05-04,97.76560974121094
2016-05-05,97.73768615722656
2016-05-06,98.25885772705078
2016-05-09,98.53804779052734
2016-05-10,99.8874740600586
2016-05-11,98.9847640991211
2016-05-12,98.54734802246094
2016-05-13,98.18437957763672
2016-05-16,99.41287994384766
2016-05-17,98.16580963134766
2016-05-18,98.5194320678711
2016-05-19,98.0075912475586
2016-05-20,99.08714294433594
2016-05-23,98.9568099975586
2016-05-24,100.93915557861328
2016-05-25,101.66504669189453
2016-05-26,101.96289825439453
2016-05-27,102.49332427978516
2016-05-31,102.68878936767578
2016-06-01,102.69808197021484
2016-06-02,102.91213989257812
2016-06-03,102.4281997680664
2016-06-06,102.80046844482422
2016-06-07,102.53988647460938
2016-06-08,102.71670532226562
2016-06-09,102.5491943359375
2016-06-10,101.3858642578125
2016-06-13,100.53895568847656
2016-06-14,100.53895568847656
2016-06-15,100.25043487548828
2016-06-16,100.54829406738281
2016-06-17,99.3697280883789
2016-06-20,99.99490356445312
2016-06-21,100.31219482421875
2016-06-22,100.0695571899414
2016-06-23,101.49726104736328
2016-06-24,97.31681823730469
2016-06-27,95.38523864746094
2016-06-28,97.47543334960938
2016-06-29,99.20173645019531
2016-06-30,100.3495101928711
2016-07-01,100.85342407226562
2016-07-05,100.23753356933594
2016-07-06,101.05868530273438
2016-07-07,101.35730743408203
2016-07-08,102.92497253417969
2016-07-11,103.51284790039062
2016-07-12,104.03541564941406
2016-07-13,103.78343963623047
2016-07-14,104.49266815185547
2016-07-15,104.32466888427734
2016-07-18,105.01517486572266
2016-07-19,104.63261413574219
2016-07-20,105.85503387451172
2016-07-21,105.61241149902344
2016-07-22,106.05096435546875
2016-07-25,106.06031036376953
2016-07-26,106.1816177368164
2016-07-27,106.9188003540039
2016-07-28,107.29203033447266
2016-07-29,107.52532958984375
2016-08-01,108.09452819824219
2016-08-02,107.27338409423828
2016-08-03,107.62796020507812
2016-08-04,107.93588256835938
2016-08-05,108.97167205810547
2016-08-08,108.85037994384766
2016-08-09,109.10234832763672
2016-08-10,108.8223876953125
2016-08-11,109.28897094726562
2016-08-12,109.36360168457031
2016-08-15,109.8301773071289
2016-08-16,109.22364044189453
2016-08-17,109.41959381103516
2016-08-18,109.44759368896484
2016-08-19,109.41959381103516
2016-08-22,109.50357055664062
2016-08-23,109.69953918457031
2016-08-24,108.9903335571289
2016-08-25,108.81306457519531
2016-08-26,108.97167205810547
2016-08-29,109.1209945678711
2016-08-30,108.76639556884766
2016-08-31,108.65442657470703
2016-09-01,108.93435668945312
2016-09-02,109.28897094726562
2016-09-06,109.97012329101562
2016-09-07,110.03545379638672
2016-09-08,109.39159393310547
2016-09-09,106.63885498046875
2016-09-12,108.5517807006836
2016-09-13,107.58132934570312
2016-09-14,108.09452819824219
2016-09-15,109.77418518066406
2016-09-16,109.72179412841797
2016-09-19,109.24470520019531
2016-09-20,109.45051574707031
2016-09-21,110.52632904052734
2016-09-22,111.4056625366211
2016-09-23,110.69469451904297
2016-09-26,109.7685546875
2016-09-27,110.85370635986328
2016-09-28,111.0407943725586
2016-09-29,110.2363052368164
2016-09-30,111.05953216552734
2016-10-03,110.90049743652344
2016-10-04,110.73211669921875
2016-10-05,111.12500762939453
2016-10-06,111.06886291503906
2016-10-07,110.82563781738281
2016-10-10,111.52728271484375
2016-10-11,109.93692016601562
2016-10-12,109.84339904785156
2016-10-13,109.45051574707031
2016-10-14,109.58148956298828
2016-10-17,109.28214263916016
2016-10-18,110.25502014160156
2016-10-19,110.24567413330078
2016-10-20,110.1147232055664
2016-10-21,110.52632904052734
2016-10-24,111.85469818115234
2016-10-25,111.49921417236328
2016-10-26,110.741455078125
2016-10-27,110.2363052368164
2016-10-28,109.5440673828125
2016-10-31,109.441162109375
2016-11-01,108.61795043945312
2016-11-02,107.74797058105469
2016-11-03,106.69084930419922
2016-11-04,106.31666564941406
2016-11-07,108.84245300292969
2016-11-08,109.55340576171875
2016-11-09,110.05857849121094
2016-11-10,108.28118133544922
2016-11-11,108.32792663574219
2016-11-14,107.23344421386719
2016-11-15,108.72087097167969
2016-11-16,109.36634063720703
2016-11-17,110.16146850585938
2016-11-18,109.74988555908203
2016-11-21,110.89115142822266
2016-11-22,111.2279052734375
2016-11-23,110.77888488769531
2016-11-25,111.13436889648438
2016-11-28,110.88176727294922
2016-11-29,111.26534271240234
2016-11-30,109.91825103759766
2016-12-01,108.01924896240234
2016-12-02,108.23438262939453
2016-12-05,109.0763168334961
2016-12-06,109.33827209472656
2016-12-07,110.7227554321289
2016-12-08,110.91922760009766
2016-12-09,111.78919982910156
2016-12-12,111.28407287597656
2016-12-13,112.68728637695312
2016-12-14,112.4533920288086
2016-12-15,112.63115692138672
2016-12-16,112.21363830566406
2016-12-19,112.67335510253906
2016-12-20,113.10494995117188
2016-12-21,113.02050018310547
2016-12-22,112.70148468017578
2016-12-23,112.77656555175781
2016-12-27,113.3582763671875
2016-12-28,112.476318359375
2016-12-29,112.31680297851562
2016-12-30,111.16278839111328
2017-01-03,112.1573486328125
2017-01-04,112.7671890258789
2017-01-05,113.40518188476562
2017-01-06,114.39970397949219
2017-01-09,114.77500915527344
2017-01-10,115.02831268310547
2017-01-11,115.33794403076172
2017-01-12,115.1596908569336
2017-01-13,115.55375671386719
2017-01-17,115.20659637451172
2017-01-18,115.44116973876953
2017-01-19,115.3848648071289
2017-01-20,115.63818359375
2017-01-23,115.73202514648438
2017-01-24,116.51078033447266
2017-01-25,117.6835708618164
2017-01-26,117.8055419921875
2017-01-27,118.03071594238281
2017-01-30,117.1112289428711
2017-01-31,116.8766860961914
2017-02-01,117.6835708618164
2017-02-02,117.5803451538086
2017-02-03,117.91814422607422
2017-02-06,118.0588607788086
2017-02-07,118.49040985107422
2017-02-08,118.68746948242188
2017-02-09,119.11905670166016
2017-02-10,119.51311492919922
2017-02-13,120.18863677978516
2017-02-14,120.59210205078125
2017-02-15,121.30513000488281
2017-02-16,121.26763153076172
2017-02-17,121.79305267333984
2017-02-21,122.3935317993164
2017-02-22,122.44039916992188
2017-02-23,121.98069763183594
2017-02-24,122.21524810791016
2017-02-27,122.36536407470703
2017-02-28,121.99010467529297
2017-03-01,123.32238006591797
2017-03-02,122.703125
2017-03-03,122.92833709716797
2017-03-06,122.65623474121094
2017-03-07,122.44981384277344
2017-03-08,122.66563415527344
2017-03-09,122.75946044921875
2017-03-10,123.27547454833984
2017-03-13,123.48191833496094
2017-03-14,123.18164825439453
2017-03-15,123.94163513183594
2017-03-16,123.85716247558594
2017-03-17,123.81395721435547
2017-03-20,123.92678833007812
2017-03-21,122.04637908935547
2017-03-22,122.87374877929688
2017-03-23,122.56349182128906
2017-03-24,122.81734466552734
2017-03-27,123.0147933959961
2017-03-28,123.76695251464844
2017-03-29,124.3404312133789
2017-03-30,124.54728698730469
2017-03-31,124.4626693725586
2017-04-03,124.38744354248047
2017-04-04,124.58486938476562
2017-04-05,124.07719421386719
2017-04-06,124.14298248291016
2017-04-07,124.07719421386719
2017-04-10,124.12422943115234
2017-04-11,123.5882797241211
2017-04-12,123.09001922607422
2017-04-13,122.6010971069336
2017-04-17,123.61648559570312
2017-04-18,123.42847442626953
2017-04-19,123.62593078613281
2017-04-20,124.6601333618164
2017-04-21,124.63191223144531
2017-04-24,126.13619995117188
2017-04-25,127.04817962646484
2017-04-26,126.86956787109375
2017-04-27,127.63105773925781
2017-04-28,127.85677337646484
2017-05-01,128.99436950683594
2017-05-02,129.21058654785156
2017-05-03,128.7969512939453
2017-05-04,128.8439483642578
2017-05-05,129.31407165527344
2017-05-08,129.59613037109375
2017-05-09,130.0474395751953
2017-05-10,130.1226348876953
2017-05-11,130.01919555664062
2017-05-12,130.31063842773438
2017-05-15,130.7243194580078
2017-05-16,131.26968383789062
2017-05-17,127.93199920654297
2017-05-18,129.05078125
2017-05-19,129.59613037109375
2017-05-22,130.6867218017578
2017-05-23,130.8183135986328
2017-05-24,131.42015075683594
2017-05-25,132.53890991210938
2017-05-26,132.7739715576172
2017-05-30,132.8867645263672
2017-05-31,132.8397979736328
2017-06-01,133.35694885253906
2017-06-02,134.8800048828125
2017-06-05,134.8517608642578
2017-06-06,134.31588745117188
2017-06-07,134.84237670898438
2017-06-08,134.98342895507812
2017-06-09,131.6081085205078
2017-06-12,130.9029998779297
2017-06-13,131.96542358398438
2017-06-14,131.39190673828125
2017-06-15,130.80897521972656
2017-06-16,130.2414093017578
2017-06-19,132.41917419433594
2017-06-20,131.38217163085938
2017-06-21,132.68319702148438
2017-06-22,132.64544677734375
2017-06-23,133.15451049804688
2017-06-26,132.53236389160156
2017-06-27,130.12826538085938
2017-06-28,132.0044403076172
2017-06-29,129.71351623535156
2017-06-30,129.76065063476562
2017-07-03,128.3936309814453
2017-07-05,129.6569061279297
2017-07-06,128.4879150390625
2017-07-07,129.87371826171875
2017-07-10,130.72225952148438
2017-07-11,131.0899200439453
2017-07-12,132.64544677734375
2017-07-13,132.93775939941406
2017-07-14,133.9841766357422
2017-07-17,134.05015563964844
2017-07-18,134.94573974609375
2017-07-19,135.73765563964844
2017-07-20,135.91683959960938
2017-07-21,135.86024475097656
2017-07-24,136.48245239257812
2017-07-25,136.1336669921875
2017-07-26,136.5767364501953
2017-07-27,135.71885681152344
2017-07-28,135.60569763183594
2017-07-31,135.03060913085938
2017-08-01,135.34176635742188
2017-08-02,135.70941162109375
2017-08-03,135.18145751953125
2017-08-04,135.42657470703125
2017-08-07,136.2845001220703
2017-08-08,136.048828125
2017-08-09,135.86964416503906
2017-08-10,132.95654296875
2017-08-11,133.96534729003906
2017-08-14,135.6905517578125
2017-08-15,135.78485107421875
2017-08-16,136.0205078125
2017-08-17,133.2394256591797
2017-08-18,133.1450958251953
2017-08-21,132.9753875732422
2017-08-22,135.00234985351562
2017-08-23,134.52154541015625
2017-08-24,134.1255645751953
2017-08-25,133.84278869628906
2017-08-28,134.257568359375
2017-08-29,134.7854766845703
2017-08-30,136.36935424804688
2017-08-31,137.83058166503906
2017-09-01,137.64205932617188
2017-09-05,136.40704345703125
2017-09-06,136.82188415527344
2017-09-07,137.14239501953125
2017-09-08,135.95452880859375
2017-09-11,137.5194854736328
2017-09-12,137.8494110107422
2017-09-13,138.0380096435547
2017-09-14,137.22723388671875
2017-09-15,137.69854736328125
2017-09-18,137.51815795898438
2017-09-19,137.75436401367188
2017-09-20,137.32919311523438
2017-09-21,136.48829650878906
2017-09-22,136.3560333251953
2017-09-25,134.91990661621094
2017-09-26,135.26947021484375
2017-09-27,136.48829650878906
2017-09-28,136.4410400390625
2017-09-29,137.4236602783203
2017-10-02,137.54647827148438
2017-10-03,137.83938598632812
2017-10-04,137.97171020507812
2017-10-05,139.32278442382812
2017-10-06,139.51173400878906
2017-10-09,139.3511199951172
2017-10-10,139.4550323486328
2017-10-11,139.87075805664062
2017-10-12,139.6156768798828
2017-10-13,140.1542205810547
2017-10-16,140.63597106933594
2017-10-17,140.81556701660156
2017-10-18,140.64552307128906
2017-10-19,140.1258087158203
2017-10-20,140.5037384033203
2017-10-23,139.58734130859375
2017-10-24,139.82347106933594
2017-10-25,139.2943878173828
2017-10-26,138.85032653808594
2017-10-27,142.8941650390625
2017-10-30,143.2153778076172
2017-10-31,143.75389099121094
2017-11-01,143.70669555664062
2017-11-02,143.43267822265625
2017-11-03,144.81219482421875
2017-11-06,145.3034210205078
2017-11-07,145.38853454589844
2017-11-08,145.97422790527344
2017-11-09,145.20896911621094
2017-11-10,145.19952392578125
2017-11-13,145.37901306152344
2017-11-14,144.84996032714844
2017-11-15,144.16966247558594
2017-11-16,146.01205444335938
2017-11-17,145.4546661376953
2017-11-20,145.3412628173828
2017-11-21,146.91909790039062
2017-11-22,147.09860229492188
2017-11-24,147.6371307373047
2017-11-27,147.5709991455078
2017-11-28,147.94891357421875
2017-11-29,145.36953735351562
2017-11-30,146.58843994140625
2017-12-01,145.96485900878906
2017-12-04,144.28305053710938
2017-12-05,144.3775177001953
2017-12-06,145.02944946289062
2017-12-07,145.5207977294922
2017-12-08,146.1632080078125
2017-12-11,147.29702758789062
2017-12-12,147.09860229492188
2017-12-13,147.382080078125
2017-12-14,147.2781219482422
2017-12-15,148.95037841796875
2017-12-18,150.19924926757812
2017-12-19,149.3092803955078
2017-12-20,149.1483154296875
2017-12-21,149.167236328125
2017-12-22,148.99681091308594
2017-12-26,148.19203186035156
2017-12-27,148.21096801757812
2017-12-28,148.390869140625
2017-12-29,147.47250366210938
2018-01-02,150.0572052001953
2018-01-03,151.51527404785156
2018-01-04,151.78038024902344
2018-01-05,153.30471801757812
2018-01-08,153.9012451171875
2018-01-09,153.91067504882812
2018-01-10,153.55087280273438
2018-01-11,154.6018524169922
2018-01-12,155.7379913330078
2018-01-16,155.29299926757812
2018-01-17,156.96884155273438
2018-01-18,156.99728393554688
2018-01-19,157.48960876464844
2018-01-22,159.17489624023438
2018-01-23,160.4909210205078
2018-01-24,159.44943237304688
2018-01-25,159.392578125
2018-01-26,161.83529663085938
2018-01-29,161.04946899414062
2018-01-30,159.72401428222656
2018-01-31,160.3867645263672
2018-02-01,159.02337646484375
2018-02-02,155.85165405273438
2018-02-05,149.70692443847656
2018-02-06,153.67401123046875
2018-02-07,151.68576049804688
2018-02-08,145.2854461669922
2018-02-09,147.79444885253906
2018-02-12,150.41697692871094
2018-02-13,151.19338989257812
2018-02-14,154.0242462158203
2018-02-15,156.88363647460938
2018-02-16,156.18299865722656
2018-02-20,156.4954376220703
2018-02-21,156.0504608154297
2018-02-22,156.03152465820312
2018-02-23,159.22222900390625
2018-02-26,161.33355712890625
2018-02-27,159.33583068847656
2018-02-28,158.3132781982422
2018-03-01,155.72853088378906
2018-03-02,157.15821838378906
2018-03-05,158.90029907226562
2018-03-06,159.572509765625
2018-03-07,159.94171142578125
2018-03-08,160.822265625
2018-03-09,163.94668579101562
2018-03-12,164.81773376464844
2018-03-13,162.57388305664062
2018-03-14,162.54544067382812
2018-03-15,162.4033966064453
2018-03-16,161.9205780029297
2018-03-19,158.46583557128906
2018-03-20,158.9873809814453
2018-03-21,158.29510498046875
2018-03-22,154.3880157470703
2018-03-23,150.31967163085938
2018-03-26,155.9052734375
2018-03-27,150.8602294921875
2018-03-28,149.12478637695312
2018-03-29,151.85589599609375
2018-04-02,147.4746551513672
2018-04-03,149.1342010498047
2018-04-04,151.4861297607422
2018-04-05,152.34909057617188
2018-04-06,148.53677368164062
2018-04-09,149.57998657226562
2018-04-10,152.88015747070312
2018-04-11,151.99819946289062
2018-04-12,153.82847595214844
2018-04-13,153.0319061279297
2018-04-16,154.19830322265625
2018-04-17,157.5174560546875
2018-04-18,157.83985900878906
2018-04-19,156.3889617919922
2018-04-20,153.91383361816406
2018-04-23,153.5249786376953
2018-04-24,150.2722625732422
2018-04-25,150.45242309570312
2018-04-26,153.61985778808594
2018-04-27,153.7146453857422
2018-04-30,152.6240997314453
2018-05-01,154.36900329589844
2018-05-02,153.4586181640625
2018-05-03,153.43968200683594
2018-05-04,156.3510284423828
2018-05-07,157.65023803710938
2018-05-08,157.489013671875
2018-05-09,159.2054901123047
2018-05-10,160.85557556152344
2018-05-11,160.7039031982422
2018-05-14,160.97885131835938
2018-05-15,159.19601440429688
2018-05-16,160.2486572265625
2018-05-17,159.63223266601562
2018-05-18,158.80718994140625
2018-05-21,159.69857788085938
2018-05-22,159.48995971679688
2018-05-23,160.8365936279297
2018-05-24,160.7891845703125
2018-05-25,160.95040893554688
2018-05-29,160.23912048339844
2018-05-30,161.3866424560547
2018-05-31,161.2823486328125
2018-06-01,163.81434631347656
2018-06-04,165.2937774658203
2018-06-05,165.8058319091797
2018-06-06,166.7731475830078
2018-06-07,165.4170684814453
2018-06-08,165.42657470703125
2018-06-11,165.87228393554688
2018-06-12,166.7447509765625
2018-06-13,166.73519897460938
2018-06-14,168.42327880859375
2018-06-15,167.8352813720703
2018-06-18,167.7383575439453
2018-06-19,167.26318359375
2018-06-20,168.4511260986328
2018-06-21,166.98757934570312
2018-06-22,166.6168975830078
2018-06-25,162.86297607421875
2018-06-26,163.52830505371094
2018-06-27,161.304443359375
2018-06-28,162.6919403076172
2018-06-29,163.12908935546875
2018-07-02,164.22203063964844
2018-07-03,162.3212890625
2018-07-05,164.3360137939453
2018-07-06,166.8925323486328
2018-07-09,168.39407348632812
2018-07-10,168.5176239013672
2018-07-11,167.66232299804688
2018-07-12,170.55137634277344
2018-07-13,170.6939239501953
2018-07-16,170.2853240966797
2018-07-17,171.3212432861328
2018-07-18,170.99806213378906
2018-07-19,170.142822265625
2018-07-20,170.10475158691406
2018-07-23,170.64642333984375
2018-07-24,171.34971618652344
2018-07-25,173.74464416503906
2018-07-26,171.11207580566406
2018-07-27,168.802734375
2018-07-30,166.41732788085938
2018-07-31,167.6908721923828
2018-08-01,168.32754516601562
2018-08-02,170.61790466308594
2018-08-03,171.140625
2018-08-06,172.14808654785156
2018-08-07,172.77523803710938
2018-08-08,172.9843292236328
2018-08-09,172.87982177734375
2018-08-10,171.558837890625
2018-08-13,171.3686981201172
2018-08-14,172.44261169433594
2018-08-15,170.33282470703125
2018-08-16,170.8935546875
2018-08-17,170.93157958984375
2018-08-20,170.77952575683594
2018-08-21,171.40672302246094
2018-08-22,172.0719757080078
2018-08-23,171.82493591308594
2018-08-24,173.4215087890625
2018-08-27,175.18917846679688
2018-08-28,175.44570922851562
2018-08-29,177.47003173828125
2018-08-30,177.1564483642578
2018-08-31,177.38450622558594
2018-09-04,176.62420654296875
2018-09-05,174.3433380126953
2018-09-06,172.7847442626953
2018-09-07,172.1195068359375
2018-09-10,172.69923400878906
2018-09-11,174.0297393798828
2018-09-12,173.51651000976562
2018-09-13,175.36973571777344
2018-09-14,174.85659790039062
2018-09-17,172.3380889892578
2018-09-18,173.7636260986328
2018-09-19,173.63055419921875
2018-09-20,175.55032348632812
2018-09-21,174.59048461914062
2018-09-24,175.0760040283203
2018-09-25,175.31398010253906
2018-09-26,175.43775939941406
2018-09-27,176.92303466796875
2018-09-28,176.88494873046875
2018-10-01,177.24668884277344
2018-10-02,176.84681701660156
2018-10-03,177.03726196289062
2018-10-04,173.63836669921875
2018-10-05,171.51524353027344
2018-10-08,170.46798706054688
2018-10-09,171.02020263671875
2018-10-10,163.4988555908203
2018-10-11,161.470947265625
2018-10-12,165.9647216796875
2018-10-15,163.95579528808594
2018-10-16,168.72569274902344
2018-10-17,168.79232788085938
2018-10-18,164.87930297851562
2018-10-19,164.72702026367188
2018-10-22,165.57432556152344
2018-10-23,164.96499633789062
2018-10-24,157.41513061523438
2018-10-25,162.86090087890625
2018-10-26,158.6717987060547
2018-10-29,155.40621948242188
2018-10-30,157.96725463867188
2018-10-31,161.68040466308594
2018-11-01,163.81297302246094
2018-11-02,161.261474609375
2018-11-05,160.86158752441406
2018-11-06,162.08026123046875
2018-11-07,167.1642608642578
2018-11-08,166.0979766845703
2018-11-09,163.2988739013672
2018-11-12,158.35765075683594
2018-11-13,158.4909210205078
2018-11-14,157.2817840576172
2018-11-15,160.0332794189453
2018-11-16,159.4715576171875
2018-11-19,154.29234313964844
2018-11-20,151.53125
2018-11-21,152.6833038330078
2018-11-23,151.57894897460938
2018-11-26,155.08250427246094
2018-11-27,155.60618591308594
2018-11-28,160.61407470703125
2018-11-29,160.0903778076172
2018-11-30,161.251953125
2018-12-03,164.07008361816406
2018-12-04,157.77687072753906
2018-12-06,158.8908233642578
2018-12-07,153.64488220214844
2018-12-10,155.25389099121094
2018-12-11,155.76803588867188
2018-12-12,157.1390380859375
2018-12-13,157.18663024902344
2018-12-14,153.35928344726562
2018-12-17,149.88429260253906
2018-12-18,150.8267822265625
2018-12-19,147.12322998046875
2018-12-20,144.9906005859375
2018-12-21,140.4968719482422
2018-12-24,137.01278686523438
2018-12-26,145.56773376464844
2018-12-27,146.13107299804688
2018-12-28,146.05470275878906
2018-12-31,147.286376953125
2019-01-02,147.8783416748047
2019-01-03,143.04710388183594
2019-01-04,149.16729736328125
2019-01-07,150.94320678710938
2019-01-08,152.30862426757812
2019-01-09,153.5498046875
2019-01-10,153.989013671875
2019-01-11,153.42568969726562
2019-01-14,152.06991577148438
2019-01-15,155.03929138183594
2019-01-16,155.0106658935547
2019-01-17,156.23281860351562
2019-01-18,157.779541015625
2019-01-22,154.61912536621094
2019-01-23,154.81964111328125
2019-01-24,155.822265625
2019-01-25,157.68405151367188
2019-01-28,155.73629760742188
2019-01-29,154.265869140625
2019-01-30,158.19015502929688
2019-01-31,160.5580291748047
2019-02-01,159.88006591796875
2019-02-04,161.8660430908203
2019-02-05,163.29823303222656
2019-02-06,162.811279296875
2019-02-07,160.62481689453125
2019-02-08,160.93988037109375
2019-02-11,160.78712463378906
2019-02-12,163.16461181640625
2019-02-13,163.2791748046875
2019-02-14,163.47964477539062
2019-02-15,164.16708374023438
2019-02-19,164.4917449951172
2019-02-20,164.46311950683594
2019-02-21,163.86154174804688
2019-02-22,165.07418823242188
2019-02-25,165.67568969726562
2019-02-26,165.84754943847656
2019-02-27,165.74253845214844
2019-02-28,165.36061096191406
2019-03-01,166.50636291503906
2019-03-04,166.53497314453125
2019-03-05,166.6591796875
2019-03-06,165.71389770507812
2019-03-07,163.68017578125
2019-03-08,163.43191528320312
2019-03-11,166.83099365234375
2019-03-12,167.74761962890625
2019-03-13,169.00791931152344
2019-03-14,168.7214813232422
2019-03-15,170.2873077392578
2019-03-18,170.69288635253906
2019-03-19,171.26686096191406
2019-03-20,171.94595336914062
2019-03-21,174.6338348388672
2019-03-22,170.79811096191406
2019-03-25,170.472900390625
2019-03-26,171.26686096191406
2019-03-27,170.16677856445312
2019-03-28,170.5589599609375
2019-03-29,171.85031127929688
2019-04-01,174.12680053710938
2019-04-02,174.7868194580078
2019-04-03,175.79119873046875
2019-04-04,175.72427368164062
2019-04-05,176.63299560546875
2019-04-08,177.08251953125
2019-04-09,176.4607696533203
2019-04-10,177.40777587890625
2019-04-11,176.98687744140625
2019-04-12,177.7521514892578
2019-04-15,177.78073120117188
2019-04-16,178.3929901123047
2019-04-17,179.01470947265625
2019-04-18,179.24427795410156
2019-04-22,179.75123596191406
2019-04-23,182.03732299804688
2019-04-24,181.4634246826172
2019-04-25,182.199951171875
2019-04-26,182.362548828125
2019-04-29,182.71649169921875
2019-04-30,181.3008270263672
2019-05-01,180.7173309326172
2019-05-02,179.93299865722656
2019-05-03,182.80259704589844
2019-05-06,181.6833953857422
2019-05-07,178.14430236816406
2019-05-08,177.69471740722656
2019-05-09,176.7382049560547
2019-05-10,176.95814514160156
2019-05-13,170.81727600097656
2019-05-14,172.69204711914062
2019-05-15,175.13121032714844
2019-05-16,176.8911895751953
2019-05-17,175.08338928222656
2019-05-20,172.12770080566406
2019-05-21,173.92593383789062
2019-05-22,173.1511688232422
2019-05-23,170.50157165527344
2019-05-24,170.41551208496094
2019-05-28,169.774658203125
2019-05-29,168.3780975341797
2019-05-30,169.08592224121094
2019-05-31,166.3884735107422
2019-06-03,162.72503662109375
2019-06-04,167.30679321289062
2019-06-05,168.55027770996094
2019-06-06,169.889404296875
2019-06-07,173.1703338623047
2019-06-10,175.1885986328125
2019-06-11,175.4276580810547
2019-06-12,174.41380310058594
2019-06-13,175.44686889648438
2019-06-14,174.70074462890625
2019-06-17,175.75294494628906
2019-06-18,178.30686950683594
2019-06-19,178.9764404296875
2019-06-20,180.6408233642578
2019-06-21,180.37303161621094
2019-06-24,180.3787384033203
2019-06-25,177.2823028564453
2019-06-26,178.10675048828125
2019-06-27,178.78733825683594
2019-06-28,179.01747131347656
2019-07-01,181.43328857421875
2019-07-02,182.15225219726562
2019-07-03,183.52308654785156
2019-07-05,183.1492462158203
2019-07-08,181.86465454101562
2019-07-09,182.7753448486328
2019-07-10,184.59677124023438
2019-07-11,184.46253967285156
2019-07-12,185.5266876220703
2019-07-15,186.12103271484375
2019-07-16,185.16238403320312
2019-07-17,184.251708984375
2019-07-18,184.46253967285156
2019-07-19,183.11087036132812
2019-07-22,184.56800842285156
2019-07-23,185.77593994140625
2019-07-24,187.0796661376953
2019-07-25,185.30618286132812
2019-07-26,187.21388244628906
2019-07-29,186.5715789794922
2019-07-30,185.76629638671875
2019-07-31,183.19717407226562
2019-08-01,182.2864227294922
2019-08-02,179.6022491455078
2019-08-05,173.25601196289062
2019-08-06,175.68138122558594
2019-08-07,176.63046264648438
2019-08-08,180.47457885742188
2019-08-09,178.77783203125
2019-08-12,176.7262725830078
2019-08-13,180.59927368164062
2019-08-14,175.2020721435547
2019-08-15,175.00076293945312
2019-08-16,177.8095703125
2019-08-19,180.63755798339844
2019-08-20,179.2379608154297
2019-08-21,180.8292694091797
2019-08-22,180.2445526123047
2019-08-23,174.5406036376953
2019-08-26,177.17686462402344
2019-08-27,176.80299377441406
2019-08-28,177.4357147216797
2019-08-29,180.14866638183594
2019-08-30,179.71726989746094
2019-09-03,177.97251892089844
2019-09-04,180.54173278808594
2019-09-05,183.84906005859375
2019-09-06,183.66688537597656
2019-09-09,183.283447265625
2019-09-10,182.75619506835938
2019-09-11,184.47215270996094
2019-09-12,185.23907470703125
2019-09-13,184.5775909423828
2019-09-16,183.753173828125
2019-09-17,184.63516235351562
2019-09-18,184.5584716796875
2019-09-19,184.8651885986328
2019-09-20,182.9095458984375
2019-09-23,182.99024963378906
2019-09-24,180.5600128173828
2019-09-25,182.58682250976562
2019-09-26,181.91441345214844
2019-09-27,179.65704345703125
2019-09-30,181.36688232421875
2019-10-01,179.8876190185547
2019-10-02,176.79454040527344
2019-10-03,178.73489379882812
2019-10-04,181.36688232421875
2019-10-07,180.81935119628906
2019-10-08,178.11053466796875
2019-10-09,179.8491668701172
2019-10-10,181.2419891357422
2019-10-11,183.5762176513672
2019-10-14,183.55699157714844
2019-10-15,185.8911895751953
2019-10-16,185.43008422851562
2019-10-17,185.92002868652344
2019-10-18,184.13331604003906
2019-10-21,185.76629638671875
2019-10-22,184.28707885742188
2019-10-23,184.6424102783203
2019-10-24,186.43873596191406
2019-10-25,187.92767333984375
2019-10-28,189.78155517578125
2019-10-29,188.31185913085938
2019-10-30,189.2244110107422
2019-10-31,189.31085205078125
2019-11-01,191.03025817871094
2019-11-04,192.21177673339844
2019-11-05,192.3174591064453
2019-11-06,191.88522338867188
2019-11-07,192.52877807617188
2019-11-08,193.29727172851562
2019-11-11,193.03787231445312
2019-11-12,193.59500122070312
2019-11-13,193.64306640625
2019-11-14,193.4893035888672
2019-11-15,194.91102600097656
2019-11-18,195.06475830078125
2019-11-19,195.3529052734375
2019-11-20,194.1809844970703
2019-11-21,193.74871826171875
2019-11-22,193.87364196777344
2019-11-25,196.16940307617188
2019-11-26,196.54403686523438
2019-11-27,197.9176483154297
2019-11-29,197.01470947265625
2019-12-02,194.9975128173828
2019-12-03,193.47015380859375
2019-12-04,194.449951171875
2019-12-05,194.83416748046875
2019-12-06,196.9186248779297
2019-12-09,196.0253143310547
2019-12-10,195.86199951171875
2019-12-11,196.89942932128906
2019-12-12,198.36911010742188
2019-12-13,199.02230834960938
2019-12-16,201.02035522460938
2019-12-17,201.1355743408203
2019-12-18,201.28924560546875
2019-12-19,202.5476531982422
2019-12-20,203.3641357421875
2019-12-23,203.90130615234375
2019-12-24,204.0072021484375
2019-12-26,205.807373046875
2019-12-27,205.63409423828125
2019-12-30,204.28634643554688
2019-12-31,204.67141723632812
2020-01-02,208.0888671875
2020-01-03,206.18280029296875
2020-01-06,207.5112762451172
2020-01-07,207.482421875
2020-01-08,209.04188537597656
2020-01-09,210.81321716308594
2020-01-10,210.27413940429688
2020-01-13,212.7000274658203
2020-01-14,211.86251831054688
2020-01-15,211.9491424560547
2020-01-16,213.98033142089844
2020-01-17,215.03929138183594
2020-01-21,214.9429931640625
2020-01-22,215.51101684570312
2020-01-23,216.20407104492188
2020-01-24,214.38465881347656
2020-01-27,209.95640563964844
2020-01-28,213.18133544921875
2020-01-29,213.52792358398438
2020-01-30,214.28836059570312
2020-01-31,210.89022827148438
2020-02-03,214.07662963867188
2020-02-04,218.97657775878906
2020-02-05,219.69857788085938
2020-02-06,221.59500122070312
2020-02-07,220.6419677734375
2020-02-10,223.30856323242188
2020-02-11,223.34707641601562
2020-02-12,225.52264404296875
2020-02-13,225.23387145996094
2020-02-14,225.87884521484375
2020-02-18,225.96548461914062
2020-02-19,228.1314697265625
2020-02-20,226.01364135742188
2020-02-21,221.6719970703125
2020-02-24,213.12362670898438
2020-02-25,207.328369140625
2020-02-26,208.39694213867188
2020-02-27,197.96165466308594
2020-02-28,198.11569213867188
2020-03-02,208.33914184570312
2020-03-03,201.6582794189453
2020-03-04,210.07196044921875
2020-03-05,203.6895294189453
2020-03-06,200.25282287597656
2020-03-09,186.34231567382812
2020-03-10,196.48876953125
2020-03-11,187.93075561523438
2020-03-12,170.69911193847656
2020-03-13,185.1582794189453
2020-03-16,162.9785919189453
2020-03-17,175.3391571044922
2020-03-18,170.00599670410156
2020-03-19,171.02638244628906
2020-03-20,164.32626342773438
2020-03-23,164.44493103027344
2020-03-24,177.17916870117188
2020-03-25,175.86712646484375
2020-03-26,185.1283721923828
2020-03-27,178.76132202148438
2020-03-30,185.26339721679688
2020-03-31,183.68133544921875
2020-04-01,175.87681579589844
2020-04-02,179.44619750976562
2020-04-03,176.8993377685547
2020-04-06,189.54676818847656
2020-04-07,189.46957397460938
2020-04-08,193.492431640625
2020-04-09,193.77218627929688
2020-04-13,195.86566162109375
2020-04-14,204.38406372070312
2020-04-15,202.03977966308594
2020-04-16,205.72500610351562
2020-04-17,207.69302368164062
2020-04-20,205.2330322265625
2020-04-21,197.6599884033203
2020-04-22,203.5254669189453
2020-04-23,203.09133911132812
2020-04-24,206.29421997070312
2020-04-27,207.95346069335938
2020-04-28,204.0367889404297
2020-04-29,211.27207946777344
2020-04-30,211.18527221679688
2020-05-01,205.2330322265625
2020-05-04,207.62548828125
2020-05-05,209.97938537597656
2020-05-06,211.27207946777344
2020-05-07,213.9926300048828
2020-05-08,216.92529296875
2020-05-11,218.86436462402344
2020-05-12,214.28199768066406
2020-05-13,211.60008239746094
2020-05-14,214.0022735595703
2020-05-15,215.3914337158203
2020-05-18,219.40463256835938
2020-05-19,218.854736328125
2020-05-20,223.224853515625
2020-05-21,220.79379272460938
2020-05-22,221.5559539794922
2020-05-26,220.9578094482422
2020-05-27,222.16372680664062
2020-05-28,221.87429809570312
2020-05-29,225.1253662109375
2020-06-01,225.80068969726562
2020-06-02,227.31527709960938
2020-06-03,228.33787536621094
2020-06-04,226.7364044189453
2020-06-05,231.2320098876953
2020-06-08,233.02635192871094
2020-06-09,234.71461486816406
2020-06-10,237.5315399169922
2020-06-11,225.76205444335938
2020-06-12,227.5564727783203
2020-06-15,230.32516479492188
2020-06-16,234.280517578125
2020-06-17,235.0233154296875
2020-06-18,235.6600341796875
2020-06-19,235.6214599609375
2020-06-22,238.44715881347656
2020-06-23,240.47657775878906
2020-06-24,235.51902770996094
2020-06-25,237.7610321044922
2020-06-26,232.14633178710938
2020-06-29,234.67828369140625
2020-06-30,239.27825927734375
2020-07-01,242.0711669921875
2020-07-02,243.71401977539062
2020-07-06,249.70570373535156
2020-07-07,247.9854278564453
2020-07-08,251.2518768310547
2020-07-09,253.36819458007812
2020-07-10,255.0980987548828
2020-07-13,249.8505401611328
2020-07-14,251.61911010742188
2020-07-15,252.13128662109375
2020-07-16,250.4110870361328
2020-07-17,250.70108032226562
2020-07-20,257.8135986328125
2020-07-21,255.12705993652344
2020-07-22,256.0258483886719
2020-07-23,249.33837890625
2020-07-24,246.97071838378906
2020-07-27,251.3774871826172
2020-07-28,248.1787109375
2020-07-29,251.0391845703125
2020-07-30,252.353515625
2020-07-31,256.85693359375
2020-08-03,260.3262634277344
2020-08-04,261.2926940917969
2020-08-05,261.94012451171875
2020-08-06,265.40948486328125
2020-08-07,262.3459777832031
2020-08-10,261.22503662109375
2020-08-11,256.277099609375
2020-08-12,262.72283935546875
2020-08-13,263.3221130371094
2020-08-14,263.012939453125
2020-08-17,266.0666198730469
2020-08-18,268.6275939941406
2020-08-19,266.8203430175781
2020-08-20,270.5216979980469
2020-08-21,272.396484375
2020-08-24,274.0972900390625
2020-08-25,276.25225830078125
2020-08-26,282.14739990234375
2020-08-27,281.2679138183594
2020-08-28,282.6982116699219
2020-08-31,284.9692687988281
2020-09-01,289.83990478515625
2020-09-02,292.5843505859375
2020-09-03,277.7502746582031
2020-09-04,274.0489807128906
2020-09-08,260.87713623046875
2020-09-09,268.5405578613281
2020-09-10,263.18670654296875
2020-09-11,261.3603210449219
2020-09-14,265.9119567871094
2020-09-15,269.680908203125
2020-09-16,265.3804626464844
2020-09-17,261.2346496582031
2020-09-18,257.900634765625
2020-09-21,258.51910400390625
2020-09-22,263.3221130371094
2020-09-23,255.28173828125
2020-09-24,256.47027587890625
2020-09-25,262.4329528808594
2020-09-28,267.88336181640625
2020-09-29,266.67547607421875
2020-09-30,268.501953125
2020-10-01,272.763671875
2020-10-02,265.09063720703125
2020-10-05,270.7439880371094
2020-10-06,265.9119567871094
2020-10-07,270.5120544433594
2020-10-08,271.9519348144531
2020-10-09,276.1073913574219
2020-10-12,284.6310119628906
2020-10-13,284.621337890625
2020-10-14,282.2441101074219
2020-10-15,280.349853515625
2020-10-16,278.8133239746094
2020-10-19,274.2615661621094
2020-10-20,274.85107421875
2020-10-21,274.63848876953125
2020-10-22,274.6288757324219
2020-10-23,275.1700439453125
2020-10-26,271.0434875488281
2020-10-27,273.15997314453125
2020-10-28,262.5102844238281
2020-10-29,267.1007080078125
2020-10-30,260.3262634277344
2020-11-02,260.9061584472656
2020-11-03,265.4190979003906
2020-11-04,277.26708984375
2020-11-05,284.4956970214844
2020-11-06,284.70831298828125
2020-11-09,278.89056396484375
2020-11-10,273.8943786621094
2020-11-11,280.0212707519531
2020-11-12,278.70697021484375
2020-11-13,281.1519470214844
2020-11-16,283.3456726074219
2020-11-17,282.4468994140625
2020-11-18,280.3594970703125
2020-11-19,282.5531311035156
2020-11-20,280.62042236328125
2020-11-23,280.6301574707031
2020-11-24,284.57293701171875
2020-11-25,286.3221435546875
2020-11-27,288.9604187011719
2020-11-30,289.5499267578125
2020-12-01,293.26080322265625
2020-12-02,293.6377258300781
2020-12-03,294.0532531738281
2020-12-04,295.2515563964844
2020-12-07,296.92352294921875
2020-12-08,297.9285583496094
2020-12-09,291.18304443359375
2020-12-10,292.3524475097656
2020-12-11,291.7049560546875
2020-12-14,293.8213195800781
2020-12-15,296.962158203125
2020-12-16,298.5953674316406
2020-12-17,300.54736328125
2020-12-18,299.6390075683594
2020-12-21,299.0784912109375
2020-12-22,299.8916931152344
2020-12-23,298.38140869140625
2020-12-24,299.69805908203125
2020-12-28,302.7185974121094
2020-12-29,302.9897766113281
2020-12-30,302.9994812011719
2020-12-31,303.74493408203125
2021-01-04,299.4560546875
2021-01-05,301.9247741699219
2021-01-06,297.7424621582031
2021-01-07,304.9454650878906
2021-01-08,308.86639404296875
2021-01-11,304.4033203125
2021-01-12,303.9191589355469
2021-01-13,305.9715881347656
2021-01-14,304.33544921875
2021-01-15,301.9247741699219
2021-01-19,306.32977294921875
2021-01-20,313.45538330078125
2021-01-21,315.9627990722656
2021-01-22,315.0527648925781
2021-01-25,317.6571044921875
2021-01-26,318.12176513671875
2021-01-27,309.2535705566406
2021-01-28,311.0834655761719
2021-01-29,304.5387268066406
2021-02-01,312.1483459472656
2021-02-02,317.24078369140625
2021-02-03,315.9822082519531
2021-02-04,319.71923828125
2021-02-05,320.8035888671875
2021-02-08,322.95281982421875
2021-02-09,322.88507080078125
2021-02-10,322.1493225097656
2021-02-11,323.9209289550781
2021-02-12,325.7314453125
2021-02-16,324.850341796875
2021-02-17,323.2916564941406
2021-02-18,321.878173828125
2021-02-19,320.47442626953125
2021-02-22,312.16766357421875
2021-02-23,311.2382507324219
2021-02-24,313.8038635253906
2021-02-25,302.86395263671875
2021-02-26,304.1321716308594
2021-03-01,313.2811584472656
2021-03-02,308.2564697265625
2021-03-03,299.310791015625
2021-03-04,294.41204833984375
2021-03-05,298.8460388183594
2021-03-08,290.384521484375
2021-03-09,301.8376770019531
2021-03-10,300.9760437011719
2021-03-11,307.9079284667969
2021-03-12,305.4100646972656
2021-03-15,308.6727294921875
2021-03-16,310.36700439453125
2021-03-17,311.6449279785156
2021-03-18,302.0989990234375
2021-03-19,303.1640625
2021-03-22,308.84942626953125
2021-03-23,307.5019836425781
2021-03-24,302.3157958984375
2021-03-25,301.7924499511719
2021-03-26,306.3193054199219
2021-03-29,306.2320861816406
2021-03-30,304.6907958984375
2021-03-31,309.3533935546875
2021-04-01,314.62677001953125
2021-04-05,320.9082336425781
2021-04-06,320.685302734375
2021-04-07,321.4607849121094
2021-04-08,324.81475830078125
2021-04-09,326.7825622558594
2021-04-12,326.3560791015625
2021-04-13,330.1656494140625
2021-04-14,326.2010192871094
2021-04-15,331.1447448730469
2021-04-16,331.53253173828125
2021-04-19,328.4983825683594
2021-04-20,326.1040344238281
2021-04-21,328.8957824707031
2021-04-22,324.9311218261719
2021-04-23,329.0218505859375
2021-04-26,331.16412353515625
2021-04-27,329.7294616699219
2021-04-28,328.6147155761719
2021-04-29,329.79730224609375
2021-04-30,327.63568115234375
2021-05-03,325.8907165527344
2021-05-04,320.026123046875
2021-05-05,318.9500427246094
2021-05-06,321.3541259765625
2021-05-07,323.96173095703125
2021-05-10,315.78021240234375
2021-05-11,315.3441467285156
2021-05-12,307.1820373535156
2021-05-13,309.5570373535156
2021-05-14,316.3908996582031
2021-05-17,314.4717102050781
2021-05-18,312.3487243652344
2021-05-19,312.7074279785156
2021-05-20,318.7562561035156
2021-05-21,316.99200439453125
2021-05-24,322.32354736328125
2021-05-25,322.76934814453125
2021-05-26,323.8939208984375
2021-05-27,322.6820983886719
2021-05-28,323.6999816894531
2021-06-01,322.6239929199219
2021-06-02,323.2541198730469
2021-06-03,319.8904113769531
2021-06-04,325.31878662109375
2021-06-07,326.2882385253906
2021-06-08,326.44329833984375
2021-06-09,326.5207824707031
2021-06-10,329.9233093261719
2021-06-11,330.78607177734375
2021-06-14,333.95587158203125
2021-06-15,331.7748107910156
2021-06-16,330.5631103515625
2021-06-17,334.7604675292969
2021-06-18,332.1335144042969
2021-06-21,334.19769287109375
2021-06-22,337.3129577636719
2021-06-23,337.4779357910156
2021-06-24,339.564453125
2021-06-25,339.1471862792969
2021-06-28,343.2718505859375
2021-06-29,344.5140380859375
2021-06-30,343.9704895019531
2021-07-01,344.1064147949219
2021-07-02,348.0562438964844
2021-07-06,349.5605773925781
2021-07-07,350.298095703125
2021-07-08,348.1824951171875
2021-07-09,350.35638427734375
2021-07-12,351.72479248046875
2021-07-13,351.72479248046875
2021-07-14,352.3555603027344
2021-07-15,349.88079833984375
2021-07-16,347.0469970703125
2021-07-19,344.20343017578125
2021-07-20,348.2018737792969
2021-07-21,350.8901062011719
2021-07-22,353.2095947265625
2021-07-23,357.334228515625
2021-07-26,357.6156311035156
2021-07-27,353.67535400390625
2021-07-28,355.0340881347656
2021-07-29,355.6650085449219
2021-07-30,353.8113098144531
2021-08-02,353.84033203125
2021-08-03,355.9851989746094
2021-08-04,356.49957275390625
2021-08-05,358.7607116699219
2021-08-06,357.1885681152344
2021-08-09,357.8485412597656
2021-08-10,356.01434326171875
2021-08-11,355.4028625488281
2021-08-12,356.6839599609375
2021-08-13,357.9358825683594
2021-08-16,358.0911865234375
2021-08-17,354.93707275390625
2021-08-18,351.52093505859375
2021-08-19,353.2192687988281
2021-08-20,356.87799072265625
2021-08-23,362.21575927734375
2021-08-24,363.3220520019531
2021-08-25,363.7393493652344
2021-08-26,361.4295959472656
2021-08-27,364.9427490234375
2021-08-30,369.03826904296875
2021-08-31,368.7374572753906
2021-09-01,369.3487854003906
2021-09-02,369.1741027832031
2021-09-03,370.3096008300781
2021-09-07,370.8336486816406
2021-09-08,369.54296875
2021-09-09,368.2715759277344
2021-09-10,365.4765930175781
2021-09-13,365.22418212890625
2021-09-14,364.1859130859375
2021-09-15,366.8934326171875
2021-09-16,367.14581298828125
2021-09-17,362.7980041503906
2021-09-20,355.301513671875
2021-09-21,355.7386169433594
2021-09-22,359.0614013671875
2021-09-23,362.3744201660156
2021-09-24,362.7144470214844
2021-09-27,359.8192138671875
2021-09-28,349.6372375488281
2021-09-29,349.0640563964844
2021-09-30,347.78155517578125
2021-10-01,349.9383850097656
2021-10-04,342.5933837890625
2021-10-05,347.218017578125
2021-10-06,349.44293212890625
2021-10-07,352.64898681640625
2021-10-08,350.8905334472656
2021-10-11,348.1993713378906
2021-10-12,346.9848937988281
2021-10-13,349.7635192871094
2021-10-14,356.2049255371094
2021-10-15,358.4493408203125
2021-10-18,362.0538024902344
2021-10-19,364.7936706542969
2021-10-20,364.3175048828125
2021-10-21,366.54241943359375
2021-10-22,363.4626159667969
2021-10-25,367.18359375
2021-10-26,368.33984375
2021-10-27,369.1947326660156
2021-10-28,373.2947692871094
2021-10-29,375.1310729980469
2021-11-01,376.4135437011719
2021-11-02,377.9875183105469
2021-11-03,382.00006103515625
2021-11-04,386.896728515625
2021-11-05,387.265869140625
2021-11-08,386.7412414550781
2021-11-09,384.07916259765625
2021-11-10,378.4344177246094
2021-11-11,379.4836730957031
2021-11-12,383.476806640625
2021-11-15,383.38934326171875
2021-11-16,386.1195068359375
2021-11-17,386.3235168457031
2021-11-18,390.3263854980469
2021-11-19,392.502685546875
2021-11-22,387.9460144042969
2021-11-23,386.1778259277344
2021-11-24,387.42138671875
2021-11-26,380.076416015625
2021-11-29,388.3249206542969
2021-11-30,382.6218566894531
2021-12-01,376.1123352050781
2021-12-02,378.822998046875
2021-12-03,372.23577880859375
2021-12-06,375.21856689453125
2021-12-07,386.5178527832031
2021-12-08,388.2471618652344
2021-12-09,382.5343933105469
2021-12-10,386.6926574707031
2021-12-13,381.1062316894531
2021-12-14,377.16162109375
2021-12-15,385.760009765625
2021-12-16,375.8403015136719
2021-12-17,373.9652099609375
2021-12-20,370.33758544921875
2021-12-21,378.62591552734375
2021-12-22,383.23699951171875
2021-12-23,386.126220703125
2021-12-27,392.5078125
2021-12-28,390.6886901855469
2021-12-29,390.6303405761719
2021-12-30,389.4629211425781
2021-12-31,387.0309753417969
2022-01-03,390.7566833496094
2022-01-04,385.6885070800781
2022-01-05,373.83966064453125
2022-01-06,373.57708740234375
2022-01-07,369.5301208496094
2022-01-10,369.77337646484375
2022-01-11,375.328125
2022-01-12,376.8164978027344
2022-01-13,367.3899841308594
2022-01-14,369.6761779785156
2022-01-18,360.473388671875
2022-01-19,356.51397705078125
2022-01-20,351.8835144042969
2022-01-21,342.1261901855469
2022-01-24,343.6924133300781
2022-01-25,335.7251281738281
2022-01-26,335.1998291015625
2022-01-27,331.82421875
2022-01-28,342.2331848144531
2022-01-31,353.17724609375
2022-02-01,355.58013916015625
2022-02-02,358.4693298339844
2022-02-03,343.93560791015625
2022-02-04,348.2743225097656
2022-02-07,345.47271728515625
2022-02-08,349.35418701171875
2022-02-09,356.7572326660156
2022-02-10,348.6828918457031
2022-02-11,337.6221008300781
2022-02-14,338.0404357910156
2022-02-15,346.4454040527344
2022-02-16,346.3579406738281
2022-02-17,336.0559387207031
2022-02-18,332.2230224609375
2022-02-22,328.88629150390625
2022-02-23,320.46185302734375
2022-02-24,331.2307434082031
2022-02-25,336.3672180175781
2022-02-28,337.36920166015625
2022-03-01,332.2035827636719
2022-03-02,337.77777099609375
2022-03-03,332.95263671875
2022-03-04,328.1275329589844
2022-03-07,316.0257568359375
2022-03-08,314.556884765625
2022-03-09,325.8803405761719
2022-03-10,322.2615051269531
2022-03-11,315.5782775878906
2022-03-14,309.51776123046875
2022-03-15,319.226318359375
2022-03-16,331.0654296875
2022-03-17,335.0733642578125
2022-03-18,341.93170166015625
2022-03-21,340.98095703125
2022-03-22,347.6821594238281
2022-03-23,342.6854553222656
2022-03-24,350.3022766113281
2022-03-25,350.0101013183594
2022-03-28,355.4255676269531
2022-03-29,361.542236328125
2022-03-30,357.5488586425781
2022-03-31,353.1171875
2022-04-01,352.4450988769531
2022-04-04,359.70147705078125
2022-04-05,351.7146301269531
2022-04-06,344.078369140625
2022-04-07,344.89654541015625
2022-04-08,340.0751953125
2022-04-11,332.02996826171875
2022-04-12,330.62738037109375
2022-04-13,337.3479919433594
2022-04-14,329.6338195800781
2022-04-18,329.88702392578125
2022-04-19,337.2603454589844
2022-04-20,332.3415832519531
2022-04-21,325.46502685546875
2022-04-22,316.94244384765625
2022-04-25,321.0137634277344
2022-04-26,308.8971862792969
2022-04-27,308.5270690917969
2022-04-28,319.48468017578125
2022-04-29,305.108154296875
2022-05-02,310.2023620605469
2022-05-03,310.5335998535156
2022-05-04,321.0333557128906
2022-05-05,304.86480712890625
2022-05-06,301.2121887207031
2022-05-09,289.4267272949219
2022-05-10,292.94287109375
2022-05-11,284.2547607421875
2022-05-12,283.5827331542969
2022-05-13,294.09228515625
2022-05-16,290.6831970214844
2022-05-17,298.2123107910156
2022-05-18,283.57293701171875
2022-05-19,282.0534362792969
2022-05-20,281.1769104003906
2022-05-23,285.85211181640625
2022-05-24,279.7742919921875
2022-05-25,283.6898193359375
2022-05-26,291.550048828125
2022-05-27,301.066162109375
2022-05-31,300.2674560546875
2022-06-01,298.0467224121094
2022-06-02,306.2088623046875
2022-06-03,298.24151611328125
2022-06-06,299.2349853515625
2022-06-07,301.816162109375
2022-06-08,299.64410400390625
2022-06-09,291.6181945800781
2022-06-10,281.332763671875
2022-06-13,268.2518005371094
2022-06-14,268.7387390136719
2022-06-15,275.4496765136719
2022-06-16,264.3362731933594
2022-06-17,267.5504455566406
2022-06-21,274.3006591796875
2022-06-22,273.9006042480469
2022-06-23,277.9797668457031
2022-06-24,287.50433349609375
2022-06-27,285.396484375
2022-06-28,276.7013854980469
2022-06-29,276.9550476074219
2022-06-30,273.51995849609375
2022-07-01,275.3253173828125
2022-07-05,280.038818359375
2022-07-06,281.83441162109375
2022-07-07,287.8654479980469
2022-07-08,288.2265319824219
2022-07-11,282.0687561035156
2022-07-12,279.33624267578125
2022-07-13,278.7604064941406
2022-07-14,279.75579833984375
2022-07-15,284.8304748535156
2022-07-18,282.4200134277344
2022-07-19,291.10540771484375
2022-07-20,295.7212219238281
2022-07-21,299.96630859375
2022-07-22,294.70635986328125
2022-07-25,293.02783203125
2022-07-26,287.2701416015625
2022-07-27,299.41009521484375
2022-07-28,302.33770751953125
2022-07-29,307.8514099121094
2022-08-01,307.66607666015625
2022-08-02,306.74871826171875
2022-08-03,315.10223388671875
2022-08-04,316.5757751464844
2022-08-05,313.9897155761719
2022-08-08,312.9747619628906
2022-08-09,309.432373046875
2022-08-10,318.06890869140625
2022-08-11,316.26361083984375
2022-08-12,322.42144775390625
2022-08-15,325.0269470214844
2022-08-16,324.2657470703125
2022-08-17,320.5671691894531
2022-08-18,321.3381042480469
2022-08-19,315.072998046875
2022-08-22,306.7779235839844
2022-08-23,306.5243225097656
2022-08-24,307.412353515625
2022-08-25,312.84796142578125
2022-08-26,300.02490234375
2022-08-29,297.0679931640625
2022-08-30,293.7596740722656
2022-08-31,292.05194091796875
2022-09-01,292.1788330078125
2022-09-02,288.0509033203125
2022-09-06,285.98199462890625
2022-09-07,291.7591857910156
2022-09-08,293.27178955078125
2022-09-09,299.683349609375
2022-09-12,303.2453308105469
2022-09-13,286.6163635253906
2022-09-14,288.8901062011719
2022-09-15,284.0790710449219
2022-09-16,282.3419494628906
2022-09-19,284.5406494140625
2022-09-20,282.27252197265625
2022-09-21,277.2181396484375
2022-09-22,273.8061828613281
2022-09-23,269.34820556640625
2022-09-26,268.2336730957031
2022-09-27,268.34124755859375
2022-09-28,273.6791687011719
2022-09-29,265.78961181640625
2022-09-30,261.2826843261719
2022-10-03,267.4124755859375
2022-10-04,275.82012939453125
2022-10-05,275.6735534667969
2022-10-06,273.5031433105469
2022-10-07,263.08154296875
2022-10-10,260.4517517089844
2022-10-11,256.87359619140625
2022-10-12,256.78558349609375
2022-10-13,262.8078308105469
2022-10-14,254.90847778320312
2022-10-17,263.32598876953125
2022-10-18,265.4083251953125
2022-10-19,264.4403991699219
2022-10-20,263.0913391113281
2022-10-21,269.2602844238281
2022-10-24,272.2224426269531
2022-10-25,277.8536071777344
2022-10-26,271.7140808105469
2022-10-27,266.7672119140625
2022-10-28,274.9305114746094
2022-10-31,271.7336120605469
2022-11-01,268.9571533203125
2022-11-02,259.738037109375
2022-11-03,254.66412353515625
2022-11-04,258.7604064941406
2022-11-07,261.6053161621094
2022-11-08,263.5116882324219
2022-11-09,257.4307861328125
2022-11-10,276.4263000488281
2022-11-11,281.519775390625
2022-11-14,279.0561218261719
2022-11-15,282.9177551269531
2022-11-16,279.0561218261719
2022-11-17,278.4402770996094
2022-11-18,278.4499816894531
2022-11-21,275.5854797363281
2022-11-22,279.5546875
2022-11-23,282.36053466796875
2022-11-25,280.50299072265625
2022-11-28,276.3871154785156
2022-11-29,274.2950744628906
2022-11-30,286.7989196777344
2022-12-01,287.1509094238281
2022-12-02,286.007080078125
2022-12-05,281.2068786621094
2022-12-06,275.3801574707031
2022-12-07,274.25592041015625
2022-12-08,277.50164794921875
2022-12-09,275.7321472167969
2022-12-12,279.1929626464844
2022-12-13,282.1943359375
2022-12-14,280.1021423339844
2022-12-15,270.69732666015625
2022-12-16,268.1163635253906
2022-12-19,264.3483581542969
2022-12-20,264.142578125
2022-12-21,267.9743347167969
2022-12-22,261.41827392578125
2022-12-23,262.00628662109375
2022-12-27,258.30194091796875
2022-12-28,254.89158630371094
2022-12-29,261.1046142578125
2022-12-30,260.9478759765625
2023-01-03,259.1839294433594
2023-01-04,260.41864013671875
2023-01-05,256.3419189453125
2023-01-06,263.4173278808594
2023-01-09,265.1225891113281
2023-01-10,267.3666687011719
2023-01-11,271.99212646484375
2023-01-12,273.4621276855469
2023-01-13,275.3437194824219
2023-01-17,275.9023132324219
2023-01-18,272.3155212402344
2023-01-19,269.6402282714844
2023-01-20,277.01953125
2023-01-23,283.17364501953125
2023-01-24,282.595458984375
2023-01-25,281.96832275390625
2023-01-26,287.46600341796875
2023-01-27,290.3275451660156
2023-01-30,284.4574890136719
2023-01-31,288.7203369140625
2023-02-01,294.89422607421875
2023-02-02,305.4779052734375
2023-02-03,300.04888916015625
2023-02-06,297.5107116699219
2023-02-07,303.6748046875
2023-02-08,298.27508544921875
2023-02-09,295.6390380859375
2023-02-10,293.6986389160156
2023-02-13,298.4024963378906
2023-02-14,300.6074523925781
2023-02-15,302.9104309082031
2023-02-16,297.2265319824219
2023-02-17,295.12939453125
2023-02-21,288.1421813964844
2023-02-22,288.3577575683594
2023-02-23,290.87628173828125
2023-02-24,286.0058288574219
2023-02-27,288.0539855957031
2023-02-28,287.68157958984375
2023-03-01,285.3688049316406
2023-03-02,287.7305603027344
2023-03-03,293.6790466308594
2023-03-06,294.01220703125
2023-03-07,290.4059143066406
2023-03-08,291.8563232421875
2023-03-09,286.79962158203125
2023-03-10,282.77191162109375
2023-03-13,284.86907958984375
2023-03-14,291.4153137207031
2023-03-15,292.944091796875
2023-03-16,300.6662292480469
2023-03-17,299.2452697753906
2023-03-20,300.3072814941406
2023-03-21,304.5964050292969
2023-03-22,300.45452880859375
2023-03-23,304.017333984375
2023-03-24,305.13623046875
2023-03-27,303.045654296875
2023-03-28,301.4359436035156
2023-03-29,306.932373046875
2023-03-30,309.8375549316406
2023-03-31,314.99041748046875
2023-04-03,314.2248229980469
2023-04-04,313.1648254394531
2023-04-05,310.0731201171875
2023-04-06,312.1636657714844
2023-04-10,311.9870300292969
2023-04-11,309.98480224609375
2023-04-12,307.24639892578125
2023-04-13,313.2629699707031
2023-04-14,312.6740417480469
2023-04-17,312.9391174316406
2023-04-18,312.95867919921875
2023-04-19,312.8114318847656
2023-04-20,310.42645263671875
2023-04-21,310.7503662109375
2023-04-24,310.10260009765625
2023-04-25,304.2528381347656
2023-04-26,306.0981140136719
2023-04-27,314.4211730957031
2023-04-28,316.5902099609375
2023-05-01,316.22705078125
2023-05-02,313.4690856933594
2023-05-03,311.4177551269531
2023-05-04,310.31854248046875
2023-05-05,316.91412353515625
2023-05-08,317.6993103027344
2023-05-09,315.687255859375
2023-05-10,319.12249755859375
2023-05-11,320.162841796875
2023-05-12,319.01458740234375
2023-05-15,320.74200439453125
2023-05-16,321.1051330566406
2023-05-17,324.9917907714844
2023-05-18,331.02801513671875
2023-05-19,330.28216552734375
2023-05-22,331.3912048339844
2023-05-23,327.1903076171875
2023-05-24,325.51202392578125
2023-05-25,333.4326477050781
2023-05-26,341.9519958496094
2023-05-30,343.5028381347656
2023-05-31,341.54962158203125
2023-06-01,345.49517822265625
2023-06-02,348.0863342285156
2023-06-05,348.3316955566406
2023-06-06,348.2727966308594
2023-06-07,342.3642272949219
2023-06-08,346.61407470703125
2023-06-09,347.9391174316406
2023-06-12,353.8181457519531
2023-06-13,356.5370178222656
2023-06-14,359.1281433105469
2023-06-15,363.407470703125
2023-06-16,361.1205749511719
2023-06-20,360.60357666015625
2023-06-21,355.6893615722656
2023-06-22,359.8861083984375
2023-06-23,356.3183898925781
2023-06-26,351.541748046875
2023-06-27,357.5862731933594
2023-06-28,358.2840881347656
2023-06-29,357.56658935546875
2023-06-30,363.080322265625
2023-07-03,363.9354248046875
2023-07-05,363.92559814453125
2023-07-06,361.1539306640625
2023-07-07,359.954833984375
2023-07-10,360.07281494140625
2023-07-11,361.851806640625
2023-07-12,366.4219970703125
2023-07-13,372.643310546875
2023-07-14,372.5647277832031
2023-07-17,376.0439453125
2023-07-18,379.1202392578125
2023-07-19,379.0318298339844
2023-07-20,370.29443359375
2023-07-21,369.1837463378906
2023-07-24,369.77349853515625
2023-07-25,372.2796936035156
2023-07-26,371.04132080078125
2023-07-27,370.15673828125
2023-07-28,376.8990478515625
2023-07-31,377.09564208984375
2023-08-01,376.220947265625
2023-08-02,367.9650573730469
2023-08-03,367.37530517578125
2023-08-04,365.6553955078125
2023-08-07,368.75128173828125
2023-08-08,365.6159973144531
2023-08-09,361.5962829589844
2023-08-10,362.2645568847656
2023-08-11,359.954833984375
2023-08-14,363.9943542480469
2023-08-15,360.1318054199219
2023-08-16,356.3183898925781
2023-08-17,352.4263000488281
2023-08-18,351.984130859375
2023-08-21,357.655029296875
2023-08-22,357.1439514160156
2023-08-23,362.77557373046875
2023-08-24,355.0210266113281
2023-08-25,357.77294921875
2023-08-28,360.4659729003906
2023-08-29,368.3385314941406
2023-08-30,370.39263916015625
2023-08-31,371.5032958984375
2023-09-01,371.1101379394531
2023-09-05,371.5819396972656
2023-09-06,368.30902099609375
2023-09-07,365.675048828125
2023-09-08,366.18609619140625
2023-09-11,370.50079345703125
2023-09-12,366.39251708984375
2023-09-13,367.7880859375
2023-09-14,370.795654296875
2023-09-15,364.4464111328125
2023-09-18,364.826416015625
2023-09-19,364.0488586425781
2023-09-20,358.802734375
2023-09-21,352.22784423828125
2023-09-22,352.277099609375
2023-09-25,353.9502868652344
2023-09-26,348.63525390625
2023-09-27,349.4522705078125
2023-09-28,352.37548828125
2023-09-29,352.6313781738281
2023-10-02,355.5743103027344
2023-10-03,349.33416748046875
2023-10-04,354.08807373046875
2023-10-05,353.0447998046875
2023-10-06,358.9602355957031
2023-10-09,360.79095458984375
2023-10-10,362.7890625
2023-10-11,365.3775939941406
2023-10-12,364.1078796386719
2023-10-13,359.5310974121094
2023-10-16,363.5960693359375
2023-10-17,362.4051208496094
2023-10-18,357.651123046875
2023-10-19,354.3045959472656
2023-10-20,349.0191650390625
2023-10-23,350.0723876953125
2023-10-24,353.4779052734375
2023-10-25,344.8262023925781
2023-10-26,338.25128173828125
2023-10-27,339.8753967285156
2023-10-30,343.70416259765625
2023-10-31,345.34783935546875
2023-11-01,351.342041015625
2023-11-02,357.7200012207031
2023-11-03,361.9228515625
2023-11-06,363.3992004394531
2023-11-07,366.8343200683594
2023-11-08,367.07049560546875
2023-11-09,364.2457580566406
2023-11-10,372.4347839355469
2023-11-13,371.2732849121094
2023-11-14,379.2655029296875
2023-11-15,379.55096435546875
2023-11-16,379.875732421875
2023-11-17,379.96435546875
2023-11-20,384.5903625488281
2023-11-21,382.3560791015625
2023-11-22,383.92108154296875
2023-11-24,383.3797302246094
2023-11-27,383.04510498046875
2023-11-28,384.04901123046875
2023-11-29,383.67498779296875
2023-11-30,382.71044921875
2023-12-01,383.8030090332031
2023-12-04,380.2399597167969
2023-12-05,381.1947021484375
2023-12-06,378.9898376464844
2023-12-07,384.28521728515625
2023-12-08,385.9978942871094
2023-12-11,389.29510498046875
2023-12-12,392.39556884765625
2023-12-13,397.38580322265625
2023-12-14,397.0412902832031
2023-12-15,398.9606018066406
2023-12-18,401.4735412597656
2023-12-19,403.5248718261719
2023-12-20,397.528564453125
2023-12-21,402.1540222167969
2023-12-22,402.7556457519531
2023-12-26,405.2212219238281
2023-12-27,406.046142578125
2023-12-28,405.8487243652344
2023-12-29,404.0923156738281
2024-01-02,397.2541809082031
2024-01-03,393.0506286621094
2024-01-04,391.0278015136719
2024-01-05,391.4916076660156
2024-01-08,399.5829162597656
2024-01-09,400.3722839355469
2024-01-10,403.0858459472656
2024-01-11,403.924560546875
2024-01-12,404.1318054199219
2024-01-16,404.0923156738281
2024-01-17,401.8129577636719
2024-01-18,407.51629638671875
2024-01-19,415.5977783203125
2024-01-22,416.1405334472656
2024-01-23,417.8673095703125
2024-01-24,420.1861877441406
2024-01-25,420.69927978515625
2024-01-26,418.1929626464844
2024-01-29,422.4754333496094
2024-01-30,419.6632080078125
2024-01-31,411.443603515625
2024-02-01,416.2885437011719
2024-02-02,423.32403564453125
2024-02-05,422.77142333984375
2024-02-06,421.9228515625
2024-02-07,426.26446533203125
2024-02-08,427.0539855957031
2024-02-09,431.2574768066406
2024-02-12,429.57012939453125
2024-02-13,422.8701477050781
2024-02-14,427.47821044921875
2024-02-15,428.7510681152344
2024-02-16,424.8633728027344
2024-02-20,421.6564636230469
2024-02-21,419.96905517578125
2024-02-22,432.2638854980469
2024-02-23,430.9909973144531
2024-02-26,430.7641296386719
2024-02-27,431.8002014160156
2024-02-28,429.5010681152344
2024-02-29,433.18157958984375
2024-03-01,439.7040100097656
2024-03-04,438.13507080078125
2024-03-05,430.2706604003906
2024-03-06,432.9743957519531
2024-03-07,439.546142578125
2024-03-08,433.2013244628906
2024-03-11,431.59295654296875
2024-03-12,437.7798156738281
2024-03-13,434.4150695800781
2024-03-14,433.3197937011719
2024-03-15,428.1689758300781
2024-03-18,432.25262451171875
2024-03-19,433.3295593261719
2024-03-20,438.4674072265625
2024-03-21,440.5423278808594
2024-03-22,441.0462341308594
2024-03-25,439.4455871582031
2024-03-26,438.0228271484375
2024-03-27,439.5147399902344
2024-03-28,438.70452880859375
2024-04-01,439.63336181640625
2024-04-02,435.8392028808594
2024-04-03,436.8173522949219
2024-04-04,430.1381530761719
2024-04-05,435.2069091796875
2024-04-08,435.3353271484375
2024-04-09,436.9458312988281
2024-04-10,433.1319274902344
2024-04-11,440.0483093261719
2024-04-12,433.0331115722656
2024-04-15,425.9093017578125
2024-04-16,425.9488525390625
2024-04-17,420.75164794921875
2024-04-18,418.3507080078125
2024-04-19,409.69537353515625
2024-04-22,413.8155212402344
2024-04-23,419.9908447265625
2024-04-24,421.4136657714844
2024-04-25,419.3782958984375
2024-04-26,425.8500061035156
2024-04-29,427.5791015625
2024-04-30,419.5166015625
2024-05-01,416.4832763671875
2024-05-02,421.79901123046875
2024-05-03,430.2765197753906
2024-05-06,434.9895324707031
2024-05-07,435.0586242675781
2024-05-08,434.8017578125
2024-05-09,435.7502746582031
2024-05-10,436.7778625488281
2024-05-13,437.7856750488281
2024-05-14,440.60162353515625
2024-05-15,447.4883117675781
2024-05-16,446.579345703125
2024-05-17,446.3619384765625
2024-05-20,449.4743347167969
2024-05-21,450.3536682128906
2024-05-22,450.26470947265625
2024-05-23,448.2392578125
2024-05-24,452.4779968261719
2024-05-28,454.1872863769531
2024-05-29,450.98602294921875
2024-05-30,446.1544494628906
2024-05-31,445.3244934082031
2024-06-03,447.7156066894531
2024-06-04,448.94073486328125
2024-06-05,457.99127197265625
2024-06-06,457.8332214355469
2024-06-07,457.4281311035156
2024-06-10,459.2757873535156
2024-06-11,462.42767333984375
2024-06-12,468.48443603515625
2024-06-13,471.0237731933594
2024-06-14,473.4642028808594
2024-06-17,479.2640380859375
2024-06-18,479.4122314453125
2024-06-20,475.71697998046875
2024-06-21,474.4423522949219
2024-06-24,469.0409851074219
2024-06-25,474.40478515625
2024-06-26,475.3844909667969
2024-06-27,476.6116027832031
2024-06-28,474.1375427246094
2024-07-01,476.9184265136719
2024-07-02,481.9259338378906
2024-07-03,485.9437255859375
2024-07-05,491.0106506347656
2024-07-08,492.1783752441406
2024-07-09,492.6038513183594
2024-07-10,497.74005126953125
2024-07-11,486.8244934082031
2024-07-12,489.6845703125
2024-07-15,491.00067138671875
2024-07-16,491.188720703125
2024-07-17,476.76995849609375
2024-07-18,474.5136413574219
2024-07-19,470.3077392578125
2024-07-22,477.3142395019531
2024-07-23,475.63189697265625
2024-07-24,458.57086181640625
2024-07-25,453.51385498046875
2024-07-26,458.1650695800781
2024-07-29,459.0854187011719
2024-07-30,452.7815246582031
2024-07-31,466.1809997558594
2024-08-01,454.889404296875
2024-08-02,444.0926818847656
2024-08-05,430.8515319824219
2024-08-06,434.9683532714844
2024-08-07,430.2577819824219
2024-08-08,443.4197082519531
2024-08-09,445.73541259765625
2024-08-12,446.69537353515625
2024-08-13,457.7790832519531
2024-08-14,457.9275817871094
2024-08-15,469.4962463378906
2024-08-16,470.0998840332031
2024-08-19,476.2751159667969
2024-08-20,475.275634765625
2024-08-21,477.4923400878906
2024-08-22,469.92181396484375
2024-08-23,475.01837158203125
2024-08-26,470.40667724609375
2024-08-27,471.8119201660156
2024-08-28,466.45806884765625
2024-08-29,465.7752990722656
2024-08-30,471.3270568847656
2024-09-03,457.0171203613281
2024-09-04,455.82952880859375
2024-09-05,456.2550964355469
2024-09-06,444.03326416015625
2024-09-09,449.74334716796875
2024-09-10,453.8998107910156
2024-09-11,463.7564392089844
2024-09-12,468.3086853027344
2024-09-13,470.40667724609375
2024-09-16,468.3284606933594
2024-09-17,468.5758972167969
2024-09-18,466.5471496582031
2024-09-19,478.3434753417969
2024-09-20,477.4329833984375
2024-09-23,478.69854736328125
2024-09-24,481.0075378417969
2024-09-25,481.4534912109375
2024-09-26,485.0707092285156
2024-09-27,482.3751525878906
2024-09-30,483.683349609375
2024-10-01,476.94439697265625
2024-10-02,477.61834716796875
2024-10-03,477.2615661621094
2024-10-04,482.9400634765625
2024-10-07,477.7669677734375
2024-10-08,484.9022521972656
2024-10-09,488.7176818847656
2024-10-10,488.16265869140625
2024-10-11,488.9257507324219
2024-10-14,493.0285949707031
2024-10-15,486.4383544921875
2024-10-16,486.497802734375
2024-10-17,486.834716796875
2024-10-18,490.0257873535156
2024-10-21,490.9672546386719
2024-10-22,491.50244140625
2024-10-23,483.9706726074219
2024-10-24,487.8951110839844
2024-10-25,490.8681335449219
2024-10-28,490.9474182128906
2024-10-29,495.6646423339844
2024-10-30,491.9186706542969
2024-10-31,479.5012512207031
2024-11-01,483.0490417480469
2024-11-04,481.641845703125
2024-11-05,487.78607177734375
2024-11-06,501.0359191894531
2024-11-07,508.9243469238281
2024-11-08,509.5190124511719
2024-11-11,509.22174072265625
2024-11-12,508.3000183105469
2024-11-13,507.64599609375
2024-11-14,504.11798095703125
2024-11-15,492.10693359375
2024-11-18,495.5259094238281
2024-11-19,498.93499755859375
2024-11-20,498.6476135253906
2024-11-21,500.44134521484375
2024-11-22,501.24407958984375
2024-11-25,502.0368347167969
2024-11-26,504.7323913574219
2024-11-27,500.7583923339844
2024-11-29,505.1585388183594
2024-12-02,510.6585998535156
2024-12-03,512.2244873046875
2024-12-04,518.5570678710938
2024-12-05,517.1200561523438
2024-12-06,521.7481689453125
2024-12-09,517.6849975585938
2024-12-10,515.9208374023438
2024-12-11,525.1571655273438
2024-12-12,521.767822265625
2024-12-13,525.76171875
2024-12-16,533.3330078125
2024-12-17,530.9843139648438
2024-12-18,511.8280029296875
2024-12-19,509.5486755371094
2024-12-20,513.998291015625
2024-12-23,519.006103515625
2024-12-24,526.043701171875
2024-12-26,525.6864013671875
2024-12-27,518.6983032226562
2024-12-30,511.7997741699219
2024-12-31,507.45208740234375
2025-01-02,506.4595031738281
2025-01-03,514.747802734375
2025-01-06,520.6637573242188
2025-01-07,511.3728942871094
2025-01-08,511.4623107910156
2025-01-10,503.4420166015625
2025-01-13,501.8240051269531
2025-01-14,501.3475036621094
2025-01-15,512.8817138671875
2025-01-16,509.2884521484375
2025-01-17,517.8843994140625
2025-01-21,520.9217529296875
2025-01-22,527.582275390625
2025-01-23,528.7039184570312
2025-01-24,525.7161254882812
2025-01-27,510.41009521484375
2025-01-28,517.9539184570312
2025-01-29,516.981201171875
2025-01-30,519.1847534179688
2025-01-31,518.4302978515625
2025-02-03,514.2813110351562
2025-02-04,520.59423828125
2025-02-05,522.9566650390625
2025-02-06,525.6864013671875
2025-02-07,519.0557250976562
2025-02-10,525.3388671875
2025-02-11,524.0882568359375
2025-02-12,524.3958740234375
2025-02-13,531.9397583007812
2025-02-14,534.1732177734375
2025-02-18,535.3840942382812
2025-02-19,535.532958984375
2025-02-20,533.2599487304688
2025-02-21,522.1923217773438
2025-02-24,516.0283203125
2025-02-25,509.52667236328125
2025-02-26,510.7575378417969
2025-02-27,496.5730895996094
2025-02-28,504.4146728515625
2025-03-03,493.37689208984375
2025-03-04,491.88800048828125
2025-03-05,498.3002624511719
2025-03-06,484.59228515625
2025-03-07,488.1557922363281
2025-03-10,469.2366027832031
2025-03-11,468.1149597167969
2025-03-12,473.3956604003906
2025-03-13,464.8790588378906
2025-03-14,476.1153869628906
2025-03-17,479.2024230957031
2025-03-18,471.0332946777344
2025-03-19,477.3363037109375
2025-03-20,475.7183532714844
2025-03-21,477.2866516113281
2025-03-24,487.76043701171875
2025-03-25,490.5438537597656
2025-03-26,481.5175476074219
2025-03-27,478.7738342285156
2025-03-28,466.16876220703125
2025-03-31,466.1488952636719
2025-04-01,469.90655517578125
2025-04-02,473.3361511230469
2025-04-03,447.99676513671875
2025-04-04,420.1722106933594
2025-04-07,421.1861877441406
2025-04-08,413.60125732421875
2025-04-09,463.2461242675781
2025-04-10,443.5432434082031
2025-04-11,451.7146911621094
2025-04-14,454.7765197753906
2025-04-15,455.2834777832031
2025-04-16,441.5550537109375
2025-04-17,441.4755859375
2025-04-21,430.5504455566406
2025-04-22,441.85333251953125
2025-04-23,451.8737487792969
2025-04-24,464.5881652832031
2025-04-25,469.7673645019531
2025-04-28,469.6182556152344
2025-04-29,472.7198181152344
2025-04-30,472.66015625
2025-05-01,478.8334655761719
2025-05-02,485.9411926269531
2025-05-05,483.058349609375
2025-05-06,478.5650634765625
2025-05-07,480.44390869140625
2025-05-08,485.40447998046875
2025-05-09,485.0863037109375
2025-05-12,504.84881591796875
2025-05-13,512.5430908203125
2025-05-14,515.6148071289062
2025-05-15,516.1815185546875
2025-05-16,518.4281005859375
2025-05-19,518.9252319335938
2025-05-20,517.1954345703125
2025-05-21,510.0081481933594
2025-05-22,510.9624938964844
2025-05-23,506.2305908203125
2025-05-27,518.1397705078125
2025-05-28,515.8434448242188
2025-05-29,516.8574829101562
2025-05-30,516.0422973632812
2025-06-02,520.1181030273438
2025-06-03,524.183837890625
2025-06-04,525.6452026367188
2025-06-05,521.688720703125
2025-06-06,526.7883911132812
2025-06-09,527.5638427734375
2025-06-10,531.0531005859375
2025-06-11,529.263671875
2025-06-12,530.5062255859375
2025-06-13,523.845947265625
2025-06-16,531.132568359375
2025-06-17,525.953369140625
2025-06-18,525.8638916015625
2025-06-20,523.7166748046875
2025-06-23,529.1017456054688
2025-06-24,537.1928100585938
2025-06-25,538.5661010742188
2025-06-26,543.601806640625
2025-06-27,545.4630126953125
2025-06-30,548.9959106445312
2025-07-01,544.3682861328125
2025-07-02,548.1598510742188
2025-07-03,553.553955078125
2025-07-07,549.3840942382812
2025-07-08,549.692626953125
2025-07-09,553.5838623046875
2025-07-10,552.7877197265625
2025-07-11,551.5436401367188
2025-07-14,553.5440673828125
2025-07-15,554.051513671875
2025-07-16,554.6188354492188
2025-07-17,559.1072387695312
2025-07-18,558.56982421875
2025-07-21,561.4658813476562
2025-07-22,558.559814453125
2025-07-23,561.1076049804688
2025-07-24,562.3018798828125
2025-07-25,563.6553344726562
2025-07-28,565.4168090820312
2025-07-29,564.541015625
2025-07-30,565.2974853515625
2025-07-31,562.3018798828125
2025-08-01,551.2252197265625
2025-08-04,561.3961181640625
2025-08-05,557.5845947265625
2025-08-06,564.6007690429688
2025-08-07,566.5115966796875
2025-08-08,571.7960815429688
2025-08-11,570.1041870117188
2025-08-12,577.2697143554688
2025-08-13,577.558349609375
2025-08-14,577.1105346679688
2025-08-15,574.5728149414062
2025-08-18,574.3438110351562
2025-08-19,566.5513916015625
2025-08-20,563.1875610351562
2025-08-21,560.5802001953125
2025-08-22,569.2284545898438
2025-08-25,567.5863647460938
2025-08-26,569.8654174804688
2025-08-27,570.7412109375
2025-08-28,574.31396484375
2025-08-29,567.6660766601562
2025-09-02,562.9088745117188
2025-09-03,567.337646484375
2025-09-04,572.4728393554688
2025-09-05,573.2988891601562
2025-09-08,576.0953369140625
2025-09-09,577.7276000976562
2025-09-10,577.9166870117188
2025-09-11,581.2804565429688
2025-09-12,583.8480224609375
2025-09-15,588.8440551757812
2025-09-16,588.3463745117188
2025-09-17,587.1720581054688
2025-09-18,592.4666137695312
2025-09-19,596.4771728515625
2025-09-22,600.0083618164062
2025-09-23,596.02294921875
2025-09-24,593.9305419921875
2025-09-25,591.3699340820312
2025-09-26,593.801025390625
2025-09-29,596.5509643554688
2025-09-30,598.18505859375
2025-10-01,601.0545043945312
2025-10-02,603.5254516601562
2025-10-03,600.9848022460938
2025-10-06,605.498291015625
2025-10-07,602.3099365234375
2025-10-08,609.2147827148438
2025-10-09,608.4774169921875
2025-10-10,587.3546142578125
2025-10-13,599.8190307617188
2025-10-14,595.8236083984375
2025-10-15,600.0281982421875
2025-10-16,597.8063354492188
2025-10-17,601.7320556640625
2025-10-20,609.3142700195312
2025-10-21,609.1549682617188
2025-10-22,603.286376953125
2025-10-23,608.3578491210938
2025-10-24,614.8540649414062
2025-10-27,625.8041381835938
2025-10-28,630.6165771484375
2025-10-29,633.4562377929688
2025-10-30,623.7715454101562
2025-10-31,626.7805786132812
2025-11-03,629.7796020507812
2025-11-04,616.996337890625
2025-11-05,621.01171875
2025-11-06,609.4439086914062
2025-11-07,607.5209350585938
2025-11-10,620.9618530273438
2025-11-11,619.307861328125
2025-11-12,618.8196411132812
2025-11-13,606.1858520507812
2025-11-14,606.6441040039062
2025-11-17,601.4630737304688
2025-11-18,594.1397705078125
2025-11-19,597.6868896484375
2025-11-20,583.5385131835938
2025-11-21,587.9224853515625
2025-11-24,602.9575805664062
2025-11-25,606.6740112304688
2025-11-26,612.034423828125
2025-11-28,616.996337890625
2025-12-01,614.923828125
2025-12-02,619.736328125
2025-12-03,621.2507934570312
2025-12-04,620.6729125976562
2025-12-05,623.20361328125
2025-12-08,622.008056640625
2025-12-09,622.7752075195312
2025-12-10,625.3258666992188
2025-12-11,623.3032836914062
2025-12-12,611.3868408203125
2025-12-15,608.3179931640625
2025-12-16,609.5235595703125
2025-12-17,598.224853515625
2025-12-18,606.8932495117188
2025-12-19,614.8042602539062
2025-12-22,617.7513427734375
2025-12-23,620.6444702148438
2025-12-24,622.4602661132812
2025-12-26,622.4202880859375
2025-12-29,619.4074096679688
2025-12-30,617.9707641601562
2025-12-31,612.8628540039062
2026-01-02,611.6757202148438
2026-01-05,616.5341796875
2026-01-06,621.951416015625
2026-01-07,622.550048828125
2026-01-08,619.0083618164062
2026-01-09,625.173828125
2026-01-12,625.6925659179688
2026-01-13,624.7647705078125
2026-01-14,618.0905151367188
2026-01-15,620.3153076171875
2026-01-16,619.7965087890625
2026-01-20,606.6276245117188
2026-01-21,614.8282470703125
2026-01-22,619.2976684570312
2026-01-23,621.2530517578125
2026-01-26,623.9866333007812
2026-01-27,629.6432495117188
2026-01-28,631.7283325195312
2026-01-29,627.947265625
2026-01-30,620.4050903320312
2026-02-02,624.6650390625
2026-02-03,615.0676879882812
2026-02-04,604.3230590820312
2026-02-05,595.6236572265625
2026-02-06,608.2138671875
2026-02-09,612.8728637695312
2026-02-10,610.029541015625
2026-02-11,611.6657104492188
2026-02-12,599.22509765625
2026-02-13,600.5020751953125
2026-02-17,599.8834838867188
2026-02-18,604.3629150390625
2026-02-19,602.0484008789062
2026-02-20,607.3758544921875
2026-02-23,599.9932250976562
2026-02-24,606.4380493164062
2026-02-25,615.227294921875
2026-02-26,607.8048095703125
2026-02-27,605.859375
2026-03-02,606.6575317382812
2026-03-03,600.1629028320312
2026-03-04,609.311279296875
2026-03-05,607.4755249023438
2026-03-06,598.337158203125
2026-03-09,606.3283081054688
2026-03-10,606.3383178710938
2026-03-11,606.2584838867188
2026-03-12,595.8530883789062
2026-03-13,592.3213500976562
2026-03-16,598.9656982421875
2026-03-17,601.8887939453125
2026-03-18,593.4986572265625
2026-03-19,591.623046875
2026-03-20,580.6888427734375
2026-03-23,587.3545532226562
2026-03-24,583.3389282226562
2026-03-25,587.1747436523438
2026-03-26,573.1600952148438
2026-03-27,561.9624633789062
2026-03-30,557.6671752929688
2026-03-31,576.54638671875
2026-04-01,583.6685791015625
2026-04-02,584.3378295898438
2026-04-06,587.85400390625
2026-04-07,587.9439086914062
2026-04-08,605.4246826171875
2026-04-09,609.5202026367188
2026-04-10,610.3992309570312
2026-04-13,616.7122802734375
2026-04-14,627.909912109375
2026-04-15,636.7003173828125
2026-04-16,639.7669067382812
2026-04-17,648.1376953125
2026-04-20,646.0799560546875
2026-04-21,643.6226806640625
2026-04-22,654.390869140625
2026-04-23,650.7048950195312
2026-04-24,663.1512451171875
2026-04-27,663.5008544921875
2026-04-28,656.8281860351562
2026-04-29,660.84375
2026-04-30,667.0069580078125
2026-05-01,673.4099731445312
2026-05-04,672.141357421875
2026-05-05,680.8617553710938
2026-05-06,695.0062255859375
2026-05-07,694.1771240234375
2026-05-08,710.44921875
2026-05-11,712.5069580078125
2026-05-12,706.463623046875
2026-05-13,713.9254760742188
2026-05-14,718.9998168945312
2026-05-15,708.1517944335938
2026-05-18,705.1051025390625
2026-05-19,700.7599487304688
2026-05-20,712.3671875
2026-05-21,713.7256469726562
2026-05-22,716.7523193359375
2026-05-26,729.4783935546875
2026-05-27,728.6492919921875
2026-05-28,734.79248046875
2026-05-29,737.49951171875
2026-06-01,741.9246826171875
2026-06-02,745.3408813476562
2026-06-03,743.39306640625
2026-06-04,739.7969970703125
2026-06-05,704.2860107421875
2026-06-08,715.283935546875
2026-06-09,707.052978515625
2026-06-10,692.9285278320312
2026-06-11,716.332763671875
2026-06-12,720.5481567382812
2026-06-15,743.1832885742188
2026-06-16,729.0587768554688
2026-06-17,721.7168579101562
2026-06-18,739.8070068359375
2026-06-22,737.9500122070312
2026-06-23,713.6500244140625
2026-06-24,710.6199951171875
2026-06-25,716.3800048828125
2026-06-26,706.52001953125
2026-06-29,724.0800170898438
2026-06-30,736.4000244140625
2026-07-01,725.1699829101562
2026-07-02,712.5999755859375
2026-07-06,722.8200073242188
2026-07-07,709.4299926757812
2026-07-08,711.4400024414062
2026-07-09,723.280029296875
2026-07-10,725.510009765625
2026-07-13,711.739990234375
2026-07-14,719.6900024414062
2026-07-15,717.739990234375
2026-07-16,705.9400024414062
2026-07-17,695.3300170898438
2026-07-20,696.0599975585938
2026-07-21,708.969970703125
2026-07-22,705.3499755859375
2026-07-23,691.9600219726562
2026-07-24,684.22998046875
2026-07-27,682.1199951171875
2026-07-28,675.489990234375
2026-07-29,661.72998046875
2026-07-30,683.5499877929688
2026-07-31,687.989990234375
2026-08-03,700.0700073242188
2026-08-04,723.8499755859375
2026-08-05,717.2999877929688
2026-08-06,714.6500244140625
2026-08-07,723.030029296875
2026-08-10,720.8699951171875
2026-08-11,718.4500122070312
2026-08-12,723.7000122070312
2026-08-13,732.0700073242188
2026-08-14,731.0700073242188
2026-08-17,729.8699951171875
2026-08-18,717.510009765625
2026-08-19,716.0800170898438
2026-08-20,710.9299926757812
2026-08-21,713.4400024414062
2026-08-24,706.3200073242188
2026-08-25,710.719970703125
2026-08-26,711.3699951171875
2026-08-27,721.1099853515625
2026-08-28,716.4299926757812
2026-08-31,716.760009765625
2026-09-01,707.6400146484375
