Date,Close
2001-08-27,21.856176376342773
2001-08-28,21.606149673461914
2001-08-29,21.507497787475586
2001-08-30,21.201339721679688
2001-08-31,21.25236701965332
2001-09-04,20.767616271972656
2001-09-05,20.64005470275879
2001-09-06,20.172317504882812
2001-09-07,20.053253173828125
2001-09-10,19.823633193969727
2001-09-17,18.956195831298828
2001-09-18,18.80311393737793
2001-09-19,18.752084732055664
2001-09-20,17.9356746673584
2001-09-21,17.433916091918945
2001-09-24,18.2418270111084
2001-09-25,18.454437255859375
2001-09-26,18.54798698425293
2001-09-27,18.840534210205078
2001-09-28,19.20792579650879
2001-10-01,19.104167938232422
2001-10-02,19.1716251373291
2001-10-03,19.367517471313477
2001-10-04,19.573623657226562
2001-10-05,19.604278564453125
2001-10-08,19.486751556396484
2001-10-09,19.435651779174805
2001-10-10,19.827425003051758
2001-10-11,19.96370506286621
2001-10-12,19.93814468383789
2001-10-15,19.62302017211914
2001-10-16,19.89556884765625
2001-10-17,19.91259765625
2001-10-18,19.750776290893555
2001-10-19,19.554880142211914
2001-10-22,19.691152572631836
2001-10-23,19.847871780395508
2001-10-24,20.04716682434082
2001-10-25,20.018205642700195
2001-10-26,20.147668838500977
2001-10-29,19.726926803588867
2001-10-30,19.503780364990234
2001-10-31,19.55828857421875
2001-11-01,19.970508575439453
2001-11-02,19.968807220458984
2001-11-05,20.168107986450195
2001-11-06,20.377622604370117
2001-11-07,20.19365882873535
2001-11-08,20.33844757080078
2001-11-09,20.30437469482422
2001-11-12,20.031835556030273
2001-11-13,20.215803146362305
2001-11-14,20.236228942871094
2001-11-15,20.323110580444336
2001-11-16,20.43723487854004
2001-11-19,20.539443969726562
2001-11-20,20.398056030273438
2001-11-21,20.34525489807129
2001-11-23,20.409976959228516
2001-11-26,20.607580184936523
2001-11-27,20.447458267211914
2001-11-28,20.091447830200195
2001-11-29,20.135740280151367
2001-11-30,20.21239471435547
2001-12-03,20.04034996032715
2001-12-04,20.324813842773438
2001-12-05,20.81368637084961
2001-12-06,20.878416061401367
2001-12-07,20.56328773498535
2001-12-10,20.168107986450195
2001-12-11,20.208982467651367
2001-12-12,20.292451858520508
2001-12-13,19.812095642089844
2001-12-14,19.926218032836914
2001-12-17,20.16299819946289
2001-12-18,20.217498779296875
2001-12-19,20.006277084350586
2001-12-20,19.90919303894043
2001-12-21,20.009689331054688
2001-12-24,19.935026168823242
2001-12-26,19.917984008789062
2001-12-27,20.182191848754883
2001-12-28,20.342418670654297
2001-12-31,20.335601806640625
2002-01-02,20.44809913635254
2002-01-03,20.632198333740234
2002-01-04,20.768569946289062
2002-01-07,20.492422103881836
2002-01-08,20.258895874023438
2002-01-09,20.045825958251953
2002-01-10,20.093551635742188
2002-01-11,19.979341506958008
2002-01-14,19.77991485595703
2002-01-15,19.764570236206055
2002-01-16,19.41683578491211
2002-01-17,19.69639015197754
2002-01-18,19.6878662109375
2002-01-22,19.457748413085938
2002-01-23,19.508878707885742
2002-01-24,19.61456871032715
2002-01-25,19.335018157958984
2002-01-28,19.515708923339844
2002-01-29,18.97364616394043
2002-01-30,19.183303833007812
2002-01-31,19.159440994262695
2002-02-01,19.116830825805664
2002-02-04,18.96001434326172
2002-02-05,18.581586837768555
2002-02-06,18.554323196411133
2002-02-07,18.760574340820312
2002-02-08,19.012847900390625
2002-02-11,19.244674682617188
2002-02-12,19.23615074157715
2002-02-13,19.2617244720459
2002-02-14,19.415132522583008
2002-02-15,19.295812606811523
2002-02-19,18.88671112060547
2002-02-20,18.971939086914062
2002-02-21,18.842395782470703
2002-02-22,18.978763580322266
2002-02-25,19.21739959716797
2002-02-26,19.108308792114258
2002-02-27,19.32137680053711
2002-02-28,19.38956642150879
2002-03-01,19.75604248046875
2002-03-04,20.431062698364258
2002-03-05,20.206052780151367
2002-03-06,20.415719985961914
2002-03-07,20.732772827148438
2002-03-08,20.76344871520996
2002-03-11,20.795839309692383
2002-03-12,20.55719757080078
2002-03-13,20.335601806640625
2002-03-14,20.536746978759766
2002-03-15,20.765151977539062
2002-03-18,20.741289138793945
2002-03-19,20.84526824951172
2002-03-20,20.577653884887695
2002-03-21,20.63050079345703
2002-03-22,20.44809913635254
2002-03-25,20.19582748413086
2002-03-26,20.323673248291016
2002-03-27,20.354354858398438
2002-03-28,20.471969604492188
2002-04-01,20.5861759185791
2002-04-02,20.506065368652344
2002-04-03,20.50946807861328
2002-04-04,20.480493545532227
2002-04-05,20.480493545532227
2002-04-08,20.24356460571289
2002-04-09,20.212873458862305
2002-04-10,20.477079391479492
2002-04-11,20.021963119506836
2002-04-12,20.22650718688965
2002-04-15,20.36969757080078
2002-04-16,20.75152015686035
2002-04-17,20.778789520263672
2002-04-18,20.84526824951172
2002-04-19,20.928796768188477
2002-04-22,20.782209396362305
2002-04-23,20.727657318115234
2002-04-24,20.625381469726562
2002-04-25,20.81288719177246
2002-04-26,20.62879180908203
2002-04-29,20.57424545288086
2002-04-30,20.783906936645508
2002-05-01,20.89299774169922
2002-05-02,20.836748123168945
2002-05-03,20.978225708007812
2002-05-06,20.761749267578125
2002-05-07,20.489011764526367
2002-05-08,20.94072914123535
2002-05-09,20.838449478149414
2002-05-10,20.666290283203125
2002-05-13,20.973121643066406
2002-05-14,20.996976852416992
2002-05-15,21.085615158081055
2002-05-16,21.19300079345703
2002-05-17,21.382213592529297
2002-05-20,21.273120880126953
2002-05-21,21.240732192993164
2002-05-22,21.28164291381836
2002-05-23,21.302095413208008
2002-05-24,21.162324905395508
2002-05-28,21.119709014892578
2002-05-29,21.099254608154297
2002-05-30,21.0054988861084
2002-05-31,20.89470672607422
2002-06-03,20.85550308227539
2002-06-04,20.73618507385254
2002-06-05,20.693559646606445
2002-06-06,20.489011764526367
2002-06-07,20.32708740234375
2002-06-10,20.393558502197266
2002-06-11,20.29299545288086
2002-06-12,20.18048667907715
2002-06-13,19.841278076171875
2002-06-14,19.61286735534668
2002-06-17,19.923097610473633
2002-06-18,19.9708309173584
2002-06-19,19.43217658996582
2002-06-20,19.341835021972656
2002-06-21,19.36399269104004
2002-06-24,19.365699768066406
2002-06-25,19.381044387817383
2002-06-26,19.38445281982422
2002-06-27,19.863441467285156
2002-06-28,20.207765579223633
2002-07-01,20.045825958251953
2002-07-02,19.67934226989746
2002-07-03,19.491836547851562
2002-07-05,20.248672485351562
2002-07-08,20.233325958251953
2002-07-09,19.986164093017578
2002-07-10,19.425355911254883
2002-07-11,19.346946716308594
2002-07-12,19.08273696899414
2002-07-15,18.859437942504883
2002-07-16,18.494659423828125
2002-07-17,18.963415145874023
2002-07-18,19.038414001464844
2002-07-19,18.3651180267334
2002-07-22,17.7020320892334
2002-07-23,17.199180603027344
2002-07-24,17.81453514099121
2002-07-25,17.625324249267578
2002-07-26,17.625324249267578
2002-07-29,18.469093322753906
2002-07-30,18.351472854614258
2002-07-31,18.281591415405273
2002-08-01,17.642372131347656
2002-08-02,17.574188232421875
2002-08-05,16.97759246826172
2002-08-06,17.349180221557617
2002-08-07,17.68498420715332
2002-08-08,18.085561752319336
2002-08-09,18.25602149963379
2002-08-12,18.051471710205078
2002-08-13,17.879314422607422
2002-08-14,18.298635482788086
2002-08-15,18.443525314331055
2002-08-16,18.443525314331055
2002-08-19,18.775917053222656
2002-08-20,18.273061752319336
2002-08-21,18.733301162719727
2002-08-22,18.787853240966797
2002-08-23,18.554323196411133
2002-08-26,18.63954734802246
2002-08-27,18.803186416625977
2002-08-28,18.29011344909668
2002-08-29,18.11112403869629
2002-08-30,18.102603912353516
2002-09-03,17.39520263671875
2002-09-04,17.398616790771484
2002-09-05,17.267366409301758
2002-09-06,17.5196475982666
2002-09-09,17.44123077392578
2002-09-10,17.574188232421875
2002-09-11,17.737831115722656
2002-09-12,17.44464111328125
2002-09-13,17.015092849731445
2002-09-16,16.875307083129883
2002-09-17,16.790082931518555
2002-09-18,16.78155517578125
2002-09-19,16.49178123474121
2002-09-20,16.40144157409668
2002-09-23,15.818473815917969
2002-09-24,15.562787055969238
2002-09-25,15.954839706420898
2002-09-26,16.51734733581543
2002-09-27,16.512245178222656
2002-09-30,16.22757911682129
2002-10-01,16.62473487854004
2002-10-02,16.39632797241211
2002-10-03,16.21564483642578
2002-10-04,15.937796592712402
2002-10-07,15.545742988586426
2002-10-08,15.586654663085938
2002-10-09,15.34118938446045
2002-10-10,15.699153900146484
2002-10-11,16.270193099975586
2002-10-14,15.852566719055176
2002-10-15,16.96054458618164
2002-10-16,16.66223907470703
2002-10-17,16.900876998901367
2002-10-18,16.76451301574707
2002-10-21,17.003154754638672
2002-10-22,16.8088321685791
2002-10-23,16.65371322631836
2002-10-24,16.49178123474121
2002-10-25,16.773038864135742
2002-10-28,16.84974479675293
2002-10-29,16.474735260009766
2002-10-30,16.738943099975586
2002-10-31,16.84974479675293
2002-11-01,17.11224365234375
2002-11-04,17.335548400878906
2002-11-05,17.599760055541992
2002-11-06,17.6082820892334
2002-11-07,17.30997657775879
2002-11-08,17.165088653564453
2002-11-11,16.82929229736328
2002-11-12,17.139514923095703
2002-11-13,16.943492889404297
2002-11-14,17.321910858154297
2002-11-15,17.582717895507812
2002-11-18,17.361116409301758
2002-11-19,17.199180603027344
2002-11-20,17.437824249267578
2002-11-21,17.863962173461914
2002-11-22,17.778738021850586
2002-11-25,17.640668869018555
2002-11-26,17.228160858154297
2002-11-27,17.705440521240234
2002-11-29,17.795791625976562
2002-12-02,17.884418487548828
2002-12-03,17.567371368408203
2002-12-04,17.48725700378418
2002-12-05,17.291227340698242
2002-12-06,17.41225814819336
2002-12-09,16.965656280517578
2002-12-10,17.195768356323242
2002-12-11,17.173614501953125
2002-12-12,17.139514923095703
2002-12-13,16.97759246826172
2002-12-16,17.344070434570312
2002-12-17,17.257137298583984
2002-12-18,16.89235496520996
2002-12-19,16.98611068725586
2002-12-20,17.0883846282959
2002-12-23,17.119998931884766
2002-12-24,17.088733673095703
2002-12-26,17.146060943603516
2002-12-27,16.876789093017578
2002-12-30,17.128690719604492
2002-12-31,17.199914932250977
2003-01-02,17.562984466552734
2003-01-03,17.580352783203125
2003-01-06,17.79751205444336
2003-01-07,17.519559860229492
2003-01-08,17.281557083129883
2003-01-09,17.49349594116211
2003-01-10,17.470916748046875
2003-01-13,17.50739860534668
2003-01-14,17.641157150268555
2003-01-15,17.4726505279541
2003-01-16,17.545616149902344
2003-01-17,17.361467361450195
2003-01-21,17.05573081970215
2003-01-22,16.815988540649414
2003-01-23,16.93411636352539
2003-01-24,16.755189895629883
2003-01-27,16.308734893798828
2003-01-28,16.378219604492188
2003-01-29,16.338268280029297
2003-01-30,16.32784080505371
2003-01-31,16.459871292114258
2003-02-03,16.718713760375977
2003-02-04,16.47724151611328
2003-02-05,16.50503921508789
2003-02-06,16.345211029052734
2003-02-07,16.108959197998047
2003-02-10,16.1645450592041
2003-02-11,16.24272346496582
2003-02-12,16.070735931396484
2003-02-13,16.306989669799805
2003-02-14,16.461606979370117
2003-02-18,16.70307731628418
2003-02-19,16.31220817565918
2003-02-20,16.3295841217041
2003-02-21,16.433809280395508
2003-02-24,16.23402976989746
2003-02-25,16.034255981445312
2003-02-26,15.843167304992676
2003-02-27,15.865754127502441
2003-02-28,16.1124324798584
2003-03-03,16.18191909790039
2003-03-04,15.947396278381348
2003-03-05,15.973454475402832
2003-03-06,15.791058540344238
2003-03-07,15.676396369934082
2003-03-10,15.24209976196289
2003-03-11,15.191720008850098
2003-03-12,15.016263008117676
2003-03-13,15.44534969329834
2003-03-14,15.52178955078125
2003-03-17,15.959559440612793
2003-03-18,16.027311325073242
2003-03-19,16.1124324798584
2003-03-20,16.21492576599121
2003-03-21,16.607528686523438
2003-03-24,16.069000244140625
2003-03-25,16.2479305267334
2003-03-26,16.256620407104492
2003-03-27,16.14717674255371
2003-03-28,16.042943954467773
2003-03-31,15.738933563232422
2003-04-01,15.983879089355469
2003-04-02,16.2479305267334
2003-04-03,16.157596588134766
2003-04-04,16.374753952026367
2003-04-07,16.586688995361328
2003-04-08,16.590160369873047
2003-04-09,16.527620315551758
2003-04-10,16.442501068115234
2003-04-11,16.348691940307617
2003-04-14,16.59710693359375
2003-04-15,16.824678421020508
2003-04-16,16.713504791259766
2003-04-17,16.954965591430664
2003-04-21,16.89590072631836
2003-04-22,17.14084815979004
2003-04-23,17.291980743408203
2003-04-24,17.15648651123047
2003-04-25,16.852474212646484
2003-04-28,17.151273727416992
2003-04-29,17.25029182434082
2003-04-30,17.338886260986328
2003-05-01,17.41010856628418
2003-05-02,17.56124496459961
2003-05-05,17.695011138916016
2003-05-06,18.068510055541992
2003-05-07,17.901742935180664
2003-05-08,17.63247299194336
2003-05-09,17.854839324951172
2003-05-12,17.997283935546875
2003-05-13,17.99555015563965
2003-05-14,18.000755310058594
2003-05-15,18.032028198242188
2003-05-16,18.25438690185547
2003-05-19,17.761024475097656
2003-05-20,17.938217163085938
2003-05-21,17.752334594726562
2003-05-22,17.990333557128906
2003-05-23,18.092830657958984
2003-05-27,18.249174118041992
2003-05-28,18.33603286743164
2003-05-29,18.422889709472656
2003-05-30,18.457630157470703
2003-06-02,18.62961769104004
2003-06-03,18.674789428710938
2003-06-04,18.787700653076172
2003-06-05,18.97705841064453
2003-06-06,19.091712951660156
2003-06-09,18.954471588134766
2003-06-10,19.10734748840332
2003-06-11,19.421775817871094
2003-06-12,19.473892211914062
2003-06-13,19.360977172851562
2003-06-16,19.644140243530273
2003-06-17,19.68408966064453
2003-06-18,19.62850570678711
2003-06-19,19.39572525024414
2003-06-20,19.421775817871094
2003-06-23,19.206363677978516
2003-06-24,19.055233001708984
2003-06-25,18.86587905883789
2003-06-26,18.95273780822754
2003-06-27,18.810285568237305
2003-06-30,18.81549644470215
2003-07-01,18.92667579650879
2003-07-02,19.3001708984375
2003-07-03,19.19594383239746
2003-07-07,19.5485897064209
2003-07-08,19.456527709960938
2003-07-09,19.355762481689453
2003-07-10,19.256742477416992
2003-07-11,19.215051651000977
2003-07-14,19.421775817871094
2003-07-15,19.239364624023438
2003-07-16,19.095182418823242
2003-07-17,18.796390533447266
2003-07-18,19.091712951660156
2003-07-21,18.945783615112305
2003-07-22,18.900623321533203
2003-07-23,19.1803035736084
2003-07-24,19.21157455444336
2003-07-25,19.453046798706055
2003-07-28,19.50343132019043
2003-07-29,19.421775817871094
2003-07-30,19.260225296020508
2003-07-31,19.10039710998535
2003-08-01,19.096921920776367
2003-08-04,19.152511596679688
2003-08-05,18.97358512878418
2003-08-06,18.94405174255371
2003-08-07,19.056968688964844
2003-08-08,19.11603355407715
2003-08-11,19.3001708984375
2003-08-12,19.381820678710938
2003-08-13,19.39572525024414
2003-08-14,19.671937942504883
2003-08-15,19.626768112182617
2003-08-18,19.899507522583008
2003-08-19,19.85606575012207
2003-08-20,19.81959342956543
2003-08-21,19.85606575012207
2003-08-22,19.741422653198242
2003-08-25,19.661510467529297
2003-08-26,19.559017181396484
2003-08-27,19.593759536743164
2003-08-28,19.70841407775879
2003-08-29,19.72926139831543
2003-09-02,20.028059005737305
2003-09-03,20.290369033813477
2003-09-04,20.26605224609375
2003-09-05,20.30600929260254
2003-09-08,20.396337509155273
2003-09-09,20.436302185058594
2003-09-10,20.229572296142578
2003-09-11,20.34248924255371
2003-09-12,20.429349899291992
2003-09-15,20.488414764404297
2003-09-16,20.691669464111328
2003-09-17,20.827165603637695
2003-09-18,21.046049118041992
2003-09-19,20.967878341674805
2003-09-22,20.731616973876953
2003-09-23,20.778514862060547
2003-09-24,20.677762985229492
2003-09-25,20.41197395324707
2003-09-26,20.325119018554688
2003-09-29,20.585689544677734
2003-09-30,20.325119018554688
2003-10-01,20.99220085144043
2003-10-02,20.959192276000977
2003-10-03,21.26493263244629
2003-10-06,21.487295150756836
2003-10-07,21.45429039001465
2003-10-08,21.36569595336914
2003-10-09,21.513351440429688
2003-10-10,21.603687286376953
2003-10-13,21.817359924316406
2003-10-14,21.93201446533203
2003-10-15,21.723554611206055
2003-10-16,21.85384750366211
2003-10-17,21.740924835205078
2003-10-20,21.973705291748047
2003-10-21,21.899003982543945
2003-10-22,21.685335159301758
2003-10-23,21.410863876342773
2003-10-24,21.452547073364258
2003-10-27,21.548093795776367
2003-10-28,21.80173110961914
2003-10-29,21.77567481994629
2003-10-30,21.799991607666016
2003-10-31,21.645381927490234
2003-11-03,21.754823684692383
2003-11-04,21.87468910217285
2003-11-05,21.749610900878906
2003-11-06,21.55852508544922
2003-11-07,21.758298873901367
2003-11-10,21.57762908935547
2003-11-11,21.49598503112793
2003-11-12,21.944175720214844
2003-11-13,22.069257736206055
2003-11-14,21.919851303100586
2003-11-17,21.542884826660156
2003-11-18,21.628009796142578
2003-11-19,21.68012237548828
2003-11-20,21.541149139404297
2003-11-21,21.7739315032959
2003-11-24,21.937227249145508
2003-11-25,21.971965789794922
2003-11-26,22.15784454345703
2003-11-28,22.192594528198242
2003-12-01,22.632102966308594
2003-12-02,22.68595314025879
2003-12-03,22.731124877929688
2003-12-04,22.783239364624023
2003-12-05,22.61994743347168
2003-12-08,22.80929946899414
2003-12-09,22.713748931884766
2003-12-10,22.55045509338379
2003-12-11,22.80060577392578
2003-12-12,22.875314712524414
2003-12-15,22.72243309020996
2003-12-16,23.01359748840332
2003-12-17,22.959545135498047
2003-12-18,23.301265716552734
2003-12-19,23.17049789428711
2003-12-22,23.32364273071289
2003-12-23,23.373035430908203
2003-12-24,23.429494857788086
2003-12-26,23.387155532836914
2003-12-29,23.780588150024414
2003-12-30,23.826457977294922
2003-12-31,24.131683349609375
2004-01-02,24.196958541870117
2004-01-05,24.662721633911133
2004-01-06,24.69977378845215
2004-01-07,24.45277976989746
2004-01-08,24.803871154785156
2004-01-09,24.646846771240234
2004-01-12,24.639787673950195
2004-01-13,24.496883392333984
2004-01-14,24.708600997924805
2004-01-15,24.558635711669922
2004-01-16,24.470426559448242
2004-01-20,24.735061645507812
2004-01-21,25.034988403320312
2004-01-22,25.050865173339844
2004-01-23,24.782691955566406
2004-01-26,24.86208724975586
2004-01-27,24.752704620361328
2004-01-28,24.435131072998047
2004-01-29,24.466894149780273
2004-01-30,24.40337371826172
2004-02-02,24.3469295501709
2004-02-03,24.391035079956055
2004-02-04,24.126386642456055
2004-02-05,24.226951599121094
2004-02-06,24.68389129638672
2004-02-09,24.83914566040039
2004-02-10,24.946775436401367
2004-02-11,25.229055404663086
2004-02-12,25.008520126342773
2004-02-13,24.976770401000977
2004-02-17,25.458406448364258
2004-02-18,25.105560302734375
2004-02-19,25.273157119750977
2004-02-20,24.964418411254883
2004-02-23,25.034988403320312
2004-02-24,24.937957763671875
2004-02-25,24.752704620361328
2004-02-26,24.76152992248535
2004-02-27,24.964418411254883
2004-03-01,25.299625396728516
2004-03-02,24.893850326538086
2004-03-03,24.840923309326172
2004-03-04,24.920307159423828
2004-03-05,25.21141242980957
2004-03-08,25.04910659790039
2004-03-09,24.876205444335938
2004-03-10,24.477479934692383
2004-03-11,24.080516815185547
2004-03-12,24.2922306060791
2004-03-15,23.8793888092041
2004-03-16,24.099924087524414
2004-03-17,24.602746963500977
2004-03-18,24.593921661376953
2004-03-19,24.276348114013672
2004-03-22,23.960540771484375
2004-03-23,24.144033432006836
2004-03-24,24.048763275146484
2004-03-25,24.505704879760742
2004-03-26,24.399843215942383
2004-03-29,24.752704620361328
2004-03-30,24.805631637573242
2004-03-31,24.982059478759766
2004-04-01,25.313732147216797
2004-04-02,25.386064529418945
2004-04-05,25.386064529418945
2004-04-06,25.308452606201172
2004-04-07,25.347261428833008
2004-04-08,25.29433822631836
2004-04-12,25.458406448364258
2004-04-13,25.132015228271484
2004-04-14,24.872665405273438
2004-04-15,24.69977378845215
2004-04-16,24.964418411254883
2004-04-19,24.990880966186523
2004-04-20,24.646846771240234
2004-04-21,24.814453125
2004-04-22,24.990880966186523
2004-04-23,24.955596923828125
2004-04-26,24.948537826538086
2004-04-27,24.973234176635742
2004-04-28,24.512767791748047
2004-04-29,24.2498836517334
2004-04-30,24.135208129882812
2004-05-03,24.3822078704834
2004-05-04,24.692712783813477
2004-05-05,24.964418411254883
2004-05-06,24.435131072998047
2004-05-07,23.773530960083008
2004-05-10,23.16486358642578
2004-05-11,23.33246612548828
2004-05-12,23.482437133789062
2004-05-13,23.235437393188477
2004-05-14,23.216022491455078
2004-05-17,22.961971282958984
2004-05-18,23.205440521240234
2004-05-19,23.43479347229004
2004-05-20,23.464786529541016
2004-05-21,23.63768196105957
2004-05-24,23.78941535949707
2004-05-25,24.144033432006836
2004-05-26,24.099924087524414
2004-05-27,24.558635711669922
2004-05-28,24.410432815551758
2004-06-01,24.468652725219727
2004-06-02,24.539222717285156
2004-06-03,24.302820205688477
2004-06-04,24.593921661376953
2004-06-07,25.137313842773438
2004-06-08,24.996166229248047
2004-06-09,24.56744956970215
2004-06-10,24.858552932739258
2004-06-14,24.260469436645508
2004-06-15,24.690954208374023
2004-06-16,24.68214225769043
2004-06-17,24.840923309326172
2004-06-18,24.885026931762695
2004-06-21,24.796804428100586
2004-06-22,24.807395935058594
2004-06-23,24.964418411254883
2004-06-24,25.061447143554688
2004-06-25,24.96969985961914
2004-06-28,25.123201370239258
2004-06-29,25.07027816772461
2004-06-30,25.229055404663086
2004-07-01,24.91149139404297
2004-07-02,25.050865173339844
2004-07-06,24.638019561767578
2004-07-07,24.92913818359375
2004-07-08,24.770341873168945
2004-07-09,24.980289459228516
2004-07-12,25.052629470825195
2004-07-13,24.92913818359375
2004-07-14,24.787982940673828
2004-07-15,24.4792423248291
2004-07-16,24.676836013793945
2004-07-19,24.696243286132812
2004-07-20,24.708600997924805
2004-07-21,24.172252655029297
2004-07-22,24.302820205688477
2004-07-23,23.85469627380371
2004-07-26,23.85469627380371
2004-07-27,24.002883911132812
2004-07-28,24.034650802612305
2004-07-29,24.064634323120117
2004-07-30,24.15285301208496
2004-08-02,24.26752471923828
2004-08-03,24.108749389648438
2004-08-04,24.10521125793457
2004-08-05,23.747068405151367
2004-08-06,23.711780548095703
2004-08-09,23.685317993164062
2004-08-10,23.8793888092041
2004-08-11,23.799999237060547
2004-08-12,23.53536033630371
2004-08-13,23.676498413085938
2004-08-16,23.914674758911133
2004-08-17,23.93231964111328
2004-08-18,24.114032745361328
2004-08-19,24.057579040527344
2004-08-20,24.170494079589844
2004-08-23,23.974660873413086
2004-08-24,23.96936798095703
2004-08-25,24.223421096801758
2004-08-26,24.241058349609375
2004-08-27,24.302820205688477
2004-08-30,24.214601516723633
2004-08-31,24.440431594848633
2004-09-01,24.461599349975586
2004-09-02,24.717416763305664
2004-09-03,24.389265060424805
2004-09-07,24.72977066040039
2004-09-08,24.717416763305664
2004-09-09,24.638019561767578
2004-09-10,24.823274612426758
2004-09-13,24.91149139404297
2004-09-14,24.973234176635742
2004-09-15,24.615095138549805
2004-09-16,24.777406692504883
2004-09-17,24.858552932739258
2004-09-20,24.703296661376953
2004-09-21,25.089675903320312
2004-09-22,24.68214225769043
2004-09-23,24.615095138549805
2004-09-24,24.646846771240234
2004-09-27,24.52334976196289
2004-09-28,24.763290405273438
2004-09-29,24.858552932739258
2004-09-30,24.946775436401367
2004-10-01,25.334918975830078
2004-10-04,25.37372589111328
2004-10-05,25.38783836364746
2004-10-06,25.483108520507812
2004-10-07,25.308452606201172
2004-10-08,25.484878540039062
2004-10-11,25.54662322998047
2004-10-12,25.25551414489746
2004-10-13,25.07909393310547
2004-10-14,24.946775436401367
2004-10-15,25.230815887451172
2004-10-18,25.331384658813477
2004-10-19,25.281980514526367
2004-10-20,25.379024505615234
2004-10-21,25.52721405029297
2004-10-22,25.370203018188477
2004-10-25,25.343730926513672
2004-10-26,25.484878540039062
2004-10-27,25.749513626098633
2004-10-28,25.8200740814209
2004-10-29,25.8200740814209
2004-11-01,25.864192962646484
2004-11-02,26.0653133392334
2004-11-03,26.374069213867188
2004-11-04,26.742807388305664
2004-11-05,26.868061065673828
2004-11-08,26.681047439575195
2004-11-09,26.614004135131836
2004-11-10,26.56283950805664
2004-11-11,26.85218048095703
2004-11-12,27.16974639892578
2004-11-15,27.19621467590332
2004-11-16,26.966861724853516
2004-11-17,27.310890197753906
2004-11-18,27.249149322509766
2004-11-19,27.072721481323242
2004-11-22,27.15210723876953
2004-11-23,27.205045700073242
2004-11-24,27.32853889465332
2004-11-26,27.487323760986328
2004-11-29,27.575531005859375
2004-11-30,27.390287399291992
2004-12-01,27.86663818359375
2004-12-02,27.822528839111328
2004-12-03,27.988380432128906
2004-12-06,27.817241668701172
2004-12-07,27.665510177612305
2004-12-08,27.6461124420166
2004-12-09,27.53142738342285
2004-12-10,27.261493682861328
2004-12-13,27.67256736755371
2004-12-14,27.681385040283203
2004-12-15,27.849000930786133
2004-12-16,27.67256736755371
2004-12-17,27.593183517456055
2004-12-20,27.845474243164062
2004-12-21,28.04129981994629
2004-12-22,28.083646774291992
2004-12-23,28.267974853515625
2004-12-27,28.4901065826416
2004-12-28,28.679994583129883
2004-12-29,28.542055130004883
2004-12-30,28.545637130737305
2004-12-31,28.706865310668945
2005-01-03,28.500858306884766
2005-01-04,27.954484939575195
2005-01-05,27.936565399169922
2005-01-06,27.936565399169922
2005-01-07,27.811168670654297
2005-01-10,27.936565399169922
2005-01-11,27.882831573486328
2005-01-12,28.106754302978516
2005-01-13,27.86490821838379
2005-01-14,27.999267578125
2005-01-18,28.020767211914062
2005-01-19,27.730562210083008
2005-01-20,27.546058654785156
2005-01-21,27.655324935913086
2005-01-24,27.703693389892578
2005-01-25,27.712644577026367
2005-01-26,28.04764175415039
2005-01-27,28.088834762573242
2005-01-28,28.026140213012695
2005-01-31,28.16050148010254
2005-02-01,28.3360538482666
2005-02-02,28.37546157836914
2005-02-03,28.221399307250977
2005-02-04,28.366498947143555
2005-02-07,28.187362670898438
2005-02-08,28.187362670898438
2005-02-09,28.115711212158203
2005-02-10,28.407699584960938
2005-02-11,28.60476303100586
2005-02-14,28.826887130737305
2005-02-15,29.02035140991211
2005-02-16,28.764202117919922
2005-02-17,28.82330322265625
2005-02-18,28.966617584228516
2005-02-22,28.89855194091797
2005-02-23,28.912870407104492
2005-02-24,28.95766258239746
2005-02-25,29.2944393157959
2005-02-28,29.226367950439453
2005-03-01,29.387584686279297
2005-03-02,29.167253494262695
2005-03-03,29.181581497192383
2005-03-04,29.6921329498291
2005-03-07,29.56672477722168
2005-03-08,29.6473445892334
2005-03-09,29.512981414794922
2005-03-10,29.60972023010254
2005-03-11,29.60256004333496
2005-03-14,29.507610321044922
2005-03-15,29.32489013671875
2005-03-16,29.35892677307129
2005-03-17,29.32489013671875
2005-03-18,29.26577377319336
2005-03-21,29.066930770874023
2005-03-22,28.73373031616211
2005-03-23,28.542055130004883
2005-03-24,28.536680221557617
2005-03-28,28.536680221557617
2005-03-29,28.241104125976562
2005-03-30,28.472200393676758
2005-03-31,28.459653854370117
2005-04-01,28.393375396728516
2005-04-04,28.40233039855957
2005-04-05,28.554595947265625
2005-04-06,28.635208129882812
2005-04-07,28.75164222717285
2005-04-08,28.75164222717285
2005-04-11,28.859130859375
2005-04-12,28.9307918548584
2005-04-13,28.626249313354492
2005-04-14,28.25006675720215
2005-04-15,27.904327392578125
2005-04-18,27.80221176147461
2005-04-19,28.171236038208008
2005-04-20,27.811168670654297
2005-04-21,28.31455421447754
2005-04-22,28.21424674987793
2005-04-25,28.362916946411133
2005-04-26,28.008220672607422
2005-04-27,27.9329776763916
2005-04-28,27.556795120239258
2005-04-29,27.999267578125
2005-05-02,27.990304946899414
2005-05-03,28.051218032836914
2005-05-04,28.38442039489746
2005-05-05,28.425613403320312
2005-05-06,28.302011489868164
2005-05-09,28.366498947143555
2005-05-10,27.972396850585938
2005-05-11,28.097795486450195
2005-05-12,27.74847412109375
2005-05-13,27.587247848510742
2005-05-16,27.69831657409668
2005-05-17,27.694730758666992
2005-05-18,28.008220672607422
2005-05-19,28.027925491333008
2005-05-20,27.909696578979492
2005-05-23,28.14079475402832
2005-05-24,28.067346572875977
2005-05-25,27.990304946899414
2005-05-26,28.008220672607422
2005-05-27,28.12466812133789
2005-05-31,27.757431030273438
2005-06-01,27.925819396972656
2005-06-02,28.164077758789062
2005-06-03,27.90074348449707
2005-06-06,28.085254669189453
2005-06-07,28.228565216064453
2005-06-08,28.12466812133789
2005-06-09,28.235733032226562
2005-06-10,28.12824249267578
2005-06-13,28.03151512145996
2005-06-14,27.999267578125
2005-06-15,28.165861129760742
2005-06-16,28.25722312927246
2005-06-17,28.681779861450195
2005-06-20,28.413084030151367
2005-06-21,28.628042221069336
2005-06-22,28.542055130004883
2005-06-23,28.2196044921875
2005-06-24,28.21424674987793
2005-06-27,28.149747848510742
2005-06-28,28.310976028442383
2005-06-29,28.192739486694336
2005-06-30,28.15511703491211
2005-07-01,28.117494583129883
2005-07-05,28.149747848510742
2005-07-06,28.074501037597656
2005-07-07,27.918651580810547
2005-07-08,28.294841766357422
2005-07-11,28.499067306518555
2005-07-12,28.794633865356445
2005-07-13,28.56355857849121
2005-07-14,28.644168853759766
2005-07-15,28.568927764892578
2005-07-18,28.48832130432129
2005-07-19,28.552804946899414
2005-07-20,28.746274948120117
2005-07-21,28.805383682250977
2005-07-22,28.778522491455078
2005-07-25,28.697908401489258
2005-07-26,28.61191749572754
2005-07-27,28.93973731994629
2005-07-28,29.138578414916992
2005-07-29,28.998865127563477
2005-08-01,29.28369140625
2005-08-02,29.4932861328125
2005-08-03,29.71361541748047
2005-08-04,29.471790313720703
2005-08-05,29.36429786682129
2005-08-08,29.434165954589844
2005-08-09,29.810352325439453
2005-08-10,30.014570236206055
2005-08-11,30.49824333190918
2005-08-12,30.310148239135742
2005-08-15,30.363889694213867
2005-08-16,30.036052703857422
2005-08-17,29.960824966430664
2005-08-18,29.638383865356445
2005-08-19,29.783483505249023
2005-08-22,30.11131477355957
2005-08-23,29.982322692871094
2005-08-24,29.665260314941406
2005-08-25,29.778099060058594
2005-08-26,29.681373596191406
2005-08-29,29.665260314941406
2005-08-30,29.57926368713379
2005-08-31,30.11131477355957
2005-09-01,30.471372604370117
2005-09-02,30.578859329223633
2005-09-06,30.955049514770508
2005-09-07,30.869062423706055
2005-09-08,30.632593154907227
2005-09-09,31.035661697387695
2005-09-12,30.79381561279297
2005-09-13,30.584230422973633
2005-09-14,30.60572624206543
2005-09-15,30.62723159790039
2005-09-16,30.97116470336914
2005-09-19,30.766944885253906
2005-09-20,30.65408706665039
2005-09-21,30.686328887939453
2005-09-22,30.65408706665039
2005-09-23,30.525121688842773
2005-09-26,30.858301162719727
2005-09-27,30.740081787109375
2005-09-28,31.057159423828125
2005-09-29,31.427974700927734
2005-09-30,31.223751068115234
2005-10-03,31.116273880004883
2005-10-04,30.91205406188965
2005-10-05,30.643346786499023
2005-10-06,30.49824333190918
2005-10-07,30.60572624206543
2005-10-10,30.455242156982422
2005-10-11,30.492870330810547
2005-10-12,30.288654327392578
2005-10-13,30.224164962768555
2005-10-14,30.508995056152344
2005-10-17,30.202674865722656
2005-10-18,29.85334587097168
2005-10-19,30.095178604125977
2005-10-20,29.407297134399414
2005-10-21,29.536270141601562
2005-10-24,29.998451232910156
2005-10-25,30.030698776245117
2005-10-26,29.976959228515625
2005-10-27,29.917831420898438
2005-10-28,30.17580223083496
2005-10-31,30.22954559326172
2005-11-01,30.487499237060547
2005-11-02,30.90667724609375
2005-11-03,30.89055633544922
2005-11-04,30.60572624206543
2005-11-07,30.783069610595703
2005-11-08,30.70783805847168
2005-11-09,30.686328887939453
2005-11-10,30.648719787597656
2005-11-11,30.809947967529297
2005-11-14,30.62723159790039
2005-11-15,30.460622787475586
2005-11-16,30.406888961791992
2005-11-17,30.928176879882812
2005-11-18,31.143144607543945
2005-11-21,31.186128616333008
2005-11-22,31.28824234008789
2005-11-23,31.438716888427734
2005-11-25,31.137773513793945
2005-11-28,31.218379974365234
2005-11-29,31.170013427734375
2005-11-30,30.928176879882812
2005-12-01,31.508590698242188
2005-12-02,31.626811981201172
2005-12-05,31.76654052734375
2005-12-06,31.86328125
2005-12-07,31.653682708740234
2005-12-08,31.64830780029297
2005-12-09,31.965381622314453
2005-12-12,32.36845016479492
2005-12-13,32.524295806884766
2005-12-14,32.508174896240234
2005-12-15,32.20722579956055
2005-12-16,32.45980453491211
2005-12-19,32.40069580078125
2005-12-20,32.40606689453125
2005-12-21,32.561912536621094
2005-12-22,32.75000762939453
2005-12-23,32.73359680175781
2005-12-27,32.43252182006836
2005-12-28,32.66789627075195
2005-12-29,32.67885971069336
2005-12-30,32.53105926513672
2006-01-03,33.62034225463867
2006-01-04,33.899513244628906
2006-01-05,33.729827880859375
2006-01-06,34.18415451049805
2006-01-09,34.200584411621094
2006-01-10,33.89404296875
2006-01-11,34.18415451049805
2006-01-12,33.90498352050781
2006-01-13,34.0363655090332
2006-01-17,33.609405517578125
2006-01-18,33.15507125854492
2006-01-19,33.53276824951172
2006-01-20,33.02370071411133
2006-01-23,33.48350143432617
2006-01-24,33.6531867980957
2006-01-25,33.768150329589844
2006-01-26,34.1677360534668
2006-01-27,34.348365783691406
2006-01-30,34.3757438659668
2006-01-31,34.408592224121094
2006-02-01,34.5125846862793
2006-02-02,34.12394714355469
2006-02-03,34.0363655090332
2006-02-06,33.987098693847656
2006-02-07,33.73530197143555
2006-02-08,33.85572814941406
2006-02-09,33.92140579223633
2006-02-10,33.84477996826172
2006-02-13,33.609405517578125
2006-02-14,33.981632232666016
2006-02-15,33.67509078979492
2006-02-16,33.998046875
2006-02-17,33.899513244628906
2006-02-21,33.90498352050781
2006-02-22,34.16225814819336
2006-02-23,34.24984359741211
2006-02-24,34.36478805541992
2006-02-27,34.48521041870117
2006-02-28,34.1677360534668
2006-03-01,34.518070220947266
2006-03-02,34.45237731933594
2006-03-03,34.310054779052734
2006-03-06,34.178680419921875
2006-03-07,33.762672424316406
2006-03-08,33.87762451171875
2006-03-09,33.83930587768555
2006-03-10,34.353843688964844
2006-03-13,34.63848876953125
2006-03-14,35.00523376464844
2006-03-15,35.13113021850586
2006-03-16,35.24607849121094
2006-03-17,35.415775299072266
2006-03-20,35.4869384765625
2006-03-21,35.12018966674805
2006-03-22,35.44861602783203
2006-03-23,35.02165603637695
2006-03-24,35.30082321166992
2006-03-27,35.240604400634766
2006-03-28,34.90122985839844
2006-03-29,35.36102294921875
2006-03-30,35.78799819946289
2006-03-31,35.536197662353516
2006-04-03,35.924835205078125
2006-04-04,36.209476470947266
2006-04-05,36.32990264892578
2006-04-06,36.36274337768555
2006-04-07,35.94673538208008
2006-04-10,36.012420654296875
2006-04-11,35.77157211303711
2006-04-12,35.59640121459961
2006-04-13,35.68946838378906
2006-04-17,35.85367202758789
2006-04-18,36.58717346191406
2006-04-19,36.83897399902344
2006-04-20,36.67475891113281
2006-04-21,36.92107391357422
2006-04-24,36.95938491821289
2006-04-25,36.93750762939453
2006-04-26,37.167396545410156
2006-04-27,37.23309326171875
2006-04-28,37.238563537597656
2006-05-01,37.22214126586914
2006-05-02,37.791419982910156
2006-05-03,37.566986083984375
2006-05-04,37.85710525512695
2006-05-05,38.437339782714844
2006-05-08,38.40449142456055
2006-05-09,38.63439178466797
2006-05-10,38.51397705078125
2006-05-11,38.12532424926758
2006-05-12,37.63267517089844
2006-05-15,37.309722900390625
2006-05-16,37.25497817993164
2006-05-17,36.06715774536133
2006-05-18,35.957672119140625
2006-05-19,36.138328552246094
2006-05-22,35.344608306884766
2006-05-23,35.35556411743164
2006-05-24,35.33365249633789
2006-05-25,35.80987548828125
2006-05-26,36.100013732910156
2006-05-30,35.552616119384766
2006-05-31,35.81536102294922
2006-06-01,36.045249938964844
2006-06-02,36.39558410644531
2006-06-05,35.60737228393555
2006-06-06,35.1749267578125
2006-06-07,34.69322204589844
2006-06-08,33.92688751220703
2006-06-09,33.88857650756836
2006-06-12,33.59846878051758
2006-06-13,32.5474739074707
2006-06-14,33.01823425292969
2006-06-15,34.15679168701172
2006-06-16,33.883094787597656
2006-06-19,33.71339797973633
2006-06-20,33.91592788696289
2006-06-21,34.353843688964844
2006-06-22,34.17319869995117
2006-06-23,34.074684143066406
2006-06-26,34.342899322509766
2006-06-27,33.70793533325195
2006-06-28,34.091102600097656
2006-06-29,35.3500862121582
2006-06-30,35.79347229003906
2006-07-03,35.979576110839844
2006-07-05,35.29534149169922
2006-07-06,35.667572021484375
2006-07-07,35.50334930419922
2006-07-10,35.79894256591797
2006-07-11,35.8974723815918
2006-07-12,35.224185943603516
2006-07-13,34.60564041137695
2006-07-14,34.310054779052734
2006-07-17,33.82836151123047
2006-07-18,33.77362060546875
2006-07-19,34.60564041137695
2006-07-20,34.41952896118164
2006-07-21,34.41952896118164
2006-07-24,35.043548583984375
2006-07-25,35.03260803222656
2006-07-26,35.27891159057617
2006-07-27,35.49787902832031
2006-07-28,36.209476470947266
2006-07-31,36.083580017089844
2006-08-01,35.831790924072266
2006-08-02,36.22589874267578
2006-08-03,36.16569519042969
2006-08-04,36.193058013916016
2006-08-07,35.968631744384766
2006-08-08,35.84273147583008
2006-08-09,36.01789474487305
2006-08-10,36.100013732910156
2006-08-11,35.78799819946289
2006-08-14,35.908416748046875
2006-08-15,36.68569564819336
2006-08-16,37.01959991455078
2006-08-17,36.88276672363281
2006-08-18,37.03603744506836
2006-08-21,36.92107391357422
2006-08-22,36.817081451416016
2006-08-23,36.68569564819336
2006-08-24,36.58171081542969
2006-08-25,36.55432891845703
2006-08-28,36.70759582519531
2006-08-29,37.00318908691406
2006-08-30,37.00318908691406
2006-08-31,37.00318908691406
2006-09-01,37.2768669128418
2006-09-05,37.47393035888672
2006-09-06,36.84444046020508
2006-09-07,36.401058197021484
2006-09-08,36.41202163696289
2006-09-11,36.193058013916016
2006-09-12,36.60906982421875
2006-09-13,36.537906646728516
2006-09-14,36.58717346191406
2006-09-15,36.51054000854492
2006-09-18,36.663818359375
2006-09-19,36.324432373046875
2006-09-20,36.680240631103516
2006-09-21,36.7678108215332
2006-09-22,36.58717346191406
2006-09-25,36.74043655395508
2006-09-26,36.82801818847656
2006-09-27,37.06340026855469
2006-09-28,37.167396545410156
2006-09-29,37.08529281616211
2006-10-02,37.189300537109375
2006-10-03,37.22214126586914
2006-10-04,37.577938079833984
2006-10-05,37.62173843383789
2006-10-06,37.287837982177734
2006-10-09,37.31519317626953
2006-10-10,37.358985900878906
2006-10-11,37.33161544799805
2006-10-12,37.73120880126953
2006-10-13,37.7968864440918
2006-10-16,37.939208984375
2006-10-17,37.70382308959961
2006-10-18,37.7968864440918
2006-10-19,38.08152770996094
2006-10-20,38.20197296142578
2006-10-23,38.23479080200195
2006-10-24,38.24028015136719
2006-10-25,38.508487701416016
2006-10-26,38.804080963134766
2006-10-27,38.535865783691406
2006-10-30,38.4537467956543
2006-10-31,38.47565460205078
2006-11-01,38.40996551513672
2006-11-02,38.55228042602539
2006-11-03,38.40449142456055
2006-11-06,38.97377014160156
2006-11-07,39.01755905151367
2006-11-08,39.02850341796875
2006-11-09,38.83145523071289
2006-11-10,38.98472595214844
2006-11-13,38.73838806152344
2006-11-14,39.16536331176758
2006-11-15,39.15439987182617
2006-11-16,39.072296142578125
2006-11-17,38.95734786987305
2006-11-20,38.66176223754883
2006-11-21,38.85334014892578
2006-11-22,39.231040954589844
2006-11-24,39.02302551269531
2006-11-27,38.7000617980957
2006-11-28,39.04492950439453
2006-11-29,39.48830795288086
2006-11-30,39.65799331665039
2006-12-01,39.60873794555664
2006-12-04,39.866004943847656
2006-12-05,40.090431213378906
2006-12-06,40.00285339355469
2006-12-07,40.139705657958984
2006-12-08,40.041168212890625
2006-12-11,40.20538330078125
2006-12-12,40.369598388671875
2006-12-13,40.52286911010742
2006-12-14,40.68708419799805
2006-12-15,40.52286911010742
2006-12-18,40.46266174316406
2006-12-19,40.6432991027832
2006-12-20,40.5721321105957
2006-12-21,40.551448822021484
2006-12-22,40.456424713134766
2006-12-26,40.43965530395508
2006-12-27,40.94270706176758
2006-12-28,40.970664978027344
2006-12-29,40.92594909667969
2007-01-03,41.088035583496094
2007-01-04,40.970664978027344
2007-01-05,40.35581588745117
2007-01-08,40.411712646484375
2007-01-09,40.45084762573242
2007-01-10,40.14342498779297
2007-01-11,40.400535583496094
2007-01-12,40.85887145996094
2007-01-16,40.808570861816406
2007-01-17,40.830936431884766
2007-01-18,40.69119644165039
2007-01-19,41.18865203857422
2007-01-22,40.981834411621094
2007-01-23,41.345157623291016
2007-01-24,41.61345291137695
2007-01-25,40.9371223449707
2007-01-26,41.015380859375
2007-01-29,41.060089111328125
2007-01-30,41.33957290649414
2007-01-31,41.496063232421875
2007-02-01,41.84261703491211
2007-02-02,41.75877380371094
2007-02-05,41.62462615966797
2007-02-06,41.94881820678711
2007-02-07,42.06618881225586
2007-02-08,41.89851379394531
2007-02-09,41.719635009765625
2007-02-12,41.557559967041016
2007-02-13,42.08855438232422
2007-02-14,42.65867233276367
2007-02-15,42.70899200439453
2007-02-16,42.692195892333984
2007-02-20,42.75369644165039
2007-02-21,42.53571319580078
2007-02-22,42.72574996948242
2007-02-23,42.85988998413086
2007-02-26,42.88225555419922
2007-02-27,41.15510940551758
2007-02-28,41.445770263671875
2007-03-01,41.02096939086914
2007-03-02,40.46761703491211
2007-03-05,39.62918472290039
2007-03-06,40.85887145996094
2007-03-07,40.87004470825195
2007-03-08,41.35074996948242
2007-03-09,41.41781997680664
2007-03-12,41.68611526489258
2007-03-13,40.69119644165039
2007-03-14,40.70796203613281
2007-03-15,40.89241409301758
2007-03-16,40.94270706176758
2007-03-19,41.57431411743164
2007-03-20,41.926448822021484
2007-03-21,42.820770263671875
2007-03-22,42.65867233276367
2007-03-23,42.75927734375
2007-03-26,42.77605056762695
2007-03-27,42.58601379394531
2007-03-28,42.21151351928711
2007-03-29,42.580413818359375
2007-03-30,42.64749526977539
2007-04-02,42.75927734375
2007-04-03,43.117008209228516
2007-04-04,43.29587173461914
2007-04-05,43.45237731933594
2007-04-09,43.41883850097656
2007-04-10,43.74302673339844
2007-04-11,43.53062438964844
2007-04-12,43.82128143310547
2007-04-13,43.966609954833984
2007-04-16,44.43052291870117
2007-04-17,44.43611526489258
2007-04-18,44.41935729980469
2007-04-19,44.25166320800781
2007-04-20,44.76031494140625
2007-04-23,44.3243408203125
2007-04-24,44.296390533447266
2007-04-25,44.71000671386719
2007-04-26,44.50318145751953
2007-04-27,44.40817642211914
2007-04-30,44.24606704711914
2007-05-01,44.20136642456055
2007-05-02,44.53673553466797
2007-05-03,44.598209381103516
2007-05-04,45.017417907714844
2007-05-07,45.08450698852539
2007-05-08,44.71559143066406
2007-05-09,44.96153259277344
2007-05-10,44.07280349731445
2007-05-11,44.816200256347656
2007-05-14,44.64852523803711
2007-05-15,44.726749420166016
2007-05-16,44.79384231567383
2007-05-17,44.56468963623047
2007-05-18,44.9056396484375
2007-05-21,44.698822021484375
2007-05-22,44.737953186035156
2007-05-23,44.967124938964844
2007-05-24,44.53673553466797
2007-05-25,44.821773529052734
2007-05-29,44.877681732177734
2007-05-30,45.06771469116211
2007-05-31,45.29130172729492
2007-06-01,45.58754348754883
2007-06-04,45.71052932739258
2007-06-05,45.47574996948242
2007-06-06,44.821773529052734
2007-06-07,44.0560417175293
2007-06-08,44.53673553466797
2007-06-11,44.687644958496094
2007-06-12,43.89393997192383
2007-06-13,44.46407699584961
2007-06-14,44.79384231567383
2007-06-15,45.157161712646484
2007-06-18,45.40867233276367
2007-06-19,45.45340347290039
2007-06-20,44.916812896728516
2007-06-21,45.3248405456543
2007-06-22,44.698822021484375
2007-06-25,44.687644958496094
2007-06-26,44.46407699584961
2007-06-27,44.78265380859375
2007-06-28,44.816200256347656
2007-06-29,45.14598083496094
2007-07-02,45.799949645996094
2007-07-03,46.017921447753906
2007-07-05,45.788761138916016
2007-07-06,46.1185417175293
2007-07-09,46.23033905029297
2007-07-10,45.66580581665039
2007-07-11,46.09618377685547
2007-07-12,46.738975524902344
2007-07-13,46.7054443359375
2007-07-16,46.59925079345703
2007-07-17,46.44272994995117
2007-07-18,46.280635833740234
2007-07-19,46.54334259033203
2007-07-20,46.062660217285156
2007-07-23,46.34212875366211
2007-07-24,45.643436431884766
2007-07-25,45.52048110961914
2007-07-26,44.005733489990234
2007-07-27,43.39649200439453
2007-07-30,44.167823791503906
2007-07-31,44.11193084716797
2007-08-01,44.184593200683594
2007-08-02,44.31875228881836
2007-08-03,43.519447326660156
2007-08-06,43.994537353515625
2007-08-07,44.14546585083008
2007-08-08,44.86091995239258
2007-08-09,43.58094787597656
2007-08-10,42.83193588256836
2007-08-13,42.91578674316406
2007-08-14,42.502174377441406
2007-08-15,41.50725173950195
2007-08-16,41.32838439941406
2007-08-17,41.708465576171875
2007-08-20,41.84261703491211
2007-08-21,41.814666748046875
2007-08-22,42.80400466918945
2007-08-23,42.994041442871094
2007-08-24,43.74302673339844
2007-08-27,43.27910232543945
2007-08-28,42.40715789794922
2007-08-29,43.37971878051758
2007-08-30,43.077884674072266
2007-08-31,43.832462310791016
2007-09-04,44.23489761352539
2007-09-05,43.59213638305664
2007-09-06,43.754207611083984
2007-09-07,43.22320556640625
2007-09-10,43.04433822631836
2007-09-11,43.787750244140625
2007-09-12,43.832462310791016
2007-09-13,44.01691818237305
2007-09-14,43.75979232788086
2007-09-17,43.144954681396484
2007-09-18,44.54791259765625
2007-09-19,44.950347900390625
2007-09-20,44.91120910644531
2007-09-21,45.10685348510742
2007-09-24,45.20745849609375
2007-09-25,45.26335525512695
2007-09-26,45.48694610595703
2007-09-27,46.090614318847656
2007-09-28,46.16325759887695
2007-10-01,46.7557373046875
2007-10-02,46.63838195800781
2007-10-03,46.42596435546875
2007-10-04,46.58805465698242
2007-10-05,47.06317138671875
2007-10-08,46.6271858215332
2007-10-09,47.146995544433594
2007-10-10,47.05757522583008
2007-10-11,47.27555847167969
2007-10-12,47.48237228393555
2007-10-15,47.0966911315918
2007-10-16,46.37006378173828
2007-10-17,46.86195755004883
2007-10-18,46.973731994628906
2007-10-19,45.93967819213867
2007-10-22,45.883785247802734
2007-10-23,46.532169342041016
2007-10-24,46.431556701660156
2007-10-25,46.64395523071289
2007-10-26,47.48795700073242
2007-10-29,47.83450698852539
2007-10-30,47.45441818237305
2007-10-31,48.125152587890625
2007-11-01,47.113468170166016
2007-11-02,47.376155853271484
2007-11-05,46.6215934753418
2007-11-06,47.32586669921875
2007-11-07,46.50421905517578
2007-11-08,46.58805465698242
2007-11-09,45.68256378173828
2007-11-12,44.93357849121094
2007-11-13,46.140899658203125
2007-11-14,46.068233489990234
2007-11-15,45.30807876586914
2007-11-16,45.45340347290039
2007-11-19,44.25166320800781
2007-11-20,45.24100112915039
2007-11-21,44.21812057495117
2007-11-23,45.33042526245117
2007-11-26,44.620582580566406
2007-11-27,45.224246978759766
2007-11-28,46.50979995727539
2007-11-29,46.12971878051758
2007-11-30,46.381248474121094
2007-12-03,46.20797348022461
2007-12-04,45.917320251464844
2007-12-05,46.44832229614258
2007-12-06,46.8898811340332
2007-12-07,46.7054443359375
2007-12-10,47.18612289428711
2007-12-11,45.956459045410156
2007-12-12,46.87870407104492
2007-12-13,45.92291259765625
2007-12-14,44.68205642700195
2007-12-17,43.73183822631836
2007-12-18,44.279624938964844
2007-12-19,43.91630935668945
2007-12-20,44.22929763793945
2007-12-21,44.86091995239258
2007-12-24,45.04435348510742
2007-12-26,45.17045593261719
2007-12-27,44.89531707763672
2007-12-28,45.279361724853516
2007-12-31,44.99849319458008
2008-01-02,44.837989807128906
2008-01-03,44.912513732910156
2008-01-04,43.89215087890625
2008-01-07,43.938026428222656
2008-01-08,43.6915283203125
2008-01-09,44.006813049316406
2008-01-10,43.96094512939453
2008-01-11,43.08391571044922
2008-01-14,43.77177047729492
2008-01-15,42.35017776489258
2008-01-16,41.496063232421875
2008-01-17,40.871238708496094
2008-01-18,41.10626220703125
2008-01-22,39.959815979003906
2008-01-23,39.724796295166016
2008-01-24,41.11773681640625
2008-01-25,40.52157211303711
2008-01-28,40.974430084228516
2008-01-29,41.22092056274414
2008-01-30,41.03174591064453
2008-01-31,41.46739959716797
2008-02-01,42.16101837158203
2008-02-04,41.73109436035156
2008-02-05,39.81649398803711
2008-02-06,39.782108306884766
2008-02-07,39.581478118896484
2008-02-08,39.17448043823242
2008-02-11,39.38084411621094
2008-02-12,40.22922897338867
2008-02-13,40.50437927246094
2008-02-14,40.3209342956543
2008-02-15,40.46998596191406
2008-02-19,40.865501403808594
2008-02-20,40.653411865234375
2008-02-21,40.57890701293945
2008-02-22,41.09479904174805
2008-02-25,41.748287200927734
2008-02-26,42.36737823486328
2008-02-27,42.50495147705078
2008-02-28,42.09795379638672
2008-02-29,41.043212890625
2008-03-03,41.16359329223633
2008-03-04,40.53877258300781
2008-03-05,41.026023864746094
2008-03-06,40.441314697265625
2008-03-07,39.96554183959961
2008-03-10,39.76490783691406
2008-03-11,41.0202751159668
2008-03-12,41.0202751159668
2008-03-13,41.08906555175781
2008-03-14,40.097381591796875
2008-03-17,39.48976516723633
2008-03-18,40.69926834106445
2008-03-19,39.22607421875
2008-03-20,39.81649398803711
2008-03-24,40.544498443603516
2008-03-25,41.13493347167969
2008-03-26,41.13493347167969
2008-03-27,41.100528717041016
2008-03-28,41.06614303588867
2008-03-31,41.21518325805664
2008-04-01,42.51641845703125
2008-04-02,42.60813522338867
2008-04-03,42.73423767089844
2008-04-04,42.87753677368164
2008-04-07,43.14122772216797
2008-04-08,42.68838119506836
2008-04-09,42.33870315551758
2008-04-10,42.20686340332031
2008-04-11,41.63936233520508
2008-04-14,41.73109436035156
2008-04-15,42.0234375
2008-04-16,43.347599029541016
2008-04-17,42.86608123779297
2008-04-18,43.16987991333008
2008-04-21,43.50809097290039
2008-04-22,43.055240631103516
2008-04-23,43.278804779052734
2008-04-24,42.99791717529297
2008-04-25,43.35332489013672
2008-04-28,43.60554504394531
2008-04-29,43.22148895263672
2008-04-30,43.456512451171875
2008-05-01,43.72019958496094
2008-05-02,43.840579986572266
2008-05-05,43.91509246826172
2008-05-06,44.241825103759766
2008-05-07,43.46796417236328
2008-05-08,43.84630584716797
2008-05-09,43.496620178222656
2008-05-12,43.932289123535156
2008-05-13,43.783233642578125
2008-05-14,43.783233642578125
2008-05-15,44.528446197509766
2008-05-16,45.00995635986328
2008-05-19,44.8265380859375
2008-05-20,44.41379165649414
2008-05-21,43.90935516357422
2008-05-22,44.41953659057617
2008-05-23,43.91509246826172
2008-05-27,43.829105377197266
2008-05-28,43.8233757019043
2008-05-29,43.725929260253906
2008-05-30,43.97242736816406
2008-06-02,43.51383972167969
2008-06-03,43.4221076965332
2008-06-04,43.16987991333008
2008-06-05,43.88642883300781
2008-06-06,42.62533950805664
2008-06-09,42.5680046081543
2008-06-10,41.845733642578125
2008-06-11,41.31264114379883
2008-06-12,41.1693229675293
2008-06-13,41.547664642333984
2008-06-16,41.759742736816406
2008-06-17,41.88585662841797
2008-06-18,41.54193115234375
2008-06-19,41.461666107177734
2008-06-20,40.555965423583984
2008-06-23,40.550235748291016
2008-06-24,40.366798400878906
2008-06-25,40.79783630371094
2008-06-26,39.76404571533203
2008-06-27,39.869171142578125
2008-06-30,40.10863494873047
2008-07-01,39.67641830444336
2008-07-02,39.045616149902344
2008-07-03,39.29677200317383
2008-07-07,38.95801544189453
2008-07-08,39.16244125366211
2008-07-09,38.65428924560547
2008-07-10,38.98720932006836
2008-07-11,38.373924255371094
2008-07-14,38.29216003417969
2008-07-15,37.67887878417969
2008-07-16,38.373924255371094
2008-07-17,38.95801544189453
2008-07-18,39.209163665771484
2008-07-21,39.436946868896484
2008-07-22,39.5712890625
2008-07-23,39.717315673828125
2008-07-24,38.9930419921875
2008-07-25,39.0748291015625
2008-07-28,38.420650482177734
2008-07-29,38.80030059814453
2008-07-30,39.16244125366211
2008-07-31,38.77694320678711
2008-08-01,38.19870376586914
2008-08-04,37.83657455444336
2008-08-05,38.794464111328125
2008-08-06,38.806148529052734
2008-08-07,38.02931594848633
2008-08-08,38.1870231628418
2008-08-11,38.151981353759766
2008-08-12,37.877464294433594
2008-08-13,37.28171920776367
2008-08-14,37.13569259643555
2008-08-15,36.89037322998047
2008-08-18,36.70347213745117
2008-08-19,36.28876876831055
2008-08-20,36.504878997802734
2008-08-21,36.65089416503906
2008-08-22,36.820281982421875
2008-08-25,36.24204635620117
2008-08-26,36.42310333251953
2008-08-27,36.76771545410156
2008-08-28,37.24081039428711
2008-08-29,37.129844665527344
2008-09-02,36.55744552612305
2008-09-03,36.40558624267578
2008-09-04,34.84609603881836
2008-09-05,34.717594146728516
2008-09-08,35.494422912597656
2008-09-09,34.343772888183594
2008-09-10,34.67671585083008
2008-09-11,34.600791931152344
2008-09-12,35.2783203125
2008-09-15,33.77722930908203
2008-09-16,33.52608108520508
2008-09-17,32.2469482421875
2008-09-18,33.71298599243164
2008-09-19,36.10186767578125
2008-09-22,34.86946105957031
2008-09-23,34.37883377075195
2008-09-24,34.478126525878906
2008-09-25,35.27248001098633
2008-09-26,34.89866256713867
2008-09-29,31.002864837646484
2008-09-30,32.88359451293945
2008-10-01,32.63829040527344
2008-10-02,31.213136672973633
2008-10-03,31.09048843383789
2008-10-06,29.33240509033203
2008-10-07,27.959814071655273
2008-10-08,27.33485984802246
2008-10-09,25.699432373046875
2008-10-10,24.74155044555664
2008-10-13,28.67239761352539
2008-10-14,28.082475662231445
2008-10-15,25.086158752441406
2008-10-16,26.563867568969727
2008-10-17,25.99730110168457
2008-10-20,27.656095504760742
2008-10-21,26.096609115600586
2008-10-22,24.192514419555664
2008-10-23,24.724023818969727
2008-10-24,23.1236515045166
2008-10-27,21.908767700195312
2008-10-28,24.928447723388672
2008-10-29,24.98685646057129
2008-10-30,25.86298370361328
2008-10-31,26.032352447509766
2008-11-03,26.13749122619629
2008-11-04,27.930612564086914
2008-11-05,26.41200828552246
2008-11-06,24.70650291442871
2008-11-07,26.10244369506836
2008-11-10,25.711122512817383
2008-11-11,24.864206314086914
2008-11-12,23.52666664123535
2008-11-13,25.530052185058594
2008-11-14,24.064016342163086
2008-11-17,23.625951766967773
2008-11-18,23.666841506958008
2008-11-19,22.083995819091797
2008-11-20,20.869110107421875
2008-11-21,22.3526668548584
2008-11-24,23.69020652770996
2008-11-25,24.122419357299805
2008-11-26,24.385255813598633
2008-11-28,24.373577117919922
2008-12-01,22.381872177124023
2008-12-02,23.596752166748047
2008-12-03,23.912158966064453
2008-12-04,23.176212310791016
2008-12-05,23.468259811401367
2008-12-08,24.58384895324707
2008-12-09,24.356054306030273
2008-12-10,24.998546600341797
2008-12-11,24.8875675201416
2008-12-12,25.13287353515625
2008-12-15,25.197126388549805
2008-12-16,26.645633697509766
2008-12-17,26.51129722595215
2008-12-18,25.699432373046875
2008-12-19,25.32563018798828
2008-12-22,25.150400161743164
2008-12-23,24.96170997619629
2008-12-24,25.29295539855957
2008-12-26,25.4112548828125
2008-12-29,25.417173385620117
2008-12-30,26.18021583557129
2008-12-31,26.535131454467773
2009-01-02,26.87820053100586
2009-01-05,26.446395874023438
2009-01-06,26.730323791503906
2009-01-07,26.268949508666992
2009-01-08,26.659339904785156
2009-01-09,25.73658561706543
2009-01-12,25.115507125854492
2009-01-13,24.654123306274414
2009-01-14,23.642641067504883
2009-01-15,23.8555908203125
2009-01-16,23.99755096435547
2009-01-20,22.24076271057129
2009-01-21,23.32914161682129
2009-01-22,22.784954071044922
2009-01-23,22.625240325927734
2009-01-26,23.068880081176758
2009-01-27,23.518428802490234
2009-01-28,24.21049690246582
2009-01-29,23.11028289794922
2009-01-30,22.891427993774414
2009-02-02,22.666654586791992
2009-02-03,23.31730842590332
2009-02-04,23.199012756347656
2009-02-05,23.530256271362305
2009-02-06,24.07444190979004
2009-02-09,24.068532943725586
2009-02-10,22.873676300048828
2009-02-11,23.122114181518555
2009-02-12,23.051136016845703
2009-02-13,22.802698135375977
2009-02-17,21.590106964111328
2009-02-18,21.572357177734375
2009-02-19,21.542774200439453
2009-02-20,21.229278564453125
2009-02-23,20.41891860961914
2009-02-24,21.27069091796875
2009-02-25,20.685089111328125
2009-02-26,20.513553619384766
2009-02-27,20.513553619384766
2009-03-02,19.33645248413086
2009-03-03,19.25955581665039
2009-03-04,20.117244720458984
2009-03-05,19.306880950927734
2009-03-06,19.271390914916992
2009-03-09,18.75086212158203
2009-03-10,20.010772705078125
2009-03-11,20.12316131591797
2009-03-12,20.57862663269043
2009-03-13,20.71466827392578
2009-03-16,20.939443588256836
2009-03-17,21.489553451538086
2009-03-18,22.10471534729004
2009-03-19,22.09288787841797
2009-03-20,21.785303115844727
2009-03-23,23.35280990600586
2009-03-24,22.61933708190918
2009-03-25,22.96831512451172
2009-03-26,23.275909423828125
2009-03-27,22.530603408813477
2009-03-30,21.67291259765625
2009-03-31,22.234851837158203
2009-04-01,22.81452751159668
2009-04-02,23.843753814697266
2009-04-03,23.97980499267578
2009-04-06,23.482929229736328
2009-04-07,22.99198341369629
2009-04-08,23.22266960144043
2009-04-09,23.843753814697266
2009-04-13,24.080360412597656
2009-04-14,23.849672317504883
2009-04-15,24.163177490234375
2009-04-16,24.31696891784668
2009-04-17,24.23415184020996
2009-04-20,23.240419387817383
2009-04-21,23.77277374267578
2009-04-22,23.5834903717041
2009-04-23,24.174999237060547
2009-04-24,24.547649383544922
2009-04-27,24.257814407348633
2009-04-28,24.02712059020996
2009-04-29,24.642303466796875
2009-04-30,24.796091079711914
2009-05-01,25.085939407348633
2009-05-04,26.126981735229492
2009-05-05,25.866722106933594
2009-05-06,26.493722915649414
2009-05-07,26.050094604492188
2009-05-08,27.17987632751465
2009-05-11,26.487802505493164
2009-05-12,26.771730422973633
2009-05-13,25.860801696777344
2009-05-14,26.115161895751953
2009-05-15,25.878543853759766
2009-05-18,26.86636734008789
2009-05-19,27.108888626098633
2009-05-20,27.28634262084961
2009-05-21,27.079313278198242
2009-05-22,27.233110427856445
2009-05-26,27.77729034423828
2009-05-27,27.239023208618164
2009-05-28,27.51703453063965
2009-05-29,28.06714630126953
2009-06-01,28.759204864501953
2009-06-02,29.007640838623047
2009-06-03,28.14402961730957
2009-06-04,28.321481704711914
2009-06-05,27.972492218017578
2009-06-08,27.913341522216797
2009-06-09,28.25641441345215
2009-06-10,28.309661865234375
2009-06-11,28.794694900512695
2009-06-12,28.646812438964844
2009-06-15,27.61758804321289
2009-06-16,27.29817771911621
2009-06-17,27.37507438659668
2009-06-18,27.32774543762207
2009-06-19,27.759559631347656
2009-06-22,26.86636734008789
2009-06-23,27.219764709472656
2009-06-24,27.243915557861328
2009-06-25,27.81779670715332
2009-06-26,27.763425827026367
2009-06-29,27.999013900756836
2009-06-30,27.672815322875977
2009-07-01,28.131921768188477
2009-07-02,27.322452545166016
2009-07-06,27.358705520629883
2009-07-07,26.694210052490234
2009-07-08,26.58547592163086
2009-07-09,26.91167640686035
2009-07-10,26.597553253173828
2009-07-13,27.062698364257812
2009-07-14,27.20767593383789
2009-07-15,28.137956619262695
2009-07-16,28.3856258392334
2009-07-17,28.28293800354004
2009-07-20,28.832653045654297
2009-07-21,29.013864517211914
2009-07-22,29.08635139465332
2009-07-23,29.575660705566406
2009-07-24,29.756893157958984
2009-07-27,29.787090301513672
2009-07-28,29.660221099853516
2009-07-29,29.41860580444336
2009-07-30,29.992473602294922
2009-07-31,30.451581954956055
2009-08-03,31.15835189819336
2009-08-04,31.110021591186523
2009-08-05,30.983163833618164
2009-08-06,30.78986358642578
2009-08-07,30.7596492767334
2009-08-10,30.572385787963867
2009-08-11,30.397207260131836
2009-08-12,30.741525650024414
2009-08-13,31.212705612182617
2009-08-14,30.946918487548828
2009-08-17,29.9501895904541
2009-08-18,30.46969223022461
2009-08-19,30.729446411132812
2009-08-20,30.946918487548828
2009-08-21,31.62347984313965
2009-08-24,31.617450714111328
2009-08-25,31.931568145751953
2009-08-26,31.798667907714844
2009-08-27,32.0402946472168
2009-08-28,32.058414459228516
2009-08-31,31.82284164428711
2009-09-01,31.031490325927734
2009-09-02,30.995250701904297
2009-09-03,31.236881256103516
2009-09-04,31.71409797668457
2009-09-08,32.34233856201172
2009-09-09,32.74102783203125
2009-09-10,33.03099060058594
2009-09-11,32.98870086669922
2009-09-14,33.05515670776367
2009-09-15,33.06119918823242
2009-09-16,33.71359634399414
2009-09-17,33.49613952636719
2009-09-18,33.58673095703125
2009-09-21,33.230342864990234
2009-09-22,33.68942642211914
2009-09-23,33.39947509765625
2009-09-24,32.91017150878906
2009-09-25,32.771236419677734
2009-09-28,33.21825408935547
2009-09-29,33.0189094543457
2009-09-30,33.03099060058594
2009-10-01,32.16716384887695
2009-10-02,31.810747146606445
2009-10-05,32.269840240478516
2009-10-06,32.81352233886719
2009-10-07,32.93433380126953
2009-10-08,33.41156005859375
2009-10-09,33.32699203491211
2009-10-12,33.52633285522461
2009-10-13,33.4538459777832
2009-10-14,34.25726318359375
2009-10-15,34.41432571411133
2009-10-16,33.89482116699219
2009-10-19,34.4384880065918
2009-10-20,34.25726318359375
2009-10-21,34.14250183105469
2009-10-22,34.474735260009766
2009-10-23,33.931068420410156
2009-10-26,33.41759490966797
2009-10-27,33.151798248291016
2009-10-28,32.354427337646484
2009-10-29,33.308860778808594
2009-10-30,32.197357177734375
2009-11-02,32.511478424072266
2009-11-03,32.38462448120117
2009-11-04,32.71083450317383
2009-11-05,33.1336784362793
2009-11-06,33.230342864990234
2009-11-09,34.16061782836914
2009-11-10,33.9793815612793
2009-11-11,34.08208465576172
2009-11-12,33.58673095703125
2009-11-13,34.05792236328125
2009-11-16,34.60158920288086
2009-11-17,34.37203598022461
2009-11-18,34.2633171081543
2009-11-19,33.6169548034668
2009-11-20,33.42967987060547
2009-11-23,34.02772903442383
2009-11-24,33.88878631591797
2009-11-25,34.341835021972656
2009-11-27,33.35115051269531
2009-11-30,33.45988845825195
2009-12-01,34.37809371948242
2009-12-02,34.43245315551758
2009-12-03,34.353919982910156
2009-12-04,34.23310089111328
2009-12-07,34.045841217041016
2009-12-08,33.4538459777832
2009-12-09,33.41156005859375
2009-12-10,33.514259338378906
2009-12-11,33.50217056274414
2009-12-14,33.828372955322266
2009-12-15,33.4538459777832
2009-12-16,33.846500396728516
2009-12-17,33.04911422729492
2009-12-18,33.127647399902344
2009-12-21,33.22429656982422
2009-12-22,33.435203552246094
2009-12-23,33.739990234375
2009-12-24,33.87410354614258
2009-12-28,34.02040100097656
2009-12-29,34.075252532958984
2009-12-30,33.9350471496582
2009-12-31,33.697330474853516
2010-01-04,34.58121109008789
2010-01-05,34.61167907714844
2010-01-06,34.75798034667969
2010-01-07,34.62387466430664
2010-01-08,34.89818572998047
2010-01-11,35.1846809387207
2010-01-12,34.77017593383789
2010-01-13,35.062767028808594
2010-01-14,35.33098602294922
2010-01-15,34.77627944946289
2010-01-19,35.11763381958008
2010-01-20,34.221553802490234
2010-01-21,33.49007034301758
2010-01-22,32.83782958984375
2010-01-25,33.240142822265625
2010-01-26,33.051177978515625
2010-01-27,33.014591217041016
2010-01-28,32.45988464355469
2010-01-29,31.990522384643555
2010-02-01,32.57570266723633
2010-02-02,33.11822509765625
2010-02-03,32.77077102661133
2010-02-04,31.435792922973633
2010-02-05,31.38094139099121
2010-02-08,30.759172439575195
2010-02-09,31.728404998779297
2010-02-10,31.52722930908203
2010-02-11,31.819828033447266
2010-02-12,31.545520782470703
2010-02-16,32.24652862548828
2010-02-17,32.289207458496094
2010-02-18,32.47208023071289
2010-02-19,32.27091598510742
2010-02-22,32.331878662109375
2010-02-23,31.87469482421875
2010-02-24,32.07585144042969
2010-02-25,31.88079261779785
2010-02-26,32.07585144042969
2010-03-01,32.325775146484375
2010-03-02,32.569610595703125
2010-03-03,32.95974349975586
2010-03-04,32.87439727783203
2010-03-05,33.514442443847656
2010-03-08,33.514442443847656
2010-03-09,33.435203552246094
2010-03-10,33.57540512084961
2010-03-11,33.70341491699219
2010-03-12,33.928958892822266
2010-03-15,33.69123458862305
2010-03-16,34.11793518066406
2010-03-17,34.300811767578125
2010-03-18,34.099639892578125
2010-03-19,33.75217819213867
2010-03-22,33.84972381591797
2010-03-23,34.08745193481445
2010-03-24,33.52664566040039
2010-03-25,33.508358001708984
2010-03-26,33.8375358581543
2010-03-29,34.124027252197266
2010-03-30,34.124027252197266
2010-03-31,34.124027252197266
2010-04-01,34.72751235961914
2010-04-05,34.76408386230469
2010-04-06,34.66655349731445
2010-04-07,34.42272186279297
2010-04-08,34.386138916015625
2010-04-09,34.83722686767578
2010-04-12,34.946956634521484
2010-04-13,34.916473388671875
2010-04-14,35.379756927490234
2010-04-15,35.355377197265625
2010-04-16,34.57511520385742
2010-04-19,34.48367691040039
2010-04-20,34.697021484375
2010-04-21,34.471473693847656
2010-04-22,34.16059875488281
2010-04-23,34.4166259765625
2010-04-26,34.45320510864258
2010-04-27,33.069461822509766
2010-04-28,33.075557708740234
2010-04-29,33.58760452270508
2010-04-30,33.166988372802734
2010-05-03,33.404727935791016
2010-05-04,32.08195114135742
2010-05-05,31.46628189086914
2010-05-06,30.06425666809082
2010-05-07,29.997203826904297
2010-05-10,31.94175148010254
2010-05-11,31.423608779907227
2010-05-12,31.77716827392578
2010-05-13,31.362661361694336
2010-05-14,30.472675323486328
2010-05-17,30.51534080505371
2010-05-18,29.856996536254883
2010-05-19,29.972814559936523
2010-05-20,28.930442810058594
2010-05-21,29.637556076049805
2010-05-24,28.9548282623291
2010-05-25,28.845102310180664
2010-05-26,28.418407440185547
2010-05-27,30.033781051635742
2010-05-28,29.454683303833008
2010-06-01,29.16208267211914
2010-06-02,29.94233512878418
2010-06-03,29.85089683532715
2010-06-04,28.576900482177734
2010-06-07,28.217252731323242
2010-06-08,28.66832160949707
2010-06-09,28.564693450927734
2010-06-10,29.77165985107422
2010-06-11,29.814329147338867
2010-06-14,30.0032958984375
2010-06-15,30.954233169555664
2010-06-16,30.807939529418945
2010-06-17,30.905467987060547
2010-06-18,30.85060691833496
2010-06-21,30.844507217407227
2010-06-22,30.45438003540039
2010-06-23,30.658445358276367
2010-06-24,30.125043869018555
2010-06-25,30.2987060546875
2010-06-28,30.07541275024414
2010-06-29,29.045827865600586
2010-06-30,28.847341537475586
2010-07-01,29.269105911254883
2010-07-02,29.207082748413086
2010-07-06,29.79010772705078
2010-07-07,30.720468521118164
2010-07-08,31.018177032470703
2010-07-09,31.0491886138916
2010-07-12,30.93134880065918
2010-07-13,31.501964569091797
2010-07-14,31.613609313964844
2010-07-15,31.7686767578125
2010-07-16,30.751474380493164
2010-07-19,30.949953079223633
2010-07-20,31.160839080810547
2010-07-21,30.59641456604004
2010-07-22,31.62602424621582
2010-07-23,31.998157501220703
2010-07-26,32.22144317626953
2010-07-27,32.31447219848633
2010-07-28,32.147010803222656
2010-07-29,32.29587936401367
2010-07-30,32.19664764404297
2010-08-02,33.28205871582031
2010-08-03,33.2324333190918
2010-08-04,33.26344299316406
2010-08-05,33.23863983154297
2010-08-06,33.337867736816406
2010-08-09,33.37508773803711
2010-08-10,33.10838317871094
2010-08-11,31.60120391845703
2010-08-12,31.563987731933594
2010-08-13,31.45234489440918
2010-08-16,31.70664405822754
2010-08-17,32.0601806640625
2010-08-18,32.04777908325195
2010-08-19,31.532968521118164
2010-08-20,31.20425033569336
2010-08-23,31.142230987548828
2010-08-24,30.714263916015625
2010-08-25,30.74527359008789
2010-08-26,30.732864379882812
2010-08-27,31.334501266479492
2010-08-30,30.88172721862793
2010-08-31,30.974761962890625
2010-09-01,32.078800201416016
2010-09-02,32.258663177490234
2010-09-03,32.556373596191406
2010-09-07,32.103607177734375
2010-09-08,32.35170364379883
2010-09-09,32.65561294555664
2010-09-10,32.75485610961914
2010-09-13,33.35028076171875
2010-09-14,33.57358169555664
2010-09-15,33.585975646972656
2010-09-16,33.42470169067383
2010-09-17,33.26344299316406
2010-09-20,33.84027099609375
2010-09-21,33.83407211303711
2010-09-22,33.7844352722168
2010-09-23,33.41851043701172
2010-09-24,34.3488655090332
2010-09-27,34.175201416015625
2010-09-28,34.37367248535156
2010-09-29,34.31785202026367
2010-09-30,34.063560485839844
2010-10-01,34.40468215942383
2010-10-04,33.90849304199219
2010-10-05,34.86986541748047
2010-10-06,35.161376953125
2010-10-07,35.04353713989258
2010-10-08,35.27302551269531
2010-10-11,35.2296142578125
2010-10-12,35.155181884765625
2010-10-13,35.55213165283203
2010-10-14,35.80022048950195
2010-10-15,35.682376861572266
2010-10-18,35.76300811767578
2010-10-19,34.975318908691406
2010-10-20,35.63276672363281
2010-10-21,35.44048309326172
2010-10-22,35.53352355957031
2010-10-25,35.66997528076172
2010-10-26,35.44048309326172
2010-10-27,35.099361419677734
2010-10-28,35.37226104736328
2010-10-29,35.3598518371582
2010-11-01,35.2296142578125
2010-11-02,35.81262969970703
2010-11-03,36.060726165771484
2010-11-04,36.879451751708984
2010-11-05,36.71818923950195
2010-11-08,36.494895935058594
2010-11-09,36.12894821166992
2010-11-10,36.23439025878906
2010-11-11,35.92427062988281
2010-11-12,35.626556396484375
2010-11-15,35.60175704956055
2010-11-16,34.76443099975586
2010-11-17,34.95669174194336
2010-11-18,35.831233978271484
2010-11-19,35.831233978271484
2010-11-22,35.44668197631836
2010-11-23,34.379878997802734
2010-11-24,34.92569351196289
2010-11-26,34.34265899658203
2010-11-29,34.03874588012695
2010-11-30,33.654197692871094
2010-12-01,34.609371185302734
2010-12-02,35.26682662963867
2010-12-03,35.607948303222656
2010-12-06,35.44668197631836
2010-12-07,35.46529769897461
2010-12-08,35.57073974609375
2010-12-09,35.663787841796875
2010-12-10,35.74441146850586
2010-12-13,36.12894821166992
2010-12-14,36.18478012084961
2010-12-15,35.70719909667969
2010-12-16,35.90566635131836
2010-12-17,35.70719909667969
2010-12-20,35.78782272338867
2010-12-21,36.08708190917969
2010-12-22,36.155948638916016
2010-12-23,36.137168884277344
2010-12-27,36.062034606933594
2010-12-28,36.09334182739258
2010-12-29,36.40639114379883
2010-12-30,36.23108673095703
2010-12-31,36.45021057128906
2011-01-03,36.75072479248047
2011-01-04,36.638038635253906
2011-01-05,36.48151779174805
2011-01-06,36.062034606933594
2011-01-07,35.91804122924805
2011-01-10,35.855445861816406
2011-01-11,36.099605560302734
2011-01-12,36.89473342895508
2011-01-13,36.994895935058594
2011-01-14,37.22028732299805
2011-01-18,37.464454650878906
2011-01-19,37.20777130126953
2011-01-20,36.888465881347656
2011-01-21,37.08881378173828
2011-01-24,37.48324203491211
2011-01-25,37.408103942871094
2011-01-26,37.64601516723633
2011-01-27,37.733673095703125
2011-01-28,36.89473342895508
2011-01-31,37.21402359008789
2011-02-01,38.09679412841797
2011-02-02,38.06549072265625
2011-02-03,38.07175827026367
2011-02-04,38.05923080444336
2011-02-07,38.17817306518555
2011-02-08,38.42861557006836
2011-02-09,38.315914154052734
2011-02-10,38.06549072265625
2011-02-11,38.08427810668945
2011-02-14,38.15939712524414
2011-02-15,38.04671096801758
2011-02-16,38.50374984741211
2011-02-17,38.635223388671875
2011-02-18,38.766700744628906
2011-02-22,37.65855026245117
2011-02-23,37.7086296081543
2011-02-24,37.73992156982422
2011-02-25,38.190704345703125
2011-02-28,38.5350456237793
2011-03-01,37.99663162231445
2011-03-02,38.196964263916016
2011-03-03,38.685302734375
2011-03-04,38.33470916748047
2011-03-07,37.96531295776367
2011-03-08,38.08427810668945
2011-03-09,38.09679412841797
2011-03-10,37.15141296386719
2011-03-11,37.15141296386719
2011-03-14,36.48777770996094
2011-03-15,35.72396469116211
2011-03-16,34.61580276489258
2011-03-17,35.767791748046875
2011-03-18,36.26237869262695
2011-03-21,37.157676696777344
2011-03-22,37.051239013671875
2011-03-23,37.095069885253906
2011-03-24,37.58967590332031
2011-03-25,37.17646789550781
2011-03-28,37.157676696777344
2011-03-29,37.351768493652344
2011-03-30,37.79627990722656
2011-03-31,37.61471939086914
2011-04-01,37.97158432006836
2011-04-04,38.021663665771484
2011-04-05,37.92775344848633
2011-04-06,38.240806579589844
2011-04-07,38.052974700927734
2011-04-08,38.36601257324219
2011-04-11,38.2908821105957
2011-04-12,37.93400955200195
2011-04-13,38.04671096801758
2011-04-14,38.21574783325195
2011-04-15,38.15939712524414
2011-04-18,37.376800537109375
2011-04-19,37.652278900146484
2011-04-20,38.61017608642578
2011-04-21,38.8606071472168
2011-04-25,38.8606071472168
2011-04-26,39.16112518310547
2011-04-27,39.64946746826172
2011-04-28,39.918678283691406
2011-04-29,39.73085403442383
2011-05-02,39.987548828125
2011-05-03,39.6619873046875
2011-05-04,39.323909759521484
2011-05-05,38.547569274902344
2011-05-06,38.56634521484375
2011-05-09,38.84183120727539
2011-05-10,39.21120834350586
2011-05-11,38.42234802246094
2011-05-12,38.547569274902344
2011-05-13,37.946537017822266
2011-05-16,37.87767791748047
2011-05-17,37.95905685424805
2011-05-18,38.190704345703125
2011-05-19,38.40983581542969
2011-05-20,37.86514663696289
2011-05-23,36.98863983154297
2011-05-24,37.201499938964844
2011-05-25,37.43941116333008
2011-05-26,37.79001998901367
2011-05-27,38.06549072265625
2011-05-31,38.85435104370117
2011-06-01,37.93400955200195
2011-06-02,38.12809371948242
2011-06-03,38.14688491821289
2011-06-06,37.652278900146484
2011-06-07,37.99663162231445
2011-06-08,37.508277893066406
2011-06-09,37.896446228027344
2011-06-10,37.01993942260742
2011-06-13,37.076290130615234
2011-06-14,37.733673095703125
2011-06-15,36.49403762817383
2011-06-16,36.36882781982422
2011-06-17,36.72568130493164
2011-06-20,36.68185806274414
2011-06-21,37.47698211669922
2011-06-22,37.11381530761719
2011-06-23,36.79469680786133
2011-06-24,36.443660736083984
2011-06-27,36.74363708496094
2011-06-28,37.18401336669922
2011-06-29,37.835044860839844
2011-06-30,38.3839225769043
2011-07-01,38.80515670776367
2011-07-05,38.57539367675781
2011-07-06,38.33286666870117
2011-07-07,38.66474914550781
2011-07-08,38.186073303222656
2011-07-11,37.03084945678711
2011-07-12,36.78193283081055
2011-07-13,37.33081817626953
2011-07-14,37.005313873291016
2011-07-15,37.13296127319336
2011-07-18,36.584083557128906
2011-07-19,37.13296127319336
2011-07-20,37.57334899902344
2011-07-21,38.371150970458984
2011-07-22,38.40945816040039
2011-07-25,38.16691207885742
2011-07-26,38.39668655395508
2011-07-27,37.46485137939453
2011-07-28,37.3754997253418
2011-07-29,37.47122573852539
2011-08-01,36.99893569946289
2011-08-02,36.022422790527344
2011-08-03,36.2330436706543
2011-08-04,33.70560073852539
2011-08-05,34.29917526245117
2011-08-08,31.739805221557617
2011-08-09,33.877925872802734
2011-08-10,31.854690551757812
2011-08-11,33.380104064941406
2011-08-12,33.76304626464844
2011-08-15,34.548095703125
2011-08-16,34.043880462646484
2011-08-17,34.241729736328125
2011-08-18,32.57591247558594
2011-08-19,32.02064895629883
2011-08-22,32.22488784790039
2011-08-23,33.27159881591797
2011-08-24,33.28436279296875
2011-08-25,32.48017501831055
2011-08-26,32.99077224731445
2011-08-29,33.775814056396484
2011-08-30,33.577964782714844
2011-08-31,34.19066619873047
2011-09-01,33.76941680908203
2011-09-02,33.01628875732422
2011-09-06,31.931293487548828
2011-09-07,32.88226318359375
2011-09-08,32.231266021728516
2011-09-09,31.11433982849121
2011-09-12,30.980304718017578
2011-09-13,31.312198638916016
2011-09-14,31.784488677978516
2011-09-15,32.47380447387695
2011-09-16,32.48655700683594
2011-09-19,31.593019485473633
2011-09-20,31.720672607421875
2011-09-21,30.77606201171875
2011-09-22,29.780412673950195
2011-09-23,30.118677139282227
2011-09-26,30.73777198791504
2011-09-27,31.49728012084961
2011-09-28,30.961158752441406
2011-09-29,31.567485809326172
2011-09-30,30.49524688720703
2011-10-03,29.69106101989746
2011-10-04,30.188888549804688
2011-10-05,30.65480613708496
2011-10-06,31.478137969970703
2011-10-07,31.261133193969727
2011-10-10,32.45464324951172
2011-10-11,32.39720916748047
2011-10-12,32.86949157714844
2011-10-13,32.88226318359375
2011-10-14,33.26520919799805
2011-10-17,32.49931335449219
2011-10-18,32.96523666381836
2011-10-19,32.37166976928711
2011-10-20,32.45464324951172
2011-10-21,33.239681243896484
2011-10-24,33.73750686645508
2011-10-25,33.15671157836914
2011-10-26,33.609867095947266
2011-10-27,35.46714782714844
2011-10-28,35.26291275024414
2011-10-31,33.43115997314453
2011-11-01,32.38444137573242
2011-11-02,32.65888214111328
2011-11-03,33.48221969604492
2011-11-04,33.06098175048828
2011-11-07,33.20138931274414
2011-11-08,33.603477478027344
2011-11-09,31.880220413208008
2011-11-10,32.256797790527344
2011-11-11,33.06098175048828
2011-11-14,32.47380447387695
2011-11-15,32.38444137573242
2011-11-16,31.765342712402344
2011-11-17,31.420690536499023
2011-11-18,31.52919578552246
2011-11-21,30.731386184692383
2011-11-22,30.642038345336914
2011-11-23,29.799556732177734
2011-11-25,29.646379470825195
2011-11-28,30.91010284423828
2011-11-29,31.11433982849121
2011-11-30,32.70355224609375
2011-12-01,32.422733306884766
2011-12-02,32.41634750366211
2011-12-05,32.786521911621094
2011-12-06,32.633358001708984
2011-12-07,32.863121032714844
2011-12-08,31.784488677978516
2011-12-09,32.57591247558594
2011-12-12,31.624919891357422
2011-12-13,31.19730567932129
2011-12-14,30.82711410522461
2011-12-15,30.980304718017578
2011-12-16,30.852657318115234
2011-12-19,30.565444946289062
2011-12-20,31.643491744995117
2011-12-21,31.47555160522461
2011-12-22,31.759746551513672
2011-12-23,31.97936248779297
2011-12-27,31.83725357055664
2011-12-28,31.262388229370117
2011-12-29,31.83725357055664
2011-12-30,31.992279052734375
2012-01-03,32.8642692565918
2012-01-04,32.67049026489258
2012-01-05,32.186058044433594
2012-01-06,31.74681854248047
2012-01-09,31.86956024169922
2012-01-10,32.3539924621582
2012-01-11,32.25065231323242
2012-01-12,32.386287689208984
2012-01-13,32.03749084472656
2012-01-17,32.418582916259766
2012-01-18,32.96114730834961
2012-01-19,33.36808776855469
2012-01-20,33.54248046875
2012-01-23,33.671661376953125
2012-01-24,33.48434829711914
2012-01-25,33.83314514160156
2012-01-26,33.846065521240234
2012-01-27,33.904197692871094
2012-01-30,33.50371551513672
2012-01-31,33.67811965942383
2012-02-01,34.2077751159668
2012-02-02,34.278831481933594
2012-02-03,34.81493377685547
2012-02-06,34.647003173828125
2012-02-07,34.86014938354492
2012-02-08,34.98287582397461
2012-02-09,35.073307037353516
2012-02-10,34.40801239013672
2012-02-13,34.80201721191406
2012-02-14,34.543663024902344
2012-02-15,34.58241271972656
2012-02-16,35.060394287109375
2012-02-17,35.21540451049805
2012-02-21,35.221858978271484
2012-02-22,35.11851501464844
2012-02-23,35.409183502197266
2012-02-24,35.62232971191406
2012-02-27,35.44147872924805
2012-02-28,35.77088928222656
2012-02-29,35.30583572387695
2012-03-01,35.706302642822266
2012-03-02,35.37689208984375
2012-03-05,35.18956756591797
2012-03-06,34.065677642822266
2012-03-07,34.48551559448242
2012-03-08,35.22832107543945
2012-03-09,35.112060546875
2012-03-12,35.02163314819336
2012-03-13,35.59003448486328
2012-03-14,35.27354049682617
2012-03-15,35.60942840576172
2012-03-16,35.854854583740234
2012-03-19,36.042171478271484
2012-03-20,35.61587142944336
2012-03-21,35.38334655761719
2012-03-22,35.13789367675781
2012-03-23,35.38334655761719
2012-03-26,35.835487365722656
2012-03-27,35.60942840576172
2012-03-28,35.363975524902344
2012-03-29,35.13789367675781
2012-03-30,35.45439910888672
2012-04-02,35.867774963378906
2012-04-03,35.24124526977539
2012-04-04,34.4532356262207
2012-04-05,34.24652862548828
2012-04-09,34.097965240478516
2012-04-10,33.36808776855469
2012-04-11,33.83314514160156
2012-04-12,34.4532356262207
2012-04-13,33.79438400268555
2012-04-16,34.03983688354492
2012-04-17,34.58241271972656
2012-04-18,34.40153884887695
2012-04-19,34.194854736328125
2012-04-20,34.524269104003906
2012-04-23,33.83314514160156
2012-04-24,34.10443115234375
2012-04-25,34.56948471069336
2012-04-26,34.77618408203125
2012-04-27,34.91828155517578
2012-04-30,34.71804428100586
2012-05-01,34.86014938354492
2012-05-02,34.5888671875
2012-05-03,34.285282135009766
2012-05-04,33.762088775634766
2012-05-07,34.007537841796875
2012-05-08,33.48434829711914
2012-05-09,33.09679412841797
2012-05-10,33.25182342529297
2012-05-11,33.04511642456055
2012-05-14,32.41212463378906
2012-05-15,32.00518798828125
2012-05-16,31.688695907592773
2012-05-17,31.301149368286133
2012-05-18,31.075069427490234
2012-05-21,31.759746551513672
2012-05-22,31.643491744995117
2012-05-23,31.385120391845703
2012-05-24,31.17842674255371
2012-05-25,31.068614959716797
2012-05-29,31.462627410888672
2012-05-30,30.719831466674805
2012-05-31,30.849010467529297
2012-06-01,30.067441940307617
2012-06-04,30.31934928894043
2012-06-05,30.53896713256836
2012-06-06,31.39158058166504
2012-06-07,31.43679428100586
2012-06-08,31.333444595336914
2012-06-11,31.029861450195312
2012-06-12,31.546594619750977
2012-06-13,31.294694900512695
2012-06-14,31.527217864990234
2012-06-15,31.972902297973633
2012-06-18,31.88247299194336
2012-06-19,32.41212463378906
2012-06-20,32.59944534301758
2012-06-21,31.746135711669922
2012-06-22,32.01712417602539
2012-06-25,31.30329132080078
2012-06-26,31.508176803588867
2012-06-27,31.805620193481445
2012-06-28,31.871715545654297
2012-06-29,33.02179718017578
2012-07-02,33.23992156982422
2012-07-03,33.54396438598633
2012-07-05,32.988746643066406
2012-07-06,32.6780891418457
2012-07-09,32.60538864135742
2012-07-10,32.387271881103516
2012-07-11,32.48640441894531
2012-07-12,32.16254806518555
2012-07-13,32.61860275268555
2012-07-16,32.612003326416016
2012-07-17,32.70453643798828
2012-07-18,32.962303161621094
2012-07-19,33.266357421875
2012-07-20,32.48640441894531
2012-07-23,31.818843841552734
2012-07-24,31.47513771057129
2012-07-25,31.640382766723633
2012-07-26,32.60538864135742
2012-07-27,33.29279708862305
2012-07-30,33.25313186645508
2012-07-31,33.0482292175293
2012-08-01,33.054847717285156
2012-08-02,32.592166900634766
2012-08-03,33.702606201171875
2012-08-06,33.94053268432617
2012-08-07,34.224761962890625
2012-08-08,34.20492935180664
2012-08-09,34.224761962890625
2012-08-10,34.28422927856445
2012-08-13,34.11899185180664
2012-08-14,34.19832229614258
2012-08-15,34.09917068481445
2012-08-16,34.522193908691406
2012-08-17,34.56846618652344
2012-08-20,34.52879333496094
2012-08-21,34.72708511352539
2012-08-22,34.687435150146484
2012-08-23,34.4891357421875
2012-08-24,34.43626022338867
2012-08-27,34.45608901977539
2012-08-28,34.42304229736328
2012-08-29,34.317291259765625
2012-08-30,33.808349609375
2012-08-31,34.10578155517578
2012-09-04,33.933921813964844
2012-09-05,33.841392517089844
2012-09-06,34.68082809448242
2012-09-07,35.202972412109375
2012-09-10,34.925384521484375
2012-09-11,35.32194900512695
2012-09-12,35.55329132080078
2012-09-13,36.09528350830078
2012-09-14,36.45220184326172
2012-09-17,36.260520935058594
2012-09-18,36.1085090637207
2012-09-19,36.260520935058594
2012-09-20,36.02919006347656
2012-09-21,36.04901123046875
2012-09-24,35.923423767089844
2012-09-25,35.672264099121094
2012-09-26,35.315338134765625
2012-09-27,35.73836898803711
2012-09-28,35.0311279296875
2012-10-01,35.315338134765625
2012-10-02,35.45415115356445
2012-10-03,35.30873107910156
2012-10-04,35.73836898803711
2012-10-05,35.78462600708008
2012-10-08,35.5731201171875
2012-10-09,35.05756378173828
2012-10-10,34.95843505859375
2012-10-11,35.18315505981445
2012-10-12,35.14348220825195
2012-10-15,35.48719787597656
2012-10-16,36.07545852661133
2012-10-17,36.41254425048828
2012-10-18,36.27374267578125
2012-10-19,35.78462600708008
2012-10-22,36.03579330444336
2012-10-23,35.26246643066406
2012-10-24,35.28229904174805
2012-10-25,35.49380874633789
2012-10-26,35.440921783447266
2012-10-31,35.414485931396484
2012-11-01,35.830894470214844
2012-11-02,35.48719787597656
2012-11-05,35.40127182006836
2012-11-06,35.73836898803711
2012-11-07,35.202972412109375
2012-11-08,34.885711669921875
2012-11-09,34.89894104003906
2012-11-12,34.87250518798828
2012-11-13,34.700645446777344
2012-11-14,34.33711624145508
2012-11-15,34.44947814941406
2012-11-16,34.42965316772461
2012-11-19,35.176544189453125
2012-11-20,35.22942352294922
2012-11-21,35.288902282714844
2012-11-23,36.04901123046875
2012-11-26,35.96308517456055
2012-11-27,35.78462600708008
2012-11-28,36.042396545410156
2012-11-29,36.35306167602539
2012-11-30,36.39931869506836
2012-12-03,36.445587158203125
2012-12-04,36.53813171386719
2012-12-05,36.59101104736328
2012-12-06,36.6637077331543
2012-12-07,36.67693328857422
2012-12-10,36.71659851074219
2012-12-11,36.9281005859375
2012-12-12,37.04707717895508
2012-12-13,36.93471145629883
2012-12-14,37.066898345947266
2012-12-17,37.21891784667969
2012-12-18,37.60648727416992
2012-12-19,37.74012756347656
2012-12-20,37.994041442871094
2012-12-21,37.760162353515625
2012-12-24,37.659942626953125
2012-12-26,37.653255462646484
2012-12-27,37.826988220214844
2012-12-28,37.42605972290039
2012-12-31,37.994041442871094
2013-01-02,38.58205795288086
2013-01-03,38.207862854003906
2013-01-04,38.40164566040039
2013-01-07,38.234588623046875
2013-01-08,38.0207633972168
2013-01-09,38.21455383300781
2013-01-10,38.702335357666016
2013-01-11,38.78252029418945
2013-01-14,38.82929229736328
2013-01-15,38.76914978027344
2013-01-16,38.58205795288086
2013-01-17,38.896114349365234
2013-01-18,38.856021881103516
2013-01-22,38.87606430053711
2013-01-23,38.835975646972656
2013-01-24,39.023075103759766
2013-01-25,39.444034576416016
2013-01-28,39.250267028808594
2013-01-29,39.51755142211914
2013-01-30,39.557640075683594
2013-01-31,39.4106330871582
2013-02-01,39.72468566894531
2013-02-04,39.00971603393555
2013-02-05,39.19012451171875
2013-02-06,39.18342590332031
2013-02-07,38.862709045410156
2013-02-08,39.10994338989258
2013-02-11,39.069854736328125
2013-02-12,39.26362609863281
2013-02-13,39.357177734375
2013-02-14,39.143348693847656
2013-02-15,39.043121337890625
2013-02-19,39.50418472290039
2013-02-20,39.11662292480469
2013-02-21,38.528602600097656
2013-02-22,39.083213806152344
2013-02-25,38.14772033691406
2013-02-26,38.45509338378906
2013-02-27,38.942893981933594
2013-02-28,38.902801513671875
2013-03-01,38.822608947753906
2013-03-04,38.989662170410156
2013-03-05,39.377227783203125
2013-03-06,39.477447509765625
2013-03-07,39.591041564941406
2013-03-08,39.67790603637695
2013-03-11,39.798187255859375
2013-03-12,39.59772872924805
2013-03-13,39.53758239746094
2013-03-14,39.92514419555664
2013-03-15,40.005332946777344
2013-03-18,39.56431579589844
2013-03-19,39.444034576416016
2013-03-20,39.684593200683594
2013-03-21,39.32376480102539
2013-03-22,39.664546966552734
2013-03-25,39.17007064819336
2013-03-26,39.41730499267578
2013-03-27,39.22352981567383
2013-03-28,39.4106330871582
2013-04-01,38.88274383544922
2013-04-02,39.29703140258789
2013-04-03,39.10325622558594
2013-04-04,39.450721740722656
2013-04-05,39.27030563354492
2013-04-08,39.423988342285156
2013-04-09,39.56431579589844
2013-04-10,40.15233612060547
2013-04-11,40.466400146484375
2013-04-12,40.36615753173828
2013-04-15,39.571006774902344
2013-04-16,40.13228988647461
2013-04-17,39.29703140258789
2013-04-18,39.17675018310547
2013-04-19,39.49081039428711
2013-04-22,39.65786361694336
2013-04-23,40.21915054321289
2013-04-24,40.56661605834961
2013-04-25,40.78044891357422
2013-04-26,40.8138542175293
2013-04-29,41.33505630493164
2013-04-30,41.38850784301758
2013-05-01,41.14127731323242
2013-05-02,41.26823425292969
2013-05-03,41.79612350463867
2013-05-06,41.7426643371582
2013-05-07,41.809478759765625
2013-05-08,42.25049591064453
2013-05-09,41.8428840637207
2013-05-10,41.889671325683594
2013-05-13,41.86962127685547
2013-05-14,41.949806213378906
2013-05-15,42.13022232055664
2013-05-16,41.8428840637207
2013-05-17,42.13022232055664
2013-05-20,42.364097595214844
2013-05-21,42.450958251953125
2013-05-22,42.02330017089844
2013-05-23,41.42192459106445
2013-05-24,41.06108856201172
2013-05-28,41.16801071166992
2013-05-29,40.77376937866211
2013-05-30,40.93413162231445
2013-05-31,40.13897705078125
2013-06-03,40.292659759521484
2013-06-04,40.43966293334961
2013-06-05,39.53758239746094
2013-06-06,39.758094787597656
2013-06-07,40.292659759521484
2013-06-10,40.33274841308594
2013-06-11,39.83828353881836
2013-06-12,39.791500091552734
2013-06-13,40.39957046508789
2013-06-14,39.95855712890625
2013-06-17,40.53321075439453
2013-06-18,40.82053756713867
2013-06-19,40.058780670166016
2013-06-20,38.588741302490234
2013-06-21,38.7156982421875
2013-06-24,38.107635498046875
2013-06-25,38.59541702270508
2013-06-26,38.74911880493164
2013-06-27,39.13906478881836
2013-06-28,39.06407928466797
2013-07-01,39.432228088378906
2013-07-02,39.2345085144043
2013-07-03,39.248146057128906
2013-07-05,39.432228088378906
2013-07-08,39.677650451660156
2013-07-09,39.89581298828125
2013-07-10,40.011695861816406
2013-07-11,41.047969818115234
2013-07-12,40.77526092529297
2013-07-15,41.02750778198242
2013-07-16,41.00023651123047
2013-07-17,41.122955322265625
2013-07-18,41.39564514160156
2013-07-19,41.36156463623047
2013-07-22,41.59335708618164
2013-07-23,41.68198013305664
2013-07-24,41.627437591552734
2013-07-25,41.70924377441406
2013-07-26,41.4501953125
2013-07-29,41.05478286743164
2013-07-30,41.047969818115234
2013-07-31,41.143402099609375
2013-08-01,41.70243453979492
2013-08-02,42.043312072753906
2013-08-05,41.954689025878906
2013-08-06,41.8933219909668
2013-08-07,41.70924377441406
2013-08-08,42.08421325683594
2013-08-09,42.159210205078125
2013-08-12,42.043312072753906
2013-08-13,42.316009521484375
2013-08-14,42.336463928222656
2013-08-15,41.98194885253906
2013-08-16,42.05694580078125
2013-08-19,41.75697708129883
2013-08-20,41.70243453979492
2013-08-21,41.211585998535156
2013-08-22,41.61380386352539
2013-08-23,41.97513198852539
2013-08-26,41.66835021972656
2013-08-27,40.95933532714844
2013-08-28,40.91161346435547
2013-08-29,40.84343719482422
2013-08-30,40.33893585205078
2013-09-03,41.11613845825195
2013-09-04,41.484275817871094
2013-09-05,41.4501953125
2013-09-06,41.6751594543457
2013-09-09,42.24784469604492
2013-09-10,42.72504806518555
2013-09-11,42.87503433227539
2013-09-12,42.629608154296875
2013-09-13,42.83414077758789
2013-09-16,43.16819763183594
2013-09-17,43.195465087890625
2013-09-18,44.34761428833008
2013-09-19,44.13627243041992
2013-09-20,43.81583786010742
2013-09-23,43.80221939086914
2013-09-24,43.734039306640625
2013-09-25,43.78176498413086
2013-09-26,43.96583557128906
2013-09-27,43.80903625488281
2013-09-30,43.49543380737305
2013-10-01,43.72722244262695
2013-10-02,43.713592529296875
2013-10-03,43.4272575378418
2013-10-04,43.52951431274414
2013-10-07,43.079559326171875
2013-10-08,42.74551773071289
2013-10-09,42.92958450317383
2013-10-10,43.699954986572266
2013-10-11,43.93174743652344
2013-10-14,44.081729888916016
2013-10-15,43.870391845703125
2013-10-16,44.1976318359375
2013-10-17,44.783931732177734
2013-10-18,45.0498161315918
2013-10-21,45.117984771728516
2013-10-22,45.56793212890625
2013-10-23,45.12480926513672
2013-10-24,45.43840789794922
2013-10-25,45.30887985229492
2013-10-28,45.23388671875
2013-10-29,45.32933807373047
2013-10-30,45.16570281982422
2013-10-31,44.9134635925293
2013-11-01,44.69530487060547
2013-11-04,44.9134635925293
2013-11-05,44.52486038208008
2013-11-06,44.9134635925293
2013-11-07,44.20444869995117
2013-11-08,44.463504791259766
2013-11-11,44.5589485168457
2013-11-12,44.40896987915039
2013-11-13,44.5521354675293
2013-11-14,44.756656646728516
2013-11-15,45.117984771728516
2013-11-18,45.117984771728516
2013-11-19,45.002098083496094
2013-11-20,44.68849182128906
2013-11-21,44.96799087524414
2013-11-22,45.09754180908203
2013-11-25,44.961185455322266
2013-11-26,44.961185455322266
2013-11-27,45.07026672363281
2013-11-29,45.15889358520508
2013-12-02,44.82483673095703
2013-12-03,44.511234283447266
2013-12-04,44.272621154785156
2013-12-05,44.02037811279297
2013-12-06,44.56578063964844
2013-12-09,44.51805114746094
2013-12-10,44.44306945800781
2013-12-11,44.027191162109375
2013-12-12,43.706764221191406
2013-12-13,43.67949676513672
2013-12-16,43.99310302734375
2013-12-17,43.80221939086914
2013-12-18,44.491241455078125
2013-12-19,44.491241455078125
2013-12-20,44.74567413330078
2013-12-23,45.2064094543457
2013-12-24,45.295799255371094
2013-12-26,45.543357849121094
2013-12-27,45.777156829833984
2013-12-30,45.969696044921875
2013-12-31,46.1416130065918
2014-01-02,45.32331085205078
2014-01-03,45.37144088745117
2014-01-06,45.316429138183594
2014-01-07,45.570865631103516
2014-01-08,45.55710983276367
2014-01-09,45.52272415161133
2014-01-10,45.94218826293945
2014-01-13,45.543357849121094
2014-01-14,45.90781784057617
2014-01-15,46.10034942626953
2014-01-16,46.079734802246094
2014-01-17,45.94218826293945
2014-01-21,46.16223907470703
2014-01-22,46.16223907470703
2014-01-23,45.85280990600586
2014-01-24,44.59438705444336
2014-01-27,44.38809585571289
2014-01-28,44.77317810058594
2014-01-29,44.27119445800781
2014-01-30,44.49812698364258
2014-01-31,43.74169921875
2014-02-03,42.847755432128906
2014-02-04,43.342857360839844
2014-02-05,43.43226623535156
2014-02-06,44.20241928100586
2014-02-07,44.78006362915039
2014-02-10,44.6287727355957
2014-02-11,45.33706283569336
2014-02-12,45.41270065307617
2014-02-13,45.550235748291016
2014-02-14,45.722145080566406
2014-02-18,46.114105224609375
2014-02-19,45.80466842651367
2014-02-20,45.96282196044922
2014-02-21,46.05221939086914
2014-02-24,46.4510612487793
2014-02-25,46.341033935546875
2014-02-26,46.18286895751953
2014-02-27,46.341033935546875
2014-02-28,46.42355728149414
2014-03-03,45.440208435058594
2014-03-04,46.341033935546875
2014-03-05,46.299766540527344
2014-03-06,46.781131744384766
2014-03-07,46.526702880859375
2014-03-10,46.23788833618164
2014-03-11,45.900943756103516
2014-03-12,45.7290153503418
2014-03-13,44.87633514404297
2014-03-14,44.78006362915039
2014-03-17,45.34393310546875
2014-03-18,45.62588119506836
2014-03-19,45.06888198852539
2014-03-20,44.89695739746094
2014-03-21,44.807559967041016
2014-03-24,44.92448043823242
2014-03-25,45.41270065307617
2014-03-26,45.40582275390625
2014-03-27,45.63275146484375
2014-03-28,45.9765739440918
2014-03-31,46.210384368896484
2014-04-01,46.506072998046875
2014-04-02,46.595455169677734
2014-04-03,46.464813232421875
2014-04-04,46.320411682128906
2014-04-07,46.10034942626953
2014-04-08,46.07284164428711
2014-04-09,46.664241790771484
2014-04-10,45.839046478271484
2014-04-11,45.563987731933594
2014-04-14,45.82529830932617
2014-04-15,45.63275146484375
2014-04-16,46.19662857055664
2014-04-17,46.43730163574219
2014-04-21,46.499202728271484
2014-04-22,46.691734313964844
2014-04-23,46.58171463012695
2014-04-24,46.5748405456543
2014-04-25,46.3479118347168
2014-04-28,46.4923095703125
2014-04-29,46.79489517211914
2014-04-30,46.98055648803711
2014-05-01,47.111202239990234
2014-05-02,47.035579681396484
2014-05-05,47.001190185546875
2014-05-06,46.918670654296875
2014-05-07,46.97367477416992
2014-05-08,46.98055648803711
2014-05-09,46.911781311035156
2014-05-12,47.22123718261719
2014-05-13,47.28999710083008
2014-05-14,47.20059585571289
2014-05-15,46.99430847167969
2014-05-16,47.09744644165039
2014-05-19,47.001190185546875
2014-05-20,46.70548629760742
2014-05-21,47.0699577331543
2014-05-22,47.1318359375
2014-05-23,47.255619049072266
2014-05-27,47.592559814453125
2014-05-28,47.43440628051758
2014-05-29,47.72322082519531
2014-05-30,47.7301025390625
2014-06-02,47.82637405395508
2014-06-03,47.709468841552734
2014-06-04,47.695709228515625
2014-06-05,48.025787353515625
2014-06-06,48.287109375
2014-06-09,48.238956451416016
2014-06-10,48.13581848144531
2014-06-11,47.895137786865234
2014-06-12,47.908878326416016
2014-06-13,47.943275451660156
2014-06-16,47.95703125
2014-06-17,47.92264175415039
2014-06-18,48.335243225097656
2014-06-19,48.596534729003906
2014-06-20,48.51403045654297
2014-06-23,48.38337707519531
2014-06-24,48.080806732177734
2014-06-25,48.063880920410156
2014-06-26,48.09912109375
2014-06-27,48.12730026245117
2014-06-30,48.16957473754883
2014-07-01,48.59230422973633
2014-07-02,48.6697998046875
2014-07-03,48.768428802490234
2014-07-07,48.38798141479492
2014-07-08,47.880714416503906
2014-07-09,48.03569412231445
2014-07-10,47.50730514526367
2014-07-11,47.53548812866211
2014-07-14,47.887752532958984
2014-07-15,47.76799011230469
2014-07-16,48.063880920410156
2014-07-17,47.450931549072266
2014-07-18,47.8243522644043
2014-07-21,47.648216247558594
2014-07-22,47.85957717895508
2014-07-23,47.958213806152344
2014-07-24,48.0709342956543
2014-07-25,47.87366485595703
2014-07-28,47.880714416503906
2014-07-29,47.782081604003906
2014-07-30,47.711631774902344
2014-07-31,46.91548538208008
2014-08-01,46.59139633178711
2014-08-04,46.809814453125
2014-08-05,46.210941314697266
2014-08-06,46.09822082519531
2014-08-07,45.72480773925781
2014-08-08,45.99253463745117
2014-08-11,46.168670654296875
2014-08-12,46.13344955444336
2014-08-13,46.39412307739258
2014-08-14,46.640716552734375
2014-08-15,46.59139633178711
2014-08-18,46.89435577392578
2014-08-19,47.007080078125
2014-08-20,46.8591194152832
2014-08-21,47.056396484375
2014-08-22,46.83094787597656
2014-08-25,47.13389205932617
2014-08-26,47.140933990478516
2014-08-27,47.23252487182617
2014-08-28,47.02116394042969
2014-08-29,47.00002670288086
2014-09-02,47.091617584228516
2014-09-03,47.422760009765625
2014-09-04,47.19729995727539
2014-09-05,47.204345703125
2014-09-08,46.70412826538086
2014-09-09,46.570255279541016
2014-09-10,46.83799743652344
2014-09-11,46.57731628417969
2014-09-12,46.51389694213867
2014-09-15,46.41526412963867
2014-09-16,46.6125373840332
2014-09-17,46.281394958496094
2014-09-18,46.640716552734375
2014-09-19,46.478660583496094
2014-09-22,46.27435302734375
2014-09-23,45.886863708496094
2014-09-24,46.119354248046875
2014-09-25,45.4429931640625
2014-09-26,45.633216857910156
2014-09-29,45.21049499511719
2014-09-30,45.17526626586914
2014-10-01,44.63981246948242
2014-10-02,44.16072463989258
2014-10-03,44.16072463989258
2014-10-06,44.442535400390625
2014-10-07,43.688690185546875
2014-10-08,44.3791389465332
2014-10-09,43.18845748901367
2014-10-10,42.540279388427734
2014-10-13,42.483917236328125
2014-10-14,42.589595794677734
2014-10-15,42.33596420288086
2014-10-16,41.941410064697266
2014-10-17,42.72346115112305
2014-10-20,42.99118423461914
2014-10-21,43.5055046081543
2014-10-22,43.18845748901367
2014-10-23,43.60414123535156
2014-10-24,43.84367752075195
2014-10-27,43.59708786010742
2014-10-28,44.25935363769531
2014-10-29,43.92117691040039
2014-10-30,44.238224029541016
2014-10-31,45.05548858642578
2014-11-03,44.667999267578125
2014-11-04,44.41436767578125
2014-11-05,44.4989128112793
2014-11-06,44.25935363769531
2014-11-07,44.280494689941406
2014-11-10,44.4777717590332
2014-11-11,44.74549865722656
2014-11-12,44.365055084228516
2014-11-13,44.57639694213867
2014-11-14,44.63981246948242
2014-11-17,44.46368408203125
2014-11-18,44.94981384277344
2014-11-19,44.815948486328125
2014-11-20,44.5482292175293
2014-11-21,44.93572235107422
2014-11-24,45.19640350341797
2014-11-25,45.273902893066406
2014-11-26,45.45003128051758
2014-11-28,45.08367919921875
2014-12-01,45.041412353515625
2014-12-02,45.16822052001953
2014-12-03,45.111854553222656
2014-12-04,44.96390151977539
2014-12-05,45.06253433227539
2014-12-08,44.667999267578125
2014-12-09,44.42845153808594
2014-12-10,43.864803314208984
2014-12-11,43.80845260620117
2014-12-12,42.96299743652344
2014-12-15,42.25141525268555
2014-12-16,42.55437469482422
2014-12-17,43.06304931640625
2014-12-18,43.831398010253906
2014-12-19,43.89542770385742
2014-12-22,44.10886001586914
2014-12-23,43.966556549072266
2014-12-24,44.165767669677734
2014-12-26,44.27959442138672
2014-12-29,43.959449768066406
2014-12-30,43.5539436340332
2014-12-31,43.28358459472656
2015-01-02,43.09861755371094
2015-01-05,42.081268310546875
2015-01-06,41.60460662841797
2015-01-07,42.067047119140625
2015-01-08,42.63618850708008
2015-01-09,42.42986297607422
2015-01-12,42.33026885986328
2015-01-13,42.54369354248047
2015-01-14,42.422752380371094
2015-01-15,42.69309616088867
2015-01-16,43.248016357421875
2015-01-20,43.397422790527344
2015-01-21,43.7389030456543
2015-01-22,43.90253448486328
2015-01-23,43.653533935546875
2015-01-26,44.25114059448242
2015-01-27,44.31517028808594
2015-01-28,43.653533935546875
2015-01-29,44.25114059448242
2015-01-30,43.5539436340332
2015-02-02,44.08039474487305
2015-02-03,44.78470993041992
2015-02-04,44.414764404296875
2015-02-05,45.02659606933594
2015-02-06,44.46457290649414
2015-02-09,44.25114059448242
2015-02-10,44.65666198730469
2015-02-11,44.414764404296875
2015-02-12,45.104862213134766
2015-02-13,45.40365219116211
2015-02-17,45.5103759765625
2015-02-18,45.78071975708008
2015-02-19,45.83763885498047
2015-02-20,46.26449203491211
2015-02-23,46.100868225097656
2015-02-24,46.385433197021484
2015-02-25,46.4210090637207
2015-02-26,46.29294204711914
2015-02-27,46.314292907714844
2015-03-02,46.385433197021484
2015-03-03,46.100868225097656
2015-03-04,45.915889739990234
2015-03-05,46.02261734008789
2015-03-06,45.396541595458984
2015-03-09,45.467689514160156
2015-03-10,44.47879409790039
2015-03-11,44.592620849609375
2015-03-12,45.14754867553711
2015-03-13,44.884315490722656
2015-03-16,45.389434814453125
2015-03-17,45.27560043334961
2015-03-18,46.2431526184082
2015-03-19,45.702457427978516
2015-03-20,46.71269989013672
2015-03-23,46.94746398925781
2015-03-24,46.84786605834961
2015-03-25,46.6273307800293
2015-03-26,46.22180938720703
2015-03-27,46.34275436401367
2015-03-30,46.371212005615234
2015-03-31,45.65266799926758
2015-04-01,45.979915618896484
2015-04-02,46.37833023071289
2015-04-06,46.84786605834961
2015-04-07,46.78384017944336
2015-04-08,46.983036041259766
2015-04-09,47.04706573486328
2015-04-10,47.13955307006836
2015-04-13,46.84075164794922
2015-04-14,47.18936538696289
2015-04-15,47.40277099609375
2015-04-16,47.530845642089844
2015-04-17,46.9332389831543
2015-04-20,46.983036041259766
2015-04-21,47.40277099609375
2015-04-22,47.495277404785156
2015-04-23,47.67314529418945
2015-04-24,47.95058822631836
2015-04-27,48.185367584228516
2015-04-28,48.24227523803711
2015-04-29,47.822540283203125
2015-04-30,47.31740951538086
2015-05-01,47.843875885009766
2015-05-04,47.79408264160156
2015-05-05,47.0826416015625
2015-05-06,47.203590393066406
2015-05-07,47.04706573486328
2015-05-08,48.13557434082031
2015-05-11,47.71581268310547
2015-05-12,47.68735885620117
2015-05-13,48.043067932128906
2015-05-14,48.61933517456055
2015-05-15,48.676246643066406
2015-05-18,48.512630462646484
2015-05-19,48.32765579223633
2015-05-20,48.420135498046875
2015-05-21,48.676246643066406
2015-05-22,48.36322021484375
2015-05-26,47.495277404785156
2015-05-27,47.957698822021484
2015-05-28,47.87233352661133
2015-05-29,47.40990447998047
2015-06-01,47.28184127807617
2015-06-02,47.50238037109375
2015-06-03,47.76561737060547
2015-06-04,47.253387451171875
2015-06-05,46.691349029541016
2015-06-08,46.6273307800293
2015-06-09,46.371212005615234
2015-06-10,47.34587097167969
2015-06-11,47.473934173583984
2015-06-12,47.096866607666016
2015-06-15,46.81230926513672
2015-06-16,46.79807662963867
2015-06-17,46.691349029541016
2015-06-18,47.11109924316406
2015-06-19,46.99726104736328
2015-06-22,47.88656234741211
2015-06-23,48.014617919921875
2015-06-24,47.60198211669922
2015-06-25,47.58100509643555
2015-06-26,47.55930709838867
2015-06-29,46.09794998168945
2015-06-30,45.931556701660156
2015-07-01,46.2281608581543
2015-07-02,46.28604507446289
2015-07-06,45.3527946472168
2015-07-07,45.36726760864258
2015-07-08,44.311031341552734
2015-07-09,45.041709899902344
2015-07-10,46.51754379272461
2015-07-13,46.69116973876953
2015-07-14,47.081817626953125
2015-07-15,46.908203125
2015-07-16,47.313331604003906
2015-07-17,47.23374938964844
2015-07-20,47.356746673583984
2015-07-21,47.219276428222656
2015-07-22,46.85755920410156
2015-07-23,46.73457336425781
2015-07-24,46.220924377441406
2015-07-27,45.88091278076172
2015-07-28,46.45967102050781
2015-07-29,46.626060485839844
2015-07-30,46.58988952636719
2015-07-31,46.86479568481445
2015-08-03,46.74180603027344
2015-08-04,46.77798843383789
2015-08-05,47.02395248413086
2015-08-06,46.82863235473633
2015-08-07,46.74180603027344
2015-08-10,47.313331604003906
2015-08-11,46.58988952636719
2015-08-12,46.2570915222168
2015-08-13,46.2281608581543
2015-08-14,46.300506591796875
2015-08-17,46.21369552612305
2015-08-18,45.8664436340332
2015-08-19,45.4613151550293
2015-08-20,44.36166763305664
2015-08-21,43.34885025024414
2015-08-24,41.851318359375
2015-08-25,42.249210357666016
2015-08-26,43.24755859375
2015-08-27,43.77568435668945
2015-08-28,43.710575103759766
2015-08-31,43.3850212097168
2015-09-01,41.93090057373047
2015-09-02,42.55305480957031
2015-09-03,42.65433883666992
2015-09-04,41.67769241333008
2015-09-08,42.900325775146484
2015-09-09,42.726680755615234
2015-09-10,43.00883483886719
2015-09-11,43.00159454345703
2015-09-14,42.67604446411133
2015-09-15,42.96541976928711
2015-09-16,43.62376022338867
2015-09-17,43.64546585083008
2015-09-18,42.55305480957031
2015-09-21,42.53135681152344
2015-09-22,41.51853561401367
2015-09-23,41.32320022583008
2015-09-24,41.20745086669922
2015-09-25,41.569175720214844
2015-09-28,40.75168228149414
2015-09-29,40.693809509277344
2015-09-30,41.4678955078125
2015-10-01,41.59812545776367
2015-10-02,42.30708694458008
2015-10-05,43.14628219604492
2015-10-06,43.196922302246094
2015-10-07,43.73951721191406
2015-10-08,44.086769104003906
2015-10-09,44.166343688964844
2015-10-12,44.07952880859375
2015-10-13,43.52248001098633
2015-10-14,43.60928726196289
2015-10-15,44.35444259643555
2015-10-16,44.318267822265625
2015-10-19,44.166343688964844
2015-10-20,43.9854850769043
2015-10-21,43.96377944946289
2015-10-22,44.45571517944336
2015-10-23,44.89702606201172
2015-10-26,44.73063278198242
2015-10-27,44.33997344970703
2015-10-28,44.62935256958008
2015-10-29,44.303802490234375
2015-10-30,44.209747314453125
2015-11-02,44.62935256958008
2015-11-03,44.614871978759766
2015-11-04,44.36890411376953
2015-11-05,44.28933334350586
2015-11-06,44.086769104003906
2015-11-09,43.63100051879883
2015-11-10,43.602054595947266
2015-11-11,43.82632827758789
2015-11-12,43.25480270385742
2015-11-13,42.89308166503906
2015-11-16,43.4356689453125
2015-11-17,43.551414489746094
2015-11-18,43.94931411743164
2015-11-19,44.1735725402832
2015-11-20,44.07229995727539
2015-11-23,43.79738998413086
2015-11-24,43.80462646484375
2015-11-25,43.90591049194336
2015-11-27,43.91313552856445
2015-11-30,43.87697219848633
2015-12-01,44.33997344970703
2015-12-02,43.86972427368164
2015-12-03,43.659934997558594
2015-12-04,44.01441192626953
2015-12-07,43.73228454589844
2015-12-08,43.088409423828125
2015-12-09,42.89308166503906
2015-12-10,42.900325775146484
2015-12-11,42.08282470703125
2015-12-14,42.14793014526367
2015-12-15,42.35772705078125
2015-12-16,43.21139907836914
2015-12-17,42.66157913208008
2015-12-18,42.213035583496094
2015-12-21,42.408626556396484
2015-12-22,42.729732513427734
2015-12-23,43.44493865966797
2015-12-24,43.37196731567383
2015-12-28,43.26979446411133
2015-12-29,43.70037078857422
2015-12-30,43.437644958496094
2015-12-31,42.85380935668945
2016-01-04,42.196983337402344
2016-01-05,42.13130569458008
2016-01-06,41.4379997253418
2016-01-07,40.57683181762695
2016-01-08,40.08787155151367
2016-01-11,40.25572204589844
2016-01-12,40.44546890258789
2016-01-13,39.81784439086914
2016-01-14,40.32869338989258
2016-01-15,38.86909484863281
2016-01-19,39.2266960144043
2016-01-20,38.33635330200195
2016-01-21,38.620975494384766
2016-01-22,39.759456634521484
2016-01-25,39.2266960144043
2016-01-26,39.92732238769531
2016-01-27,39.671875
2016-01-28,39.78864288330078
2016-01-29,40.489253997802734
2016-02-01,40.44546890258789
2016-02-02,39.50402069091797
2016-02-03,39.83244323730469
2016-02-04,39.883522033691406
2016-02-05,39.27050018310547
2016-02-08,38.54069137573242
2016-02-09,38.09552001953125
2016-02-10,38.05172348022461
2016-02-11,37.49707794189453
2016-02-12,38.15389633178711
2016-02-16,38.927490234375
2016-02-17,39.59890365600586
2016-02-18,39.39455032348633
2016-02-19,39.35076904296875
2016-02-22,39.79594039916992
2016-02-23,39.14643478393555
2016-02-24,39.00776290893555
2016-02-25,39.47483825683594
2016-02-26,39.37267303466797
2016-02-29,39.139129638671875
2016-03-01,40.16084289550781
2016-03-02,40.438175201416016
2016-03-03,40.8322639465332
2016-03-04,41.1314811706543
2016-03-07,41.08039855957031
2016-03-08,40.67900848388672
2016-03-09,40.8322639465332
2016-03-10,40.76658248901367
2016-03-11,41.83208465576172
2016-03-14,41.7445182800293
2016-03-15,41.35042190551758
2016-03-16,41.71532440185547
2016-03-17,42.03643035888672
2016-03-18,41.96345520019531
2016-03-21,41.897769927978516
2016-03-22,41.82478713989258
2016-03-23,41.40150451660156
2016-03-24,41.124176025390625
2016-03-28,41.37230682373047
2016-03-29,41.81748580932617
2016-03-30,42.13130569458008
2016-03-31,41.71532440185547
2016-04-01,41.270145416259766
2016-04-04,41.182559967041016
2016-04-05,40.372493743896484
2016-04-06,41.02930450439453
2016-04-07,40.430877685546875
2016-04-08,41.20446014404297
2016-04-11,41.22634506225586
2016-04-12,41.83938217163086
2016-04-13,42.50350570678711
2016-04-14,42.64216613769531
2016-04-15,42.54729461669922
2016-04-18,42.91218566894531
2016-04-19,43.656578063964844
2016-04-20,43.69306945800781
2016-04-21,43.43034744262695
2016-04-22,43.45224380493164
2016-04-25,43.233299255371094
2016-04-26,43.38655090332031
2016-04-27,43.41575241088867
2016-04-28,42.82461166381836
2016-04-29,42.64216613769531
2016-05-02,43.04354476928711
2016-05-03,42.33564376831055
2016-05-04,41.84668731689453
2016-05-05,41.75911331176758
2016-05-06,41.875877380371094
2016-05-09,41.788299560546875
2016-05-10,42.38673400878906
2016-05-11,42.02184295654297
2016-05-12,42.007232666015625
2016-05-13,41.576663970947266
2016-05-16,42.07292175292969
2016-05-17,41.76640319824219
2016-05-18,41.781002044677734
2016-05-19,41.48177719116211
2016-05-20,41.82478713989258
2016-05-23,41.68612289428711
2016-05-24,42.29186248779297
2016-05-25,42.73703384399414
2016-05-26,42.85380935668945
2016-05-27,42.810028076171875
2016-05-31,42.605682373046875
2016-06-01,42.569190979003906
2016-06-02,42.569190979003906
2016-06-03,42.84650802612305
2016-06-06,43.08734130859375
2016-06-07,43.401153564453125
2016-06-08,43.48872756958008
2016-06-09,42.95597457885742
2016-06-10,41.7080192565918
2016-06-13,41.1022834777832
2016-06-14,40.44546890258789
2016-06-15,40.71549987792969
2016-06-16,40.80306625366211
2016-06-17,41.20446014404297
2016-06-20,42.226173400878906
2016-06-21,42.569190979003906
2016-06-22,42.543113708496094
2016-06-23,43.71989822387695
2016-06-24,39.96609878540039
2016-06-27,39.198951721191406
2016-06-28,40.226776123046875
2016-06-29,40.964134216308594
2016-06-30,41.57487487792969
2016-07-01,41.57487487792969
2016-07-05,40.770484924316406
2016-07-06,40.69600296020508
2016-07-07,40.53215026855469
2016-07-08,41.15034103393555
2016-07-11,41.753631591796875
2016-07-12,42.31967544555664
2016-07-13,42.27497482299805
2016-07-14,42.63993453979492
2016-07-15,42.42394256591797
2016-07-18,42.52822494506836
2016-07-19,42.19305419921875
2016-07-20,42.57289505004883
2016-07-21,42.4015998840332
2016-07-22,42.48352813720703
2016-07-25,42.431392669677734
2016-07-26,42.61014175415039
2016-07-27,42.76655578613281
2016-07-28,42.721866607666016
2016-07-29,43.228328704833984
2016-08-01,42.94530487060547
2016-08-02,42.729312896728516
2016-08-03,42.580360412597656
2016-08-04,42.82614517211914
2016-08-05,43.01978302001953
2016-08-08,43.109161376953125
2016-08-09,43.4517707824707
2016-08-10,43.600730895996094
2016-08-11,43.91354751586914
2016-08-12,43.80183410644531
2016-08-15,43.97313690185547
2016-08-16,43.906105041503906
2016-08-17,43.891212463378906
2016-08-18,44.11465072631836
2016-08-19,43.78693389892578
2016-08-22,43.831626892089844
2016-08-23,44.017822265625
2016-08-24,43.91354751586914
2016-08-25,43.73479080200195
2016-08-26,43.47411346435547
2016-08-29,43.60818099975586
2016-08-30,43.54859161376953
2016-08-31,43.45922088623047
2016-09-01,43.75714111328125
2016-09-02,44.263614654541016
2016-09-06,44.561527252197266
2016-09-07,44.5838737487793
2016-09-08,44.457252502441406
2016-09-09,43.59328842163086
2016-09-12,43.95079803466797
2016-09-13,43.06447219848633
2016-09-14,43.0048942565918
2016-09-15,43.37729263305664
2016-09-16,42.818687438964844
2016-09-19,43.04212951660156
2016-09-20,43.30280303955078
2016-09-21,44.062503814697266
2016-09-22,44.50939178466797
2016-09-23,44.13698959350586
2016-09-26,43.72735595703125
2016-09-27,43.93589401245117
2016-09-28,44.24871063232422
2016-09-29,43.69755554199219
2016-09-30,44.0401725769043
2016-10-03,43.920997619628906
2016-10-04,43.91354751586914
2016-10-05,44.09230422973633
2016-10-06,43.853965759277344
2016-10-07,43.63052749633789
2016-10-10,43.75714111328125
2016-10-11,43.13895034790039
2016-10-12,43.04212951660156
2016-10-13,42.878273010253906
2016-10-14,42.95275115966797
2016-10-17,42.82614517211914
2016-10-18,43.25068283081055
2016-10-19,43.369842529296875
2016-10-20,43.4368782043457
2016-10-21,43.340049743652344
2016-10-24,43.33259963989258
2016-10-25,43.30280303955078
2016-10-26,43.109161376953125
2016-10-27,43.057029724121094
2016-10-28,43.04212951660156
2016-10-31,43.06447219848633
2016-11-01,42.878273010253906
2016-11-02,42.58780288696289
2016-11-03,42.543113708496094
2016-11-04,42.13347244262695
2016-11-07,42.714420318603516
2016-11-08,42.83358383178711
2016-11-09,42.870826721191406
2016-11-10,42.75165939331055
2016-11-11,42.49098205566406
2016-11-14,42.26008987426758
2016-11-15,42.4462890625
2016-11-16,41.99941635131836
2016-11-17,42.31967544555664
2016-11-18,41.85790252685547
2016-11-21,42.215396881103516
2016-11-22,42.31967544555664
2016-11-23,42.170711517333984
2016-11-25,42.29732894897461
2016-11-28,42.07388687133789
2016-11-29,42.342018127441406
2016-11-30,42.29732894897461
2016-12-01,42.13347244262695
2016-12-02,42.23774337768555
2016-12-05,42.65483474731445
2016-12-06,42.94530487060547
2016-12-07,43.58584213256836
2016-12-08,43.54859161376953
2016-12-09,43.73479080200195
2016-12-12,43.54114532470703
2016-12-13,44.0103759765625
2016-12-14,43.362396240234375
2016-12-15,43.26556396484375
2016-12-16,43.29536437988281
2016-12-19,43.228328704833984
2016-12-20,43.37729263305664
2016-12-21,43.38933181762695
2016-12-22,43.291507720947266
2016-12-23,43.404380798339844
2016-12-27,43.35170364379883
2016-12-28,43.1861457824707
2016-12-29,43.291507720947266
2016-12-30,43.442012786865234
2017-01-03,43.7129020690918
2017-01-04,44.209564208984375
2017-01-05,44.5858154296875
2017-01-06,44.43531799316406
2017-01-09,44.367584228515625
2017-01-10,44.3751106262207
2017-01-11,44.60839080810547
2017-01-12,44.676109313964844
2017-01-13,44.8416633605957
2017-01-17,44.676109313964844
2017-01-18,44.54819107055664
2017-01-19,44.43531799316406
2017-01-20,44.691162109375
2017-01-23,44.80405044555664
2017-01-24,44.91691207885742
2017-01-25,45.38346481323242
2017-01-26,45.2028694152832
2017-01-27,45.127620697021484
2017-01-30,44.80405044555664
2017-01-31,44.871768951416016
2017-02-01,45.052364349365234
2017-02-02,45.0749397277832
2017-02-03,45.25553512573242
2017-02-06,44.93196105957031
2017-02-07,44.886817932128906
2017-02-08,44.96207046508789
2017-02-09,45.15018844604492
2017-02-10,45.25553512573242
2017-02-13,45.43614196777344
2017-02-14,45.3684196472168
2017-02-15,45.5414924621582
2017-02-16,45.64683532714844
2017-02-17,45.52643966674805
2017-02-21,45.67694091796875
2017-02-22,45.67694091796875
2017-02-23,45.77477264404297
2017-02-24,45.443668365478516
2017-02-27,45.47377014160156
2017-02-28,45.406044006347656
2017-03-01,45.88011932373047
2017-03-02,45.5791130065918
2017-03-03,45.85001754760742
2017-03-06,45.70704650878906
2017-03-07,45.549015045166016
2017-03-08,45.38346481323242
2017-03-09,45.55654525756836
2017-03-10,45.9403190612793
2017-03-13,46.18111801147461
2017-03-14,45.82743835449219
2017-03-15,46.48211669921875
2017-03-16,46.707862854003906
2017-03-17,46.828269958496094
2017-03-20,46.73044967651367
2017-03-21,46.519744873046875
2017-03-22,46.52727508544922
2017-03-23,46.632633209228516
2017-03-24,46.76054763793945
2017-03-27,46.88094711303711
2017-03-28,47.10669708251953
2017-03-29,47.10669708251953
2017-03-30,46.94115447998047
2017-03-31,46.8734245300293
2017-04-03,46.80569839477539
2017-04-04,46.7906494140625
2017-04-05,46.542327880859375
2017-04-06,46.54984664916992
2017-04-07,46.519744873046875
2017-04-10,46.467071533203125
2017-04-11,46.685302734375
2017-04-12,46.647674560546875
2017-04-13,46.34667205810547
2017-04-17,46.632633209228516
2017-04-18,46.42191696166992
2017-04-19,46.233802795410156
2017-04-20,46.60252380371094
2017-04-21,46.632633209228516
2017-04-24,47.81405258178711
2017-04-25,48.152687072753906
2017-04-26,48.01723098754883
2017-04-27,48.0623779296875
2017-04-28,48.00969696044922
2017-05-01,48.205352783203125
2017-05-02,48.453678131103516
2017-05-03,48.355857849121094
2017-05-04,48.81488037109375
2017-05-05,49.35668182373047
2017-05-08,48.98796081542969
2017-05-09,48.867557525634766
2017-05-10,48.942806243896484
2017-05-11,48.82240676879883
2017-05-12,49.09330368041992
2017-05-15,49.341636657714844
2017-05-16,49.657684326171875
2017-05-17,49.09330368041992
2017-05-18,49.17607498168945
2017-05-19,49.747989654541016
2017-05-22,49.80818557739258
2017-05-23,49.815704345703125
2017-05-24,49.8458137512207
2017-05-25,49.8458137512207
2017-05-26,49.70283508300781
2017-05-30,49.6501579284668
2017-05-31,49.710357666015625
2017-06-01,50.03394317626953
2017-06-02,50.5832633972168
2017-06-05,50.304832458496094
2017-06-06,50.161861419677734
2017-06-07,50.176918029785156
2017-06-08,50.08660888671875
2017-06-09,49.89848709106445
2017-06-12,49.710357666015625
2017-06-13,50.094139099121094
2017-06-14,50.0565071105957
2017-06-15,49.53729248046875
2017-06-16,49.95869064331055
2017-06-19,50.161861419677734
2017-06-20,49.75810241699219
2017-06-21,49.696929931640625
2017-06-22,49.68928909301758
2017-06-23,49.811641693115234
2017-06-26,49.895755767822266
2017-06-27,49.888099670410156
2017-06-28,50.32396697998047
2017-06-29,49.82693099975586
2017-06-30,49.857513427734375
2017-07-03,49.79634475708008
2017-07-05,49.79634475708008
2017-07-06,49.5745735168457
2017-07-07,49.58222579956055
2017-07-10,49.7045783996582
2017-07-11,49.81928634643555
2017-07-12,50.2169189453125
2017-07-13,50.362205505371094
2017-07-14,50.71397018432617
2017-07-17,50.61455535888672
2017-07-18,50.66044616699219
2017-07-19,50.88219451904297
2017-07-20,51.088653564453125
2017-07-21,50.88984298706055
2017-07-24,50.752193450927734
2017-07-25,50.82101821899414
2017-07-26,51.13454818725586
2017-07-27,51.01985168457031
2017-07-28,51.073368072509766
2017-07-31,51.1804313659668
2017-08-01,51.46336364746094
2017-08-02,51.486305236816406
2017-08-03,51.51689147949219
2017-08-04,51.58570861816406
2017-08-07,51.608642578125
2017-08-08,51.33335876464844
2017-08-09,51.24924850463867
2017-08-10,50.52280044555664
2017-08-11,50.431026458740234
2017-08-14,50.79808044433594
2017-08-15,50.75983810424805
2017-08-16,51.0504264831543
2017-08-17,50.47690963745117
2017-08-18,50.61455535888672
2017-08-21,50.59926223754883
2017-08-22,50.84396743774414
2017-08-23,50.85161590576172
2017-08-24,50.73690414428711
2017-08-25,51.04277801513672
2017-08-28,51.04277801513672
2017-08-29,50.83633041381836
2017-08-30,50.76749801635742
2017-08-31,51.1574821472168
2017-09-01,51.226295471191406
2017-09-05,50.88219451904297
2017-09-06,51.195716857910156
2017-09-07,51.616302490234375
2017-09-08,51.62393569946289
2017-09-11,52.02923583984375
2017-09-12,52.18980026245117
2017-09-13,51.906883239746094
2017-09-14,51.998634338378906
2017-09-15,52.04452133178711
2017-09-18,52.11334228515625
2017-09-19,52.35804748535156
2017-09-20,52.24333572387695
2017-09-21,52.13627624511719
2017-09-22,52.29685974121094
2017-09-25,51.998634338378906
2017-09-26,51.88392639160156
2017-09-27,51.92216491699219
2017-09-28,52.059810638427734
2017-09-29,52.36569595336914
2017-10-02,52.31979751586914
2017-10-03,52.49568557739258
2017-10-04,52.396270751953125
2017-10-05,52.36569595336914
2017-10-06,52.32744216918945
2017-10-09,52.342750549316406
2017-10-10,52.839786529541016
2017-10-11,52.96977615356445
2017-10-12,52.92391586303711
2017-10-13,53.199195861816406
2017-10-16,53.16095733642578
2017-10-17,53.0233154296875
2017-10-18,53.17625045776367
2017-10-19,53.092140197753906
2017-10-20,53.0233154296875
2017-10-23,52.90862274169922
2017-10-24,52.992740631103516
2017-10-25,52.7862548828125
2017-10-26,52.77861785888672
2017-10-27,52.90097427368164
2017-10-30,53.0233154296875
2017-10-31,53.24508285522461
2017-11-01,53.298614501953125
2017-11-02,53.45918273925781
2017-11-03,53.37506866455078
2017-11-06,53.4515380859375
2017-11-07,53.25273132324219
2017-11-08,53.42860794067383
2017-11-09,53.12273025512695
2017-11-10,52.97743225097656
2017-11-13,52.75567626953125
2017-11-14,52.717437744140625
2017-11-15,52.46509552001953
2017-11-16,52.88566970825195
2017-11-17,52.69449996948242
2017-11-20,52.80921173095703
2017-11-21,53.206844329833984
2017-11-22,53.35211944580078
2017-11-24,53.788002014160156
2017-11-27,53.46683883666992
2017-11-28,53.772705078125
2017-11-29,53.558597564697266
2017-11-30,53.61212158203125
2017-12-01,53.39801788330078
2017-12-04,53.206844329833984
2017-12-05,53.092140197753906
2017-12-06,52.98508834838867
2017-12-07,53.12273025512695
2017-12-08,53.40565490722656
2017-12-11,53.54330062866211
2017-12-12,53.61212158203125
2017-12-13,53.818580627441406
2017-12-14,53.52036666870117
2017-12-15,53.505069732666016
2017-12-18,54.13974380493164
2017-12-19,53.94114685058594
2017-12-20,53.84841537475586
2017-12-21,54.0416259765625
2017-12-22,54.18070983886719
2017-12-26,54.165260314941406
2017-12-27,54.265724182128906
2017-12-28,54.29663848876953
2017-12-29,54.335269927978516
2018-01-02,54.73712921142578
2018-01-03,54.99987030029297
2018-01-04,55.602664947509766
2018-01-05,55.91178512573242
2018-01-08,55.89631652832031
2018-01-09,55.95815658569336
2018-01-10,55.84996032714844
2018-01-11,56.23634338378906
2018-01-12,56.800498962402344
2018-01-16,56.74639129638672
2018-01-17,57.040061950683594
2018-01-18,56.97051239013672
2018-01-19,57.28736114501953
2018-01-22,57.581016540527344
2018-01-23,57.76649856567383
2018-01-24,57.8669548034668
2018-01-25,57.64284896850586
2018-01-26,58.15289306640625
2018-01-29,57.61965560913086
2018-01-30,57.14052963256836
2018-01-31,57.06324768066406
2018-02-01,57.225547790527344
2018-02-02,56.06634521484375
2018-02-05,53.717044830322266
2018-02-06,54.77577590942383
2018-02-07,54.19618225097656
2018-02-08,52.78196716308594
2018-02-09,53.00605392456055
2018-02-12,53.8175048828125
2018-02-13,53.655216217041016
2018-02-14,54.605751037597656
2018-02-15,54.94578552246094
2018-02-16,55.193084716796875
2018-02-20,54.6753044128418
2018-02-21,54.41256332397461
2018-02-22,54.698482513427734
2018-02-23,55.131256103515625
2018-02-26,55.6490364074707
2018-02-27,54.822139739990234
2018-02-28,54.304359436035156
2018-03-01,53.3924674987793
2018-03-02,53.647491455078125
2018-03-05,53.93342208862305
2018-03-06,54.25027084350586
2018-03-07,54.23480987548828
2018-03-08,54.35074234008789
2018-03-09,54.698482513427734
2018-03-12,54.760318756103516
2018-03-13,54.39710235595703
2018-03-14,54.528465270996094
2018-03-15,54.49755859375
2018-03-16,54.458919525146484
2018-03-19,54.018428802490234
2018-03-20,54.010704040527344
2018-03-21,54.09571075439453
2018-03-22,53.09108352661133
2018-03-23,52.503746032714844
2018-03-26,53.44655990600586
2018-03-27,53.05243682861328
2018-03-28,53.36155700683594
2018-03-29,53.84841537475586
2018-04-02,53.10653305053711
2018-04-03,53.44655990600586
2018-04-04,53.63203048706055
2018-04-05,53.987510681152344
2018-04-06,53.63203048706055
2018-04-09,54.07253646850586
2018-04-10,54.65212631225586
2018-04-11,54.4434700012207
2018-04-12,54.65212631225586
2018-04-13,54.70622253417969
2018-04-16,54.791221618652344
2018-04-17,55.03852081298828
2018-04-18,55.324459075927734
2018-04-19,55.11579513549805
2018-04-20,54.90713882446289
2018-04-23,54.83759689331055
2018-04-24,54.61347579956055
2018-04-25,54.520755767822266
2018-04-26,54.791221618652344
2018-04-27,54.84531784057617
2018-04-30,54.667579650878906
2018-05-01,54.47438430786133
2018-05-02,54.451194763183594
2018-05-03,54.621212005615234
2018-05-04,54.81440734863281
2018-05-07,54.822139739990234
2018-05-08,54.82985305786133
2018-05-09,54.961238861083984
2018-05-10,55.31672286987305
2018-05-11,55.46355056762695
2018-05-14,55.56401824951172
2018-05-15,55.162174224853516
2018-05-16,55.23944854736328
2018-05-17,55.324459075927734
2018-05-18,55.12351608276367
2018-05-21,55.47128677368164
2018-05-22,55.40174102783203
2018-05-23,54.791221618652344
2018-05-24,54.621212005615234
2018-05-25,54.265724182128906
2018-05-29,53.16062545776367
2018-05-30,53.97206497192383
2018-05-31,53.63203048706055
2018-06-01,54.09571075439453
2018-06-04,54.257991790771484
2018-06-05,54.1729850769043
2018-06-06,54.65985107421875
2018-06-07,54.35074234008789
2018-06-08,54.41256332397461
2018-06-11,54.760318756103516
2018-06-12,54.41256332397461
2018-06-13,54.48983383178711
2018-06-14,54.37391662597656
2018-06-15,54.09571075439453
2018-06-18,53.70930862426758
2018-06-19,53.2159309387207
2018-06-20,53.255340576171875
2018-06-21,52.87702178955078
2018-06-22,53.43661880493164
2018-06-25,52.69574737548828
2018-06-26,52.79033279418945
2018-06-27,52.293792724609375
2018-06-28,52.4908332824707
2018-06-29,52.782447814941406
2018-07-02,52.301673889160156
2018-07-03,52.45930480957031
2018-07-05,52.9794807434082
2018-07-06,53.26321792602539
2018-07-09,53.775516510009766
2018-07-10,53.75186538696289
2018-07-11,52.8533821105957
2018-07-12,53.26321792602539
2018-07-13,53.428733825683594
2018-07-16,53.40507888793945
2018-07-17,53.499656677246094
2018-07-18,53.50754165649414
2018-07-19,53.3972053527832
2018-07-20,53.649410247802734
2018-07-23,53.649410247802734
2018-07-24,53.96467208862305
2018-07-25,54.36662673950195
2018-07-26,54.122291564941406
2018-07-27,54.22476577758789
2018-07-30,54.216880798339844
2018-07-31,54.287803649902344
2018-08-01,54.01195526123047
2018-08-02,53.65729904174805
2018-08-03,53.68882369995117
2018-08-06,53.460269927978516
2018-08-07,53.87797927856445
2018-08-08,53.83069610595703
2018-08-09,53.67304992675781
2018-08-10,52.60117721557617
2018-08-13,52.412017822265625
2018-08-14,52.40412902832031
2018-08-15,51.64751434326172
2018-08-16,52.010047912597656
2018-08-17,52.31742858886719
2018-08-20,52.60117721557617
2018-08-21,52.92432403564453
2018-08-22,53.12924575805664
2018-08-23,52.75093078613281
2018-08-24,53.05830001831055
2018-08-27,53.76763916015625
2018-08-28,53.7203483581543
2018-08-29,54.01195526123047
2018-08-30,53.499656677246094
2018-08-31,53.074058532714844
2018-09-04,52.624813079833984
2018-09-05,52.144046783447266
2018-09-06,51.98641586303711
2018-09-07,51.568695068359375
2018-09-10,51.88395309448242
2018-09-11,51.931251525878906
2018-09-12,52.151920318603516
2018-09-13,52.538124084472656
2018-09-14,52.616939544677734
2018-09-17,52.66421890258789
2018-09-18,53.2159309387207
2018-09-19,53.40507888793945
2018-09-20,54.067134857177734
2018-09-21,54.09077835083008
2018-09-24,53.846439361572266
2018-09-25,54.114418029785156
2018-09-26,54.1380615234375
2018-09-27,54.02773666381836
2018-09-28,53.586360931396484
2018-10-01,53.649410247802734
2018-10-02,53.373565673828125
2018-10-03,53.27897644042969
2018-10-04,52.65634536743164
2018-10-05,52.34109115600586
2018-10-08,52.0888671875
2018-10-09,51.95488739013672
2018-10-10,50.851478576660156
2018-10-11,50.14213943481445
2018-10-12,50.323421478271484
2018-10-15,50.205196380615234
2018-10-16,51.06428146362305
2018-10-17,50.77265930175781
2018-10-18,49.95298767089844
2018-10-19,50.236724853515625
2018-10-22,50.01603698730469
2018-10-23,49.543148040771484
2018-10-24,48.14023971557617
2018-10-25,48.747108459472656
2018-10-26,48.41609191894531
2018-10-29,48.2821044921875
2018-10-30,48.86532974243164
2018-10-31,49.22788619995117
2018-11-01,49.85840606689453
2018-11-02,49.92934036254883
2018-11-05,49.92934036254883
2018-11-06,50.13426208496094
2018-11-07,50.804195404052734
2018-11-08,50.30765151977539
2018-11-09,49.97663116455078
2018-11-12,49.15694808959961
2018-11-13,49.369747161865234
2018-11-14,49.40916442871094
2018-11-15,49.566795349121094
2018-11-16,49.62196350097656
2018-11-19,49.1884765625
2018-11-20,48.3372802734375
2018-11-21,49.01508712768555
2018-11-23,48.69194412231445
2018-11-26,49.424922943115234
2018-11-27,49.23577880859375
2018-11-28,49.937225341796875
2018-11-29,49.68501663208008
2018-11-30,49.47221374511719
2018-12-03,50.126380920410156
2018-12-04,48.825927734375
2018-12-06,48.36880111694336
2018-12-07,47.88015365600586
2018-12-10,47.50971603393555
2018-12-11,47.65946578979492
2018-12-12,48.36091995239258
2018-12-13,48.27421951293945
2018-12-14,47.651588439941406
2018-12-17,47.27327346801758
2018-12-18,47.3115119934082
2018-12-19,46.85744094848633
2018-12-20,46.6662483215332
2018-12-21,45.85368728637695
2018-12-24,45.31995391845703
2018-12-26,46.371498107910156
2018-12-27,46.50692367553711
2018-12-28,46.75386428833008
2018-12-31,46.825565338134766
2019-01-02,46.72997283935547
2019-01-03,46.30776596069336
2019-01-04,47.72575378417969
2019-01-07,47.90896987915039
2019-01-08,48.219661712646484
2019-01-09,48.76136779785156
2019-01-10,48.95256042480469
2019-01-11,48.61796951293945
2019-01-14,48.39491653442383
2019-01-15,48.649837493896484
2019-01-16,48.78527069091797
2019-01-17,48.96052551269531
2019-01-18,49.454429626464844
2019-01-22,48.689666748046875
2019-01-23,48.9127311706543
2019-01-24,48.968482971191406
2019-01-25,49.5261344909668
2019-01-28,49.25527572631836
2019-01-29,49.36680221557617
2019-01-30,49.908504486083984
2019-01-31,49.93240737915039
2019-02-01,49.916473388671875
2019-02-04,50.099693298339844
2019-02-05,50.49003982543945
2019-02-06,50.235130310058594
2019-02-07,49.56596374511719
2019-02-08,49.406639099121094
2019-02-11,49.35883331298828
2019-02-12,49.93240737915039
2019-02-13,49.940372467041016
2019-02-14,49.956298828125
2019-02-15,50.68123245239258
2019-02-19,50.87241744995117
2019-02-20,51.01580810546875
2019-02-21,50.91224670410156
2019-02-22,51.079551696777344
2019-02-25,51.23090362548828
2019-02-26,51.47785568237305
2019-02-27,51.270729064941406
2019-02-28,51.199031829833984
2019-03-01,51.47785568237305
2019-03-04,51.286659240722656
2019-03-05,51.334468841552734
2019-03-06,51.206993103027344
2019-03-07,50.55376434326172
2019-03-08,50.561737060546875
2019-03-11,50.99987030029297
2019-03-12,50.968017578125
2019-03-13,51.406150817871094
2019-03-14,51.39818572998047
2019-03-15,51.955833435058594
2019-03-18,52.1390495300293
2019-03-19,52.24261474609375
2019-03-20,52.26651382446289
2019-03-21,52.23464584350586
2019-03-22,51.23090362548828
2019-03-25,51.30259704589844
2019-03-26,51.55751419067383
2019-03-27,51.581417083740234
2019-03-28,51.453948974609375
2019-03-29,51.669044494628906
2019-04-01,52.33024978637695
2019-04-02,52.3461799621582
2019-04-03,52.75244903564453
2019-04-04,52.64093017578125
2019-04-05,52.77635192871094
2019-04-08,52.808223724365234
2019-04-09,52.473636627197266
2019-04-10,52.672794342041016
2019-04-11,52.56126403808594
2019-04-12,52.92771530151367
2019-04-15,52.95161056518555
2019-04-16,52.99143981933594
2019-04-17,53.142799377441406
2019-04-18,53.11093521118164
2019-04-22,53.023311614990234
2019-04-23,53.12686538696289
2019-04-24,52.760414123535156
2019-04-25,52.72059631347656
2019-04-26,52.935672760009766
2019-04-29,53.15076446533203
2019-04-30,53.18263244628906
2019-05-01,52.87990951538086
2019-05-02,52.80025100708008
2019-05-03,53.365848541259766
2019-05-06,52.760414123535156
2019-05-07,51.83633804321289
2019-05-08,51.90007019042969
2019-05-09,51.66107940673828
2019-05-10,52.043460845947266
2019-05-13,50.83258819580078
2019-05-14,51.34242630004883
2019-05-15,51.52565002441406
2019-05-16,51.93989181518555
2019-05-17,51.59734344482422
2019-05-20,51.390228271484375
2019-05-21,51.7327766418457
2019-05-22,51.52565002441406
2019-05-23,51.055641174316406
2019-05-24,51.60530471801758
2019-05-28,51.10344696044922
2019-05-29,50.77682876586914
2019-05-30,50.968017578125
2019-05-31,50.50597381591797
2019-06-03,50.800724029541016
2019-06-04,51.382259368896484
2019-06-05,51.3663215637207
2019-06-06,51.573448181152344
2019-06-07,52.2266845703125
2019-06-10,52.37007522583008
2019-06-11,52.632965087890625
2019-06-12,52.24261474609375
2019-06-13,52.29041290283203
2019-06-14,51.90802764892578
2019-06-17,51.94546890258789
2019-06-18,52.637210845947266
2019-06-19,52.962738037109375
2019-06-20,53.42660140991211
2019-06-21,53.198734283447266
2019-06-24,53.31267166137695
2019-06-25,52.99528121948242
2019-06-26,53.06037902832031
2019-06-27,53.19059753417969
2019-06-28,53.4917106628418
2019-07-01,53.743995666503906
2019-07-02,53.89861297607422
2019-07-03,54.26483154296875
2019-07-05,53.84977722167969
2019-07-08,53.5405387878418
2019-07-09,53.31267166137695
2019-07-10,53.49984359741211
2019-07-11,53.48356246948242
2019-07-12,53.54867935180664
2019-07-15,53.59750747680664
2019-07-16,53.37776184082031
2019-07-17,53.304534912109375
2019-07-18,53.467288970947266
2019-07-19,53.31267166137695
2019-07-22,53.369632720947266
2019-07-23,53.70329666137695
2019-07-24,53.743995666503906
2019-07-25,53.198734283447266
2019-07-26,53.304534912109375
2019-07-29,53.418460845947266
2019-07-30,52.79996871948242
2019-07-31,52.450035095214844
2019-08-01,52.30354690551758
2019-08-02,51.83966827392578
2019-08-05,50.54571533203125
2019-08-06,50.88751983642578
2019-08-07,51.08283615112305
2019-08-08,51.57925796508789
2019-08-09,51.2211799621582
2019-08-12,50.814273834228516
2019-08-13,51.29441452026367
2019-08-14,49.886531829833984
2019-08-15,50.05743408203125
2019-08-16,50.659645080566406
2019-08-19,50.96889877319336
2019-08-20,50.79798889160156
2019-08-21,51.156070709228516
2019-08-22,51.05842208862305
2019-08-23,50.423641204833984
2019-08-26,50.838687896728516
2019-08-27,50.79798889160156
2019-08-28,50.79798889160156
2019-08-29,51.237449645996094
2019-08-30,51.440914154052734
2019-09-03,51.3432502746582
2019-09-04,52.067535400390625
2019-09-05,52.34423828125
2019-09-06,52.515132904052734
2019-09-09,52.66976547241211
2019-09-10,52.759281158447266
2019-09-11,53.05225372314453
2019-09-12,53.36149215698242
2019-09-13,53.66261672973633
2019-09-16,53.182456970214844
2019-09-17,53.36149215698242
2019-09-18,53.296390533447266
2019-09-19,53.47542953491211
2019-09-20,53.353355407714844
2019-09-23,53.21500778198242
2019-09-24,53.011558532714844
2019-09-25,52.856937408447266
2019-09-26,53.05225372314453
2019-09-27,52.87321853637695
2019-09-30,53.06853485107422
2019-10-01,52.54768753051758
2019-10-02,51.473453521728516
2019-10-03,51.81525802612305
2019-10-04,52.22216796875
2019-10-07,52.15705871582031
2019-10-08,51.66877746582031
2019-10-09,52.04312515258789
2019-10-10,52.409339904785156
2019-10-11,53.34522247314453
2019-10-14,53.12549591064453
2019-10-15,53.743995666503906
2019-10-16,53.82536697387695
2019-10-17,53.95558166503906
2019-10-18,53.931156158447266
2019-10-21,54.2241325378418
2019-10-22,54.09393310546875
2019-10-23,54.386905670166016
2019-10-24,54.48455810546875
2019-10-25,54.54151916503906
2019-10-28,54.78566360473633
2019-10-29,54.76938247680664
2019-10-30,54.99725341796875
2019-10-31,54.86703872680664
2019-11-01,55.3553352355957
2019-11-04,55.640174865722656
2019-11-05,55.534366607666016
2019-11-06,55.50995635986328
2019-11-07,55.68086242675781
2019-11-08,55.64830017089844
2019-11-11,55.57505798339844
2019-11-12,55.59946823120117
2019-11-13,55.40416717529297
2019-11-14,55.24953842163086
2019-11-15,55.59946823120117
2019-11-18,55.66457748413086
2019-11-19,55.59134292602539
2019-11-20,55.241397857666016
2019-11-21,55.16815185546875
2019-11-22,55.322776794433594
2019-11-25,55.762229919433594
2019-11-26,55.72968673706055
2019-11-27,55.87617111206055
2019-11-29,55.48554229736328
2019-12-02,55.200714111328125
2019-12-03,54.99725341796875
2019-12-04,55.50181198120117
2019-12-05,55.396026611328125
2019-12-06,55.90058898925781
2019-12-09,55.607608795166016
2019-12-10,55.63202667236328
2019-12-11,55.92500686645508
2019-12-12,56.29935836791992
2019-12-13,56.68998718261719
2019-12-16,57.29569625854492
2019-12-17,56.96650695800781
2019-12-18,56.892425537109375
2019-12-19,56.892425537109375
2019-12-20,56.9335823059082
2019-12-23,57.024105072021484
2019-12-24,56.96650695800781
2019-12-26,57.2133903503418
2019-12-27,57.31215286254883
2019-12-30,56.884212493896484
2019-12-31,57.147552490234375
2020-01-02,57.72364807128906
2020-01-03,57.007652282714844
2020-01-06,57.2298583984375
2020-01-07,57.0734748840332
2020-01-08,57.23807907104492
2020-01-09,57.369754791259766
2020-01-10,57.15577697753906
2020-01-13,57.45204544067383
2020-01-14,57.509666442871094
2020-01-15,57.509666442871094
2020-01-16,57.74833297729492
2020-01-17,57.92115783691406
2020-01-21,57.46028518676758
2020-01-22,57.575496673583984
2020-01-23,57.43559265136719
2020-01-24,57.18870162963867
2020-01-27,56.003623962402344
2020-01-28,56.53031921386719
2020-01-29,56.538543701171875
2020-01-30,56.489173889160156
2020-01-31,55.53452682495117
2020-02-03,55.66618728637695
2020-02-04,56.596153259277344
2020-02-05,57.13933181762695
2020-02-06,57.29569625854492
2020-02-07,56.75252151489258
2020-02-10,56.86774444580078
2020-02-11,57.254539489746094
2020-02-12,57.45204544067383
2020-02-13,57.04880905151367
2020-02-14,56.95003128051758
2020-02-18,56.58793640136719
2020-02-19,56.77720642089844
2020-02-20,56.43978500366211
2020-02-21,56.17644500732422
2020-02-24,53.929718017578125
2020-02-25,53.040889739990234
2020-02-26,53.10673141479492
2020-02-27,51.534847259521484
2020-02-28,51.222110748291016
2020-03-02,51.8804931640625
2020-03-03,51.460784912109375
2020-03-04,52.9997444152832
2020-03-05,51.59244918823242
2020-03-06,50.81885528564453
2020-03-09,46.87678909301758
2020-03-10,48.60504150390625
2020-03-11,46.12788391113281
2020-03-12,41.05834197998047
2020-03-13,43.54374694824219
2020-03-16,39.0502815246582
2020-03-17,40.95135498046875
2020-03-18,38.60587692260742
2020-03-19,39.20664596557617
2020-03-20,38.72108840942383
2020-03-23,38.26844787597656
2020-03-24,41.510982513427734
2020-03-25,42.86067581176758
2020-03-26,44.7781982421875
2020-03-27,43.502586364746094
2020-03-30,44.383174896240234
2020-03-31,43.996376037597656
2020-04-01,42.04591751098633
2020-04-02,42.868896484375
2020-04-03,41.88956069946289
2020-04-06,44.11159133911133
2020-04-07,44.35847854614258
2020-04-08,44.72060012817383
2020-04-09,45.73286056518555
2020-04-13,45.29667663574219
2020-04-14,46.10319519042969
2020-04-15,44.662986755371094
2020-04-16,44.68767166137695
2020-04-17,45.87276840209961
2020-04-20,45.18968963623047
2020-04-21,44.30910873413086
2020-04-22,45.05801773071289
2020-04-23,44.91810607910156
2020-04-24,45.43658447265625
2020-04-27,46.03736114501953
2020-04-28,46.38301086425781
2020-04-29,47.54340744018555
2020-04-30,46.55583953857422
2020-05-01,45.5435676574707
2020-05-04,45.52711486816406
2020-05-05,45.609405517578125
2020-05-06,45.313140869140625
2020-05-07,45.9962043762207
2020-05-08,46.778038024902344
2020-05-11,46.73689270019531
2020-05-12,46.14434814453125
2020-05-13,45.79046630859375
2020-05-14,45.35429000854492
2020-05-15,45.39543914794922
2020-05-18,47.23067092895508
2020-05-19,46.58052444458008
2020-05-20,47.5516357421875
2020-05-21,47.000240325927734
2020-05-22,46.868560791015625
2020-05-26,48.210018157958984
2020-05-27,48.794342041015625
2020-05-28,49.25520324707031
2020-05-29,49.08237075805664
2020-06-01,50.17693328857422
2020-06-02,50.64603805541992
2020-06-03,51.85581588745117
2020-06-04,51.633602142333984
2020-06-05,52.52241516113281
2020-06-08,53.20549774169922
2020-06-09,52.51419448852539
2020-06-10,52.39896774291992
2020-06-11,49.59262466430664
2020-06-12,50.448516845703125
2020-06-15,50.65550994873047
2020-06-16,51.28151321411133
2020-06-17,51.473472595214844
2020-06-18,51.19804763793945
2020-06-19,50.94765090942383
2020-06-22,51.556941986083984
2020-06-23,51.84073257446289
2020-06-24,50.51362609863281
2020-06-25,51.2314338684082
2020-06-26,50.48857879638672
2020-06-29,50.89756774902344
2020-06-30,50.80575180053711
2020-07-01,50.997718811035156
2020-07-02,51.556941986083984
2020-07-06,52.39994812011719
2020-07-07,51.63206481933594
2020-07-08,52.06608581542969
2020-07-09,51.473472595214844
2020-07-10,52.02435302734375
2020-07-13,51.690486907958984
2020-07-14,52.45002746582031
2020-07-15,53.04263687133789
2020-07-16,52.70042419433594
2020-07-17,53.00925827026367
2020-07-20,53.26799011230469
2020-07-21,53.37649917602539
2020-07-22,53.51839065551758
2020-07-23,53.09272384643555
2020-07-24,52.80058288574219
2020-07-27,53.49335861206055
2020-07-28,53.15114974975586
2020-07-29,53.710365295410156
2020-07-30,52.91743850708008
2020-07-31,51.7906494140625
2020-08-03,52.80058288574219
2020-08-04,53.09272384643555
2020-08-05,53.26799011230469
2020-08-06,53.3264274597168
2020-08-07,53.10940933227539
2020-08-10,53.28469467163086
2020-08-11,53.476661682128906
2020-08-12,54.66188049316406
2020-08-13,54.41982650756836
2020-08-14,54.085975646972656
2020-08-17,54.49494934082031
2020-08-18,54.46156311035156
2020-08-19,54.21950912475586
2020-08-20,54.04423141479492
2020-08-21,53.768795013427734
2020-08-24,54.47825241088867
2020-08-25,54.51164245605469
2020-08-26,54.82880783081055
2020-08-27,54.269588470458984
2020-08-28,54.653541564941406
2020-08-31,54.2362060546875
2020-09-01,54.29463195800781
2020-09-02,55.02078628540039
2020-09-03,53.777137756347656
2020-09-04,53.852256774902344
2020-09-08,53.1928825378418
2020-09-09,54.18613052368164
2020-09-10,53.55178451538086
2020-09-11,54.085975646972656
2020-09-14,54.378108978271484
2020-09-15,54.72865295410156
2020-09-16,54.72865295410156
2020-09-17,54.80377960205078
2020-09-18,54.36139678955078
2020-09-21,52.98421096801758
2020-09-22,52.96752166748047
2020-09-23,52.525150299072266
2020-09-24,52.47507095336914
2020-09-25,52.650352478027344
2020-09-28,53.44327926635742
2020-09-29,53.384849548339844
2020-09-30,53.12610626220703
2020-10-01,53.43492889404297
2020-10-02,53.3264274597168
2020-10-05,54.13603973388672
2020-10-06,53.560123443603516
2020-10-07,54.019195556640625
2020-10-08,54.3947868347168
2020-10-09,54.82046127319336
2020-10-12,55.13762664794922
2020-10-13,54.519996643066406
2020-10-14,54.42817687988281
2020-10-15,53.78549575805664
2020-10-16,54.03588104248047
2020-10-19,53.8355712890625
2020-10-20,54.102657318115234
2020-10-21,53.84391784667969
2020-10-22,53.885643005371094
2020-10-23,54.2362060546875
2020-10-26,53.2596549987793
2020-10-27,52.84231948852539
2020-10-28,51.26481628417969
2020-10-29,51.50687026977539
2020-10-30,51.239768981933594
2020-11-02,51.90750503540039
2020-11-03,53.26799011230469
2020-11-04,53.852256774902344
2020-11-05,55.14597702026367
2020-11-06,55.26283264160156
2020-11-09,56.87373352050781
2020-11-10,57.38286209106445
2020-11-11,57.86698532104492
2020-11-12,57.02396774291992
2020-11-13,57.90037155151367
2020-11-16,58.50131607055664
2020-11-17,58.442893981933594
2020-11-18,58.13405990600586
2020-11-19,58.543060302734375
2020-11-20,58.71832275390625
2020-11-23,58.643211364746094
2020-11-24,59.519588470458984
2020-11-25,59.4444694519043
2020-11-27,59.85346221923828
2020-11-30,58.551395416259766
2020-12-01,59.9285888671875
2020-12-02,59.936927795410156
2020-12-03,60.03709030151367
2020-12-04,60.54623031616211
2020-12-07,60.053775787353516
2020-12-08,60.262447357177734
2020-12-09,60.34592056274414
2020-12-10,60.42940139770508
2020-12-11,60.245758056640625
2020-12-14,60.2828369140625
2020-12-15,60.89805221557617
2020-12-16,61.13402557373047
2020-12-17,61.563838958740234
2020-12-18,61.24358367919922
2020-12-21,60.459800720214844
2020-12-22,60.308109283447266
2020-12-23,60.95705795288086
2020-12-24,60.98234939575195
2020-12-28,61.479549407958984
2020-12-29,61.87565612792969
2020-12-30,61.959938049316406
2020-12-31,61.48799133300781
2021-01-04,61.80823516845703
2021-01-05,62.4487419128418
2021-01-06,63.16507339477539
2021-01-07,63.23250961303711
2021-01-08,63.822452545166016
2021-01-11,62.98809814453125
2021-01-12,63.2746467590332
2021-01-13,63.19038009643555
2021-01-14,63.69602584838867
2021-01-15,62.70156478881836
2021-01-19,63.15665054321289
2021-01-20,63.58647155761719
2021-01-21,63.637027740478516
2021-01-22,63.3336296081543
2021-01-25,63.25778579711914
2021-01-26,63.35049057006836
2021-01-27,61.900943756103516
2021-01-28,62.29703140258789
2021-01-29,61.00762176513672
2021-02-01,61.732383728027344
2021-02-02,62.35603332519531
2021-02-03,62.507728576660156
2021-02-04,62.57515335083008
2021-02-05,62.96282958984375
2021-02-08,63.40106201171875
2021-02-09,63.7465934753418
2021-02-10,63.5274658203125
2021-02-11,63.957275390625
2021-02-12,64.31121826171875
2021-02-16,64.7747573852539
2021-02-17,64.39552307128906
2021-02-18,64.07527923583984
2021-02-19,64.26067352294922
2021-02-22,64.10055541992188
2021-02-23,64.15955352783203
2021-02-24,64.36180877685547
2021-02-25,63.26621627807617
2021-02-26,62.372894287109375
2021-03-01,63.544334411621094
2021-03-02,63.476898193359375
2021-03-03,63.089237213134766
2021-03-04,62.490867614746094
2021-03-05,62.89539337158203
2021-03-08,62.676292419433594
2021-03-09,63.51905822753906
2021-03-10,63.78873825073242
2021-03-11,64.1258316040039
2021-03-12,64.28595733642578
2021-03-15,64.33653259277344
2021-03-16,64.44608306884766
2021-03-17,64.8253173828125
2021-03-18,64.23538970947266
2021-03-19,64.41236877441406
2021-03-22,64.47137451171875
2021-03-23,63.57804870605469
2021-03-24,63.25778579711914
2021-03-25,63.729732513427734
2021-03-26,64.55562591552734
2021-03-29,64.30281829833984
2021-03-30,64.21853637695312
2021-03-31,63.94042205810547
2021-04-01,64.7747573852539
2021-04-05,65.71865844726562
2021-04-06,65.0191650390625
2021-04-07,65.15399932861328
2021-04-08,65.52482604980469
2021-04-09,65.72708892822266
2021-04-12,65.36469268798828
2021-04-13,65.74393463134766
2021-04-14,65.79450988769531
2021-04-15,66.3423080444336
2021-04-16,66.82267761230469
2021-04-19,66.70469665527344
2021-04-20,65.50796508789062
2021-04-21,66.18217468261719
2021-04-22,65.96304321289062
2021-04-23,66.63727569580078
2021-04-26,66.68782806396484
2021-04-27,66.4687271118164
2021-04-28,66.63727569580078
2021-04-29,66.66255950927734
2021-04-30,65.82821655273438
2021-05-03,66.55299377441406
2021-05-04,65.56696319580078
2021-05-05,66.46028900146484
2021-05-06,67.00809478759766
2021-05-07,67.76658630371094
2021-05-10,67.4041748046875
2021-05-11,66.51927185058594
2021-05-12,65.45738220214844
2021-05-13,65.94619750976562
2021-05-14,67.05021667480469
2021-05-17,66.9238052368164
2021-05-18,67.06706237792969
2021-05-19,66.47714233398438
2021-05-20,67.3536148071289
2021-05-21,67.4463119506836
2021-05-24,67.85926818847656
2021-05-25,67.8761215209961
2021-05-26,67.833984375
2021-05-27,67.96040344238281
2021-05-28,68.12054443359375
2021-06-01,68.36494445800781
2021-06-02,68.59247589111328
2021-06-03,68.25537109375
2021-06-04,68.83687591552734
2021-06-07,69.06442260742188
2021-06-08,69.03071594238281
2021-06-09,68.84532165527344
2021-06-10,69.03495788574219
2021-06-11,69.197265625
2021-06-14,69.31687927246094
2021-06-15,69.40229797363281
2021-06-16,68.97516632080078
2021-06-17,68.49674224853516
2021-06-18,67.07864379882812
2021-06-21,67.95856475830078
2021-06-22,67.96709442138672
2021-06-23,67.53141021728516
2021-06-24,68.18067169189453
2021-06-25,68.32589721679688
2021-06-28,67.89021301269531
2021-06-29,67.90729522705078
2021-06-30,67.38618469238281
2021-07-01,67.54851531982422
2021-07-02,67.77915954589844
2021-07-06,67.33493041992188
2021-07-07,67.70226287841797
2021-07-08,66.83089447021484
2021-07-09,67.96709442138672
2021-07-12,68.25756072998047
2021-07-13,67.89876556396484
2021-07-14,68.05253601074219
2021-07-15,67.40326690673828
2021-07-16,66.90777587890625
2021-07-19,65.6947021484375
2021-07-20,66.17308807373047
2021-07-21,67.18115234375
2021-07-22,67.20677947998047
2021-07-23,67.67664337158203
2021-07-26,67.77061462402344
2021-07-27,67.49723815917969
2021-07-28,67.78768920898438
2021-07-29,68.25756072998047
2021-07-30,67.90729522705078
2021-08-02,68.24900817871094
2021-08-03,68.7359619140625
2021-08-04,68.53092956542969
2021-08-05,68.86410522460938
2021-08-06,68.6078109741211
2021-08-09,68.5736312866211
2021-08-10,68.7274169921875
2021-08-11,69.197265625
2021-08-12,69.13746643066406
2021-08-13,69.55607604980469
2021-08-16,69.197265625
2021-08-17,68.54801177978516
2021-08-18,68.28319549560547
2021-08-19,67.6082992553711
2021-08-20,67.87313079833984
2021-08-23,68.50530242919922
2021-08-24,68.65052032470703
2021-08-25,68.67615509033203
2021-08-26,68.3173599243164
2021-08-27,68.94097137451172
2021-08-30,68.92391204833984
2021-08-31,68.88972473144531
2021-09-01,69.51335144042969
2021-09-02,69.79525756835938
2021-09-03,70.11136627197266
2021-09-07,70.1626205444336
2021-09-08,69.60733795166016
2021-09-09,69.48772430419922
2021-09-10,69.33395385742188
2021-09-13,69.8807144165039
2021-09-14,69.5902328491211
2021-09-15,69.79525756835938
2021-09-16,69.6842269897461
2021-09-17,68.77013397216797
2021-09-20,67.49723815917969
2021-09-21,68.16358184814453
2021-09-22,68.50530242919922
2021-09-23,69.24853515625
2021-09-24,68.59927368164062
2021-09-27,68.55654907226562
2021-09-28,67.06155395507812
2021-09-29,66.90777587890625
2021-09-30,66.6429443359375
2021-10-01,66.80526733398438
2021-10-04,66.10475158691406
2021-10-05,66.55753326416016
2021-10-06,66.11329650878906
2021-10-07,66.62586975097656
2021-10-08,66.61732482910156
2021-10-11,66.40375518798828
2021-10-12,66.43791961669922
2021-10-13,67.09571838378906
2021-10-14,67.76206970214844
2021-10-15,68.32589721679688
2021-10-18,68.03543853759766
2021-10-19,68.44549560546875
2021-10-20,68.68470001220703
2021-10-21,68.36006164550781
2021-10-22,68.77013397216797
2021-10-25,68.63343048095703
2021-10-26,68.77013397216797
2021-10-27,68.49674224853516
2021-10-28,69.1631088256836
2021-10-29,68.7615737915039
2021-11-01,69.42793273925781
2021-11-02,69.28269958496094
2021-11-03,69.84652709960938
2021-11-04,69.8038101196289
2021-11-05,69.90633392333984
2021-11-08,69.89778137207031
2021-11-09,69.74402618408203
2021-11-10,68.89827728271484
2021-11-11,69.14602661132812
2021-11-12,69.52190399169922
2021-11-15,69.39376831054688
2021-11-16,69.23997497558594
2021-11-17,69.15454864501953
2021-11-18,69.222900390625
2021-11-19,68.63343048095703
2021-11-22,68.23193359375
2021-11-23,68.16358184814453
2021-11-24,67.7108154296875
2021-11-26,65.89118194580078
2021-11-29,66.22435760498047
2021-11-30,65.6434326171875
2021-12-01,65.26754760742188
2021-12-02,66.0791244506836
2021-12-03,65.8057632446289
2021-12-06,66.43791961669922
2021-12-07,67.83895874023438
2021-12-08,67.96709442138672
2021-12-09,67.40326690673828
2021-12-10,67.54851531982422
2021-12-13,66.91574096679688
2021-12-14,66.55941009521484
2021-12-15,67.46331787109375
2021-12-16,67.47200775146484
2021-12-17,66.62025451660156
2021-12-20,66.47248077392578
2021-12-21,67.21127319335938
2021-12-22,67.83706665039062
2021-12-23,68.23688507080078
2021-12-27,68.76704406738281
2021-12-28,68.79312133789062
2021-12-29,68.76704406738281
2021-12-30,68.5867691040039
2021-12-31,68.52580261230469
2022-01-03,68.96997833251953
2022-01-04,69.36190795898438
2022-01-05,68.75224304199219
2022-01-06,68.40386199951172
2022-01-07,68.60417938232422
2022-01-10,67.96839904785156
2022-01-11,68.70869445800781
2022-01-12,69.37932586669922
2022-01-13,68.8741683959961
2022-01-14,68.80449676513672
2022-01-18,67.794189453125
2022-01-19,67.73324584960938
2022-01-20,67.40229034423828
2022-01-21,66.48777770996094
2022-01-24,65.82588195800781
2022-01-25,65.42525482177734
2022-01-26,65.17266082763672
2022-01-27,64.86784362792969
2022-01-28,65.08557891845703
2022-01-31,66.03491973876953
2022-02-01,66.66197204589844
2022-02-02,67.15840911865234
2022-02-03,66.09587097167969
2022-02-04,66.25262451171875
2022-02-07,66.36585998535156
2022-02-08,66.70552825927734
2022-02-09,67.7854995727539
2022-02-10,66.92325592041016
2022-02-11,65.9129638671875
2022-02-14,65.48621368408203
2022-02-15,66.68810272216797
2022-02-16,66.94066619873047
2022-02-17,65.86071014404297
2022-02-18,65.58200073242188
2022-02-22,64.81558990478516
2022-02-23,64.28429412841797
2022-02-24,63.42206954956055
2022-02-25,65.00718688964844
2022-02-28,63.77044677734375
2022-03-01,62.37693786621094
2022-03-02,63.16078186035156
2022-03-03,61.91533279418945
2022-03-04,60.1212043762207
2022-03-07,58.213829040527344
2022-03-08,58.71897506713867
2022-03-09,61.17502975463867
2022-03-10,60.443443298339844
2022-03-11,59.79024124145508
2022-03-14,60.33892822265625
2022-03-15,60.91374969482422
2022-03-16,63.09981918334961
2022-03-17,63.63108825683594
2022-03-18,64.24947357177734
2022-03-21,63.84882736206055
2022-03-22,64.44976806640625
2022-03-23,63.613685607910156
2022-03-24,64.2059326171875
2022-03-25,64.24075317382812
2022-03-28,64.03172302246094
2022-03-29,65.45137023925781
2022-03-30,65.1813735961914
2022-03-31,64.10140991210938
2022-04-01,64.70234680175781
2022-04-04,64.963623046875
2022-04-05,64.083984375
2022-04-06,63.317562103271484
2022-04-07,63.456912994384766
2022-04-08,63.483036041259766
2022-04-11,62.81240463256836
2022-04-12,62.342098236083984
2022-04-13,63.01272201538086
2022-04-14,62.72531509399414
2022-04-18,62.3595085144043
2022-04-19,62.6556396484375
2022-04-20,63.07368087768555
2022-04-21,62.39434814453125
2022-04-22,61.3753547668457
2022-04-25,61.0792236328125
2022-04-26,59.37218475341797
2022-04-27,59.642181396484375
2022-04-28,60.48698425292969
2022-04-29,59.78152847290039
2022-05-02,59.63346862792969
2022-05-03,60.07765579223633
2022-05-04,61.13148880004883
2022-05-05,59.163150787353516
2022-05-06,58.58833312988281
2022-05-09,56.820316314697266
2022-05-10,57.24708938598633
2022-05-11,56.90740966796875
2022-05-12,56.76806640625
2022-05-13,58.34446716308594
2022-05-16,58.396728515625
2022-05-17,59.485408782958984
2022-05-18,58.065773010253906
2022-05-19,58.62317657470703
2022-05-20,59.0238037109375
2022-05-23,60.02538299560547
2022-05-24,59.929588317871094
2022-05-25,59.94700622558594
2022-05-26,60.608917236328125
2022-05-27,61.34051513671875
2022-05-31,60.9747314453125
2022-06-01,60.33022689819336
2022-06-02,61.584381103515625
2022-06-03,60.70471954345703
2022-06-06,60.9485969543457
2022-06-07,61.13148880004883
2022-06-08,60.27796173095703
2022-06-09,59.012088775634766
2022-06-10,57.58774948120117
2022-06-13,55.68269729614258
2022-06-14,55.157474517822266
2022-06-15,56.19011306762695
2022-06-16,54.952720642089844
2022-06-17,54.730167388916016
2022-06-21,55.558067321777344
2022-06-22,55.18417739868164
2022-06-23,55.12186050415039
2022-06-24,56.76875686645508
2022-06-27,56.52840042114258
2022-06-28,56.14561080932617
2022-06-29,55.93196105957031
2022-06-30,55.62929153442383
2022-07-01,55.762813568115234
2022-07-05,54.5699348449707
2022-07-06,54.614444732666016
2022-07-07,55.44234848022461
2022-07-08,55.50465774536133
2022-07-11,54.60554504394531
2022-07-12,54.59664535522461
2022-07-13,54.5699348449707
2022-07-14,53.80435562133789
2022-07-15,54.658958435058594
2022-07-18,54.88151168823242
2022-07-19,56.37705612182617
2022-07-20,56.003173828125
2022-07-21,56.581817626953125
2022-07-22,56.43938064575195
2022-07-25,56.875579833984375
2022-07-26,56.08329391479492
2022-07-27,57.40970230102539
2022-07-28,57.70347595214844
2022-07-29,58.50466537475586
2022-08-01,58.58477783203125
2022-08-02,57.650062561035156
2022-08-03,57.988346099853516
2022-08-04,58.28211212158203
2022-08-05,57.872615814208984
2022-08-08,58.00614547729492
2022-08-09,57.694576263427734
2022-08-10,58.99427795410156
2022-08-11,58.976478576660156
2022-08-12,59.430484771728516
2022-08-15,59.07440185546875
2022-08-16,59.05659103393555
2022-08-17,58.58477783203125
2022-08-18,58.38894271850586
2022-08-19,57.58774948120117
2022-08-22,56.60851287841797
2022-08-23,56.63521957397461
2022-08-24,56.70644760131836
2022-08-25,57.32958984375
2022-08-26,55.82512664794922
2022-08-29,55.70050048828125
2022-08-30,55.299903869628906
2022-08-31,54.92601776123047
2022-09-01,54.18714141845703
2022-09-02,53.831058502197266
2022-09-06,53.69752502441406
2022-09-07,54.16934585571289
2022-09-08,54.2049446105957
2022-09-09,55.58477020263672
2022-09-12,56.359256744384766
2022-09-13,54.400794982910156
2022-09-14,54.57883834838867
2022-09-15,54.09811782836914
2022-09-16,53.76874542236328
2022-09-19,53.9556884765625
2022-09-20,53.03876876831055
2022-09-21,52.34440994262695
2022-09-22,52.19307327270508
2022-09-23,50.528377532958984
2022-09-26,49.78059768676758
2022-09-27,49.44232177734375
2022-09-28,50.63520050048828
2022-09-29,50.03875732421875
2022-09-30,49.860713958740234
2022-10-03,50.84884262084961
2022-10-04,52.88743209838867
2022-10-05,52.32660675048828
2022-10-06,51.4096794128418
2022-10-07,50.59069061279297
2022-10-10,50.30582046508789
2022-10-11,49.75389099121094
2022-10-12,49.593650817871094
2022-10-13,50.61739730834961
2022-10-14,49.860713958740234
2022-10-17,51.089210510253906
2022-10-18,51.45419692993164
2022-10-19,50.822147369384766
2022-10-20,50.706417083740234
2022-10-21,51.62333679199219
2022-10-24,51.632232666015625
2022-10-25,52.77170944213867
2022-10-26,53.270225524902344
2022-10-27,52.77170944213867
2022-10-28,53.29692840576172
2022-10-31,52.79841613769531
2022-11-01,53.21681213378906
2022-11-02,52.44233322143555
2022-11-03,51.997222900390625
2022-11-04,54.08031463623047
2022-11-07,54.249454498291016
2022-11-08,54.863704681396484
2022-11-09,54.09811782836914
2022-11-10,57.13374710083008
2022-11-11,58.27320861816406
2022-11-14,57.658958435058594
2022-11-15,58.04175567626953
2022-11-16,57.90822982788086
2022-11-17,57.88151550292969
2022-11-18,57.997249603271484
2022-11-21,57.5610466003418
2022-11-22,58.36223220825195
2022-11-23,59.00318908691406
2022-11-25,59.30585479736328
2022-11-28,58.54027557373047
2022-11-29,58.709415435791016
2022-11-30,59.75096130371094
2022-12-01,60.329593658447266
2022-12-02,60.285091400146484
2022-12-05,59.4927978515625
2022-12-06,59.225738525390625
2022-12-07,59.225738525390625
2022-12-08,59.52840805053711
2022-12-09,59.56402587890625
2022-12-12,59.742061614990234
2022-12-13,60.58937072753906
2022-12-14,60.53573226928711
2022-12-15,58.989498138427734
2022-12-16,58.47110366821289
2022-12-19,58.32809829711914
2022-12-20,58.56047821044922
2022-12-21,59.168251037597656
2022-12-22,58.68561935424805
2022-12-23,58.891178131103516
2022-12-27,58.98055648803711
2022-12-28,58.354915618896484
2022-12-29,59.275508880615234
2022-12-30,58.6677360534668
2023-01-03,59.186126708984375
2023-01-04,59.97265625
2023-01-05,59.37382125854492
2023-01-06,60.893253326416016
2023-01-09,61.15245056152344
2023-01-10,61.331207275390625
2023-01-11,61.795963287353516
2023-01-12,62.70762634277344
2023-01-13,63.038326263427734
2023-01-17,63.23495101928711
2023-01-18,63.01150894165039
2023-01-19,62.91320037841797
2023-01-20,63.46733474731445
2023-01-23,63.726524353027344
2023-01-24,63.646080017089844
2023-01-25,64.06616973876953
2023-01-26,64.11979675292969
2023-01-27,63.99467086791992
2023-01-30,63.583526611328125
2023-01-31,63.94998550415039
2023-02-01,64.5219955444336
2023-02-02,64.43262481689453
2023-02-03,63.83378219604492
2023-02-06,63.18132781982422
2023-02-07,63.717594146728516
2023-02-08,63.324337005615234
2023-02-09,63.44052505493164
2023-02-10,63.163448333740234
2023-02-13,63.798030853271484
2023-02-14,63.91422653198242
2023-02-15,63.62822341918945
2023-02-16,63.31539535522461
2023-02-17,63.47627639770508
2023-02-21,62.77912521362305
2023-02-22,62.430545806884766
2023-02-23,62.75231170654297
2023-02-24,61.70659255981445
2023-02-27,62.439491271972656
2023-02-28,61.98365783691406
2023-03-01,62.314353942871094
2023-03-02,62.439491271972656
2023-03-03,63.351139068603516
2023-03-06,63.19026184082031
2023-03-07,62.13560104370117
2023-03-08,62.47523880004883
2023-03-09,62.01941680908203
2023-03-10,61.35801315307617
2023-03-13,60.93794250488281
2023-03-14,61.751277923583984
2023-03-15,59.83858871459961
2023-03-16,60.76811218261719
2023-03-17,60.044151306152344
2023-03-20,60.982627868652344
2023-03-21,61.90321731567383
2023-03-22,61.68870544433594
2023-03-23,61.69765090942383
2023-03-24,61.509952545166016
2023-03-27,62.09091567993164
2023-03-28,62.11772537231445
2023-03-29,62.868492126464844
2023-03-30,63.60140609741211
2023-03-31,63.92317199707031
2023-04-03,64.43262481689453
2023-04-04,64.44155883789062
2023-04-05,63.99467086791992
2023-04-06,64.29855346679688
2023-04-10,64.25387573242188
2023-04-11,64.46836853027344
2023-04-12,64.87950897216797
2023-04-13,65.71072387695312
2023-04-14,65.44258880615234
2023-04-17,65.3263931274414
2023-04-18,65.68391418457031
2023-04-19,65.47834777832031
2023-04-20,65.47834777832031
2023-04-21,65.80904388427734
2023-04-24,65.9788589477539
2023-04-25,65.05827331542969
2023-04-26,65.0135726928711
2023-04-27,65.8269271850586
2023-04-28,65.80010223388672
2023-05-01,65.7017822265625
2023-05-02,65.0403823852539
2023-05-03,65.21021270751953
2023-05-04,65.07613372802734
2023-05-05,66.03247833251953
2023-05-08,66.05036163330078
2023-05-09,65.7822265625
2023-05-10,65.64815521240234
2023-05-11,65.48727416992188
2023-05-12,65.37108612060547
2023-05-15,65.8716049194336
2023-05-16,65.24596405029297
2023-05-17,65.54984283447266
2023-05-18,65.45153045654297
2023-05-19,65.83586120605469
2023-05-22,65.85372924804688
2023-05-23,64.88843536376953
2023-05-24,63.941043853759766
2023-05-25,63.851661682128906
2023-05-26,64.47731018066406
2023-05-30,63.82484817504883
2023-05-31,63.163448333740234
2023-06-01,64.1019287109375
2023-06-02,64.93314361572266
2023-06-05,64.55775451660156
2023-06-06,65.0940170288086
2023-06-07,64.52152252197266
2023-06-08,65.20414733886719
2023-06-09,65.09493255615234
2023-06-12,65.37708282470703
2023-06-13,65.9959945678711
2023-06-14,66.24173736572266
2023-06-15,66.94256591796875
2023-06-16,66.79694366455078
2023-06-20,65.91407775878906
2023-06-21,66.01419067382812
2023-06-22,65.60462188720703
2023-06-23,64.58523559570312
2023-06-26,64.66716003417969
2023-06-27,65.2314453125
2023-06-28,65.27696228027344
2023-06-29,65.18595123291016
2023-06-30,65.98689270019531
2023-07-03,65.91407775878906
2023-07-05,65.17684936523438
2023-07-06,64.0482406616211
2023-07-07,64.53062438964844
2023-07-10,64.71266174316406
2023-07-11,65.29515838623047
2023-07-12,66.54208374023438
2023-07-13,67.60697937011719
2023-07-14,67.22471618652344
2023-07-17,67.14279174804688
2023-07-18,67.57968139648438
2023-07-19,67.54326629638672
2023-07-20,67.1974105834961
2023-07-21,67.33393096923828
2023-07-24,67.17009735107422
2023-07-25,67.24291229248047
2023-07-26,67.42494201660156
2023-07-27,67.27023315429688
2023-07-28,67.75261688232422
2023-07-31,67.77081298828125
2023-08-01,66.92435455322266
2023-08-02,65.67744445800781
2023-08-03,65.49539947509766
2023-08-04,65.67744445800781
2023-08-07,66.23262786865234
2023-08-08,65.8321533203125
2023-08-09,65.81395721435547
2023-08-10,66.09610748291016
2023-08-11,65.6501235961914
2023-08-14,65.35887145996094
2023-08-15,64.54883575439453
2023-08-16,64.02092742919922
2023-08-17,63.565853118896484
2023-08-18,63.565853118896484
2023-08-21,63.802494049072266
2023-08-22,63.68416976928711
2023-08-23,64.37589263916016
2023-08-24,63.493038177490234
2023-08-25,63.92081832885742
2023-08-28,64.59434509277344
2023-08-29,65.39527893066406
2023-08-30,65.35887145996094
2023-08-31,65.1040267944336
2023-09-01,65.06761932373047
2023-09-05,64.5033187866211
2023-09-06,64.36679077148438
2023-09-07,64.15746307373047
2023-09-08,64.06645202636719
2023-09-11,64.7308578491211
2023-09-12,64.4669189453125
2023-09-13,64.26667785644531
2023-09-14,65.1131362915039
2023-09-15,64.96749877929688
2023-09-18,64.7399673461914
2023-09-19,64.79457092285156
2023-09-20,64.63984680175781
2023-09-21,63.565853118896484
2023-09-22,63.620460510253906
2023-09-25,63.33831024169922
2023-09-26,62.5191650390625
2023-09-27,62.400840759277344
2023-09-28,62.9105224609375
2023-09-29,62.7285041809082
2023-10-02,61.80924606323242
2023-10-03,61.03559494018555
2023-10-04,61.144813537597656
2023-10-05,61.68180847167969
2023-10-06,62.36442947387695
2023-10-09,62.27342224121094
2023-10-10,63.128971099853516
2023-10-11,63.39291763305664
2023-10-12,62.86501693725586
2023-10-13,62.28252029418945
2023-10-16,62.73760223388672
2023-10-17,62.77402114868164
2023-10-18,61.68180847167969
2023-10-19,61.135719299316406
2023-10-20,60.5896110534668
2023-10-23,60.63512420654297
2023-10-24,60.98099136352539
2023-10-25,60.54410171508789
2023-10-26,60.10723114013672
2023-10-27,59.92518615722656
2023-10-30,60.689735412597656
2023-10-31,60.90817642211914
2023-11-01,61.4815788269043
2023-11-02,62.73760223388672
2023-11-03,63.40203094482422
2023-11-06,63.08346939086914
2023-11-07,62.70119857788086
2023-11-08,62.61928176879883
2023-11-09,62.61018371582031
2023-11-10,62.892330169677734
2023-11-13,63.056156158447266
2023-11-14,64.66716003417969
2023-11-15,64.56703186035156
2023-11-16,64.52152252197266
2023-11-17,65.39527893066406
2023-11-20,65.64102172851562
2023-11-21,65.38617706298828
2023-11-22,65.54090881347656
2023-11-24,66.04148864746094
2023-11-27,65.81395721435547
2023-11-28,65.8321533203125
2023-11-29,65.96869659423828
2023-11-30,65.91407775878906
2023-12-01,66.60580444335938
2023-12-04,66.08700561523438
2023-12-05,65.8503646850586
2023-12-06,66.05059814453125
2023-12-07,66.3691635131836
2023-12-08,66.56938934326172
2023-12-11,66.73322296142578
2023-12-12,66.8515396118164
2023-12-13,67.82542419433594
2023-12-14,68.32601165771484
2023-12-15,67.66158294677734
2023-12-18,67.82542419433594
2023-12-19,68.3988265991211
2023-12-20,67.70855712890625
2023-12-21,68.80524444580078
2023-12-22,68.86975860595703
2023-12-26,69.18309020996094
2023-12-27,69.55171966552734
2023-12-28,69.36740112304688
2023-12-29,69.44112396240234
2024-01-02,68.66699981689453
2024-01-03,68.15090942382812
2024-01-04,68.30758666992188
2024-01-05,68.3536605834961
2024-01-08,69.08170318603516
2024-01-09,68.4642562866211
2024-01-10,68.90660858154297
2024-01-11,68.89739990234375
2024-01-12,69.18309020996094
2024-01-16,68.02189636230469
2024-01-17,67.37677764892578
2024-01-18,67.97582244873047
2024-01-19,68.13248443603516
2024-01-22,68.34445190429688
2024-01-23,68.15090942382812
2024-01-24,68.66699981689453
2024-01-25,68.86052703857422
2024-01-26,69.16465759277344
2024-01-29,69.57015228271484
2024-01-30,69.47798919677734
2024-01-31,69.12779998779297
2024-02-01,69.80976104736328
2024-02-02,69.25682067871094
2024-02-05,68.88817596435547
2024-02-06,69.3121109008789
2024-02-07,69.27523040771484
2024-02-08,69.15543365478516
2024-02-09,69.39505004882812
2024-02-12,69.51485443115234
2024-02-13,68.44581604003906
2024-02-14,69.21073150634766
2024-02-15,69.99407196044922
2024-02-16,70.10466766357422
2024-02-20,70.39035034179688
2024-02-21,70.4456558227539
2024-02-22,71.23820495605469
2024-02-23,71.33036041259766
2024-02-26,71.22899627685547
2024-02-27,71.42252349853516
2024-02-28,71.0078125
2024-02-29,71.19214630126953
2024-03-01,71.8833236694336
2024-03-04,71.69900512695312
2024-03-05,71.56998443603516
2024-03-06,72.41783905029297
2024-03-07,73.27490234375
2024-03-08,73.0353012084961
2024-03-11,72.6205825805664
2024-03-12,73.20117950439453
2024-03-13,73.21040344238281
2024-03-14,72.6758804321289
2024-03-15,72.70352935791016
2024-03-18,72.68509674072266
2024-03-19,72.8141098022461
2024-03-20,73.5882339477539
2024-03-21,73.55138397216797
2024-03-22,73.39470672607422
2024-03-25,73.23804473876953
2024-03-26,73.32098388671875
2024-03-27,73.76335144042969
2024-03-28,73.59746551513672
2024-04-01,73.28411865234375
2024-04-02,72.7680435180664
2024-04-03,73.17353820800781
2024-04-04,72.5468521118164
2024-04-05,72.77725982666016
2024-04-08,73.13666534423828
2024-04-09,73.12744140625
2024-04-10,72.1597900390625
2024-04-11,72.35331726074219
2024-04-12,71.18291473388672
2024-04-15,70.97095489501953
2024-04-16,70.27055358886719
2024-04-17,70.3166275024414
2024-04-18,70.12310028076172
2024-04-19,70.1507568359375
2024-04-22,70.97095489501953
2024-04-23,71.74507904052734
2024-04-24,71.60684204101562
2024-04-25,71.27507019042969
2024-04-26,71.8464584350586
2024-04-29,72.12293243408203
2024-04-30,71.21055603027344
2024-05-01,71.05389404296875
2024-05-02,72.01233673095703
2024-05-03,72.73116302490234
2024-05-06,73.22882843017578
2024-05-07,73.42237091064453
2024-05-08,73.33941650390625
2024-05-09,73.90158081054688
2024-05-10,74.0398178100586
2024-05-13,74.0398178100586
2024-05-14,74.59276580810547
2024-05-15,75.38533020019531
2024-05-16,74.97982788085938
2024-05-17,75.23787689208984
2024-05-20,75.29315948486328
2024-05-21,75.1733627319336
2024-05-22,74.4637451171875
2024-05-23,74.08589172363281
2024-05-24,74.69414520263672
2024-05-28,74.66648864746094
2024-05-29,73.48686981201172
2024-05-30,74.10433959960938
2024-05-31,74.81394958496094
2024-06-03,75.02591705322266
2024-06-04,74.93375396728516
2024-06-05,75.45905303955078
2024-06-06,75.71710205078125
2024-06-07,74.89688873291016
2024-06-10,74.84159851074219
2024-06-11,73.99114227294922
2024-06-12,74.8631591796875
2024-06-13,73.79422760009766
2024-06-14,72.97846221923828
2024-06-17,73.26913452148438
2024-06-18,73.55979919433594
2024-06-20,73.60669708251953
2024-06-21,73.09097290039062
2024-06-24,73.67233276367188
2024-06-25,73.8504867553711
2024-06-26,73.306640625
2024-06-27,73.3628921508789
2024-06-28,73.44729614257812
2024-07-01,73.57856750488281
2024-07-02,73.75672149658203
2024-07-03,74.6006088256836
2024-07-05,75.09757995605469
2024-07-08,74.7225112915039
2024-07-09,74.42245483398438
2024-07-10,75.47264099121094
2024-07-11,75.68831634521484
2024-07-12,76.49469757080078
2024-07-15,75.81958770751953
2024-07-16,76.18527221679688
2024-07-17,75.78206634521484
2024-07-18,75.03194427490234
2024-07-19,74.5724868774414
2024-07-22,75.36012268066406
2024-07-23,74.93817901611328
2024-07-24,73.99114227294922
2024-07-25,73.52230834960938
2024-07-26,74.45996856689453
2024-07-29,74.13177490234375
2024-07-30,74.3005599975586
2024-07-31,75.35075378417969
2024-08-01,73.35352325439453
2024-08-02,72.20018768310547
2024-08-05,70.62491607666016
2024-08-06,70.7468032836914
2024-08-07,71.0843734741211
2024-08-08,72.27520751953125
2024-08-09,72.55650329589844
2024-08-12,72.4908676147461
2024-08-13,73.73796081542969
2024-08-14,74.00988006591797
2024-08-15,74.91004943847656
2024-08-16,75.32261657714844
2024-08-19,76.24152374267578
2024-08-20,76.00711059570312
2024-08-21,76.71035766601562
2024-08-22,76.26028442382812
2024-08-23,77.65739440917969
2024-08-26,77.31046295166016
2024-08-27,77.66678619384766
2024-08-28,77.39485931396484
2024-08-29,77.68553161621094
2024-08-30,77.80742645263672
2024-09-03,76.57908630371094
2024-09-04,76.24152374267578
2024-09-05,76.26028442382812
2024-09-06,74.82566833496094
2024-09-09,75.5757827758789
2024-09-10,75.20072174072266
2024-09-11,75.65080261230469
2024-09-12,76.2696533203125
2024-09-13,76.44781494140625
2024-09-16,77.06666564941406
2024-09-17,76.6353530883789
2024-09-18,76.39156341552734
2024-09-19,77.90119934082031
2024-09-20,77.13230895996094
2024-09-23,77.42298889160156
2024-09-24,77.8824462890625
2024-09-25,77.46048736572266
2024-09-26,79.16704559326172
2024-09-27,78.68882751464844
2024-09-30,78.41690826416016
2024-10-01,77.83556365966797
2024-10-02,77.67615509033203
2024-10-03,76.95414733886719
2024-10-04,77.40422821044922
2024-10-07,76.97290802001953
2024-10-08,76.85101318359375
2024-10-09,76.86975860595703
2024-10-10,76.7760009765625
2024-10-11,77.1698226928711
2024-10-14,77.39485931396484
2024-10-15,76.11026000976562
2024-10-16,76.30716705322266
2024-10-17,76.31654357910156
2024-10-18,76.83226013183594
2024-10-21,75.92272186279297
2024-10-22,75.49140930175781
2024-10-23,74.73188018798828
2024-10-24,75.15383911132812
2024-10-25,74.90067291259766
2024-10-28,75.50076293945312
2024-10-29,75.2288589477539
2024-10-30,74.74126434326172
2024-10-31,74.28179931640625
2024-11-01,74.43183898925781
2024-11-04,74.48809814453125
2024-11-05,75.2288589477539
2024-11-06,74.14115905761719
2024-11-07,75.26634979248047
2024-11-08,74.22554779052734
2024-11-11,74.24430847167969
2024-11-12,72.86593627929688
2024-11-13,72.43461608886719
2024-11-14,72.58464050292969
2024-11-15,72.32208251953125
2024-11-18,72.71591186523438
2024-11-19,72.62213897705078
2024-11-20,72.42523193359375
2024-11-21,72.44398498535156
2024-11-22,72.72528076171875
2024-11-25,73.10035705566406
2024-11-26,72.67840576171875
2024-11-27,73.07221984863281
2024-11-29,74.04739379882812
2024-12-02,74.25367736816406
2024-12-03,74.67562103271484
2024-12-04,74.73188018798828
2024-12-05,75.09757995605469
2024-12-06,75.08820343017578
2024-12-09,75.04132080078125
2024-12-10,74.36619567871094
2024-12-11,74.83503723144531
2024-12-12,74.17866516113281
2024-12-13,73.97238159179688
2024-12-16,73.72858428955078
2024-12-17,73.61167907714844
2024-12-18,71.80584716796875
2024-12-19,71.5777359008789
2024-12-20,71.37814331054688
2024-12-23,71.84386444091797
2024-12-24,72.10047912597656
2024-12-26,72.44264221191406
2024-12-27,72.33809661865234
2024-12-30,71.86287689208984
2024-12-31,71.86287689208984
2025-01-02,71.61576080322266
2025-01-03,71.92940521240234
2025-01-06,72.61372375488281
2025-01-07,72.55668640136719
2025-01-08,72.44264221191406
2025-01-10,71.34012603759766
2025-01-13,71.14053344726562
2025-01-14,71.39715576171875
2025-01-15,72.30957794189453
2025-01-16,72.68025207519531
2025-01-17,72.97489166259766
2025-01-21,74.44807434082031
2025-01-22,74.2770004272461
2025-01-23,74.8852767944336
2025-01-24,75.303466796875
2025-01-27,75.303466796875
2025-01-28,75.20842742919922
2025-01-29,75.19892120361328
2025-01-30,76.02580261230469
2025-01-31,75.3129653930664
2025-02-03,74.42906188964844
2025-02-04,75.2939682006836
2025-02-05,76.02580261230469
2025-02-06,76.38697814941406
2025-02-07,75.66463470458984
2025-02-10,76.17787170410156
2025-02-11,76.5390396118164
2025-02-12,76.82417297363281
2025-02-13,77.75559997558594
2025-02-14,77.86965942382812
2025-02-18,78.430419921875
2025-02-19,77.62254333496094
2025-02-20,77.98371124267578
2025-02-21,77.49898529052734
2025-02-24,77.45146179199219
2025-02-25,78.15480041503906
2025-02-26,78.25933074951172
2025-02-27,77.37543487548828
2025-02-28,77.53700256347656
2025-03-03,78.39240264892578
2025-03-04,78.3733901977539
2025-03-05,80.24576568603516
2025-03-06,79.41886901855469
2025-03-07,80.24576568603516
2025-03-10,78.35438537597656
2025-03-11,78.08826446533203
2025-03-12,78.64901733398438
2025-03-13,78.12628173828125
2025-03-14,79.56144714355469
2025-03-17,80.45486450195312
2025-03-18,80.44535827636719
2025-03-19,80.68296813964844
2025-03-20,80.00814819335938
2025-03-21,79.51393127441406
2025-03-24,79.5044174194336
2025-03-25,79.94161987304688
2025-03-26,78.90563201904297
2025-03-27,79.07671356201172
2025-03-28,78.3733901977539
2025-03-31,77.67957305908203
2025-04-01,77.79362487792969
2025-04-02,77.97421264648438
2025-04-03,76.33944702148438
2025-04-04,71.30210876464844
2025-04-07,69.58180236816406
2025-04-08,69.34420776367188
2025-04-09,74.69518280029297
2025-04-10,73.22200775146484
2025-04-11,75.05635070800781
2025-04-14,75.86422729492188
2025-04-15,76.54855346679688
2025-04-16,76.25391387939453
2025-04-17,77.08079528808594
2025-04-21,76.66260528564453
2025-04-22,78.24983978271484
2025-04-23,78.56348419189453
2025-04-24,79.60897064208984
2025-04-25,79.95112609863281
2025-04-28,80.48336791992188
2025-04-29,80.64494323730469
2025-04-30,80.54989624023438
2025-05-01,80.29328918457031
2025-05-02,81.83300018310547
2025-05-05,81.97557067871094
2025-05-06,81.87100982666016
2025-05-07,81.59538269042969
2025-05-08,81.31025695800781
2025-05-09,81.70944213867188
2025-05-12,82.12763977050781
2025-05-13,82.23218536376953
2025-05-14,81.83300018310547
2025-05-15,82.7264175415039
2025-05-16,82.91649627685547
2025-05-19,83.70537567138672
2025-05-20,84.10455322265625
2025-05-21,83.6103286743164
2025-05-22,83.56279754638672
2025-05-23,83.6768569946289
2025-05-27,84.89341735839844
2025-05-28,83.91446685791016
2025-05-29,84.28514099121094
2025-05-30,84.40869140625
2025-06-02,85.3116226196289
2025-06-03,84.66531372070312
2025-06-04,85.04550170898438
2025-06-05,84.98846435546875
2025-06-06,85.29261016845703
2025-06-09,85.2831039428711
2025-06-10,85.39715576171875
2025-06-11,85.25458526611328
2025-06-12,85.91039276123047
2025-06-13,84.8078842163086
2025-06-16,85.1259994506836
2025-06-17,84.08174133300781
2025-06-18,84.22677612304688
2025-06-20,83.47259521484375
2025-06-23,84.10108184814453
2025-06-24,85.1259994506836
2025-06-25,84.66188049316406
2025-06-26,85.60944366455078
2025-06-27,86.3829574584961
2025-06-30,86.43130493164062
2025-07-01,86.2862777709961
2025-07-02,86.53767395019531
2025-07-03,86.5570068359375
2025-07-07,85.61911010742188
2025-07-08,86.24759674072266
2025-07-09,86.89542388916016
2025-07-10,86.83740997314453
2025-07-11,86.00587463378906
2025-07-14,86.00587463378906
2025-07-15,85.10665893554688
2025-07-16,85.45474243164062
2025-07-17,85.67713165283203
2025-07-18,85.4354019165039
2025-07-21,85.88984680175781
2025-07-22,86.3636245727539
2025-07-23,88.51014709472656
2025-07-24,87.8526611328125
2025-07-25,87.74629211425781
2025-07-28,86.3346176147461
2025-07-29,86.16057586669922
2025-07-30,85.54176330566406
2025-07-31,84.62320709228516
2025-08-01,84.40081787109375
2025-08-04,85.52242279052734
2025-08-05,85.51275634765625
2025-08-06,86.07355499267578
2025-08-07,86.84707641601562
2025-08-08,87.37887573242188
2025-08-11,87.01144409179688
2025-08-12,88.07503509521484
2025-08-13,88.6068344116211
2025-08-14,88.61650848388672
2025-08-15,89.13863372802734
2025-08-18,89.04193878173828
2025-08-19,89.0516128540039
2025-08-20,89.37068939208984
2025-08-21,88.80988311767578
2025-08-22,90.14421844482422
2025-08-25,88.95492553710938
2025-08-26,88.85823059082031
2025-08-27,88.6455078125
2025-08-28,88.97425842285156
2025-08-29,88.45214080810547
2025-09-02,87.58192443847656
2025-09-03,87.71729278564453
2025-09-04,88.35543823242188
2025-09-05,88.75187683105469
2025-09-08,89.64141845703125
2025-09-09,89.34168243408203
2025-09-10,89.32234191894531
2025-09-11,90.26990509033203
2025-09-12,89.91215515136719
2025-09-15,90.51163482666016
2025-09-16,90.26023864746094
2025-09-17,89.92182159423828
2025-09-18,90.26990509033203
2025-09-19,89.92182159423828
2025-09-22,90.21189880371094
2025-09-23,90.03785705566406
2025-09-24,89.51573181152344
2025-09-25,88.8775634765625
2025-09-26,89.56407165527344
2025-09-29,89.91215515136719
2025-09-30,90.27957916259766
2025-10-01,91.02409362792969
2025-10-02,91.16912841796875
2025-10-03,91.93297576904297
2025-10-06,92.14569854736328
2025-10-07,91.34317016601562
2025-10-08,91.61389923095703
2025-10-09,90.85972595214844
2025-10-10,89.18697357177734
2025-10-13,89.9024887084961
2025-10-14,90.30859375
2025-10-15,90.74369049072266
2025-10-16,91.21746826171875
2025-10-17,91.38184356689453
2025-10-20,92.13602447509766
2025-10-21,91.45919799804688
2025-10-22,91.3238296508789
2025-10-23,91.749267578125
2025-10-24,91.89430236816406
2025-10-27,92.53245544433594
2025-10-28,92.49378204345703
2025-10-29,91.97166442871094
2025-10-30,91.5655517578125
2025-10-31,91.36250305175781
2025-11-03,91.40118408203125
2025-11-04,90.46328735351562
2025-11-05,91.0434341430664
2025-11-06,90.84037780761719
2025-11-07,91.17880249023438
2025-11-10,92.13602447509766
2025-11-11,92.81285858154297
2025-11-12,93.3639907836914
2025-11-13,92.36808013916016
2025-11-14,92.10702514648438
2025-11-17,90.90806579589844
2025-11-18,89.72844696044922
2025-11-19,89.45770263671875
2025-11-20,88.22007751464844
2025-11-21,89.58341217041016
2025-11-24,89.6607666015625
2025-11-25,90.73401641845703
2025-11-26,91.72993469238281
2025-11-28,92.03934478759766
2025-12-01,91.58489227294922
2025-12-02,91.89430236816406
2025-12-03,92.3874282836914
2025-12-04,92.6388168334961
2025-12-05,92.6388168334961
2025-12-08,92.34874725341797
2025-12-09,92.22305297851562
2025-12-10,93.24796295166016
2025-12-11,93.7990951538086
2025-12-12,93.30597686767578
2025-12-15,93.87644958496094
2025-12-16,93.44133758544922
2025-12-17,92.68333435058594
2025-12-18,93.3428955078125
2025-12-19,93.9729232788086
2025-12-22,94.20918273925781
2025-12-23,94.79000091552734
2025-12-24,94.90813446044922
2025-12-26,95.06563568115234
2025-12-29,94.7801513671875
2025-12-30,94.93766021728516
2025-12-31,94.53404235839844
2026-01-02,95.52831268310547
2026-01-05,96.62102508544922
2026-01-06,96.76869201660156
2026-01-07,96.40444946289062
2026-01-08,96.41429901123047
2026-01-09,97.27073669433594
2026-01-12,97.86139678955078
2026-01-13,97.3002700805664
2026-01-14,97.75311279296875
2026-01-15,97.71372985839844
2026-01-16,97.97952270507812
2026-01-20,96.4930419921875
2026-01-21,97.48731231689453
2026-01-22,97.8712387084961
2026-01-23,98.41267395019531
2026-01-26,98.9048843383789
2026-01-27,100.49964141845703
2026-01-28,99.43647003173828
2026-01-29,100.10588073730469
2026-01-30,99.17066955566406
2026-02-02,99.82039642333984
2026-02-03,99.86961364746094
2026-02-04,100.19447326660156
2026-02-05,98.7670669555664
2026-02-06,101.01154327392578
2026-02-09,102.37004089355469
2026-02-10,102.61614990234375
2026-02-11,103.30525207519531
2026-02-12,102.52755737304688
2026-02-13,102.61614990234375
2026-02-17,102.59646606445312
2026-02-18,102.71459197998047
2026-02-19,102.42911529541016
2026-02-20,103.265869140625
2026-02-23,102.84256744384766
2026-02-24,103.02960968017578
2026-02-25,104.0140380859375
2026-02-26,103.92543029785156
2026-02-27,103.73838806152344
2026-03-02,101.6907958984375
2026-03-03,98.53079986572266
2026-03-04,99.80070495605469
2026-03-05,97.61529541015625
2026-03-06,96.74899291992188
2026-03-09,97.44793701171875
2026-03-10,97.67435455322266
2026-03-11,97.4676284790039
2026-03-12,95.9417724609375
2026-03-13,94.79984283447266
2026-03-16,96.5718002319336
2026-03-17,96.83760070800781
2026-03-18,95.18376922607422
2026-03-19,95.01641082763672
2026-03-20,92.1320571899414
2026-03-23,94.34700012207031
2026-03-24,93.78588104248047
2026-03-25,95.15423583984375
2026-03-26,93.18539428710938
2026-03-27,92.33879089355469
2026-03-30,92.60457611083984
2026-03-31,95.61690521240234
2026-04-01,97.07386016845703
2026-04-02,96.47335815429688
2026-04-06,96.95572662353516
2026-04-07,96.81790161132812
2026-04-08,100.59809112548828
2026-04-09,100.36182403564453
2026-04-10,100.58824157714844
2026-04-13,101.20842742919922
2026-04-14,102.02549743652344
2026-04-15,101.70063781738281
2026-04-16,101.40531158447266
2026-04-17,102.69490814208984
2026-04-20,102.29129791259766
2026-04-21,100.04680633544922
2026-04-22,100.38151550292969
2026-04-23,99.66288757324219
2026-04-24,100.18462371826172
2026-04-27,99.80070495605469
2026-04-28,99.38724517822266
2026-04-29,98.373291015625
2026-04-30,100.72605895996094
2026-05-01,100.50949096679688
2026-05-04,99.13129425048828
2026-05-05,100.45042419433594
2026-05-06,103.1772689819336
2026-05-07,101.28718566894531
2026-05-08,102.34051513671875
2026-05-11,102.12393951416016
2026-05-12,101.53328704833984
2026-05-13,102.21253967285156
2026-05-14,101.84830474853516
2026-05-15,100.13540649414062
2026-05-18,101.0607681274414
2026-05-19,100.33229064941406
2026-05-20,102.00581359863281
2026-05-21,102.56693267822266
2026-05-22,102.3602066040039
2026-05-26,103.4922866821289
2026-05-27,103.13789367675781
2026-05-28,103.05914306640625
2026-05-29,103.16743469238281
2026-06-01,102.81304168701172
2026-06-02,103.38399505615234
2026-06-03,102.4980239868164
2026-06-04,103.3150863647461
2026-06-05,100.66699981689453
2026-06-08,101.27733612060547
2026-06-09,101.29702758789062
2026-06-10,99.98774719238281
2026-06-11,103.09852600097656
2026-06-12,103.38399505615234
2026-06-15,104.08000183105469
2026-06-16,104.30999755859375
2026-06-17,103.77999877929688
2026-06-18,104.41000366210938
2026-06-22,104.58000183105469
2026-06-23,102.45999908447266
2026-06-24,102.26000213623047
2026-06-25,103.1500015258789
2026-06-26,102.54000091552734
2026-06-29,103.44999694824219
2026-06-30,103.87999725341797
2026-07-01,103.0199966430664
2026-07-02,104.37000274658203
2026-07-06,105.45999908447266
2026-07-07,104.16000366210938
2026-07-08,103.36000061035156
2026-07-09,103.91999816894531
2026-07-10,104.33000183105469
2026-07-13,103.23999786376953
2026-07-14,103.95999908447266
2026-07-15,104.6500015258789
2026-07-16,103.80999755859375
2026-07-17,103.33000183105469
2026-07-20,102.56999969482422
2026-07-21,104.05999755859375
2026-07-22,104.25
2026-07-23,102.9000015258789
2026-07-24,103.41000366210938
2026-07-27,103.91000366210938
2026-07-28,103.88999938964844
2026-07-29,103.37000274658203
2026-07-30,106.23999786376953
2026-07-31,105.58000183105469
2026-08-03,106.0199966430664
2026-08-04,107.31999969482422
2026-08-05,107.43000030517578
2026-08-06,107.36000061035156
2026-08-07,108.55000305175781
2026-08-10,108.01000213623047
2026-08-11,108.08999633789062
2026-08-12,108.5
2026-08-13,108.69000244140625
2026-08-14,108.63999938964844
2026-08-17,108.44999694824219
2026-08-18,107.2699966430664
2026-08-19,107.66000366210938
2026-08-20,107.3499984741211
2026-08-21,108.23999786376953
2026-08-24,108.02999877929688
2026-08-25,108.80999755859375
2026-08-26,108.2699966430664
2026-08-27,108.0199966430664
2026-08-31,107.44999694824219
2026-09-01,106.48999786376953
2026-09-02,107.05999755859375
