Date,Close
2003-05-01,17.837646484375
2003-05-02,18.169979095458984
2003-05-05,18.208463668823242
2003-05-06,18.3536376953125
2003-05-07,18.281925201416016
2003-05-08,18.084274291992188
2003-05-09,18.339649200439453
2003-05-12,18.680728912353516
2003-05-13,18.63700294494629
2003-05-14,18.680728912353516
2003-05-15,18.874879837036133
2003-05-16,18.908119201660156
2003-05-19,18.416601181030273
2003-05-20,18.393877029418945
2003-05-21,18.467342376708984
2003-05-22,18.72970962524414
2003-05-23,18.834653854370117
2003-05-27,19.240446090698242
2003-05-28,19.291187286376953
2003-05-29,19.222957611083984
2003-05-30,19.599021911621094
2003-06-02,19.70747184753418
2003-06-03,19.700468063354492
2003-06-04,20.113265991210938
2003-06-05,20.254953384399414
2003-06-06,20.149999618530273
2003-06-09,19.822917938232422
2003-06-10,19.966341018676758
2003-06-11,20.309179306030273
2003-06-12,20.393129348754883
2003-06-13,20.080034255981445
2003-06-16,20.48583221435547
2003-06-17,20.52256965637207
2003-06-18,20.426362991333008
2003-06-19,20.16049575805664
2003-06-20,20.141246795654297
2003-06-23,19.857894897460938
2003-06-24,19.8001708984375
2003-06-25,19.695226669311523
2003-06-26,19.864885330200195
2003-06-27,19.75469970703125
2003-06-30,19.768692016601562
2003-07-01,19.83514976501465
2003-07-02,20.0870304107666
2003-07-03,19.976837158203125
2003-07-07,20.312673568725586
2003-07-08,20.501575469970703
2003-07-09,20.513818740844727
2003-07-10,20.130752563476562
2003-07-11,20.253206253051758
2003-07-14,20.548797607421875
2003-07-15,20.28993034362793
2003-07-16,20.113265991210938
2003-07-17,19.817668914794922
2003-07-18,20.0870304107666
2003-07-21,19.824661254882812
2003-07-22,20.073036193847656
2003-07-23,19.90861701965332
2003-07-24,19.99257469177246
2003-07-25,20.298675537109375
2003-07-28,20.338897705078125
2003-07-29,20.184982299804688
2003-07-30,20.143003463745117
2003-07-31,20.23394775390625
2003-08-01,20.104530334472656
2003-08-04,20.069538116455078
2003-08-05,19.705724716186523
2003-08-06,19.756444931030273
2003-08-07,19.824661254882812
2003-08-08,19.898120880126953
2003-08-11,19.978586196899414
2003-08-12,20.16924476623535
2003-08-13,20.132505416870117
2003-08-14,20.34415054321289
2003-08-15,20.38788604736328
2003-08-18,20.62227439880371
2003-08-19,20.75169563293457
2003-08-20,20.76044273376465
2003-08-21,20.931856155395508
2003-08-22,20.700973510742188
2003-08-25,20.660741806030273
2003-08-26,20.739456176757812
2003-08-27,20.805925369262695
2003-08-28,20.984333038330078
2003-08-29,21.10677719116211
2003-09-02,21.4163761138916
2003-09-03,21.47058868408203
2003-09-04,21.48809051513672
2003-09-05,21.402387619018555
2003-09-08,21.57554054260254
2003-09-09,21.388385772705078
2003-09-10,21.007078170776367
2003-09-11,21.152244567871094
2003-09-12,21.211721420288086
2003-09-15,21.152244567871094
2003-09-16,21.453105926513672
2003-09-17,21.409374237060547
2003-09-18,21.662996292114258
2003-09-19,21.658966064453125
2003-09-22,21.365388870239258
2003-09-23,21.521835327148438
2003-09-24,21.168500900268555
2003-09-25,20.932947158813477
2003-09-26,20.76418685913086
2003-09-29,20.890764236450195
2003-09-30,20.79408073425293
2003-10-01,21.161479949951172
2003-10-02,21.270458221435547
2003-10-03,21.520084381103516
2003-10-06,21.65192222595215
2003-10-07,21.757396697998047
2003-10-08,21.69762420654297
2003-10-09,21.832988739013672
2003-10-10,21.815406799316406
2003-10-13,22.035137176513672
2003-10-14,22.114240646362305
2003-10-15,22.049209594726562
2003-10-16,22.084362030029297
2003-10-17,21.822431564331055
2003-10-20,21.90329360961914
2003-10-21,21.943727493286133
2003-10-22,21.622037887573242
2003-10-23,21.639619827270508
2003-10-24,21.534151077270508
2003-10-27,21.67477035522461
2003-10-28,22.035137176513672
2003-10-29,22.119529724121094
2003-10-30,22.2285099029541
2003-10-31,22.23377799987793
2003-11-03,22.423635482788086
2003-11-04,22.325185775756836
2003-11-05,22.356842041015625
2003-11-06,22.492189407348633
2003-11-07,22.455278396606445
2003-11-10,22.223241806030273
2003-11-11,22.217967987060547
2003-11-12,22.529104232788086
2003-11-13,22.5800838470459
2003-11-14,22.35157012939453
2003-11-17,22.137100219726562
2003-11-18,21.913846969604492
2003-11-19,22.045686721801758
2003-11-20,21.894512176513672
2003-11-21,21.989442825317383
2003-11-24,22.4042911529541
2003-11-25,22.546680450439453
2003-11-26,22.646888732910156
2003-11-28,22.703142166137695
2003-12-01,22.972097396850586
2003-12-02,22.887720108032227
2003-12-03,22.861358642578125
2003-12-04,22.845523834228516
2003-12-05,22.685564041137695
2003-12-08,22.85256576538086
2003-12-09,22.64864730834961
2003-12-10,22.472858428955078
2003-12-11,22.870140075683594
2003-12-12,22.958032608032227
2003-12-15,22.773454666137695
2003-12-16,22.84903907775879
2003-12-17,22.917604446411133
2003-12-18,23.253360748291016
2003-12-19,23.27627944946289
2003-12-22,23.371479034423828
2003-12-23,23.52485466003418
2003-12-24,23.480783462524414
2003-12-26,23.537193298339844
2003-12-29,23.817501068115234
2003-12-30,23.849241256713867
2003-12-31,23.87920570373535
2004-01-02,23.76638412475586
2004-01-05,24.06432342529297
2004-01-06,24.11367416381836
2004-01-07,24.12778091430664
2004-01-08,24.31113052368164
2004-01-09,24.182435989379883
2004-01-12,24.328758239746094
2004-01-13,24.194774627685547
2004-01-14,24.413393020629883
2004-01-15,24.480379104614258
2004-01-16,24.707792282104492
2004-01-20,24.757164001464844
2004-01-21,24.86293601989746
2004-01-22,24.767742156982422
2004-01-23,24.707792282104492
2004-01-26,24.928152084350586
2004-01-27,24.735998153686523
2004-01-28,24.408090591430664
2004-01-29,24.413393020629883
2004-01-30,24.445127487182617
2004-02-02,24.47157096862793
2004-02-03,24.47861099243164
2004-02-04,24.217693328857422
2004-02-05,24.282926559448242
2004-02-06,24.65138816833496
2004-02-09,24.672531127929688
2004-02-10,24.781845092773438
2004-02-11,25.08155059814453
2004-02-12,25.00750160217285
2004-02-13,24.840024948120117
2004-02-17,25.116806030273438
2004-02-18,25.02866554260254
2004-02-19,24.873516082763672
2004-02-20,24.767742156982422
2004-02-23,24.61083984375
2004-02-24,24.545604705810547
2004-02-25,24.72189712524414
2004-02-26,24.825918197631836
2004-02-27,24.910537719726562
2004-03-01,25.222579956054688
2004-03-02,25.12209701538086
2004-03-03,25.132667541503906
2004-03-04,25.227863311767578
2004-03-05,25.323074340820312
2004-03-08,25.03394889831543
2004-03-09,24.83121109008789
2004-03-10,24.446880340576172
2004-03-11,24.039636611938477
2004-03-12,24.399280548095703
2004-03-15,24.02024269104004
2004-03-16,24.140125274658203
2004-03-17,24.51387596130371
2004-03-18,24.50505828857422
2004-03-19,24.281330108642578
2004-03-22,23.88901710510254
2004-03-23,23.890790939331055
2004-03-24,23.825395584106445
2004-03-25,24.228317260742188
2004-03-26,24.277799606323242
2004-03-29,24.514606475830078
2004-03-30,24.701919555664062
2004-03-31,24.740808486938477
2004-04-01,24.89278793334961
2004-04-02,25.17377281188965
2004-04-05,25.320459365844727
2004-04-06,25.269197463989258
2004-04-07,25.138431549072266
2004-04-08,25.111919403076172
2004-04-12,25.193201065063477
2004-04-13,24.807958602905273
2004-04-14,24.652442932128906
2004-04-15,24.70369529724121
2004-04-16,24.864513397216797
2004-04-19,24.864513397216797
2004-04-20,24.500473022460938
2004-04-21,24.652442932128906
2004-04-22,25.118989944458008
2004-04-23,25.055356979370117
2004-04-26,24.889253616333008
2004-04-27,24.928119659423828
2004-04-28,24.555240631103516
2004-04-29,24.272502899169922
2004-04-30,24.157629013061523
2004-05-03,24.316680908203125
2004-05-04,24.387361526489258
2004-05-05,24.459821701049805
2004-05-06,24.219486236572266
2004-05-07,23.78828239440918
2004-05-10,23.433074951171875
2004-05-11,23.698152542114258
2004-05-12,23.70876693725586
2004-05-13,23.797115325927734
2004-05-14,23.738792419433594
2004-05-17,23.440147399902344
2004-05-18,23.668113708496094
2004-05-19,23.620393753051758
2004-05-20,23.653980255126953
2004-05-21,23.70876693725586
2004-05-24,23.90138053894043
2004-05-25,24.330810546875
2004-05-26,24.378524780273438
2004-05-27,24.496929168701172
2004-05-28,24.579986572265625
2004-06-01,24.55171012878418
2004-06-02,24.634775161743164
2004-06-03,24.387361526489258
2004-06-04,24.539342880249023
2004-06-07,25.005876541137695
2004-06-08,24.995277404785156
2004-06-09,24.73020362854004
2004-06-10,24.836233139038086
2004-06-14,24.54640769958496
2004-06-15,24.753183364868164
2004-06-16,24.806188583374023
2004-06-17,24.784982681274414
2004-06-18,24.850004196166992
2004-06-21,24.77737045288086
2004-06-22,24.919097900390625
2004-06-23,25.223834991455078
2004-06-24,25.163597106933594
2004-06-25,25.184856414794922
2004-06-28,25.090970993041992
2004-06-29,25.154741287231445
2004-06-30,25.326597213745117
2004-07-01,24.98111915588379
2004-07-02,24.896066665649414
2004-07-06,24.612598419189453
2004-07-07,24.651575088500977
2004-07-08,24.38404655456543
2004-07-09,24.46022605895996
2004-07-12,24.431875228881836
2004-07-13,24.470861434936523
2004-07-14,24.375192642211914
2004-07-15,24.437198638916016
2004-07-16,24.2493953704834
2004-07-19,24.236995697021484
2004-07-20,24.44959831237793
2004-07-21,24.070463180541992
2004-07-22,24.0421085357666
2004-07-23,23.83304214477539
2004-07-26,23.71788215637207
2004-07-27,23.93226432800293
2004-07-28,23.90391731262207
2004-07-29,24.130704879760742
2004-07-30,24.16790008544922
2004-08-02,24.261798858642578
2004-08-03,24.03325080871582
2004-08-04,23.985408782958984
2004-08-05,23.551340103149414
2004-08-06,23.127899169921875
2004-08-09,23.255468368530273
2004-08-10,23.52121353149414
2004-08-11,23.43617820739746
2004-08-12,23.173967361450195
2004-08-13,23.138534545898438
2004-08-16,23.572603225708008
2004-08-17,23.634614944458008
2004-08-18,23.93048667907715
2004-08-19,23.841903686523438
2004-08-20,24.07930564880371
2004-08-23,23.96237564086914
2004-08-24,23.96237564086914
2004-08-25,24.210424423217773
2004-08-26,24.18385124206543
2004-08-27,24.22814178466797
2004-08-30,24.04741859436035
2004-08-31,24.143096923828125
2004-09-01,24.224590301513672
2004-09-02,24.53995704650879
2004-09-03,24.39999008178711
2004-09-07,24.603734970092773
2004-09-08,24.46022605895996
2004-09-09,24.52932357788086
2004-09-10,24.706510543823242
2004-09-13,24.74546241760254
2004-09-14,24.800397872924805
2004-09-15,24.62322235107422
2004-09-16,24.764957427978516
2004-09-17,24.853593826293945
2004-09-20,24.773666381835938
2004-09-21,24.93707275390625
2004-09-22,24.62625503540039
2004-09-23,24.55520248413086
2004-09-24,24.54987335205078
2004-09-27,24.386474609375
2004-09-28,24.523231506347656
2004-09-29,24.62625503540039
2004-09-30,24.76300811767578
2004-10-01,25.16974449157715
2004-10-04,25.29229736328125
2004-10-05,25.24967384338379
2004-10-06,25.413070678710938
2004-10-07,25.17506980895996
2004-10-08,24.949506759643555
2004-10-11,24.93174171447754
2004-10-12,24.871356964111328
2004-10-13,24.66887664794922
2004-10-14,24.487707138061523
2004-10-15,24.580068588256836
2004-10-18,24.665319442749023
2004-10-19,24.453960418701172
2004-10-20,24.480607986450195
2004-10-21,24.675973892211914
2004-10-22,24.482376098632812
2004-10-25,24.514354705810547
2004-10-26,24.867799758911133
2004-10-27,25.233699798583984
2004-10-28,25.217702865600586
2004-10-29,25.350914001464844
2004-11-01,25.384660720825195
2004-11-02,25.354469299316406
2004-11-03,25.64931297302246
2004-11-04,26.10222625732422
2004-11-05,26.283376693725586
2004-11-08,26.23365592956543
2004-11-09,26.251426696777344
2004-11-10,26.269180297851562
2004-11-11,26.528491973876953
2004-11-12,26.752277374267578
2004-11-15,26.778926849365234
2004-11-16,26.62439727783203
2004-11-17,26.786035537719727
2004-11-18,26.86952018737793
2004-11-19,26.551578521728516
2004-11-22,26.739864349365234
2004-11-23,26.768274307250977
2004-11-24,26.968976974487305
2004-11-26,27.029373168945312
2004-11-29,26.88905143737793
2004-11-30,26.819786071777344
2004-12-01,27.18922233581543
2004-12-02,27.13770866394043
2004-12-03,27.175012588500977
2004-12-06,27.160802841186523
2004-12-07,26.819786071777344
2004-12-08,26.88373374938965
2004-12-09,27.025814056396484
2004-12-10,27.052459716796875
2004-12-13,27.27448844909668
2004-12-14,27.450321197509766
2004-12-15,27.553325653076172
2004-12-16,27.414798736572266
2004-12-17,27.35834312438965
2004-12-20,27.28708839416504
2004-12-21,27.547136306762695
2004-12-22,27.64331817626953
2004-12-23,27.65755844116211
2004-12-27,27.50083351135254
2004-12-28,27.72881317138672
2004-12-29,27.771549224853516
2004-12-30,27.824993133544922
2004-12-31,27.814313888549805
2005-01-03,27.42957305908203
2005-01-04,27.0466251373291
2005-01-05,26.838228225708008
2005-01-06,26.918386459350586
2005-01-07,26.847148895263672
2005-01-10,26.90057373046875
2005-01-11,26.76165199279785
2005-01-12,26.89523696899414
2005-01-13,26.711782455444336
2005-01-14,26.943336486816406
2005-01-18,27.205156326293945
2005-01-19,26.966480255126953
2005-01-20,26.758087158203125
2005-01-21,26.603130340576172
2005-01-24,26.449954986572266
2005-01-25,26.485570907592773
2005-01-26,26.67971420288086
2005-01-27,26.76521110534668
2005-01-28,26.658340454101562
2005-01-31,26.95756721496582
2005-02-01,27.157066345214844
2005-02-02,27.26571273803711
2005-02-03,27.20693588256836
2005-02-04,27.529329299926758
2005-02-07,27.479434967041016
2005-02-08,27.447378158569336
2005-02-09,27.199810028076172
2005-02-10,27.306669235229492
2005-02-11,27.597002029418945
2005-02-14,27.570281982421875
2005-02-15,27.673587799072266
2005-02-16,27.66290283203125
2005-02-17,27.46875762939453
2005-02-18,27.46697998046875
2005-02-22,27.016340255737305
2005-02-23,27.1641845703125
2005-02-24,27.39395523071289
2005-02-25,27.680723190307617
2005-02-28,27.531099319458008
2005-03-01,27.721681594848633
2005-03-02,27.6825008392334
2005-03-03,27.73592185974121
2005-03-04,28.019136428833008
2005-03-07,28.106422424316406
2005-03-08,27.95500946044922
2005-03-09,27.659337997436523
2005-03-10,27.64331817626953
2005-03-11,27.55782127380371
2005-03-14,27.714561462402344
2005-03-15,27.529329299926758
2005-03-16,27.251461029052734
2005-03-17,27.333404541015625
2005-03-18,27.268062591552734
2005-03-21,27.226993560791016
2005-03-22,26.968137741088867
2005-03-23,26.96634864807129
2005-03-24,26.984193801879883
2005-03-28,27.007410049438477
2005-03-29,26.712841033935547
2005-03-30,27.112733840942383
2005-03-31,27.155582427978516
2005-04-01,27.064544677734375
2005-04-04,27.064544677734375
2005-04-05,27.171649932861328
2005-04-06,27.21092414855957
2005-04-07,27.3966064453125
2005-04-08,27.185928344726562
2005-04-11,27.171649932861328
2005-04-12,27.3109073638916
2005-04-13,26.92530059814453
2005-04-14,26.528968811035156
2005-04-15,25.99338150024414
2005-04-18,26.118343353271484
2005-04-19,26.37720489501953
2005-04-20,26.020170211791992
2005-04-21,26.516462326049805
2005-04-22,26.261165618896484
2005-04-25,26.543231964111328
2005-04-26,26.287948608398438
2005-04-27,26.343294143676758
2005-04-28,26.014806747436523
2005-04-29,26.287948608398438
2005-05-02,26.43433952331543
2005-05-03,26.44148826599121
2005-05-04,26.80209732055664
2005-05-05,26.748554229736328
2005-05-06,26.796751022338867
2005-05-09,26.96634864807129
2005-05-10,26.671777725219727
2005-05-11,26.77887725830078
2005-05-12,26.511112213134766
2005-05-13,26.3682804107666
2005-05-16,26.659271240234375
2005-05-17,26.862802505493164
2005-05-18,27.228769302368164
2005-05-19,27.339462280273438
2005-05-20,27.37872886657715
2005-05-23,27.485862731933594
2005-05-24,27.43587303161621
2005-05-25,27.34303092956543
2005-05-26,27.53941535949707
2005-05-27,27.59833335876465
2005-05-31,27.469791412353516
2005-06-01,27.74828338623047
2005-06-02,27.82683753967285
2005-06-03,27.68937873840332
2005-06-06,27.698305130004883
2005-06-07,27.728641510009766
2005-06-08,27.657241821289062
2005-06-09,27.823278427124023
2005-06-10,27.78934669494629
2005-06-13,27.8911075592041
2005-06-14,28.001800537109375
2005-06-15,28.074993133544922
2005-06-16,28.21780776977539
2005-06-17,28.332168579101562
2005-06-20,28.27490234375
2005-06-21,28.264156341552734
2005-06-22,28.28921127319336
2005-06-23,27.981412887573242
2005-06-24,27.745201110839844
2005-06-27,27.748777389526367
2005-06-28,28.05657196044922
2005-06-29,28.024368286132812
2005-06-30,27.891935348510742
2005-07-01,27.97962188720703
2005-07-05,28.269535064697266
2005-07-06,28.072673797607422
2005-07-07,28.151418685913086
2005-07-08,28.503976821899414
2005-07-11,28.704395294189453
2005-07-12,28.75806999206543
2005-07-13,28.77597427368164
2005-07-14,28.847566604614258
2005-07-15,28.874399185180664
2005-07-18,28.849342346191406
2005-07-19,29.033674240112305
2005-07-20,29.207260131835938
2005-07-21,28.95493507385254
2005-07-22,29.203678131103516
2005-07-25,29.04440689086914
2005-07-26,29.153564453125
2005-07-27,29.286008834838867
2005-07-28,29.47570037841797
2005-07-29,29.316423416137695
2005-08-01,29.318204879760742
2005-08-02,29.464950561523438
2005-08-03,29.497163772583008
2005-08-04,29.259145736694336
2005-08-05,28.9907283782959
2005-08-08,28.876192092895508
2005-08-09,29.047975540161133
2005-08-10,29.035457611083984
2005-08-11,29.166109085083008
2005-08-12,29.07303237915039
2005-08-15,29.268096923828125
2005-08-16,28.808185577392578
2005-08-17,28.85650062561035
2005-08-18,28.747344970703125
2005-08-19,28.847566604614258
2005-08-22,28.86724281311035
2005-08-23,28.808185577392578
2005-08-24,28.650707244873047
2005-08-25,28.75988006591797
2005-08-26,28.605966567993164
2005-08-29,28.811756134033203
2005-08-30,28.58090591430664
2005-08-31,29.060523986816406
2005-09-01,28.9907283782959
2005-09-02,28.91734504699707
2005-09-06,29.257356643676758
2005-09-07,29.339672088623047
2005-09-08,29.185773849487305
2005-09-09,29.50075340270996
2005-09-12,29.51865005493164
2005-09-13,29.320009231567383
2005-09-14,29.244842529296875
2005-09-15,29.16431427001953
2005-09-16,29.37763023376465
2005-09-19,29.14618682861328
2005-09-20,28.882444381713867
2005-09-21,28.512802124023438
2005-09-22,28.627639770507812
2005-09-23,28.728120803833008
2005-09-26,28.767593383789062
2005-09-27,28.787338256835938
2005-09-28,28.841161727905273
2005-09-29,29.06723976135254
2005-09-30,29.205400466918945
2005-10-03,29.228721618652344
2005-10-04,28.89139747619629
2005-10-05,28.38543128967285
2005-10-06,28.23469352722168
2005-10-07,28.34056282043457
2005-10-10,28.00502586364746
2005-10-11,27.863279342651367
2005-10-12,27.577985763549805
2005-10-13,27.59414291381836
2005-10-14,27.90634536743164
2005-10-17,28.001432418823242
2005-10-18,27.7017879486084
2005-10-19,28.096542358398438
2005-10-20,27.7017879486084
2005-10-21,27.830991744995117
2005-10-24,28.295698165893555
2005-10-25,28.18984031677246
2005-10-26,28.08038330078125
2005-10-27,27.707172393798828
2005-10-28,28.143173217773438
2005-10-31,28.423099517822266
2005-11-01,28.39257049560547
2005-11-02,28.767593383789062
2005-11-03,28.841161727905273
2005-11-04,28.859115600585938
2005-11-07,28.93087387084961
2005-11-08,28.828594207763672
2005-11-09,28.868066787719727
2005-11-10,29.121065139770508
2005-11-11,29.19281578063965
2005-11-14,29.17669677734375
2005-11-15,29.040315628051758
2005-11-16,29.11388397216797
2005-11-17,29.478116989135742
2005-11-18,29.551694869995117
2005-11-21,29.729320526123047
2005-11-22,29.867494583129883
2005-11-23,29.98410987854004
2005-11-25,30.009225845336914
2005-11-28,29.75981903076172
2005-11-29,29.849544525146484
2005-11-30,29.716760635375977
2005-12-01,30.163530349731445
2005-12-02,30.197635650634766
2005-12-05,30.08100700378418
2005-12-06,30.120473861694336
2005-12-07,29.96436882019043
2005-12-08,29.989477157592773
2005-12-09,30.118682861328125
2005-12-12,30.17071533203125
2005-12-13,30.321441650390625
2005-12-14,30.447031021118164
2005-12-15,30.355512619018555
2005-12-16,30.323318481445312
2005-12-19,30.037023544311523
2005-12-20,30.056840896606445
2005-12-21,30.184667587280273
2005-12-22,30.33769989013672
2005-12-23,30.37191390991211
2005-12-27,30.08202362060547
2005-12-28,30.190061569213867
2005-12-29,30.067630767822266
2005-12-30,29.87497901916504
2006-01-03,30.388099670410156
2006-01-04,30.56277084350586
2006-01-05,30.56277084350586
2006-01-06,30.86344337463379
2006-01-09,31.0740909576416
2006-01-10,31.08129119873047
2006-01-11,31.14790916442871
2006-01-12,30.960657119750977
2006-01-13,30.98947525024414
2006-01-17,30.838241577148438
2006-01-18,30.80941390991211
2006-01-19,31.054258346557617
2006-01-20,30.56277084350586
2006-01-23,30.64377784729004
2006-01-24,30.832826614379883
2006-01-25,30.841819763183594
2006-01-26,31.06328582763672
2006-01-27,31.248733520507812
2006-01-30,31.266748428344727
2006-01-31,31.077678680419922
2006-02-01,31.21631622314453
2006-02-02,30.94445037841797
2006-02-03,30.712196350097656
2006-02-06,30.881437301635742
2006-02-07,30.62037467956543
2006-02-08,30.8076114654541
2006-02-09,30.7643985748291
2006-02-10,30.777006149291992
2006-02-13,30.679786682128906
2006-02-14,30.960657119750977
2006-02-15,31.133499145507812
2006-02-16,31.354969024658203
2006-02-17,31.327960968017578
2006-02-21,31.239717483520508
2006-02-22,31.441375732421875
2006-02-23,31.410776138305664
2006-02-24,31.44317054748535
2006-02-27,31.56380271911621
2006-02-28,31.182113647460938
2006-03-01,31.482791900634766
2006-03-02,31.47198486328125
2006-03-03,31.392780303955078
2006-03-06,31.092090606689453
2006-03-07,30.975069046020508
2006-03-08,30.984052658081055
2006-03-09,30.91385269165039
2006-03-10,31.165912628173828
2006-03-13,31.23792839050293
2006-03-14,31.580032348632812
2006-03-15,31.79067611694336
2006-03-16,31.902294158935547
2006-03-17,31.962411880493164
2006-03-20,31.85591697692871
2006-03-21,31.603240966796875
2006-03-22,31.812612533569336
2006-03-23,31.82523536682129
2006-03-24,31.861326217651367
2006-03-27,31.843284606933594
2006-03-28,31.689868927001953
2006-03-29,31.971431732177734
2006-03-30,31.84869956970215
2006-03-31,31.836063385009766
2006-04-03,31.807191848754883
2006-04-04,31.980451583862305
2006-04-05,32.11219024658203
2006-04-06,32.123023986816406
2006-04-07,31.830657958984375
2006-04-10,31.812612533569336
2006-04-11,31.43902015686035
2006-04-12,31.52024269104004
2006-04-13,31.585187911987305
2006-04-17,31.491344451904297
2006-04-18,32.08332061767578
2006-04-19,32.231300354003906
2006-04-20,32.22226333618164
2006-04-21,32.142879486083984
2006-04-24,32.11941146850586
2006-04-25,31.991268157958984
2006-04-26,32.07429504394531
2006-04-27,32.08153533935547
2006-04-28,32.11039352416992
2006-05-01,31.94436264038086
2006-05-02,32.132041931152344
2006-05-03,32.05984115600586
2006-05-04,32.21147155761719
2006-05-05,32.54353713989258
2006-05-08,32.586849212646484
2006-05-09,32.57241439819336
2006-05-10,32.55073928833008
2006-05-11,32.06707763671875
2006-05-12,31.691680908203125
2006-05-15,31.698898315429688
2006-05-16,31.547298431396484
2006-05-17,31.049190521240234
2006-05-18,30.854272842407227
2006-05-19,31.05641746520996
2006-05-22,30.861488342285156
2006-05-23,30.68102264404297
2006-05-24,30.76763916015625
2006-05-25,31.0997314453125
2006-05-26,31.309078216552734
2006-05-30,30.76763916015625
2006-05-31,31.1574764251709
2006-06-01,31.51841926574707
2006-06-02,31.554534912109375
2006-06-05,31.03474998474121
2006-06-06,30.847055435180664
2006-06-07,30.66657829284668
2006-06-08,30.630481719970703
2006-06-09,30.623252868652344
2006-06-12,30.132362365722656
2006-06-13,29.785852432250977
2006-06-14,29.93023109436035
2006-06-15,30.695438385009766
2006-06-16,30.410903930664062
2006-06-19,30.193683624267578
2006-06-20,30.186443328857422
2006-06-21,30.555700302124023
2006-06-22,30.36744499206543
2006-06-23,30.447093963623047
2006-06-26,30.555700302124023
2006-06-27,30.258853912353516
2006-06-28,30.338485717773438
2006-06-29,31.098770141601562
2006-06-30,31.069786071777344
2006-07-03,31.2797794342041
2006-07-05,30.968427658081055
2006-07-06,30.975662231445312
2006-07-07,30.79464340209961
2006-07-10,30.72949981689453
2006-07-11,30.88878059387207
2006-07-12,30.61363410949707
2006-07-13,30.10678482055664
2006-07-14,29.846134185791016
2006-07-17,29.824398040771484
2006-07-18,29.817161560058594
2006-07-19,30.338485717773438
2006-07-20,30.027130126953125
2006-07-21,29.701313018798828
2006-07-24,30.23712921142578
2006-07-25,30.389196395874023
2006-07-26,30.483293533325195
2006-07-27,30.302284240722656
2006-07-28,30.61363410949707
2006-07-31,30.657062530517578
2006-08-01,30.461593627929688
2006-08-02,30.635364532470703
2006-08-03,30.78740119934082
2006-08-04,30.722246170043945
2006-08-07,30.628108978271484
2006-08-08,30.490537643432617
2006-08-09,30.273324966430664
2006-08-10,30.4760684967041
2006-08-11,30.3167667388916
2006-08-14,30.389196395874023
2006-08-15,30.8670654296875
2006-08-16,31.22185707092285
2006-08-17,31.344955444335938
2006-08-18,31.373910903930664
2006-08-21,31.229082107543945
2006-08-22,31.258071899414062
2006-08-23,31.062549591064453
2006-08-24,31.0046329498291
2006-08-25,31.040842056274414
2006-08-28,31.250818252563477
2006-08-29,31.395612716674805
2006-08-30,31.446325302124023
2006-08-31,31.497005462646484
2006-09-01,31.62733268737793
2006-09-05,31.678028106689453
2006-09-06,31.3087215423584
2006-09-07,31.16393280029297
2006-09-08,31.366661071777344
2006-09-11,31.410112380981445
2006-09-12,31.83731460571289
2006-09-13,31.989355087280273
2006-09-14,31.91697120666504
2006-09-15,32.041114807128906
2006-09-18,32.0265998840332
2006-09-19,31.968509674072266
2006-09-20,32.128265380859375
2006-09-21,31.895893096923828
2006-09-22,31.82330894470215
2006-09-25,32.128265380859375
2006-09-26,32.338802337646484
2006-09-27,32.34606170654297
2006-09-28,32.375091552734375
2006-09-29,32.251678466796875
2006-10-02,32.20812225341797
2006-10-03,32.128265380859375
2006-10-04,32.563880920410156
2006-10-05,32.73814392089844
2006-10-06,32.6364860534668
2006-10-09,32.69458770751953
2006-10-10,32.774436950683594
2006-10-11,32.73814392089844
2006-10-12,33.06486129760742
2006-10-13,33.137474060058594
2006-10-16,33.26091003417969
2006-10-17,33.15199661254883
2006-10-18,33.137474060058594
2006-10-19,33.181053161621094
2006-10-20,33.04307556152344
2006-10-23,33.28269577026367
2006-10-24,33.36980056762695
2006-10-25,33.44241714477539
2006-10-26,33.587623596191406
2006-10-27,33.377071380615234
2006-10-30,33.47146224975586
2006-10-31,33.46418380737305
2006-11-01,33.181053161621094
2006-11-02,33.181053161621094
2006-11-03,33.093929290771484
2006-11-06,33.42790222167969
2006-11-07,33.52954864501953
2006-11-08,33.64570999145508
2006-11-09,33.50050354003906
2006-11-10,33.61667251586914
2006-11-13,33.73284149169922
2006-11-14,33.95066452026367
2006-11-15,34.146690368652344
2006-11-16,34.20478057861328
2006-11-17,34.19028091430664
2006-11-20,34.15396499633789
2006-11-21,34.34273910522461
2006-11-22,34.415340423583984
2006-11-24,34.34999084472656
2006-11-27,33.790931701660156
2006-11-28,33.85627746582031
2006-11-29,34.19752883911133
2006-11-30,34.299156188964844
2006-12-01,34.161216735839844
2006-12-04,34.546043395996094
2006-12-05,34.654937744140625
2006-12-06,34.70575714111328
2006-12-07,34.53150939941406
2006-12-08,34.58231735229492
2006-12-11,34.59687042236328
2006-12-12,34.546043395996094
2006-12-13,34.60411834716797
2006-12-14,34.85824203491211
2006-12-15,34.82835388183594
2006-12-18,34.631622314453125
2006-12-19,34.67535400390625
2006-12-20,34.69720458984375
2006-12-21,34.515052795410156
2006-12-22,34.34746551513672
2006-12-26,34.50775909423828
2006-12-27,34.72635269165039
2006-12-28,34.62434768676758
2006-12-29,34.49318313598633
2007-01-03,34.478607177734375
2007-01-04,34.529632568359375
2007-01-05,34.29646682739258
2007-01-08,34.36932373046875
2007-01-09,34.41305160522461
2007-01-10,34.515052795410156
2007-01-11,34.74820327758789
2007-01-12,34.90851974487305
2007-01-16,34.937660217285156
2007-01-17,34.93037414550781
2007-01-18,34.719058990478516
2007-01-19,34.95222473144531
2007-01-22,34.75550079345703
2007-01-23,34.95222473144531
2007-01-24,35.21455001831055
2007-01-25,34.85022735595703
2007-01-26,34.864803314208984
2007-01-29,34.886653900146484
2007-01-30,35.09794235229492
2007-01-31,35.32382583618164
2007-02-01,35.57884216308594
2007-02-02,35.6735725402832
2007-02-05,35.6735725402832
2007-02-06,35.74642562866211
2007-02-07,35.855735778808594
2007-02-08,36.09617614746094
2007-02-09,35.644432067871094
2007-02-12,35.49869918823242
2007-02-13,35.782859802246094
2007-02-14,36.10343933105469
2007-02-15,36.19088363647461
2007-02-16,36.176326751708984
2007-02-20,36.336605072021484
2007-02-21,36.38035202026367
2007-02-22,36.358482360839844
2007-02-23,36.32204818725586
2007-02-26,36.27104568481445
2007-02-27,34.901222229003906
2007-02-28,35.156253814697266
2007-03-01,35.04694747924805
2007-03-02,34.551483154296875
2007-03-05,34.187164306640625
2007-03-06,34.67535400390625
2007-03-07,34.704490661621094
2007-03-08,35.00324249267578
2007-03-09,35.054222106933594
2007-03-12,35.14167404174805
2007-03-13,34.44218444824219
2007-03-14,34.62434768676758
2007-03-15,34.83565139770508
2007-03-16,34.701324462890625
2007-03-19,35.102874755859375
2007-03-20,35.26347351074219
2007-03-21,35.78915786743164
2007-03-22,35.81105422973633
2007-03-23,35.88405990600586
2007-03-26,35.88405990600586
2007-03-27,35.657737731933594
2007-03-28,35.37300491333008
2007-03-29,35.45329666137695
2007-03-30,35.44600296020508
2007-04-02,35.613922119140625
2007-04-03,35.957069396972656
2007-04-04,35.949764251708984
2007-04-05,36.08119583129883
2007-04-09,36.132286071777344
2007-04-10,36.17609405517578
2007-04-11,35.949764251708984
2007-04-12,36.19800567626953
2007-04-13,36.300209045410156
2007-04-16,36.67255401611328
2007-04-17,36.71635437011719
2007-04-18,36.81127166748047
2007-04-19,36.7747802734375
2007-04-20,37.0084114074707
2007-04-23,37.06680679321289
2007-04-24,37.06680679321289
2007-04-25,37.43915939331055
2007-04-26,37.475669860839844
2007-04-27,37.39533996582031
2007-04-30,37.0084114074707
2007-05-01,37.08870315551758
2007-05-02,37.38075256347656
2007-05-03,37.526763916015625
2007-05-04,37.55597686767578
2007-05-07,37.62168884277344
2007-05-08,37.599796295166016
2007-05-09,37.76039123535156
2007-05-10,37.30775451660156
2007-05-11,37.5705680847168
2007-05-14,37.475669860839844
2007-05-15,37.4245491027832
2007-05-16,37.650875091552734
2007-05-17,37.680091857910156
2007-05-18,37.86991882324219
2007-05-21,37.95753479003906
2007-05-22,37.92831802368164
2007-05-23,37.891815185546875
2007-05-24,37.4683837890625
2007-05-25,37.65819549560547
2007-05-29,37.7676887512207
2007-05-30,38.074337005615234
2007-05-31,38.205753326416016
2007-06-01,38.35908889770508
2007-06-04,38.45398712158203
2007-06-05,38.256874084472656
2007-06-06,37.891815185546875
2007-06-07,37.103328704833984
2007-06-08,37.60709762573242
2007-06-11,37.614376068115234
2007-06-12,37.198238372802734
2007-06-13,37.8115119934082
2007-06-14,37.94293212890625
2007-06-15,38.08280944824219
2007-06-18,38.14871597290039
2007-06-19,38.199989318847656
2007-06-20,37.73126220703125
2007-06-21,37.92901611328125
2007-06-22,37.64339828491211
2007-06-25,37.2772102355957
2007-06-26,37.218624114990234
2007-06-27,37.504241943359375
2007-06-28,37.570152282714844
2007-06-29,37.496925354003906
2007-07-02,37.90703201293945
2007-07-03,37.96562957763672
2007-07-05,38.06084442138672
2007-07-06,38.23658752441406
2007-07-09,38.21462631225586
2007-07-10,37.68732833862305
2007-07-11,37.78984451293945
2007-07-12,38.427005767822266
2007-07-13,38.522212982177734
2007-07-16,38.368446350097656
2007-07-17,38.4196891784668
2007-07-18,38.35377883911133
2007-07-19,38.55885696411133
2007-07-20,38.03886413574219
2007-07-23,38.08280944824219
2007-07-24,37.40903854370117
2007-07-25,37.34312057495117
2007-07-26,36.35443115234375
2007-07-27,35.6733283996582
2007-07-30,36.21527862548828
2007-07-31,35.80516052246094
2007-08-01,35.94430160522461
2007-08-02,36.17866516113281
2007-08-03,35.16798782348633
2007-08-06,35.7612190246582
2007-08-07,35.95896530151367
2007-08-08,36.435001373291016
2007-08-09,35.52686309814453
2007-08-10,35.52686309814453
2007-08-13,35.62205505371094
2007-08-14,34.816463470458984
2007-08-15,34.296485900878906
2007-08-16,34.369728088378906
2007-08-17,35.204620361328125
2007-08-20,35.18998336791992
2007-08-21,35.18998336791992
2007-08-22,35.75389099121094
2007-08-23,35.666015625
2007-08-24,36.12007141113281
2007-08-27,35.57080841064453
2007-08-28,34.91167449951172
2007-08-29,35.57813262939453
2007-08-30,35.42432403564453
2007-08-31,35.8344612121582
2007-09-04,36.31049346923828
2007-09-05,35.62205505371094
2007-09-06,35.907684326171875
2007-09-07,35.35110092163086
2007-09-10,35.080116271972656
2007-09-11,35.54152297973633
2007-09-12,35.48291015625
2007-09-13,35.717281341552734
2007-09-14,35.841793060302734
2007-09-17,35.629390716552734
2007-09-18,36.720611572265625
2007-09-19,36.97694778442383
2007-09-20,36.640052795410156
2007-09-21,36.719390869140625
2007-09-24,36.52838134765625
2007-09-25,36.49165344238281
2007-09-26,36.690006256103516
2007-09-27,36.822269439697266
2007-09-28,36.72676086425781
2007-10-01,37.226322174072266
2007-10-02,37.2997932434082
2007-10-03,37.24837112426758
2007-10-04,37.24102020263672
2007-10-05,37.725887298583984
2007-10-08,37.571632385253906
2007-10-09,37.83612060546875
2007-10-10,37.78468322753906
2007-10-11,37.52755355834961
2007-10-12,37.65979766845703
2007-10-15,37.3071403503418
2007-10-16,37.0206184387207
2007-10-17,37.079383850097656
2007-10-18,36.98389434814453
2007-10-19,35.97737503051758
2007-10-22,36.29327392578125
2007-10-23,36.587154388427734
2007-10-24,36.40347671508789
2007-10-25,36.41083908081055
2007-10-26,36.903072357177734
2007-10-29,36.93981170654297
2007-10-30,36.756134033203125
2007-10-31,37.138160705566406
2007-11-01,36.124298095703125
2007-11-02,36.17572784423828
2007-11-05,36.050846099853516
2007-11-06,36.37409591674805
2007-11-07,35.46309280395508
2007-11-08,35.389617919921875
2007-11-09,35.0443115234375
2007-11-12,34.647605895996094
2007-11-13,35.573299407958984
2007-11-14,35.286773681640625
2007-11-15,34.956180572509766
2007-11-16,34.94145965576172
2007-11-19,34.287601470947266
2007-11-20,34.236175537109375
2007-11-21,33.80271911621094
2007-11-23,34.353721618652344
2007-11-26,33.57497024536133
2007-11-27,34.08190155029297
2007-11-28,35.05900573730469
2007-11-29,34.992889404296875
2007-11-30,35.41166687011719
2007-12-03,35.22066879272461
2007-12-04,35.022281646728516
2007-12-05,35.52185821533203
2007-12-06,36.05818176269531
2007-12-07,36.094913482666016
2007-12-10,36.44021224975586
2007-12-11,35.30146408081055
2007-12-12,35.53656005859375
2007-12-13,35.49248123168945
2007-12-14,34.956180572509766
2007-12-17,34.47126388549805
2007-12-18,34.63288879394531
2007-12-19,34.63288879394531
2007-12-20,34.77248764038086
2007-12-21,35.30808639526367
2007-12-24,35.64006423950195
2007-12-26,35.57366943359375
2007-12-27,35.07939529418945
2007-12-28,35.02037811279297
2007-12-31,34.80644607543945
2008-01-02,34.2752685546875
2008-01-03,34.12032699584961
2008-01-04,33.15388870239258
2008-01-07,33.24242401123047
2008-01-08,32.38664627075195
2008-01-09,32.73339080810547
2008-01-10,33.1907844543457
2008-01-11,32.740760803222656
2008-01-14,33.07275390625
2008-01-15,32.22434616088867
2008-01-16,32.28335952758789
2008-01-17,31.331668853759766
2008-01-18,31.10298728942871
2008-01-22,31.11035919189453
2008-01-23,32.09892654418945
2008-01-24,32.239097595214844
2008-01-25,31.89973258972168
2008-01-28,32.57844543457031
2008-01-29,32.858802795410156
2008-01-30,32.4973030090332
2008-01-31,33.308815002441406
2008-02-01,33.99490737915039
2008-02-04,33.55965042114258
2008-02-05,32.60060501098633
2008-02-06,32.34238052368164
2008-02-07,32.63009262084961
2008-02-08,32.36452865600586
2008-02-11,32.70388412475586
2008-02-12,32.895687103271484
2008-02-13,33.308815002441406
2008-02-14,32.799781799316406
2008-02-15,32.79240417480469
2008-02-19,32.82929611206055
2008-02-20,33.13914108276367
2008-02-21,32.63748550415039
2008-02-22,32.903072357177734
2008-02-25,33.47850036621094
2008-02-26,33.78097152709961
2008-02-27,33.53752136230469
2008-02-28,33.24980163574219
2008-02-29,32.30550765991211
2008-03-03,32.24648666381836
2008-03-04,32.157958984375
2008-03-05,32.34238052368164
2008-03-06,31.405445098876953
2008-03-07,31.265291213989258
2008-03-10,30.74150276184082
2008-03-11,31.892358779907227
2008-03-12,31.55300521850586
2008-03-13,31.766950607299805
2008-03-14,31.16939926147461
2008-03-17,30.601337432861328
2008-03-18,31.870222091674805
2008-03-19,31.184146881103516
2008-03-20,31.846994400024414
2008-03-24,32.646888732910156
2008-03-25,32.802425384521484
2008-03-26,32.298789978027344
2008-03-27,31.987714767456055
2008-03-28,31.64702033996582
2008-03-31,31.706289291381836
2008-04-01,33.12828826904297
2008-04-02,33.2171745300293
2008-04-03,33.23937225341797
2008-04-04,33.328269958496094
2008-04-07,33.22456359863281
2008-04-08,33.12088394165039
2008-04-09,32.71352767944336
2008-04-10,32.787593841552734
2008-04-11,32.23214340209961
2008-04-14,32.08399200439453
2008-04-15,32.20249938964844
2008-04-16,33.076446533203125
2008-04-17,33.054222106933594
2008-04-18,33.58746337890625
2008-04-21,33.53562545776367
2008-04-22,33.11345672607422
2008-04-23,33.20975112915039
2008-04-24,33.46155548095703
2008-04-25,33.83928680419922
2008-04-28,33.8763313293457
2008-04-29,33.82447814941406
2008-04-30,33.520790100097656
2008-05-01,34.26144790649414
2008-05-02,34.35773849487305
2008-05-05,34.16516876220703
2008-05-06,34.454010009765625
2008-05-07,33.8985481262207
2008-05-08,33.8985481262207
2008-05-09,33.743003845214844
2008-05-12,34.276275634765625
2008-05-13,34.320701599121094
2008-05-14,34.49846267700195
2008-05-15,34.935428619384766
2008-05-16,34.935428619384766
2008-05-19,34.883567810058594
2008-05-20,34.62435531616211
2008-05-21,33.9874153137207
2008-05-22,34.06888961791992
2008-05-23,33.609703063964844
2008-05-27,33.93558120727539
2008-05-28,34.15033721923828
2008-05-29,34.33551025390625
2008-05-30,34.409568786621094
2008-06-02,34.03184509277344
2008-06-03,33.91335678100586
2008-06-04,33.8985481262207
2008-06-05,34.4836540222168
2008-06-06,33.32084274291992
2008-06-09,33.328269958496094
2008-06-10,33.1949348449707
2008-06-11,32.535789489746094
2008-06-12,32.68391799926758
2008-06-13,33.27640914916992
2008-06-16,33.328269958496094
2008-06-17,33.00238037109375
2008-06-18,32.65427017211914
2008-06-19,32.86906051635742
2008-06-20,32.249210357666016
2008-06-23,32.04109573364258
2008-06-24,31.951894760131836
2008-06-25,32.182315826416016
2008-06-26,31.216100692749023
2008-06-27,31.1789493560791
2008-06-30,31.022851943969727
2008-07-01,31.089754104614258
2008-07-02,30.450557708740234
2008-07-03,30.264745712280273
2008-07-07,30.056642532348633
2008-07-08,30.79244041442871
2008-07-09,30.019493103027344
2008-07-10,30.019493103027344
2008-07-11,29.789085388183594
2008-07-14,29.25394630432129
2008-07-15,29.03841209411621
2008-07-16,30.056642532348633
2008-07-17,30.673540115356445
2008-07-18,30.651233673095703
2008-07-21,30.621503829956055
2008-07-22,31.134336471557617
2008-07-23,31.416780471801758
2008-07-24,30.46541404724121
2008-07-25,30.495155334472656
2008-07-28,29.930286407470703
2008-07-29,30.807321548461914
2008-07-30,31.245826721191406
2008-07-31,30.866779327392578
2008-08-01,30.680965423583984
2008-08-04,30.480287551879883
2008-08-05,31.401901245117188
2008-08-06,31.520811080932617
2008-08-07,30.93366813659668
2008-08-08,31.795827865600586
2008-08-11,32.21204376220703
2008-08-12,31.72892951965332
2008-08-13,31.587709426879883
2008-08-14,31.959331512451172
2008-08-15,32.197181701660156
2008-08-18,31.654613494873047
2008-08-19,31.171485900878906
2008-08-20,31.25326156616211
2008-08-21,31.104623794555664
2008-08-22,31.70663070678711
2008-08-25,31.067459106445312
2008-08-26,31.11948013305664
2008-08-27,31.476228713989258
2008-08-28,32.048519134521484
2008-08-29,31.78097915649414
2008-09-02,31.810693740844727
2008-09-03,31.63232421875
2008-09-04,30.777589797973633
2008-09-05,31.06001853942871
2008-09-08,31.70663070678711
2008-09-09,30.57691192626953
2008-09-10,30.69583511352539
2008-09-11,31.089754104614258
2008-09-12,31.23096466064453
2008-09-15,29.930286407470703
2008-09-16,30.19786262512207
2008-09-17,28.82285499572754
2008-09-18,30.071516036987305
2008-09-19,31.20784568786621
2008-09-22,30.005809783935547
2008-09-23,29.54290771484375
2008-09-24,29.93113899230957
2008-09-25,29.90128517150879
2008-09-26,29.863948822021484
2008-09-29,27.549510955810547
2008-09-30,28.31849479675293
2008-10-01,28.27370262145996
2008-10-02,27.026887893676758
2008-10-03,26.34001350402832
2008-10-06,25.41422462463379
2008-10-07,23.704513549804688
2008-10-08,23.502933502197266
2008-10-09,21.800691604614258
2008-10-10,21.5095157623291
2008-10-13,23.891162872314453
2008-10-14,23.674657821655273
2008-10-15,21.5617733001709
2008-10-16,22.226245880126953
2008-10-17,21.875349044799805
2008-10-20,23.219219207763672
2008-10-21,22.420364379882812
2008-10-22,20.98689842224121
2008-10-23,20.852508544921875
2008-10-24,20.016321182250977
2008-10-27,19.03826904296875
2008-10-28,21.315399169921875
2008-10-29,21.233272552490234
2008-10-30,21.935070037841797
2008-10-31,22.397968292236328
2008-11-03,22.353166580200195
2008-11-04,23.23415756225586
2008-11-05,21.987342834472656
2008-11-06,20.845046997070312
2008-11-07,21.43485450744629
2008-11-10,21.03915023803711
2008-11-11,20.397079467773438
2008-11-12,19.366779327392578
2008-11-13,20.695724487304688
2008-11-14,19.747547149658203
2008-11-17,19.157726287841797
2008-11-18,19.120389938354492
2008-11-19,17.881040573120117
2008-11-20,16.664087295532227
2008-11-21,17.60480499267578
2008-11-24,18.874019622802734
2008-11-25,19.15025520324707
2008-11-26,20.031248092651367
2008-11-28,20.240299224853516
2008-12-01,18.40365982055664
2008-12-02,19.097993850708008
2008-12-03,19.620624542236328
2008-12-04,19.00840187072754
2008-12-05,19.74007797241211
2008-12-08,20.456806182861328
2008-12-09,20.202966690063477
2008-12-10,20.456806182861328
2008-12-11,19.91179656982422
2008-12-12,20.068580627441406
2008-12-15,19.69527244567871
2008-12-16,20.88983917236328
2008-12-17,20.77785301208496
2008-12-18,20.41201400756836
2008-12-19,20.52684783935547
2008-12-22,19.896400451660156
2008-12-23,19.60370445251465
2008-12-24,19.716272354125977
2008-12-26,19.97145652770996
2008-12-29,19.738794326782227
2008-12-30,20.361726760864258
2008-12-31,20.86458396911621
2009-01-02,21.577573776245117
2009-01-05,21.690153121948242
2009-01-06,22.193002700805664
2009-01-07,21.457494735717773
2009-01-08,21.630109786987305
2009-01-09,21.059720993041992
2009-01-12,20.376737594604492
2009-01-13,20.384246826171875
2009-01-14,19.61119842529297
2009-01-15,19.74629020690918
2009-01-16,20.01648712158203
2009-01-20,18.73308563232422
2009-01-21,19.641225814819336
2009-01-22,19.22092628479004
2009-01-23,19.40856170654297
2009-01-26,19.483610153198242
2009-01-27,19.74629020690918
2009-01-28,20.549354553222656
2009-01-29,19.74629020690918
2009-01-30,19.123363494873047
2009-02-02,19.07833480834961
2009-02-03,19.393543243408203
2009-02-04,19.288475036621094
2009-02-05,19.67123794555664
2009-02-06,20.271669387817383
2009-02-09,20.30919075012207
2009-02-10,19.228431701660156
2009-02-11,19.40105628967285
2009-02-12,19.491113662719727
2009-02-13,19.295982360839844
2009-02-17,18.297788619995117
2009-02-18,18.162683486938477
2009-02-19,17.91501235961914
2009-02-20,17.757410049438477
2009-02-23,17.06692886352539
2009-02-24,17.839967727661133
2009-02-25,17.629817962646484
2009-02-26,17.292081832885742
2009-02-27,16.97686004638672
2009-03-02,16.05372428894043
2009-03-03,15.888601303100586
2009-03-04,16.383947372436523
2009-03-05,15.633430480957031
2009-03-06,15.565882682800293
2009-03-09,15.45329761505127
2009-03-10,16.534046173095703
2009-03-11,16.624116897583008
2009-03-12,17.292081832885742
2009-03-13,17.487220764160156
2009-03-16,17.367136001586914
2009-03-17,17.96755599975586
2009-03-18,18.620512008666992
2009-03-19,18.44788932800293
2009-03-20,17.884241104125977
2009-03-23,19.372711181640625
2009-03-24,18.95713996887207
2009-03-25,19.168704986572266
2009-03-26,19.78070640563965
2009-03-27,19.36514663696289
2009-03-30,18.473587036132812
2009-03-31,18.715364456176758
2009-04-01,19.115816116333008
2009-04-02,19.954483032226562
2009-04-03,20.339824676513672
2009-04-06,20.045154571533203
2009-04-07,19.440702438354492
2009-04-08,19.84115219116211
2009-04-09,21.042499542236328
2009-04-13,21.102954864501953
2009-04-14,20.558942794799805
2009-04-15,20.936725616455078
2009-04-16,21.42028045654297
2009-04-17,21.76028823852539
2009-04-20,20.513607025146484
2009-04-21,21.118059158325195
2009-04-22,21.16339111328125
2009-04-23,21.405170440673828
2009-04-24,21.918960571289062
2009-04-27,21.518503189086914
2009-04-28,21.427841186523438
2009-04-29,22.100297927856445
2009-04-30,22.2136287689209
2009-05-01,22.32696533203125
2009-05-04,23.369646072387695
2009-05-05,23.33941650390625
2009-05-06,23.792766571044922
2009-05-07,23.248746871948242
2009-05-08,24.21587562561035
2009-05-11,23.505638122558594
2009-05-12,23.1580867767334
2009-05-13,22.138071060180664
2009-05-14,22.553630828857422
2009-05-15,22.23629379272461
2009-05-18,23.188310623168945
2009-05-19,23.233638763427734
2009-05-20,23.074975967407227
2009-05-21,22.614078521728516
2009-05-22,22.568744659423828
2009-05-26,23.28653335571289
2009-05-27,22.81808090209961
2009-05-28,23.14297103881836
2009-05-29,23.649206161499023
2009-06-01,24.502994537353516
2009-06-02,24.502994537353516
2009-06-03,23.966543197631836
2009-06-04,24.45766258239746
2009-06-05,24.450101852416992
2009-06-08,24.15542984008789
2009-06-09,24.397214889526367
2009-06-10,24.66165542602539
2009-06-11,24.42743682861328
2009-06-12,24.41233253479004
2009-06-15,23.686979293823242
2009-06-16,23.294092178344727
2009-06-17,23.173206329345703
2009-06-18,23.248746871948242
2009-06-19,23.419387817382812
2009-06-22,22.58515167236328
2009-06-23,22.57756996154785
2009-06-24,22.83542251586914
2009-06-25,23.411815643310547
2009-06-26,23.328384399414062
2009-06-29,23.57107162475586
2009-06-30,23.36629867553711
2009-07-01,23.517986297607422
2009-07-02,22.767169952392578
2009-07-06,22.698911666870117
2009-07-07,22.168031692504883
2009-07-08,22.08460807800293
2009-07-09,22.259042739868164
2009-07-10,22.183202743530273
2009-07-13,22.698911666870117
2009-07-14,22.94160270690918
2009-07-15,23.669668197631836
2009-07-16,23.935094833374023
2009-07-17,23.882017135620117
2009-07-20,24.268798828125
2009-07-21,24.253633499145508
2009-07-22,24.32947540283203
2009-07-23,25.01203727722168
2009-07-24,25.201637268066406
2009-07-27,25.368486404418945
2009-07-28,25.27747917175293
2009-07-29,25.110628128051758
2009-07-30,25.50499725341797
2009-07-31,25.5125789642334
2009-08-03,26.051040649414062
2009-08-04,26.210302352905273
2009-08-05,26.164806365966797
2009-08-06,26.028295516967773
2009-08-07,26.62743377685547
2009-08-10,26.48332405090332
2009-08-11,26.126890182495117
2009-08-12,26.490917205810547
2009-08-13,26.756359100341797
2009-08-14,26.407495498657227
2009-08-17,25.66425895690918
2009-08-18,25.96761131286621
2009-08-19,26.149629592895508
2009-08-20,26.4529972076416
2009-08-21,27.01421356201172
2009-08-24,26.93837547302246
2009-08-25,27.090059280395508
2009-08-26,27.17346954345703
2009-08-27,27.218963623046875
2009-08-28,27.31756591796875
2009-08-31,26.95353126525879
2009-09-01,26.2178955078125
2009-09-02,26.08896827697754
2009-09-03,26.4605712890625
2009-09-04,26.771526336669922
2009-09-08,27.08246421813965
2009-09-09,27.44649314880371
2009-09-10,27.810531616210938
2009-09-11,27.833274841308594
2009-09-14,28.07596778869629
2009-09-15,28.333829879760742
2009-09-16,28.88745880126953
2009-09-17,28.713035583496094
2009-09-18,28.75107192993164
2009-09-21,28.67497444152832
2009-09-22,28.872793197631836
2009-09-23,28.55324935913086
2009-09-24,28.081554412841797
2009-09-25,27.868511199951172
2009-09-28,28.446746826171875
2009-09-29,28.469560623168945
2009-09-30,28.378267288208008
2009-10-01,27.4729061126709
2009-10-02,27.320741653442383
2009-10-05,27.79244041442871
2009-10-06,28.188072204589844
2009-10-07,28.241321563720703
2009-10-08,28.58368492126465
2009-10-09,28.728235244750977
2009-10-12,28.849960327148438
2009-10-13,28.789104461669922
2009-10-14,29.321670532226562
2009-10-15,29.420581817626953
2009-10-16,29.169511795043945
2009-10-19,29.46623420715332
2009-10-20,29.253202438354492
2009-10-21,28.948863983154297
2009-10-22,29.34449577331543
2009-10-23,28.888015747070312
2009-10-26,28.515209197998047
2009-10-27,28.27174186706543
2009-10-28,27.4957332611084
2009-10-29,28.172840118408203
2009-10-30,27.32835578918457
2009-11-02,27.4957332611084
2009-11-03,27.739187240600586
2009-11-04,27.693538665771484
2009-11-05,28.317399978637695
2009-11-06,28.355440139770508
2009-11-09,29.10865020751953
2009-11-10,28.994539260864258
2009-11-11,29.169511795043945
2009-11-12,28.811931610107422
2009-11-13,28.994539260864258
2009-11-16,29.46623420715332
2009-11-17,29.473825454711914
2009-11-18,29.390138626098633
2009-11-19,28.926054000854492
2009-11-20,28.781503677368164
2009-11-23,29.101037979125977
2009-11-24,29.09343910217285
2009-11-25,29.329286575317383
2009-11-27,28.743452072143555
2009-11-30,28.842363357543945
2009-12-01,29.207542419433594
2009-12-02,29.37493324279785
2009-12-03,29.078210830688477
2009-12-04,29.37493324279785
2009-12-07,29.35211944580078
2009-12-08,29.101037979125977
2009-12-09,29.15428924560547
2009-12-10,29.36732292175293
2009-12-11,29.542312622070312
2009-12-14,29.91510581970215
2009-12-15,29.793373107910156
2009-12-16,29.92272186279297
2009-12-17,29.557531356811523
2009-12-18,29.68423843383789
2009-12-21,30.07351303100586
2009-12-22,30.226179122924805
2009-12-23,30.416980743408203
2009-12-24,30.56964683532715
2009-12-28,30.577280044555664
2009-12-29,30.50095558166504
2009-12-30,30.508594512939453
2009-12-31,30.172731399536133
2010-01-04,30.668874740600586
2010-01-05,30.84443473815918
2010-01-06,30.958919525146484
2010-01-07,31.111572265625
2010-01-08,31.218441009521484
2010-01-11,31.24132537841797
2010-01-12,30.88260269165039
2010-01-13,31.210796356201172
2010-01-14,31.25661277770996
2010-01-15,30.89022445678711
2010-01-19,31.32530403137207
2010-01-20,30.95130157470703
2010-01-21,30.43225860595703
2010-01-22,29.69186782836914
2010-01-25,29.875057220458984
2010-01-26,29.768190383911133
2010-01-27,29.85215187072754
2010-01-28,29.539213180541992
2010-01-29,29.172828674316406
2010-02-01,29.668954849243164
2010-02-02,30.119306564331055
2010-02-03,29.920866012573242
2010-02-04,28.92095184326172
2010-02-05,28.99728775024414
2010-02-08,28.77592658996582
2010-02-09,29.218618392944336
2010-02-10,29.149944305419922
2010-02-11,29.470510482788086
2010-02-12,29.44762420654297
2010-02-16,29.981922149658203
2010-02-17,30.172731399536133
2010-02-18,30.378835678100586
2010-02-19,30.51620864868164
2010-02-22,30.493316650390625
2010-02-23,30.058258056640625
2010-02-24,30.363554000854492
2010-02-25,30.416980743408203
2010-02-26,30.394092559814453
2010-03-01,30.897857666015625
2010-03-02,30.981821060180664
2010-03-03,31.081058502197266
2010-03-04,31.111572265625
2010-03-05,31.638235092163086
2010-03-08,31.69931411743164
2010-03-09,31.69931411743164
2010-03-10,31.91305160522461
2010-03-11,31.996990203857422
2010-03-12,32.012271881103516
2010-03-15,31.996990203857422
2010-03-16,32.325199127197266
2010-03-17,32.584716796875
2010-03-18,32.4397087097168
2010-03-19,32.27511215209961
2010-03-22,32.489463806152344
2010-03-23,32.74208450317383
2010-03-24,32.497108459472656
2010-03-25,32.359336853027344
2010-03-26,32.41292953491211
2010-03-29,32.6732063293457
2010-03-30,32.69615173339844
2010-03-31,32.58898162841797
2010-04-01,32.856929779052734
2010-04-05,33.28562545776367
2010-04-06,33.354522705078125
2010-04-07,33.1478157043457
2010-04-08,33.193756103515625
2010-04-09,33.43872833251953
2010-04-12,33.49232864379883
2010-04-13,33.54591369628906
2010-04-14,33.982261657714844
2010-04-15,33.982261657714844
2010-04-16,33.42341995239258
2010-04-19,33.43107986450195
2010-04-20,33.88273620605469
2010-04-21,33.95164108276367
2010-04-22,34.22723388671875
2010-04-23,34.5104866027832
2010-04-26,34.38798904418945
2010-04-27,33.46168518066406
2010-04-28,33.64543914794922
2010-04-29,34.11241912841797
2010-04-30,33.45404815673828
2010-05-03,33.943992614746094
2010-05-04,33.025325775146484
2010-05-05,32.78036880493164
2010-05-06,31.57846450805664
2010-05-07,31.07320785522461
2010-05-10,32.68084716796875
2010-05-11,32.56602478027344
2010-05-12,33.16313934326172
2010-05-13,32.757408142089844
2010-05-14,32.06076431274414
2010-05-17,32.09138488769531
2010-05-18,31.67033576965332
2010-05-19,31.387088775634766
2010-05-20,30.139266967773438
2010-05-21,30.63687515258789
2010-05-24,30.246427536010742
2010-05-25,30.33064079284668
2010-05-26,30.23878288269043
2010-05-27,31.364120483398438
2010-05-28,30.988996505737305
2010-06-01,30.23878288269043
2010-06-02,31.134462356567383
2010-06-03,31.318178176879883
2010-06-04,30.047388076782227
2010-06-07,29.55744743347168
2010-06-08,29.83303451538086
2010-06-09,29.802431106567383
2010-06-10,30.820581436157227
2010-06-11,31.027280807495117
2010-06-14,31.027280807495117
2010-06-15,31.815784454345703
2010-06-16,31.785171508789062
2010-06-17,31.785171508789062
2010-06-18,31.78440284729004
2010-06-21,31.638460159301758
2010-06-22,31.047021865844727
2010-06-23,30.962526321411133
2010-06-24,30.38644027709961
2010-06-25,30.56310272216797
2010-06-28,30.470916748046875
2010-06-29,29.37253761291504
2010-06-30,29.034568786621094
2010-07-01,28.97311019897461
2010-07-02,28.79645347595215
2010-07-06,28.873260498046875
2010-07-07,29.848766326904297
2010-07-08,30.156003952026367
2010-07-09,30.432512283325195
2010-07-12,30.371061325073242
2010-07-13,30.954824447631836
2010-07-14,30.893390655517578
2010-07-15,30.947158813476562
2010-07-16,29.971649169921875
2010-07-19,30.209768295288086
2010-07-20,30.655269622802734
2010-07-21,30.186721801757812
2010-07-22,30.947158813476562
2010-07-23,31.323532104492188
2010-07-26,31.75368309020996
2010-07-27,31.577011108398438
2010-07-28,31.292810440063477
2010-07-29,31.139192581176758
2010-07-30,31.16991424560547
2010-08-02,31.86888885498047
2010-08-03,31.60772705078125
2010-08-04,31.884254455566406
2010-08-05,31.838171005249023
2010-08-06,31.692237854003906
2010-08-09,31.914960861206055
2010-08-10,31.661487579345703
2010-08-11,30.670642852783203
2010-08-12,30.486295700073242
2010-08-13,30.37874984741211
2010-08-16,30.355710983276367
2010-08-17,30.854997634887695
2010-08-18,30.916433334350586
2010-08-19,30.37874984741211
2010-08-20,30.31730842590332
2010-08-23,30.163679122924805
2010-08-24,29.718177795410156
2010-08-25,29.833406448364258
2010-08-26,29.641368865966797
2010-08-27,30.179048538208008
2010-08-30,29.69513511657715
2010-08-31,29.687442779541016
2010-09-01,30.616867065429688
2010-09-02,31.016286849975586
2010-09-03,31.454097747802734
2010-09-07,31.054685592651367
2010-09-08,31.26207733154297
2010-09-09,31.36960792541504
2010-09-10,31.538602828979492
2010-09-13,31.914960861206055
2010-09-14,31.92266273498535
2010-09-15,32.03018569946289
2010-09-16,31.96106719970703
2010-09-17,32.00196838378906
2010-09-20,32.588584899902344
2010-09-21,32.41877746582031
2010-09-22,32.20265579223633
2010-09-23,31.95568084716797
2010-09-24,32.69664764404297
2010-09-27,32.573158264160156
2010-09-28,32.80471420288086
2010-09-29,32.76612091064453
2010-09-30,32.712093353271484
2010-10-01,32.80471420288086
2010-10-04,32.54227828979492
2010-10-05,33.236976623535156
2010-10-06,33.12118911743164
2010-10-07,33.10575485229492
2010-10-08,33.360477447509766
2010-10-11,33.45310974121094
2010-10-12,33.56886672973633
2010-10-13,33.83902359008789
2010-10-14,33.669227600097656
2010-10-15,33.70008850097656
2010-10-18,33.815895080566406
2010-10-19,33.32188034057617
2010-10-20,33.653785705566406
2010-10-21,33.67695236206055
2010-10-22,33.800437927246094
2010-10-25,33.923954010009766
2010-10-26,33.862178802490234
2010-10-27,33.77729415893555
2010-10-28,33.7541389465332
2010-10-29,33.87763214111328
2010-11-01,33.82358932495117
2010-11-02,34.14778518676758
2010-11-03,34.232696533203125
2010-11-04,34.92737579345703
2010-11-05,35.10490036010742
2010-11-08,35.066322326660156
2010-11-09,34.71897506713867
2010-11-10,34.865638732910156
2010-11-11,34.85020446777344
2010-11-12,34.3870849609375
2010-11-15,34.33303451538086
2010-11-16,33.74642562866211
2010-11-17,33.82358932495117
2010-11-18,34.30987548828125
2010-11-19,34.471961975097656
2010-11-22,34.52600860595703
2010-11-23,34.04743957519531
2010-11-24,34.63406753540039
2010-11-26,34.37934875488281
2010-11-29,34.2944450378418
2010-11-30,34.15549850463867
2010-12-01,34.91964340209961
2010-12-02,35.429115295410156
2010-12-03,35.56803512573242
2010-12-06,35.54486846923828
2010-12-07,35.55259704589844
2010-12-08,35.645233154296875
2010-12-09,35.79959487915039
2010-12-10,36.031166076660156
2010-12-13,35.97712326049805
2010-12-14,35.97712326049805
2010-12-15,35.83047103881836
2010-12-16,36.08519744873047
2010-12-17,36.21754837036133
2010-12-20,36.33367156982422
2010-12-21,36.589111328125
2010-12-22,36.67423629760742
2010-12-23,36.589111328125
2010-12-27,36.6123161315918
2010-12-28,36.6123161315918
2010-12-29,36.627803802490234
2010-12-30,36.64325714111328
2010-12-31,36.62004470825195
2011-01-03,36.99160385131836
2011-01-04,36.81358337402344
2011-01-05,37.007083892822266
2011-01-06,36.92967224121094
2011-01-07,36.86000442504883
2011-01-10,36.84453201293945
2011-01-11,37.0225715637207
2011-01-12,37.36314392089844
2011-01-13,37.31669616699219
2011-01-14,37.53342819213867
2011-01-18,37.695987701416016
2011-01-19,37.20059585571289
2011-01-20,37.12318420410156
2011-01-21,37.13093566894531
2011-01-24,37.37089920043945
2011-01-25,37.34764862060547
2011-01-26,37.62632369995117
2011-01-27,37.804359436035156
2011-01-28,37.053524017333984
2011-01-31,37.39411163330078
2011-02-01,37.92819595336914
2011-02-02,37.85853958129883
2011-02-03,38.05976867675781
2011-02-04,38.2378044128418
2011-02-07,38.48551559448242
2011-02-08,38.64805221557617
2011-02-09,38.55516815185547
2011-02-10,38.66355895996094
2011-02-11,38.96540832519531
2011-02-14,39.02733612060547
2011-02-15,38.888023376464844
2011-02-16,39.20536422729492
2011-02-17,39.39114761352539
2011-02-18,39.43758773803711
2011-02-22,38.50872802734375
2011-02-23,38.1604118347168
2011-02-24,38.1759033203125
2011-02-25,38.709991455078125
2011-02-28,38.89575958251953
2011-03-01,38.214595794677734
2011-03-02,38.3306999206543
2011-03-03,39.02733612060547
2011-03-04,38.771907806396484
2011-03-07,38.392616271972656
2011-03-08,38.748695373535156
2011-03-09,38.67900848388672
2011-03-10,37.9359245300293
2011-03-11,38.2920036315918
2011-03-14,38.052040100097656
2011-03-15,37.70372772216797
2011-03-16,37.076744079589844
2011-03-17,37.4792366027832
2011-03-18,37.70464324951172
2011-03-21,38.25650405883789
2011-03-22,38.0777473449707
2011-03-23,38.22542190551758
2011-03-24,38.637359619140625
2011-03-25,38.77727508544922
2011-03-28,38.62181854248047
2011-03-29,38.88607406616211
2011-03-30,39.25138473510742
2011-03-31,39.220298767089844
2011-04-01,39.42238998413086
2011-04-04,39.430171966552734
2011-04-05,39.53120803833008
2011-04-06,39.61669921875
2011-04-07,39.53120803833008
2011-04-08,39.290260314941406
2011-04-11,39.13480758666992
2011-04-12,38.87831115722656
2011-04-13,38.91716384887695
2011-04-14,38.963802337646484
2011-04-15,39.220298767089844
2011-04-18,38.73063278198242
2011-04-19,38.93272018432617
2011-04-20,39.5467643737793
2011-04-21,39.76438522338867
2011-04-25,39.70997619628906
2011-04-26,40.02865982055664
2011-04-27,40.23072814941406
2011-04-28,40.37064743041992
2011-04-29,40.44837951660156
2011-05-02,40.37064743041992
2011-05-03,40.145240783691406
2011-05-04,39.85765838623047
2011-05-05,39.65557098388672
2011-05-06,39.81876754760742
2011-05-09,40.02865982055664
2011-05-10,40.4716796875
2011-05-11,40.0442008972168
2011-05-12,40.308467864990234
2011-05-13,39.9742431640625
2011-05-16,39.74106216430664
2011-05-17,39.671119689941406
2011-05-18,40.08305358886719
2011-05-19,40.184104919433594
2011-05-20,39.9043083190918
2011-05-23,39.3757438659668
2011-05-24,39.31357192993164
2011-05-25,39.445709228515625
2011-05-26,39.66333770751953
2011-05-27,39.85765838623047
2011-05-31,40.199649810791016
2011-06-01,39.25138473510742
2011-06-02,39.2125358581543
2011-06-03,38.72286605834961
2011-06-06,38.22542190551758
2011-06-07,38.31869125366211
2011-06-08,38.038875579833984
2011-06-09,38.31869125366211
2011-06-10,37.75128936767578
2011-06-13,37.72798156738281
2011-06-14,38.3342399597168
2011-06-15,37.65023422241211
2011-06-16,37.65023422241211
2011-06-17,37.81401062011719
2011-06-20,38.07135009765625
2011-06-21,38.67961120605469
2011-06-22,38.461273193359375
2011-06-23,38.38328170776367
2011-06-24,37.962181091308594
2011-06-27,38.21951675415039
2011-06-28,38.765403747558594
2011-06-29,39.10853958129883
2011-06-30,39.47504806518555
2011-07-01,40.075531005859375
2011-07-05,39.981937408447266
2011-07-06,40.00533676147461
2011-07-07,40.48882293701172
2011-07-08,40.13010787963867
2011-07-11,39.28007888793945
2011-07-12,39.11632537841797
2011-07-13,39.20210647583008
2011-07-14,38.80439758300781
2011-07-15,39.02274703979492
2011-07-18,38.55483627319336
2011-07-19,39.23332977294922
2011-07-20,39.21771240234375
2011-07-21,39.732398986816406
2011-07-22,39.77137756347656
2011-07-25,39.52183532714844
2011-07-26,39.34248733520508
2011-07-27,38.40667724609375
2011-07-28,38.235107421875
2011-07-29,38.04795455932617
2011-08-01,37.7594108581543
2011-08-02,36.613059997558594
2011-08-03,36.83921813964844
2011-08-04,34.8896484375
2011-08-05,34.75707244873047
2011-08-08,32.20703125
2011-08-09,33.83687973022461
2011-08-10,32.38638687133789
2011-08-11,34.04741668701172
2011-08-12,34.234588623046875
2011-08-15,35.069007873535156
2011-08-16,34.65568923950195
2011-08-17,34.593318939208984
2011-08-18,32.91667938232422
2011-08-19,32.37079620361328
2011-08-22,32.417572021484375
2011-08-23,33.59511947631836
2011-08-24,34.10201644897461
2011-08-25,33.45475387573242
2011-08-26,34.05522918701172
2011-08-29,35.23277282714844
2011-08-30,35.38093566894531
2011-08-31,35.63047409057617
2011-09-01,35.139198303222656
2011-09-02,34.11759567260742
2011-09-06,33.89145278930664
2011-09-07,35.022216796875
2011-09-08,34.55431365966797
2011-09-09,33.6107177734375
2011-09-12,33.82128143310547
2011-09-13,34.22677993774414
2011-09-14,34.75707244873047
2011-09-15,35.33414840698242
2011-09-16,35.482879638671875
2011-09-19,35.02104187011719
2011-09-20,34.872310638427734
2011-09-21,33.63554763793945
2011-09-22,32.51618957519531
2011-09-23,32.743194580078125
2011-09-26,33.55727767944336
2011-09-27,34.01126480102539
2011-09-28,33.07195281982422
2011-09-29,33.34590530395508
2011-09-30,32.40659713745117
2011-10-03,31.224613189697266
2011-10-04,32.14043426513672
2011-10-05,32.868438720703125
2011-10-06,33.627716064453125
2011-10-07,33.25196838378906
2011-10-10,34.410484313964844
2011-10-11,34.45744705200195
2011-10-12,34.82535934448242
2011-10-13,34.72359848022461
2011-10-14,35.326316833496094
2011-10-17,34.52006530761719
2011-10-18,35.34196853637695
2011-10-19,34.89580154418945
2011-10-20,35.060184478759766
2011-10-21,35.90556335449219
2011-10-24,36.57876205444336
2011-10-25,35.74901580810547
2011-10-26,36.1403923034668
2011-10-27,37.60417556762695
2011-10-28,37.62765884399414
2011-10-31,36.64136505126953
2011-11-01,35.5063591003418
2011-11-02,36.179542541503906
2011-11-03,36.89968490600586
2011-11-04,36.7587890625
2011-11-07,36.930992126464844
2011-11-08,37.34585952758789
2011-11-09,35.8116340637207
2011-11-10,36.132568359375
2011-11-11,36.930992126464844
2011-11-14,36.59440994262695
2011-11-15,36.75094985961914
2011-11-16,36.116912841796875
2011-11-17,35.43592071533203
2011-11-18,35.36546325683594
2011-11-21,34.71575927734375
2011-11-22,34.52006530761719
2011-11-23,33.698177337646484
2011-11-25,33.627716064453125
2011-11-28,34.6844482421875
2011-11-29,34.75489807128906
2011-11-30,36.3204460144043
2011-12-01,36.29694747924805
2011-12-02,36.25782012939453
2011-12-05,36.688323974609375
2011-12-06,36.66484832763672
2011-12-07,36.711822509765625
2011-12-08,35.788150787353516
2011-12-09,36.46133804321289
2011-12-12,35.88991165161133
2011-12-13,35.34981155395508
2011-12-14,34.942771911621094
2011-12-15,35.107154846191406
2011-12-16,35.19832229614258
2011-12-19,34.71097946166992
2011-12-20,35.858585357666016
2011-12-21,35.992225646972656
2011-12-22,36.40095138549805
2011-12-23,36.69178009033203
2011-12-27,36.67605209350586
2011-12-28,36.157257080078125
2011-12-29,36.54243469238281
2011-12-30,36.37738037109375
2012-01-03,36.935455322265625
2012-01-04,36.90400314331055
2012-01-05,37.0533561706543
2012-01-06,37.006195068359375
2012-01-09,37.108367919921875
2012-01-10,37.587833404541016
2012-01-11,37.64286422729492
2012-01-12,37.80006790161133
2012-01-13,37.572113037109375
2012-01-17,37.65073776245117
2012-01-18,38.20094680786133
2012-01-19,38.49177169799805
2012-01-20,38.444610595703125
2012-01-23,38.468196868896484
2012-01-24,38.53108215332031
2012-01-25,38.91622543334961
2012-01-26,38.6568489074707
2012-01-27,38.672576904296875
2012-01-30,38.452476501464844
2012-01-31,38.444610595703125
2012-02-01,38.94766616821289
2012-02-02,39.002689361572266
2012-02-03,39.64723205566406
2012-02-06,39.58435821533203
2012-02-07,39.66295623779297
2012-02-08,39.788726806640625
2012-02-09,39.83588790893555
2012-02-10,39.529335021972656
2012-02-13,39.76515197753906
2012-02-14,39.70225143432617
2012-02-15,39.58435821533203
2012-02-16,40.079559326171875
2012-02-17,40.189598083496094
2012-02-21,40.07170486450195
2012-02-22,39.89091110229492
2012-02-23,40.12671661376953
2012-02-24,40.17388153076172
2012-02-27,40.221038818359375
2012-02-28,40.260337829589844
2012-02-29,39.985233306884766
2012-03-01,40.228904724121094
2012-03-02,40.040252685546875
2012-03-05,39.788726806640625
2012-03-06,39.09703063964844
2012-03-07,39.41929244995117
2012-03-08,39.89091110229492
2012-03-09,40.158164978027344
2012-03-12,40.05596923828125
2012-03-13,40.8105583190918
2012-03-14,40.7083854675293
2012-03-15,41.038509368896484
2012-03-16,41.08661651611328
2012-03-19,41.197044372558594
2012-03-20,40.99196243286133
2012-03-21,40.94465255737305
2012-03-22,40.58970260620117
2012-03-23,40.75533676147461
2012-03-26,41.268043518066406
2012-03-27,41.173397064208984
2012-03-28,40.8342399597168
2012-03-29,40.7947883605957
2012-03-30,40.91310501098633
2012-04-02,41.22859573364258
2012-04-03,41.07874298095703
2012-04-04,40.605499267578125
2012-04-05,40.48716354370117
2012-04-09,39.95869445800781
2012-04-10,39.22514724731445
2012-04-11,39.58797836303711
2012-04-12,40.234764099121094
2012-04-13,39.76150131225586
2012-04-16,39.76939392089844
2012-04-17,40.32940673828125
2012-04-18,40.16378402709961
2012-04-19,39.998146057128906
2012-04-20,40.06912612915039
2012-04-23,39.6431884765625
2012-04-24,39.793060302734375
2012-04-25,40.28208541870117
2012-04-26,40.605499267578125
2012-04-27,40.72380065917969
2012-04-30,40.605499267578125
2012-05-01,40.86577224731445
2012-05-02,40.75533676147461
2012-05-03,40.345184326171875
2012-05-04,39.70628356933594
2012-05-07,39.6668701171875
2012-05-08,39.43810272216797
2012-05-09,39.2724723815918
2012-05-10,39.296119689941406
2012-05-11,39.248809814453125
2012-05-14,38.78343963623047
2012-05-15,38.50736999511719
2012-05-16,38.254981994628906
2012-05-17,37.505645751953125
2012-05-18,37.15069580078125
2012-05-21,37.89213943481445
2012-05-22,37.963130950927734
2012-05-23,38.089332580566406
2012-05-24,38.12875747680664
2012-05-25,38.12875747680664
2012-05-29,38.5941276550293
2012-05-30,37.89213943481445
2012-05-31,37.76594161987305
2012-06-01,36.71686935424805
2012-06-04,36.63800048828125
2012-06-05,37.00082015991211
2012-06-06,37.88425827026367
2012-06-07,37.84481430053711
2012-06-08,38.13664627075195
2012-06-11,37.552982330322266
2012-06-12,37.994686126708984
2012-06-13,37.6555061340332
2012-06-14,38.03411102294922
2012-06-15,38.471351623535156
2012-06-18,38.57432556152344
2012-06-19,39.04164123535156
2012-06-20,38.99412536621094
2012-06-21,37.988182067871094
2012-06-22,38.27332305908203
2012-06-25,37.59212875366211
2012-06-26,37.79807662963867
2012-06-27,38.15452575683594
2012-06-28,38.17034912109375
2012-06-29,39.22380828857422
2012-07-02,39.318878173828125
2012-07-03,39.6753044128418
2012-07-05,39.50897979736328
2012-07-06,39.073333740234375
2012-07-09,38.851539611816406
2012-07-10,38.439674377441406
2012-07-11,38.447593688964844
2012-07-12,38.22578811645508
2012-07-13,38.8357048034668
2012-07-16,38.68522644042969
2012-07-17,38.962440490722656
2012-07-18,39.30302810668945
2012-07-19,39.42975616455078
2012-07-20,38.99412536621094
2012-07-23,38.52677536010742
2012-07-24,38.10698699951172
2012-07-25,38.122825622558594
2012-07-26,38.78817367553711
2012-07-27,39.596092224121094
2012-07-30,39.55651092529297
2012-07-31,39.27135467529297
2012-08-01,39.12876510620117
2012-08-02,38.827781677246094
2012-08-03,39.64362335205078
2012-08-06,39.83372497558594
2012-08-07,40.229759216308594
2012-08-08,40.34064483642578
2012-08-09,40.404029846191406
2012-08-10,40.459476470947266
2012-08-13,40.41193771362305
2012-08-14,40.332740783691406
2012-08-15,40.483238220214844
2012-08-16,40.83174133300781
2012-08-17,40.91095733642578
2012-08-20,40.87135314941406
2012-08-21,40.83174133300781
2012-08-22,40.77630615234375
2012-08-23,40.404029846191406
2012-08-24,40.61787033081055
2012-08-27,40.538673400878906
2012-08-28,40.51490783691406
2012-08-29,40.60996627807617
2012-08-30,40.29313278198242
2012-08-31,40.47529220581055
2012-09-04,40.44362258911133
2012-09-05,40.404029846191406
2012-09-06,41.27531433105469
2012-09-07,41.560455322265625
2012-09-10,41.34659957885742
2012-09-11,41.576297760009766
2012-09-12,41.734718322753906
2012-09-13,42.34462356567383
2012-09-14,42.669376373291016
2012-09-17,42.36046600341797
2012-09-18,42.225807189941406
2012-09-19,42.32083511352539
2012-09-20,42.209964752197266
2012-09-21,42.19247817993164
2012-09-24,42.05727767944336
2012-09-25,41.51655960083008
2012-09-26,41.25415802001953
2012-09-27,41.627899169921875
2012-09-28,41.492706298828125
2012-10-01,41.548370361328125
2012-10-02,41.627899169921875
2012-10-03,41.71536636352539
2012-10-04,42.089088439941406
2012-10-05,42.12089920043945
2012-10-08,42.02548599243164
2012-10-09,41.627899169921875
2012-10-10,41.34162139892578
2012-10-11,41.51655960083008
2012-10-12,41.31776809692383
2012-10-15,41.61993408203125
2012-10-16,42.10499572753906
2012-10-17,42.335601806640625
2012-10-18,42.35150909423828
2012-10-19,41.67560577392578
2012-10-22,41.6437873840332
2012-10-23,41.150787353515625
2012-10-24,40.95197296142578
2012-10-25,41.11102294921875
2012-10-26,41.071266174316406
2012-10-31,41.150787353515625
2012-11-01,41.73921203613281
2012-11-02,41.33367919921875
2012-11-05,41.48474884033203
2012-11-06,41.850547790527344
2012-11-07,40.99967575073242
2012-11-08,40.45896911621094
2012-11-09,40.48283004760742
2012-11-12,40.514625549316406
2012-11-13,40.38739776611328
2012-11-14,39.8387336730957
2012-11-15,39.8387336730957
2012-11-16,40.06930923461914
2012-11-19,40.79294967651367
2012-11-20,40.81679916381836
2012-11-21,40.9122314453125
2012-11-23,41.405250549316406
2012-11-26,41.28595733642578
2012-11-27,41.126930236816406
2012-11-28,41.492706298828125
2012-11-29,41.627899169921875
2012-11-30,41.67560577392578
2012-12-03,41.50065231323242
2012-12-04,41.46089553833008
2012-12-05,41.627899169921875
2012-12-06,41.7471809387207
2012-12-07,41.95391845703125
2012-12-10,42.049346923828125
2012-12-11,42.28789138793945
2012-12-12,42.31174087524414
2012-12-13,42.09703826904297
2012-12-14,42.01752471923828
2012-12-17,42.518489837646484
2012-12-18,43.0512809753418
2012-12-19,42.844512939453125
2012-12-20,43.0512809753418
2012-12-21,42.724342346191406
2012-12-24,42.580467224121094
2012-12-26,42.34065246582031
2012-12-27,42.25273513793945
2012-12-28,41.82108688354492
2012-12-31,42.62042236328125
2013-01-02,43.64356994628906
2013-01-03,43.619598388671875
2013-01-04,43.9713020324707
2013-01-07,43.803436279296875
2013-01-08,43.619598388671875
2013-01-09,43.7714729309082
2013-01-10,44.035240173339844
2013-01-11,44.05124282836914
2013-01-14,44.075218200683594
2013-01-15,44.25905990600586
2013-01-16,44.19511413574219
2013-01-17,44.586788177490234
2013-01-18,44.71468734741211
2013-01-22,45.04240036010742
2013-01-23,44.99444580078125
2013-01-24,45.194278717041016
2013-01-25,45.522003173828125
2013-01-28,45.4180793762207
2013-01-29,45.54597854614258
2013-01-30,45.41010284423828
2013-01-31,45.39411163330078
2013-02-01,45.80977249145508
2013-02-04,45.354148864746094
2013-02-05,45.737831115722656
2013-02-06,45.88970947265625
2013-02-07,45.79378128051758
2013-02-08,46.01759338378906
2013-02-11,46.0335693359375
2013-02-12,46.18544387817383
2013-02-13,46.19344711303711
2013-02-14,46.30535888671875
2013-02-15,46.26539993286133
2013-02-19,46.585121154785156
2013-02-20,45.841732025146484
2013-02-21,45.4180793762207
2013-02-22,45.86572265625
2013-02-25,44.95448303222656
2013-02-26,45.25822448730469
2013-02-27,45.88970947265625
2013-02-28,45.833763122558594
2013-03-01,46.02559280395508
2013-03-04,46.20144271850586
2013-03-05,46.689029693603516
2013-03-06,46.736995697021484
2013-03-07,46.87288284301758
2013-03-08,47.1766242980957
2013-03-11,47.320499420166016
2013-03-12,47.31250762939453
2013-03-13,47.43241500854492
2013-03-14,47.70418930053711
2013-03-15,47.64162063598633
2013-03-18,47.32883071899414
2013-03-19,47.1363410949707
2013-03-20,47.53736114501953
2013-03-21,47.11227035522461
2013-03-22,47.35289764404297
2013-03-25,47.256622314453125
2013-03-26,47.601524353027344
2013-03-27,47.601524353027344
2013-03-28,47.83412551879883
2013-04-01,47.585487365722656
2013-04-02,47.585487365722656
2013-04-03,47.04811477661133
2013-04-04,47.29674530029297
2013-04-05,47.12831497192383
2013-04-08,47.53736114501953
2013-04-09,47.71380615234375
2013-04-10,48.28326416015625
2013-04-11,48.52387237548828
2013-04-12,48.3233642578125
2013-04-15,47.04010772705078
2013-04-16,47.74587631225586
2013-04-17,46.959877014160156
2013-04-18,46.735313415527344
2013-04-19,47.1603889465332
2013-04-22,47.36893081665039
2013-04-23,47.85817337036133
2013-04-24,48.08274459838867
2013-04-25,48.347415924072266
2013-04-26,48.187015533447266
2013-04-29,48.459712982177734
2013-04-30,48.64418029785156
2013-05-01,48.14690399169922
2013-05-02,48.64418029785156
2013-05-03,49.221656799316406
2013-05-06,49.39009475708008
2013-05-07,49.70289611816406
2013-05-08,49.94350051879883
2013-05-09,49.799137115478516
2013-05-10,50.111934661865234
2013-05-13,50.047767639160156
2013-05-14,50.63325500488281
2013-05-15,50.96209716796875
2013-05-16,50.64128875732422
2013-05-17,51.226783752441406
2013-05-20,51.25083541870117
2013-05-21,51.2989616394043
2013-05-22,50.665340423583984
2013-05-23,50.593162536621094
2013-05-24,50.424720764160156
2013-05-28,50.777626037597656
2013-05-29,50.41671371459961
2013-05-30,50.6573371887207
2013-05-31,49.951515197753906
2013-06-03,50.07183074951172
2013-06-04,49.8392333984375
2013-06-05,49.1093635559082
2013-06-06,49.566524505615234
2013-06-07,50.2723274230957
2013-06-10,50.24827575683594
2013-06-11,49.69486618041992
2013-06-12,49.20561218261719
2013-06-13,50.087860107421875
2013-06-14,49.82319259643555
2013-06-17,50.24025344848633
2013-06-18,50.63325500488281
2013-06-19,49.89537048339844
2013-06-20,48.62813949584961
2013-06-21,48.71671676635742
2013-06-24,48.1127815246582
2013-06-25,48.668399810791016
2013-06-26,49.10323715209961
2013-06-27,49.57026672363281
2013-06-28,49.336753845214844
2013-07-01,49.771583557128906
2013-07-02,49.64273452758789
2013-07-03,49.60248565673828
2013-07-05,50.1661376953125
2013-07-08,50.3916130065918
2013-07-09,50.81838607788086
2013-07-10,50.89085388183594
2013-07-11,51.63168716430664
2013-07-12,51.76050567626953
2013-07-15,51.88129425048828
2013-07-16,51.62362289428711
2013-07-17,51.74440383911133
2013-07-18,52.12286376953125
2013-07-19,52.21949005126953
2013-07-22,52.33222198486328
2013-07-23,52.21142578125
2013-07-24,51.841033935546875
2013-07-25,52.114810943603516
2013-07-26,52.09870147705078
2013-07-29,51.913516998291016
2013-07-30,52.01818084716797
2013-07-31,52.114810943603516
2013-08-01,52.879783630371094
2013-08-02,52.9603157043457
2013-08-05,52.920047760009766
2013-08-06,52.58989715576172
2013-08-07,52.32417678833008
2013-08-08,52.63015365600586
2013-08-09,52.56574249267578
2013-08-12,52.52548599243164
2013-08-13,52.58989715576172
2013-08-14,52.31612777709961
2013-08-15,51.51893997192383
2013-08-16,51.36593246459961
2013-08-19,50.94722366333008
2013-08-20,51.357887268066406
2013-08-21,51.00359344482422
2013-08-22,51.5350341796875
2013-08-23,51.71219253540039
2013-08-26,51.5430908203125
2013-08-27,50.57681655883789
2013-08-28,50.713714599609375
2013-08-29,50.85865783691406
2013-08-30,50.59291458129883
2013-09-03,50.89085388183594
2013-09-04,51.36593246459961
2013-09-05,51.50282669067383
2013-09-06,51.551151275634766
2013-09-09,52.15507507324219
2013-09-10,52.606021881103516
2013-09-11,52.75899887084961
2013-09-12,52.53353500366211
2013-09-13,52.702640533447266
2013-09-16,53.07305145263672
2013-09-17,53.322662353515625
2013-09-18,53.97490310668945
2013-09-19,53.84607696533203
2013-09-20,53.39122772216797
2013-09-23,53.116580963134766
2013-09-24,53.116580963134766
2013-09-25,52.97924041748047
2013-09-26,53.156959533691406
2013-09-27,52.83382034301758
2013-09-30,52.67223358154297
2013-10-01,53.10042190551758
2013-10-02,53.08426284790039
2013-10-03,52.60761642456055
2013-10-04,53.01963424682617
2013-10-07,52.55107116699219
2013-10-08,51.85631561279297
2013-10-09,51.86439514160156
2013-10-10,53.03577423095703
2013-10-11,53.383174896240234
2013-10-14,53.55282211303711
2013-10-15,53.076175689697266
2013-10-16,53.827491760253906
2013-10-17,54.28794479370117
2013-10-18,54.53839111328125
2013-10-21,54.56262969970703
2013-10-22,54.94233322143555
2013-10-23,54.635345458984375
2013-10-24,54.78884506225586
2013-10-25,55.06351089477539
2013-10-28,55.071590423583984
2013-10-29,55.43513107299805
2013-10-30,55.03120040893555
2013-10-31,54.92617416381836
2013-11-01,55.095821380615234
2013-11-04,55.38665008544922
2013-11-05,55.17658996582031
2013-11-06,55.2816276550293
2013-11-07,54.49801254272461
2013-11-08,55.20083999633789
2013-11-11,55.289695739746094
2013-11-12,55.128143310546875
2013-11-13,55.66132736206055
2013-11-14,55.95215606689453
2013-11-15,56.186424255371094
2013-11-18,55.87944030761719
2013-11-19,55.629005432128906
2013-11-20,55.475502014160156
2013-11-21,55.9602165222168
2013-11-22,56.186424255371094
2013-11-25,56.06524658203125
2013-11-26,56.11371994018555
2013-11-27,56.23491287231445
2013-11-29,56.146026611328125
2013-12-02,56.024845123291016
2013-12-03,55.830970764160156
2013-12-04,55.74211120605469
2013-12-05,55.54823303222656
2013-12-06,56.178348541259766
2013-12-09,56.23491287231445
2013-12-10,56.10565948486328
2013-12-11,55.378562927246094
2013-12-12,55.26545715332031
2013-12-13,55.32204055786133
2013-12-16,55.72597122192383
2013-12-17,55.66132736206055
2013-12-18,56.4853401184082
2013-12-19,56.396484375
2013-12-20,56.849700927734375
2013-12-23,57.12531661987305
2013-12-24,57.303688049316406
2013-12-26,57.498268127441406
2013-12-27,57.51449966430664
2013-12-30,57.61989974975586
2013-12-31,57.76582336425781
2014-01-02,57.238834381103516
2014-01-03,57.190185546875
2014-01-06,57.0118293762207
2014-01-07,57.352325439453125
2014-01-08,57.44154357910156
2014-01-09,57.506385803222656
2014-01-10,57.757728576660156
2014-01-13,56.93074417114258
2014-01-14,57.58744812011719
2014-01-15,57.798248291015625
2014-01-16,57.74150085449219
2014-01-17,57.54695510864258
2014-01-21,57.72526931762695
2014-01-22,57.863121032714844
2014-01-23,57.29559326171875
2014-01-24,55.97406005859375
2014-01-27,55.706539154052734
2014-01-28,56.209205627441406
2014-01-29,55.69841003417969
2014-01-30,56.322689056396484
2014-01-31,56.055145263671875
2014-02-03,54.6768684387207
2014-02-04,55.13089370727539
2014-02-05,55.033573150634766
2014-02-06,55.82814025878906
2014-02-07,56.51725769042969
2014-02-10,56.61455535888672
2014-02-11,57.190185546875
2014-02-12,57.26316452026367
2014-02-13,57.61989974975586
2014-02-14,57.91176986694336
2014-02-18,58.12253952026367
2014-02-19,57.863121032714844
2014-02-20,58.27656936645508
2014-02-21,58.309017181396484
2014-02-24,58.617103576660156
2014-02-25,58.5684700012207
2014-02-26,58.64143753051758
2014-02-27,58.88466262817383
2014-02-28,59.04681396484375
2014-03-03,58.633331298828125
2014-03-04,59.50893020629883
2014-03-05,59.476505279541016
2014-03-06,59.63053512573242
2014-03-07,59.63053512573242
2014-03-10,59.49273681640625
2014-03-11,59.184627532958984
2014-03-12,59.20895004272461
2014-03-13,58.536041259765625
2014-03-14,58.50362014770508
2014-03-17,58.99003219604492
2014-03-18,59.44407653808594
2014-03-19,59.119747161865234
2014-03-20,59.371089935302734
2014-03-21,59.28319549560547
2014-03-24,58.8599853515625
2014-03-25,59.055320739746094
2014-03-26,58.59954071044922
2014-03-27,58.485595703125
2014-03-28,58.86813735961914
2014-03-31,59.40528869628906
2014-04-01,59.90175247192383
2014-04-02,60.13779067993164
2014-04-03,60.064544677734375
2014-04-04,59.38087844848633
2014-04-07,58.59141540527344
2014-04-08,58.90882110595703
2014-04-09,59.47853088378906
2014-04-10,58.233299255371094
2014-04-11,57.57406997680664
2014-04-14,58.08681106567383
2014-04-15,58.453041076660156
2014-04-16,59.055320739746094
2014-04-17,59.16114044189453
2014-04-21,59.31575012207031
2014-04-22,59.5843391418457
2014-04-23,59.53549575805664
2014-04-24,59.61689758300781
2014-04-25,59.07158660888672
2014-04-28,59.055320739746094
2014-04-29,59.31575012207031
2014-04-30,59.63315200805664
2014-05-01,59.657596588134766
2014-05-02,59.61689758300781
2014-05-05,59.69828796386719
2014-05-06,59.193687438964844
2014-05-07,59.55180358886719
2014-05-08,59.47039794921875
2014-05-09,59.55992126464844
2014-05-12,60.21917724609375
2014-05-13,60.19477462768555
2014-05-14,59.84476089477539
2014-05-15,59.33203887939453
2014-05-16,59.57617950439453
2014-05-19,59.79597091674805
2014-05-20,59.27506637573242
2014-05-21,59.70641326904297
2014-05-22,59.8855094909668
2014-05-23,60.19477462768555
2014-05-27,60.54471969604492
2014-05-28,60.4796257019043
2014-05-29,60.83769989013672
2014-05-30,60.91910171508789
2014-06-02,61.02492141723633
2014-06-03,61.008628845214844
2014-06-04,61.19583511352539
2014-06-05,61.61090850830078
2014-06-06,61.93647384643555
2014-06-09,62.02598190307617
2014-06-10,61.91202163696289
2014-06-11,61.692317962646484
2014-06-12,61.33417892456055
2014-06-13,61.54578399658203
2014-06-16,61.651615142822266
2014-06-17,61.93647384643555
2014-06-18,62.400394439697266
2014-06-19,62.48992156982422
2014-06-20,62.677799224853516
2014-06-23,62.62061309814453
2014-06-24,62.17133712768555
2014-06-25,62.465370178222656
2014-06-26,62.47356414794922
2014-06-27,62.636932373046875
2014-06-30,62.661441802978516
2014-07-01,62.98819351196289
2014-07-02,62.94732666015625
2014-07-03,63.306785583496094
2014-07-07,62.89832305908203
2014-07-08,62.57157516479492
2014-07-09,62.82481384277344
2014-07-10,62.530757904052734
2014-07-11,62.54709243774414
2014-07-14,62.76763916015625
2014-07-15,62.6124267578125
2014-07-16,62.82481384277344
2014-07-17,62.065155029296875
2014-07-18,62.66963577270508
2014-07-21,62.53889846801758
2014-07-22,62.81663513183594
2014-07-23,62.841148376464844
2014-07-24,62.97184371948242
2014-07-25,62.685943603515625
2014-07-28,62.69411087036133
2014-07-29,62.40003967285156
2014-07-30,62.39188003540039
2014-07-31,61.19926834106445
2014-08-01,61.068580627441406
2014-08-04,61.49333572387695
2014-08-05,60.92970657348633
2014-08-06,60.93785858154297
2014-08-07,60.59476089477539
2014-08-08,61.4034538269043
2014-08-11,61.583187103271484
2014-08-12,61.4525032043457
2014-08-13,61.86093521118164
2014-08-14,62.15497970581055
2014-08-15,62.130489349365234
2014-08-18,62.677799224853516
2014-08-19,63.012699127197266
2014-08-20,63.233238220214844
2014-08-21,63.33945083618164
2014-08-22,63.233238220214844
2014-08-25,63.54365158081055
2014-08-26,63.6008186340332
2014-08-27,63.568153381347656
2014-08-28,63.54365158081055
2014-08-29,63.772369384765625
2014-09-02,63.72337341308594
2014-09-03,63.772369384765625
2014-09-04,63.69068908691406
2014-09-05,63.97660446166992
2014-09-08,63.788719177246094
2014-09-09,63.33127212524414
2014-09-10,63.46196746826172
2014-09-11,63.576358795166016
2014-09-12,63.11886978149414
2014-09-15,62.98003387451172
2014-09-16,63.4129753112793
2014-09-17,63.47014236450195
2014-09-18,63.7070198059082
2014-09-19,63.56604766845703
2014-09-22,62.97588348388672
2014-09-23,62.53327178955078
2014-09-24,63.02507019042969
2014-09-25,62.09062957763672
2014-09-26,62.5250358581543
2014-09-29,62.410301208496094
2014-09-30,62.1234130859375
2014-10-01,61.29555130004883
2014-10-02,61.36112976074219
2014-10-03,61.967689514160156
2014-10-06,61.869319915771484
2014-10-07,60.86931610107422
2014-10-08,61.88568878173828
2014-10-09,60.50865936279297
2014-10-10,59.77093505859375
2014-10-13,58.754512786865234
2014-10-14,59.07419204711914
2014-10-15,58.844688415527344
2014-10-16,59.0332145690918
2014-10-17,59.68893051147461
2014-10-20,60.32012176513672
2014-10-21,61.57420349121094
2014-10-22,61.057823181152344
2014-10-23,61.787353515625
2014-10-24,62.22996520996094
2014-10-27,62.1234130859375
2014-10-28,62.91029739379883
2014-10-29,62.77916717529297
2014-10-30,63.229984283447266
2014-10-31,64.00045776367188
2014-11-03,64.01687622070312
2014-11-04,63.69719314575195
2014-11-05,64.18897247314453
2014-11-06,64.47587585449219
2014-11-07,64.55787658691406
2014-11-10,64.72176361083984
2014-11-11,64.7381820678711
2014-11-12,64.74639129638672
2014-11-13,64.62344360351562
2014-11-14,64.65621185302734
2014-11-17,64.74639129638672
2014-11-18,65.15620422363281
2014-11-19,65.01689147949219
2014-11-20,65.24639129638672
2014-11-21,65.63981628417969
2014-11-24,65.86933898925781
2014-11-25,65.82014465332031
2014-11-26,65.86114501953125
2014-11-28,65.70541381835938
2014-12-01,65.18902587890625
2014-12-02,65.54147338867188
2014-12-03,65.93489074707031
2014-12-04,65.79557037353516
2014-12-05,65.91852569580078
2014-12-08,65.42670440673828
2014-12-09,65.49229431152344
2014-12-10,64.41851806640625
2014-12-11,64.74639129638672
2014-12-12,63.738189697265625
2014-12-15,63.41850280761719
2014-12-16,63.02507019042969
2014-12-17,64.32013702392578
2014-12-18,65.7381820678711
2014-12-19,66.04685974121094
2014-12-22,66.31851959228516
2014-12-23,66.54072570800781
2014-12-24,66.54896545410156
2014-12-26,66.7136001586914
2014-12-29,66.89463806152344
2014-12-30,66.49955749511719
2014-12-31,65.89047241210938
2015-01-02,65.87400817871094
2015-01-05,64.56525421142578
2015-01-06,63.865577697753906
2015-01-07,64.63109588623047
2015-01-08,65.7669906616211
2015-01-09,65.23198699951172
2015-01-12,64.58169555664062
2015-01-13,64.4170913696289
2015-01-14,64.0796127319336
2015-01-15,63.48695373535156
2015-01-16,64.35945892333984
2015-01-20,64.39242553710938
2015-01-21,64.83685302734375
2015-01-22,65.74230194091797
2015-01-23,65.38836669921875
2015-01-26,65.70938110351562
2015-01-27,65.18258666992188
2015-01-28,64.1866226196289
2015-01-29,64.77922821044922
2015-01-30,63.96437072753906
2015-02-02,64.6557846069336
2015-02-03,65.98101806640625
2015-02-04,65.610595703125
2015-02-05,66.38435363769531
2015-02-06,66.1044921875
2015-02-09,65.87400817871094
2015-02-10,66.5159912109375
2015-02-11,66.45018005371094
2015-02-12,67.1580810546875
2015-02-13,67.42145538330078
2015-02-17,67.5943374633789
2015-02-18,67.66017150878906
2015-02-19,67.62723541259766
2015-02-20,67.99764251708984
2015-02-23,67.91534423828125
2015-02-24,68.03878021240234
2015-02-25,68.03059387207031
2015-02-26,67.7507095336914
2015-02-27,67.62723541259766
2015-03-02,67.95649719238281
2015-03-03,67.70130920410156
2015-03-04,67.38030242919922
2015-03-05,67.50377655029297
2015-03-06,66.49134063720703
2015-03-09,66.65596008300781
2015-03-10,65.6435317993164
2015-03-11,65.6435317993164
2015-03-12,66.48312377929688
2015-03-13,66.02214813232422
2015-03-16,66.92758178710938
2015-03-17,66.6806640625
2015-03-18,67.62723541259766
2015-03-19,67.2321548461914
2015-03-20,67.88996887207031
2015-03-23,67.84864044189453
2015-03-24,67.4437026977539
2015-03-25,66.54293060302734
2015-03-26,66.36936950683594
2015-03-27,66.65861511230469
2015-03-30,67.4437026977539
2015-03-31,66.9809341430664
2015-04-01,66.80735778808594
2015-04-02,67.10487365722656
2015-04-06,67.6255111694336
2015-04-07,67.37759399414062
2015-04-08,67.6007308959961
2015-04-09,67.86517333984375
2015-04-10,68.04698181152344
2015-04-13,67.70816040039062
2015-04-14,67.88996887207031
2015-04-15,68.31144714355469
2015-04-16,68.17921447753906
2015-04-17,67.41068267822266
2015-04-20,67.93955993652344
2015-04-21,67.85693359375
2015-04-22,68.0882797241211
2015-04-23,68.3031997680664
2015-04-24,68.22055053710938
2015-04-27,67.84864044189453
2015-04-28,68.0387191772461
2015-04-29,67.75775909423828
2015-04-30,67.25363159179688
2015-05-01,67.93955993652344
2015-05-04,68.17921447753906
2015-05-05,67.34452056884766
2015-05-06,67.1131362915039
2015-05-07,67.27017211914062
2015-05-08,68.0965805053711
2015-05-11,67.82386016845703
2015-05-12,67.6255111694336
2015-05-13,67.6255111694336
2015-05-14,68.17921447753906
2015-05-15,68.3279800415039
2015-05-18,68.58417510986328
2015-05-19,68.43541717529297
2015-05-20,68.43541717529297
2015-05-21,68.61720275878906
2015-05-22,68.50151062011719
2015-05-26,67.71642303466797
2015-05-27,68.27013397216797
2015-05-28,68.14616394042969
2015-05-29,67.7412109375
2015-06-01,67.84864044189453
2015-06-02,67.85693359375
2015-06-03,67.98086547851562
2015-06-04,67.36933135986328
2015-06-05,67.36104583740234
2015-06-08,66.93135070800781
2015-06-09,66.89002990722656
2015-06-10,67.65032196044922
2015-06-11,67.79078674316406
2015-06-12,67.36933135986328
2015-06-15,67.05529022216797
2015-06-16,67.41068267822266
2015-06-17,67.56768035888672
2015-06-18,68.17921447753906
2015-06-19,67.84569549560547
2015-06-22,68.25222778320312
2015-06-23,68.20243835449219
2015-06-24,67.67977905273438
2015-06-25,67.41431427001953
2015-06-26,67.48896789550781
2015-06-29,66.03713989257812
2015-06-30,66.20306396484375
2015-07-01,66.61790466308594
2015-07-02,66.59297180175781
2015-07-06,66.29434967041016
2015-07-07,66.8418960571289
2015-07-08,65.655517578125
2015-07-09,65.81317138671875
2015-07-10,66.52662658691406
2015-07-13,67.19860076904297
2015-07-14,67.39775085449219
2015-07-15,67.16545104980469
2015-07-16,67.58023071289062
2015-07-17,67.24011993408203
2015-07-20,67.10736846923828
2015-07-21,66.85847473144531
2015-07-22,66.87508392333984
2015-07-23,66.55980682373047
2015-07-24,65.82146453857422
2015-07-27,65.42324829101562
2015-07-28,66.24456787109375
2015-07-29,66.80038452148438
2015-07-30,66.83360290527344
2015-07-31,66.8418960571289
2015-08-03,66.58470153808594
2015-08-04,66.51004028320312
2015-08-05,66.74234771728516
2015-08-06,66.29434967041016
2015-08-07,66.17819213867188
2015-08-10,67.11565399169922
2015-08-11,66.55980682373047
2015-08-12,66.67598724365234
2015-08-13,66.56810760498047
2015-08-14,66.83360290527344
2015-08-17,67.17372131347656
2015-08-18,67.03272247314453
2015-08-19,66.51834106445312
2015-08-20,65.14114379882812
2015-08-21,63.36580276489258
2015-08-24,60.835487365722656
2015-08-25,59.95610427856445
2015-08-26,61.92228317260742
2015-08-27,63.51512908935547
2015-08-28,63.656185150146484
2015-08-31,63.191585540771484
2015-09-01,61.39130401611328
2015-09-02,62.37026596069336
2015-09-03,62.635746002197266
2015-09-04,61.68168258666992
2015-09-08,63.241371154785156
2015-09-09,62.4366455078125
2015-09-10,62.660648345947266
2015-09-11,62.90121078491211
2015-09-14,62.635746002197266
2015-09-15,63.382408142089844
2015-09-16,64.02950286865234
2015-09-17,63.913352966308594
2015-09-18,62.79031753540039
2015-09-21,63.05693817138672
2015-09-22,62.10721206665039
2015-09-23,61.84892654418945
2015-09-24,61.61566925048828
2015-09-25,61.6573371887207
2015-09-28,59.94948959350586
2015-09-29,59.99946212768555
2015-09-30,61.28243637084961
2015-10-01,61.14912796020508
2015-10-02,62.16551971435547
2015-10-05,63.440147399902344
2015-10-06,63.25685119628906
2015-10-07,63.90669631958008
2015-10-08,64.67314147949219
2015-10-09,64.65646362304688
2015-10-12,64.5565185546875
2015-10-13,64.03167724609375
2015-10-14,63.80670166015625
2015-10-15,64.6397933959961
2015-10-16,64.73145294189453
2015-10-19,64.6397933959961
2015-10-20,64.73145294189453
2015-10-21,64.2232666015625
2015-10-22,65.21463012695312
2015-10-23,65.472900390625
2015-10-26,65.23128509521484
2015-10-27,64.91474914550781
2015-10-28,65.68115234375
2015-10-29,65.59785461425781
2015-10-30,65.5645523071289
2015-11-02,66.42262268066406
2015-11-03,66.53092956542969
2015-11-04,66.30597686767578
2015-11-05,66.20602416992188
2015-11-06,66.08939361572266
2015-11-09,65.45623779296875
2015-11-10,65.6728515625
2015-11-11,65.28128051757812
2015-11-12,64.2899169921875
2015-11-13,63.59844207763672
2015-11-16,64.58981323242188
2015-11-17,64.44817352294922
2015-11-18,65.472900390625
2015-11-19,65.40625762939453
2015-11-20,65.63953399658203
2015-11-23,65.63953399658203
2015-11-24,65.85611724853516
2015-11-25,65.89778137207031
2015-11-27,65.8811264038086
2015-11-30,65.76448059082031
2015-12-01,66.37263488769531
2015-12-02,65.49789428710938
2015-12-03,64.5648193359375
2015-12-04,65.58954620361328
2015-12-07,65.064697265625
2015-12-08,64.60648345947266
2015-12-09,64.15662384033203
2015-12-10,64.24825286865234
2015-12-11,62.99860382080078
2015-12-14,63.09027099609375
2015-12-15,63.748382568359375
2015-12-16,64.664794921875
2015-12-17,63.57342529296875
2015-12-18,62.60026168823242
2015-12-21,63.09394836425781
2015-12-22,63.78851318359375
2015-12-23,64.89305114746094
2015-12-24,64.77589416503906
2015-12-28,64.47469329833984
2015-12-29,65.15248107910156
2015-12-30,64.62528991699219
2015-12-31,64.13160705566406
2016-01-04,63.42030715942383
2016-01-05,63.57095718383789
2016-01-06,62.407798767089844
2016-01-07,60.99360656738281
2016-01-08,60.24887466430664
2016-01-11,60.05640411376953
2016-01-12,60.340946197509766
2016-01-13,58.82633972167969
2016-01-14,59.629669189453125
2016-01-15,58.49163055419922
2016-01-19,58.31591033935547
2016-01-20,57.69667434692383
2016-01-21,58.22386932373047
2016-01-22,59.37024688720703
2016-01-25,58.24057388305664
2016-01-26,59.31169891357422
2016-01-27,58.85980987548828
2016-01-28,58.90165710449219
2016-01-29,60.566871643066406
2016-02-01,60.5417594909668
2016-02-02,59.286590576171875
2016-02-03,59.86395263671875
2016-02-04,60.207054138183594
2016-02-05,59.1861572265625
2016-02-08,57.939361572265625
2016-02-09,57.76362991333008
2016-02-10,57.79708480834961
2016-02-11,56.97702407836914
2016-02-12,58.21550369262695
2016-02-16,59.37860870361328
2016-02-17,60.474815368652344
2016-02-18,60.34929656982422
2016-02-19,60.16520309448242
2016-02-22,61.21955108642578
2016-02-23,60.49155807495117
2016-02-24,60.85137939453125
2016-02-25,61.529170989990234
2016-02-26,61.6379508972168
2016-02-29,61.169349670410156
2016-03-01,62.58353042602539
2016-03-02,63.03540802001953
2016-03-03,63.612762451171875
2016-03-04,63.93912124633789
2016-03-07,64.2487564086914
2016-03-08,63.19437789916992
2016-03-09,63.529109954833984
2016-03-10,63.621150970458984
2016-03-11,64.81775665283203
2016-03-14,64.72570037841797
2016-03-15,64.35751342773438
2016-03-16,64.96836853027344
2016-03-17,65.57087707519531
2016-03-18,65.8753433227539
2016-03-21,65.89215087890625
2016-03-22,65.84172821044922
2016-03-23,65.1688003540039
2016-03-24,65.09312438964844
2016-03-28,65.18566131591797
2016-03-29,65.85011291503906
2016-03-30,66.05198669433594
2016-03-31,66.05198669433594
2016-04-01,66.31271362304688
2016-04-04,65.88378143310547
2016-04-05,65.1435775756836
2016-04-06,65.83328247070312
2016-04-07,65.00900268554688
2016-04-08,65.29497528076172
2016-04-11,65.21927642822266
2016-04-12,65.92582702636719
2016-04-13,66.75850677490234
2016-04-14,66.62393188476562
2016-04-15,66.60712432861328
2016-04-18,67.08654022216797
2016-04-19,67.38092803955078
2016-04-20,67.50711059570312
2016-04-21,67.05290222167969
2016-04-22,67.47344970703125
2016-04-25,67.18748474121094
2016-04-26,67.65850067138672
2016-04-27,68.09586334228516
2016-04-28,67.28841400146484
2016-04-29,66.87628173828125
2016-05-02,67.2715835571289
2016-05-03,66.51458740234375
2016-05-04,66.08560180664062
2016-05-05,66.06880187988281
2016-05-06,66.27908325195312
2016-05-09,66.25384521484375
2016-05-10,67.06970977783203
2016-05-11,66.39681243896484
2016-05-12,66.38001251220703
2016-05-13,65.74076080322266
2016-05-16,66.41364288330078
2016-05-17,65.95946502685547
2016-05-18,65.79966735839844
2016-05-19,65.606201171875
2016-05-20,66.09404754638672
2016-05-23,66.05198669433594
2016-05-24,66.90149688720703
2016-05-25,67.4229965209961
2016-05-26,67.37250518798828
2016-05-27,67.75944519042969
2016-05-31,67.78466796875
2016-06-01,67.92762756347656
2016-06-02,68.22201538085938
2016-06-03,67.98651123046875
2016-06-06,68.44914245605469
2016-06-07,68.70145416259766
2016-06-08,68.89491271972656
2016-06-09,68.71826934814453
2016-06-10,67.80148315429688
2016-06-13,67.19589233398438
2016-06-14,66.9856185913086
2016-06-15,66.99401092529297
2016-06-16,67.06970977783203
2016-06-17,67.18521118164062
2016-06-20,67.74165344238281
2016-06-21,67.78379821777344
2016-06-22,67.71635437011719
2016-06-23,68.70275115966797
2016-06-24,65.86158752441406
2016-06-27,64.19227600097656
2016-06-28,65.44847106933594
2016-06-29,66.70466613769531
2016-06-30,67.74165344238281
2016-07-01,67.95244598388672
2016-07-05,67.13460540771484
2016-07-06,67.53932189941406
2016-07-07,67.53089141845703
2016-07-08,68.7955093383789
2016-07-11,69.06529998779297
2016-07-12,69.8830795288086
2016-07-13,69.84093475341797
2016-07-14,70.13601684570312
2016-07-15,70.09382629394531
2016-07-18,70.22032928466797
2016-07-19,70.03486633300781
2016-07-20,70.3804931640625
2016-07-21,70.11914825439453
2016-07-22,70.56600189208984
2016-07-25,70.40577697753906
2016-07-26,70.71773529052734
2016-07-27,70.34678649902344
2016-07-28,70.48165893554688
2016-07-29,70.5490951538086
2016-08-01,70.28775024414062
2016-08-02,69.5711441040039
2016-08-03,69.96739959716797
2016-08-04,70.00955963134766
2016-08-05,70.59127044677734
2016-08-08,70.641845703125
2016-08-09,70.53225708007812
2016-08-10,70.34678649902344
2016-08-11,70.86949920654297
2016-08-12,70.80204772949219
2016-08-15,71.1392822265625
2016-08-16,70.73458099365234
2016-08-17,70.78519439697266
2016-08-18,71.16455841064453
2016-08-19,71.18988800048828
2016-08-22,71.10554504394531
2016-08-23,71.41751861572266
2016-08-24,70.92008972167969
2016-08-25,70.91165924072266
2016-08-26,70.69244384765625
2016-08-29,71.08869171142578
2016-08-30,70.97911071777344
2016-08-31,70.65872955322266
2016-09-01,70.641845703125
2016-09-02,70.9959487915039
2016-09-06,71.11396789550781
2016-09-07,71.31633758544922
2016-09-08,71.19830322265625
2016-09-09,69.27603912353516
2016-09-12,70.2540512084961
2016-09-13,69.07373809814453
2016-09-14,68.97254943847656
2016-09-15,69.66389465332031
2016-09-16,69.35926818847656
2016-09-19,69.52003479003906
2016-09-20,69.350830078125
2016-09-21,70.29006958007812
2016-09-22,70.84003448486328
2016-09-23,70.48465728759766
2016-09-26,69.94312286376953
2016-09-27,70.25616455078125
2016-09-28,70.74695587158203
2016-09-29,70.15465545654297
2016-09-30,70.73004150390625
2016-10-03,70.43389892578125
2016-10-04,70.00234985351562
2016-10-05,70.41696166992188
2016-10-06,70.4508056640625
2016-10-07,70.07003784179688
2016-10-10,70.38311004638672
2016-10-11,69.3338851928711
2016-10-12,69.42694854736328
2016-10-13,69.17311096191406
2016-10-14,69.12235260009766
2016-10-17,68.88541412353516
2016-10-18,69.35926818847656
2016-10-19,69.69774627685547
2016-10-20,69.56233215332031
2016-10-21,69.52003479003906
2016-10-24,69.74004364013672
2016-10-25,69.34233093261719
2016-10-26,69.30850982666016
2016-10-27,68.90232849121094
2016-10-28,68.89388275146484
2016-10-31,69.00389099121094
2016-11-01,68.43696594238281
2016-11-02,67.9461898803711
2016-11-03,67.72621154785156
2016-11-04,67.7346420288086
2016-11-07,69.198486328125
2016-11-08,69.46080780029297
2016-11-09,70.28157043457031
2016-11-10,70.79772186279297
2016-11-11,70.79772186279297
2016-11-14,71.3900375366211
2016-11-15,71.91466522216797
2016-11-16,71.6015853881836
2016-11-17,71.98234558105469
2016-11-18,71.81311798095703
2016-11-21,72.38004302978516
2016-11-22,72.60002899169922
2016-11-23,72.77772521972656
2016-11-25,73.0400390625
2016-11-28,72.54924011230469
2016-11-29,72.60002899169922
2016-11-30,72.61695861816406
2016-12-01,72.39696502685547
2016-12-02,72.41387176513672
2016-12-05,72.95540618896484
2016-12-06,73.32774353027344
2016-12-07,74.3769760131836
2016-12-08,74.68155670166016
2016-12-09,74.89311218261719
2016-12-12,74.50392150878906
2016-12-13,74.81694793701172
2016-12-14,74.03848266601562
2016-12-15,74.30081939697266
2016-12-16,74.0948486328125
2016-12-19,74.20502471923828
2016-12-20,74.45081329345703
2016-12-21,74.28130340576172
2016-12-22,73.98466491699219
2016-12-23,74.1372299194336
2016-12-27,74.38302612304688
2016-12-28,73.62020111083984
2016-12-29,73.64563751220703
2016-12-30,73.43375396728516
2017-01-03,74.01856231689453
2017-01-04,74.73898315429688
2017-01-05,74.53556060791016
2017-01-06,74.73898315429688
2017-01-09,74.33219909667969
2017-01-10,74.39997100830078
2017-01-11,74.59492492675781
2017-01-12,74.47624969482422
2017-01-13,74.62885284423828
2017-01-17,74.43389129638672
2017-01-18,74.65425109863281
2017-01-19,74.28130340576172
2017-01-20,74.56103515625
2017-01-23,74.34066009521484
2017-01-24,75.0780258178711
2017-01-25,75.64588928222656
2017-01-26,75.44249725341797
2017-01-27,75.21365356445312
2017-01-30,74.78986358642578
2017-01-31,74.90852355957031
2017-02-01,74.7220458984375
2017-02-02,74.8830795288086
2017-02-03,75.40011596679688
2017-02-06,75.19670867919922
2017-02-07,75.12039184570312
2017-02-08,75.28144073486328
2017-02-09,75.74761199951172
2017-02-10,76.17140197753906
2017-02-13,76.51045227050781
2017-02-14,76.71385192871094
2017-02-15,77.08678436279297
2017-02-16,76.8918685913086
2017-02-17,77.04441833496094
2017-02-21,77.58683776855469
2017-02-22,77.400390625
2017-02-23,77.26478576660156
2017-02-24,77.47666931152344
2017-02-27,77.65463256835938
2017-02-28,77.25628662109375
2017-03-01,78.2055892944336
2017-03-02,77.69702911376953
2017-03-03,77.68855285644531
2017-03-06,77.34105682373047
2017-03-07,76.99353790283203
2017-03-08,76.81554412841797
2017-03-09,76.74773406982422
2017-03-10,77.05290222167969
2017-03-13,77.2054214477539
2017-03-14,76.84098815917969
2017-03-15,77.6800765991211
2017-03-16,77.50211334228516
2017-03-17,77.4765625
2017-03-20,77.25530242919922
2017-03-21,76.24285888671875
2017-03-22,76.37899017333984
2017-03-23,76.41300964355469
2017-03-24,76.41300964355469
2017-03-27,76.27688598632812
2017-03-28,76.90648651123047
2017-03-29,77.17028045654297
2017-03-30,77.32343292236328
2017-03-31,77.27235412597656
2017-04-03,76.96607208251953
2017-04-04,76.87247467041016
2017-04-05,76.6597671508789
2017-04-06,77.06816101074219
2017-04-07,77.0000991821289
2017-04-10,77.17874908447266
2017-04-11,77.20430755615234
2017-04-12,76.72783660888672
2017-04-13,76.19183349609375
2017-04-17,76.81290435791016
2017-04-18,76.5916748046875
2017-04-19,76.61724090576172
2017-04-20,77.24685668945312
2017-04-21,77.0000991821289
2017-04-24,77.7573471069336
2017-04-25,78.16573333740234
2017-04-26,78.18275451660156
2017-04-27,78.1487045288086
2017-04-28,77.78287506103516
2017-05-01,77.74881744384766
2017-05-02,77.81689453125
2017-05-03,77.57013702392578
2017-05-04,77.63822937011719
2017-05-05,78.1487045288086
2017-05-08,77.97005462646484
2017-05-09,77.91902923583984
2017-05-10,78.2167739868164
2017-05-11,77.89347076416016
2017-05-12,77.54463195800781
2017-05-15,78.01258850097656
2017-05-16,77.80838775634766
2017-05-17,76.60873413085938
2017-05-18,76.77888488769531
2017-05-19,77.4000015258789
2017-05-22,77.79989624023438
2017-05-23,77.81689453125
2017-05-24,77.98706817626953
2017-05-25,78.3018798828125
2017-05-26,78.28485870361328
2017-05-30,78.14022827148438
2017-05-31,78.2167739868164
2017-06-01,79.02508544921875
2017-06-02,79.13568878173828
2017-06-05,78.96550750732422
2017-06-06,78.65070343017578
2017-06-07,78.727294921875
2017-06-08,78.7868423461914
2017-06-09,79.02508544921875
2017-06-12,79.1271743774414
2017-06-13,79.62916564941406
2017-06-14,79.45048522949219
2017-06-15,79.28033447265625
2017-06-16,79.29825592041016
2017-06-19,79.79342651367188
2017-06-20,79.14457702636719
2017-06-21,78.92259979248047
2017-06-22,78.9482192993164
2017-06-23,79.12749481201172
2017-06-26,79.35801696777344
2017-06-27,78.82866668701172
2017-06-28,79.44338989257812
2017-06-29,78.87991333007812
2017-06-30,79.12749481201172
2017-07-03,79.4604721069336
2017-07-05,79.3409423828125
2017-07-06,78.47010040283203
2017-07-07,78.97380828857422
2017-07-10,78.99089813232422
2017-07-11,78.92259979248047
2017-07-12,79.46903228759766
2017-07-13,79.69953918457031
2017-07-14,80.0495834350586
2017-07-17,80.14350128173828
2017-07-18,79.9727554321289
2017-07-19,80.54476165771484
2017-07-20,80.5020751953125
2017-07-21,80.5191421508789
2017-07-24,80.45938873291016
2017-07-25,80.77529907226562
2017-07-26,80.61306762695312
2017-07-27,80.52767181396484
2017-07-28,80.42521667480469
2017-07-31,80.39106750488281
2017-08-01,80.4764633178711
2017-08-02,80.22035217285156
2017-08-03,80.01543426513672
2017-08-04,80.13494873046875
2017-08-07,80.22035217285156
2017-08-08,80.02397918701172
2017-08-09,79.91297149658203
2017-08-10,78.76892852783203
2017-08-11,78.7859878540039
2017-08-14,79.5287857055664
2017-08-15,79.38363647460938
2017-08-16,79.5885238647461
2017-08-17,78.36763763427734
2017-08-18,78.1883544921875
2017-08-21,78.25667572021484
2017-08-22,78.99943542480469
2017-08-23,78.76892852783203
2017-08-24,78.66645050048828
2017-08-25,78.93965911865234
2017-08-28,78.84574890136719
2017-08-29,78.76892852783203
2017-08-30,79.14457702636719
2017-08-31,79.5885238647461
2017-09-01,79.91297149658203
2017-09-05,79.36656188964844
2017-09-06,79.64830017089844
2017-09-07,79.61415100097656
2017-09-08,79.68245697021484
2017-09-11,80.4850082397461
2017-09-12,80.80089569091797
2017-09-13,80.80941772460938
2017-09-14,80.80089569091797
2017-09-15,80.92091369628906
2017-09-18,81.04954528808594
2017-09-19,80.9381103515625
2017-09-20,81.0752944946289
2017-09-21,80.9037857055664
2017-09-22,81.0752944946289
2017-09-25,81.16959381103516
2017-09-26,81.26394653320312
2017-09-27,81.58977508544922
2017-09-28,81.64120483398438
2017-09-29,81.9242172241211
2017-10-02,82.27576446533203
2017-10-03,82.41295623779297
2017-10-04,82.5844497680664
2017-10-05,82.91032409667969
2017-10-06,82.73880767822266
2017-10-09,82.447265625
2017-10-10,82.653076171875
2017-10-11,82.67019653320312
2017-10-12,82.69593811035156
2017-10-13,82.78168487548828
2017-10-16,82.80742645263672
2017-10-17,82.79882049560547
2017-10-18,82.86744689941406
2017-10-19,82.97034454345703
2017-10-20,83.52770233154297
2017-10-23,83.24470520019531
2017-10-24,83.3304672241211
2017-10-25,82.77312469482422
2017-10-26,82.93600463867188
2017-10-27,83.06466674804688
2017-10-30,82.66165161132812
2017-10-31,82.81600189208984
2017-11-01,82.84172058105469
2017-11-02,82.82454681396484
2017-11-03,82.94461059570312
2017-11-06,83.28761291503906
2017-11-07,83.1589584350586
2017-11-08,83.26189422607422
2017-11-09,83.03890991210938
2017-11-10,83.09037780761719
2017-11-13,83.218994140625
2017-11-14,83.1761245727539
2017-11-15,82.72168731689453
2017-11-16,83.43338012695312
2017-11-17,83.57917022705078
2017-11-20,83.707763671875
2017-11-21,84.01647186279297
2017-11-22,83.98214721679688
2017-11-24,84.02506256103516
2017-11-27,83.93927001953125
2017-11-28,84.90823364257812
2017-11-29,85.30270385742188
2017-11-30,85.96293640136719
2017-12-01,85.79145050048828
2017-12-04,85.9715347290039
2017-12-05,85.4227523803711
2017-12-06,85.26839447021484
2017-12-07,85.6542739868164
2017-12-08,86.1858901977539
2017-12-11,86.26305389404297
2017-12-12,86.2716293334961
2017-12-13,86.19446563720703
2017-12-14,85.67141723632812
2017-12-15,86.43637084960938
2017-12-18,87.09105682373047
2017-12-19,86.79818725585938
2017-12-20,86.80677795410156
2017-12-21,86.97908020019531
2017-12-22,87.06521606445312
2017-12-26,87.1686019897461
2017-12-27,87.1686019897461
2017-12-28,87.38394165039062
2017-12-29,87.03074645996094
2018-01-02,87.67684173583984
2018-01-03,88.1247787475586
2018-01-04,88.42628479003906
2018-01-05,88.848388671875
2018-01-08,89.14127349853516
2018-01-09,89.18434143066406
2018-01-10,88.91728973388672
2018-01-11,89.77010345458984
2018-01-12,90.34727478027344
2018-01-16,89.73564910888672
2018-01-17,90.485107421875
2018-01-18,90.23528289794922
2018-01-19,90.8296890258789
2018-01-22,91.47575378417969
2018-01-23,91.72559356689453
2018-01-24,91.7686538696289
2018-01-25,91.69112396240234
2018-01-26,92.54397583007812
2018-01-29,91.88064575195312
2018-01-30,90.86412811279297
2018-01-31,90.84689331054688
2018-02-01,90.63156127929688
2018-02-02,88.77084350585938
2018-02-05,85.48017883300781
2018-02-06,86.65171813964844
2018-02-07,86.41914367675781
2018-02-08,83.37825775146484
2018-02-09,84.52397155761719
2018-02-12,85.56632232666016
2018-02-13,85.7730484008789
2018-02-14,87.07383728027344
2018-02-15,87.97833251953125
2018-02-16,88.02139282226562
2018-02-20,87.46145629882812
2018-02-21,86.93599700927734
2018-02-22,86.97908020019531
2018-02-23,88.3056869506836
2018-02-26,88.96898651123047
2018-02-27,87.8146743774414
2018-02-28,86.85848236083984
2018-03-01,85.9281234741211
2018-03-02,86.4966812133789
2018-03-05,87.53900146484375
2018-03-06,87.92664337158203
2018-03-07,87.84911346435547
2018-03-08,88.15059661865234
2018-03-09,89.52030944824219
2018-03-12,89.39970397949219
2018-03-13,89.0206527709961
2018-03-14,88.48657989501953
2018-03-15,88.25398254394531
2018-03-16,88.61644744873047
2018-03-19,87.62163543701172
2018-03-20,87.71678924560547
2018-03-21,87.74274444580078
2018-03-22,85.7963638305664
2018-03-23,84.16140747070312
2018-03-26,86.09915161132812
2018-03-27,85.07838439941406
2018-03-28,84.97457122802734
2018-03-29,86.05587768554688
2018-04-02,84.17005920410156
2018-04-03,85.18216705322266
2018-04-04,86.17699432373047
2018-04-05,86.73062133789062
2018-04-06,84.89672088623047
2018-04-09,85.06971740722656
2018-04-10,86.28079986572266
2018-04-11,85.97803497314453
2018-04-12,86.38459014892578
2018-04-13,86.20291900634766
2018-04-16,87.03340911865234
2018-04-17,87.74274444580078
2018-04-18,87.97631072998047
2018-04-19,87.36211395263672
2018-04-20,86.74793243408203
2018-04-23,86.86038208007812
2018-04-24,86.02991485595703
2018-04-25,86.27214813232422
2018-04-26,86.938232421875
2018-04-27,87.17180633544922
2018-04-30,86.37596130371094
2018-05-01,86.41056060791016
2018-05-02,85.69255065917969
2018-05-03,85.40709686279297
2018-05-04,86.35865020751953
2018-05-07,86.5057144165039
2018-05-08,86.44515228271484
2018-05-09,87.14585876464844
2018-05-10,87.90709686279297
2018-05-11,87.99360656738281
2018-05-14,88.0282211303711
2018-05-15,87.58702850341797
2018-05-16,88.07145690917969
2018-05-17,88.18392181396484
2018-05-18,88.00226593017578
2018-05-21,88.57320404052734
2018-05-22,88.23580932617188
2018-05-23,88.40019989013672
2018-05-24,88.38288116455078
2018-05-25,88.19256591796875
2018-05-29,87.2583236694336
2018-05-30,88.41747283935547
2018-05-31,87.63029479980469
2018-06-01,88.37423706054688
2018-06-04,88.6770248413086
2018-06-05,88.84135437011719
2018-06-06,89.51610565185547
2018-06-07,89.55936431884766
2018-06-08,89.9832534790039
2018-06-11,90.17354583740234
2018-06-12,90.43306732177734
2018-06-13,89.9832534790039
2018-06-14,90.2168197631836
2018-06-15,90.21851348876953
2018-06-18,90.05354309082031
2018-06-19,89.6888427734375
2018-06-20,89.94063568115234
2018-06-21,89.41960144042969
2018-06-22,89.65406036376953
2018-06-25,88.67277526855469
2018-06-26,88.75962829589844
2018-06-27,87.96937561035156
2018-06-28,88.32543182373047
2018-06-29,88.48173522949219
2018-07-02,88.44699096679688
2018-07-03,88.40359497070312
2018-07-05,89.06358337402344
2018-07-06,89.74092102050781
2018-07-09,90.4269790649414
2018-07-10,90.66145324707031
2018-07-11,89.94932556152344
2018-07-12,90.4530029296875
2018-07-13,90.53984832763672
2018-07-16,90.27063751220703
2018-07-17,90.55722045898438
2018-07-18,90.7656021118164
2018-07-19,90.74827575683594
2018-07-20,90.4530029296875
2018-07-23,90.46167755126953
2018-07-24,90.41827392578125
2018-07-25,91.21720123291016
2018-07-26,91.53849792480469
2018-07-27,91.00010681152344
2018-07-30,90.60932922363281
2018-07-31,91.22589874267578
2018-08-01,90.63538360595703
2018-08-02,91.00010681152344
2018-08-03,91.46037292480469
2018-08-06,91.67747497558594
2018-08-07,91.85981750488281
2018-08-08,91.69483184814453
2018-08-09,91.59062957763672
2018-08-10,90.97404479980469
2018-08-13,90.50511932373047
2018-08-14,91.26932525634766
2018-08-15,90.66145324707031
2018-08-16,91.38220977783203
2018-08-17,91.86851501464844
2018-08-20,92.30271911621094
2018-08-21,92.53719329833984
2018-08-22,92.33747100830078
2018-08-23,92.1116714477539
2018-08-24,92.60668182373047
2018-08-27,93.12770080566406
2018-08-28,93.21453094482422
2018-08-29,93.57925415039062
2018-08-30,92.98007202148438
2018-08-31,93.01480865478516
2018-09-04,92.92794799804688
2018-09-05,92.97138977050781
2018-09-06,92.79769134521484
2018-09-07,92.46772003173828
2018-09-10,92.8150634765625
2018-09-11,92.88452911376953
2018-09-12,93.04954528808594
2018-09-13,93.44032287597656
2018-09-14,93.56190490722656
2018-09-17,93.2492446899414
2018-09-18,93.6834945678711
2018-09-19,93.64007568359375
2018-09-20,94.23057556152344
2018-09-21,94.2913589477539
2018-09-24,93.62489318847656
2018-09-25,93.3719482421875
2018-09-26,93.01427459716797
2018-09-27,93.02301788330078
2018-09-28,93.17131805419922
2018-10-01,93.17131805419922
2018-10-02,93.04048156738281
2018-10-03,93.04918670654297
2018-10-04,92.4036865234375
2018-10-05,91.9500961303711
2018-10-08,92.0634994506836
2018-10-09,91.62733459472656
2018-10-10,89.00167083740234
2018-10-11,87.03026580810547
2018-10-12,87.7891845703125
2018-10-15,87.75426483154297
2018-10-16,89.516357421875
2018-10-17,89.33318328857422
2018-10-18,88.1904296875
2018-10-19,87.9287338256836
2018-10-22,87.34430694580078
2018-10-23,86.78599548339844
2018-10-24,84.48310089111328
2018-10-25,85.59095001220703
2018-10-26,84.25630187988281
2018-10-29,84.29121398925781
2018-10-30,85.92243957519531
2018-10-31,86.41963195800781
2018-11-01,87.67576599121094
2018-11-02,87.36174011230469
2018-11-05,88.0159683227539
2018-11-06,88.6265869140625
2018-11-07,89.98736572265625
2018-11-08,89.9176025390625
2018-11-09,89.12378692626953
2018-11-12,87.76300811767578
2018-11-13,87.72809600830078
2018-11-14,87.1698226928711
2018-11-15,87.91128540039062
2018-11-16,88.1904296875
2018-11-19,87.03897857666016
2018-11-20,85.51245880126953
2018-11-21,86.0445556640625
2018-11-23,85.79158020019531
2018-11-26,86.9517593383789
2018-11-27,86.99537658691406
2018-11-28,88.58296203613281
2018-11-29,88.3212661743164
2018-11-30,88.67892456054688
2018-12-03,89.75186920166016
2018-12-04,87.05644989013672
2018-12-06,86.79472351074219
2018-12-07,84.91053009033203
2018-12-10,84.7535629272461
2018-12-11,84.69246673583984
2018-12-12,85.11990356445312
2018-12-13,84.71864318847656
2018-12-14,83.51484680175781
2018-12-17,81.70917510986328
2018-12-18,81.59577178955078
2018-12-19,80.31349182128906
2018-12-20,79.04863739013672
2018-12-21,77.64422607421875
2018-12-24,75.63636779785156
2018-12-26,79.05883026123047
2018-12-27,79.76966094970703
2018-12-28,79.56781768798828
2018-12-31,80.20842742919922
2019-01-02,80.25231170654297
2019-01-03,78.69905090332031
2019-01-04,81.31415557861328
2019-01-07,82.16539001464844
2019-01-08,83.05170440673828
2019-01-09,83.63966369628906
2019-01-10,84.14865112304688
2019-01-11,84.21007537841797
2019-01-14,83.75372314453125
2019-01-15,84.39436340332031
2019-01-16,84.60498809814453
2019-01-17,85.394775390625
2019-01-18,86.69355010986328
2019-01-22,85.53517150878906
2019-01-23,85.46497344970703
2019-01-24,85.85987854003906
2019-01-25,86.77254486083984
2019-01-28,86.43029022216797
2019-01-29,86.5794677734375
2019-01-30,87.50088500976562
2019-01-31,88.080078125
2019-02-01,88.29949188232422
2019-02-04,88.78214263916016
2019-02-05,89.1243667602539
2019-02-06,89.04541778564453
2019-02-07,88.40477752685547
2019-02-08,88.57150268554688
2019-02-11,88.81723022460938
2019-02-12,89.9141845703125
2019-02-13,90.30908203125
2019-02-14,90.09846496582031
2019-02-15,91.1076431274414
2019-02-19,91.2743911743164
2019-02-20,91.59907531738281
2019-02-21,91.24805450439453
2019-02-22,91.73069763183594
2019-02-25,91.7482681274414
2019-02-26,91.50251770019531
2019-02-27,91.52886199951172
2019-02-28,91.30948638916016
2019-03-01,91.92377471923828
2019-03-04,91.48499298095703
2019-03-05,91.20417785644531
2019-03-06,90.40559387207031
2019-03-07,89.70355987548828
2019-03-08,89.42274475097656
2019-03-11,90.58110046386719
2019-03-12,90.87946319580078
2019-03-13,91.423583984375
2019-03-14,91.29194641113281
2019-03-15,91.62541198730469
2019-03-18,92.05648803710938
2019-03-19,91.89781951904297
2019-03-20,91.25428009033203
2019-03-21,92.4267807006836
2019-03-22,90.5313491821289
2019-03-25,90.55780029296875
2019-03-26,91.31594848632812
2019-03-27,91.0162124633789
2019-03-28,91.52754974365234
2019-03-29,92.0741195678711
2019-04-01,93.24666595458984
2019-04-02,93.17615509033203
2019-04-03,93.43180847167969
2019-04-04,93.7403564453125
2019-04-05,94.34864807128906
2019-04-08,94.4103775024414
2019-04-09,93.66983032226562
2019-04-10,94.12824249267578
2019-04-11,94.25170135498047
2019-04-12,95.0098648071289
2019-04-15,94.74539947509766
2019-04-16,94.7806625366211
2019-04-17,94.22525024414062
2019-04-18,94.44564819335938
2019-04-22,94.20759582519531
2019-04-23,95.08038330078125
2019-04-24,95.05394744873047
2019-04-25,94.49853515625
2019-04-26,95.07157135009766
2019-04-29,95.06275177001953
2019-04-30,95.380126953125
2019-05-01,94.4191665649414
2019-05-02,94.42800903320312
2019-05-03,95.27433776855469
2019-05-06,94.82471466064453
2019-05-07,93.2995376586914
2019-05-08,93.14968872070312
2019-05-09,93.03509521484375
2019-05-10,93.44061279296875
2019-05-13,91.11319732666016
2019-05-14,92.0124282836914
2019-05-15,92.3033447265625
2019-05-16,92.9292984008789
2019-05-17,92.31217956542969
2019-05-20,91.73030853271484
2019-05-21,92.71771240234375
2019-05-22,92.25047302246094
2019-05-23,91.09555053710938
2019-05-24,91.26304626464844
2019-05-28,90.2668685913086
2019-05-29,89.64974212646484
2019-05-30,89.79078674316406
2019-05-31,88.76815032958984
2019-06-03,89.27947235107422
2019-06-04,91.28070068359375
2019-06-05,92.00363159179688
2019-06-06,92.4620361328125
2019-06-07,93.0615234375
2019-06-10,93.35247039794922
2019-06-11,93.2554702758789
2019-06-12,93.14087677001953
2019-06-13,93.68746948242188
2019-06-14,93.43180847167969
2019-06-17,93.28193664550781
2019-06-18,94.19879150390625
2019-06-19,94.54261016845703
2019-06-20,95.37132263183594
2019-06-21,95.15091705322266
2019-06-24,94.74354553222656
2019-06-25,94.16788482666016
2019-06-26,94.00845336914062
2019-06-27,94.60179901123047
2019-06-28,95.4697494506836
2019-07-01,96.15167999267578
2019-07-02,96.04541778564453
2019-07-03,96.92216491699219
2019-07-05,96.79816436767578
2019-07-08,96.26678466796875
2019-07-09,96.23137664794922
2019-07-10,96.3376693725586
2019-07-11,96.53248596191406
2019-07-12,97.18785095214844
2019-07-15,97.108154296875
2019-07-16,96.9133071899414
2019-07-17,96.10739135742188
2019-07-18,96.47936248779297
2019-07-19,96.07196044921875
2019-07-22,96.09852600097656
2019-07-23,96.93101501464844
2019-07-24,97.5775146484375
2019-07-25,96.94873046875
2019-07-26,97.43582153320312
2019-07-29,97.15242004394531
2019-07-30,97.24100494384766
2019-07-31,96.27564239501953
2019-08-01,95.04463958740234
2019-08-02,94.28300476074219
2019-08-05,91.60845184326172
2019-08-06,92.62691497802734
2019-08-07,92.75089263916016
2019-08-08,94.42471313476562
2019-08-09,93.55682373046875
2019-08-12,92.36124420166016
2019-08-13,93.55682373046875
2019-08-14,90.68740844726562
2019-08-15,90.71395874023438
2019-08-16,92.18409729003906
2019-08-19,93.24684143066406
2019-08-20,92.49406433105469
2019-08-21,93.24684143066406
2019-08-22,93.30883026123047
2019-08-23,90.78482055664062
2019-08-26,91.58187866210938
2019-08-27,91.06819152832031
2019-08-28,91.85643005371094
2019-08-29,93.09628295898438
2019-08-30,93.1317138671875
2019-09-03,92.60919189453125
2019-09-04,93.70738220214844
2019-09-05,95.08007049560547
2019-09-06,95.31034851074219
2019-09-09,95.83285522460938
2019-09-10,96.27564239501953
2019-09-11,97.0107192993164
2019-09-12,97.1258544921875
2019-09-13,97.14354705810547
2019-09-16,97.21441650390625
2019-09-17,97.23212432861328
2019-09-18,97.1258544921875
2019-09-19,96.86017608642578
2019-09-20,96.42619323730469
2019-09-23,96.53298950195312
2019-09-24,95.74990844726562
2019-09-25,96.29273223876953
2019-09-26,96.0613784790039
2019-09-27,95.72321319580078
2019-09-30,96.17705535888672
2019-10-01,94.68206787109375
2019-10-02,92.89341735839844
2019-10-03,93.56973266601562
2019-10-04,94.61087036132812
2019-10-07,94.10365295410156
2019-10-08,92.47518920898438
2019-10-09,93.29386138916016
2019-10-10,93.99686431884766
2019-10-11,95.27828979492188
2019-10-14,95.06470489501953
2019-10-15,95.8744888305664
2019-10-16,95.71430206298828
2019-10-17,96.07915496826172
2019-10-18,95.96345520019531
2019-10-21,96.69317626953125
2019-10-22,96.70206451416016
2019-10-23,96.9779281616211
2019-10-24,97.02243041992188
2019-10-25,97.37837219238281
2019-10-28,97.68091583251953
2019-10-29,97.85892486572266
2019-10-30,97.86782836914062
2019-10-31,97.36058807373047
2019-11-01,98.56190490722656
2019-11-04,99.13139343261719
2019-11-05,99.13139343261719
2019-11-06,99.02462768554688
2019-11-07,99.264892578125
2019-11-08,99.49626159667969
2019-11-11,99.22928619384766
2019-11-12,99.28267669677734
2019-11-13,99.21149444580078
2019-11-14,99.43397521972656
2019-11-15,100.16364288330078
2019-11-18,100.0390625
2019-11-19,99.958984375
2019-11-20,99.57636260986328
2019-11-21,99.37167358398438
2019-11-22,99.66532135009766
2019-11-25,100.56410217285156
2019-11-26,100.67977905273438
2019-11-27,101.10691833496094
2019-11-29,100.6708755493164
2019-12-02,99.82551574707031
2019-12-03,99.0157241821289
2019-12-04,99.73650360107422
2019-12-05,99.90557861328125
2019-12-06,100.83106994628906
2019-12-09,100.51959228515625
2019-12-10,100.41281127929688
2019-12-11,100.70648193359375
2019-12-12,101.76543426513672
2019-12-13,101.48065185546875
2019-12-16,102.12134552001953
2019-12-17,102.13916015625
2019-12-18,102.29043579101562
2019-12-19,102.63749694824219
2019-12-20,103.16251373291016
2019-12-23,103.21524047851562
2019-12-24,103.2867202758789
2019-12-26,103.51007080078125
2019-12-27,103.36713409423828
2019-12-30,103.00973510742188
2019-12-31,103.39392852783203
2020-01-02,103.68876647949219
2020-01-03,103.09906768798828
2020-01-06,103.23310089111328
2020-01-07,103.1437759399414
2020-01-08,103.44754791259766
2020-01-09,103.92107391357422
2020-01-10,103.59943389892578
2020-01-13,104.24272918701172
2020-01-14,104.4482421875
2020-01-15,104.60908508300781
2020-01-16,105.58297729492188
2020-01-17,105.78846740722656
2020-01-21,105.35066223144531
2020-01-22,105.21663665771484
2020-01-23,105.44894409179688
2020-01-24,104.3677978515625
2020-01-27,102.6523208618164
2020-01-28,103.60836029052734
2020-01-29,103.2867202758789
2020-01-30,103.51007080078125
2020-01-31,101.44612884521484
2020-02-03,102.12518310546875
2020-02-04,103.62622833251953
2020-02-05,105.13622283935547
2020-02-06,105.10941314697266
2020-02-07,104.26061248779297
2020-02-10,104.71627044677734
2020-02-11,105.34174346923828
2020-02-12,106.06544494628906
2020-02-13,105.96715545654297
2020-02-14,105.98503112792969
2020-02-18,105.66337585449219
2020-02-19,106.03862762451172
2020-02-20,106.01182556152344
2020-02-21,105.04688262939453
2020-02-24,101.86607360839844
2020-02-25,98.44403076171875
2020-02-26,97.5058822631836
2020-02-27,93.44050598144531
2020-02-28,92.44874572753906
2020-03-02,95.9780044555664
2020-03-03,93.58345794677734
2020-03-04,97.27357482910156
2020-03-05,93.7889633178711
2020-03-06,91.86799621582031
2020-03-09,83.90706634521484
2020-03-10,87.9455795288086
2020-03-11,83.20118713378906
2020-03-12,74.80245208740234
2020-03-13,80.87814331054688
2020-03-16,71.13917541503906
2020-03-17,75.16878509521484
2020-03-18,70.27247619628906
2020-03-19,70.46011352539062
2020-03-20,67.03807067871094
2020-03-23,64.65612030029297
2020-03-24,71.55840301513672
2020-03-25,73.35391998291016
2020-03-26,77.5765151977539
2020-03-27,75.26670837402344
2020-03-30,77.24266052246094
2020-03-31,75.80805969238281
2020-04-01,72.07269287109375
2020-04-02,73.20953369140625
2020-04-03,72.02760314941406
2020-04-06,77.47725677490234
2020-04-07,78.09980010986328
2020-04-08,81.32990264892578
2020-04-09,83.20660400390625
2020-04-13,81.41109466552734
2020-04-14,83.56754302978516
2020-04-15,80.86975860595703
2020-04-16,80.86975860595703
2020-04-17,83.89234924316406
2020-04-20,82.16903686523438
2020-04-21,79.76898956298828
2020-04-22,81.26675415039062
2020-04-23,81.33893585205078
2020-04-24,82.50285339355469
2020-04-27,84.87580871582031
2020-04-28,86.04875946044922
2020-04-29,89.03524780273438
2020-04-30,86.74346923828125
2020-05-01,83.61262512207031
2020-05-04,83.67577362060547
2020-05-05,84.05473327636719
2020-05-06,82.84571838378906
2020-05-07,84.33444213867188
2020-05-08,86.64423370361328
2020-05-11,85.61564636230469
2020-05-12,83.3780517578125
2020-05-13,80.93291473388672
2020-05-14,82.18708038330078
2020-05-15,82.34046173095703
2020-05-18,86.84274291992188
2020-05-19,85.64271545410156
2020-05-20,87.20362854003906
2020-05-21,86.81566619873047
2020-05-22,86.88785552978516
2020-05-26,89.70289611816406
2020-05-27,91.92245483398438
2020-05-28,91.00216674804688
2020-05-29,90.86679077148438
2020-06-01,91.9314956665039
2020-06-02,93.09540557861328
2020-06-03,95.61273956298828
2020-06-04,96.0999526977539
2020-06-05,99.64582824707031
2020-06-08,102.03682708740234
2020-06-09,99.48344421386719
2020-06-10,97.02926635742188
2020-06-11,90.31645202636719
2020-06-12,92.1209716796875
2020-06-15,93.14051818847656
2020-06-16,95.08040618896484
2020-06-17,94.0157241821289
2020-06-18,93.95256805419922
2020-06-19,92.97811126708984
2020-06-22,93.08231353759766
2020-06-23,93.19103240966797
2020-06-24,90.11063385009766
2020-06-25,91.03475952148438
2020-06-26,89.1865005493164
2020-06-29,90.96226501464844
2020-06-30,92.19442749023438
2020-07-01,92.06761169433594
2020-07-02,92.62025451660156
2020-07-06,93.63497161865234
2020-07-07,92.14005279541016
2020-07-08,92.41188049316406
2020-07-09,90.94413757324219
2020-07-10,92.47528839111328
2020-07-13,92.04042053222656
2020-07-14,93.53531646728516
2020-07-15,95.70063781738281
2020-07-16,95.56475830078125
2020-07-17,95.89089965820312
2020-07-20,95.38353729248047
2020-07-21,96.3348617553711
2020-07-22,97.10494995117188
2020-07-23,96.94185638427734
2020-07-24,96.23517608642578
2020-07-27,96.62477111816406
2020-07-28,96.03585052490234
2020-07-29,97.61231231689453
2020-07-30,96.8421859741211
2020-07-31,96.7968978881836
2020-08-03,97.03246307373047
2020-08-04,97.51264190673828
2020-08-05,98.30085754394531
2020-08-06,98.22837829589844
2020-08-07,99.22496795654297
2020-08-10,100.2668685913086
2020-08-11,100.15815734863281
2020-08-12,100.74703979492188
2020-08-13,100.2578353881836
2020-08-14,100.5477523803711
2020-08-17,100.59303283691406
2020-08-18,100.0132064819336
2020-08-19,99.62361907958984
2020-08-20,99.16156005859375
2020-08-21,98.98036193847656
2020-08-24,100.60209655761719
2020-08-25,100.60209655761719
2020-08-26,100.42993927001953
2020-08-27,100.94638061523438
2020-08-28,101.77989196777344
2020-08-31,100.92823791503906
2020-09-01,101.44467163085938
2020-09-02,103.24759674072266
2020-09-03,100.87389373779297
2020-09-04,100.63833618164062
2020-09-08,98.54547882080078
2020-09-09,99.68704986572266
2020-09-10,98.25556182861328
2020-09-11,98.77197265625
2020-09-14,100.36653137207031
2020-09-15,100.46617126464844
2020-09-16,101.13663482666016
2020-09-17,100.70177459716797
2020-09-18,99.4876937866211
2020-09-21,96.98216247558594
2020-09-22,97.43721008300781
2020-09-23,95.34395599365234
2020-09-24,95.49867248535156
2020-09-25,96.82745361328125
2020-09-28,98.69318389892578
2020-09-29,97.9013671875
2020-09-30,98.39285278320312
2020-10-01,98.74778747558594
2020-10-02,99.1846694946289
2020-10-05,100.92295837402344
2020-10-06,99.88545227050781
2020-10-07,101.70568084716797
2020-10-08,103.20738220214844
2020-10-09,103.36209869384766
2020-10-12,104.16300964355469
2020-10-13,103.10726928710938
2020-10-14,102.82514190673828
2020-10-15,103.29838562011719
2020-10-16,103.20738220214844
2020-10-19,101.83309936523438
2020-10-20,102.38825988769531
2020-10-21,102.04241180419922
2020-10-22,103.34387969970703
2020-10-23,103.88995361328125
2020-10-26,101.46906280517578
2020-10-27,100.2494888305664
2020-10-28,97.1823959350586
2020-10-29,98.16531372070312
2020-10-30,97.8467788696289
2020-11-02,100.03106689453125
2020-11-03,102.115234375
2020-11-04,102.19715118408203
2020-11-05,104.18120574951172
2020-11-06,103.7534408569336
2020-11-09,108.20391082763672
2020-11-10,108.7955093383789
2020-11-11,108.59526062011719
2020-11-12,106.90245056152344
2020-11-13,109.25965118408203
2020-11-16,111.5440444946289
2020-11-17,111.28010559082031
2020-11-18,109.96045684814453
2020-11-19,110.51561737060547
2020-11-20,109.88763427734375
2020-11-23,111.5167465209961
2020-11-24,113.9467544555664
2020-11-25,113.1003646850586
2020-11-27,113.0457534790039
2020-11-30,111.83527374267578
2020-12-01,112.87283325195312
2020-12-02,113.19136810302734
2020-12-03,113.82844543457031
2020-12-04,115.65777587890625
2020-12-07,115.08442687988281
2020-12-08,115.40296936035156
2020-12-09,115.02981567382812
2020-12-10,115.12989044189453
2020-12-11,114.4200210571289
2020-12-14,113.60090637207031
2020-12-15,115.48485565185547
2020-12-16,115.2391357421875
2020-12-17,115.89441680908203
2020-12-18,115.62137603759766
2020-12-21,114.70079803466797
2020-12-22,114.26240539550781
2020-12-23,114.92909240722656
2020-12-24,115.14830017089844
2020-12-28,115.495361328125
2020-12-29,114.91996002197266
2020-12-30,115.741943359375
2020-12-31,116.4817123413086
2021-01-04,114.80123138427734
2021-01-05,115.77845764160156
2021-01-06,118.5457534790039
2021-01-07,119.72391510009766
2021-01-08,119.93396759033203
2021-01-11,119.7969741821289
2021-01-12,120.7376480102539
2021-01-13,120.34494018554688
2021-01-14,120.7468032836914
2021-01-15,119.84264373779297
2021-01-19,120.41800689697266
2021-01-20,121.16694641113281
2021-01-21,120.55500793457031
2021-01-22,120.04358673095703
2021-01-25,119.93396759033203
2021-01-26,119.34032440185547
2021-01-27,116.59130859375
2021-01-28,117.62329864501953
2021-01-29,115.53186798095703
2021-02-01,117.06622314453125
2021-02-02,118.60968780517578
2021-02-03,118.92021942138672
2021-02-04,120.43627166748047
2021-02-05,121.05729675292969
2021-02-08,122.47291564941406
2021-02-09,122.42726135253906
2021-02-10,122.80171966552734
2021-02-11,122.8382339477539
2021-02-12,123.57803344726562
2021-02-16,123.66937255859375
2021-02-17,123.60541534423828
2021-02-18,122.91130065917969
2021-02-19,123.84288024902344
2021-02-22,124.05289459228516
2021-02-23,124.38168334960938
2021-02-24,126.34529113769531
2021-02-25,123.40446472167969
2021-02-26,122.56423950195312
2021-03-01,125.34065246582031
2021-03-02,124.71961212158203
2021-03-03,124.08033752441406
2021-03-04,122.39076232910156
2021-03-05,125.18540954589844
2021-03-08,126.00737762451172
2021-03-09,126.19004821777344
2021-03-10,127.48692321777344
2021-03-11,128.34544372558594
2021-03-12,129.3226318359375
2021-03-15,130.41859436035156
2021-03-16,129.21304321289062
2021-03-17,129.8797607421875
2021-03-18,128.61029052734375
2021-03-19,128.372802734375
2021-03-22,128.54348754882812
2021-03-23,126.69011688232422
2021-03-24,126.52494049072266
2021-03-25,128.0480194091797
2021-03-26,130.44271850585938
2021-03-29,129.76376342773438
2021-03-30,130.011474609375
2021-03-31,129.97483825683594
2021-04-01,131.27761840820312
2021-04-05,132.47042846679688
2021-04-06,132.6447296142578
2021-04-07,132.1492919921875
2021-04-08,132.39700317382812
2021-04-09,133.15858459472656
2021-04-12,133.38792419433594
2021-04-13,133.15858459472656
2021-04-14,133.36956787109375
2021-04-15,134.41554260253906
2021-04-16,135.01194763183594
2021-04-19,134.3788299560547
2021-04-20,133.37876892089844
2021-04-21,135.140380859375
2021-04-22,134.28709411621094
2021-04-23,135.73678588867188
2021-04-26,135.96612548828125
2021-04-27,136.1129608154297
2021-04-28,136.14964294433594
2021-04-29,137.0396270751953
2021-04-30,136.04869079589844
2021-05-03,136.8561553955078
2021-05-04,136.70018005371094
2021-05-05,136.98460388183594
2021-05-06,137.68190002441406
2021-05-07,139.1315460205078
2021-05-10,138.6636505126953
2021-05-11,136.9937744140625
2021-05-12,133.95680236816406
2021-05-13,135.76431274414062
2021-05-14,137.89288330078125
2021-05-17,137.74610900878906
2021-05-18,136.52584838867188
2021-05-19,135.8193359375
2021-05-20,136.846923828125
2021-05-21,137.03050231933594
2021-05-24,137.81954956054688
2021-05-25,137.2415008544922
2021-05-26,137.7094268798828
2021-05-27,138.38836669921875
2021-05-28,138.65444946289062
2021-06-01,139.1132049560547
2021-06-02,139.21414184570312
2021-06-03,139.01229858398438
2021-06-04,139.7003936767578
2021-06-07,139.45269775390625
2021-06-08,139.62701416015625
2021-06-09,138.9939422607422
2021-06-10,139.25999450683594
2021-06-11,139.62701416015625
2021-06-14,139.19577026367188
2021-06-15,139.21414184570312
2021-06-16,138.26910400390625
2021-06-17,136.9111785888672
2021-06-18,134.5531768798828
2021-06-21,137.1479949951172
2021-06-22,137.4332275390625
2021-06-23,137.20318603515625
2021-06-24,138.10494995117188
2021-06-25,139.07110595703125
2021-06-28,138.4914093017578
2021-06-29,138.39019775390625
2021-06-30,138.69383239746094
2021-07-01,139.65997314453125
2021-07-02,140.07408142089844
2021-07-06,138.8502655029297
2021-07-07,139.1815185546875
2021-07-08,137.90248107910156
2021-07-09,139.86241149902344
2021-07-12,140.3133087158203
2021-07-13,138.98826599121094
2021-07-14,138.7858428955078
2021-07-15,138.41781616210938
2021-07-16,137.38723754882812
2021-07-19,134.90284729003906
2021-07-20,137.46084594726562
2021-07-21,138.84104919433594
2021-07-22,138.45462036132812
2021-07-23,139.60479736328125
2021-07-26,140.00039672851562
2021-07-27,139.7519989013672
2021-07-28,139.8256072998047
2021-07-29,140.87460327148438
2021-07-30,140.48812866210938
2021-08-02,140.27651977539062
2021-08-03,141.45428466796875
2021-08-04,140.12005615234375
2021-08-05,141.17819213867188
2021-08-06,141.75794982910156
2021-08-09,141.43588256835938
2021-08-10,142.09835815429688
2021-08-11,143.0093231201172
2021-08-12,142.9357147216797
2021-08-13,142.91732788085938
2021-08-16,142.9633026123047
2021-08-17,141.88674926757812
2021-08-18,140.42369079589844
2021-08-19,140.1108856201172
2021-08-20,141.1230010986328
2021-08-23,142.18121337890625
2021-08-24,142.76089477539062
2021-08-25,143.51541137695312
2021-08-26,142.53085327148438
2021-08-27,144.0583038330078
2021-08-30,143.84669494628906
2021-08-31,143.8190460205078
2021-09-01,143.84669494628906
2021-09-02,144.82203674316406
2021-09-03,144.35275268554688
2021-09-07,143.14735412597656
2021-09-08,143.05538940429688
2021-09-09,142.65049743652344
2021-09-10,141.7119140625
2021-09-13,142.1075897216797
2021-09-14,141.0954132080078
2021-09-15,142.3468017578125
2021-09-16,142.0800018310547
2021-09-17,140.81936645507812
2021-09-20,138.69252014160156
2021-09-21,138.19386291503906
2021-09-22,139.74534606933594
2021-09-23,141.7955322265625
2021-09-24,142.03564453125
2021-09-27,142.50660705566406
2021-09-28,140.37332153320312
2021-09-29,140.6781005859375
2021-09-30,138.36009216308594
2021-10-01,140.2255859375
2021-10-04,139.3390350341797
2021-10-05,140.3363800048828
2021-10-06,140.5303192138672
2021-10-07,141.72164916992188
2021-10-08,141.38919067382812
2021-10-11,140.61341857910156
2021-10-12,140.65036010742188
2021-10-13,140.88128662109375
2021-10-14,143.3008270263672
2021-10-15,143.79026794433594
2021-10-18,143.84568786621094
2021-10-19,144.6861114501953
2021-10-20,145.7943115234375
2021-10-21,145.96975708007812
2021-10-22,146.38536071777344
2021-10-25,146.71783447265625
2021-10-26,146.43154907226562
2021-10-27,144.48292541503906
2021-10-28,145.95130920410156
2021-10-29,145.69273376464844
2021-11-01,146.8563690185547
2021-11-02,147.2626953125
2021-11-03,148.1307830810547
2021-11-04,147.82606506347656
2021-11-05,148.9527130126953
2021-11-08,149.17434692382812
2021-11-09,149.1558837890625
2021-11-10,148.20468139648438
2021-11-11,148.56483459472656
2021-11-12,149.28517150878906
2021-11-15,149.54376220703125
2021-11-16,149.73770141601562
2021-11-17,148.94346618652344
2021-11-18,148.3986358642578
2021-11-19,147.4381866455078
2021-11-22,147.66905212402344
2021-11-23,148.27854919433594
2021-11-24,148.35240173339844
2021-11-26,144.49220275878906
2021-11-29,145.7019805908203
2021-11-30,141.84169006347656
2021-12-01,140.0778045654297
2021-12-02,143.4670867919922
2021-12-03,142.68209838867188
2021-12-06,144.7969207763672
2021-12-07,147.24423217773438
2021-12-08,147.62289428710938
2021-12-09,146.570068359375
2021-12-10,147.5213165283203
2021-12-13,146.4500274658203
2021-12-14,145.5726776123047
2021-12-15,147.1611328125
2021-12-16,146.9025115966797
2021-12-17,144.9539337158203
2021-12-20,143.4664764404297
2021-12-21,146.37469482421875
2021-12-22,147.40274047851562
2021-12-23,148.40304565429688
2021-12-27,150.3017120361328
2021-12-28,150.5332489013672
2021-12-29,150.97784423828125
2021-12-30,150.73704528808594
2021-12-31,150.73704528808594
2022-01-03,150.8666534423828
2022-01-04,152.08001708984375
2022-01-05,149.7367706298828
2022-01-06,150.07017517089844
2022-01-07,149.82940673828125
2022-01-10,149.0791778564453
2022-01-11,150.4869842529297
2022-01-12,150.6073455810547
2022-01-13,149.91275024414062
2022-01-14,149.6533966064453
2022-01-18,147.27305603027344
2022-01-19,145.74490356445312
2022-01-20,143.89251708984375
2022-01-21,141.79005432128906
2022-01-24,142.8551788330078
2022-01-25,141.50291442871094
2022-01-26,140.36373901367188
2022-01-27,139.5764617919922
2022-01-28,141.966064453125
2022-01-31,144.15182495117188
2022-02-01,145.2725067138672
2022-02-02,146.21725463867188
2022-02-03,144.3648681640625
2022-02-04,144.23519897460938
2022-02-07,144.32778930664062
2022-02-08,145.65228271484375
2022-02-09,148.1159210205078
2022-02-10,145.78196716308594
2022-02-11,143.85545349121094
2022-02-14,142.70700073242188
2022-02-15,144.88352966308594
2022-02-16,145.3651580810547
2022-02-17,142.7532958984375
2022-02-18,142.21615600585938
2022-02-22,140.79905700683594
2022-02-23,138.62254333496094
2022-02-24,139.94692993164062
2022-02-25,143.70729064941406
2022-02-28,142.8644561767578
2022-03-01,140.4100341796875
2022-03-02,143.4016571044922
2022-03-03,143.10523986816406
2022-03-04,142.24386596679688
2022-03-07,138.30758666992188
2022-03-08,137.31655883789062
2022-03-09,140.2248077392578
2022-03-10,139.9562225341797
2022-03-11,138.48361206054688
2022-03-14,137.97418212890625
2022-03-15,140.197021484375
2022-03-16,142.84588623046875
2022-03-17,144.64271545410156
2022-03-18,145.5688934326172
2022-03-21,145.16339111328125
2022-03-22,146.38177490234375
2022-03-23,144.28916931152344
2022-03-24,145.97251892089844
2022-03-25,146.9677276611328
2022-03-28,147.4048309326172
2022-03-29,149.85089111328125
2022-03-30,148.7069091796875
2022-03-31,146.6793975830078
2022-04-01,147.15374755859375
2022-04-04,147.46990966796875
2022-04-05,145.89813232421875
2022-04-06,145.16339111328125
2022-04-07,145.60984802246094
2022-04-08,145.916748046875
2022-04-11,144.5030517578125
2022-04-12,144.01943969726562
2022-04-13,145.64703369140625
2022-04-14,144.65188598632812
2022-04-18,144.344970703125
2022-04-19,146.90257263183594
2022-04-20,147.84197998046875
2022-04-21,145.702880859375
2022-04-22,141.73147583007812
2022-04-25,142.15931701660156
2022-04-26,138.75535583496094
2022-04-27,139.01571655273438
2022-04-28,141.4338836669922
2022-04-29,137.1370086669922
2022-05-02,137.50901794433594
2022-05-03,138.64370727539062
2022-05-04,142.5034637451172
2022-05-05,138.21588134765625
2022-05-06,136.95098876953125
2022-05-09,132.88665771484375
2022-05-10,132.54249572753906
2022-05-11,130.83119201660156
2022-05-12,131.38925170898438
2022-05-13,134.39332580566406
2022-05-16,133.9189910888672
2022-05-17,136.75570678710938
2022-05-18,131.6124267578125
2022-05-19,131.31484985351562
2022-05-20,131.31484985351562
2022-05-23,133.16566467285156
2022-05-24,132.337890625
2022-05-25,133.86317443847656
2022-05-26,136.69061279296875
2022-05-27,139.8248748779297
2022-05-31,138.5135040283203
2022-06-01,137.0439910888672
2022-06-02,139.45286560058594
2022-06-03,137.80667114257812
2022-06-06,138.30889892578125
2022-06-07,139.62957763671875
2022-06-08,137.6578369140625
2022-06-09,134.53285217285156
2022-06-10,130.868408203125
2022-06-13,125.60429382324219
2022-06-14,124.9532470703125
2022-06-15,126.15302276611328
2022-06-16,121.6887435913086
2022-06-17,121.96775817871094
2022-06-21,124.07447052001953
2022-06-22,124.0090103149414
2022-06-23,125.03758239746094
2022-06-24,129.1051788330078
2022-06-27,129.0397491455078
2022-06-28,127.0760498046875
2022-06-29,126.29994201660156
2022-06-30,125.51448059082031
2022-07-01,127.04800415039062
2022-07-05,126.7488021850586
2022-07-06,126.77685546875
2022-07-07,128.618896484375
2022-07-08,128.1420440673828
2022-07-11,126.9638671875
2022-07-12,126.35607147216797
2022-07-13,125.65473937988281
2022-07-14,124.66357421875
2022-07-15,127.0293197631836
2022-07-18,126.47759246826172
2022-07-19,130.10569763183594
2022-07-20,130.97531127929688
2022-07-21,131.99447631835938
2022-07-22,131.22775268554688
2022-07-25,131.55502319335938
2022-07-26,130.52645874023438
2022-07-27,133.0605010986328
2022-07-28,135.16444396972656
2022-07-29,136.3706512451172
2022-08-01,136.1088104248047
2022-08-02,135.14572143554688
2022-08-03,136.54832458496094
2022-08-04,136.25843811035156
2022-08-05,136.4080810546875
2022-08-08,136.7914276123047
2022-08-09,135.9966278076172
2022-08-10,138.90469360351562
2022-08-11,139.52186584472656
2022-08-12,141.7753448486328
2022-08-15,142.0839080810547
2022-08-16,142.4954071044922
2022-08-17,141.15821838378906
2022-08-18,141.6070556640625
2022-08-19,139.7368927001953
2022-08-22,136.81947326660156
2022-08-23,136.46412658691406
2022-08-24,137.14675903320312
2022-08-25,139.25997924804688
2022-08-26,134.77169799804688
2022-08-29,133.98623657226562
2022-08-30,132.5742645263672
2022-08-31,131.62049865722656
2022-09-01,131.7327117919922
2022-09-02,130.7789306640625
2022-09-06,130.4142608642578
2022-09-07,133.27557373046875
2022-09-08,134.42567443847656
2022-09-09,136.2771453857422
2022-09-12,137.54885864257812
2022-09-13,132.10671997070312
2022-09-14,132.09739685058594
2022-09-15,131.05007934570312
2022-09-16,129.7410125732422
2022-09-19,130.70851135253906
2022-09-20,128.6044158935547
2022-09-21,126.47212982177734
2022-09-22,124.6592025756836
2022-09-23,122.5644760131836
2022-09-26,120.78911590576172
2022-09-27,120.4040298461914
2022-09-28,123.20323181152344
2022-09-29,120.8736801147461
2022-09-30,119.55860900878906
2022-10-03,122.89327239990234
2022-10-04,127.12966918945312
2022-10-05,126.63179016113281
2022-10-06,125.22283935546875
2022-10-07,122.2544937133789
2022-10-10,121.42790985107422
2022-10-11,120.8830795288086
2022-10-12,120.25371551513672
2022-10-13,123.14691162109375
2022-10-14,120.42279052734375
2022-10-17,123.04356384277344
2022-10-18,124.8658447265625
2022-10-19,123.39109802246094
2022-10-20,122.0196533203125
2022-10-21,124.80949401855469
2022-10-24,126.19972229003906
2022-10-25,128.62318420410156
2022-10-26,128.87681579589844
2022-10-27,128.9989471435547
2022-10-28,131.676025390625
2022-10-31,131.09365844726562
2022-11-01,131.41302490234375
2022-11-02,128.20989990234375
2022-11-03,127.561767578125
2022-11-04,129.5437469482422
2022-11-07,130.57699584960938
2022-11-08,131.35665893554688
2022-11-09,128.9989471435547
2022-11-10,135.91244506835938
2022-11-11,137.21810913085938
2022-11-14,135.72457885742188
2022-11-15,137.0020751953125
2022-11-16,135.5460968017578
2022-11-17,134.757080078125
2022-11-18,135.76214599609375
2022-11-21,135.705810546875
2022-11-22,137.5093231201172
2022-11-23,138.08230590820312
2022-11-25,138.5519561767578
2022-11-28,136.08152770996094
2022-11-29,136.51364135742188
2022-11-30,139.79190063476562
2022-12-01,139.9891815185547
2022-12-02,139.90463256835938
2022-12-05,137.19932556152344
2022-12-06,135.6964111328125
2022-12-07,135.47096252441406
2022-12-08,136.34454345703125
2022-12-09,135.29246520996094
2022-12-12,137.2838592529297
2022-12-13,138.24195861816406
2022-12-14,137.42478942871094
2022-12-15,134.4094696044922
2022-12-16,132.78443908691406
2022-12-19,131.69789123535156
2022-12-20,131.82997131347656
2022-12-21,133.8672332763672
2022-12-22,132.41473388671875
2022-12-23,133.26358032226562
2022-12-27,133.34848022460938
2022-12-28,131.43382263183594
2022-12-29,133.77291870117188
2022-12-30,133.22586059570312
2023-01-03,133.10324096679688
2023-01-04,135.1782989501953
2023-01-05,133.77291870117188
2023-01-06,136.97976684570312
2023-01-09,137.03634643554688
2023-01-10,138.064453125
2023-01-11,139.74331665039062
2023-01-12,140.27151489257812
2023-01-13,140.60166931152344
2023-01-17,140.29042053222656
2023-01-18,138.13047790527344
2023-01-19,136.70626831054688
2023-01-20,139.08309936523438
2023-01-23,140.8468780517578
2023-01-24,140.51673889160156
2023-01-25,140.8374481201172
2023-01-26,141.96926879882812
2023-01-27,142.2333526611328
2023-01-30,140.7242431640625
2023-01-31,143.11050415039062
2023-02-01,144.5724639892578
2023-02-02,146.1570281982422
2023-02-03,144.36500549316406
2023-02-06,143.34634399414062
2023-02-07,144.6856689453125
2023-02-08,143.26144409179688
2023-02-09,141.9503936767578
2023-02-10,142.38426208496094
2023-02-13,143.97825622558594
2023-02-14,143.70472717285156
2023-02-15,144.3838348388672
2023-02-16,142.7521209716797
2023-02-17,142.45028686523438
2023-02-21,139.35662841796875
2023-02-22,139.1868438720703
2023-02-23,139.7056121826172
2023-02-24,138.5077362060547
2023-02-27,138.67750549316406
2023-02-28,138.27195739746094
2023-03-01,138.0172882080078
2023-03-02,139.1019287109375
2023-03-03,141.0543670654297
2023-03-06,140.37527465820312
2023-03-07,138.11160278320312
2023-03-08,138.40402221679688
2023-03-09,135.3480682373047
2023-03-10,132.49020385742188
2023-03-13,130.86788940429688
2023-03-14,132.70712280273438
2023-03-15,130.84902954101562
2023-03-16,132.42417907714844
2023-03-17,130.1887969970703
2023-03-20,131.87704467773438
2023-03-21,133.64022827148438
2023-03-22,130.63525390625
2023-03-23,130.19921875
2023-03-24,131.308349609375
2023-03-27,132.18043518066406
2023-03-28,132.44583129882812
2023-03-29,134.43649291992188
2023-03-30,135.10008239746094
2023-03-31,137.09072875976562
2023-04-03,137.20449829101562
2023-04-04,135.8299560546875
2023-04-05,135.5455780029297
2023-04-06,135.640380859375
2023-04-10,136.465087890625
2023-04-11,137.35614013671875
2023-04-12,136.69256591796875
2023-04-13,137.7447967529297
2023-04-14,137.119140625
2023-04-17,138.0481414794922
2023-04-18,138.05763244628906
2023-04-19,138.0955047607422
2023-04-20,137.3372039794922
2023-04-21,137.37509155273438
2023-04-24,137.63101196289062
2023-04-25,135.2896270751953
2023-04-26,133.87722778320312
2023-04-27,136.07644653320312
2023-04-28,137.58367919921875
2023-05-01,137.4604034423828
2023-05-02,135.4033966064453
2023-05-03,134.61660766601562
2023-05-04,133.33689880371094
2023-05-05,135.58349609375
2023-05-08,135.33705139160156
2023-05-09,134.8346405029297
2023-05-10,134.815673828125
2023-05-11,134.1426544189453
2023-05-12,134.15213012695312
2023-05-15,134.91046142578125
2023-05-16,133.00511169433594
2023-05-17,134.6924285888672
2023-05-18,135.7825927734375
2023-05-19,135.42234802246094
2023-05-22,135.63088989257812
2023-05-23,134.18055725097656
2023-05-24,132.72073364257812
2023-05-25,132.63540649414062
2023-05-26,133.74449157714844
2023-05-30,133.5074920654297
2023-05-31,132.34156799316406
2023-06-01,133.33689880371094
2023-06-02,136.24703979492188
2023-06-05,135.7825927734375
2023-06-06,136.70211791992188
2023-06-07,137.70684814453125
2023-06-08,137.7637939453125
2023-06-09,137.60264587402344
2023-06-12,138.51263427734375
2023-06-13,139.84921264648438
2023-06-14,139.58380126953125
2023-06-15,141.19528198242188
2023-06-16,141.08154296875
2023-06-20,139.79818725585938
2023-06-21,139.5982666015625
2023-06-22,139.02703857421875
2023-06-23,137.8274383544922
2023-06-26,138.66525268554688
2023-06-27,140.3599090576172
2023-06-28,140.12185668945312
2023-06-29,141.2167205810547
2023-06-30,142.4639129638672
2023-07-03,142.81614685058594
2023-07-05,142.2068328857422
2023-07-06,141.04534912109375
2023-07-07,141.39761352539062
2023-07-10,142.66383361816406
2023-07-11,144.27279663085938
2023-07-12,144.93923950195312
2023-07-13,145.6247100830078
2023-07-14,144.76785278320312
2023-07-17,145.04396057128906
2023-07-18,145.93885803222656
2023-07-19,146.66246032714844
2023-07-20,146.5100860595703
2023-07-21,146.71957397460938
2023-07-24,147.12893676757812
2023-07-25,147.23365783691406
2023-07-26,147.56687927246094
2023-07-27,146.27207946777344
2023-07-28,146.99563598632812
2023-07-31,147.45265197753906
2023-08-01,146.85281372070312
2023-08-02,145.453369140625
2023-08-03,144.7297821044922
2023-08-04,144.08236694335938
2023-08-07,145.30101013183594
2023-08-08,144.57745361328125
2023-08-09,144.15853881835938
2023-08-10,143.98719787597656
2023-08-11,144.01573181152344
2023-08-14,143.98719787597656
2023-08-15,142.09259033203125
2023-08-16,141.05490112304688
2023-08-17,139.9695281982422
2023-08-18,140.2170867919922
2023-08-21,140.1885223388672
2023-08-22,139.63636779785156
2023-08-23,140.79783630371094
2023-08-24,139.44593811035156
2023-08-25,140.15045166015625
2023-08-28,141.1977081298828
2023-08-29,142.78761291503906
2023-08-30,143.23507690429688
2023-08-31,142.73049926757812
2023-09-01,143.3207244873047
2023-09-05,141.5499267578125
2023-09-06,141.06439208984375
2023-09-07,140.50270080566406
2023-09-08,140.56936645507812
2023-09-11,140.79783630371094
2023-09-12,140.616943359375
2023-09-13,140.0552520751953
2023-09-14,141.6927490234375
2023-09-15,140.50270080566406
2023-09-18,140.16612243652344
2023-09-19,139.93661499023438
2023-09-20,139.2960205078125
2023-09-21,136.98207092285156
2023-09-22,136.4370574951172
2023-09-25,136.78125
2023-09-26,134.8593292236328
2023-09-27,134.9071502685547
2023-09-28,135.84420776367188
2023-09-29,135.48086547851562
2023-10-02,133.9509735107422
2023-10-03,132.34458923339844
2023-10-04,133.09999084472656
2023-10-05,132.71749877929688
2023-10-06,133.8649139404297
2023-10-09,134.8210906982422
2023-10-10,135.853759765625
2023-10-11,136.14060974121094
2023-10-12,134.4386444091797
2023-10-13,134.14218139648438
2023-10-16,135.81552124023438
2023-10-17,136.48483276367188
2023-10-18,134.32386779785156
2023-10-19,132.66015625
2023-10-20,131.0059356689453
2023-10-23,130.17404174804688
2023-10-24,131.0059356689453
2023-10-25,129.56214904785156
2023-10-26,129.29440307617188
2023-10-27,127.80274200439453
2023-10-30,128.80674743652344
2023-10-31,129.8776397705078
2023-11-01,130.3175048828125
2023-11-02,133.20513916015625
2023-11-03,135.38522338867188
2023-11-06,134.67767333984375
2023-11-07,134.39080810546875
2023-11-08,134.1708984375
2023-11-09,133.03302001953125
2023-11-10,134.59161376953125
2023-11-13,134.41949462890625
2023-11-14,138.25375366210938
2023-11-15,138.9039306640625
2023-11-16,138.4449920654297
2023-11-17,139.1143341064453
2023-11-20,139.66891479492188
2023-11-21,139.41073608398438
2023-11-22,140.0609588623047
2023-11-24,140.4720916748047
2023-11-27,140.1852569580078
2023-11-28,140.05137634277344
2023-11-29,140.60595703125
2023-11-30,141.80120849609375
2023-12-01,143.9334716796875
2023-12-04,144.0004119873047
2023-12-05,142.71913146972656
2023-12-06,142.7669219970703
2023-12-07,143.5223388671875
2023-12-08,143.97174072265625
2023-12-11,145.2530059814453
2023-12-12,145.5111541748047
2023-12-13,148.59959411621094
2023-12-14,150.626708984375
2023-12-15,149.5557861328125
2023-12-18,149.62200927734375
2023-12-19,150.87950134277344
2023-12-20,148.38372802734375
2023-12-21,150.2075958251953
2023-12-22,150.71632385253906
2023-12-26,151.5802459716797
2023-12-27,151.72425842285156
2023-12-28,152.06021118164062
2023-12-29,151.47470092773438
2024-01-02,151.5226593017578
2024-01-03,149.2860870361328
2024-01-04,149.0364532470703
2024-01-05,149.46844482421875
2024-01-08,151.07151794433594
2024-01-09,150.3035430908203
2024-01-10,150.562744140625
2024-01-11,150.13079833984375
2024-01-12,149.7947998046875
2024-01-16,148.84451293945312
2024-01-17,147.6733856201172
2024-01-18,148.43173217773438
2024-01-19,149.57403564453125
2024-01-22,150.36114501953125
2024-01-23,150.4379425048828
2024-01-24,149.66041564941406
2024-01-25,151.16749572753906
2024-01-26,151.1866912841797
2024-01-29,152.10821533203125
2024-01-30,152.13702392578125
2024-01-31,150.1884002685547
2024-02-01,151.9354248046875
2024-02-02,151.801025390625
2024-02-05,150.49554443359375
2024-02-06,151.4458465576172
2024-02-07,152.04103088378906
2024-02-08,152.37696838378906
2024-02-09,152.5593719482422
2024-02-12,153.59608459472656
2024-02-13,151.04270935058594
2024-02-14,152.42498779296875
2024-02-15,154.3159942626953
2024-02-16,153.61526489257812
2024-02-20,153.26011657714844
2024-02-21,153.5672607421875
2024-02-22,155.0935516357422
2024-02-23,155.50631713867188
2024-02-26,154.88235473632812
2024-02-27,155.56390380859375
2024-02-28,155.6215057373047
2024-02-29,156.26463317871094
2024-03-01,157.35891723632812
2024-03-04,157.64691162109375
2024-03-05,156.9269561767578
2024-03-06,157.8197021484375
2024-03-07,159.05799865722656
2024-03-08,158.87562561035156
2024-03-11,159.07720947265625
2024-03-12,159.48992919921875
2024-03-13,159.56674194335938
2024-03-14,158.136474609375
2024-03-15,157.8292999267578
2024-03-18,158.26304626464844
2024-03-19,159.20770263671875
2024-03-20,160.56678771972656
2024-03-21,161.6656494140625
2024-03-22,160.62461853027344
2024-03-25,160.27760314941406
2024-03-26,160.12339782714844
2024-03-27,162.68734741210938
2024-03-28,163.2560577392578
2024-04-01,162.2921600341797
2024-04-02,160.89450073242188
2024-04-03,161.06802368164062
2024-04-04,159.4293670654297
2024-04-05,160.38363647460938
2024-04-08,160.87521362304688
2024-04-09,161.5113983154297
2024-04-10,158.7642822265625
2024-04-11,158.64862060546875
2024-04-12,156.13282775878906
2024-04-15,154.78338623046875
2024-04-16,153.92547607421875
2024-04-17,153.607421875
2024-04-18,153.46286010742188
2024-04-19,154.0411376953125
2024-04-22,155.21713256835938
2024-04-23,156.5955352783203
2024-04-24,156.81719970703125
2024-04-25,156.48948669433594
2024-04-26,156.56655883789062
2024-04-29,157.65577697753906
2024-04-30,155.3809814453125
2024-05-01,154.850830078125
2024-05-02,155.8050994873047
2024-05-03,156.91358947753906
2024-05-06,158.1184539794922
2024-05-07,158.5618438720703
2024-05-08,158.52333068847656
2024-05-09,159.85350036621094
2024-05-10,160.11375427246094
2024-05-13,160.07518005371094
2024-05-14,160.71136474609375
2024-05-15,161.9933319091797
2024-05-16,161.73309326171875
2024-05-17,161.97406005859375
2024-05-20,161.839111328125
2024-05-21,161.77166748046875
2024-05-22,161.15475463867188
2024-05-23,158.8992462158203
2024-05-24,159.9499053955078
2024-05-28,158.8413848876953
2024-05-29,156.98106384277344
2024-05-30,157.70401000976562
2024-05-31,159.795654296875
2024-06-03,158.94741821289062
2024-06-04,158.46546936035156
2024-06-05,159.4293670654297
2024-06-06,159.12091064453125
2024-06-07,158.6197052001953
2024-06-10,159.04379272460938
2024-06-11,158.38836669921875
2024-06-12,159.23658752441406
2024-06-13,158.78355407714844
2024-06-14,157.77146911621094
2024-06-17,158.9185028076172
2024-06-18,159.31370544433594
2024-06-20,159.4101104736328
2024-06-21,159.612548828125
2024-06-24,160.37997436523438
2024-06-25,159.2766876220703
2024-06-26,158.67669677734375
2024-06-27,158.8702392578125
2024-06-28,158.98638916015625
2024-07-01,157.69923400878906
2024-07-02,158.40570068359375
2024-07-03,158.4734649658203
2024-07-05,158.40570068359375
2024-07-08,158.71539306640625
2024-07-09,158.44442749023438
2024-07-10,159.75091552734375
2024-07-11,161.67677307128906
2024-07-12,163.09942626953125
2024-07-15,163.28329467773438
2024-07-16,166.17697143554688
2024-07-17,165.49951171875
2024-07-18,164.0768585205078
2024-07-19,162.97360229492188
2024-07-22,164.26077270507812
2024-07-23,163.68008422851562
2024-07-24,161.76388549804688
2024-07-25,161.95745849609375
2024-07-26,164.2704315185547
2024-07-29,164.49302673339844
2024-07-30,165.28659057617188
2024-07-31,166.07049560546875
2024-08-01,164.22207641601562
2024-08-02,161.39614868164062
2024-08-05,157.58309936523438
2024-08-06,159.1992645263672
2024-08-07,158.07666015625
2024-08-08,160.94126892089844
2024-08-09,161.2799835205078
2024-08-12,160.5057830810547
2024-08-13,162.33489990234375
2024-08-14,162.673583984375
2024-08-15,164.88011169433594
2024-08-16,165.27691650390625
2024-08-19,166.5350341796875
2024-08-20,165.87692260742188
2024-08-21,167.0382843017578
2024-08-22,166.5640411376953
2024-08-23,168.68348693847656
2024-08-26,168.65444946289062
2024-08-27,168.7318878173828
2024-08-28,168.26734924316406
2024-08-29,168.89637756347656
2024-08-30,170.20291137695312
2024-09-03,168.01573181152344
2024-09-04,167.77378845214844
2024-09-05,166.74795532226562
2024-09-06,164.95753479003906
2024-09-09,166.55441284179688
2024-09-10,166.6511688232422
2024-09-11,166.7285919189453
2024-09-12,167.7641143798828
2024-09-13,169.37059020996094
2024-09-16,170.5996856689453
2024-09-17,170.85130310058594
2024-09-18,170.53196716308594
2024-09-19,172.35137939453125
2024-09-20,171.7222900390625
2024-09-23,172.60157775878906
2024-09-24,172.85421752929688
2024-09-25,171.7854461669922
2024-09-26,173.223388671875
2024-09-27,173.84521484375
2024-09-30,174.0686798095703
2024-10-01,173.14566040039062
2024-10-02,172.96109008789062
2024-10-03,172.1449432373047
2024-10-04,173.4954376220703
2024-10-07,172.1449432373047
2024-10-08,172.5530242919922
2024-10-09,173.7383575439453
2024-10-10,173.08738708496094
2024-10-11,174.78765869140625
2024-10-14,176.0701446533203
2024-10-15,175.27345275878906
2024-10-16,176.45877075195312
2024-10-17,176.17701721191406
2024-10-18,176.70166015625
2024-10-21,175.19573974609375
2024-10-22,174.4087371826172
2024-10-23,173.83547973632812
2024-10-24,173.87437438964844
2024-10-25,173.0485076904297
2024-10-28,174.02980041503906
2024-10-29,173.5051727294922
2024-10-30,173.1262664794922
2024-10-31,171.2802276611328
2024-11-01,171.38711547851562
2024-11-04,171.59115600585938
2024-11-05,173.59259033203125
2024-11-06,177.70237731933594
2024-11-07,177.87725830078125
2024-11-08,178.86830139160156
2024-11-11,179.76217651367188
2024-11-12,178.39224243164062
2024-11-13,178.48939514160156
2024-11-14,177.06112670898438
2024-11-15,175.798095703125
2024-11-18,176.50732421875
2024-11-19,176.03126525878906
2024-11-20,176.62393188476562
2024-11-21,178.84884643554688
2024-11-22,180.2576446533203
2024-11-25,181.88992309570312
2024-11-26,181.90933227539062
2024-11-27,181.73448181152344
2024-11-29,182.28826904296875
2024-12-02,181.83160400390625
2024-12-03,181.0252227783203
2024-12-04,181.034912109375
2024-12-05,180.13134765625
2024-12-06,179.92733764648438
2024-12-09,179.18890380859375
2024-12-10,178.09104919433594
2024-12-11,178.25619506835938
2024-12-12,177.60523986816406
2024-12-13,176.98342895507812
2024-12-16,176.40048217773438
2024-12-17,175.01112365722656
2024-12-18,169.83258056640625
2024-12-19,169.26905822753906
2024-12-20,171.63973999023438
2024-12-23,171.8737335205078
2024-12-24,173.1704864501953
2024-12-26,173.45323181152344
2024-12-27,172.2734832763672
2024-12-30,170.53799438476562
2024-12-31,170.84996032714844
2025-01-02,170.3527069091797
2025-01-03,171.91273498535156
2025-01-06,171.79571533203125
2025-01-07,171.220458984375
2025-01-08,171.42523193359375
2025-01-10,168.9194793701172
2025-01-13,170.30398559570312
2025-01-14,171.67872619628906
2025-01-15,173.32650756835938
2025-01-16,174.69146728515625
2025-01-17,175.5397186279297
2025-01-21,177.5775146484375
2025-01-22,176.95350646972656
2025-01-23,177.79200744628906
2025-01-24,177.635986328125
2025-01-27,177.7530059814453
2025-01-28,176.87548828125
2025-01-29,176.29051208496094
2025-01-30,178.17225646972656
2025-01-31,176.7097625732422
2025-02-03,175.74447631835938
2025-02-04,175.95901489257812
2025-02-05,176.81700134277344
2025-02-06,176.5830078125
2025-02-07,175.7152557373047
2025-02-10,176.21249389648438
2025-02-11,176.23199462890625
2025-02-12,175.20823669433594
2025-02-13,176.729248046875
2025-02-14,176.55372619628906
2025-02-18,177.9090118408203
2025-02-19,178.26976013183594
2025-02-20,177.8212432861328
2025-02-21,175.32525634765625
2025-02-24,175.4715118408203
2025-02-25,175.64698791503906
2025-02-26,175.27650451660156
2025-02-27,173.7457275390625
2025-02-28,175.67623901367188
2025-03-03,173.80421447753906
2025-03-04,170.99623107910156
2025-03-05,172.58546447753906
2025-03-06,170.67446899414062
2025-03-07,172.2734832763672
2025-03-10,169.845703125
2025-03-11,167.58370971679688
2025-03-12,166.79396057128906
2025-03-13,165.1949462890625
2025-03-14,168.34420776367188
2025-03-17,170.61599731445312
2025-03-18,169.72874450683594
2025-03-19,170.98646545410156
2025-03-20,170.2747039794922
2025-03-21,169.49473571777344
2025-03-24,172.1212615966797
2025-03-25,171.7097930908203
2025-03-26,171.38648986816406
2025-03-27,170.9456329345703
2025-03-28,168.31027221679688
2025-03-31,169.7112274169922
2025-04-01,169.88758850097656
2025-04-02,171.30812072753906
2025-04-03,163.14732360839844
2025-04-04,153.98724365234375
2025-04-07,152.703857421875
2025-04-08,149.82357788085938
2025-04-09,161.8051300048828
2025-04-10,156.3580780029297
2025-04-11,158.72894287109375
2025-04-14,160.7568817138672
2025-04-15,160.2376251220703
2025-04-16,158.18031311035156
2025-04-17,159.35592651367188
2025-04-21,156.15235900878906
2025-04-22,160.00254821777344
2025-04-23,161.55044555664062
2025-04-24,164.28375244140625
2025-04-25,164.04864501953125
2025-04-28,164.5090789794922
2025-04-29,165.4691619873047
2025-04-30,165.7042999267578
2025-05-01,165.47898864746094
2025-05-02,168.3984375
2025-05-05,167.84002685546875
2025-05-06,166.59584045410156
2025-05-07,167.69308471679688
2025-05-08,169.1038055419922
2025-05-09,169.0646209716797
2025-05-12,173.69854736328125
2025-05-13,174.09042358398438
2025-05-14,173.04217529296875
2025-05-15,174.6194610595703
2025-05-16,176.33392333984375
2025-05-19,176.31431579589844
2025-05-20,175.8538818359375
2025-05-21,172.02328491210938
2025-05-22,171.47467041015625
2025-05-23,170.78887939453125
2025-05-27,173.97286987304688
2025-05-28,172.4935302734375
2025-05-29,172.914794921875
2025-05-30,172.8462371826172
2025-06-02,172.98338317871094
2025-06-03,174.42352294921875
2025-06-04,174.03163146972656
2025-06-05,173.5614013671875
2025-06-06,175.06031799316406
2025-06-09,175.0897216796875
2025-06-10,175.9616241455078
2025-06-11,175.46197509765625
2025-06-12,175.8734588623047
2025-06-13,173.74755859375
2025-06-16,175.4228057861328
2025-06-17,173.7377166748047
2025-06-18,173.75733947753906
2025-06-20,174.04144287109375
2025-06-23,175.57794189453125
2025-06-24,177.24037170410156
2025-06-25,175.9615936279297
2025-06-26,177.28955078125
2025-06-27,177.9387969970703
2025-06-30,178.77493286132812
2025-07-01,180.87017822265625
2025-07-02,181.2833251953125
2025-07-03,182.15879821777344
2025-07-07,180.7029266357422
2025-07-08,181.15545654296875
2025-07-09,181.69647216796875
2025-07-10,182.7490234375
2025-07-11,181.41119384765625
2025-07-14,181.5980987548828
2025-07-15,179.0798797607422
2025-07-16,179.7782745361328
2025-07-17,181.24398803710938
2025-07-18,181.1751251220703
2025-07-21,180.55540466308594
2025-07-22,182.8572235107422
2025-07-23,184.37208557128906
2025-07-24,183.78189086914062
2025-07-25,184.66720581054688
2025-07-28,183.57530212402344
2025-07-29,183.48678588867188
2025-07-30,182.29652404785156
2025-07-31,180.6341094970703
2025-08-01,178.59786987304688
2025-08-04,180.78164672851562
2025-08-05,180.27996826171875
2025-08-06,179.87664794921875
2025-08-07,179.76846313476562
2025-08-08,180.0930633544922
2025-08-11,179.60122680664062
2025-08-12,181.8833770751953
2025-08-13,184.4803009033203
2025-08-14,183.28021240234375
2025-08-15,182.8277130126953
2025-08-18,182.78839111328125
2025-08-19,183.64414978027344
2025-08-20,183.47694396972656
2025-08-21,182.83755493164062
2025-08-22,186.3984832763672
2025-08-25,184.97215270996094
2025-08-26,185.1000213623047
2025-08-27,185.76893615722656
2025-08-28,185.68040466308594
2025-08-29,185.5426788330078
2025-09-02,184.07701110839844
2025-09-03,183.79171752929688
2025-09-04,185.14920043945312
2025-09-05,185.36561584472656
2025-09-08,185.2180633544922
2025-09-09,184.6475372314453
2025-09-10,184.46063232421875
2025-09-11,187.22479248046875
2025-09-12,185.87713623046875
2025-09-15,185.5525360107422
2025-09-16,185.0606689453125
2025-09-17,185.2377471923828
2025-09-18,186.44766235351562
2025-09-19,186.12306213378906
2025-09-22,186.21197509765625
2025-09-23,186.43922424316406
2025-09-24,186.0045166015625
2025-09-25,184.47314453125
2025-09-26,186.30088806152344
2025-09-29,186.92330932617188
2025-09-30,187.4172821044922
2025-10-01,187.8421173095703
2025-10-02,188.2866973876953
2025-10-03,188.94862365722656
2025-10-06,188.8893585205078
2025-10-07,188.05947875976562
2025-10-08,188.67201232910156
2025-10-09,187.11102294921875
2025-10-10,182.8924102783203
2025-10-13,184.67074584960938
2025-10-14,186.20208740234375
2025-10-15,186.57752990722656
2025-10-16,184.80905151367188
2025-10-17,185.7476348876953
2025-10-20,187.60499572753906
2025-10-21,188.46453857421875
2025-10-22,187.5555877685547
2025-10-23,188.44479370117188
2025-10-24,188.95852661132812
2025-10-27,189.7982940673828
2025-10-28,188.16815185546875
2025-10-29,186.0637664794922
2025-10-30,185.26351928710938
2025-10-31,185.6685791015625
2025-11-03,185.21412658691406
2025-11-04,183.98904418945312
2025-11-05,185.06594848632812
2025-11-06,183.76181030273438
2025-11-07,185.3030242919922
2025-11-10,186.3700408935547
2025-11-11,187.44692993164062
2025-11-12,187.89151000976562
2025-11-13,185.7673797607422
2025-11-14,185.08567810058594
2025-11-17,182.65528869628906
2025-11-18,182.76397705078125
2025-11-19,182.21070861816406
2025-11-20,179.98777770996094
2025-11-21,183.5247039794922
2025-11-24,184.2854461669922
2025-11-25,186.90353393554688
2025-11-26,188.20765686035156
2025-11-28,189.22528076171875
2025-12-01,187.93104553222656
2025-12-02,187.75320434570312
2025-12-03,189.18576049804688
2025-12-04,189.2450408935547
2025-12-05,189.6896209716797
2025-12-08,188.55345153808594
2025-12-09,188.1977996826172
2025-12-10,190.8455352783203
2025-12-11,192.3867645263672
2025-12-12,191.08265686035156
2025-12-15,191.3197479248047
2025-12-16,189.97610473632812
2025-12-17,189.46237182617188
2025-12-18,189.86744689941406
2025-12-19,190.5590362548828
2025-12-22,191.9714813232422
2025-12-23,191.52513122558594
2025-12-24,192.21945190429688
2025-12-26,192.26905822753906
2025-12-29,191.95166015625
2025-12-30,191.6441650390625
2025-12-31,190.0075225830078
2026-01-02,191.29701232910156
2026-01-05,193.07247924804688
2026-01-06,195.4034423828125
2026-01-07,193.2113494873047
2026-01-08,194.86782836914062
2026-01-09,195.9985809326172
2026-01-12,196.1771240234375
2026-01-13,196.1771240234375
2026-01-14,197.06982421875
2026-01-15,197.9427032470703
2026-01-16,197.4368438720703
2026-01-20,194.4908905029297
2026-01-21,197.78399658203125
2026-01-22,198.04188537597656
2026-01-23,197.1591033935547
2026-01-26,197.62530517578125
2026-01-27,197.3177947998047
2026-01-28,196.65322875976562
2026-01-29,196.9111328125
2026-01-30,196.47470092773438
2026-02-02,197.48643493652344
2026-02-03,196.9607391357422
2026-02-04,198.6767120361328
2026-02-05,196.95079040527344
2026-02-06,200.62081909179688
2026-02-09,200.73985290527344
2026-02-10,201.4540252685547
2026-02-11,201.8111114501953
2026-02-12,199.16273498535156
2026-02-13,201.2258758544922
2026-02-17,200.8787078857422
2026-02-18,201.9202117919922
2026-02-19,201.49368286132812
2026-02-20,202.43597412109375
2026-02-23,200.2141571044922
2026-02-24,201.8111114501953
2026-02-25,201.93011474609375
2026-02-26,203.07078552246094
2026-02-27,203.30885314941406
2026-03-02,202.9319305419922
2026-03-03,200.44227600097656
2026-03-04,201.24571228027344
2026-03-05,198.9147491455078
2026-03-06,196.5441131591797
2026-03-09,197.099609375
2026-03-10,195.6216583251953
2026-03-11,194.97694396972656
2026-03-12,191.96156311035156
2026-03-13,191.95166015625
2026-03-16,193.37998962402344
2026-03-17,194.46115112304688
2026-03-18,191.9020538330078
2026-03-19,191.75328063964844
2026-03-20,188.936279296875
2026-03-23,190.9504852294922
2026-03-24,191.17959594726562
2026-03-25,192.10601806640625
2026-03-26,190.3428497314453
2026-03-27,187.7329559326172
2026-03-30,187.34446716308594
2026-03-31,191.17959594726562
2026-04-01,191.7971954345703
2026-04-02,192.34507751464844
2026-04-06,193.17189025878906
2026-04-07,192.74354553222656
2026-04-08,197.19630432128906
2026-04-09,197.3158416748047
2026-04-10,195.89134216308594
2026-04-13,198.0629425048828
2026-04-14,198.88973999023438
2026-04-15,198.95947265625
2026-04-16,199.865966796875
2026-04-17,202.37623596191406
2026-04-20,203.01377868652344
2026-04-21,201.7686004638672
2026-04-22,201.67893981933594
2026-04-23,201.66897583007812
2026-04-24,201.25059509277344
2026-04-27,201.0115203857422
2026-04-28,199.98548889160156
2026-04-29,199.63685607910156
2026-04-30,202.65516662597656
2026-05-01,202.0375518798828
2026-05-04,200.8621063232422
2026-05-05,202.4559326171875
2026-05-06,204.05972290039062
2026-05-07,202.7547607421875
2026-05-08,203.3126220703125
2026-05-11,203.2030487060547
2026-05-12,203.0237274169922
2026-05-13,202.1371612548828
2026-05-14,202.8743133544922
2026-05-15,200.78240966796875
2026-05-18,202.0176239013672
2026-05-19,200.84217834472656
2026-05-20,203.0436553955078
2026-05-21,203.92027282714844
2026-05-22,205.78305053710938
2026-05-26,206.83895874023438
2026-05-27,206.68954467773438
2026-05-28,207.4466094970703
2026-05-29,208.0243682861328
2026-06-01,208.4029083251953
2026-06-02,209.2296905517578
2026-06-03,208.4427490234375
2026-06-04,210.0166473388672
2026-06-05,207.02822875976562
2026-06-08,206.80906677246094
2026-06-09,208.3829803466797
2026-06-10,205.7332305908203
2026-06-11,208.94081115722656
2026-06-12,210.83348083496094
2026-06-15,212.05874633789062
2026-06-16,211.35147094726562
2026-06-17,208.18374633789062
2026-06-18,209.15000915527344
2026-06-22,209.61000061035156
2026-06-23,208.88999938964844
2026-06-24,210.3800048828125
2026-06-25,211.75
2026-06-26,210.30999755859375
2026-06-29,213.0500030517578
2026-06-30,212.77000427246094
2026-07-01,213.41000366210938
2026-07-02,214.91000366210938
2026-07-06,215.0
2026-07-07,214.72999572753906
2026-07-08,212.1999969482422
2026-07-09,213.5
2026-07-10,214.3000030517578
2026-07-13,214.22999572753906
2026-07-14,213.4499969482422
2026-07-15,212.97000122070312
2026-07-16,215.05999755859375
2026-07-17,213.3699951171875
2026-07-20,212.4199981689453
2026-07-21,212.75999450683594
2026-07-22,212.6999969482422
2026-07-23,211.9199981689453
2026-07-24,213.57000732421875
2026-07-27,215.17999267578125
2026-07-28,217.69000244140625
2026-07-29,215.72999572753906
2026-07-30,215.3800048828125
2026-07-31,215.00999450683594
2026-08-03,217.11000061035156
2026-08-04,220.22999572753906
2026-08-05,219.72999572753906
2026-08-06,218.5800018310547
2026-08-07,220.08999633789062
2026-08-10,220.22000122070312
2026-08-11,220.69000244140625
2026-08-12,221.0800018310547
2026-08-13,222.72999572753906
2026-08-14,222.77000427246094
2026-08-17,220.7899932861328
2026-08-18,219.7899932861328
2026-08-19,222.07000732421875
2026-08-20,220.27999877929688
2026-08-21,221.6699981689453
2026-08-24,221.92999267578125
2026-08-25,221.77000427246094
2026-08-26,222.11000061035156
2026-08-27,221.4499969482422
2026-08-31,219.38999938964844
2026-09-01,217.58999633789062
2026-09-02,218.60000610351562
