Date,Close
2000-05-26,11.550358772277832
2000-05-30,11.780460357666016
2000-05-31,12.010560989379883
2000-06-01,12.289705276489258
2000-06-02,12.640511512756348
2000-06-05,12.68388843536377
2000-06-06,12.566951751708984
2000-06-07,12.565071105957031
2000-06-08,12.561302185058594
2000-06-09,12.629194259643555
2000-06-12,12.516030311584473
2000-06-13,12.5084867477417
2000-06-14,12.615991592407227
2000-06-15,12.553751945495605
2000-06-16,12.523576736450195
2000-06-19,12.68200969696045
2000-06-20,12.685782432556152
2000-06-21,12.694747924804688
2000-06-22,12.630596160888672
2000-06-23,12.426806449890137
2000-06-26,12.413601875305176
2000-06-27,12.521159172058105
2000-06-28,12.86833381652832
2000-06-29,12.740030288696289
2000-06-30,12.717386245727539
2000-07-03,12.847579956054688
2000-07-05,12.777766227722168
2000-07-06,12.838151931762695
2000-07-07,13.024944305419922
2000-07-10,13.121172904968262
2000-07-11,13.102306365966797
2000-07-12,13.255148887634277
2000-07-13,13.274009704589844
2000-07-14,13.275899887084961
2000-07-17,13.362692832946777
2000-07-18,13.26080322265625
2000-07-19,12.987204551696777
2000-07-20,13.041925430297852
2000-07-21,12.800411224365234
2000-07-24,12.664556503295898
2000-07-25,12.679651260375977
2000-07-26,12.59852123260498
2000-07-27,12.496623039245605
2000-07-28,12.190954208374023
2000-07-31,12.358884811401367
2000-08-01,12.38907241821289
2000-08-02,12.513606071472168
2000-08-03,12.423035621643066
2000-08-04,12.47209644317627
2000-08-07,12.651351928710938
2000-08-08,12.653234481811523
2000-08-09,12.617380142211914
2000-08-10,12.611727714538574
2000-08-11,12.679651260375977
2000-08-14,12.849472045898438
2000-08-15,12.768328666687012
2000-08-16,12.800411224365234
2000-08-17,12.80795955657959
2000-08-18,12.94758415222168
2000-08-21,12.951355934143066
2000-08-22,12.98343563079834
2000-08-23,13.002299308776855
2000-08-24,13.117403984069824
2000-08-25,13.223068237304688
2000-08-28,13.20230770111084
2000-08-29,13.32873249053955
2000-08-30,13.366464614868164
2000-08-31,13.509865760803223
2000-09-01,13.55892562866211
2000-09-05,13.443826675415039
2000-09-06,13.40042781829834
2000-09-07,13.619304656982422
2000-09-08,13.479671478271484
2000-09-11,13.389105796813965
2000-09-12,13.438162803649902
2000-09-13,13.377793312072754
2000-09-14,13.553265571594238
2000-09-15,13.407977104187012
2000-09-18,13.09476375579834
2000-09-19,13.13060188293457
2000-09-20,13.15787124633789
2000-09-21,12.935052871704102
2000-09-22,13.09744930267334
2000-09-25,12.978482246398926
2000-09-26,12.878403663635254
2000-09-27,12.85573959350586
2000-09-28,13.233406066894531
2000-09-29,13.12954330444336
2000-10-02,12.991703033447266
2000-10-03,12.780210494995117
2000-10-04,12.90483570098877
2000-10-05,12.80097770690918
2000-10-06,12.495070457458496
2000-10-09,12.478072166442871
2000-10-10,12.321343421936035
2000-10-11,12.236371040344238
2000-10-12,12.021100997924805
2000-10-13,12.391213417053223
2000-10-16,12.474299430847168
2000-10-17,12.202378273010254
2000-10-18,12.066415786743164
2000-10-19,12.483739852905273
2000-10-20,12.651808738708496
2000-10-23,12.742447853088379
2000-10-24,12.753767967224121
2000-10-25,12.383665084838867
2000-10-26,12.549834251403809
2000-10-27,12.563047409057617
2000-10-30,12.62913990020752
2000-10-31,13.199420928955078
2000-11-01,13.067228317260742
2000-11-02,13.299509048461914
2000-11-03,13.354259490966797
2000-11-06,13.233406066894531
2000-11-07,13.303277969360352
2000-11-08,13.027580261230469
2000-11-09,12.980378150939941
2000-11-10,12.689576148986816
2000-11-13,12.62913990020752
2000-11-14,12.891623497009277
2000-11-15,13.048358917236328
2000-11-16,12.772652626037598
2000-11-17,12.874628067016602
2000-11-20,12.54605484008789
2000-11-21,12.432756423950195
2000-11-22,12.264694213867188
2000-11-24,12.561162948608398
2000-11-27,12.634808540344238
2000-11-28,12.200490951538086
2000-11-29,12.047537803649902
2000-11-30,11.873818397521973
2000-12-01,12.175944328308105
2000-12-04,12.13629150390625
2000-12-05,12.608366966247559
2000-12-06,12.421429634094238
2000-12-07,12.44597339630127
2000-12-08,12.62913990020752
2000-12-11,13.123880386352539
2000-12-12,12.946377754211426
2000-12-13,12.735943794250488
2000-12-14,12.541128158569336
2000-12-15,12.501014709472656
2000-12-18,12.632805824279785
2000-12-19,12.480001449584961
2000-12-20,12.134293556213379
2000-12-21,12.216423988342285
2000-12-22,12.636618614196777
2000-12-26,12.808530807495117
2000-12-27,13.03390884399414
2000-12-28,13.564896583557129
2000-12-29,13.213448524475098
2001-01-02,12.753128051757812
2001-01-03,13.2325439453125
2001-01-04,13.06446647644043
2001-01-05,12.73976993560791
2001-01-08,12.777962684631348
2001-01-09,12.743578910827637
2001-01-10,13.098848342895508
2001-01-11,13.2898530960083
2001-01-12,13.362433433532715
2001-01-16,13.461751937866211
2001-01-17,13.530511856079102
2001-01-18,13.545791625976562
2001-01-19,13.339508056640625
2001-01-22,13.45029067993164
2001-01-23,13.706232070922852
2001-01-24,13.706232070922852
2001-01-25,13.660386085510254
2001-01-26,13.679492950439453
2001-01-29,13.877979278564453
2001-01-30,13.910983085632324
2001-01-31,13.841306686401367
2001-02-01,13.92564868927002
2001-02-02,13.739845275878906
2001-02-05,13.788740158081055
2001-02-06,13.92810344696045
2001-02-07,14.001441955566406
2001-02-08,13.794857025146484
2001-02-09,13.690953254699707
2001-02-12,14.025891304016113
2001-02-13,13.89143180847168
2001-02-14,14.044225692749023
2001-02-15,14.0576753616333
2001-02-16,13.782633781433105
2001-02-20,13.580926895141602
2001-02-21,13.35234260559082
2001-02-22,13.18487548828125
2001-02-23,13.21054744720459
2001-02-26,13.507587432861328
2001-02-27,13.194652557373047
2001-02-28,13.018622398376465
2001-03-01,13.08096694946289
2001-03-02,13.143308639526367
2001-03-05,13.146979331970215
2001-03-06,13.299783706665039
2001-03-07,13.379237174987793
2001-03-08,13.305891036987305
2001-03-09,13.058967590332031
2001-03-12,12.695503234863281
2001-03-13,12.827672004699707
2001-03-14,12.513161659240723
2001-03-15,12.472776412963867
2001-03-16,12.187630653381348
2001-03-19,12.500924110412598
2001-03-20,12.262283325195312
2001-03-21,12.072603225708008
2001-03-22,11.931864738464355
2001-03-23,12.280641555786133
2001-03-26,12.378543853759766
2001-03-27,12.568236351013184
2001-03-28,12.219446182250977
2001-03-29,12.133785247802734
2001-03-30,12.421380043029785
2001-04-02,12.072603225708008
2001-04-03,11.69078254699707
2001-04-04,11.685882568359375
2001-04-05,12.28553581237793
2001-04-06,11.964906692504883
2001-04-09,12.219446182250977
2001-04-10,12.50337028503418
2001-04-11,12.396903991699219
2001-04-12,12.574348449707031
2001-04-16,12.34060287475586
2001-04-17,12.604950904846191
2001-04-18,12.879069328308105
2001-04-19,13.033265113830566
2001-04-20,12.825224876403809
2001-04-23,12.69061279296875
2001-04-24,12.689385414123535
2001-04-25,13.021031379699707
2001-04-26,13.19725513458252
2001-04-27,13.379595756530762
2001-04-30,13.39672565460205
2001-05-01,13.520330429077148
2001-05-02,13.484844207763672
2001-05-03,13.330641746520996
2001-05-04,13.497077941894531
2001-05-07,13.39428424835205
2001-05-08,13.509321212768555
2001-05-09,13.455473899841309
2001-05-10,13.486066818237305
2001-05-11,13.39061450958252
2001-05-14,13.4199800491333
2001-05-15,13.547260284423828
2001-05-16,13.798129081726074
2001-05-17,13.962119102478027
2001-05-18,14.04166316986084
2001-05-21,14.302332878112793
2001-05-22,14.416143417358398
2001-05-23,14.029424667358398
2001-05-24,14.039216041564941
2001-05-25,14.012289047241211
2001-05-29,13.822607040405273
2001-05-30,13.574180603027344
2001-05-31,13.669633865356445
2001-06-01,13.765090942382812
2001-06-04,13.935188293457031
2001-06-05,14.153021812438965
2001-06-06,14.004948616027832
2001-06-07,14.127330780029297
2001-06-08,14.008623123168945
2001-06-11,13.9336519241333
2001-06-12,13.925073623657227
2001-06-13,13.85893440246582
2001-06-14,13.56250286102295
2001-06-15,13.49267578125
2001-06-18,13.382436752319336
2001-06-19,13.345690727233887
2001-06-20,13.46204662322998
2001-06-21,13.557600975036621
2001-06-22,13.297916412353516
2001-06-25,13.278314590454102
2001-06-26,13.400808334350586
2001-06-27,13.575970649719238
2001-06-28,13.780533790588379
2001-06-29,13.965500831604004
2001-07-02,13.903037071228027
2001-07-03,13.841787338256836
2001-07-05,13.736442565917969
2001-07-06,13.496349334716797
2001-07-09,13.512274742126465
2001-07-10,13.332210540771484
2001-07-11,13.394686698913574
2001-07-12,13.730314254760742
2001-07-13,13.805036544799805
2001-07-16,13.655591011047363
2001-07-17,13.828313827514648
2001-07-18,13.688664436340332
2001-07-19,13.811161041259766
2001-07-20,13.840559005737305
2001-07-23,13.70091724395752
2001-07-24,13.49267578125
2001-07-25,13.53554916381836
2001-07-26,13.811161041259766
2001-07-27,13.867510795593262
2001-07-30,13.88465690612793
2001-07-31,13.872406005859375
2001-08-01,13.931205749511719
2001-08-02,13.95080280303955
2001-08-03,13.92263126373291
2001-08-06,13.713167190551758
2001-08-07,13.715618133544922
2001-08-08,13.512274742126465
2001-08-09,13.566170692443848
2001-08-10,13.604146003723145
2001-08-13,13.70091724395752
2001-08-14,13.785439491271973
2001-08-15,13.817276954650879
2001-08-16,13.931205749511719
2001-08-17,13.79524040222168
2001-08-20,13.847907066345215
2001-08-21,13.675190925598145
2001-08-22,13.814841270446777
2001-08-23,13.671517372131348
2001-08-24,13.85647964477539
2001-08-27,13.833208084106445
2001-08-28,13.70091724395752
2001-08-29,13.665395736694336
2001-08-30,13.563719749450684
2001-08-31,13.622520446777344
2001-09-04,13.560051918029785
2001-09-05,13.452259063720703
2001-09-06,13.198691368103027
2001-09-07,12.974533081054688
2001-09-10,12.79691219329834
2001-09-17,12.157495498657227
2001-09-18,11.888008117675781
2001-09-19,11.65527057647705
2001-09-20,11.208170890808105
2001-09-21,10.987682342529297
2001-09-24,11.37966251373291
2001-09-25,11.508278846740723
2001-09-26,11.32821273803711
2001-09-27,11.453156471252441
2001-09-28,11.69814395904541
2001-10-01,11.485006332397461
2001-10-02,11.635143280029297
2001-10-03,12.018150329589844
2001-10-04,12.052522659301758
2001-10-05,12.056205749511719
2001-10-08,11.93590259552002
2001-10-09,11.852418899536133
2001-10-10,12.167920112609863
2001-10-11,12.491999626159668
2001-10-12,12.359423637390137
2001-10-15,12.413434982299805
2001-10-16,12.53619384765625
2001-10-17,12.21579647064209
2001-10-18,12.128632545471191
2001-10-19,12.293131828308105
2001-10-22,12.445358276367188
2001-10-23,12.325048446655273
2001-10-24,12.370471954345703
2001-10-25,12.588984489440918
2001-10-26,12.657726287841797
2001-10-29,12.383967399597168
2001-10-30,12.202295303344727
2001-10-31,12.369237899780273
2001-11-01,12.537422180175781
2001-11-02,12.507965087890625
2001-11-05,12.687182426452637
2001-11-06,12.770671844482422
2001-11-07,12.75471305847168
2001-11-08,12.66263484954834
2001-11-09,12.650359153747559
2001-11-12,12.705598831176758
2001-11-13,12.911839485168457
2001-11-14,13.026004791259766
2001-11-15,12.94498348236084
2001-11-16,12.959711074829102
2001-11-19,13.07387638092041
2001-11-20,13.078786849975586
2001-11-21,13.012502670288086
2001-11-23,13.197861671447754
2001-11-26,13.227326393127441
2001-11-27,13.215058326721191
2001-11-28,12.976903915405273
2001-11-29,13.243289947509766
2001-11-30,13.18436050415039
2001-12-03,13.135258674621582
2001-12-04,13.454434394836426
2001-12-05,13.8190336227417
2001-12-06,13.913555145263672
2001-12-07,13.871819496154785
2001-12-10,13.615254402160645
2001-12-11,13.658219337463379
2001-12-12,13.660669326782227
2001-12-13,13.46670913696289
2001-12-14,13.585785865783691
2001-12-17,13.815536499023438
2001-12-18,13.944612503051758
2001-12-19,13.931078910827637
2001-12-20,13.712285995483398
2001-12-21,13.963037490844727
2001-12-24,14.06507396697998
2001-12-26,14.20888900756836
2001-12-27,14.267892837524414
2001-12-28,14.269132614135742
2001-12-31,14.062610626220703
2002-01-02,14.069993019104004
2002-01-03,14.310921669006348
2002-01-04,14.495298385620117
2002-01-07,14.30846118927002
2002-01-08,14.426470756530762
2002-01-09,14.321980476379395
2002-01-10,14.357641220092773
2002-01-11,14.175698280334473
2002-01-14,13.943381309509277
2002-01-15,14.067530632019043
2002-01-16,13.841347694396973
2002-01-17,13.976570129394531
2002-01-18,13.830283164978027
2002-01-22,13.671712875366211
2002-01-23,13.937235832214355
2002-01-24,14.025736808776855
2002-01-25,14.031878471374512
2002-01-28,14.1339111328125
2002-01-29,13.912646293640137
2002-01-30,14.081048965454102
2002-01-31,14.27773380279541
2002-02-01,14.153579711914062
2002-02-04,13.892983436584473
2002-02-05,13.837663650512695
2002-02-06,13.634839057922363
2002-02-07,13.502080917358398
2002-02-08,13.76144790649414
2002-02-11,13.921252250671387
2002-02-12,13.933536529541016
2002-02-13,14.047859191894531
2002-02-14,13.949518203735352
2002-02-15,13.885601043701172
2002-02-19,13.672941207885742
2002-02-20,13.835201263427734
2002-02-21,13.58689022064209
2002-02-22,13.767598152160645
2002-02-25,13.942146301269531
2002-02-26,13.982711791992188
2002-02-27,14.08596420288086
2002-02-28,13.982711791992188
2002-03-01,14.275275230407715
2002-03-04,14.554317474365234
2002-03-05,14.52973747253418
2002-03-06,14.742398262023926
2002-03-07,14.747313499450684
2002-03-08,14.854249954223633
2002-03-11,14.886127471923828
2002-03-12,14.857820510864258
2002-03-13,14.74953842163086
2002-03-14,14.809834480285645
2002-03-15,14.855360984802246
2002-03-18,15.010379791259766
2002-03-19,15.07559585571289
2002-03-20,14.883660316467285
2002-03-21,15.03006649017334
2002-03-22,14.979629516601562
2002-03-25,14.819681167602539
2002-03-26,14.998091697692871
2002-03-27,15.133423805236816
2002-03-28,15.070672988891602
2002-04-01,15.078048706054688
2002-04-02,14.998091697692871
2002-04-03,14.90211009979248
2002-04-04,14.825835227966309
2002-04-05,14.939022064208984
2002-04-08,15.096515655517578
2002-04-09,15.114965438842773
2002-04-10,15.37949275970459
2002-04-11,15.17033863067627
2002-04-12,15.471768379211426
2002-04-15,15.404098510742188
2002-04-16,15.736292839050293
2002-04-17,15.663702964782715
2002-04-18,15.635412216186523
2002-04-19,15.647713661193848
2002-04-22,15.492687225341797
2002-04-23,15.544363021850586
2002-04-24,15.410252571105957
2002-04-25,15.502535820007324
2002-04-26,15.287211418151855
2002-04-29,15.26261043548584
2002-04-30,15.550519943237305
2002-05-01,15.596033096313477
2002-05-02,15.663702964782715
2002-05-03,15.637866973876953
2002-05-06,15.354886054992676
2002-05-07,15.182634353637695
2002-05-08,15.534517288208008
2002-05-09,15.301980018615723
2002-05-10,15.03990650177002
2002-05-13,15.19493579864502
2002-05-14,15.687080383300781
2002-05-15,15.726463317871094
2002-05-16,15.442245483398438
2002-05-17,15.523435592651367
2002-05-20,15.348726272583008
2002-05-21,15.074361801147461
2002-05-22,15.057138442993164
2002-05-23,15.305668830871582
2002-05-24,15.07190227508545
2002-05-28,15.041142463684082
2002-05-29,14.884889602661133
2002-05-30,14.868889808654785
2002-05-31,14.887350082397461
2002-06-03,14.407504081726074
2002-06-04,14.37060546875
2002-06-05,14.413653373718262
2002-06-06,14.199584007263184
2002-06-07,14.376751899719238
2002-06-10,14.28570556640625
2002-06-11,14.085150718688965
2002-06-12,14.093762397766113
2002-06-13,13.909210205078125
2002-06-14,13.981806755065918
2002-06-17,14.360410690307617
2002-06-18,14.376420974731445
2002-06-19,14.148491859436035
2002-06-20,14.088130950927734
2002-06-21,14.08073616027832
2002-06-24,14.059791564941406
2002-06-25,13.761641502380371
2002-06-26,13.836792945861816
2002-06-27,14.085665702819824
2002-06-28,14.106600761413574
2002-07-01,13.71851921081543
2002-07-02,13.318124771118164
2002-07-03,13.17273998260498
2002-07-05,13.62242317199707
2002-07-08,13.398197174072266
2002-07-09,13.28608226776123
2002-07-10,12.93619155883789
2002-07-11,12.7661714553833
2002-07-12,12.681163787841797
2002-07-15,12.517305374145508
2002-07-16,12.3682279586792
2002-07-17,12.405186653137207
2002-07-18,12.092256546020508
2002-07-19,11.861869812011719
2002-07-22,11.507050514221191
2002-07-23,11.118965148925781
2002-07-24,11.604373931884766
2002-07-25,11.667208671569824
2002-07-26,11.753453254699707
2002-07-29,12.406425476074219
2002-07-30,12.381780624389648
2002-07-31,12.135381698608398
2002-08-01,12.049135208129883
2002-08-02,11.61176586151123
2002-08-05,11.312386512756348
2002-08-06,11.721420288085938
2002-08-07,11.854475021362305
2002-08-08,12.092256546020508
2002-08-09,12.073771476745605
2002-08-12,12.104578971862793
2002-08-13,11.827375411987305
2002-08-14,12.182195663452148
2002-08-15,12.251187324523926
2002-08-16,12.410122871398926
2002-08-19,12.6405029296875
2002-08-20,12.532088279724121
2002-08-21,12.7661714553833
2002-08-22,12.837626457214355
2002-08-23,12.551797866821289
2002-08-26,12.68979263305664
2002-08-27,12.40395736694336
2002-08-28,12.16247844696045
2002-08-29,12.26720142364502
2002-08-30,12.206836700439453
2002-09-03,11.83353328704834
2002-09-04,12.145232200622559
2002-09-05,11.932095527648926
2002-09-06,12.258578300476074
2002-09-09,12.307860374450684
2002-09-10,12.424901008605957
2002-09-11,12.406425476074219
2002-09-12,12.147701263427734
2002-09-13,12.259810447692871
2002-09-16,12.166387557983398
2002-09-17,11.977557182312012
2002-09-18,11.835631370544434
2002-09-19,11.515984535217285
2002-09-20,11.57645034790039
2002-09-23,11.274086952209473
2002-09-24,11.229656219482422
2002-09-25,11.49006462097168
2002-09-26,11.755403518676758
2002-09-27,11.504875183105469
2002-09-30,11.495001792907715
2002-10-01,11.813416481018066
2002-10-02,11.54190444946289
2002-10-03,11.292600631713867
2002-10-04,11.033421516418457
2002-10-07,10.700199127197266
2002-10-08,10.849530220031738
2002-10-09,10.453370094299316
2002-10-10,10.694024085998535
2002-10-11,11.027250289916992
2002-10-14,11.084020614624023
2002-10-15,11.53943157196045
2002-10-16,11.287663459777832
2002-10-17,11.588800430297852
2002-10-18,11.631990432739258
2002-10-21,11.892402648925781
2002-10-22,11.675189018249512
2002-10-23,11.860313415527344
2002-10-24,11.76528263092041
2002-10-25,11.887466430664062
2002-10-28,11.74676513671875
2002-10-29,11.736894607543945
2002-10-30,11.904741287231445
2002-10-31,11.829455375671387
2002-11-01,12.09480094909668
2002-11-04,12.157742500305176
2002-11-05,12.109613418579102
2002-11-06,12.279922485351562
2002-11-07,12.046670913696289
2002-11-08,11.914621353149414
2002-11-11,11.619650840759277
2002-11-12,11.725788116455078
2002-11-13,11.79243278503418
2002-11-14,12.063949584960938
2002-11-15,12.09480094909668
2002-11-18,11.965217590332031
2002-11-19,11.829455375671387
2002-11-20,12.140467643737793
2002-11-21,12.41568660736084
2002-11-22,12.428025245666504
2002-11-25,12.477396011352539
2002-11-26,12.360149383544922
2002-11-27,12.655110359191895
2002-11-29,12.466279983520508
2002-12-02,12.589698791503906
2002-12-03,12.46505069732666
2002-12-04,12.416923522949219
2002-12-05,12.241671562194824
2002-12-06,12.337935447692871
2002-12-09,12.09480094909668
2002-12-10,12.341632843017578
2002-12-11,12.310784339904785
2002-12-12,12.41568660736084
2002-12-13,12.181196212768555
2002-12-16,12.378683090209961
2002-12-17,12.267386436462402
2002-12-18,12.11899185180664
2002-12-19,11.997801780700684
2002-12-20,12.153619766235352
2002-12-23,12.217921257019043
2002-12-24,12.161035537719727
2002-12-26,12.167222023010254
2002-12-27,11.999042510986328
2002-12-30,12.023771286010742
2002-12-31,12.050980567932129
2003-01-02,12.391054153442383
2003-01-03,12.316849708557129
2003-01-06,12.43309497833252
2003-01-07,12.34158706665039
2003-01-08,12.224103927612305
2003-01-09,12.346535682678223
2003-01-10,12.35395336151123
2003-01-13,12.34158706665039
2003-01-14,12.27975845336914
2003-01-15,12.242657661437988
2003-01-16,12.295831680297852
2003-01-17,12.080659866333008
2003-01-21,11.917425155639648
2003-01-22,11.84693431854248
2003-01-23,11.943389892578125
2003-01-24,11.733162879943848
2003-01-27,11.501916885375977
2003-01-28,11.562508583068848
2003-01-29,11.667625427246094
2003-01-30,11.480891227722168
2003-01-31,11.68246078491211
2003-02-03,11.550140380859375
2003-02-04,11.581058502197266
2003-02-05,11.48212718963623
2003-02-06,11.400507926940918
2003-02-07,11.217485427856445
2003-02-10,11.30899715423584
2003-02-11,11.275609016418457
2003-02-12,11.14081859588623
2003-02-13,11.107425689697266
2003-02-14,11.247166633605957
2003-02-18,11.374540328979492
2003-02-19,11.285506248474121
2003-02-20,11.203886032104492
2003-02-21,11.357229232788086
2003-02-24,11.148238182067871
2003-02-25,11.259532928466797
2003-02-26,11.144527435302734
2003-02-27,11.247166633605957
2003-02-28,11.274372100830078
2003-03-03,11.22861099243164
2003-03-04,11.031991958618164
2003-03-05,11.043120384216309
2003-03-06,10.99118423461914
2003-03-07,11.017152786254883
2003-03-10,10.782547950744629
2003-03-11,10.720617294311523
2003-03-12,10.695846557617188
2003-03-13,10.968353271484375
2003-03-14,11.006750106811523
2003-03-17,11.269347190856934
2003-03-18,11.39940357208252
2003-03-19,11.3956937789917
2003-03-20,11.484869956970215
2003-03-21,11.697918891906738
2003-03-24,11.400644302368164
2003-03-25,11.525748252868652
2003-03-26,11.372157096862793
2003-03-27,11.441520690917969
2003-03-28,11.500978469848633
2003-03-31,11.331275939941406
2003-04-01,11.414266586303711
2003-04-02,11.69296932220459
2003-04-03,11.65333080291748
2003-04-04,11.618643760681152
2003-04-07,11.652094841003418
2003-04-08,11.602547645568848
2003-04-09,11.500978469848633
2003-04-10,11.520793914794922
2003-04-11,11.462577819824219
2003-04-14,11.69296932220459
2003-04-15,11.773481369018555
2003-04-16,11.660759925842285
2003-04-17,11.82922077178955
2003-04-21,11.922122955322266
2003-04-22,12.083146095275879
2003-04-23,12.121545791625977
2003-04-24,12.111634254455566
2003-04-25,11.928314208984375
2003-04-28,12.138884544372559
2003-04-29,12.209487915039062
2003-04-30,12.30239200592041
2003-05-01,12.26894474029541
2003-05-02,12.569947242736816
2003-05-05,12.560027122497559
2003-05-06,12.652932167053223
2003-05-07,12.629399299621582
2003-05-08,12.543925285339355
2003-05-09,12.690089225769043
2003-05-12,12.812719345092773
2003-05-13,12.812719345092773
2003-05-14,12.765649795532227
2003-05-15,12.812719345092773
2003-05-16,12.597189903259277
2003-05-19,12.36803913116455
2003-05-20,12.349459648132324
2003-05-21,12.402718544006348
2003-05-22,12.490666389465332
2003-05-23,12.612053871154785
2003-05-27,12.832536697387695
2003-05-28,12.957640647888184
2003-05-29,13.005949974060059
2003-05-30,13.245014190673828
2003-06-02,13.315610885620117
2003-06-03,13.315610885620117
2003-06-04,13.560868263244629
2003-06-05,13.658724784851074
2003-06-06,13.569536209106445
2003-06-09,13.341621398925781
2003-06-10,13.531135559082031
2003-06-11,13.693402290344238
2003-06-12,13.757818222045898
2003-06-13,13.588117599487305
2003-06-16,13.769184112548828
2003-06-17,13.839927673339844
2003-06-18,13.794017791748047
2003-06-19,13.688515663146973
2003-06-20,13.561935424804688
2003-06-23,13.360888481140137
2003-06-24,13.403083801269531
2003-06-25,13.451481819152832
2003-06-26,13.645081520080566
2003-06-27,13.595439910888672
2003-06-30,13.607858657836914
2003-07-01,13.6674222946167
2003-07-02,13.92308235168457
2003-07-03,13.856053352355957
2003-07-07,14.071995735168457
2003-07-08,14.363635063171387
2003-07-09,14.418241500854492
2003-07-10,14.181212425231934
2003-07-11,14.317707061767578
2003-07-14,14.394660949707031
2003-07-15,14.32392406463623
2003-07-16,14.234577178955078
2003-07-17,13.908183097839355
2003-07-18,14.028556823730469
2003-07-21,13.832481384277344
2003-07-22,13.97643756866455
2003-07-23,14.052142143249512
2003-07-24,14.054620742797852
2003-07-25,14.10798454284668
2003-07-28,14.253180503845215
2003-07-29,14.289175987243652
2003-07-30,14.250709533691406
2003-07-31,14.285459518432617
2003-08-01,14.091850280761719
2003-08-04,14.054620742797852
2003-08-05,13.836204528808594
2003-08-06,13.764222145080566
2003-08-07,13.862261772155762
2003-08-08,13.82751178741455
2003-08-11,13.94913387298584
2003-08-12,14.170042037963867
2003-08-13,14.234577178955078
2003-08-14,14.310276985168457
2003-08-15,14.420730590820312
2003-08-18,14.63542652130127
2003-08-19,14.867486000061035
2003-08-20,14.869969367980957
2003-08-21,14.970501899719238
2003-08-22,14.703680038452148
2003-08-25,14.670167922973633
2003-08-26,14.766965866088867
2003-08-27,14.76201343536377
2003-08-28,14.965533256530762
2003-08-29,14.999043464660645
2003-09-02,15.264620780944824
2003-09-03,15.370108604431152
2003-09-04,15.425948143005371
2003-09-05,15.246011734008789
2003-09-08,15.45077896118164
2003-09-09,15.332880973815918
2003-09-10,15.028827667236328
2003-09-11,15.140518188476562
2003-09-12,15.188915252685547
2003-09-15,15.136078834533691
2003-09-16,15.339967727661133
2003-09-17,15.333757400512695
2003-09-18,15.465533256530762
2003-09-19,15.316349029541016
2003-09-22,15.194509506225586
2003-09-23,15.277803421020508
2003-09-24,15.00554370880127
2003-09-25,14.652471542358398
2003-09-26,14.402584075927734
2003-09-29,14.645013809204102
2003-09-30,14.592799186706543
2003-10-01,14.918519020080566
2003-10-02,15.02295207977295
2003-10-03,15.315108299255371
2003-10-06,15.377267837524414
2003-10-07,15.51899242401123
2003-10-08,15.384727478027344
2003-10-09,15.502833366394043
2003-10-10,15.468027114868164
2003-10-13,15.68433666229248
2003-10-14,15.788769721984863
2003-10-15,15.664460182189941
2003-10-16,15.798705101013184
2003-10-17,15.556280136108398
2003-10-20,15.589852333068848
2003-10-21,15.602286338806152
2003-10-22,15.395919799804688
2003-10-23,15.316349029541016
2003-10-24,15.19202709197998
2003-10-27,15.461807250976562
2003-10-28,15.760170936584473
2003-10-29,15.857147216796875
2003-10-30,15.854658126831055
2003-10-31,15.85342025756836
2003-11-03,16.130657196044922
2003-11-04,16.16545295715332
2003-11-05,16.170433044433594
2003-11-06,16.236328125
2003-11-07,16.236328125
2003-11-10,15.993894577026367
2003-11-11,15.901904106140137
2003-11-12,16.21767234802246
2003-11-13,16.242534637451172
2003-11-14,16.012554168701172
2003-11-17,15.879520416259766
2003-11-18,15.726605415344238
2003-11-19,15.857147216796875
2003-11-20,15.751473426818848
2003-11-21,15.869583129882812
2003-11-24,16.248748779296875
2003-11-25,16.386756896972656
2003-11-26,16.43400001525879
2003-11-28,16.466323852539062
2003-12-01,16.691343307495117
2003-12-02,16.659008026123047
2003-12-03,16.354421615600586
2003-12-04,16.383026123046875
2003-12-05,16.211467742919922
2003-12-08,16.328327178955078
2003-12-09,16.092117309570312
2003-12-10,15.945416450500488
2003-12-11,16.305940628051758
2003-12-12,16.435245513916016
2003-12-15,16.160606384277344
2003-12-16,16.179279327392578
2003-12-17,16.247777938842773
2003-12-18,16.430885314941406
2003-12-19,16.464513778686523
2003-12-22,16.594039916992188
2003-12-23,16.68994140625
2003-12-24,16.577856063842773
2003-12-26,16.68745994567871
2003-12-29,16.914146423339844
2003-12-30,16.939048767089844
2003-12-31,16.68994140625
2004-01-02,16.772151947021484
2004-01-05,16.976409912109375
2004-01-06,16.936567306518555
2004-01-07,17.069826126098633
2004-01-08,17.115907669067383
2004-01-09,16.963960647583008
2004-01-12,17.150787353515625
2004-01-13,17.174455642700195
2004-01-14,17.28156852722168
2004-01-15,17.3027400970459
2004-01-16,17.300243377685547
2004-01-20,17.484586715698242
2004-01-21,17.561813354492188
2004-01-22,17.437253952026367
2004-01-23,17.58796501159668
2004-01-26,17.74364471435547
2004-01-27,17.487077713012695
2004-01-28,17.250431060791016
2004-01-29,17.147048950195312
2004-01-30,17.184417724609375
2004-02-02,17.145803451538086
2004-02-03,17.13334083557129
2004-02-04,16.800804138183594
2004-02-05,16.941537857055664
2004-02-06,17.300243377685547
2004-02-09,17.37498664855957
2004-02-10,17.54935646057129
2004-02-11,17.71625328063965
2004-02-12,17.641521453857422
2004-02-13,17.424802780151367
2004-02-17,17.667678833007812
2004-02-18,17.63530158996582
2004-02-19,17.33762550354004
2004-02-20,17.272850036621094
2004-02-23,17.07605743408203
2004-02-24,17.125885009765625
2004-02-25,17.34758186340332
2004-02-26,17.44972038269043
2004-02-27,17.498287200927734
2004-03-01,17.840816497802734
2004-03-02,17.73617935180664
2004-03-03,17.767324447631836
2004-03-04,17.92051124572754
2004-03-05,17.899337768554688
2004-03-08,17.748634338378906
2004-03-09,17.656469345092773
2004-03-10,17.275339126586914
2004-03-11,17.095985412597656
2004-03-12,17.52445411682129
2004-03-15,17.125885009765625
2004-03-16,17.125885009765625
2004-03-17,17.387434005737305
2004-03-18,17.250431060791016
2004-03-19,17.150787353515625
2004-03-22,16.894208908081055
2004-03-23,16.895458221435547
2004-03-24,16.845632553100586
2004-03-25,17.165729522705078
2004-03-26,17.205595016479492
2004-03-29,17.57421112060547
2004-03-30,17.710187911987305
2004-03-31,17.763822555541992
2004-04-01,17.84491539001465
2004-04-02,18.056982040405273
2004-04-05,18.20169448852539
2004-04-06,18.04076385498047
2004-04-07,18.123092651367188
2004-04-08,17.973407745361328
2004-04-12,18.0632266998291
2004-04-13,17.675262451171875
2004-04-14,17.601655960083008
2004-04-15,17.520570755004883
2004-04-16,17.647817611694336
2004-04-19,17.757585525512695
2004-04-20,17.43574333190918
2004-04-21,17.664030075073242
2004-04-22,17.994604110717773
2004-04-23,17.922256469726562
2004-04-26,17.839921951293945
2004-04-27,17.86113166809082
2004-04-28,17.551769256591797
2004-04-29,17.246139526367188
2004-04-30,17.072738647460938
2004-05-03,17.254859924316406
2004-05-04,17.3808536529541
2004-05-05,17.417028427124023
2004-05-06,17.21869468688965
2004-05-07,16.772096633911133
2004-05-10,16.467721939086914
2004-05-11,16.780832290649414
2004-05-12,16.84071159362793
2004-05-13,16.691011428833008
2004-05-14,16.612417221069336
2004-05-17,16.430294036865234
2004-05-18,16.633630752563477
2004-05-19,16.530088424682617
2004-05-20,16.60869026184082
2004-05-21,16.76959991455078
2004-05-24,16.956724166870117
2004-05-25,17.364652633666992
2004-05-26,17.451963424682617
2004-05-27,17.44073486328125
2004-05-28,17.44198989868164
2004-06-01,17.564241409301758
2004-06-02,17.546764373779297
2004-06-03,17.236160278320312
2004-06-04,17.432016372680664
2004-06-07,17.76631736755371
2004-06-08,17.792516708374023
2004-06-09,17.581695556640625
2004-06-10,17.55799674987793
2004-06-14,17.334707260131836
2004-06-15,17.604150772094727
2004-06-16,17.73887825012207
2004-06-17,17.745107650756836
2004-06-18,17.721416473388672
2004-06-21,17.726404190063477
2004-06-22,17.812484741210938
2004-06-23,18.028289794921875
2004-06-24,17.992115020751953
2004-06-25,18.156776428222656
2004-06-28,18.08965492248535
2004-06-29,18.273408889770508
2004-06-30,18.400911331176758
2004-07-01,18.177148818969727
2004-07-02,18.147157669067383
2004-07-06,17.91714096069336
2004-07-07,17.86089324951172
2004-07-08,17.56337547302246
2004-07-09,17.62087631225586
2004-07-12,17.577133178710938
2004-07-13,17.61587905883789
2004-07-14,17.51961898803711
2004-07-15,17.569625854492188
2004-07-16,17.464616775512695
2004-07-19,17.444616317749023
2004-07-20,17.725887298583984
2004-07-21,17.219608306884766
2004-07-22,17.1570987701416
2004-07-23,16.975839614868164
2004-07-26,16.80459213256836
2004-07-27,17.127105712890625
2004-07-28,17.0633487701416
2004-07-29,17.298362731933594
2004-07-30,17.38712501525879
2004-08-02,17.365856170654297
2004-08-03,17.143348693847656
2004-08-04,17.15085220336914
2004-08-05,16.79332733154297
2004-08-06,16.43831443786621
2004-08-09,16.39706039428711
2004-08-10,16.673328399658203
2004-08-11,16.65708351135254
2004-08-12,16.37456703186035
2004-08-13,16.36456871032715
2004-08-16,16.68207550048828
2004-08-17,16.74457550048828
2004-08-18,17.044599533081055
2004-08-19,17.00959014892578
2004-08-20,17.268362045288086
2004-08-23,17.15085220336914
2004-08-24,17.165855407714844
2004-08-25,17.26460838317871
2004-08-26,17.212099075317383
2004-08-27,17.357114791870117
2004-08-30,17.11334800720215
2004-08-31,17.21335792541504
2004-09-01,17.359607696533203
2004-09-02,17.625869750976562
2004-09-03,17.499618530273438
2004-09-07,17.737131118774414
2004-09-08,17.578371047973633
2004-09-09,17.794626235961914
2004-09-10,17.894634246826172
2004-09-13,18.03339195251465
2004-09-14,17.979642868041992
2004-09-15,17.870882034301758
2004-09-16,18.039644241333008
2004-09-17,18.007144927978516
2004-09-20,17.969642639160156
2004-09-21,18.147157669067383
2004-09-22,17.874637603759766
2004-09-23,17.8383846282959
2004-09-24,17.88589859008789
2004-09-27,17.68961524963379
2004-09-28,17.8749942779541
2004-09-29,18.080411911010742
2004-09-30,18.066635131835938
2004-10-01,18.51880645751953
2004-10-04,18.572669982910156
2004-10-05,18.565139770507812
2004-10-06,18.69038963317871
2004-10-07,18.41233253479004
2004-10-08,18.161823272705078
2004-10-11,18.21442985534668
2004-10-12,18.181861877441406
2004-10-13,17.972686767578125
2004-10-14,17.823638916015625
2004-10-15,17.980215072631836
2004-10-18,18.016536712646484
2004-10-19,17.851194381713867
2004-10-20,17.965177536010742
2004-10-21,18.201904296875
2004-10-22,17.888776779174805
2004-10-25,18.05537223815918
2004-10-26,18.297096252441406
2004-10-27,18.556379318237305
2004-10-28,18.44489860534668
2004-10-29,18.441144943237305
2004-11-01,18.538837432861328
2004-11-02,18.499998092651367
2004-11-03,18.81941032409668
2004-11-04,19.057390213012695
2004-11-05,19.19891929626465
2004-11-08,19.11000633239746
2004-11-09,19.188907623291016
2004-11-10,19.259048461914062
2004-11-11,19.4218807220459
2004-11-12,19.60349464416504
2004-11-15,19.684921264648438
2004-11-16,19.513315200805664
2004-11-17,19.66362190246582
2004-11-18,19.65109634399414
2004-11-19,19.401836395263672
2004-11-22,19.659860610961914
2004-11-23,19.727493286132812
2004-11-24,19.921642303466797
2004-11-26,19.952957153320312
2004-11-29,20.024349212646484
2004-11-30,20.05942153930664
2004-12-01,20.30992889404297
2004-12-02,20.18718147277832
2004-12-03,20.189693450927734
2004-12-06,20.045644760131836
2004-12-07,19.67112922668457
2004-12-08,19.767576217651367
2004-12-09,19.73500633239746
2004-12-10,19.859018325805664
2004-12-13,20.018085479736328
2004-12-14,20.152109146118164
2004-12-15,20.27861976623535
2004-12-16,20.14208221435547
2004-12-17,20.05315589904785
2004-12-20,20.08447265625
2004-12-21,20.281124114990234
2004-12-22,20.358779907226562
2004-12-23,20.38382911682129
2004-12-27,20.18707847595215
2004-12-28,20.512279510498047
2004-12-29,20.490930557250977
2004-12-30,20.457029342651367
2004-12-31,20.42940330505371
2005-01-03,20.09040641784668
2005-01-04,19.71373176574707
2005-01-05,19.398588180541992
2005-01-06,19.47141456604004
2005-01-07,19.26799964904785
2005-01-10,19.48773193359375
2005-01-11,19.323240280151367
2005-01-12,19.416160583496094
2005-01-13,19.339570999145508
2005-01-14,19.549251556396484
2005-01-18,19.81920051574707
2005-01-19,19.56557846069336
2005-01-20,19.47141456604004
2005-01-21,19.423696517944336
2005-01-24,19.29939842224121
2005-01-25,19.373476028442383
2005-01-26,19.67229652404785
2005-01-27,19.73131561279297
2005-01-28,19.650951385498047
2005-01-31,19.97111701965332
2005-02-01,20.138120651245117
2005-02-02,20.301342010498047
2005-02-03,20.23982048034668
2005-02-04,20.51352882385254
2005-02-07,20.524829864501953
2005-02-08,20.577556610107422
2005-02-09,20.165746688842773
2005-02-10,20.257389068603516
2005-02-11,20.47837257385254
2005-02-14,20.474611282348633
2005-02-15,20.473346710205078
2005-02-16,20.585098266601562
2005-02-17,20.399274826049805
2005-02-18,20.390480041503906
2005-02-22,20.005022048950195
2005-02-23,20.097936630249023
2005-02-24,20.321430206298828
2005-02-25,20.6591796875
2005-02-28,20.528596878051758
2005-03-01,20.693073272705078
2005-03-02,20.698097229003906
2005-03-03,20.698097229003906
2005-03-04,20.975568771362305
2005-03-07,20.976839065551758
2005-03-08,20.77720069885254
2005-03-09,20.529855728149414
2005-03-10,20.370399475097656
2005-03-11,20.4218692779541
2005-03-14,20.522319793701172
2005-03-15,20.379186630249023
2005-03-16,20.325197219848633
2005-03-17,20.30384635925293
2005-03-18,20.247344970703125
2005-03-21,20.25237464904785
2005-03-22,20.165746688842773
2005-03-23,19.93596839904785
2005-03-24,20.03264808654785
2005-03-28,20.054306030273438
2005-03-29,19.743223190307617
2005-03-30,20.031639099121094
2005-03-31,20.00644874572754
2005-04-01,19.91325569152832
2005-04-04,20.035415649414062
2005-04-05,20.082019805908203
2005-04-06,20.085786819458008
2005-04-07,20.178991317749023
2005-04-08,19.881763458251953
2005-04-11,19.833906173706055
2005-04-12,19.972440719604492
2005-04-13,19.660104751586914
2005-04-14,19.28226089477539
2005-04-15,18.95480728149414
2005-04-18,19.0668888092041
2005-04-19,19.396867752075195
2005-04-20,19.12482452392578
2005-04-21,19.51021957397461
2005-04-22,19.254552841186523
2005-04-25,19.46489143371582
2005-04-26,19.162616729736328
2005-04-27,19.167652130126953
2005-04-28,18.740697860717773
2005-04-29,18.893098831176758
2005-05-02,19.127355575561523
2005-05-03,19.143718719482422
2005-05-04,19.371688842773438
2005-05-05,19.417020797729492
2005-05-06,19.467395782470703
2005-05-09,19.639949798583984
2005-05-10,19.398134231567383
2005-05-11,19.44725799560547
2005-05-12,19.155054092407227
2005-05-13,19.06311798095703
2005-05-16,19.3527889251709
2005-05-17,19.48126220703125
2005-05-18,19.876726150512695
2005-05-19,19.949777603149414
2005-05-20,19.89939308166504
2005-05-23,20.073200225830078
2005-05-24,20.01401138305664
2005-05-25,19.817523956298828
2005-05-26,20.075712203979492
2005-05-27,20.20292854309082
2005-05-31,20.114770889282227
2005-06-01,20.37799644470215
2005-06-02,20.452295303344727
2005-06-03,20.287309646606445
2005-06-06,20.39059066772461
2005-06-07,20.45355224609375
2005-06-08,20.306198120117188
2005-06-09,20.493858337402344
2005-06-10,20.51652717590332
2005-06-13,20.535419464111328
2005-06-14,20.76968765258789
2005-06-15,20.83391571044922
2005-06-16,20.98126792907715
2005-06-17,20.91325569152832
2005-06-20,20.958599090576172
2005-06-21,20.952917098999023
2005-06-22,20.960494995117188
2005-06-23,20.687931060791016
2005-06-24,20.32830238342285
2005-06-27,20.441869735717773
2005-06-28,20.78257179260254
2005-06-29,20.86585807800293
2005-06-30,20.828001022338867
2005-07-01,21.00592041015625
2005-07-05,21.248186111450195
2005-07-06,21.119478225708008
2005-07-07,21.1800479888916
2005-07-08,21.5358943939209
2005-07-11,21.79330825805664
2005-07-12,21.744094848632812
2005-07-13,21.68730926513672
2005-07-14,21.501827239990234
2005-07-15,21.55481719970703
2005-07-18,21.414749145507812
2005-07-19,21.706241607666016
2005-07-20,22.00151252746582
2005-07-21,21.653244018554688
2005-07-22,21.929597854614258
2005-07-25,21.81980323791504
2005-07-26,21.804668426513672
2005-07-27,21.922014236450195
2005-07-28,22.175647735595703
2005-07-29,22.107505798339844
2005-08-01,22.17186737060547
2005-08-02,22.35357093811035
2005-08-03,22.262712478637695
2005-08-04,21.952302932739258
2005-08-05,21.69108772277832
2005-08-08,21.5472469329834
2005-08-09,21.600242614746094
2005-08-10,21.653244018554688
2005-08-11,21.84252166748047
2005-08-12,21.55481719970703
2005-08-15,21.732738494873047
2005-08-16,21.433685302734375
2005-08-17,21.316328048706055
2005-08-18,21.312545776367188
2005-08-19,21.40340232849121
2005-08-22,21.467758178710938
2005-08-23,21.44882583618164
2005-08-24,21.34283447265625
2005-08-25,21.456390380859375
2005-08-26,21.100557327270508
2005-08-29,21.308761596679688
2005-08-30,21.308761596679688
2005-08-31,21.74788475036621
2005-09-01,21.81980323791504
2005-09-02,21.645668029785156
2005-09-06,21.914447784423828
2005-09-07,21.99393653869629
2005-09-08,21.90687370300293
2005-09-09,22.05072784423828
2005-09-12,22.141576766967773
2005-09-13,21.990150451660156
2005-09-14,21.785737991333008
2005-09-15,21.77059555053711
2005-09-16,21.914447784423828
2005-09-19,21.872800827026367
2005-09-20,21.615381240844727
2005-09-21,21.308761596679688
2005-09-22,21.33904266357422
2005-09-23,21.47910499572754
2005-09-26,21.62057876586914
2005-09-27,21.63953399658203
2005-09-28,21.60918617248535
2005-09-29,21.86707305908203
2005-09-30,21.904987335205078
2005-10-03,22.045310974121094
2005-10-04,21.738136291503906
2005-10-05,21.19960594177246
2005-10-06,20.99103355407715
2005-10-07,21.267864227294922
2005-10-10,20.953096389770508
2005-10-11,20.748313903808594
2005-10-12,20.395614624023438
2005-10-13,20.463884353637695
2005-10-14,20.805200576782227
2005-10-17,20.831745147705078
2005-10-18,20.6269474029541
2005-10-19,21.01757049560547
2005-10-20,20.62314796447754
2005-10-21,20.816572189331055
2005-10-24,21.245113372802734
2005-10-25,21.154102325439453
2005-10-26,20.918973922729492
2005-10-27,20.55489730834961
2005-10-28,20.930347442626953
2005-10-31,21.12375831604004
2005-11-01,21.233739852905273
2005-11-02,21.654693603515625
2005-11-03,21.692626953125
2005-11-04,21.624359130859375
2005-11-07,21.692626953125
2005-11-08,21.65849494934082
2005-11-09,21.624359130859375
2005-11-10,21.715377807617188
2005-11-11,21.82914924621582
2005-11-14,21.798812866210938
2005-11-15,21.525758743286133
2005-11-16,21.567462921142578
2005-11-17,21.89740753173828
2005-11-18,22.00739097595215
2005-11-21,22.2539005279541
2005-11-22,22.367666244506836
2005-11-23,22.409391403198242
2005-11-25,22.424558639526367
2005-11-28,22.071866989135742
2005-11-29,22.15529441833496
2005-11-30,22.212182998657227
2005-12-01,22.59902000427246
2005-12-02,22.636940002441406
2005-12-05,22.523155212402344
2005-12-06,22.57625961303711
2005-12-07,22.432147979736328
2005-12-08,22.46627426147461
2005-12-09,22.530746459960938
2005-12-12,22.580049514770508
2005-12-13,22.62555694580078
2005-12-14,22.667266845703125
2005-12-15,22.424558639526367
2005-12-16,22.30320167541504
2005-12-19,22.014970779418945
2005-12-20,22.033935546875
2005-12-21,22.261486053466797
2005-12-22,22.329742431640625
2005-12-23,22.458593368530273
2005-12-27,22.070919036865234
2005-12-28,22.215351104736328
2005-12-29,22.154537200927734
2005-12-30,21.968297958374023
2006-01-03,22.355976104736328
2006-01-04,22.48139762878418
2006-01-05,22.5498104095459
2006-01-06,22.747451782226562
2006-01-09,22.971694946289062
2006-01-10,23.176937103271484
2006-01-11,23.135120391845703
2006-01-12,23.040109634399414
2006-01-13,22.998289108276367
2006-01-17,22.91848373413086
2006-01-18,22.89947509765625
2006-01-19,23.199735641479492
2006-01-20,22.964094161987305
2006-01-23,22.929889678955078
2006-01-24,23.23394012451172
2006-01-25,23.26434326171875
2006-01-26,23.553197860717773
2006-01-27,23.731849670410156
2006-01-30,23.72043800354004
2006-01-31,23.76984405517578
2006-02-01,23.857269287109375
2006-02-02,23.62542152404785
2006-02-03,23.522794723510742
2006-02-06,23.644424438476562
2006-02-07,23.309968948364258
2006-02-08,23.42018699645996
2006-02-09,23.260549545288086
2006-02-10,23.22254180908203
2006-02-13,23.047710418701172
2006-02-14,23.309968948364258
2006-02-15,23.48859405517578
2006-02-16,23.716646194458008
2006-02-17,23.655826568603516
2006-02-21,23.636821746826172
2006-02-22,23.76223373413086
2006-02-23,23.743244171142578
2006-02-24,23.906675338745117
2006-02-27,23.93328094482422
2006-02-28,23.655826568603516
2006-03-01,24.028303146362305
2006-03-02,24.009292602539062
2006-03-03,23.857269287109375
2006-03-06,23.644424438476562
2006-03-07,23.328969955444336
2006-03-08,23.37837791442871
2006-03-09,23.21493148803711
2006-03-10,23.56081199645996
2006-03-13,23.62542152404785
2006-03-14,23.895273208618164
2006-03-15,24.092920303344727
2006-03-16,24.06631088256836
2006-03-17,24.165132522583008
2006-03-20,24.19173240661621
2006-03-21,24.020694732666016
2006-03-22,24.22594451904297
2006-03-23,24.3969669342041
2006-03-24,24.529993057250977
2006-03-27,24.528852462768555
2006-03-28,24.422243118286133
2006-03-29,24.772552490234375
2006-03-30,24.74970054626465
2006-03-31,24.837278366088867
2006-04-03,24.64309310913086
2006-04-04,24.825857162475586
2006-04-05,24.886768341064453
2006-04-06,24.894392013549805
2006-04-07,24.58216094970703
2006-04-10,24.517436981201172
2006-04-11,24.178550720214844
2006-04-12,24.34227752685547
2006-04-13,24.376544952392578
2006-04-17,24.384170532226562
2006-04-18,24.9781494140625
2006-04-19,25.1951904296875
2006-04-20,25.160919189453125
2006-04-21,25.141881942749023
2006-04-24,24.95150375366211
2006-04-25,24.86011505126953
2006-04-26,24.902000427246094
2006-04-27,24.67354965209961
2006-04-28,24.863924026489258
2006-05-01,24.71162223815918
2006-05-02,24.924861907958984
2006-05-03,24.905813217163086
2006-05-04,25.187583923339844
2006-05-05,25.423643112182617
2006-05-08,25.454111099243164
2006-05-09,25.469337463378906
2006-05-10,25.35130500793457
2006-05-11,24.791582107543945
2006-05-12,24.273740768432617
2006-05-15,24.220434188842773
2006-05-16,24.254709243774414
2006-05-17,23.835861206054688
2006-05-18,23.576942443847656
2006-05-19,23.75589942932129
2006-05-22,23.607398986816406
2006-05-23,23.30659294128418
2006-05-24,23.45128631591797
2006-05-25,23.8663330078125
2006-05-26,23.98055076599121
2006-05-30,23.375139236450195
2006-05-31,23.733062744140625
2006-06-01,24.11382484436035
2006-06-02,24.10620880126953
2006-06-05,23.49317741394043
2006-06-06,23.378944396972656
2006-06-07,23.142873764038086
2006-06-08,23.169523239135742
2006-06-09,23.013412475585938
2006-06-12,22.514610290527344
2006-06-13,22.213804244995117
2006-06-14,22.301374435424805
2006-06-15,23.051490783691406
2006-06-16,22.67453384399414
2006-06-19,22.449880599975586
2006-06-20,22.36992073059082
2006-06-21,22.754487991333008
2006-06-22,22.644067764282227
2006-06-23,22.775665283203125
2006-06-26,23.031232833862305
2006-06-27,22.645980834960938
2006-06-28,22.748964309692383
2006-06-29,23.549983978271484
2006-06-30,23.68731117248535
2006-07-03,23.83987808227539
2006-07-05,23.57286834716797
2006-07-06,23.595760345458984
2006-07-07,23.27916145324707
2006-07-10,23.298240661621094
2006-07-11,23.420297622680664
2006-07-12,23.004531860351562
2006-07-13,22.54680824279785
2006-07-14,22.352266311645508
2006-07-17,22.25309944152832
2006-07-18,22.314128875732422
2006-07-19,22.951128005981445
2006-07-20,22.24928855895996
2006-07-21,21.947952270507812
2006-07-24,22.550615310668945
2006-07-25,22.7260799407959
2006-07-26,22.600204467773438
2006-07-27,22.348459243774414
2006-07-28,22.787109375
2006-07-31,22.80999755859375
2006-08-01,22.56587791442871
2006-08-02,22.77185821533203
2006-08-03,23.084632873535156
2006-08-04,22.905349731445312
2006-08-07,22.794742584228516
2006-08-08,22.497215270996094
2006-08-09,22.31793975830078
2006-08-10,22.451444625854492
2006-08-11,22.268356323242188
2006-08-14,22.35990333557129
2006-08-15,22.825252532958984
2006-08-16,23.179994583129883
2006-08-17,23.153289794921875
2006-08-18,23.26009750366211
2006-08-21,23.035045623779297
2006-08-22,23.092256546020508
2006-08-23,22.748964309692383
2006-08-24,22.65741729736328
2006-08-25,22.695566177368164
2006-08-28,22.935871124267578
2006-08-29,23.115142822265625
2006-08-30,23.2181339263916
2006-08-31,23.221948623657227
2006-09-01,23.33256721496582
2006-09-05,23.4660701751709
2006-09-06,23.031232833862305
2006-09-07,22.89390754699707
2006-09-08,22.98545265197754
2006-09-11,22.9091739654541
2006-09-12,23.40122413635254
2006-09-13,23.622453689575195
2006-09-14,23.4965763092041
2006-09-15,23.549983978271484
2006-09-18,23.611013412475586
2006-09-19,23.46988296508789
2006-09-20,23.725440979003906
2006-09-21,23.519474029541016
2006-09-22,23.252464294433594
2006-09-25,23.508028030395508
2006-09-26,23.64153289794922
2006-09-27,23.819265365600586
2006-09-28,23.693124771118164
2006-09-29,23.42558479309082
2006-10-02,23.203903198242188
2006-10-03,23.20008087158203
2006-10-04,23.674020767211914
2006-10-05,23.972137451171875
2006-10-06,23.815433502197266
2006-10-09,23.9874210357666
2006-10-10,24.040939331054688
2006-10-11,23.98361587524414
2006-10-12,24.400211334228516
2006-10-13,24.572208404541016
2006-10-16,24.759490966796875
2006-10-17,24.587507247924805
2006-10-18,24.56074333190918
2006-10-19,24.606605529785156
2006-10-20,24.44989776611328
2006-10-23,24.484298706054688
2006-10-24,24.545461654663086
2006-10-25,24.767141342163086
2006-10-26,24.958251953125
2006-10-27,24.667768478393555
2006-10-30,24.744205474853516
2006-10-31,24.629535675048828
2006-11-01,24.17852210998535
2006-11-02,24.109737396240234
2006-11-03,24.18617820739746
2006-11-06,24.56074333190918
2006-11-07,24.621904373168945
2006-11-08,24.79388999938965
2006-11-09,24.553102493286133
2006-11-10,24.702159881591797
2006-11-13,24.805356979370117
2006-11-14,25.22196388244629
2006-11-15,25.416893005371094
2006-11-16,25.340452194213867
2006-11-17,25.271657943725586
2006-11-20,25.317522048950195
2006-11-21,25.439821243286133
2006-11-22,25.481868743896484
2006-11-24,25.393959045410156
2006-11-27,24.828290939331055
2006-11-28,24.866512298583984
2006-11-29,25.26401710510254
2006-11-30,25.27547264099121
2006-12-01,25.187572479248047
2006-12-04,25.627111434936523
2006-12-05,25.69207191467285
2006-12-06,25.646221160888672
2006-12-07,25.550661087036133
2006-12-08,25.5009765625
2006-12-11,25.527729034423828
2006-12-12,25.378677368164062
2006-12-13,25.393959045410156
2006-12-14,25.596529006958008
2006-12-15,25.47040367126465
2006-12-18,25.13788414001465
2006-12-19,25.225784301757812
2006-12-20,25.30223274230957
2006-12-21,25.152414321899414
2006-12-22,25.07579803466797
2006-12-26,25.298009872436523
2006-12-27,25.650487899780273
2006-12-28,25.550884246826172
2006-12-29,25.282690048217773
2007-01-03,25.248214721679688
2007-01-04,25.229045867919922
2007-01-05,24.949359893798828
2007-01-08,24.934045791625977
2007-01-09,24.983856201171875
2007-01-10,24.99151039123535
2007-01-11,25.244375228881836
2007-01-12,25.478086471557617
2007-01-16,25.382299423217773
2007-01-17,25.393798828125
2007-01-18,25.07579803466797
2007-01-19,25.244375228881836
2007-01-22,25.02599334716797
2007-01-23,25.309513092041016
2007-01-24,25.577707290649414
2007-01-25,25.25971221923828
2007-01-26,25.317169189453125
2007-01-29,25.481916427612305
2007-01-30,25.66965103149414
2007-01-31,25.78842544555664
2007-02-01,26.12940216064453
2007-02-02,26.137073516845703
2007-02-05,26.07959747314453
2007-02-06,26.179218292236328
2007-02-07,26.389925003051758
2007-02-08,26.313310623168945
2007-02-09,26.137073516845703
2007-02-12,25.937833786010742
2007-02-13,26.183040618896484
2007-02-14,26.255840301513672
2007-02-15,26.28648567199707
2007-02-16,26.37077522277832
2007-02-20,26.623647689819336
2007-02-21,26.727081298828125
2007-02-22,26.75007438659668
2007-02-23,26.635133743286133
2007-02-26,26.573841094970703
2007-02-27,25.474262237548828
2007-02-28,25.623676300048828
2007-03-01,25.566198348999023
2007-03-02,25.08345603942871
2007-03-05,24.577735900878906
2007-03-06,25.144765853881836
2007-03-07,25.114120483398438
2007-03-08,25.374645233154297
2007-03-09,25.478086471557617
2007-03-12,25.5432186126709
2007-03-13,24.957029342651367
2007-03-14,25.202228546142578
2007-03-15,25.382299423217773
2007-03-16,25.305675506591797
2007-03-19,25.562374114990234
2007-03-20,25.78458595275879
2007-03-21,26.217519760131836
2007-03-22,26.255840301513672
2007-03-23,26.324792861938477
2007-03-26,26.223102569580078
2007-03-27,26.146347045898438
2007-03-28,25.935270309448242
2007-03-29,26.061920166015625
2007-03-30,26.061920166015625
2007-04-02,26.150184631347656
2007-04-03,26.399635314941406
2007-04-04,26.44185447692871
2007-04-05,26.403470993041992
2007-04-09,26.434165954589844
2007-04-10,26.526277542114258
2007-04-11,26.342069625854492
2007-04-12,26.480236053466797
2007-04-13,26.68363380432129
2007-04-16,27.002159118652344
2007-04-17,26.940746307373047
2007-04-18,26.768051147460938
2007-04-19,26.714332580566406
2007-04-20,27.017499923706055
2007-04-23,26.975297927856445
2007-04-24,26.95610237121582
2007-04-25,27.121124267578125
2007-04-26,27.263126373291016
2007-04-27,27.136463165283203
2007-04-30,26.66827392578125
2007-05-01,26.81794548034668
2007-05-02,27.186363220214844
2007-05-03,27.17484474182129
2007-05-04,27.443498611450195
2007-05-07,27.336050033569336
2007-05-08,27.259279251098633
2007-05-09,27.416624069213867
2007-05-10,27.075071334838867
2007-05-11,27.282306671142578
2007-05-14,27.05204963684082
2007-05-15,26.92156219482422
2007-05-16,27.021352767944336
2007-05-17,26.89085578918457
2007-05-18,27.14415168762207
2007-05-21,27.451171875
2007-05-22,27.620037078857422
2007-05-23,27.508750915527344
2007-05-24,27.190202713012695
2007-05-25,27.33218765258789
2007-05-29,27.558624267578125
2007-05-30,27.7313232421875
2007-05-31,27.834941864013672
2007-06-01,28.09206771850586
2007-06-04,28.115093231201172
2007-06-05,27.942401885986328
2007-06-06,27.600833892822266
2007-06-07,27.036697387695312
2007-06-08,27.343713760375977
2007-06-11,27.40511703491211
2007-06-12,26.971445083618164
2007-06-13,27.35907554626465
2007-06-14,27.593168258666992
2007-06-15,27.90018081665039
2007-06-18,27.838790893554688
2007-06-19,27.946237564086914
2007-06-20,27.562450408935547
2007-06-21,27.692943572998047
2007-06-22,27.462682723999023
2007-06-25,27.297664642333984
2007-06-26,27.036697387695312
2007-06-27,27.535600662231445
2007-06-28,27.562450408935547
2007-06-29,27.38682746887207
2007-07-02,27.748899459838867
2007-07-03,27.845197677612305
2007-07-05,27.895263671875
2007-07-06,27.956905364990234
2007-07-09,27.968456268310547
2007-07-10,27.510082244873047
2007-07-11,27.764301300048828
2007-07-12,28.041643142700195
2007-07-13,28.187997817993164
2007-07-16,28.103261947631836
2007-07-17,28.103261947631836
2007-07-18,28.02237319946289
2007-07-19,28.195707321166992
2007-07-20,27.76044273376465
2007-07-23,27.77971076965332
2007-07-24,27.136430740356445
2007-07-25,27.044002532958984
2007-07-26,26.362224578857422
2007-07-27,25.86148452758789
2007-07-30,26.273622512817383
2007-07-31,26.00014305114746
2007-08-01,26.10414695739746
2007-08-02,26.404592514038086
2007-08-03,25.39540672302246
2007-08-06,25.69198989868164
2007-08-07,26.011709213256836
2007-08-08,26.38532829284668
2007-08-09,25.803699493408203
2007-08-10,26.146522521972656
2007-08-13,26.00014305114746
2007-08-14,25.614953994750977
2007-08-15,25.368436813354492
2007-08-16,25.745912551879883
2007-08-17,26.219707489013672
2007-08-20,26.235111236572266
2007-08-21,26.36992073059082
2007-08-22,26.589487075805664
2007-08-23,26.31214714050293
2007-08-24,26.801332473754883
2007-08-27,26.44696807861328
2007-08-28,25.680435180664062
2007-08-29,26.35066795349121
2007-08-30,26.161911010742188
2007-08-31,26.485471725463867
2007-09-04,26.689620971679688
2007-09-05,26.531702041625977
2007-09-06,26.512453079223633
2007-09-07,26.185029983520508
2007-09-10,25.822954177856445
2007-09-11,26.269775390625
2007-09-12,26.138822555541992
2007-09-13,26.13495635986328
2007-09-14,26.346813201904297
2007-09-17,26.046367645263672
2007-09-18,27.109481811523438
2007-09-19,27.390682220458984
2007-09-20,27.205778121948242
2007-09-21,27.225046157836914
2007-09-24,26.993932723999023
2007-09-25,26.878381729125977
2007-09-26,27.0184383392334
2007-09-27,27.211374282836914
2007-09-28,26.914247512817383
2007-10-01,27.481483459472656
2007-10-02,27.70914649963379
2007-10-03,27.550933837890625
2007-10-04,27.62811851501465
2007-10-05,28.095016479492188
2007-10-08,27.92137336730957
2007-10-09,28.114309310913086
2007-10-10,28.02941131591797
2007-10-11,27.774751663208008
2007-10-12,27.975379943847656
2007-10-15,27.616546630859375
2007-10-16,27.284685134887695
2007-10-17,27.32712173461914
2007-10-18,27.211374282836914
2007-10-19,26.316160202026367
2007-10-22,26.794639587402344
2007-10-23,27.010723114013672
2007-10-24,26.844799041748047
2007-10-25,26.740617752075195
2007-10-26,27.273122787475586
2007-10-29,27.25768280029297
2007-10-30,27.033863067626953
2007-10-31,27.3773136138916
2007-11-01,26.316160202026367
2007-11-02,26.354747772216797
2007-11-05,26.034465789794922
2007-11-06,26.474380493164062
2007-11-07,25.62159538269043
2007-11-08,25.613880157470703
2007-11-09,25.405515670776367
2007-11-12,25.158557891845703
2007-11-13,25.880138397216797
2007-11-14,25.791378021240234
2007-11-15,25.428674697875977
2007-11-16,25.2858829498291
2007-11-19,24.7919864654541
2007-11-20,24.7919864654541
2007-11-21,24.4254150390625
2007-11-23,24.965620040893555
2007-11-26,24.18618392944336
2007-11-27,24.50258445739746
2007-11-28,25.42094612121582
2007-11-29,25.328344345092773
2007-11-30,25.428674697875977
2007-12-03,25.081392288208008
2007-12-04,25.035078048706055
2007-12-05,25.351490020751953
2007-12-06,25.976604461669922
2007-12-07,25.94573402404785
2007-12-10,26.26214027404785
2007-12-11,25.305185317993164
2007-12-12,25.45182228088379
2007-12-13,25.193288803100586
2007-12-14,24.892309188842773
2007-12-17,24.45627784729004
2007-12-18,24.788127899169922
2007-12-19,24.903888702392578
2007-12-20,25.255022048950195
2007-12-21,25.783662796020508
2007-12-24,25.98432159423828
2007-12-26,25.98817253112793
2007-12-27,25.384897232055664
2007-12-28,25.334592819213867
2007-12-31,25.16045570373535
2008-01-02,24.916669845581055
2008-01-03,24.599353790283203
2008-01-04,23.848648071289062
2008-01-07,23.97248077392578
2008-01-08,23.31077003479004
2008-01-09,23.577770233154297
2008-01-10,23.728681564331055
2008-01-11,23.248849868774414
2008-01-14,23.47715950012207
2008-01-15,23.0244140625
2008-01-16,23.08245277404785
2008-01-17,22.548442840576172
2008-01-18,22.389793395996094
2008-01-22,22.324003219604492
2008-01-23,23.121150970458984
2008-01-24,23.090192794799805
2008-01-25,22.9586238861084
2008-01-28,23.388158798217773
2008-01-29,23.581626892089844
2008-01-30,23.272062301635742
2008-01-31,23.802213668823242
2008-02-01,24.46779441833496
2008-02-04,24.220134735107422
2008-02-05,23.61646270751953
2008-02-06,23.2952880859375
2008-02-07,23.608720779418945
2008-02-08,23.523595809936523
2008-02-11,23.58551597595215
2008-02-12,23.844778060913086
2008-02-13,24.23174285888672
2008-02-14,23.713214874267578
2008-02-15,23.686126708984375
2008-02-19,23.62419891357422
2008-02-20,23.93764877319336
2008-02-21,23.80608367919922
2008-02-22,23.539079666137695
2008-02-25,24.018911361694336
2008-02-26,24.28204345703125
2008-02-27,24.289783477783203
2008-02-28,23.87186622619629
2008-02-29,23.237241744995117
2008-03-03,23.20628547668457
2008-03-04,23.066980361938477
2008-03-05,23.248849868774414
2008-03-06,22.594877243041992
2008-03-07,22.443965911865234
2008-03-10,22.010570526123047
2008-03-11,22.827054977416992
2008-03-12,22.606491088867188
2008-03-13,23.144372940063477
2008-03-14,22.575532913208008
2008-03-17,22.15374183654785
2008-03-18,23.171463012695312
2008-03-19,22.56391716003418
2008-03-20,23.090192794799805
2008-03-24,23.80608367919922
2008-03-25,23.93161392211914
2008-03-26,23.776641845703125
2008-03-27,23.42020606994629
2008-03-28,23.129615783691406
2008-03-31,23.21872329711914
2008-04-01,24.09820556640625
2008-04-02,24.195058822631836
2008-04-03,24.152442932128906
2008-04-04,24.206682205200195
2008-04-07,24.082704544067383
2008-04-08,24.051713943481445
2008-04-09,23.683650970458984
2008-04-10,23.854124069213867
2008-04-11,23.315593719482422
2008-04-14,23.191612243652344
2008-04-15,23.315593719482422
2008-04-16,24.02071189880371
2008-04-17,23.92386245727539
2008-04-18,24.26091957092285
2008-04-21,24.179561614990234
2008-04-22,23.784391403198242
2008-04-23,23.838626861572266
2008-04-24,24.16019058227539
2008-04-25,24.415891647338867
2008-04-28,24.570871353149414
2008-04-29,24.35003089904785
2008-04-30,24.24542999267578
2008-05-01,24.60186195373535
2008-05-02,24.597991943359375
2008-05-05,24.477882385253906
2008-05-06,24.543745040893555
2008-05-07,24.22217559814453
2008-05-08,24.268672943115234
2008-05-09,24.303539276123047
2008-05-12,24.55150032043457
2008-05-13,24.8459415435791
2008-05-14,24.8459415435791
2008-05-15,25.14040184020996
2008-05-16,25.155893325805664
2008-05-19,24.997041702270508
2008-05-20,24.935054779052734
2008-05-21,24.609615325927734
2008-05-22,24.791704177856445
2008-05-23,24.55150032043457
2008-05-27,24.869197845458984
2008-05-28,24.997041702270508
2008-05-29,25.124895095825195
2008-05-30,25.252748489379883
2008-06-02,25.093902587890625
2008-06-03,25.031911849975586
2008-06-04,25.132648468017578
2008-06-05,25.78352928161621
2008-06-06,24.923431396484375
2008-06-09,24.9040584564209
2008-06-10,24.795574188232422
2008-06-11,24.29191780090332
2008-06-12,24.3267879486084
2008-06-13,24.811079025268555
2008-06-16,25.06290626525879
2008-06-17,24.931188583374023
2008-06-18,24.795574188232422
2008-06-19,24.989303588867188
2008-06-20,24.566997528076172
2008-06-23,24.37327766418457
2008-06-24,23.987213134765625
2008-06-25,24.29793357849121
2008-06-26,23.75806427001953
2008-06-27,23.563859939575195
2008-06-30,23.369672775268555
2008-07-01,23.37744140625
2008-07-02,22.76378059387207
2008-07-03,22.530742645263672
2008-07-07,22.375389099121094
2008-07-08,23.097789764404297
2008-07-09,22.441402435302734
2008-07-10,22.678327560424805
2008-07-11,22.67444610595703
2008-07-14,22.456945419311523
2008-07-15,22.243324279785156
2008-07-16,23.043424606323242
2008-07-17,23.392967224121094
2008-07-18,23.319177627563477
2008-07-21,23.443462371826172
2008-07-22,24.018285751342773
2008-07-23,24.17752456665039
2008-07-24,23.571624755859375
2008-07-25,23.738645553588867
2008-07-28,23.358020782470703
2008-07-29,23.948373794555664
2008-07-30,24.014404296875
2008-07-31,23.812437057495117
2008-08-01,23.956148147583008
2008-08-04,23.65319061279297
2008-08-05,24.243558883666992
2008-08-06,24.360074996948242
2008-08-07,24.092084884643555
2008-08-08,24.740699768066406
2008-08-11,25.358243942260742
2008-08-12,25.160167694091797
2008-08-13,25.20676612854004
2008-08-14,25.373781204223633
2008-08-15,25.42815399169922
2008-08-18,24.977632522583008
2008-08-19,24.569799423217773
2008-08-20,24.620298385620117
2008-08-21,24.42609977722168
2008-08-22,24.849445343017578
2008-08-25,24.398916244506836
2008-08-26,24.441633224487305
2008-08-27,24.697973251342773
2008-08-28,25.08637237548828
2008-08-29,24.833927154541016
2008-09-02,24.958194732666016
2008-09-03,25.02423095703125
2008-09-04,24.251319885253906
2008-09-05,24.231901168823242
2008-09-08,24.81449317932129
2008-09-09,23.998868942260742
2008-09-10,24.270742416381836
2008-09-11,24.464941024780273
2008-09-12,24.52320098876953
2008-09-15,23.610483169555664
2008-09-16,24.305702209472656
2008-09-17,23.28422737121582
2008-09-18,24.655248641967773
2008-09-19,25.292224884033203
2008-09-22,24.5465087890625
2008-09-23,24.23967170715332
2008-09-24,23.793020248413086
2008-09-25,23.925071716308594
2008-09-26,24.12762451171875
2008-09-29,22.651302337646484
2008-09-30,23.181060791015625
2008-10-01,23.17327880859375
2008-10-02,21.860549926757812
2008-10-03,21.404794692993164
2008-10-06,20.621829986572266
2008-10-07,19.38701820373535
2008-10-08,18.978015899658203
2008-10-09,17.40040397644043
2008-10-10,18.198951721191406
2008-10-13,19.577892303466797
2008-10-14,19.242889404296875
2008-10-15,17.486103057861328
2008-10-16,18.452138900756836
2008-10-17,17.96912384033203
2008-10-20,18.80272102355957
2008-10-21,18.420974731445312
2008-10-22,17.341976165771484
2008-10-23,16.847267150878906
2008-10-24,16.072099685668945
2008-10-27,15.639716148376465
2008-10-28,16.668087005615234
2008-10-29,17.00698471069336
2008-10-30,17.76266860961914
2008-10-31,18.60016441345215
2008-11-03,18.47551727294922
2008-11-04,18.76376724243164
2008-11-05,17.786035537719727
2008-11-06,17.112157821655273
2008-11-07,17.369243621826172
2008-11-10,16.987499237060547
2008-11-11,16.61355209350586
2008-11-12,15.678672790527344
2008-11-13,16.878433227539062
2008-11-14,15.717628479003906
2008-11-17,15.581281661987305
2008-11-18,15.554022789001465
2008-11-19,14.295838356018066
2008-11-20,13.372648239135742
2008-11-21,14.104959487915039
2008-11-24,15.113847732543945
2008-11-25,15.339784622192383
2008-11-26,16.118846893310547
2008-11-28,16.395408630371094
2008-12-01,14.665886878967285
2008-12-02,15.324197769165039
2008-12-03,15.830588340759277
2008-12-04,15.351471900939941
2008-12-05,15.89681339263916
2008-12-08,16.551233291625977
2008-12-09,16.111053466796875
2008-12-10,16.473316192626953
2008-12-11,15.608558654785156
2008-12-12,16.165592193603516
2008-12-15,15.686469078063965
2008-12-16,16.578487396240234
2008-12-17,16.882322311401367
2008-12-18,16.63302993774414
2008-12-19,16.707035064697266
2008-12-22,16.53564453125
2008-12-23,16.227914810180664
2008-12-24,16.325883865356445
2008-12-26,16.580610275268555
2008-12-29,16.267112731933594
2008-12-30,16.819652557373047
2008-12-31,17.23113250732422
2009-01-02,17.521135330200195
2009-01-05,17.50153923034668
2009-01-06,17.701391220092773
2009-01-07,17.133169174194336
2009-01-08,17.207622528076172
2009-01-09,16.5688419342041
2009-01-12,16.098587036132812
2009-01-13,16.239673614501953
2009-01-14,15.577384948730469
2009-01-15,15.800761222839355
2009-01-16,16.012378692626953
2009-01-20,14.942533493041992
2009-01-21,15.58131217956543
2009-01-22,15.142393112182617
2009-01-23,15.220773696899414
2009-01-26,15.377523422241211
2009-01-27,15.55778694152832
2009-01-28,16.180891036987305
2009-01-29,15.51076602935791
2009-01-30,15.216853141784668
2009-02-02,15.28739070892334
2009-02-03,15.346176147460938
2009-02-04,15.275635719299316
2009-02-05,15.436306953430176
2009-02-06,16.06332015991211
2009-02-09,15.898728370666504
2009-02-10,15.220773696899414
2009-02-11,15.212930679321289
2009-02-12,15.330498695373535
2009-02-13,15.169816970825195
2009-02-17,14.54672908782959
2009-02-18,14.405656814575195
2009-02-19,14.256739616394043
2009-02-20,14.143092155456543
2009-02-23,13.516077041625977
2009-02-24,14.021607398986816
2009-02-25,13.692423820495605
2009-02-26,13.480802536010742
2009-02-27,13.418103218078613
2009-03-02,12.653929710388184
2009-03-03,12.442314147949219
2009-03-04,12.685282707214355
2009-03-05,12.070022583007812
2009-03-06,12.030837059020996
2009-03-09,11.7996244430542
2009-03-10,12.516773223876953
2009-03-11,12.563799858093262
2009-03-12,13.233922004699707
2009-03-13,13.410268783569336
2009-03-16,13.233922004699707
2009-03-17,13.782561302185059
2009-03-18,14.237141609191895
2009-03-19,14.072549819946289
2009-03-20,13.578779220581055
2009-03-23,14.719152450561523
2009-03-24,14.205791473388672
2009-03-25,14.4983549118042
2009-03-26,15.135385513305664
2009-03-27,14.667440414428711
2009-03-30,14.238822937011719
2009-03-31,14.30960464477539
2009-04-01,14.620256423950195
2009-04-02,15.328072547912598
2009-04-03,15.622992515563965
2009-04-06,15.390982627868652
2009-04-07,14.820805549621582
2009-04-08,15.0881986618042
2009-04-09,16.008358001708984
2009-04-13,16.055543899536133
2009-04-14,15.54827880859375
2009-04-15,15.811739921569824
2009-04-16,16.248231887817383
2009-04-17,16.45270538330078
2009-04-20,15.650522232055664
2009-04-21,16.189239501953125
2009-04-22,16.30327033996582
2009-04-23,16.21677017211914
2009-04-24,16.499889373779297
2009-04-27,16.334735870361328
2009-04-28,16.38585662841797
2009-04-29,16.956037521362305
2009-04-30,16.897056579589844
2009-05-01,16.96783447265625
2009-05-04,17.57733917236328
2009-05-05,17.46330451965332
2009-05-06,17.51048469543457
2009-05-07,17.20770263671875
2009-05-08,17.746431350708008
2009-05-11,17.40431785583496
2009-05-12,17.12905502319336
2009-05-13,16.31900978088379
2009-05-14,16.507753372192383
2009-05-15,16.444841384887695
2009-05-18,17.034685134887695
2009-05-19,17.011085510253906
2009-05-20,16.889184951782227
2009-05-21,16.613922119140625
2009-05-22,16.43304443359375
2009-05-26,17.270620346069336
2009-05-27,16.900981903076172
2009-05-28,16.90492057800293
2009-05-29,17.211633682250977
2009-06-01,17.946983337402344
2009-06-02,18.135726928710938
2009-06-03,17.9351749420166
2009-06-04,18.28908348083496
2009-06-05,18.26941680908203
2009-06-08,18.029550552368164
2009-06-09,18.12786102294922
2009-06-10,18.049217224121094
2009-06-11,17.954843521118164
2009-06-12,17.986297607421875
2009-06-15,17.53801155090332
2009-06-16,17.180171966552734
2009-06-17,17.345327377319336
2009-06-18,17.42005157470703
2009-06-19,17.526216506958008
2009-06-22,16.912778854370117
2009-06-23,16.75664520263672
2009-06-24,16.874919891357422
2009-06-25,17.312578201293945
2009-06-26,17.509716033935547
2009-06-29,17.54913902282715
2009-06-30,17.51759147644043
2009-07-01,17.82119369506836
2009-07-02,17.225826263427734
2009-07-06,17.06417465209961
2009-07-07,16.76059341430664
2009-07-08,16.677793502807617
2009-07-09,16.630481719970703
2009-07-10,16.72116470336914
2009-07-13,17.099672317504883
2009-07-14,17.22977638244629
2009-07-15,17.876399993896484
2009-07-16,18.077465057373047
2009-07-17,18.041980743408203
2009-07-20,18.254892349243164
2009-07-21,18.19179916381836
2009-07-22,18.32586097717285
2009-07-23,18.873899459838867
2009-07-24,18.936981201171875
2009-07-27,18.992183685302734
2009-07-28,19.0316162109375
2009-07-29,18.936981201171875
2009-07-30,19.22480583190918
2009-07-31,19.22480583190918
2009-08-03,19.603313446044922
2009-08-04,19.71371078491211
2009-08-05,19.520511627197266
2009-08-06,19.264230728149414
2009-08-07,19.788619995117188
2009-08-10,19.788619995117188
2009-08-11,19.500789642333984
2009-08-12,19.725522994995117
2009-08-13,19.871414184570312
2009-08-14,19.504741668701172
2009-08-17,18.96063804626465
2009-08-18,19.228748321533203
2009-08-19,19.347028732299805
2009-08-20,19.59147834777832
2009-08-21,20.033071517944336
2009-08-24,20.005470275878906
2009-08-25,20.072490692138672
2009-08-26,20.10797882080078
2009-08-27,20.088268280029297
2009-08-28,20.01729393005371
2009-08-31,19.68215560913086
2009-09-01,19.256343841552734
2009-09-02,19.169607162475586
2009-09-03,19.398292541503906
2009-09-04,19.611196517944336
2009-09-08,19.84775733947754
2009-09-09,20.072490692138672
2009-09-10,20.31300163269043
2009-09-11,20.32877540588379
2009-09-14,20.51013946533203
2009-09-15,20.695451736450195
2009-09-16,21.081836700439453
2009-09-17,21.054243087768555
2009-09-18,21.1291446685791
2009-09-21,21.03451919555664
2009-09-22,21.18040657043457
2009-09-23,21.013229370117188
2009-09-24,20.59825897216797
2009-09-25,20.507360458374023
2009-09-28,20.985570907592773
2009-09-29,20.94999885559082
2009-09-30,20.685205459594727
2009-10-01,20.08054542541504
2009-10-02,19.890844345092773
2009-10-05,20.250476837158203
2009-10-06,20.594310760498047
2009-10-07,20.645687103271484
2009-10-08,20.855148315429688
2009-10-09,21.07646369934082
2009-10-12,21.127843856811523
2009-10-13,21.06460952758789
2009-10-14,21.46376609802246
2009-10-15,21.451906204223633
2009-10-16,21.242460250854492
2009-10-19,21.46376609802246
2009-10-20,21.17131233215332
2009-10-21,20.87095069885254
2009-10-22,21.143648147583008
2009-10-23,20.752391815185547
2009-10-26,20.582456588745117
2009-10-27,20.337427139282227
2009-10-28,19.73670196533203
2009-10-29,20.092395782470703
2009-10-30,19.53120231628418
2009-11-02,19.5035400390625
2009-11-03,19.74460792541504
2009-11-04,19.511442184448242
2009-11-05,20.072633743286133
2009-11-06,20.08449363708496
2009-11-09,20.479698181152344
2009-11-10,20.38089942932129
2009-11-11,20.53502655029297
2009-11-12,20.139820098876953
2009-11-13,20.278148651123047
2009-11-16,20.8195743560791
2009-11-17,20.799823760986328
2009-11-18,20.76425552368164
2009-11-19,20.226760864257812
2009-11-20,20.20305061340332
2009-11-23,20.602216720581055
2009-11-24,20.479698181152344
2009-11-25,20.47179412841797
2009-11-27,19.99755096435547
2009-11-30,20.04102897644043
2009-12-01,20.341371536254883
2009-12-02,20.566640853881836
2009-12-03,20.266286849975586
2009-12-04,20.76820182800293
2009-12-07,20.791906356811523
2009-12-08,20.708919525146484
2009-12-09,20.63382339477539
2009-12-10,20.511310577392578
2009-12-11,20.752391815185547
2009-12-14,21.104127883911133
2009-12-15,21.088319778442383
2009-12-16,21.21083641052246
2009-12-17,21.02903938293457
2009-12-18,21.226638793945312
2009-12-21,21.49538230895996
2009-12-22,21.72065544128418
2009-12-23,22.01310920715332
2009-12-24,22.092390060424805
2009-12-28,22.068599700927734
2009-12-29,22.028966903686523
2009-12-30,22.052751541137695
2009-12-31,21.69200325012207
2010-01-04,22.227170944213867
2010-01-05,22.1597900390625
2010-01-06,22.135997772216797
2010-01-07,22.290599822998047
2010-01-08,22.377811431884766
2010-01-11,22.29852294921875
2010-01-12,22.088424682617188
2010-01-13,22.346107482910156
2010-01-14,22.433311462402344
2010-01-15,22.143932342529297
2010-01-19,22.53241539001465
2010-01-20,22.21132469177246
2010-01-21,21.953651428222656
2010-01-22,21.521556854248047
2010-01-25,21.549297332763672
2010-01-26,21.382801055908203
2010-01-27,21.604795455932617
2010-01-28,21.216310501098633
2010-01-29,21.010164260864258
2010-02-01,21.21234130859375
2010-02-02,21.402631759643555
2010-02-03,21.236125946044922
2010-02-04,20.59393310546875
2010-02-05,20.633573532104492
2010-02-08,20.407615661621094
2010-02-09,20.693035125732422
2010-02-10,20.77231788635254
2010-02-11,21.057737350463867
2010-02-12,21.21234130859375
2010-02-16,21.55326271057129
2010-02-17,21.676151275634766
2010-02-18,21.902111053466797
2010-02-19,21.957609176635742
2010-02-22,22.028966903686523
2010-02-23,21.787153244018555
2010-02-24,21.997255325317383
2010-02-25,21.957609176635742
2010-02-26,21.87436294555664
2010-03-01,22.357994079589844
2010-03-02,22.540346145629883
2010-03-03,22.647384643554688
2010-03-04,22.68701934814453
2010-03-05,23.115154266357422
2010-03-08,23.198400497436523
2010-03-09,23.293533325195312
2010-03-10,23.460041046142578
2010-03-11,23.515539169311523
2010-03-12,23.53536033630371
2010-03-15,23.475889205932617
2010-03-16,23.682031631469727
2010-03-17,23.8643741607666
2010-03-18,23.808881759643555
2010-03-19,23.531391143798828
2010-03-22,23.896093368530273
2010-03-23,24.15772819519043
2010-03-24,23.844562530517578
2010-03-25,23.719820022583008
2010-03-26,23.676122665405273
2010-03-29,23.759552001953125
2010-03-30,23.874753952026367
2010-03-31,23.616540908813477
2010-04-01,23.874753952026367
2010-04-05,24.307750701904297
2010-04-06,24.411035537719727
2010-04-07,24.35542869567871
2010-04-08,24.311725616455078
2010-04-09,24.43885612487793
2010-04-12,24.53816032409668
2010-04-13,24.601728439331055
2010-04-14,25.094303131103516
2010-04-15,25.130067825317383
2010-04-16,24.875818252563477
2010-04-19,24.824188232421875
2010-04-20,25.134033203125
2010-04-21,25.324716567993164
2010-04-22,25.62662696838379
2010-04-23,25.8729190826416
2010-04-26,25.78154945373535
2010-04-27,25.19362449645996
2010-04-28,25.26909828186035
2010-04-29,25.8729190826416
2010-04-30,24.99101448059082
2010-05-03,25.5511531829834
2010-05-04,24.824188232421875
2010-05-05,24.49048614501953
2010-05-06,23.644344329833984
2010-05-07,23.028600692749023
2010-05-10,24.26008415222168
2010-05-11,24.375295639038086
2010-05-12,25.122121810913086
2010-05-13,24.903636932373047
2010-05-14,24.434873580932617
2010-05-17,24.589801788330078
2010-05-18,24.105154037475586
2010-05-19,23.862834930419922
2010-05-20,22.663135528564453
2010-05-21,22.98094367980957
2010-05-24,22.639310836791992
2010-05-25,22.595603942871094
2010-05-26,22.5797119140625
2010-05-27,23.47749900817871
2010-05-28,23.20340347290039
2010-06-01,22.528064727783203
2010-06-02,23.155729293823242
2010-06-03,23.46558380126953
2010-06-04,22.333417892456055
2010-06-07,21.785215377807617
2010-06-08,21.73357391357422
2010-06-09,21.76932144165039
2010-06-10,22.46847915649414
2010-06-11,22.79024887084961
2010-06-14,22.913402557373047
2010-06-15,23.42188835144043
2010-06-16,23.29476547241211
2010-06-17,23.314624786376953
2010-06-18,23.32654571533203
2010-06-21,23.10805892944336
2010-06-22,22.663135528564453
2010-06-23,22.5878849029541
2010-06-24,22.26537322998047
2010-06-25,22.69140625
2010-06-28,22.54408073425293
2010-06-29,21.775630950927734
2010-06-30,21.556638717651367
2010-07-01,21.397375106811523
2010-07-02,21.186344146728516
2010-07-06,20.927534103393555
2010-07-07,21.616363525390625
2010-07-08,21.934894561767578
2010-07-09,22.241479873657227
2010-07-12,22.03842544555664
2010-07-13,22.715295791625977
2010-07-14,22.64362335205078
2010-07-15,22.45648956298828
2010-07-16,21.668123245239258
2010-07-19,21.75969886779785
2010-07-20,22.122034072875977
2010-07-21,21.747764587402344
2010-07-22,22.480384826660156
2010-07-23,22.93826675415039
2010-07-26,23.45588493347168
2010-07-27,23.372270584106445
2010-07-28,22.990026473999023
2010-07-29,22.930299758911133
2010-07-30,22.94623565673828
2010-08-02,23.312549591064453
2010-08-03,23.065689086914062
2010-08-04,23.328474044799805
2010-08-05,23.025867462158203
2010-08-06,22.894472122192383
2010-08-09,23.10948944091797
2010-08-10,22.70733070373535
2010-08-11,21.86721420288086
2010-08-12,21.77960968017578
2010-08-13,21.508859634399414
2010-08-16,21.648212432861328
2010-08-17,22.0145263671875
2010-08-18,22.114065170288086
2010-08-19,21.536724090576172
2010-08-20,21.532747268676758
2010-08-23,21.254030227661133
2010-08-24,21.070880889892578
2010-08-25,21.329679489135742
2010-08-26,21.210233688354492
2010-08-27,21.723867416381836
2010-08-30,21.238101959228516
2010-08-31,21.2022647857666
2010-09-01,21.99859619140625
2010-09-02,22.237499237060547
2010-09-03,22.61973762512207
2010-09-07,22.201663970947266
2010-09-08,22.31315803527832
2010-09-09,22.309165954589844
2010-09-10,22.352970123291016
2010-09-13,22.874563217163086
2010-09-14,22.802892684936523
2010-09-15,22.94623565673828
2010-09-16,22.779006958007812
2010-09-17,22.874563217163086
2010-09-20,23.46782875061035
2010-09-21,23.324491500854492
2010-09-22,23.041790008544922
2010-09-23,22.779006958007812
2010-09-24,23.493179321289062
2010-09-27,23.44927215576172
2010-09-28,23.620925903320312
2010-09-29,23.716733932495117
2010-09-30,23.5889835357666
2010-10-01,23.736692428588867
2010-10-04,23.41733169555664
2010-10-05,24.076013565063477
2010-10-06,23.98021125793457
2010-10-07,23.920326232910156
2010-10-08,24.19179344177246
2010-10-11,24.215736389160156
2010-10-12,24.331506729125977
2010-10-13,24.698781967163086
2010-10-14,24.718734741210938
2010-10-15,24.64289093017578
2010-10-18,24.74268913269043
2010-10-19,24.391387939453125
2010-10-20,24.60696029663086
2010-10-21,24.503164291381836
2010-10-22,24.65485954284668
2010-10-25,24.750661849975586
2010-10-26,24.73470687866211
2010-10-27,24.6628475189209
2010-10-28,24.539094924926758
2010-10-29,24.59099578857422
2010-11-01,24.44727325439453
2010-11-02,24.95027732849121
2010-11-03,25.042089462280273
2010-11-04,25.668846130371094
2010-11-05,25.81256103515625
2010-11-08,25.78860092163086
2010-11-09,25.521137237548828
2010-11-10,25.82053565979004
2010-11-11,25.67682647705078
2010-11-12,25.27362823486328
2010-11-15,25.293582916259766
2010-11-16,24.822532653808594
2010-11-17,24.842491149902344
2010-11-18,25.261655807495117
2010-11-19,25.313554763793945
2010-11-22,25.45326805114746
2010-11-23,25.28959846496582
2010-11-24,25.872434616088867
2010-11-26,25.724727630615234
2010-11-29,25.71674919128418
2010-11-30,25.529115676879883
2010-12-01,26.056062698364258
2010-12-02,26.31955909729004
2010-12-03,26.511165618896484
2010-12-06,26.662864685058594
2010-12-07,26.834516525268555
2010-12-08,26.79060935974121
2010-12-09,26.830520629882812
2010-12-10,27.157873153686523
2010-12-13,27.074039459228516
2010-12-14,27.05807876586914
2010-12-15,26.986209869384766
2010-12-16,27.269657135009766
2010-12-17,27.401390075683594
2010-12-20,27.441316604614258
2010-12-21,27.74869728088379
2010-12-22,27.75667953491211
2010-12-23,27.741044998168945
2010-12-27,27.805212020874023
2010-12-28,27.749061584472656
2010-12-29,27.81725311279297
2010-12-30,27.76511001586914
2010-12-31,27.464269638061523
2011-01-03,27.97368621826172
2011-01-04,27.51240348815918
2011-01-05,27.769123077392578
2011-01-06,27.624710083007812
2011-01-07,27.424158096313477
2011-01-10,27.51240348815918
2011-01-11,27.608667373657227
2011-01-12,27.87339973449707
2011-01-13,27.889446258544922
2011-01-14,28.106048583984375
2011-01-18,28.146167755126953
2011-01-19,27.524446487426758
2011-01-20,27.283767700195312
2011-01-21,27.13936996459961
2011-01-24,27.339921951293945
2011-01-25,27.40811538696289
2011-01-26,27.833301544189453
2011-01-27,28.00176429748535
2011-01-28,27.311853408813477
2011-01-31,27.496353149414062
2011-02-01,28.03784942626953
2011-02-02,27.92955207824707
2011-02-03,27.965652465820312
2011-02-04,28.049903869628906
2011-02-07,28.326669692993164
2011-02-08,28.438980102539062
2011-02-09,28.326669692993164
2011-02-10,28.491125106811523
2011-02-11,28.767892837524414
2011-02-14,28.932336807250977
2011-02-15,28.65958595275879
2011-02-16,28.896242141723633
2011-02-17,29.132896423339844
2011-02-18,29.173002243041992
2011-02-22,28.471065521240234
2011-02-23,27.881431579589844
2011-02-24,28.045886993408203
2011-02-25,28.683670043945312
2011-02-28,28.715740203857422
2011-03-01,28.20232391357422
2011-03-02,28.246448516845703
2011-03-03,28.96042251586914
2011-03-04,28.87217903137207
2011-03-07,28.414913177490234
2011-03-08,28.900270462036133
2011-03-09,28.86817169189453
2011-03-10,28.166229248046875
2011-03-11,28.19430160522461
2011-03-14,28.05390739440918
2011-03-15,27.805212020874023
2011-03-16,27.480314254760742
2011-03-17,27.552526473999023
2011-03-18,27.92554473876953
2011-03-21,28.523210525512695
2011-03-22,28.390844345092773
2011-03-23,28.43496322631836
2011-03-24,28.62749671936035
2011-03-25,28.852540969848633
2011-03-28,28.792255401611328
2011-03-29,29.02934455871582
2011-03-30,29.40306854248047
2011-03-31,29.559783935546875
2011-04-01,29.648193359375
2011-04-04,29.768747329711914
2011-04-05,29.877239227294922
2011-04-06,29.96162986755371
2011-04-07,29.796878814697266
2011-04-08,29.415122985839844
2011-04-11,29.230283737182617
2011-04-12,28.880661010742188
2011-04-13,28.840476989746094
2011-04-14,29.01729965209961
2011-04-15,29.306636810302734
2011-04-18,28.876649856567383
2011-04-19,28.856552124023438
2011-04-20,29.423152923583984
2011-04-21,29.62408447265625
2011-04-25,29.567825317382812
2011-04-26,29.909387588500977
2011-04-27,30.190675735473633
2011-04-28,30.26301383972168
2011-04-29,30.335350036621094
2011-05-02,30.078166961669922
2011-05-03,29.740615844726562
2011-05-04,29.40306854248047
2011-05-05,29.278491973876953
2011-05-06,29.40306854248047
2011-05-09,29.69641876220703
2011-05-10,30.206756591796875
2011-05-11,29.74462890625
2011-05-12,29.9937744140625
2011-05-13,29.63614273071289
2011-05-16,29.234281539916992
2011-05-17,29.16999053955078
2011-05-18,29.547739028930664
2011-05-19,29.595947265625
2011-05-20,29.37091636657715
2011-05-23,28.892709732055664
2011-05-24,28.73600959777832
2011-05-25,29.073535919189453
2011-05-26,29.415122985839844
2011-05-27,29.632125854492188
2011-05-31,30.07413673400879
2011-06-01,29.174020767211914
2011-06-02,29.09766960144043
2011-06-03,28.65964126586914
2011-06-06,28.253782272338867
2011-06-07,28.338178634643555
2011-06-08,28.05286407470703
2011-06-09,28.181446075439453
2011-06-10,27.743431091308594
2011-06-13,27.675113677978516
2011-06-14,28.285930633544922
2011-06-15,27.863994598388672
2011-06-16,27.956424713134766
2011-06-17,27.944360733032227
2011-06-20,28.225645065307617
2011-06-21,28.719926834106445
2011-06-22,28.527040481567383
2011-06-23,28.583404541015625
2011-06-24,28.41027069091797
2011-06-27,28.611591339111328
2011-06-28,29.066574096679688
2011-06-29,29.19139289855957
2011-06-30,29.521564483642578
2011-07-01,29.992660522460938
2011-07-05,30.097335815429688
2011-07-06,30.169811248779297
2011-07-07,30.59660530090332
2011-07-08,30.407363891601562
2011-07-11,29.80340003967285
2011-07-12,29.678600311279297
2011-07-13,29.924203872680664
2011-07-14,29.428958892822266
2011-07-15,29.602094650268555
2011-07-18,29.207515716552734
2011-07-19,29.855756759643555
2011-07-20,29.78327751159668
2011-07-21,30.073177337646484
2011-07-22,30.040964126586914
2011-07-25,29.738988876342773
2011-07-26,29.489356994628906
2011-07-27,28.639772415161133
2011-07-28,28.559240341186523
2011-07-29,28.587434768676758
2011-08-01,28.422348022460938
2011-08-02,27.604990005493164
2011-08-03,27.75396728515625
2011-08-04,26.26822853088379
2011-08-05,25.87766456604004
2011-08-08,23.731595993041992
2011-08-09,25.177080154418945
2011-08-10,23.969152450561523
2011-08-11,25.160964965820312
2011-08-12,25.330078125
2011-08-15,25.978322982788086
2011-08-16,25.579710006713867
2011-08-17,25.511262893676758
2011-08-18,24.07786750793457
2011-08-19,23.707439422607422
2011-08-22,23.679250717163086
2011-08-23,24.830806732177734
2011-08-24,25.152925491333008
2011-08-25,24.565067291259766
2011-08-26,25.100574493408203
2011-08-29,26.252126693725586
2011-08-30,26.352783203125
2011-08-31,26.3608341217041
2011-09-01,25.813249588012695
2011-09-02,24.903278350830078
2011-09-06,24.842884063720703
2011-09-07,25.801162719726562
2011-09-08,25.330078125
2011-09-09,24.577146530151367
2011-09-12,24.754301071166992
2011-09-13,25.144868850708008
2011-09-14,25.583740234375
2011-09-15,25.921960830688477
2011-09-16,25.901826858520508
2011-09-19,25.507238388061523
2011-09-20,25.072389602661133
2011-09-21,24.15839958190918
2011-09-22,23.53833770751953
2011-09-23,23.800039291381836
2011-09-26,24.311397552490234
2011-09-27,24.8162899017334
2011-09-28,23.939804077148438
2011-09-29,24.4042911529541
2011-09-30,23.644939422607422
2011-10-03,22.46552276611328
2011-10-04,23.947879791259766
2011-10-05,24.2669677734375
2011-10-06,24.800125122070312
2011-10-07,24.218496322631836
2011-10-10,25.220195770263672
2011-10-11,25.349441528320312
2011-10-12,25.66045379638672
2011-10-13,25.66449737548828
2011-10-14,26.129005432128906
2011-10-17,25.345413208007812
2011-10-18,25.983591079711914
2011-10-19,25.519092559814453
2011-10-20,25.57967758178711
2011-10-21,26.153230667114258
2011-10-24,26.97720718383789
2011-10-25,26.250173568725586
2011-10-26,26.674278259277344
2011-10-27,28.03948974609375
2011-10-28,27.95063591003418
2011-10-31,27.171083450317383
2011-11-01,26.302675247192383
2011-11-02,26.90450668334961
2011-11-03,27.57499885559082
2011-11-04,27.421512603759766
2011-11-07,27.393226623535156
2011-11-08,27.756757736206055
2011-11-09,26.528867721557617
2011-11-10,26.686389923095703
2011-11-11,27.425540924072266
2011-11-14,27.03376007080078
2011-11-15,27.373035430908203
2011-11-16,26.928747177124023
2011-11-17,26.605606079101562
2011-11-18,26.67024040222168
2011-11-21,26.007827758789062
2011-11-22,25.830097198486328
2011-11-23,25.066707611083984
2011-11-25,24.751659393310547
2011-11-28,25.910886764526367
2011-11-29,25.813949584960938
2011-11-30,27.34073257446289
2011-12-01,27.175125122070312
2011-12-02,27.223594665527344
2011-12-05,27.63558006286621
2011-12-06,27.62751007080078
2011-12-07,27.61941909790039
2011-12-08,26.787370681762695
2011-12-09,27.615388870239258
2011-12-12,27.276105880737305
2011-12-13,26.783329010009766
2011-12-14,26.40769386291504
2011-12-15,26.7388916015625
2011-12-16,26.95701026916504
2011-12-19,26.500591278076172
2011-12-20,27.57499885559082
2011-12-21,27.728479385375977
2011-12-22,27.92062759399414
2011-12-23,28.009801864624023
2011-12-27,28.115188598632812
2011-12-28,27.632827758789062
2011-12-29,27.94493865966797
2011-12-30,27.685508728027344
2012-01-03,28.13140869140625
2012-01-04,27.969266891479492
2012-01-05,28.135454177856445
2012-01-06,28.042234420776367
2012-01-09,28.155719757080078
2012-01-10,28.53270149230957
2012-01-11,28.650251388549805
2012-01-12,28.759708404541016
2012-01-13,28.569185256958008
2012-01-17,28.581356048583984
2012-01-18,29.08397674560547
2012-01-19,29.250179290771484
2012-01-20,29.294748306274414
2012-01-23,29.246118545532227
2012-01-24,29.424467086791992
2012-01-25,29.631200790405273
2012-01-26,29.570405960083008
2012-01-27,29.70417022705078
2012-01-30,29.481210708618164
2012-01-31,29.50960350036621
2012-02-01,30.137887954711914
2012-02-02,30.328401565551758
2012-02-03,30.981035232543945
2012-02-06,30.851322174072266
2012-02-07,30.798633575439453
2012-02-08,30.85942268371582
2012-02-09,30.70134162902832
2012-02-10,30.283817291259766
2012-02-13,30.672956466674805
2012-02-14,30.531076431274414
2012-02-15,30.275705337524414
2012-02-16,30.847253799438477
2012-02-17,30.86347770690918
2012-02-21,30.681072235107422
2012-02-22,30.47433853149414
2012-02-23,30.86347770690918
2012-02-24,30.737802505493164
2012-02-27,30.668899536132812
2012-02-28,30.604047775268555
2012-02-29,30.150054931640625
2012-03-01,30.34056282043457
2012-03-02,29.866304397583008
2012-03-05,29.894685745239258
2012-03-06,29.351512908935547
2012-03-07,29.610942840576172
2012-03-08,29.93927001953125
2012-03-09,30.3243465423584
2012-03-12,30.32029914855957
2012-03-13,30.972925186157227
2012-03-14,30.729698181152344
2012-03-15,30.972925186157227
2012-03-16,30.887788772583008
2012-03-19,31.167484283447266
2012-03-20,30.887788772583008
2012-03-21,30.87968635559082
2012-03-22,30.595943450927734
2012-03-23,30.883729934692383
2012-03-26,31.56022071838379
2012-03-27,31.33664321899414
2012-03-28,31.2065372467041
2012-03-29,31.117107391357422
2012-03-30,31.02360725402832
2012-04-02,31.401681900024414
2012-04-03,31.239063262939453
2012-04-04,30.759336471557617
2012-04-05,30.62110710144043
2012-04-09,30.1373291015625
2012-04-10,29.42180824279785
2012-04-11,29.852741241455078
2012-04-12,30.267417907714844
2012-04-13,29.921836853027344
2012-04-16,29.99095916748047
2012-04-17,30.434099197387695
2012-04-18,30.173906326293945
2012-04-19,30.01130485534668
2012-04-20,30.153581619262695
2012-04-23,29.71856689453125
2012-04-24,29.88932991027832
2012-04-25,30.36092185974121
2012-04-26,30.63737678527832
2012-04-27,30.926025390625
2012-04-30,30.600780487060547
2012-05-01,30.64143943786621
2012-05-02,30.80811882019043
2012-05-03,30.393436431884766
2012-05-04,29.848669052124023
2012-05-07,29.938108444213867
2012-05-08,29.893402099609375
2012-05-09,29.74297523498535
2012-05-10,29.87712287902832
2012-05-11,29.79581069946289
2012-05-14,29.45025634765625
2012-05-15,29.46651840209961
2012-05-16,29.23072052001953
2012-05-17,28.616836547851562
2012-05-18,28.36884117126465
2012-05-21,28.856691360473633
2012-05-22,28.726594924926758
2012-05-23,28.87295150756836
2012-05-24,28.88515853881836
2012-05-25,28.905487060546875
2012-05-29,29.29576873779297
2012-05-30,28.767253875732422
2012-05-31,28.68593978881836
2012-06-01,27.87691879272461
2012-06-04,27.8281307220459
2012-06-05,28.076122283935547
2012-06-06,28.755069732666016
2012-06-07,28.612756729125977
2012-06-08,28.93800163269043
2012-06-11,28.255006790161133
2012-06-12,28.600568771362305
2012-06-13,28.230613708496094
2012-06-14,28.555849075317383
2012-06-15,28.86075782775879
2012-06-18,28.913623809814453
2012-06-19,29.411907196044922
2012-06-20,29.35477066040039
2012-06-21,28.62836265563965
2012-06-22,28.954824447631836
2012-06-25,28.510007858276367
2012-06-26,28.620180130004883
2012-06-27,29.032371520996094
2012-06-28,29.02422332763672
2012-06-29,29.90162467956543
2012-07-02,30.146493911743164
2012-07-03,30.526033401489258
2012-07-05,30.501537322998047
2012-07-06,30.170974731445312
2012-07-09,30.12201499938965
2012-07-10,29.791440963745117
2012-07-11,29.6731014251709
2012-07-12,29.652687072753906
2012-07-13,30.032217025756836
2012-07-16,29.94244956970215
2012-07-17,30.01997947692871
2012-07-18,30.191368103027344
2012-07-19,30.162817001342773
2012-07-20,29.84449577331543
2012-07-23,29.387422561645508
2012-07-24,29.01604652404785
2012-07-25,29.052783966064453
2012-07-26,29.289470672607422
2012-07-27,30.00774383544922
2012-07-30,29.815933227539062
2012-07-31,29.669023513793945
2012-08-01,29.183372497558594
2012-08-02,29.154800415039062
2012-08-03,29.85674476623535
2012-08-06,30.056703567504883
2012-08-07,30.30973243713379
2012-08-08,30.3260555267334
2012-08-09,30.432167053222656
2012-08-10,30.35870361328125
2012-08-13,30.27708625793457
2012-08-14,30.195463180541992
2012-08-15,30.403594970703125
2012-08-16,30.73822593688965
2012-08-17,30.966779708862305
2012-08-20,30.88923454284668
2012-08-21,30.876981735229492
2012-08-22,30.75456428527832
2012-08-23,30.57091522216797
2012-08-24,30.64436912536621
2012-08-27,30.71782875061035
2012-08-28,30.876981735229492
2012-08-29,30.974937438964844
2012-08-30,30.70150375366211
2012-08-31,30.82393455505371
2012-09-04,31.17081069946289
2012-09-05,31.138179779052734
2012-09-06,31.693199157714844
2012-09-07,31.91766357421875
2012-09-10,31.85235023498535
2012-09-11,31.889081954956055
2012-09-12,32.01559829711914
2012-09-13,32.37881088256836
2012-09-14,32.705299377441406
2012-09-17,32.49714660644531
2012-09-18,32.45226287841797
2012-09-19,32.256378173828125
2012-09-20,32.1135368347168
2012-09-21,32.20332717895508
2012-09-24,32.04417037963867
2012-09-25,31.628040313720703
2012-09-26,31.403005599975586
2012-09-27,31.742605209350586
2012-09-28,31.533954620361328
2012-10-01,31.62395668029785
2012-10-02,31.67715072631836
2012-10-03,31.542112350463867
2012-10-04,31.76716423034668
2012-10-05,31.709871292114258
2012-10-08,31.533954620361328
2012-10-09,31.161605834960938
2012-10-10,31.092041015625
2012-10-11,31.165693283081055
2012-10-12,30.887475967407227
2012-10-15,31.07978057861328
2012-10-16,31.321189880371094
2012-10-17,31.603492736816406
2012-10-18,31.443920135498047
2012-10-19,30.92018699645996
2012-10-22,30.883377075195312
2012-10-23,30.760622024536133
2012-10-24,30.66652488708496
2012-10-25,30.768821716308594
2012-10-26,30.6419734954834
2012-10-31,30.81790542602539
2012-11-01,31.247529983520508
2012-11-02,30.8301944732666
2012-11-05,31.075681686401367
2012-11-06,31.357990264892578
2012-11-07,30.6419734954834
2012-11-08,30.167343139648438
2012-11-09,30.212364196777344
2012-11-12,30.126436233520508
2012-11-13,29.9791316986084
2012-11-14,29.496315002441406
2012-11-15,29.299930572509766
2012-11-16,29.508602142333984
2012-11-19,30.11414909362793
2012-11-20,30.204177856445312
2012-11-21,30.318735122680664
2012-11-23,30.6419734954834
2012-11-26,30.756542205810547
2012-11-27,30.752450942993164
2012-11-28,30.94474220275879
2012-11-29,31.296630859375
2012-11-30,31.21889305114746
2012-12-03,31.190242767333984
2012-12-04,31.239351272583008
2012-12-05,31.14525604248047
2012-12-06,31.202516555786133
2012-12-07,31.202516555786133
2012-12-10,31.32526397705078
2012-12-11,31.599411010742188
2012-12-12,31.439828872680664
2012-12-13,31.27617645263672
2012-12-14,31.214794158935547
2012-12-17,31.59531021118164
2012-12-18,32.10267639160156
2012-12-19,32.09235763549805
2012-12-20,32.28202819824219
2012-12-21,32.183074951171875
2012-12-24,32.059391021728516
2012-12-26,31.779037475585938
2012-12-27,31.81200408935547
2012-12-28,31.59762191772461
2012-12-31,32.199546813964844
2013-01-02,33.110721588134766
2013-01-03,33.09422302246094
2013-01-04,33.308616638183594
2013-01-07,33.151954650878906
2013-01-08,33.08184814453125
2013-01-09,33.25090408325195
2013-01-10,33.296241760253906
2013-01-11,33.267391204833984
2013-01-14,33.246768951416016
2013-01-15,33.38695526123047
2013-01-16,33.31685256958008
2013-01-17,33.696170806884766
2013-01-18,33.819847106933594
2013-01-22,34.07133102416992
2013-01-23,33.97652053833008
2013-01-24,34.195030212402344
2013-01-25,34.38881301879883
2013-01-28,34.368186950683594
2013-01-29,34.38468933105469
2013-01-30,33.97239685058594
2013-01-31,34.07133102416992
2013-02-01,34.454769134521484
2013-02-04,34.05072784423828
2013-02-05,34.35581588745117
2013-02-06,34.5207405090332
2013-02-07,34.454769134521484
2013-02-08,34.67327117919922
2013-02-11,34.63204574584961
2013-02-12,34.788719177246094
2013-02-13,34.90003204345703
2013-02-14,35.00722885131836
2013-02-15,34.9577522277832
2013-02-19,35.3411979675293
2013-02-20,34.68153381347656
2013-02-21,34.36405944824219
2013-02-22,34.71040725708008
2013-02-25,33.95178985595703
2013-02-26,34.0960807800293
2013-02-27,34.47538757324219
2013-02-28,34.553714752197266
2013-03-01,34.7021484375
2013-03-04,34.68153381347656
2013-03-05,35.0484504699707
2013-03-06,35.163909912109375
2013-03-07,35.33293914794922
2013-03-08,35.63802719116211
2013-03-11,35.62153625488281
2013-03-12,35.47311019897461
2013-03-13,35.66688919067383
2013-03-14,36.05030822753906
2013-03-15,36.05856704711914
2013-03-18,35.84417724609375
2013-03-19,35.728729248046875
2013-03-20,36.03794860839844
2013-03-21,35.724605560302734
2013-03-22,35.82767868041992
2013-03-25,35.864051818847656
2013-03-26,35.97567367553711
2013-03-27,35.98394012451172
2013-03-28,35.988067626953125
2013-04-01,35.607765197753906
2013-04-02,35.40934371948242
2013-04-03,34.888492584228516
2013-04-04,35.16960144042969
2013-04-05,35.11172103881836
2013-04-08,35.39694595336914
2013-04-09,35.25227355957031
2013-04-10,35.85580062866211
2013-04-11,35.87233352661133
2013-04-12,35.71524429321289
2013-04-15,34.49580383300781
2013-04-16,35.05384826660156
2013-04-17,34.46274185180664
2013-04-18,34.25191116333008
2013-04-19,34.64460372924805
2013-04-22,34.694217681884766
2013-04-23,35.244014739990234
2013-04-24,35.46721649169922
2013-04-25,35.6904296875
2013-04-26,35.49617385864258
2013-04-29,35.694580078125
2013-04-30,35.93019485473633
2013-05-01,35.12411880493164
2013-05-02,35.6904296875
2013-05-03,36.31876754760742
2013-05-06,36.504783630371094
2013-05-07,36.85615921020508
2013-05-08,37.00498962402344
2013-05-09,36.89334487915039
2013-05-10,37.22817611694336
2013-05-13,37.15377426147461
2013-05-14,37.61260986328125
2013-05-15,37.75315856933594
2013-05-16,37.59608840942383
2013-05-17,38.0507926940918
2013-05-20,38.141727447509766
2013-05-21,38.19960403442383
2013-05-22,37.6250114440918
2013-05-23,37.558868408203125
2013-05-24,37.558868408203125
2013-05-28,38.07558059692383
2013-05-29,37.64155197143555
2013-05-30,37.85649490356445
2013-05-31,37.48447799682617
2013-06-03,37.82756805419922
2013-06-04,37.51340866088867
2013-06-05,37.033897399902344
2013-06-06,37.35633087158203
2013-06-07,37.66221618652344
2013-06-10,37.87717056274414
2013-06-11,37.480342864990234
2013-06-12,37.17856979370117
2013-06-13,37.79037094116211
2013-06-14,37.49273681640625
2013-06-17,37.74076461791992
2013-06-18,38.187198638916016
2013-06-19,37.73662567138672
2013-06-20,36.827205657958984
2013-06-21,36.97188949584961
2013-06-24,36.50891876220703
2013-06-25,36.83961486816406
2013-06-26,36.971458435058594
2013-06-27,37.605831146240234
2013-06-28,37.444129943847656
2013-07-01,38.024593353271484
2013-07-02,38.057762145996094
2013-07-03,38.08263397216797
2013-07-05,38.6796989440918
2013-07-08,38.79578399658203
2013-07-09,39.235267639160156
2013-07-10,39.301612854003906
2013-07-11,39.666473388671875
2013-07-12,39.7452507019043
2013-07-15,39.93183517456055
2013-07-16,39.76598358154297
2013-07-17,39.86550521850586
2013-07-18,40.20962142944336
2013-07-19,40.217926025390625
2013-07-22,40.31328201293945
2013-07-23,40.242794036865234
2013-07-24,39.944271087646484
2013-07-25,40.321571350097656
2013-07-26,40.1225471496582
2013-07-29,39.83647155761719
2013-07-30,39.911102294921875
2013-07-31,40.0106201171875
2013-08-01,40.54961013793945
2013-08-02,40.58279037475586
2013-08-05,40.748619079589844
2013-08-06,40.387908935546875
2013-08-07,40.1225471496582
2013-08-08,40.31328201293945
2013-08-09,40.28841018676758
2013-08-12,40.533016204833984
2013-08-13,40.52060317993164
2013-08-14,40.363040924072266
2013-08-15,39.70795440673828
2013-08-16,39.52964782714844
2013-08-19,39.17307662963867
2013-08-20,39.7576904296875
2013-08-21,39.49647521972656
2013-08-22,40.035484313964844
2013-08-23,40.13499069213867
2013-08-26,40.060367584228516
2013-08-27,39.21040344238281
2013-08-28,39.251861572265625
2013-08-29,39.61672592163086
2013-08-30,39.07773208618164
2013-09-03,39.235267639160156
2013-09-04,39.49647521972656
2013-09-05,39.579402923583984
2013-09-06,39.63330078125
2013-09-09,40.217926025390625
2013-09-10,40.603515625
2013-09-11,40.66571044921875
2013-09-12,40.387908935546875
2013-09-13,40.62839126586914
2013-09-16,40.686431884765625
2013-09-17,41.022281646728516
2013-09-18,41.416168212890625
2013-09-19,41.33738708496094
2013-09-20,41.26689529418945
2013-09-23,41.291770935058594
2013-09-24,41.39028549194336
2013-09-25,41.33210372924805
2013-09-26,41.57732391357422
2013-09-27,41.37367248535156
2013-09-30,41.48173141479492
2013-10-01,41.95973205566406
2013-10-02,41.726966857910156
2013-10-03,41.25727844238281
2013-10-04,41.531593322753906
2013-10-07,41.03699493408203
2013-10-08,40.51325607299805
2013-10-09,40.463401794433594
2013-10-10,41.40276336669922
2013-10-11,42.02207565307617
2013-10-14,42.24235534667969
2013-10-15,41.87660217285156
2013-10-16,42.30886459350586
2013-10-17,42.69126510620117
2013-10-18,43.2108268737793
2013-10-21,43.16094970703125
2013-10-22,43.256534576416016
2013-10-23,43.19420623779297
2013-10-24,43.426979064941406
2013-10-25,43.480995178222656
2013-10-28,43.51425552368164
2013-10-29,43.68050765991211
2013-10-30,43.19004440307617
2013-10-31,42.9655876159668
2013-11-01,42.786861419677734
2013-11-04,43.331363677978516
2013-11-05,43.22745132446289
2013-11-06,43.181724548339844
2013-11-07,42.49177169799805
2013-11-08,43.21498107910156
2013-11-11,43.24822998046875
2013-11-12,43.25239181518555
2013-11-13,43.64725112915039
2013-11-14,43.63063430786133
2013-11-15,43.79690170288086
2013-11-18,43.626468658447266
2013-11-19,43.37708282470703
2013-11-20,43.33552932739258
2013-11-21,44.141883850097656
2013-11-22,44.27903366088867
2013-11-25,44.31229019165039
2013-11-26,44.62818145751953
2013-11-27,44.91083526611328
2013-11-29,44.89004135131836
2013-12-02,44.3663330078125
2013-12-03,44.17097473144531
2013-12-04,43.97978210449219
2013-12-05,44.08784484863281
2013-12-06,44.42036056518555
2013-12-09,44.35802459716797
2013-12-10,43.91328430175781
2013-12-11,43.331363677978516
2013-12-12,43.406185150146484
2013-12-13,43.56414031982422
2013-12-16,44.08368682861328
2013-12-17,44.00471115112305
2013-12-18,44.57415008544922
2013-12-19,44.179298400878906
2013-12-20,44.931617736816406
2013-12-23,45.344444274902344
2013-12-24,45.490394592285156
2013-12-26,45.56544876098633
2013-12-27,45.50707244873047
2013-12-30,45.490394592285156
2013-12-31,45.50707244873047
2014-01-02,44.96497344970703
2014-01-03,45.16096496582031
2014-01-06,44.78565216064453
2014-01-07,45.17347717285156
2014-01-08,45.05671310424805
2014-01-09,45.00667953491211
2014-01-10,45.17763900756836
2014-01-13,44.560482025146484
2014-01-14,45.08591079711914
2014-01-15,45.457035064697266
2014-01-16,45.41534423828125
2014-01-17,45.17763900756836
2014-01-21,45.41534423828125
2014-01-22,45.69472122192383
2014-01-23,45.38614273071289
2014-01-24,44.32697296142578
2014-01-27,43.72648620605469
2014-01-28,44.11430358886719
2014-01-29,43.51798629760742
2014-01-30,44.072593688964844
2014-01-31,43.822391510009766
2014-02-03,42.47549057006836
2014-02-04,42.76321029663086
2014-02-05,42.45880889892578
2014-02-06,42.934181213378906
2014-02-07,43.230262756347656
2014-02-10,43.25945281982422
2014-02-11,43.643089294433594
2014-02-12,43.789024353027344
2014-02-13,44.360321044921875
2014-02-14,44.40202713012695
2014-02-18,44.8065071105957
2014-02-19,44.37284851074219
2014-02-20,44.89408874511719
2014-02-21,44.89408874511719
2014-02-24,45.26522445678711
2014-02-25,45.21517562866211
2014-02-26,45.57796096801758
2014-02-27,45.778114318847656
2014-02-28,45.75309371948242
2014-03-03,45.52791976928711
2014-03-04,46.66632843017578
2014-03-05,46.607948303222656
2014-03-06,46.68717575073242
2014-03-07,46.75389862060547
2014-03-10,46.66632843017578
2014-03-11,46.203468322753906
2014-03-12,46.27851867675781
2014-03-13,45.76561737060547
2014-03-14,45.94491195678711
2014-03-17,46.236812591552734
2014-03-18,46.845638275146484
2014-03-19,46.51621627807617
2014-03-20,46.65797805786133
2014-03-21,46.49952697753906
2014-03-24,46.10755157470703
2014-03-25,46.10419845581055
2014-03-26,45.297119140625
2014-03-27,45.167476654052734
2014-03-28,45.25111389160156
2014-03-31,46.058197021484375
2014-04-01,46.618568420410156
2014-04-02,46.84856414794922
2014-04-03,46.50984573364258
2014-04-04,45.573097229003906
2014-04-07,44.97513198852539
2014-04-08,45.32638168334961
2014-04-09,45.79894256591797
2014-04-10,44.65730667114258
2014-04-11,44.130393981933594
2014-04-14,44.34785842895508
2014-04-15,44.485862731933594
2014-04-16,44.91658401489258
2014-04-17,45.12147903442383
2014-04-21,45.322208404541016
2014-04-22,45.69856643676758
2014-04-23,45.42258071899414
2014-04-24,45.292938232421875
2014-04-25,44.62384796142578
2014-04-28,44.38130187988281
2014-04-29,44.485862731933594
2014-04-30,44.799503326416016
2014-05-01,44.694942474365234
2014-05-02,44.79530334472656
2014-05-05,44.71584701538086
2014-05-06,43.97983932495117
2014-05-07,44.15549087524414
2014-05-08,43.812591552734375
2014-05-09,44.15131378173828
2014-05-12,45.09219741821289
2014-05-13,44.602928161621094
2014-05-14,43.80840301513672
2014-05-15,43.55748748779297
2014-05-16,43.90039825439453
2014-05-19,44.26420974731445
2014-05-20,43.64531326293945
2014-05-21,43.837669372558594
2014-05-22,44.222408294677734
2014-05-23,44.682403564453125
2014-05-27,45.24693298339844
2014-05-28,44.962562561035156
2014-05-29,45.067115783691406
2014-05-30,44.87057876586914
2014-06-02,44.74930191040039
2014-06-03,44.64474868774414
2014-06-04,44.84547805786133
2014-06-05,45.723663330078125
2014-06-06,46.15019607543945
2014-06-09,46.50984573364258
2014-06-10,46.3049201965332
2014-06-11,46.08329772949219
2014-06-12,45.794742584228516
2014-06-13,45.903472900390625
2014-06-16,45.957847595214844
2014-06-17,46.29656219482422
2014-06-18,46.57674789428711
2014-06-19,46.61018753051758
2014-06-20,46.73564910888672
2014-06-23,46.65201950073242
2014-06-24,46.27416229248047
2014-06-25,46.61804962158203
2014-06-26,46.4754524230957
2014-06-27,46.84031295776367
2014-06-30,47.008060455322266
2014-07-01,47.56584548950195
2014-07-02,47.310020446777344
2014-07-03,47.64972686767578
2014-07-07,46.9703369140625
2014-07-08,46.538368225097656
2014-07-09,46.55933380126953
2014-07-10,46.06028366088867
2014-07-11,45.90510940551758
2014-07-14,46.13996505737305
2014-07-15,45.76253128051758
2014-07-16,45.67025375366211
2014-07-17,45.04538345336914
2014-07-18,45.691219329833984
2014-07-21,45.49830627441406
2014-07-22,45.888328552246094
2014-07-23,45.84639358520508
2014-07-24,45.84219741821289
2014-07-25,45.43959426879883
2014-07-28,45.2592658996582
2014-07-29,45.35990905761719
2014-07-30,45.41863250732422
2014-07-31,44.39534378051758
2014-08-01,44.298885345458984
2014-08-04,44.67213821411133
2014-08-05,44.60921859741211
2014-08-06,44.74342346191406
2014-08-07,44.50857925415039
2014-08-08,44.91957092285156
2014-08-11,45.30120086669922
2014-08-12,45.01182556152344
2014-08-13,45.255069732666016
2014-08-14,45.33055877685547
2014-08-15,45.305397033691406
2014-08-18,45.9344596862793
2014-08-19,46.106407165527344
2014-08-20,45.8631706237793
2014-08-21,46.02252960205078
2014-08-22,46.01833724975586
2014-08-25,46.07284927368164
2014-08-26,46.39996337890625
2014-08-27,46.28672790527344
2014-08-28,46.039310455322266
2014-08-29,46.28254699707031
2014-09-02,46.5467529296875
2014-09-03,46.36221694946289
2014-09-04,46.24060821533203
2014-09-05,46.358028411865234
2014-09-08,46.39996337890625
2014-09-09,45.854774475097656
2014-09-10,45.99317932128906
2014-09-11,46.3119010925293
2014-09-12,45.87156295776367
2014-09-15,45.41024398803711
2014-09-16,45.55284118652344
2014-09-17,45.67445373535156
2014-09-18,45.95124435424805
2014-09-19,45.38086700439453
2014-09-22,44.89860153198242
2014-09-23,44.449859619140625
2014-09-24,44.80402374267578
2014-09-25,44.1436653137207
2014-09-26,44.40021896362305
2014-09-29,44.40021896362305
2014-09-30,43.870269775390625
2014-10-01,43.277183532714844
2014-10-02,43.62630081176758
2014-10-03,43.94597244262695
2014-10-06,43.567413330078125
2014-10-07,42.84816360473633
2014-10-08,43.638919830322266
2014-10-09,42.654666900634766
2014-10-10,42.20882034301758
2014-10-13,42.107872009277344
2014-10-14,42.616825103759766
2014-10-15,42.907047271728516
2014-10-16,43.30663299560547
2014-10-17,43.15520095825195
2014-10-20,43.651527404785156
2014-10-21,44.370784759521484
2014-10-22,43.84502029418945
2014-10-23,44.50538635253906
2014-10-24,44.60213851928711
2014-10-27,44.56847381591797
2014-10-28,45.901832580566406
2014-10-29,45.84294509887695
2014-10-30,46.21308898925781
2014-10-31,46.902896881103516
2014-11-03,46.85662841796875
2014-11-04,46.68417739868164
2014-11-05,46.80195236206055
2014-11-06,46.928138732910156
2014-11-07,46.93655014038086
2014-11-10,47.09638214111328
2014-11-11,47.10059356689453
2014-11-12,47.42025375366211
2014-11-13,47.05852508544922
2014-11-14,46.97860336303711
2014-11-17,46.53275680541992
2014-11-18,46.75569152832031
2014-11-19,46.2888069152832
2014-11-20,46.827178955078125
2014-11-21,46.81455993652344
2014-11-24,47.357147216796875
2014-11-25,47.357147216796875
2014-11-26,47.495967864990234
2014-11-28,46.81455993652344
2014-12-01,46.183631896972656
2014-12-02,46.671566009521484
2014-12-03,47.15106201171875
2014-12-04,46.93233871459961
2014-12-05,47.226768493652344
2014-12-08,46.6673583984375
2014-12-09,47.47073745727539
2014-12-10,46.40657424926758
2014-12-11,46.545372009277344
2014-12-12,45.94810104370117
2014-12-15,45.573753356933594
2014-12-16,45.493831634521484
2014-12-17,46.73044967651367
2014-12-18,47.42025375366211
2014-12-19,47.399234771728516
2014-12-22,47.798824310302734
2014-12-23,48.034358978271484
2014-12-24,48.142887115478516
2014-12-26,48.44695281982422
2014-12-29,48.691890716552734
2014-12-30,48.46806716918945
2014-12-31,48.168235778808594
2015-01-02,47.81349563598633
2015-01-05,47.0828971862793
2015-01-06,46.29740905761719
2015-01-07,46.778839111328125
2015-01-08,47.598106384277344
2015-01-09,47.13357925415039
2015-01-12,46.97309494018555
2015-01-13,47.16736602783203
2015-01-14,46.93930435180664
2015-01-15,46.20027542114258
2015-01-16,46.9477653503418
2015-01-20,46.647911071777344
2015-01-21,46.567691802978516
2015-01-22,47.53898620605469
2015-01-23,47.40807342529297
2015-01-26,47.83038330078125
2015-01-27,47.57699966430664
2015-01-28,46.871742248535156
2015-01-29,47.42496871948242
2015-01-30,46.44099426269531
2015-02-02,47.00267791748047
2015-02-03,47.83460235595703
2015-02-04,47.733245849609375
2015-02-05,48.358272552490234
2015-02-06,48.320255279541016
2015-02-09,47.87260818481445
2015-02-10,48.1175537109375
2015-02-11,48.075321197509766
2015-02-12,48.66654586791992
2015-02-13,48.93259811401367
2015-02-17,48.97906494140625
2015-02-18,49.0973014831543
2015-02-19,49.05084228515625
2015-02-20,49.131080627441406
2015-02-23,49.21554183959961
2015-02-24,49.33378982543945
2015-02-25,49.325355529785156
2015-02-26,49.47739028930664
2015-02-27,49.23244094848633
2015-03-02,49.60407257080078
2015-03-03,49.31267547607422
2015-03-04,49.00862121582031
2015-03-05,49.07196044921875
2015-03-06,48.39627456665039
2015-03-09,48.71723175048828
2015-03-10,48.142887115478516
2015-03-11,48.4511604309082
2015-03-12,49.29155349731445
2015-03-13,49.11841583251953
2015-03-16,49.28733444213867
2015-03-17,49.392913818359375
2015-03-18,49.84477615356445
2015-03-19,49.93769073486328
2015-03-20,50.46556854248047
2015-03-23,50.54158020019531
2015-03-24,50.56692123413086
2015-03-25,49.5201530456543
2015-03-26,49.36335754394531
2015-03-27,49.61339569091797
2015-03-30,50.215171813964844
2015-03-31,50.020225524902344
2015-04-01,49.952430725097656
2015-04-02,50.10500717163086
2015-04-06,50.26177978515625
2015-04-07,49.90580368041992
2015-04-08,50.23213195800781
2015-04-09,50.020225524902344
2015-04-10,50.24907684326172
2015-04-13,50.240596771240234
2015-04-14,50.240596771240234
2015-04-15,50.59659957885742
2015-04-16,50.465213775634766
2015-04-17,49.66849136352539
2015-04-20,50.2278938293457
2015-04-21,50.0922737121582
2015-04-22,50.18551254272461
2015-04-23,50.494876861572266
2015-04-24,50.393165588378906
2015-04-27,50.02446746826172
2015-04-28,50.35504913330078
2015-04-29,49.80409622192383
2015-04-30,48.86750411987305
2015-05-01,49.15993881225586
2015-05-04,49.28707504272461
2015-05-05,48.77003860473633
2015-05-06,48.86750411987305
2015-05-07,49.079410552978516
2015-05-08,49.38878631591797
2015-05-11,49.42269515991211
2015-05-12,49.28707504272461
2015-05-13,49.257408142089844
2015-05-14,49.816810607910156
2015-05-15,49.75324249267578
2015-05-18,50.22365188598633
2015-05-19,50.202457427978516
2015-05-20,50.23637008666992
2015-05-21,50.20669937133789
2015-05-22,49.96937942504883
2015-05-26,49.38878631591797
2015-05-27,49.952430725097656
2015-05-28,49.977848052978516
2015-05-29,49.5794792175293
2015-06-01,49.77867126464844
2015-06-02,49.914283752441406
2015-06-03,50.427059173583984
2015-06-04,49.96513366699219
2015-06-05,50.27873611450195
2015-06-08,50.049903869628906
2015-06-09,49.91851806640625
2015-06-10,50.62623977661133
2015-06-11,50.664390563964844
2015-06-12,50.571163177490234
2015-06-15,50.44403839111328
2015-06-16,50.81696319580078
2015-06-17,50.685585021972656
2015-06-18,51.27043151855469
2015-06-19,51.27889633178711
2015-06-22,51.562828063964844
2015-06-23,51.698455810546875
2015-06-24,51.34907150268555
2015-06-25,51.28106689453125
2015-06-26,51.20457077026367
2015-06-29,50.02294158935547
2015-06-30,50.103702545166016
2015-07-01,50.34597396850586
2015-07-02,50.01869201660156
2015-07-06,49.93793487548828
2015-07-07,50.01018524169922
2015-07-08,49.35138702392578
2015-07-09,49.461910247802734
2015-07-10,50.133453369140625
2015-07-13,50.532989501953125
2015-07-14,50.75825500488281
2015-07-15,50.40547180175781
2015-07-16,50.74126434326172
2015-07-17,50.43946838378906
2015-07-20,50.1887092590332
2015-07-21,50.052703857421875
2015-07-22,50.17596435546875
2015-07-23,49.559654235839844
2015-07-24,48.91359329223633
2015-07-27,48.60331344604492
2015-07-28,48.97309112548828
2015-07-29,49.23661422729492
2015-07-30,49.44063186645508
2015-07-31,49.68717575073242
2015-08-03,49.419376373291016
2015-08-04,49.415130615234375
2015-08-05,49.61491012573242
2015-08-06,49.194122314453125
2015-08-07,48.94334030151367
2015-08-10,49.48313522338867
2015-08-11,49.14311599731445
2015-08-12,48.97734069824219
2015-08-13,48.90083312988281
2015-08-14,49.33863067626953
2015-08-17,49.70417022705078
2015-08-18,49.410888671875
2015-08-19,48.93059158325195
2015-08-20,47.889251708984375
2015-08-21,47.27293395996094
2015-08-24,45.436767578125
2015-08-25,44.926727294921875
2015-08-26,46.04883575439453
2015-08-27,46.79264450073242
2015-08-28,47.141170501708984
2015-08-31,47.10717010498047
2015-09-01,45.82780075073242
2015-09-02,46.46111297607422
2015-09-03,46.54187774658203
2015-09-04,46.14657974243164
2015-09-08,47.10717010498047
2015-09-09,46.66513442993164
2015-09-10,46.69488525390625
2015-09-11,46.86491012573242
2015-09-14,46.68638610839844
2015-09-15,47.200687408447266
2015-09-16,47.693729400634766
2015-09-17,47.731990814208984
2015-09-18,46.94140625
2015-09-21,47.12417984008789
2015-09-22,46.47811508178711
2015-09-23,46.43135452270508
2015-09-24,46.38035202026367
2015-09-25,46.33260726928711
2015-09-28,45.08739471435547
2015-09-29,44.88697052001953
2015-09-30,45.44561004638672
2015-10-01,45.27075958251953
2015-10-02,45.782470703125
2015-10-05,47.006378173828125
2015-10-06,46.784610748291016
2015-10-07,47.56074523925781
2015-10-08,48.08525085449219
2015-10-09,48.14922332763672
2015-10-12,48.20893478393555
2015-10-13,47.586326599121094
2015-10-14,47.0831298828125
2015-10-15,47.98291015625
2015-10-16,47.98291015625
2015-10-19,48.098052978515625
2015-10-20,48.18761444091797
2015-10-21,47.445594787597656
2015-10-22,47.876312255859375
2015-10-23,48.35390853881836
2015-10-26,48.13216781616211
2015-10-27,47.5948486328125
2015-10-28,48.8741569519043
2015-10-29,48.43067932128906
2015-10-30,48.20893478393555
2015-11-02,49.12576675415039
2015-11-03,49.36883544921875
2015-11-04,49.25797653198242
2015-11-05,49.35177993774414
2015-11-06,49.61616516113281
2015-11-09,48.8954963684082
2015-11-10,49.00210952758789
2015-11-11,48.57992935180664
2015-11-12,47.701454162597656
2015-11-13,47.381629943847656
2015-11-16,47.910423278808594
2015-11-17,47.791011810302734
2015-11-18,48.49889373779297
2015-11-19,48.37095642089844
2015-11-20,48.75050354003906
2015-11-23,48.916805267333984
2015-11-24,49.249454498291016
2015-11-25,49.58205795288086
2015-11-27,49.7185173034668
2015-11-30,49.50956344604492
2015-12-01,49.87629318237305
2015-12-02,49.42427444458008
2015-12-03,48.64815139770508
2015-12-04,49.14282989501953
2015-12-07,48.40508270263672
2015-12-08,48.08525085449219
2015-12-09,47.52236557006836
2015-12-10,47.64175796508789
2015-12-11,46.7504997253418
2015-12-14,46.49036407470703
2015-12-15,47.13430404663086
2015-12-16,47.78676223754883
2015-12-17,47.24944305419922
2015-12-18,46.47332000732422
2015-12-21,46.84431838989258
2015-12-22,47.30060577392578
2015-12-23,47.837928771972656
2015-12-24,47.97455978393555
2015-12-28,47.78181838989258
2015-12-29,48.2744140625
2015-12-30,47.7946662902832
2015-12-31,47.16499328613281
2016-01-04,46.06414031982422
2016-01-05,46.205501556396484
2016-01-06,45.67863845825195
2016-01-07,44.50497817993164
2016-01-08,43.763938903808594
2016-01-11,43.768226623535156
2016-01-12,43.88386917114258
2016-01-13,42.68880081176758
2016-01-14,43.271339416503906
2016-01-15,42.757320404052734
2016-01-19,42.2861442565918
2016-01-20,42.3760986328125
2016-01-21,42.2861442565918
2016-01-22,43.185672760009766
2016-01-25,42.38896942138672
2016-01-26,43.399864196777344
2016-01-27,42.7916145324707
2016-01-28,42.898685455322266
2016-01-29,44.260826110839844
2016-02-01,44.11088943481445
2016-02-02,43.24137496948242
2016-02-03,43.34416198730469
2016-02-04,43.56691360473633
2016-02-05,42.577423095703125
2016-02-08,42.174774169921875
2016-02-09,41.96490478515625
2016-02-10,41.83638381958008
2016-02-11,41.35664749145508
2016-02-12,42.06340408325195
2016-02-16,42.99720001220703
2016-02-17,43.51978302001953
2016-02-18,43.43840789794922
2016-02-19,43.6140251159668
2016-02-22,44.12376022338867
2016-02-23,43.85816955566406
2016-02-24,44.2779541015625
2016-02-25,44.68059158325195
2016-02-26,44.88619613647461
2016-02-29,44.744850158691406
2016-03-01,45.584415435791016
2016-03-02,45.9827766418457
2016-03-03,46.479652404785156
2016-03-04,46.740943908691406
2016-03-07,47.28064727783203
2016-03-08,46.2269172668457
2016-03-09,46.479652404785156
2016-03-10,46.145545959472656
2016-03-11,47.10930633544922
2016-03-14,46.87800598144531
2016-03-15,46.286888122558594
2016-03-16,46.55674362182617
2016-03-17,47.36631774902344
2016-03-18,47.824642181396484
2016-03-21,47.679012298583984
2016-03-22,47.537654876708984
2016-03-23,46.79768753051758
2016-03-24,46.93956756591797
2016-03-28,46.991172790527344
2016-03-29,48.30256652832031
2016-03-30,48.34986114501953
2016-03-31,48.401451110839844
2016-04-01,48.526153564453125
2016-04-04,47.997283935546875
2016-04-05,47.41252517700195
2016-04-06,47.82530212402344
2016-04-07,47.16746139526367
2016-04-08,47.43833541870117
2016-04-11,47.31793975830078
2016-04-12,47.81240463256836
2016-04-13,48.84861373901367
2016-04-14,48.73684310913086
2016-04-15,48.857234954833984
2016-04-18,49.19261169433594
2016-04-19,49.373191833496094
2016-04-20,49.39468002319336
2016-04-21,48.999122619628906
2016-04-22,49.51937484741211
2016-04-25,49.102298736572266
2016-04-26,49.742958068847656
2016-04-27,49.97944259643555
2016-04-28,49.26140594482422
2016-04-29,48.98191452026367
2016-05-02,49.42048263549805
2016-05-03,48.67664337158203
2016-05-04,48.43587112426758
2016-05-05,48.147769927978516
2016-05-06,48.526153564453125
2016-05-09,48.517555236816406
2016-05-10,48.93891525268555
2016-05-11,48.31976318359375
2016-05-12,48.16497802734375
2016-05-13,47.773712158203125
2016-05-16,48.31117248535156
2016-05-17,47.489925384521484
2016-05-18,47.722110748291016
2016-05-19,47.35664749145508
2016-05-20,48.10047149658203
2016-05-23,47.958595275878906
2016-05-24,48.999122619628906
2016-05-25,49.26140594482422
2016-05-26,49.23560333251953
2016-05-27,49.674163818359375
2016-05-31,49.76875305175781
2016-06-01,50.12992477416992
2016-06-02,50.40080642700195
2016-06-03,50.11703109741211
2016-06-06,50.68889236450195
2016-06-07,50.85226821899414
2016-06-08,51.316646575927734
2016-06-09,51.05006408691406
2016-06-10,50.38361740112305
2016-06-13,49.82035827636719
2016-06-14,49.742958068847656
2016-06-15,49.73867416381836
2016-06-16,49.70425796508789
2016-06-17,49.57096481323242
2016-06-20,50.17723083496094
2016-06-21,50.093994140625
2016-06-22,49.86973190307617
2016-06-23,50.88755416870117
2016-06-24,48.9338264465332
2016-06-27,47.424320220947266
2016-06-28,48.058326721191406
2016-06-29,49.0373420715332
2016-06-30,50.119869232177734
2016-07-01,50.193180084228516
2016-07-05,49.51176071166992
2016-07-06,49.843841552734375
2016-07-07,49.904232025146484
2016-07-08,51.12044143676758
2016-07-11,51.6983757019043
2016-07-12,52.392757415771484
2016-07-13,52.28923797607422
2016-07-14,52.30649185180664
2016-07-15,52.440189361572266
2016-07-18,52.46607208251953
2016-07-19,52.142608642578125
2016-07-20,52.47038269042969
2016-07-21,52.138282775878906
2016-07-22,52.52214813232422
2016-07-25,52.31943130493164
2016-07-26,52.61702346801758
2016-07-27,52.75934600830078
2016-07-28,52.548011779785156
2016-07-29,52.62132263183594
2016-08-01,52.66014099121094
2016-08-02,51.8795166015625
2016-08-03,52.151241302490234
2016-08-04,52.15985107421875
2016-08-05,52.88010025024414
2016-08-08,52.811100006103516
2016-08-09,52.828338623046875
2016-08-10,52.530765533447266
2016-08-11,52.785221099853516
2016-08-12,52.716209411621094
2016-08-15,53.225135803222656
2016-08-16,52.85423278808594
2016-08-17,52.68171691894531
2016-08-18,53.056949615478516
2016-08-19,53.039669036865234
2016-08-22,53.18632888793945
2016-08-23,53.54859924316406
2016-08-24,53.28550338745117
2016-08-25,53.44076919555664
2016-08-26,53.268272399902344
2016-08-29,53.58309555053711
2016-08-30,53.63053894042969
2016-08-31,53.35883331298828
2016-09-01,53.3890266418457
2016-09-02,54.02732849121094
2016-09-06,53.910884857177734
2016-09-07,54.238651275634766
2016-09-08,54.03165054321289
2016-09-09,52.453128814697266
2016-09-12,53.039669036865234
2016-09-13,52.12966537475586
2016-09-14,51.970088958740234
2016-09-15,52.5954475402832
2016-09-16,52.50056838989258
2016-09-19,52.841278076171875
2016-09-20,52.63428497314453
2016-09-21,53.445091247558594
2016-09-22,54.21277618408203
2016-09-23,53.85481643676758
2016-09-26,53.241947174072266
2016-09-27,53.319793701171875
2016-09-28,53.79987716674805
2016-09-29,53.133811950683594
2016-09-30,53.696075439453125
2016-10-03,53.55767059326172
2016-10-04,53.34143829345703
2016-10-05,53.64418029785156
2016-10-06,53.587955474853516
2016-10-07,53.15111541748047
2016-10-10,53.743656158447266
2016-10-11,52.861328125
2016-10-12,52.947837829589844
2016-10-13,52.424503326416016
2016-10-14,52.281768798828125
2016-10-17,52.19526672363281
2016-10-18,52.35962677001953
2016-10-19,52.571563720703125
2016-10-20,52.24285125732422
2016-10-21,52.095802307128906
2016-10-24,52.53695297241211
2016-10-25,52.04821014404297
2016-10-26,51.66328430175781
2016-10-27,51.13129425048828
2016-10-28,51.03614807128906
2016-10-31,51.325923919677734
2016-11-01,50.62526321411133
2016-11-02,50.13220977783203
2016-11-03,49.98948287963867
2016-11-04,50.22734832763672
2016-11-07,51.451358795166016
2016-11-08,51.57246398925781
2016-11-09,53.172752380371094
2016-11-10,54.176170349121094
2016-11-11,55.53858184814453
2016-11-14,56.38628387451172
2016-11-15,56.54631805419922
2016-11-16,56.5722770690918
2016-11-17,56.840431213378906
2016-11-18,57.10857009887695
2016-11-21,57.33781051635742
2016-11-22,58.07741165161133
2016-11-23,58.432071685791016
2016-11-25,58.6786003112793
2016-11-28,57.9779167175293
2016-11-29,57.96063232421875
2016-11-30,57.75300979614258
2016-12-01,57.57569122314453
2016-12-02,57.584354400634766
2016-12-05,58.57912063598633
2016-12-06,59.240840911865234
2016-12-07,59.859344482421875
2016-12-08,60.85411834716797
2016-12-09,60.97956085205078
2016-12-12,60.36539077758789
2016-12-13,60.434593200683594
2016-12-14,59.68202590942383
2016-12-15,60.23995590209961
2016-12-16,59.880977630615234
2016-12-19,60.214012145996094
2016-12-20,60.828163146972656
2016-12-21,60.489925384521484
2016-12-22,59.890769958496094
2016-12-23,60.1556282043457
2016-12-27,60.52033615112305
2016-12-28,59.81261444091797
2016-12-29,59.942893981933594
2016-12-30,59.70840835571289
2017-01-03,60.04275131225586
2017-01-04,61.04568099975586
2017-01-05,60.164329528808594
2017-01-06,59.82997131347656
2017-01-09,59.31331253051758
2017-01-10,59.847347259521484
2017-01-11,60.04275131225586
2017-01-12,59.40013122558594
2017-01-13,59.834327697753906
2017-01-17,59.061492919921875
2017-01-18,59.29159927368164
2017-01-19,58.72716522216797
2017-01-20,59.013736724853516
2017-01-23,58.81400680541992
2017-01-24,59.67369079589844
2017-01-25,60.342308044433594
2017-01-26,60.021018981933594
2017-01-27,59.76921081542969
2017-01-30,58.961631774902344
2017-01-31,59.361080169677734
2017-02-01,59.300289154052734
2017-02-02,59.00505065917969
2017-02-03,59.95158004760742
2017-02-06,59.39582061767578
2017-02-07,59.19607925415039
2017-02-08,59.10057067871094
2017-02-09,60.04707717895508
2017-02-10,60.53334426879883
2017-02-13,60.672298431396484
2017-02-14,60.81123352050781
2017-02-15,61.16725158691406
2017-02-16,61.04568099975586
2017-02-17,60.958839416503906
2017-02-21,61.488548278808594
2017-02-22,61.271446228027344
2017-02-23,60.83726501464844
2017-02-24,60.819923400878906
2017-02-27,61.29750061035156
2017-02-28,60.3162727355957
2017-03-01,61.427757263183594
2017-03-02,60.75912857055664
2017-03-03,60.585445404052734
2017-03-06,60.168663024902344
2017-03-07,59.743141174316406
2017-03-08,59.35239791870117
2017-03-09,59.013736724853516
2017-03-10,59.3089714050293
2017-03-13,59.49131774902344
2017-03-14,59.213462829589844
2017-03-15,60.15127182006836
2017-03-16,60.264183044433594
2017-03-17,60.60285568237305
2017-03-20,60.272865295410156
2017-03-21,58.6750602722168
2017-03-22,58.579551696777344
2017-03-23,58.95295715332031
2017-03-24,58.94772720336914
2017-03-27,59.00868606567383
2017-03-28,59.47916030883789
2017-03-29,59.635982513427734
2017-03-30,60.14129638671875
2017-03-31,60.25457000732422
2017-04-03,59.14812469482422
2017-04-04,59.19166564941406
2017-04-05,58.54693603515625
2017-04-06,59.11324691772461
2017-04-07,59.104549407958984
2017-04-10,59.287513732910156
2017-04-11,59.84510040283203
2017-04-12,58.973846435546875
2017-04-13,58.285587310791016
2017-04-17,58.94772720336914
2017-04-18,59.0
2017-04-19,59.33106231689453
2017-04-20,60.15003967285156
2017-04-21,59.99317932128906
2017-04-24,60.742462158203125
2017-04-25,61.28260803222656
2017-04-26,61.683387756347656
2017-04-27,61.62239456176758
2017-04-28,60.80345916748047
2017-05-01,61.12582015991211
2017-05-02,60.87314987182617
2017-05-03,60.49851989746094
2017-05-04,60.446231842041016
2017-05-05,60.71634292602539
2017-05-08,60.49851989746094
2017-05-09,60.57691955566406
2017-05-10,60.907989501953125
2017-05-11,60.454952239990234
2017-05-12,59.97578430175781
2017-05-15,60.35911178588867
2017-05-16,60.35911178588867
2017-05-17,58.843177795410156
2017-05-18,58.93028259277344
2017-05-19,59.200382232666016
2017-05-22,59.67084884643555
2017-05-23,59.87122344970703
2017-05-24,59.84510040283203
2017-05-25,59.92351150512695
2017-05-26,59.914772033691406
2017-05-30,59.575008392333984
2017-05-31,59.531455993652344
2017-06-01,60.5682258605957
2017-06-02,60.960262298583984
2017-06-05,60.559505462646484
2017-06-06,60.47238540649414
2017-06-07,60.5682258605957
2017-06-08,61.38718032836914
2017-06-09,61.89250946044922
2017-06-12,61.76181411743164
2017-06-13,62.058021545410156
2017-06-14,61.674678802490234
2017-06-15,61.37846374511719
2017-06-16,61.047393798828125
2017-06-19,61.32620620727539
2017-06-20,60.5943489074707
2017-06-21,60.315547943115234
2017-06-22,60.53336715698242
2017-06-23,61.047393798828125
2017-06-26,61.1606330871582
2017-06-27,60.70278549194336
2017-06-28,61.681419372558594
2017-06-29,61.29695129394531
2017-06-30,61.26200485229492
2017-07-03,61.83871841430664
2017-07-05,61.47173309326172
2017-07-06,60.62413024902344
2017-07-07,61.26200485229492
2017-07-10,60.89503860473633
2017-07-11,61.03485107421875
2017-07-12,61.497947692871094
2017-07-13,61.6464729309082
2017-07-14,61.80376434326172
2017-07-17,61.961055755615234
2017-07-18,61.76881790161133
2017-07-19,62.47660446166992
2017-07-20,62.56397247314453
2017-07-21,62.25812911987305
2017-07-24,62.26689147949219
2017-07-25,62.852325439453125
2017-07-26,62.424171447753906
2017-07-27,62.13582229614258
2017-07-28,62.039703369140625
2017-07-31,61.8736686706543
2017-08-01,62.0571403503418
2017-08-02,61.2532844543457
2017-08-03,61.0435676574707
2017-08-04,61.2882194519043
2017-08-07,61.22705078125
2017-08-08,61.06105041503906
2017-08-09,60.54550552368164
2017-08-10,59.61053466796875
2017-08-11,59.59306335449219
2017-08-14,60.4755859375
2017-08-15,59.88142395019531
2017-08-16,59.96005630493164
2017-08-17,58.79789733886719
2017-08-18,58.693050384521484
2017-08-21,58.61439895629883
2017-08-22,59.1823616027832
2017-08-23,59.02508544921875
2017-08-24,59.103736877441406
2017-08-25,59.3920783996582
2017-08-28,59.453250885009766
2017-08-29,59.435768127441406
2017-08-30,59.767822265625
2017-08-31,60.353271484375
2017-09-01,60.78141784667969
2017-09-05,60.15228271484375
2017-09-06,60.33578109741211
2017-09-07,60.16103744506836
2017-09-08,60.248409271240234
2017-09-11,60.89503860473633
2017-09-12,61.340641021728516
2017-09-13,61.541629791259766
2017-09-14,61.515419006347656
2017-09-15,61.84745788574219
2017-09-18,62.3367805480957
2017-09-19,62.20570755004883
2017-09-20,62.43289566040039
2017-09-21,62.46784973144531
2017-09-22,62.869789123535156
2017-09-25,63.06204605102539
2017-09-26,63.38286209106445
2017-09-27,64.68013763427734
2017-09-28,64.8554458618164
2017-09-29,65.05705261230469
2017-10-02,65.94237518310547
2017-10-03,66.09137725830078
2017-10-04,65.80210876464844
2017-10-05,65.94237518310547
2017-10-06,65.82839965820312
2017-10-09,65.52161407470703
2017-10-10,65.67938995361328
2017-10-11,65.48656463623047
2017-10-12,65.40766906738281
2017-10-13,65.38136291503906
2017-10-16,65.27619934082031
2017-10-17,65.11841583251953
2017-10-18,65.54789733886719
2017-10-19,65.40766906738281
2017-10-20,65.72321319580078
2017-10-23,65.3989028930664
2017-10-24,65.58297729492188
2017-10-25,65.24113464355469
2017-10-26,65.54789733886719
2017-10-27,65.89854431152344
2017-10-30,64.96940612792969
2017-10-31,65.6180419921875
2017-11-01,65.15345764160156
2017-11-02,65.23235321044922
2017-11-03,64.8116455078125
2017-11-06,64.9518814086914
2017-11-07,64.2506332397461
2017-11-08,64.53986358642578
2017-11-09,64.24188232421875
2017-11-10,64.29446411132812
2017-11-13,64.40840148925781
2017-11-14,64.39087677001953
2017-11-15,64.04027557373047
2017-11-16,65.13594818115234
2017-11-17,65.41645050048828
2017-11-20,65.91607666015625
2017-11-21,66.81013488769531
2017-11-22,66.66990661621094
2017-11-24,66.71369171142578
2017-11-27,66.389404296875
2017-11-28,67.5201644897461
2017-11-29,67.93209075927734
2017-11-30,67.91458892822266
2017-12-01,67.51136016845703
2017-12-04,67.54641723632812
2017-12-05,66.83641815185547
2017-12-06,66.54718780517578
2017-12-07,66.88026428222656
2017-12-08,66.83641815185547
2017-12-11,66.65235900878906
2017-12-12,66.49459838867188
2017-12-13,66.8276596069336
2017-12-14,66.06507110595703
2017-12-15,67.16950988769531
2017-12-18,68.14249420166016
2017-12-19,67.53117370605469
2017-12-20,67.68070983886719
2017-12-21,67.9533920288086
2017-12-22,67.77745819091797
2017-12-26,67.83904266357422
2017-12-27,67.75987243652344
2017-12-28,68.03253173828125
2017-12-29,67.55757904052734
2018-01-02,68.06773376464844
2018-01-03,68.00615692138672
2018-01-04,68.19085693359375
2018-01-05,68.48111724853516
2018-01-08,68.58665466308594
2018-01-09,68.51628112792969
2018-01-10,68.40193939208984
2018-01-11,69.65968322753906
2018-01-12,69.97630310058594
2018-01-16,69.28150939941406
2018-01-17,69.97630310058594
2018-01-18,69.40464782714844
2018-01-19,70.4161148071289
2018-01-22,70.59197998046875
2018-01-23,70.6623764038086
2018-01-24,70.24897766113281
2018-01-25,70.44249725341797
2018-01-26,70.6799545288086
2018-01-29,70.28417205810547
2018-01-30,69.63330078125
2018-01-31,69.25509643554688
2018-02-01,69.54534149169922
2018-02-02,68.16444396972656
2018-02-05,65.48185729980469
2018-02-06,66.29983520507812
2018-02-07,66.33501434326172
2018-02-08,64.5143814086914
2018-02-09,65.20921325683594
2018-02-12,65.84248352050781
2018-02-13,65.88645935058594
2018-02-14,67.10025024414062
2018-02-15,67.77745819091797
2018-02-16,68.01494598388672
2018-02-20,67.42566680908203
2018-02-21,67.5751724243164
2018-02-22,67.52238464355469
2018-02-23,68.39313507080078
2018-02-26,68.85932159423828
2018-02-27,67.85664367675781
2018-02-28,66.6164779663086
2018-03-01,66.34382629394531
2018-03-02,67.4344482421875
2018-03-05,67.92701721191406
2018-03-06,68.74498748779297
2018-03-07,69.246337890625
2018-03-08,69.14076232910156
2018-03-09,70.19621276855469
2018-03-12,70.46007537841797
2018-03-13,70.23136901855469
2018-03-14,69.89717102050781
2018-03-15,69.58932495117188
2018-03-16,70.1082763671875
2018-03-19,69.49259185791016
2018-03-20,69.4749984741211
2018-03-21,69.77404022216797
2018-03-22,68.33516693115234
2018-03-23,66.86190795898438
2018-03-26,68.37043762207031
2018-03-27,67.21479034423828
2018-03-28,67.30300903320312
2018-03-29,67.93817901611328
2018-04-02,66.38549041748047
2018-04-03,67.38238525390625
2018-04-04,68.22930145263672
2018-04-05,68.9615249633789
2018-04-06,67.7176284790039
2018-04-09,67.54117584228516
2018-04-10,68.82038879394531
2018-04-11,68.93507385253906
2018-04-12,69.27909851074219
2018-04-13,69.0321044921875
2018-04-16,69.79961395263672
2018-04-17,70.46125793457031
2018-04-18,70.71710205078125
2018-04-19,70.16132354736328
2018-04-20,69.74667358398438
2018-04-23,69.72022247314453
2018-04-24,69.393798828125
2018-04-25,69.27909851074219
2018-04-26,69.49967956542969
2018-04-27,69.27030181884766
2018-04-30,68.65277099609375
2018-05-01,68.95272827148438
2018-05-02,69.12030792236328
2018-05-03,68.69686889648438
2018-05-04,69.54379272460938
2018-05-07,70.08191680908203
2018-05-08,70.68182373046875
2018-05-09,71.07880401611328
2018-05-10,71.45816802978516
2018-05-11,71.5728530883789
2018-05-14,71.26408386230469
2018-05-15,71.29933166503906
2018-05-16,72.14627838134766
2018-05-17,72.58736419677734
2018-05-18,72.73735046386719
2018-05-21,73.40779876708984
2018-05-22,72.80792236328125
2018-05-23,72.87848663330078
2018-05-24,72.89613342285156
2018-05-25,72.79027557373047
2018-05-29,72.83436584472656
2018-05-30,73.85772705078125
2018-05-31,73.08138275146484
2018-06-01,73.58424377441406
2018-06-04,74.43115234375
2018-06-05,74.96932220458984
2018-06-06,75.4457015991211
2018-06-07,75.16338348388672
2018-06-08,75.34867095947266
2018-06-11,75.56039428710938
2018-06-12,75.6397705078125
2018-06-13,75.18988037109375
2018-06-14,75.4457015991211
2018-06-15,75.47216033935547
2018-06-18,75.91326904296875
2018-06-19,75.84266662597656
2018-06-20,76.43374633789062
2018-06-21,75.67506408691406
2018-06-22,75.65744018554688
2018-06-25,74.48410034179688
2018-06-26,74.94153594970703
2018-06-27,73.88863372802734
2018-06-28,74.08328247070312
2018-06-29,73.84439086914062
2018-07-02,74.61415100097656
2018-07-03,74.79995727539062
2018-07-05,75.71128845214844
2018-07-06,76.28642272949219
2018-07-09,76.85266876220703
2018-07-10,76.48990631103516
2018-07-11,75.85285186767578
2018-07-12,76.02985382080078
2018-07-13,75.95903778076172
2018-07-16,75.69361114501953
2018-07-17,76.10946655273438
2018-07-18,76.41913604736328
2018-07-19,77.01192474365234
2018-07-20,76.72880554199219
2018-07-23,76.75533294677734
2018-07-24,76.0386734008789
2018-07-25,76.19792175292969
2018-07-26,77.01192474365234
2018-07-27,75.69361114501953
2018-07-30,75.3485336303711
2018-07-31,76.23333740234375
2018-08-01,76.20677185058594
2018-08-02,76.87921905517578
2018-08-03,76.6314926147461
2018-08-06,77.13579559326172
2018-08-07,77.28620147705078
2018-08-08,77.24198150634766
2018-08-09,77.3304672241211
2018-08-10,77.17122650146484
2018-08-13,76.8261489868164
2018-08-14,77.81708526611328
2018-08-15,76.91461181640625
2018-08-16,77.54280090332031
2018-08-17,78.0294418334961
2018-08-20,78.29488372802734
2018-08-21,79.22392272949219
2018-08-22,79.3831558227539
2018-08-23,79.144287109375
2018-08-24,79.42737579345703
2018-08-27,79.4804916381836
2018-08-28,79.4804916381836
2018-08-29,79.64860534667969
2018-08-30,79.44509887695312
2018-08-31,79.90519714355469
2018-09-04,79.56896209716797
2018-09-05,79.48932647705078
2018-09-06,78.89651489257812
2018-09-07,78.71956634521484
2018-09-10,78.8080825805664
2018-09-11,78.83460235595703
2018-09-12,78.58685302734375
2018-09-13,78.59569549560547
2018-09-14,79.16197967529297
2018-09-17,78.28604125976562
2018-09-18,78.50723266601562
2018-09-19,78.01174926757812
2018-09-20,78.68417358398438
2018-09-21,78.2506332397461
2018-09-24,77.72862243652344
2018-09-25,77.77284240722656
2018-09-26,77.11329650878906
2018-09-27,77.13995361328125
2018-09-28,77.4417495727539
2018-10-01,76.28773498535156
2018-10-02,75.47108459472656
2018-10-03,76.13682556152344
2018-10-04,75.23140716552734
2018-10-05,74.39695739746094
2018-10-08,74.3348388671875
2018-10-09,74.10404968261719
2018-10-10,72.08012390136719
2018-10-11,70.51778411865234
2018-10-12,70.39350891113281
2018-10-15,70.72196197509766
2018-10-16,72.64822387695312
2018-10-17,72.28429412841797
2018-10-18,70.90837860107422
2018-10-19,70.21597290039062
2018-10-22,70.15383911132812
2018-10-23,69.60348510742188
2018-10-24,67.1534652709961
2018-10-25,68.61814880371094
2018-10-26,67.97013854980469
2018-10-29,67.77484130859375
2018-10-30,69.33719635009766
2018-10-31,69.28392791748047
2018-11-01,70.62433624267578
2018-11-02,71.04155731201172
2018-11-05,71.112548828125
2018-11-06,71.51199340820312
2018-11-07,72.39083099365234
2018-11-08,72.23989868164062
2018-11-09,70.98827362060547
2018-11-12,69.70110321044922
2018-11-13,69.55021667480469
2018-11-14,69.07974243164062
2018-11-15,70.0029296875
2018-11-16,70.224853515625
2018-11-19,69.06200408935547
2018-11-20,67.73043823242188
2018-11-21,68.43171691894531
2018-11-23,68.42285919189453
2018-11-26,69.05311584472656
2018-11-27,68.5471420288086
2018-11-28,70.20711517333984
2018-11-29,69.86089324951172
2018-11-30,70.39350891113281
2018-12-03,70.81962585449219
2018-12-04,67.62393188476562
2018-12-06,67.38424682617188
2018-12-07,66.1148681640625
2018-12-10,65.67989349365234
2018-12-11,65.61775207519531
2018-12-12,66.26579284667969
2018-12-13,65.25382232666016
2018-12-14,64.2418441772461
2018-12-17,62.744789123535156
2018-12-18,62.825035095214844
2018-12-19,61.442996978759766
2018-12-20,60.57809829711914
2018-12-21,59.178226470947266
2018-12-24,58.081504821777344
2018-12-26,60.783164978027344
2018-12-27,61.14875793457031
2018-12-28,61.43408203125
2018-12-31,61.80857849121094
2019-01-02,62.09387969970703
2019-01-03,60.93476104736328
2019-01-04,63.137107849121094
2019-01-07,63.9752311706543
2019-01-08,64.94713592529297
2019-01-09,65.60694885253906
2019-01-10,65.8387680053711
2019-01-11,65.97254180908203
2019-01-14,65.41077423095703
2019-01-15,65.85662841796875
2019-01-16,66.36483001708984
2019-01-17,67.00684356689453
2019-01-18,67.6844711303711
2019-01-22,66.56101989746094
2019-01-23,66.445068359375
2019-01-24,66.81957244873047
2019-01-25,67.55073547363281
2019-01-28,67.14057922363281
2019-01-29,67.13166809082031
2019-01-30,67.82714080810547
2019-01-31,68.37997436523438
2019-02-01,68.31755828857422
2019-02-04,69.19136047363281
2019-02-05,69.24485778808594
2019-02-06,69.14678192138672
2019-02-07,68.5315170288086
2019-02-08,68.49588012695312
2019-02-11,69.05760955810547
2019-02-12,69.99382019042969
2019-02-13,70.2702407836914
2019-02-14,70.43073272705078
2019-02-15,71.48287200927734
2019-02-19,71.87518310546875
2019-02-20,72.3834457397461
2019-02-21,72.04459381103516
2019-02-22,72.37451171875
2019-02-25,72.21402740478516
2019-02-26,71.5185546875
2019-02-27,71.62553405761719
2019-02-28,71.34912109375
2019-03-01,71.75928497314453
2019-03-04,71.01922607421875
2019-03-05,70.7249755859375
2019-03-06,69.33403015136719
2019-03-07,68.61178588867188
2019-03-08,68.54046630859375
2019-03-11,69.63716888427734
2019-03-12,69.5301742553711
2019-03-13,69.79766082763672
2019-03-14,69.50340270996094
2019-03-15,69.521240234375
2019-03-18,70.06517791748047
2019-03-19,69.55693054199219
2019-03-20,69.03804016113281
2019-03-21,69.94161224365234
2019-03-22,67.39192199707031
2019-03-25,67.71399688720703
2019-03-26,68.34919738769531
2019-03-27,68.33129119873047
2019-03-28,68.97540283203125
2019-03-29,69.0201416015625
2019-04-01,69.87004089355469
2019-04-02,69.47642517089844
2019-04-03,69.81637573242188
2019-04-04,70.37103271484375
2019-04-05,70.98831939697266
2019-04-08,70.93466186523438
2019-04-09,70.04896545410156
2019-04-10,71.11357116699219
2019-04-11,70.97042083740234
2019-04-12,71.29248809814453
2019-04-15,71.01513671875
2019-04-16,71.30146026611328
2019-04-17,70.97937774658203
2019-04-18,70.7288818359375
2019-04-22,70.3620834350586
2019-04-23,71.39984893798828
2019-04-24,71.62352752685547
2019-04-25,70.8809814453125
2019-04-26,71.51615142822266
2019-04-29,71.86505126953125
2019-04-30,71.68612670898438
2019-05-01,71.04202270507812
2019-05-02,71.26565551757812
2019-05-03,72.67021942138672
2019-05-06,72.79546356201172
2019-05-07,71.46246337890625
2019-05-08,70.8899154663086
2019-05-09,70.7288818359375
2019-05-10,70.96148681640625
2019-05-13,68.7427978515625
2019-05-14,69.47642517089844
2019-05-15,69.60166931152344
2019-05-16,69.87004089355469
2019-05-17,68.7338638305664
2019-05-20,68.25078582763672
2019-05-21,69.16329956054688
2019-05-22,68.4833755493164
2019-05-23,66.85517120361328
2019-05-24,67.52613830566406
2019-05-28,67.07881927490234
2019-05-29,66.53309631347656
2019-05-30,66.34521484375
2019-05-31,65.45954132080078
2019-06-03,65.79949951171875
2019-06-04,67.5887451171875
2019-06-05,67.43666076660156
2019-06-06,67.28457641601562
2019-06-07,67.72295379638672
2019-06-10,68.20604705810547
2019-06-11,68.05396270751953
2019-06-12,67.91081237792969
2019-06-13,68.70703125
2019-06-14,68.03607177734375
2019-06-17,68.09980010986328
2019-06-18,68.98841094970703
2019-06-19,69.1589584350586
2019-06-20,69.62567901611328
2019-06-21,69.06021118164062
2019-06-24,68.2883071899414
2019-06-25,67.93822479248047
2019-06-26,68.0100326538086
2019-06-27,69.33843994140625
2019-06-28,70.2629623413086
2019-07-01,70.40658569335938
2019-07-02,70.0026626586914
2019-07-03,70.39762878417969
2019-07-05,70.67584991455078
2019-07-08,69.93086242675781
2019-07-09,69.84110260009766
2019-07-10,70.02961730957031
2019-07-11,69.69749450683594
2019-07-12,70.30784606933594
2019-07-15,69.85903930664062
2019-07-16,69.93086242675781
2019-07-17,69.41027069091797
2019-07-18,69.54488372802734
2019-07-19,69.3653793334961
2019-07-22,69.26666259765625
2019-07-23,69.91292572021484
2019-07-24,71.0887680053711
2019-07-25,70.31684112548828
2019-07-26,71.03492736816406
2019-07-29,70.67584991455078
2019-07-30,71.43880462646484
2019-07-31,71.09774780273438
2019-08-01,70.01165008544922
2019-08-02,69.19483184814453
2019-08-05,67.31887817382812
2019-08-06,68.02799987792969
2019-08-07,68.13570404052734
2019-08-08,69.60774993896484
2019-08-09,68.74607849121094
2019-08-12,67.97415161132812
2019-08-13,68.68324279785156
2019-08-14,66.66365051269531
2019-08-15,66.41233825683594
2019-08-16,67.89335632324219
2019-08-19,68.59346008300781
2019-08-20,68.02799987792969
2019-08-21,68.57551574707031
2019-08-22,68.38702392578125
2019-08-23,66.29563903808594
2019-08-26,66.91498565673828
2019-08-27,66.07125854492188
2019-08-28,66.86112976074219
2019-08-29,67.97415161132812
2019-08-30,67.83949279785156
2019-09-03,66.90602111816406
2019-09-04,67.58818817138672
2019-09-05,68.9076156616211
2019-09-06,68.7191390991211
2019-09-09,69.7693099975586
2019-09-10,70.63996124267578
2019-09-11,72.04916381835938
2019-09-12,72.04916381835938
2019-09-13,72.16586303710938
2019-09-16,72.408203125
2019-09-17,72.24665069580078
2019-09-18,71.85169982910156
2019-09-19,71.38496398925781
2019-09-20,71.14262390136719
2019-09-23,71.19646453857422
2019-09-24,70.30014038085938
2019-09-25,71.23699951171875
2019-09-26,70.49834442138672
2019-09-27,70.074951171875
2019-09-30,70.11997985839844
2019-10-01,68.74172973632812
2019-10-02,68.05709838867188
2019-10-03,68.15620422363281
2019-10-04,68.82278442382812
2019-10-07,68.76874542236328
2019-10-08,67.60669708251953
2019-10-09,67.82288360595703
2019-10-10,67.98504638671875
2019-10-11,69.2281723022461
2019-10-14,69.0479965209961
2019-10-15,69.80469512939453
2019-10-16,69.98485565185547
2019-10-17,70.77755737304688
2019-10-18,70.336181640625
2019-10-21,71.01180267333984
2019-10-22,71.20999908447266
2019-10-23,71.39015197753906
2019-10-24,71.26404571533203
2019-10-25,71.68743896484375
2019-10-28,72.35401153564453
2019-10-29,72.64229583740234
2019-10-30,72.25492095947266
2019-10-31,71.54327392578125
2019-11-01,72.65127563476562
2019-11-04,73.24583435058594
2019-11-05,73.36293029785156
2019-11-06,73.02963256835938
2019-11-07,73.20079803466797
2019-11-08,73.30889129638672
2019-11-11,73.09269714355469
2019-11-12,73.06568145751953
2019-11-13,72.65127563476562
2019-11-14,72.50717163085938
2019-11-15,72.89451599121094
2019-11-18,72.5702133178711
2019-11-19,72.70532989501953
2019-11-20,72.31798553466797
2019-11-21,71.93062591552734
2019-11-22,72.10179901123047
2019-11-25,73.90345764160156
2019-11-26,73.84038543701172
2019-11-27,74.17366790771484
2019-11-29,73.69625091552734
2019-12-02,72.87651062011719
2019-12-03,72.57923889160156
2019-12-04,73.146728515625
2019-12-05,73.38996124267578
2019-12-06,74.41690826416016
2019-12-09,74.21870422363281
2019-12-10,74.20071411132812
2019-12-11,74.18268585205078
2019-12-12,74.98441314697266
2019-12-13,74.5069808959961
2019-12-16,74.8156967163086
2019-12-17,75.4584732055664
2019-12-18,75.72100830078125
2019-12-19,75.95640563964844
2019-12-20,75.83871459960938
2019-12-23,75.9654541015625
2019-12-24,76.17369079589844
2019-12-26,76.07410430908203
2019-12-27,75.73006439208984
2019-12-30,75.68482208251953
2019-12-31,75.9111328125
2020-01-02,75.9654541015625
2020-01-03,75.92019653320312
2020-01-06,75.84776306152344
2020-01-07,75.41320037841797
2020-01-08,75.576171875
2020-01-09,75.55807495117188
2020-01-10,75.20498657226562
2020-01-13,75.82966613769531
2020-01-14,76.11032104492188
2020-01-15,76.43622589111328
2020-01-16,77.42303466796875
2020-01-17,77.28723907470703
2020-01-21,76.5629653930664
2020-01-22,76.5629653930664
2020-01-23,76.7259292602539
2020-01-24,75.53091430664062
2020-01-27,74.6980209350586
2020-01-28,75.23217010498047
2020-01-29,74.71612548828125
2020-01-30,74.63462829589844
2020-01-31,72.8602066040039
2020-02-03,73.54824829101562
2020-02-04,74.4716796875
2020-02-05,75.89305114746094
2020-02-06,75.68482208251953
2020-02-07,74.54410552978516
2020-02-10,74.78853607177734
2020-02-11,75.4041519165039
2020-02-12,75.9111328125
2020-02-13,76.16461944580078
2020-02-14,75.75720977783203
2020-02-18,75.3498306274414
2020-02-19,75.63955688476562
2020-02-20,76.03787231445312
2020-02-21,75.15971374511719
2020-02-24,72.94171905517578
2020-02-25,70.47920227050781
2020-02-26,69.58293914794922
2020-02-27,66.99372863769531
2020-02-28,65.8982925415039
2020-03-02,67.58216857910156
2020-03-03,66.16085052490234
2020-03-04,68.20686340332031
2020-03-05,65.77153778076172
2020-03-06,64.5946273803711
2020-03-09,58.27549743652344
2020-03-10,60.00465774536133
2020-03-11,56.410526275634766
2020-03-12,50.00992202758789
2020-03-13,53.84846878051758
2020-03-16,47.51123809814453
2020-03-17,49.8922233581543
2020-03-18,45.26603698730469
2020-03-19,46.823184967041016
2020-03-20,45.06686019897461
2020-03-23,44.46028518676758
2020-03-24,48.32602310180664
2020-03-25,48.746253967285156
2020-03-26,52.09364700317383
2020-03-27,49.99243927001953
2020-03-30,51.16584014892578
2020-03-31,51.03847885131836
2020-04-01,47.47279357910156
2020-04-02,48.136817932128906
2020-04-03,46.381263732910156
2020-04-06,50.16526794433594
2020-04-07,50.465423583984375
2020-04-08,52.76675033569336
2020-04-09,55.50469970703125
2020-04-13,53.594512939453125
2020-04-14,54.53141403198242
2020-04-15,52.02997589111328
2020-04-16,51.611549377441406
2020-04-17,53.95835494995117
2020-04-20,52.87591552734375
2020-04-21,51.74798583984375
2020-04-22,52.11184310913086
2020-04-23,52.76675033569336
2020-04-24,53.41259002685547
2020-04-27,55.686622619628906
2020-04-28,56.923709869384766
2020-04-29,60.09825134277344
2020-04-30,57.62410354614258
2020-05-01,55.25
2020-05-04,55.049896240234375
2020-05-05,55.1954231262207
2020-05-06,54.54050064086914
2020-05-07,55.31367492675781
2020-05-08,57.660484313964844
2020-05-11,56.60532760620117
2020-05-12,54.50412368774414
2020-05-13,52.41200637817383
2020-05-14,52.61212921142578
2020-05-15,53.32162094116211
2020-05-18,57.123817443847656
2020-05-19,55.95950698852539
2020-05-20,57.70595932006836
2020-05-21,57.76054000854492
2020-05-22,57.99703598022461
2020-05-26,60.38933181762695
2020-05-27,62.74522399902344
2020-05-28,60.88961410522461
2020-05-29,60.161922454833984
2020-06-01,60.8259391784668
2020-06-02,61.517250061035156
2020-06-03,63.61847686767578
2020-06-04,64.47349548339844
2020-06-05,67.29332733154297
2020-06-08,68.72138977050781
2020-06-09,67.0477066040039
2020-06-10,64.60994720458984
2020-06-11,59.33417892456055
2020-06-12,60.83504104614258
2020-06-15,62.18145751953125
2020-06-16,63.760643005371094
2020-06-17,62.37314224243164
2020-06-18,62.12667465209961
2020-06-19,61.31427001953125
2020-06-22,61.85282897949219
2020-06-23,62.04454040527344
2020-06-24,59.89027786254883
2020-06-25,60.82134246826172
2020-06-26,59.00484085083008
2020-06-29,61.51509475708008
2020-06-30,62.33664321899414
2020-07-01,61.442047119140625
2020-07-02,61.7889518737793
2020-07-06,62.37314224243164
2020-07-07,61.11344909667969
2020-07-08,61.36905288696289
2020-07-09,59.96330261230469
2020-07-10,61.296016693115234
2020-07-13,60.70268249511719
2020-07-14,61.69765090942383
2020-07-15,64.06187438964844
2020-07-16,63.61458969116211
2020-07-17,63.623722076416016
2020-07-20,63.12166976928711
2020-07-21,64.52740478515625
2020-07-22,64.58218383789062
2020-07-23,65.02945709228516
2020-07-24,63.92494583129883
2020-07-27,64.65522003173828
2020-07-28,64.20791625976562
2020-07-29,65.83274841308594
2020-07-30,65.42196655273438
2020-07-31,65.0020751953125
2020-08-03,65.741455078125
2020-08-04,66.1248550415039
2020-08-05,67.64012145996094
2020-08-06,67.2658920288086
2020-08-07,68.48905944824219
2020-08-10,69.1736831665039
2020-08-11,69.10063171386719
2020-08-12,69.33796691894531
2020-08-13,68.93634796142578
2020-08-14,68.9089584350586
2020-08-17,69.01848602294922
2020-08-18,68.18782043457031
2020-08-19,68.1787109375
2020-08-20,67.63099670410156
2020-08-21,67.19285583496094
2020-08-24,68.40689086914062
2020-08-25,68.35212707519531
2020-08-26,67.77705383300781
2020-08-27,68.01439666748047
2020-08-28,68.53468322753906
2020-08-31,67.52145385742188
2020-09-01,68.2973861694336
2020-09-02,69.08240509033203
2020-09-03,67.36629486083984
2020-09-04,67.01028442382812
2020-09-08,65.38545227050781
2020-09-09,66.1248550415039
2020-09-10,65.2394027709961
2020-09-11,64.79212951660156
2020-09-14,65.9148941040039
2020-09-15,65.93316650390625
2020-09-16,66.38042449951172
2020-09-17,65.85101318359375
2020-09-18,65.47675323486328
2020-09-21,63.20379638671875
2020-09-22,63.57807922363281
2020-09-23,61.87224197387695
2020-09-24,62.119720458984375
2020-09-25,62.77053451538086
2020-09-28,64.55795288085938
2020-09-29,64.19129180908203
2020-09-30,64.37459564208984
2020-10-01,65.29124450683594
2020-10-02,65.92371368408203
2020-10-05,67.39949035644531
2020-10-06,67.38115692138672
2020-10-07,68.34361267089844
2020-10-08,69.37024688720703
2020-10-09,69.73689270019531
2020-10-12,70.20433807373047
2020-10-13,69.41604614257812
2020-10-14,69.02191925048828
2020-10-15,69.91104888916016
2020-10-16,69.5077133178711
2020-10-19,68.74691009521484
2020-10-20,69.21440124511719
2020-10-21,68.82940673828125
2020-10-22,69.95687103271484
2020-10-23,70.286865234375
2020-10-26,68.82940673828125
2020-10-27,67.93113708496094
2020-10-28,65.85038757324219
2020-10-29,66.86785125732422
2020-10-30,66.015380859375
2020-11-02,67.40866088867188
2020-11-03,69.10438537597656
2020-11-04,68.44442749023438
2020-11-05,70.45182800292969
2020-11-06,69.7643814086914
2020-11-09,73.1283950805664
2020-11-10,75.05331420898438
2020-11-11,74.5583267211914
2020-11-12,72.9634017944336
2020-11-13,74.91582489013672
2020-11-16,77.17071533203125
2020-11-17,77.60154724121094
2020-11-18,76.51988220214844
2020-11-19,76.96905517578125
2020-11-20,76.88654327392578
2020-11-23,78.67398071289062
2020-11-24,80.59889221191406
2020-11-25,79.96641540527344
2020-11-27,79.82891845703125
2020-11-30,78.04151153564453
2020-12-01,78.90311431884766
2020-12-02,79.26978302001953
2020-12-03,79.79227447509766
2020-12-04,81.77215576171875
2020-12-07,81.57051849365234
2020-12-08,82.17549133300781
2020-12-09,82.22130584716797
2020-12-10,82.6063232421875
2020-12-11,81.93717193603516
2020-12-14,81.7514877319336
2020-12-15,83.9023666381836
2020-12-16,83.48873901367188
2020-12-17,84.24244689941406
2020-12-18,83.5255126953125
2020-12-21,83.23137664794922
2020-12-22,83.75528717041016
2020-12-23,84.55498504638672
2020-12-24,84.6285171508789
2020-12-28,84.95022583007812
2020-12-29,83.49793243408203
2020-12-30,84.34357452392578
2020-12-31,84.47224426269531
2021-01-04,83.6817626953125
2021-01-05,85.4649658203125
2021-01-06,89.61963653564453
2021-01-07,90.5663833618164
2021-01-08,89.82186126708984
2021-01-11,90.23548126220703
2021-01-12,91.78890228271484
2021-01-13,90.98002624511719
2021-01-14,93.14009094238281
2021-01-15,91.51313018798828
2021-01-19,92.38634490966797
2021-01-20,92.88270568847656
2021-01-21,91.82564544677734
2021-01-22,92.98382568359375
2021-01-25,93.12168884277344
2021-01-26,93.13088989257812
2021-01-27,92.87350463867188
2021-01-28,91.03517150878906
2021-01-29,89.6839828491211
2021-02-01,91.2741470336914
2021-02-02,91.5223388671875
2021-02-03,91.85322570800781
2021-02-04,93.49856567382812
2021-02-05,94.61077117919922
2021-02-08,97.23043823242188
2021-02-09,97.92898559570312
2021-02-10,97.59806823730469
2021-02-11,97.81868743896484
2021-02-12,98.01171875
2021-02-16,97.78190612792969
2021-02-17,97.26717376708984
2021-02-18,95.79650115966797
2021-02-19,97.4234390258789
2021-02-22,98.01171875
2021-02-23,97.4602279663086
2021-02-24,100.15339660644531
2021-02-25,97.05575561523438
2021-02-26,96.59618377685547
2021-03-01,99.58350372314453
2021-03-02,97.85543060302734
2021-03-03,98.00251770019531
2021-03-04,96.21014404296875
2021-03-05,98.39778900146484
2021-03-08,100.28206634521484
2021-03-09,101.26559448242188
2021-03-10,103.36131286621094
2021-03-11,104.70333099365234
2021-03-12,105.71439361572266
2021-03-15,105.51219940185547
2021-03-16,103.87603759765625
2021-03-17,104.4459457397461
2021-03-18,102.1388168334961
2021-03-19,102.35941314697266
2021-03-22,100.92549896240234
2021-03-23,97.43264770507812
2021-03-24,95.7321548461914
2021-03-25,98.31796264648438
2021-03-26,100.71394348144531
2021-03-29,98.22579956054688
2021-03-30,99.64496612548828
2021-03-31,100.01358795166016
2021-04-01,101.45116424560547
2021-04-05,101.89350891113281
2021-04-06,101.79212188720703
2021-04-07,100.28083038330078
2021-04-08,100.80609130859375
2021-04-09,100.91667175292969
2021-04-12,101.03649139404297
2021-04-13,100.34532165527344
2021-04-14,101.45116424560547
2021-04-15,101.7737045288086
2021-04-16,102.07779693603516
2021-04-19,101.04569244384766
2021-04-20,98.66815948486328
2021-04-21,100.93511199951172
2021-04-22,100.34532165527344
2021-04-23,102.20682525634766
2021-04-26,102.70445251464844
2021-04-27,103.04540252685547
2021-04-28,103.23892211914062
2021-04-29,103.3034439086914
2021-04-30,101.86585235595703
2021-05-03,103.01776885986328
2021-05-04,102.54776763916016
2021-05-05,102.50171661376953
2021-05-06,103.18364715576172
2021-05-07,103.95771026611328
2021-05-10,101.81978607177734
2021-05-11,101.14706420898438
2021-05-12,98.03230285644531
2021-05-13,100.49278259277344
2021-05-14,102.50171661376953
2021-05-17,102.7597427368164
2021-05-18,101.74604034423828
2021-05-19,101.08257293701172
2021-05-20,101.29450988769531
2021-05-21,101.78290557861328
2021-05-24,102.2989730834961
2021-05-25,101.13785552978516
2021-05-26,103.29423522949219
2021-05-27,104.29869079589844
2021-05-28,103.99457550048828
2021-06-01,105.77314758300781
2021-06-02,105.45059204101562
2021-06-03,104.55670928955078
2021-06-04,104.93453216552734
2021-06-07,105.95744323730469
2021-06-08,107.17386627197266
2021-06-09,106.38135528564453
2021-06-10,104.71249389648438
2021-06-11,105.76533508300781
2021-06-14,105.24815368652344
2021-06-15,105.43285369873047
2021-06-16,105.39591979980469
2021-06-17,103.53955841064453
2021-06-18,100.83356475830078
2021-06-21,103.09626770019531
2021-06-22,103.66886138916016
2021-06-23,103.84434509277344
2021-06-24,105.22969818115234
2021-06-25,105.34050750732422
2021-06-28,104.25994110107422
2021-06-29,104.01982879638672
2021-06-30,104.34306335449219
2021-07-01,104.99880981445312
2021-07-02,103.89051055908203
2021-07-06,102.37590026855469
2021-07-07,101.69245910644531
2021-07-08,100.5010986328125
2021-07-09,103.05931091308594
2021-07-12,103.54881286621094
2021-07-13,101.60933685302734
2021-07-14,100.41797637939453
2021-07-15,99.9654312133789
2021-07-16,98.51542663574219
2021-07-19,96.6221694946289
2021-07-20,99.53134155273438
2021-07-21,101.19373321533203
2021-07-22,99.30044555664062
2021-07-23,100.11319732666016
2021-07-26,100.99981689453125
2021-07-27,100.04853820800781
2021-07-28,100.8982162475586
2021-07-29,102.15425872802734
2021-07-30,101.83100128173828
2021-08-02,101.18451690673828
2021-08-03,102.11730194091797
2021-08-04,100.31637573242188
2021-08-05,101.72017669677734
2021-08-06,102.96697235107422
2021-08-09,102.09883117675781
2021-08-10,103.08704376220703
2021-08-11,103.80740356445312
2021-08-12,103.28099060058594
2021-08-13,102.52367401123047
2021-08-16,102.01571655273438
2021-08-17,100.53802490234375
2021-08-18,99.72530364990234
2021-08-19,98.83868408203125
2021-08-20,100.33482360839844
2021-08-23,101.60933685302734
2021-08-24,102.32048797607422
2021-08-25,102.69913482666016
2021-08-26,101.56317901611328
2021-08-27,104.5462417602539
2021-08-30,103.92745971679688
2021-08-31,103.77969360351562
2021-09-01,104.25994110107422
2021-09-02,104.7032699584961
2021-09-03,104.05675506591797
2021-09-07,103.10550689697266
2021-09-08,102.23736572265625
2021-09-09,101.9787826538086
2021-09-10,100.94439697265625
2021-09-13,101.71095275878906
2021-09-14,100.40872192382812
2021-09-15,101.48928833007812
2021-09-16,101.1106185913086
2021-09-17,101.05521392822266
2021-09-20,99.32818603515625
2021-09-21,99.1434555053711
2021-09-22,100.75043487548828
2021-09-23,102.4682388305664
2021-09-24,102.33002471923828
2021-09-27,104.21334075927734
2021-09-28,102.72895050048828
2021-09-29,103.04438781738281
2021-09-30,101.30020904541016
2021-10-01,103.29487609863281
2021-10-04,102.93305206298828
2021-10-05,103.21137237548828
2021-10-06,102.47846984863281
2021-10-07,104.03704833984375
2021-10-08,103.35980224609375
2021-10-11,102.77532196044922
2021-10-12,103.05365753173828
2021-10-13,103.01654052734375
2021-10-14,104.39888763427734
2021-10-15,103.90719604492188
2021-10-18,104.08345794677734
2021-10-19,104.25045776367188
2021-10-20,105.03902435302734
2021-10-21,105.15036010742188
2021-10-22,105.21528625488281
2021-10-25,106.09664916992188
2021-10-26,105.11324310302734
2021-10-27,103.05365753173828
2021-10-28,105.04830932617188
2021-10-29,104.89057922363281
2021-11-01,107.32128143310547
2021-11-02,107.20994567871094
2021-11-03,109.5478515625
2021-11-04,109.2695083618164
2021-11-05,111.6167221069336
2021-11-08,111.62600708007812
2021-11-09,111.4682846069336
2021-11-10,110.23439025878906
2021-11-11,111.08792114257812
2021-11-12,110.83741760253906
2021-11-15,110.91165161132812
2021-11-16,111.18997192382812
2021-11-17,109.98390197753906
2021-11-18,109.79833984375
2021-11-19,108.50877380371094
2021-11-22,109.21388244628906
2021-11-23,109.31593322753906
2021-11-24,108.97266387939453
2021-11-26,104.88133239746094
2021-11-29,104.63082122802734
2021-11-30,102.33928680419922
2021-12-01,100.81779479980469
2021-12-02,103.62886047363281
2021-12-03,102.41350555419922
2021-12-06,104.86276245117188
2021-12-07,106.31929779052734
2021-12-08,106.7460708618164
2021-12-09,105.02046203613281
2021-12-10,105.02975463867188
2021-12-13,103.28728485107422
2021-12-14,102.6989974975586
2021-12-15,104.03431701660156
2021-12-16,102.26011657714844
2021-12-17,102.51224517822266
2021-12-20,101.09286499023438
2021-12-21,104.04364776611328
2021-12-22,105.25759887695312
2021-12-23,105.82720947265625
2021-12-27,107.40532684326172
2021-12-28,107.08784484863281
2021-12-29,107.55471801757812
2021-12-30,107.05982971191406
2021-12-31,106.92910766601562
2022-01-03,108.10567474365234
2022-01-04,108.96477508544922
2022-01-05,106.17271423339844
2022-01-06,106.86371612548828
2022-01-07,105.66845703125
2022-01-10,105.23892211914062
2022-01-11,106.0046157836914
2022-01-12,105.58441925048828
2022-01-13,105.49102783203125
2022-01-14,105.97661590576172
2022-01-18,103.22190856933594
2022-01-19,101.41035461425781
2022-01-20,99.26261901855469
2022-01-21,97.86194610595703
2022-01-24,100.18710327148438
2022-01-25,99.07585906982422
2022-01-26,97.51640319824219
2022-01-27,95.54610443115234
2022-01-28,97.13356018066406
2022-01-31,99.21592712402344
2022-02-01,99.86959075927734
2022-02-02,99.41204071044922
2022-02-03,98.02066040039062
2022-02-04,98.02066040039062
2022-02-07,98.12338256835938
2022-02-08,99.85089111328125
2022-02-09,100.9901351928711
2022-02-10,99.62680053710938
2022-02-11,99.3466796875
2022-02-14,99.1412353515625
2022-02-15,101.28897857666016
2022-02-16,101.60643768310547
2022-02-17,99.68282318115234
2022-02-18,99.13188934326172
2022-02-22,97.74053192138672
2022-02-23,96.31182861328125
2022-02-24,97.9366226196289
2022-02-25,100.13105010986328
2022-02-28,100.57926177978516
2022-03-01,98.71165466308594
2022-03-02,101.38233947753906
2022-03-03,100.64463806152344
2022-03-04,99.29064178466797
2022-03-07,97.06819915771484
2022-03-08,97.34834289550781
2022-03-09,99.49608612060547
2022-03-10,99.4213638305664
2022-03-11,98.19808197021484
2022-03-14,97.11487579345703
2022-03-15,98.13272094726562
2022-03-16,100.5886001586914
2022-03-17,101.83057403564453
2022-03-18,102.34415435791016
2022-03-21,101.7745361328125
2022-03-22,102.20407104492188
2022-03-23,100.38317108154297
2022-03-24,101.23332214355469
2022-03-25,101.82254028320312
2022-03-28,101.50455474853516
2022-03-29,103.91755676269531
2022-03-30,101.96284484863281
2022-03-31,100.8966293334961
2022-04-01,101.96284484863281
2022-04-04,101.55132293701172
2022-04-05,99.2599105834961
2022-04-06,98.1656494140625
2022-04-07,98.05341339111328
2022-04-08,97.49225616455078
2022-04-11,96.8656234741211
2022-04-12,97.43614959716797
2022-04-13,99.02610778808594
2022-04-14,98.34334564208984
2022-04-18,97.98794555664062
2022-04-19,99.88655090332031
2022-04-20,100.5880126953125
2022-04-21,98.99803924560547
2022-04-22,96.5570068359375
2022-04-25,96.80951690673828
2022-04-26,93.99436950683594
2022-04-27,93.62962341308594
2022-04-28,95.49078369140625
2022-04-29,92.9842758178711
2022-05-02,93.66702270507812
2022-05-03,94.66775512695312
2022-05-04,97.07138061523438
2022-05-05,93.60157012939453
2022-05-06,92.60082244873047
2022-05-09,89.99140930175781
2022-05-10,89.43960571289062
2022-05-11,87.91512298583984
2022-05-12,89.0374526977539
2022-05-13,91.15115356445312
2022-05-16,90.87992858886719
2022-05-17,93.59217834472656
2022-05-18,90.69286346435547
2022-05-19,90.23458862304688
2022-05-20,89.87919616699219
2022-05-23,90.82381439208984
2022-05-24,89.80436706542969
2022-05-25,91.6655502319336
2022-05-26,93.59217834472656
2022-05-27,95.7713851928711
2022-05-31,94.723876953125
2022-06-01,94.46199798583984
2022-06-02,96.30447387695312
2022-06-03,95.4066162109375
2022-06-06,96.01454162597656
2022-06-07,97.05268859863281
2022-06-08,95.4346694946289
2022-06-09,93.66364288330078
2022-06-10,91.29978942871094
2022-06-13,87.26618194580078
2022-06-14,86.99415588378906
2022-06-15,87.8290023803711
2022-06-16,83.51403045654297
2022-06-17,84.02996063232422
2022-06-21,85.34320831298828
2022-06-22,85.16497039794922
2022-06-23,85.81222534179688
2022-06-24,88.42935943603516
2022-06-27,89.16105651855469
2022-06-28,87.83840942382812
2022-06-29,87.0504379272461
2022-06-30,86.68460845947266
2022-07-01,87.5007095336914
2022-07-05,87.56637573242188
2022-07-06,86.58142852783203
2022-07-07,88.11042785644531
2022-07-08,87.93220520019531
2022-07-11,86.74088287353516
2022-07-12,86.60957336425781
2022-07-13,86.38444519042969
2022-07-14,85.58708953857422
2022-07-15,87.36937713623047
2022-07-18,87.36001586914062
2022-07-19,90.44615936279297
2022-07-20,91.7594223022461
2022-07-21,91.96578979492188
2022-07-22,91.15907287597656
2022-07-25,91.68437957763672
2022-07-26,91.19657897949219
2022-07-27,93.26029968261719
2022-07-28,94.52664947509766
2022-07-29,95.29583740234375
2022-08-01,95.5866470336914
2022-08-02,94.75178527832031
2022-08-03,95.66170501708984
2022-08-04,94.83621215820312
2022-08-05,95.32398223876953
2022-08-08,95.94310760498047
2022-08-09,94.611083984375
2022-08-10,96.6466293334961
2022-08-11,97.30327606201172
2022-08-12,99.03863525390625
2022-08-15,99.46074676513672
2022-08-16,99.90162658691406
2022-08-17,98.5414810180664
2022-08-18,99.39509582519531
2022-08-19,97.59405517578125
2022-08-22,95.42716979980469
2022-08-23,95.36153411865234
2022-08-24,95.62416076660156
2022-08-25,97.4345703125
2022-08-26,94.34841918945312
2022-08-29,93.4666519165039
2022-08-30,92.05021667480469
2022-08-31,91.17782592773438
2022-09-01,90.08969116210938
2022-09-02,89.4236831665039
2022-09-06,88.26990509033203
2022-09-07,89.79890441894531
2022-09-08,90.2022705078125
2022-09-09,91.9376449584961
2022-09-12,93.05390930175781
2022-09-13,89.48936462402344
2022-09-14,89.5268783569336
2022-09-15,88.7576904296875
2022-09-16,88.13856506347656
2022-09-19,89.14227294921875
2022-09-20,88.0447769165039
2022-09-21,87.02230072021484
2022-09-22,85.18375396728516
2022-09-23,83.34517669677734
2022-09-26,82.06758880615234
2022-09-27,82.13358306884766
2022-09-28,84.36820220947266
2022-09-29,82.68986511230469
2022-09-30,82.2090072631836
2022-10-03,84.2833251953125
2022-10-04,87.48908233642578
2022-10-05,86.93280029296875
2022-10-06,86.47080993652344
2022-10-07,84.33047485351562
2022-10-10,84.33990478515625
2022-10-11,84.55674743652344
2022-10-12,84.0004653930664
2022-10-13,86.15021514892578
2022-10-14,84.17018127441406
2022-10-17,86.49907684326172
2022-10-18,87.50794982910156
2022-10-19,86.20679473876953
2022-10-20,84.9433364868164
2022-10-21,86.97052001953125
2022-10-24,87.72480010986328
2022-10-25,89.78970336914062
2022-10-26,90.1668472290039
2022-10-27,90.45914459228516
2022-10-28,92.34488677978516
2022-10-31,92.3260269165039
2022-11-01,92.6937255859375
2022-11-02,89.57283782958984
2022-11-03,89.06369018554688
2022-11-04,90.45914459228516
2022-11-07,91.3454360961914
2022-11-08,91.47745513916016
2022-11-09,89.3559799194336
2022-11-10,94.6172103881836
2022-11-11,95.13578033447266
2022-11-14,94.20235443115234
2022-11-15,95.41864013671875
2022-11-16,93.84404754638672
2022-11-17,93.4668960571289
2022-11-18,94.1080551147461
2022-11-21,93.80633544921875
2022-11-22,94.94719696044922
2022-11-23,95.06037139892578
2022-11-25,95.26778411865234
2022-11-28,93.4291763305664
2022-11-29,93.76862335205078
2022-11-30,96.02208709716797
2022-12-01,95.90894317626953
2022-12-02,96.29550170898438
2022-12-05,93.60831451416016
2022-12-06,92.71260833740234
2022-12-07,92.3260269165039
2022-12-08,92.75975036621094
2022-12-09,91.76973724365234
2022-12-12,92.75975036621094
2022-12-13,93.0740966796875
2022-12-14,92.36397552490234
2022-12-15,90.13888549804688
2022-12-16,89.31514739990234
2022-12-19,88.68077087402344
2022-12-20,88.97429656982422
2022-12-21,90.3566665649414
2022-12-22,89.23941802978516
2022-12-23,89.82644653320312
2022-12-27,89.77910614013672
2022-12-28,88.07479858398438
2022-12-29,90.01581573486328
2022-12-30,89.60867309570312
2023-01-03,89.47610473632812
2023-01-04,90.55551147460938
2023-01-05,89.76962280273438
2023-01-06,91.88108825683594
2023-01-09,91.8716049194336
2023-01-10,93.05516052246094
2023-01-11,94.10614013671875
2023-01-12,95.43172454833984
2023-01-13,96.01875305175781
2023-01-17,95.67789459228516
2023-01-18,94.17242431640625
2023-01-19,93.36762237548828
2023-01-20,94.76893615722656
2023-01-23,95.81045532226562
2023-01-24,95.47904968261719
2023-01-25,95.71575927734375
2023-01-26,96.3974838256836
2023-01-27,96.78569030761719
2023-01-30,95.71575927734375
2023-01-31,98.13019561767578
2023-02-01,99.65462493896484
2023-02-02,101.95542907714844
2023-02-03,101.68084716796875
2023-02-06,99.99547576904297
2023-02-07,100.69613647460938
2023-02-08,99.17172241210938
2023-02-09,97.89349365234375
2023-02-10,98.1207275390625
2023-02-13,99.3895034790039
2023-02-14,99.06756591796875
2023-02-15,100.00495147705078
2023-02-16,99.3421630859375
2023-02-17,99.51258850097656
2023-02-21,96.53951263427734
2023-02-22,96.9087905883789
2023-02-23,97.50528717041016
2023-02-24,96.75728607177734
2023-02-27,96.97505950927734
2023-02-28,96.94666290283203
2023-03-01,97.17391204833984
2023-03-02,97.46741485595703
2023-03-03,98.6036148071289
2023-03-06,96.36907196044922
2023-03-07,95.41276550292969
2023-03-08,95.57373809814453
2023-03-09,93.3960189819336
2023-03-10,91.05734252929688
2023-03-13,88.8511962890625
2023-03-14,90.65966796875
2023-03-15,89.21099853515625
2023-03-16,90.6312484741211
2023-03-17,88.05586242675781
2023-03-20,89.34355163574219
2023-03-21,90.83956909179688
2023-03-22,88.40619659423828
2023-03-23,87.673583984375
2023-03-24,88.60476684570312
2023-03-27,89.55496978759766
2023-03-28,89.62145233154297
2023-03-29,90.22958374023438
2023-03-30,90.20109558105469
2023-03-31,91.8829116821289
2023-04-03,91.96844482421875
2023-04-04,90.14408111572266
2023-04-05,89.45044708251953
2023-04-06,89.47893524169922
2023-04-10,90.61917114257812
2023-04-11,91.24628448486328
2023-04-12,90.49563598632812
2023-04-13,91.26531219482422
2023-04-14,90.53364562988281
2023-04-17,91.08474731445312
2023-04-18,90.60015869140625
2023-04-19,90.87571716308594
2023-04-20,90.46713256835938
2023-04-21,90.28658294677734
2023-04-24,90.33411407470703
2023-04-25,87.9586410522461
2023-04-26,87.14149475097656
2023-04-27,88.50025939941406
2023-04-28,89.3174057006836
2023-05-01,89.28890228271484
2023-05-02,87.6260757446289
2023-05-03,87.65458679199219
2023-05-04,86.5998764038086
2023-05-05,88.69029998779297
2023-05-08,88.30071258544922
2023-05-09,87.77811431884766
2023-05-10,88.09168243408203
2023-05-11,87.49305725097656
2023-05-12,87.23650360107422
2023-05-15,88.2056884765625
2023-05-16,87.03697967529297
2023-05-17,89.12738037109375
2023-05-18,89.9350357055664
2023-05-19,89.26039123535156
2023-05-22,89.94453430175781
2023-05-23,89.83052825927734
2023-05-24,88.72830200195312
2023-05-25,88.42424011230469
2023-05-26,89.40292358398438
2023-05-30,88.98484802246094
2023-05-31,87.82562255859375
2023-06-01,88.57626342773438
2023-06-02,92.2249755859375
2023-06-05,90.32461547851562
2023-06-06,92.89961242675781
2023-06-07,95.1796875
2023-06-08,94.57891845703125
2023-06-09,93.79695129394531
2023-06-12,94.03536987304688
2023-06-13,94.78871154785156
2023-06-14,93.64437103271484
2023-06-15,94.50261688232422
2023-06-16,94.06395721435547
2023-06-20,93.70159149169922
2023-06-21,93.587158203125
2023-06-22,92.59539794921875
2023-06-23,91.1077880859375
2023-06-26,91.68949127197266
2023-06-27,93.28199005126953
2023-06-28,93.39644622802734
2023-06-29,94.94127655029297
2023-06-30,95.02711486816406
2023-07-03,95.62788391113281
2023-07-05,94.2070083618164
2023-07-06,92.91009521484375
2023-07-07,93.82555389404297
2023-07-10,95.05572509765625
2023-07-11,95.93302917480469
2023-07-12,96.98200988769531
2023-07-13,97.52556610107422
2023-07-14,96.70545959472656
2023-07-17,97.47789001464844
2023-07-18,98.82247161865234
2023-07-19,99.36602020263672
2023-07-20,98.62220764160156
2023-07-21,98.25984191894531
2023-07-24,98.82247161865234
2023-07-25,98.79386138916016
2023-07-26,99.51860809326172
2023-07-27,98.4601058959961
2023-07-28,99.40415954589844
2023-07-31,100.281494140625
2023-08-01,99.78561401367188
2023-08-02,98.95597839355469
2023-08-03,98.58407592773438
2023-08-04,98.57454681396484
2023-08-07,99.13714599609375
2023-08-08,98.4601058959961
2023-08-09,97.75444793701172
2023-08-10,97.38253784179688
2023-08-11,97.29671478271484
2023-08-14,96.86756134033203
2023-08-15,95.76139831542969
2023-08-16,94.64566802978516
2023-08-17,93.65390014648438
2023-08-18,94.1307144165039
2023-08-21,93.68252563476562
2023-08-22,93.50133514404297
2023-08-23,94.49308013916016
2023-08-24,93.54901885986328
2023-08-25,93.77787780761719
2023-08-28,94.54076385498047
2023-08-29,95.80908203125
2023-08-30,96.22865295410156
2023-08-31,96.10469055175781
2023-09-01,97.08689880371094
2023-09-05,94.2833023071289
2023-09-06,93.9686050415039
2023-09-07,93.30107116699219
2023-09-08,92.93870544433594
2023-09-11,92.91963195800781
2023-09-12,92.91963195800781
2023-09-13,92.3760757446289
2023-09-14,93.9686050415039
2023-09-15,93.08174896240234
2023-09-18,92.50003814697266
2023-09-19,92.309326171875
2023-09-20,91.56549835205078
2023-09-21,90.22093200683594
2023-09-22,89.91577911376953
2023-09-25,90.3353500366211
2023-09-26,89.02159118652344
2023-09-27,89.90316009521484
2023-09-28,91.01475524902344
2023-09-29,90.39189910888672
2023-10-02,89.07908630371094
2023-10-03,87.6991958618164
2023-10-04,87.87168884277344
2023-10-05,87.75669860839844
2023-10-06,88.30290985107422
2023-10-09,89.05034637451172
2023-10-10,90.01817321777344
2023-10-11,90.13316345214844
2023-10-12,88.43704986572266
2023-10-13,87.41172790527344
2023-10-16,88.97367858886719
2023-10-17,90.00858306884766
2023-10-18,88.29332733154297
2023-10-19,86.92301940917969
2023-10-20,85.90726470947266
2023-10-23,85.13108825683594
2023-10-24,85.63895416259766
2023-10-25,84.60404968261719
2023-10-26,84.82444763183594
2023-10-27,83.95243072509766
2023-10-30,84.48905181884766
2023-10-31,85.17900085449219
2023-11-01,85.5527114868164
2023-11-02,87.83335876464844
2023-11-03,90.28648376464844
2023-11-06,89.37614440917969
2023-11-07,88.72453308105469
2023-11-08,87.89085388183594
2023-11-09,86.70262908935547
2023-11-10,87.61297607421875
2023-11-13,87.61297607421875
2023-11-14,92.37547302246094
2023-11-15,92.50962829589844
2023-11-16,91.14891052246094
2023-11-17,92.1646728515625
2023-11-20,92.51921844482422
2023-11-21,91.41722106933594
2023-11-22,91.90592956542969
2023-11-24,92.34671783447266
2023-11-27,92.10716247558594
2023-11-28,91.62803649902344
2023-11-29,91.91551971435547
2023-11-30,92.22216033935547
2023-12-01,94.9148178100586
2023-12-04,96.15098571777344
2023-12-05,94.69442749023438
2023-12-06,94.49320983886719
2023-12-07,95.55687713623047
2023-12-08,96.16056060791016
2023-12-11,96.67802429199219
2023-12-12,96.54386138916016
2023-12-13,99.78276062011719
2023-12-14,102.60961151123047
2023-12-15,101.73760223388672
2023-12-18,101.5938491821289
2023-12-19,103.65409851074219
2023-12-20,101.85073852539062
2023-12-21,103.54167175292969
2023-12-22,104.08931732177734
2023-12-26,105.2806625366211
2023-12-27,105.78987884521484
2023-12-28,105.44398498535156
2023-12-29,104.00284576416016
2024-01-02,103.50325775146484
2024-01-03,100.745849609375
2024-01-04,100.53450012207031
2024-01-05,100.29430389404297
2024-01-08,101.91799926757812
2024-01-09,100.7746810913086
2024-01-10,101.1397705078125
2024-01-11,100.47683715820312
2024-01-12,100.26548767089844
2024-01-16,99.27587890625
2024-01-17,98.33433532714844
2024-01-18,99.25666809082031
2024-01-19,100.24624633789062
2024-01-22,102.2542495727539
2024-01-23,101.73544311523438
2024-01-24,100.94761657714844
2024-01-25,101.69700622558594
2024-01-26,101.84112548828125
2024-01-29,103.04206848144531
2024-01-30,102.52326965332031
2024-01-31,99.91960144042969
2024-02-01,101.02447509765625
2024-02-02,100.58251953125
2024-02-05,98.99725341796875
2024-02-06,99.55451202392578
2024-02-07,99.26626586914062
2024-02-08,100.62095642089844
2024-02-09,101.84112548828125
2024-02-12,103.65697479248047
2024-02-13,99.92919921875
2024-02-14,101.80269622802734
2024-02-15,104.33911895751953
2024-02-16,103.16698455810547
2024-02-20,102.14856719970703
2024-02-21,101.84112548828125
2024-02-22,102.0909194946289
2024-02-23,102.39837646484375
2024-02-26,102.42718505859375
2024-02-27,103.29188537597656
2024-02-28,102.61935424804688
2024-02-29,103.1381607055664
2024-03-01,103.66658782958984
2024-03-04,103.1381607055664
2024-03-05,102.68659210205078
2024-03-06,103.05168914794922
2024-03-07,103.85872650146484
2024-03-08,103.77227783203125
2024-03-11,103.30148315429688
2024-03-12,103.02287292480469
2024-03-13,103.10933685302734
2024-03-14,101.53368377685547
2024-03-15,101.90839385986328
2024-03-18,101.58172607421875
2024-03-19,102.28307342529297
2024-03-20,103.97402954101562
2024-03-21,105.18439483642578
2024-03-22,103.85452270507812
2024-03-25,103.63289642333984
2024-03-26,103.47869873046875
2024-03-27,105.9649658203125
2024-03-28,106.5046157836914
2024-04-01,105.41567993164062
2024-04-02,103.57506561279297
2024-04-03,104.23999786376953
2024-04-04,103.3630599975586
2024-04-05,103.70999145507812
2024-04-08,104.46163940429688
2024-04-09,104.94347381591797
2024-04-10,101.82119750976562
2024-04-11,102.25484466552734
2024-04-12,100.71296691894531
2024-04-15,99.7782211303711
2024-04-16,99.23856353759766
2024-04-17,98.41944122314453
2024-04-18,98.62181091308594
2024-04-19,99.46983337402344
2024-04-22,100.32749938964844
2024-04-23,102.11029052734375
2024-04-24,101.86936950683594
2024-04-25,101.05025482177734
2024-04-26,101.81155395507812
2024-04-29,102.54395294189453
2024-04-30,100.59734344482422
2024-05-01,100.93460845947266
2024-05-02,102.46683502197266
2024-05-03,103.23777770996094
2024-05-06,104.32672882080078
2024-05-07,104.67365264892578
2024-05-08,104.32672882080078
2024-05-09,105.57949829101562
2024-05-10,105.02057647705078
2024-05-13,105.33857727050781
2024-05-14,106.38897705078125
2024-05-15,106.85153198242188
2024-05-16,106.39862060546875
2024-05-17,106.37934112548828
2024-05-20,106.21551513671875
2024-05-21,106.1576919555664
2024-05-22,105.41567993164062
2024-05-23,103.89306640625
2024-05-24,104.86638641357422
2024-05-28,104.48090362548828
2024-05-29,103.20886993408203
2024-05-30,104.47127532958984
2024-05-31,105.66622924804688
2024-06-03,105.2904052734375
2024-06-04,103.70999145507812
2024-06-05,104.85673522949219
2024-06-06,104.12435913085938
2024-06-07,103.0450439453125
2024-06-10,102.58248901367188
2024-06-11,102.18209075927734
2024-06-12,103.78759002685547
2024-06-13,102.77205657958984
2024-06-14,101.2439193725586
2024-06-17,102.201416015625
2024-06-18,102.23042297363281
2024-06-20,101.83390045166016
2024-06-21,101.97897338867188
2024-06-24,102.67535400390625
2024-06-25,101.79519653320312
2024-06-26,101.84356689453125
2024-06-27,102.3271713256836
2024-06-28,103.15892791748047
2024-07-01,102.3561782836914
2024-07-02,102.89778137207031
2024-07-03,102.84944152832031
2024-07-05,102.0660171508789
2024-07-08,102.73336029052734
2024-07-09,102.07569122314453
2024-07-10,103.16859436035156
2024-07-11,106.61174011230469
2024-07-12,107.63694763183594
2024-07-15,109.1070556640625
2024-07-16,112.99510192871094
2024-07-17,112.47282409667969
2024-07-18,110.7415771484375
2024-07-19,109.97750854492188
2024-07-22,111.58302307128906
2024-07-23,112.45348358154297
2024-07-24,110.38372039794922
2024-07-25,111.7861328125
2024-07-26,113.8752212524414
2024-07-29,113.14983367919922
2024-07-30,113.78819274902344
2024-07-31,114.45553588867188
2024-08-01,111.24452209472656
2024-08-02,107.45317840576172
2024-08-05,104.13575744628906
2024-08-06,105.3350601196289
2024-08-07,104.31952667236328
2024-08-08,106.66976928710938
2024-08-09,106.46665954589844
2024-08-12,105.17063903808594
2024-08-13,106.9695816040039
2024-08-14,106.45697784423828
2024-08-15,108.96197509765625
2024-08-16,109.28114318847656
2024-08-19,110.19996643066406
2024-08-20,108.93295288085938
2024-08-21,110.1902847290039
2024-08-22,109.35851287841797
2024-08-23,112.62757110595703
2024-08-26,112.5888900756836
2024-08-27,111.89250946044922
2024-08-28,111.54432678222656
2024-08-29,112.12464141845703
2024-08-30,112.67593383789062
2024-09-03,109.45523071289062
2024-09-04,109.1844253540039
2024-09-05,108.72018432617188
2024-09-06,106.8535385131836
2024-09-09,106.59239959716797
2024-09-10,106.23454284667969
2024-09-11,106.42797088623047
2024-09-12,107.79169464111328
2024-09-13,110.59648895263672
2024-09-16,111.05107116699219
2024-09-17,111.91185760498047
2024-09-18,112.05692291259766
2024-09-19,114.24275207519531
2024-09-20,113.11116027832031
2024-09-23,113.10149383544922
2024-09-24,113.1304931640625
2024-09-25,111.66844940185547
2024-09-26,112.38734436035156
2024-09-27,113.23249816894531
2024-09-30,113.62108612060547
2024-10-01,112.15419006347656
2024-10-02,111.63932037353516
2024-10-03,110.80386352539062
2024-10-04,112.47476196289062
2024-10-07,111.40617370605469
2024-10-08,111.27989196777344
2024-10-09,111.59075164794922
2024-10-10,110.8330078125
2024-10-11,112.88277435302734
2024-10-14,113.65021514892578
2024-10-15,113.79594421386719
2024-10-16,115.33084106445312
2024-10-17,115.13654327392578
2024-10-18,114.77710723876953
2024-10-21,112.75648498535156
2024-10-22,112.09590148925781
2024-10-23,111.38675689697266
2024-10-24,111.6976089477539
2024-10-25,111.20216369628906
2024-10-28,112.88277435302734
2024-10-29,112.36791229248047
2024-10-30,112.50390625
2024-10-31,110.6678695678711
2024-11-01,111.02730560302734
2024-11-04,111.71703338623047
2024-11-05,114.0193862915039
2024-11-06,120.84868621826172
2024-11-07,120.00352478027344
2024-11-08,120.70297241210938
2024-11-11,122.65557861328125
2024-11-12,120.77098083496094
2024-11-13,119.75093841552734
2024-11-14,118.20634460449219
2024-11-15,117.08916473388672
2024-11-18,117.14744567871094
2024-11-19,117.40975189208984
2024-11-20,117.56517791748047
2024-11-21,119.46923065185547
2024-11-22,121.4801254272461
2024-11-25,123.74361419677734
2024-11-26,122.5487289428711
2024-11-27,122.61674499511719
2024-11-29,122.91787719726562
2024-12-02,123.20932006835938
2024-12-03,122.29613494873047
2024-12-04,122.72359466552734
2024-12-05,120.95555114746094
2024-12-06,120.96526336669922
2024-12-09,120.81954193115234
2024-12-10,120.39209747314453
2024-12-11,121.1109848022461
2024-12-12,120.13953399658203
2024-12-13,119.3235092163086
2024-12-16,119.75093841552734
2024-12-17,118.0625228881836
2024-12-18,113.25804901123047
2024-12-19,112.84622955322266
2024-12-20,113.57180786132812
2024-12-23,113.37570190429688
2024-12-24,114.32678985595703
2024-12-26,115.10138702392578
2024-12-27,113.54239654541016
2024-12-30,112.72857666015625
2024-12-31,112.97370147705078
2025-01-02,112.72857666015625
2025-01-03,113.9640121459961
2025-01-06,113.95420837402344
2025-01-07,113.1109619140625
2025-01-08,113.140380859375
2025-01-10,110.87541961669922
2025-01-13,111.32646179199219
2025-01-14,112.84622955322266
2025-01-15,114.7484130859375
2025-01-16,115.081787109375
2025-01-17,115.68968963623047
2025-01-21,117.62129211425781
2025-01-22,116.60157012939453
2025-01-23,116.99376678466797
2025-01-24,116.7486343383789
2025-01-27,116.45448303222656
2025-01-28,116.38584899902344
2025-01-29,116.01325225830078
2025-01-30,117.1114273071289
2025-01-31,116.13092803955078
2025-02-03,114.5915298461914
2025-02-04,115.87599182128906
2025-02-05,116.91532135009766
2025-02-06,116.49370574951172
2025-02-07,114.86608123779297
2025-02-10,114.99353790283203
2025-02-11,114.78762817382812
2025-02-12,113.34628295898438
2025-02-13,114.89550018310547
2025-02-14,114.80724334716797
2025-02-18,115.52301025390625
2025-02-19,115.081787109375
2025-02-20,113.7777099609375
2025-02-21,110.75775146484375
2025-02-24,110.345947265625
2025-02-25,110.45381164550781
2025-02-26,110.22828674316406
2025-02-27,108.67908477783203
2025-02-28,109.61056518554688
2025-03-03,107.06126403808594
2025-03-04,105.4336166381836
2025-03-05,106.53179168701172
2025-03-06,105.16888427734375
2025-03-07,105.7081527709961
2025-03-10,103.22748565673828
2025-03-11,102.65879821777344
2025-03-12,102.20775604248047
2025-03-13,100.49188232421875
2025-03-14,102.95295715332031
2025-03-17,104.05110931396484
2025-03-18,103.40494537353516
2025-03-19,104.801513671875
2025-03-20,104.2999267578125
2025-03-21,103.63116455078125
2025-03-24,106.22759246826172
2025-03-25,105.58831787109375
2025-03-26,105.02771759033203
2025-03-27,104.5556411743164
2025-03-28,102.29359436035156
2025-03-31,102.84435272216797
2025-04-01,103.07056427001953
2025-04-02,104.59498596191406
2025-04-03,97.26792907714844
2025-04-04,93.06838989257812
2025-04-07,91.78985595703125
2025-04-08,89.06554412841797
2025-04-09,96.93353271484375
2025-04-10,92.66515350341797
2025-04-11,93.83552551269531
2025-04-14,94.8681869506836
2025-04-15,94.64198303222656
2025-04-16,93.70765686035156
2025-04-17,94.71083068847656
2025-04-21,92.82251739501953
2025-04-22,95.06489562988281
2025-04-23,96.27458953857422
2025-04-24,98.23175048828125
2025-04-25,98.1924057006836
2025-04-28,98.53663635253906
2025-04-29,99.1759033203125
2025-04-30,98.47762298583984
2025-05-01,99.08739471435547
2025-05-02,101.32976531982422
2025-05-05,100.60198211669922
2025-05-06,99.97254180908203
2025-05-07,100.11023712158203
2025-05-08,101.93954467773438
2025-05-09,101.9100341796875
2025-05-12,105.74566650390625
2025-05-13,106.2374267578125
2025-05-14,105.15557861328125
2025-05-15,105.88336181640625
2025-05-16,106.69967651367188
2025-05-19,106.01122283935547
2025-05-20,105.83418273925781
2025-05-21,102.9132080078125
2025-05-22,102.81485748291016
2025-05-23,102.27392578125
2025-05-27,104.870361328125
2025-05-28,103.61148834228516
2025-05-29,104.09339904785156
2025-05-30,103.63116455078125
2025-06-02,103.277099609375
2025-06-03,104.93919372558594
2025-06-04,104.663818359375
2025-06-05,104.63433074951172
2025-06-06,105.89319610595703
2025-06-09,107.02422332763672
2025-06-10,107.67333221435547
2025-06-11,107.02422332763672
2025-06-12,106.61115264892578
2025-06-13,104.54581451416016
2025-06-16,105.60003662109375
2025-06-17,104.48460388183594
2025-06-18,104.91893768310547
2025-06-20,104.77086639404297
2025-06-23,106.17254638671875
2025-06-24,107.23861694335938
2025-06-25,106.17254638671875
2025-06-26,107.75192260742188
2025-06-27,108.0776596069336
2025-06-30,107.88024139404297
2025-07-01,109.5286865234375
2025-07-02,111.01921844482422
2025-07-03,111.62134552001953
2025-07-07,109.72611999511719
2025-07-08,110.57501983642578
2025-07-09,111.4930191040039
2025-07-10,112.59857177734375
2025-07-11,111.36470794677734
2025-07-14,111.66083526611328
2025-07-15,109.39049530029297
2025-07-16,110.12095642089844
2025-07-17,111.41405487060547
2025-07-18,110.42696380615234
2025-07-21,110.1703109741211
2025-07-22,111.37458038330078
2025-07-23,112.67755126953125
2025-07-24,110.87115478515625
2025-07-25,111.45353698730469
2025-07-28,111.34495544433594
2025-07-29,110.90076446533203
2025-07-30,110.12095642089844
2025-07-31,108.85746765136719
2025-08-01,107.06094360351562
2025-08-04,108.86734008789062
2025-08-05,109.39049530029297
2025-08-06,109.38062286376953
2025-08-07,109.16346740722656
2025-08-08,109.4595947265625
2025-08-11,109.39049530029297
2025-08-12,112.90457916259766
2025-08-13,115.29337310791016
2025-08-14,113.6646499633789
2025-08-15,112.96380615234375
2025-08-18,113.1316146850586
2025-08-19,113.26980590820312
2025-08-20,112.73676300048828
2025-08-21,112.64793395996094
2025-08-22,116.971435546875
2025-08-25,115.86587524414062
2025-08-26,116.26072692871094
2025-08-27,117.22808837890625
2025-08-28,117.00104522705078
2025-08-29,116.5173568725586
2025-09-02,115.63884735107422
2025-09-03,115.50064849853516
2025-09-04,117.22808837890625
2025-09-05,117.59330749511719
2025-09-08,117.41563415527344
2025-09-09,116.38904571533203
2025-09-10,116.10279083251953
2025-09-11,118.55078887939453
2025-09-12,116.93194580078125
2025-09-15,117.04052734375
2025-09-16,116.8958740234375
2025-09-17,116.86614227294922
2025-09-18,119.52151489257812
2025-09-19,118.16411590576172
2025-09-22,118.47126007080078
2025-09-23,118.23346710205078
2025-09-24,117.2525634765625
2025-09-25,116.23202514648438
2025-09-26,117.38136291503906
2025-09-29,117.4903564453125
2025-09-30,117.7380599975586
2025-10-01,118.0848388671875
2025-10-02,118.44153594970703
2025-10-03,118.97657012939453
2025-10-06,118.66941833496094
2025-10-07,117.15347290039062
2025-10-08,118.22355651855469
2025-10-09,116.86614227294922
2025-10-10,113.21996307373047
2025-10-13,115.50873565673828
2025-10-14,117.2624740600586
2025-10-15,118.25328063964844
2025-10-16,116.70762634277344
2025-10-17,116.50945281982422
2025-10-20,118.35235595703125
2025-10-21,118.68923950195312
2025-10-22,117.81732940673828
2025-10-23,118.98648071289062
2025-10-24,120.0268325805664
2025-10-27,120.0367431640625
2025-10-28,119.34317016601562
2025-10-29,117.7975082397461
2025-10-30,116.51936340332031
2025-10-31,116.717529296875
2025-11-03,116.955322265625
2025-11-04,115.52854919433594
2025-11-05,117.46063232421875
2025-11-06,115.86542510986328
2025-11-07,116.86614227294922
2025-11-10,118.01548767089844
2025-11-11,118.49107360839844
2025-11-12,118.40190124511719
2025-11-13,115.87532806396484
2025-11-14,115.77625274658203
2025-11-17,113.24968719482422
2025-11-18,113.16051483154297
2025-11-19,113.0317153930664
2025-11-20,111.02037048339844
2025-11-21,114.51792907714844
2025-11-24,116.01404571533203
2025-11-25,119.00630187988281
2025-11-26,119.67013549804688
2025-11-28,119.75932312011719
2025-12-01,119.11528778076172
2025-12-02,119.16483306884766
2025-12-03,120.8194808959961
2025-12-04,120.72039794921875
2025-12-05,120.51232147216797
2025-12-08,120.01692199707031
2025-12-09,120.57177734375
2025-12-10,122.94972229003906
2025-12-11,124.30713653564453
2025-12-12,122.97944641113281
2025-12-15,122.5831298828125
2025-12-16,121.67929077148438
2025-12-17,121.3209457397461
2025-12-18,121.56979370117188
2025-12-19,121.81864166259766
2025-12-22,122.73442840576172
2025-12-23,122.17699432373047
2025-12-24,122.57516479492188
2025-12-26,122.5652084350586
2025-12-29,121.96795654296875
2025-12-30,121.1318130493164
2025-12-31,119.62873840332031
2026-01-02,120.81328582763672
2026-01-05,122.32630920410156
2026-01-06,124.14791107177734
2026-01-07,123.15250396728516
2026-01-08,124.89447784423828
2026-01-09,125.84011840820312
2026-01-12,125.9595718383789
2026-01-13,125.93965911865234
2026-01-14,126.65635681152344
2026-01-15,128.46800231933594
2026-01-16,128.030029296875
2026-01-20,126.23828125
2026-01-21,129.5231475830078
2026-01-22,129.83172607421875
2026-01-23,127.50244903564453
2026-01-26,127.55223083496094
2026-01-27,127.07443237304688
2026-01-28,126.47718048095703
2026-01-29,127.27351379394531
2026-01-30,126.44731903076172
2026-02-02,127.76127624511719
2026-02-03,127.65177154541016
2026-02-04,128.74671936035156
2026-02-05,127.84089660644531
2026-02-06,131.36465454101562
2026-02-09,131.3845672607422
2026-02-10,131.46420288085938
2026-02-11,131.21536254882812
2026-02-12,128.8064422607422
2026-02-13,130.34933471679688
2026-02-17,130.20997619628906
2026-02-18,130.57827758789062
2026-02-19,130.3294219970703
2026-02-20,131.02622985839844
2026-02-23,128.39834594726562
2026-02-24,129.58287048339844
2026-02-25,130.0606689453125
2026-02-26,130.7873077392578
2026-02-27,129.10507202148438
2026-03-02,129.9810333251953
2026-03-03,128.60736083984375
2026-03-04,129.31410217285156
2026-03-05,127.07443237304688
2026-03-06,124.21759796142578
2026-03-09,124.79493713378906
2026-03-10,124.21759796142578
2026-03-11,123.9488296508789
2026-03-12,121.63947296142578
2026-03-13,121.49017333984375
2026-03-16,122.38603210449219
2026-03-17,123.45679473876953
2026-03-18,121.86161804199219
2026-03-19,122.39998626708984
2026-03-20,120.04710388183594
2026-03-23,122.5196304321289
2026-03-24,123.39697265625
2026-03-25,124.7030258178711
2026-03-26,123.29727172851562
2026-03-27,121.38306427001953
2026-03-30,120.50572204589844
2026-03-31,123.93534851074219
2026-04-01,124.54351043701172
2026-04-02,125.05197143554688
2026-04-06,125.72992706298828
2026-04-07,126.13868713378906
2026-04-08,129.438720703125
2026-04-09,130.35594177246094
2026-04-10,129.79762268066406
2026-04-13,131.41273498535156
2026-04-14,132.03086853027344
2026-04-15,131.86138916015625
2026-04-16,132.29010009765625
2026-04-17,134.98194885253906
2026-04-20,135.73965454101562
2026-04-21,134.6728973388672
2026-04-22,135.2112579345703
2026-04-23,135.1614227294922
2026-04-24,135.88922119140625
2026-04-27,136.14842224121094
2026-04-28,135.3807373046875
2026-04-29,134.32394409179688
2026-04-30,136.6868133544922
2026-05-01,137.02577209472656
2026-05-04,135.7595977783203
2026-05-05,137.69375610351562
2026-05-06,138.5112762451172
2026-05-07,137.2251739501953
2026-05-08,137.93304443359375
2026-05-11,136.93605041503906
2026-05-12,135.3807373046875
2026-05-13,134.87228393554688
2026-05-14,135.7296905517578
2026-05-15,133.52635192871094
2026-05-18,133.99493408203125
2026-05-19,132.75868225097656
2026-05-20,135.45054626464844
2026-05-21,135.85931396484375
2026-05-22,136.9858856201172
2026-05-26,139.16929626464844
2026-05-27,139.19920349121094
2026-05-28,139.2989044189453
2026-05-29,138.24209594726562
2026-06-01,138.04270935058594
2026-06-02,139.2689971923828
2026-06-03,138.03273010253906
2026-06-04,139.83726501464844
2026-06-05,137.26504516601562
2026-06-08,138.16233825683594
2026-06-09,139.46839904785156
2026-06-10,138.4813690185547
2026-06-11,141.8611602783203
2026-06-12,143.23699951171875
2026-06-15,143.38999938964844
2026-06-16,142.6199951171875
2026-06-17,140.6699981689453
2026-06-18,143.2100067138672
2026-06-22,143.25999450683594
2026-06-23,142.77000427246094
2026-06-24,144.4199981689453
2026-06-25,146.27000427246094
2026-06-26,147.41000366210938
2026-06-29,147.36000061035156
2026-06-30,148.30999755859375
2026-07-01,147.5399932861328
2026-07-02,146.47999572753906
2026-07-06,146.80999755859375
2026-07-07,145.38999938964844
2026-07-08,143.69000244140625
2026-07-09,145.47000122070312
2026-07-10,145.55999755859375
2026-07-13,144.99000549316406
2026-07-14,145.3800048828125
2026-07-15,146.16000366210938
2026-07-16,147.16000366210938
2026-07-17,146.02000427246094
2026-07-20,145.10000610351562
2026-07-21,146.57000732421875
2026-07-22,145.77999877929688
2026-07-23,144.8800048828125
2026-07-24,144.86000061035156
2026-07-27,145.50999450683594
2026-07-28,146.30999755859375
2026-07-29,144.32000732421875
2026-07-30,145.5
2026-07-31,145.4600067138672
2026-08-03,147.86000061035156
2026-08-04,150.41000366210938
2026-08-05,148.94000244140625
2026-08-06,147.82000732421875
2026-08-07,148.92999267578125
2026-08-10,148.05999755859375
2026-08-11,148.41000366210938
2026-08-12,149.0399932861328
2026-08-13,149.72000122070312
2026-08-14,150.44000244140625
2026-08-17,149.8300018310547
2026-08-18,147.69000244140625
2026-08-19,147.9199981689453
2026-08-20,146.3699951171875
2026-08-21,147.30999755859375
2026-08-24,146.77000427246094
2026-08-25,146.6999969482422
2026-08-26,146.77000427246094
2026-08-27,146.77999877929688
2026-08-31,144.52000427246094
2026-09-01,142.9199981689453
2026-09-02,144.30999755859375
