Date,Close
2011-10-20,5.220517635345459
2011-10-21,5.322920799255371
2011-10-24,5.35217809677124
2011-10-25,5.264403820037842
2011-10-26,5.318739414215088
2011-10-27,5.4399542808532715
2011-10-28,5.435774803161621
2011-10-31,5.329191207885742
2011-11-01,5.207978248596191
2011-11-02,5.276943206787109
2011-11-03,5.360538005828857
2011-11-04,5.337550640106201
2011-11-07,5.368897914886475
2011-11-08,5.435774803161621
2011-11-09,5.272763252258301
2011-11-10,5.325009822845459
2011-11-11,5.423234939575195
2011-11-14,5.385616302490234
2011-11-15,5.406514644622803
2011-11-16,5.327098369598389
2011-11-17,5.26231575012207
2011-11-18,5.2832159996032715
2011-11-21,5.184988975524902
2011-11-22,5.166180610656738
2011-11-23,5.076315879821777
2011-11-25,5.067956447601318
2011-11-28,5.187078952789307
2011-11-29,5.222607135772705
2011-11-30,5.416965961456299
2011-12-01,5.408606052398682
2011-12-02,5.396067142486572
2011-12-05,5.435774803161621
2011-12-06,5.452495574951172
2011-12-07,5.471302032470703
2011-12-08,5.381437301635742
2011-12-09,5.454582691192627
2011-12-12,5.383527755737305
2011-12-13,5.3459086418151855
2011-12-14,5.304111957550049
2011-12-15,5.327098369598389
2011-12-16,5.329191207885742
2011-12-19,5.291811943054199
2011-12-20,5.424106597900391
2011-12-21,5.445107460021973
2011-12-22,5.470304012298584
2011-12-23,5.518603801727295
2011-12-27,5.535403728485107
2011-12-28,5.4766058921813965
2011-12-29,5.529102325439453
2011-12-30,5.497604846954346
2012-01-03,5.548002243041992
2012-01-04,5.548002243041992
2012-01-05,5.5438055992126465
2012-01-06,5.518603801727295
2012-01-09,5.53120231628418
2012-01-10,5.569000244140625
2012-01-11,5.548002243041992
2012-01-12,5.552202224731445
2012-01-13,5.52280330657959
2012-01-17,5.554302215576172
2012-01-18,5.602602958679199
2012-01-19,5.625699520111084
2012-01-20,5.636199474334717
2012-01-23,5.636199474334717
2012-01-24,5.629899024963379
2012-01-25,5.6635003089904785
2012-01-26,5.6424994468688965
2012-01-27,5.617300510406494
2012-01-30,5.598400115966797
2012-01-31,5.587901592254639
2012-02-01,5.623600482940674
2012-02-02,5.625699520111084
2012-02-03,5.684500217437744
2012-02-06,5.680299282073975
2012-02-07,5.690798282623291
2012-02-08,5.690798282623291
2012-02-09,5.688697814941406
2012-02-10,5.657197952270508
2012-02-13,5.682399749755859
2012-02-14,5.682399749755859
2012-02-15,5.652998924255371
2012-02-16,5.6991963386535645
2012-02-17,5.7348952293396
2012-02-21,5.718098163604736
2012-02-22,5.709697246551514
2012-02-23,5.732797622680664
2012-02-24,5.747495651245117
2012-02-27,5.749595642089844
2012-02-28,5.768495082855225
2012-02-29,5.747495651245117
2012-03-01,5.76219367980957
2012-03-02,5.749595642089844
2012-03-05,5.743295669555664
2012-03-06,5.676098346710205
2012-03-07,5.705497741699219
2012-03-08,5.741194248199463
2012-03-09,5.75379753112793
2012-03-12,5.778994083404541
2012-03-13,5.846189975738525
2012-03-14,5.833590984344482
2012-03-15,5.8503923416137695
2012-03-16,5.8503923416137695
2012-03-19,5.862633228302002
2012-03-20,5.843637943267822
2012-03-21,5.835197448730469
2012-03-22,5.807761192321777
2012-03-23,5.8204240798950195
2012-03-26,5.887956619262695
2012-03-27,5.883737087249756
2012-03-28,5.856301307678223
2012-03-29,5.866851806640625
2012-03-30,5.885847091674805
2012-04-02,5.923832416534424
2012-04-03,5.896397590637207
2012-04-04,5.864743709564209
2012-04-05,5.856301307678223
2012-04-09,5.795099258422852
2012-04-10,5.712794780731201
2012-04-11,5.748668670654297
2012-04-12,5.803542137145996
2012-04-13,5.759222507476807
2012-04-16,5.784547805786133
2012-04-17,5.847858428955078
2012-04-18,5.833088397979736
2012-04-19,5.805650234222412
2012-04-20,5.833088397979736
2012-04-23,5.780326843261719
2012-04-24,5.795099258422852
2012-04-25,5.849967956542969
2012-04-26,5.885847091674805
2012-04-27,5.892178058624268
2012-04-30,5.879514694213867
2012-05-01,5.906948566436768
2012-05-02,5.898509502410889
2012-05-03,5.88162899017334
2012-05-04,5.818314075469971
2012-05-07,5.8162055015563965
2012-05-08,5.801432132720947
2012-05-09,5.755002498626709
2012-05-10,5.773995876312256
2012-05-11,5.773995876312256
2012-05-14,5.7338995933532715
2012-05-15,5.714905261993408
2012-05-16,5.714905261993408
2012-05-17,5.649481773376465
2012-05-18,5.607275485992432
2012-05-21,5.66214656829834
2012-05-22,5.666367530822754
2012-05-23,5.660034656524658
2012-05-24,5.698023319244385
2012-05-25,5.674808979034424
2012-05-29,5.723348140716553
2012-05-30,5.657925605773926
2012-05-31,5.655815601348877
2012-06-01,5.548185348510742
2012-06-04,5.548185348510742
2012-06-05,5.565069198608398
2012-06-06,5.664257526397705
2012-06-07,5.695912837982178
2012-06-08,5.729679584503174
2012-06-11,5.689579010009766
2012-06-12,5.74445104598999
2012-06-13,5.719125270843506
2012-06-14,5.7782182693481445
2012-06-15,5.822535991668701
2012-06-18,5.830190658569336
2012-06-19,5.8684611320495605
2012-06-20,5.840820789337158
2012-06-21,5.747265815734863
2012-06-22,5.777034282684326
2012-06-25,5.706867694854736
2012-06-26,5.730257034301758
2012-06-27,5.777034282684326
2012-06-28,5.77490758895874
2012-06-29,5.902482509613037
2012-07-02,5.902482509613037
2012-07-03,5.932250022888184
2012-07-05,5.9216179847717285
2012-07-06,5.885473728179932
2012-07-09,5.876968860626221
2012-07-10,5.8578314781188965
2012-07-11,5.8514509201049805
2012-07-12,5.845073699951172
2012-07-13,5.923743724822998
2012-07-16,5.913114547729492
2012-07-17,5.953510284423828
2012-07-18,5.998163223266602
2012-07-19,6.019425868988037
2012-07-20,5.974774360656738
2012-07-23,5.9216179847717285
2012-07-24,5.8705878257751465
2012-07-25,5.887598514556885
2012-07-26,5.981153964996338
2012-07-27,6.061952590942383
2012-07-30,6.072583198547363
2012-07-31,6.047067165374756
2012-08-01,6.036434650421143
2012-08-02,5.981153964996338
2012-08-03,6.070456504821777
2012-08-06,6.061952590942383
2012-08-07,6.072583198547363
2012-08-08,6.085340976715088
2012-08-09,6.076836109161377
2012-08-10,6.0980987548828125
2012-08-13,6.089592933654785
2012-08-14,6.104475975036621
2012-08-15,6.106601715087891
2012-08-16,6.13211727142334
2012-08-17,6.13211727142334
2012-08-20,6.127865314483643
2012-08-21,6.10235071182251
2012-08-22,6.085340976715088
2012-08-23,6.049193382263184
2012-08-24,6.091718673706055
2012-08-27,6.089592933654785
2012-08-28,6.091718673706055
2012-08-29,6.083213806152344
2012-08-30,6.053445339202881
2012-08-31,6.083213806152344
2012-09-04,6.064077377319336
2012-09-05,6.055572986602783
2012-09-06,6.1555070877075195
2012-09-07,6.147002220153809
2012-09-10,6.1172332763671875
2012-09-11,6.129991054534912
2012-09-12,6.119361400604248
2012-09-13,6.198032379150391
2012-09-14,6.204409599304199
2012-09-17,6.199699401855469
2012-09-18,6.201839447021484
2012-09-19,6.199699401855469
2012-09-20,6.201839447021484
2012-09-21,6.201839447021484
2012-09-24,6.212549686431885
2012-09-25,6.171860218048096
2012-09-26,6.1504435539245605
2012-09-27,6.182567596435547
2012-09-28,6.156867980957031
2012-10-01,6.178282737731934
2012-10-02,6.171860218048096
2012-10-03,6.184708595275879
2012-10-04,6.216831207275391
2012-10-05,6.2468109130859375
2012-10-08,6.238247394561768
2012-10-09,6.191134929656982
2012-10-10,6.137594699859619
2012-10-11,6.137594699859619
2012-10-12,6.1333112716674805
2012-10-15,6.191134929656982
2012-10-16,6.242530345916748
2012-10-17,6.259661674499512
2012-10-18,6.266085624694824
2012-10-19,6.180422306060791
2012-10-22,6.171860218048096
2012-10-23,6.088340759277344
2012-10-24,6.073349475860596
2012-10-25,6.103328704833984
2012-10-26,6.090481758117676
2012-10-31,6.099046230316162
2012-11-01,6.144017696380615
2012-11-02,6.090481758117676
2012-11-05,6.092620849609375
2012-11-06,6.139736652374268
2012-11-07,6.034801959991455
2012-11-08,5.966272830963135
2012-11-09,5.97269868850708
2012-11-12,5.974839687347412
2012-11-13,5.970558166503906
2012-11-14,5.8977460861206055
2012-11-15,5.876328468322754
2012-11-16,5.90416955947876
2012-11-19,5.98340368270874
2012-11-20,5.987689018249512
2012-11-21,6.0005364418029785
2012-11-23,6.075490474700928
2012-11-26,6.06264066696167
2012-11-27,6.0455098152160645
2012-11-28,6.092620849609375
2012-11-29,6.105473518371582
2012-11-30,6.12688684463501
2012-12-03,6.084056377410889
2012-12-04,6.084056377410889
2012-12-05,6.103328704833984
2012-12-06,6.129029273986816
2012-12-07,6.15900993347168
2012-12-10,6.16329288482666
2012-12-11,6.19327449798584
2012-12-12,6.180422306060791
2012-12-13,6.1483025550842285
2012-12-14,6.141880035400391
2012-12-17,6.180422306060791
2012-12-18,6.231821060180664
2012-12-19,6.191134929656982
2012-12-20,6.218972206115723
2012-12-21,6.174001216888428
2012-12-24,6.149799823760986
2012-12-26,6.119545936584473
2012-12-27,6.113064289093018
2012-12-28,6.0417561531066895
2012-12-31,6.123868942260742
2013-01-02,6.255681991577148
2013-01-03,6.251357555389404
2013-01-04,6.283772945404053
2013-01-07,6.262164115905762
2013-01-08,6.240555763244629
2013-01-09,6.268646717071533
2013-01-10,6.307542324066162
2013-01-11,6.311862468719482
2013-01-14,6.329151630401611
2013-01-15,6.3421173095703125
2013-01-16,6.333472728729248
2013-01-17,6.396136283874512
2013-01-18,6.406941890716553
2013-01-22,6.4199042320251465
2013-01-23,6.428549766540527
2013-01-24,6.454479694366455
2013-01-25,6.482571125030518
2013-01-28,6.482571125030518
2013-01-29,6.519305229187012
2013-01-30,6.493375778198242
2013-01-31,6.4631242752075195
2013-02-01,6.525790214538574
2013-02-04,6.4631242752075195
2013-02-05,6.512823104858398
2013-02-06,6.523629188537598
2013-02-07,6.521465301513672
2013-02-08,6.536592960357666
2013-02-11,6.534432888031006
2013-02-12,6.545238018035889
2013-02-13,6.540912628173828
2013-02-14,6.545238018035889
2013-02-15,6.551718235015869
2013-02-19,6.597095489501953
2013-02-20,6.553878307342529
2013-02-21,6.538753986358643
2013-02-22,6.5862932205200195
2013-02-25,6.4998579025268555
2013-02-26,6.545238018035889
2013-02-27,6.614381313323975
2013-02-28,6.599256992340088
2013-03-01,6.623025894165039
2013-03-04,6.655440330505371
2013-03-05,6.702978610992432
2013-03-06,6.709462642669678
2013-03-07,6.713781356811523
2013-03-08,6.741876125335693
2013-03-11,6.761321544647217
2013-03-12,6.759158611297607
2013-03-13,6.77428674697876
2013-03-14,6.793734550476074
2013-03-15,6.778608798980713
2013-03-18,6.7522969245910645
2013-03-19,6.767518997192383
2013-03-20,6.8197102546691895
2013-03-21,6.789266586303711
2013-03-22,6.845803260803223
2013-03-25,6.8218841552734375
2013-03-26,6.884946823120117
2013-03-27,6.884946823120117
2013-03-28,6.913219928741455
2013-04-01,6.897995471954346
2013-04-02,6.926266670227051
2013-04-03,6.869726657867432
2013-04-04,6.893643379211426
2013-04-05,6.867551803588867
2013-04-08,6.904520511627197
2013-04-09,6.939316272735596
2013-04-10,7.002380847930908
2013-04-11,7.013253211975098
2013-04-12,7.011078357696533
2013-04-15,6.878423690795898
2013-04-16,6.965413570404053
2013-04-17,6.911044597625732
2013-04-18,6.8958210945129395
2013-04-19,6.9806318283081055
2013-04-22,7.017602920532227
2013-04-23,7.076319694519043
2013-04-24,7.0589213371276855
2013-04-25,7.069791316986084
2013-04-26,7.065446376800537
2013-04-29,7.1089372634887695
2013-04-30,7.119809150695801
2013-05-01,7.069791316986084
2013-05-02,7.132859230041504
2013-05-03,7.193748474121094
2013-05-06,7.187226295471191
2013-05-07,7.217669486999512
2013-05-08,7.222019672393799
2013-05-09,7.21332311630249
2013-05-10,7.230717658996582
2013-05-13,7.237242698669434
2013-05-14,7.313357353210449
2013-05-15,7.369895935058594
2013-05-16,7.322052001953125
2013-05-17,7.387290954589844
2013-05-20,7.380769729614258
2013-05-21,7.398167133331299
2013-05-22,7.359022617340088
2013-05-23,7.339451789855957
2013-05-24,7.354671478271484
2013-05-28,7.395993232727051
2013-05-29,7.309005260467529
2013-05-30,7.3198771476745605
2013-05-31,7.219844341278076
2013-06-03,7.289432525634766
2013-06-04,7.254639148712158
2013-06-05,7.163303375244141
2013-06-06,7.204620361328125
2013-06-07,7.302482604980469
2013-06-10,7.3003034591674805
2013-06-11,7.248111724853516
2013-06-12,7.193748474121094
2013-06-13,7.274211883544922
2013-06-14,7.245941638946533
2013-06-17,7.298134803771973
2013-06-18,7.348151206970215
2013-06-19,7.237242698669434
2013-06-20,7.061093807220459
2013-06-21,7.1067633628845215
2013-06-24,7.048733711242676
2013-06-25,7.08596134185791
2013-06-26,7.173548698425293
2013-06-27,7.199825286865234
2013-06-28,7.160410404205322
2013-07-01,7.204204559326172
2013-07-02,7.193257808685303
2013-07-03,7.193257808685303
2013-07-05,7.247999668121338
2013-07-08,7.296173572540283
2013-07-09,7.355297565460205
2013-07-10,7.35967493057251
2013-07-11,7.466974258422852
2013-07-12,7.466974258422852
2013-07-15,7.491058826446533
2013-07-16,7.464785575866699
2013-07-17,7.480112075805664
2013-07-18,7.497627258300781
2013-07-19,7.495438575744629
2013-07-22,7.493249893188477
2013-07-23,7.504202365875244
2013-07-24,7.480112075805664
2013-07-25,7.4866814613342285
2013-07-26,7.493249893188477
2013-07-29,7.473544597625732
2013-07-30,7.484491348266602
2013-07-31,7.48886775970459
2013-08-01,7.552374362945557
2013-08-02,7.5567498207092285
2013-08-05,7.543615341186523
2013-08-06,7.526095867156982
2013-08-07,7.5085768699646
2013-08-08,7.532665729522705
2013-08-09,7.504202365875244
2013-08-12,7.484491348266602
2013-08-13,7.499820709228516
2013-08-14,7.447268486022949
2013-08-15,7.333402633666992
2013-08-16,7.311501979827881
2013-08-19,7.28741455078125
2013-08-20,7.2896037101745605
2013-08-21,7.237051486968994
2013-08-22,7.2896037101745605
2013-08-23,7.34653902053833
2013-08-26,7.3027424812316895
2013-08-27,7.212967395782471
2013-08-28,7.237051486968994
2013-08-29,7.239242076873779
2013-08-30,7.223912239074707
2013-09-03,7.2217230796813965
2013-09-04,7.278656959533691
2013-09-05,7.274278163909912
2013-09-06,7.274278163909912
2013-09-09,7.339969158172607
2013-09-10,7.3969011306762695
2013-09-11,7.43194055557251
2013-09-12,7.416611194610596
2013-09-13,7.4625935554504395
2013-09-16,7.519527435302734
2013-09-17,7.545803070068359
2013-09-18,7.63339376449585
2013-09-19,7.637773036956787
2013-09-20,7.569889545440674
2013-09-23,7.5414509773254395
2013-09-24,7.523820400238037
2013-09-25,7.4841389656066895
2013-09-26,7.503974914550781
2013-09-27,7.462093830108643
2013-09-30,7.418003559112549
2013-10-01,7.453275680541992
2013-10-02,7.429027557373047
2013-10-03,7.365095615386963
2013-10-04,7.395960330963135
2013-10-07,7.354071617126465
2013-10-08,7.301167964935303
2013-10-09,7.305575847625732
2013-10-10,7.459887504577637
2013-10-11,7.50838565826416
2013-10-14,7.537044048309326
2013-10-15,7.48193359375
2013-10-16,7.567909240722656
2013-10-17,7.631834506988525
2013-10-18,7.634039878845215
2013-10-21,7.623016834259033
2013-10-22,7.678128242492676
2013-10-23,7.669313907623291
2013-10-24,7.695765495300293
2013-10-25,7.7464680671691895
2013-10-28,7.786146640777588
2013-10-29,7.8434648513793945
2013-10-30,7.790557861328125
2013-10-31,7.788349151611328
2013-11-01,7.803783416748047
2013-11-04,7.830233573913574
2013-11-05,7.823624610900879
2013-11-06,7.898578643798828
2013-11-07,7.808197975158691
2013-11-08,7.8787360191345215
2013-11-11,7.8787360191345215
2013-11-12,7.867710590362549
2013-11-13,7.914007663726807
2013-11-14,7.96470832824707
2013-11-15,7.98675537109375
2013-11-18,7.971322536468506
2013-11-19,7.960301876068115
2013-11-20,7.933846473693848
2013-11-21,7.980144023895264
2013-11-22,8.013206481933594
2013-11-25,7.99998140335083
2013-11-26,7.984551429748535
2013-11-27,7.993366241455078
2013-11-29,7.98675537109375
2013-12-02,7.949275493621826
2013-12-03,7.9382548332214355
2013-12-04,7.914007663726807
2013-12-05,7.880941390991211
2013-12-06,7.993366241455078
2013-12-09,8.00218391418457
2013-12-10,7.955892562866211
2013-12-11,7.891965389251709
2013-12-12,7.834646224975586
2013-12-13,7.830233573913574
2013-12-16,7.869915962219238
2013-12-17,7.8500776290893555
2013-12-18,7.980144023895264
2013-12-19,7.971322536468506
2013-12-20,8.017616271972656
2013-12-23,8.026272773742676
2013-12-24,8.052908897399902
2013-12-26,8.110618591308594
2013-12-27,8.11284351348877
2013-12-30,8.115058898925781
2013-12-31,8.13725471496582
2014-01-02,8.057348251342773
2014-01-03,8.068446159362793
2014-01-06,8.039592742919922
2014-01-07,8.083982467651367
2014-01-08,8.055130004882812
2014-01-09,8.068446159362793
2014-01-10,8.092864036560059
2014-01-13,7.995201110839844
2014-01-14,8.064007759094238
2014-01-15,8.081765174865723
2014-01-16,8.083982467651367
2014-01-17,8.04403018951416
2014-01-21,8.050686836242676
2014-01-22,8.064007759094238
2014-01-23,7.981882572174072
2014-01-24,7.844262599945068
2014-01-27,7.822064399719238
2014-01-28,7.868675708770752
2014-01-29,7.786552429199219
2014-01-30,7.817627429962158
2014-01-31,7.775451183319092
2014-02-03,7.593440055847168
2014-02-04,7.606761455535889
2014-02-05,7.604536533355713
2014-02-06,7.682229518890381
2014-02-07,7.775451183319092
2014-02-10,7.793210983276367
2014-02-11,7.87977409362793
2014-02-12,7.884215354919434
2014-02-13,7.9130706787109375
2014-02-14,7.970781326293945
2014-02-18,7.948586463928223
2014-02-19,7.908631324768066
2014-02-20,7.96856164932251
2014-02-21,7.948586463928223
2014-02-24,7.990758419036865
2014-02-25,7.999640464782715
2014-02-26,7.999640464782715
2014-02-27,8.039592742919922
2014-02-28,8.0773286819458
2014-03-03,8.019612312316895
2014-03-04,8.130598068237305
2014-03-05,8.106181144714355
2014-03-06,8.10840129852295
2014-03-07,8.130598068237305
2014-03-10,8.126158714294434
2014-03-11,8.101741790771484
2014-03-12,8.115058898925781
2014-03-13,8.028491973876953
2014-03-14,8.021834373474121
2014-03-17,8.092864036560059
2014-03-18,8.13281536102295
2014-03-19,8.081765174865723
2014-03-20,8.119499206542969
2014-03-21,8.10840129852295
2014-03-24,8.101250648498535
2014-03-25,8.154885292053223
2014-03-26,8.123595237731934
2014-03-27,8.132538795471191
2014-03-28,8.179469108581543
2014-03-31,8.235339164733887
2014-04-01,8.257685661315918
2014-04-02,8.284505844116211
2014-04-03,8.293444633483887
2014-04-04,8.228631973266602
2014-04-07,8.181702613830566
2014-04-08,8.210759162902832
2014-04-09,8.268857955932617
2014-04-10,8.152650833129883
2014-04-11,8.101250648498535
2014-04-14,8.152650833129883
2014-04-15,8.212990760803223
2014-04-16,8.284505844116211
2014-04-17,8.329201698303223
2014-04-21,8.349316596984863
2014-04-22,8.347082138061523
2014-04-23,8.329201698303223
2014-04-24,8.313558578491211
2014-04-25,8.282271385192871
2014-04-28,8.364958763122559
2014-04-29,8.36719036102295
2014-04-30,8.38507080078125
2014-05-01,8.356019973754883
2014-05-02,8.358254432678223
2014-05-05,8.356019973754883
2014-05-06,8.304618835449219
2014-05-07,8.371664047241211
2014-05-08,8.376132011413574
2014-05-09,8.394011497497559
2014-05-12,8.43423843383789
2014-05-13,8.447647094726562
2014-05-14,8.420828819274902
2014-05-15,8.340373992919922
2014-05-16,8.369427680969238
2014-05-19,8.36719036102295
2014-05-20,8.322498321533203
2014-05-21,8.38507080078125
2014-05-22,8.38953971862793
2014-05-23,8.407417297363281
2014-05-27,8.427532196044922
2014-05-28,8.425301551818848
2014-05-29,8.461052894592285
2014-05-30,8.496813774108887
2014-06-02,8.494579315185547
2014-06-03,8.478936195373535
2014-06-04,8.474467277526855
2014-06-05,8.528099060058594
2014-06-06,8.55268383026123
2014-06-09,8.566092491149902
2014-06-10,8.570563316345215
2014-06-11,8.534805297851562
2014-06-12,8.485640525817871
2014-06-13,8.530336380004883
2014-06-16,8.570563316345215
2014-06-17,8.575034141540527
2014-06-18,8.630901336669922
2014-06-19,8.655485153198242
2014-06-20,8.680069923400879
2014-06-23,8.670842170715332
2014-06-24,8.619086265563965
2014-06-25,8.641586303710938
2014-06-26,8.623581886291504
2014-06-27,8.6370849609375
2014-06-30,8.61233139038086
2014-07-01,8.652839660644531
2014-07-02,8.666339874267578
2014-07-03,8.709101676940918
2014-07-07,8.695598602294922
2014-07-08,8.664093017578125
2014-07-09,8.688844680786133
2014-07-10,8.675346374511719
2014-07-11,8.677595138549805
2014-07-14,8.715851783752441
2014-07-15,8.704599380493164
2014-07-16,8.776611328125
2014-07-17,8.686594009399414
2014-07-18,8.747358322143555
2014-07-21,8.736103057861328
2014-07-22,8.751856803894043
2014-07-23,8.751856803894043
2014-07-24,8.747358322143555
2014-07-25,8.713602066040039
2014-07-28,8.700098991394043
2014-07-29,8.66184139251709
2014-07-30,8.625834465026855
2014-07-31,8.4638032913208
2014-08-01,8.443550109863281
2014-08-04,8.486307144165039
2014-08-05,8.407543182373047
2014-08-06,8.423296928405762
2014-08-07,8.385041236877441
2014-08-08,8.475056648254395
2014-08-11,8.493062019348145
2014-08-12,8.488560676574707
2014-08-13,8.540318489074707
2014-08-14,8.56507396697998
2014-08-15,8.569575309753418
2014-08-18,8.628083229064941
2014-08-19,8.666339874267578
2014-08-20,8.695598602294922
2014-08-21,8.722602844238281
2014-08-22,8.695598602294922
2014-08-25,8.724854469299316
2014-08-26,8.729351043701172
2014-08-27,8.736103057861328
2014-08-28,8.733854293823242
2014-08-29,8.754108428955078
2014-09-02,8.727102279663086
2014-09-03,8.740605354309082
2014-09-04,8.747358322143555
2014-09-05,8.787864685058594
2014-09-08,8.760860443115234
2014-09-09,8.720355033874512
2014-09-10,8.738354682922363
2014-09-11,8.745105743408203
2014-09-12,8.691096305847168
2014-09-15,8.720355033874512
2014-09-16,8.783366203308105
2014-09-17,8.794615745544434
2014-09-18,8.839620590209961
2014-09-19,8.868878364562988
2014-09-22,8.81995677947998
2014-09-23,8.758801460266113
2014-09-24,8.82901668548584
2014-09-25,8.7157621383667
2014-09-26,8.767861366271973
2014-09-29,8.763331413269043
2014-09-30,8.733885765075684
2014-10-01,8.62290096282959
2014-10-02,8.607043266296387
2014-10-03,8.686319351196289
2014-10-06,8.693111419677734
2014-10-07,8.577598571777344
2014-10-08,8.711234092712402
2014-10-09,8.554947853088379
2014-10-10,8.480201721191406
2014-10-13,8.36242389678955
2014-10-14,8.369217872619629
2014-10-15,8.319387435913086
2014-10-16,8.292207717895508
2014-10-17,8.394135475158691
2014-10-20,8.4666109085083
2014-10-21,8.584395408630371
2014-10-22,8.53909683227539
2014-10-23,8.597986221313477
2014-10-24,8.677260398864746
2014-10-27,8.681790351867676
2014-10-28,8.756535530090332
2014-10-29,8.770126342773438
2014-10-30,8.7973051071167
2014-10-31,8.906027793884277
2014-11-03,8.896964073181152
2014-11-04,8.910551071166992
2014-11-05,8.949060440063477
2014-11-06,8.987565994262695
2014-11-07,8.998889923095703
2014-11-10,9.021539688110352
2014-11-11,9.023807525634766
2014-11-12,9.032865524291992
2014-11-13,9.050984382629395
2014-11-14,9.053253173828125
2014-11-17,9.062312126159668
2014-11-18,9.094021797180176
2014-11-19,9.103083610534668
2014-11-20,9.125731468200684
2014-11-21,9.164237976074219
2014-11-24,9.14158821105957
2014-11-25,9.134793281555176
2014-11-26,9.168764114379883
2014-11-28,9.171032905578613
2014-12-01,9.143855094909668
2014-12-02,9.189151763916016
2014-12-03,9.200475692749023
2014-12-04,9.184622764587402
2014-12-05,9.191418647766113
2014-12-08,9.123467445373535
2014-12-09,9.071372985839844
2014-12-10,8.940001487731934
2014-12-11,8.976243019104004
2014-12-12,8.831278800964355
2014-12-15,8.792774200439453
2014-12-16,8.758801460266113
2014-12-17,8.912822723388672
2014-12-18,9.114404678344727
2014-12-19,9.139324188232422
2014-12-22,9.195199012756348
2014-12-23,9.233965873718262
2014-12-24,9.22256088256836
2014-12-26,9.236248970031738
2014-12-29,9.217999458312988
2014-12-30,9.176948547363281
2014-12-31,9.088010787963867
2015-01-02,9.078887939453125
2015-01-05,8.951176643371582
2015-01-06,8.896444320678711
2015-01-07,9.001348495483398
2015-01-08,9.167828559875488
2015-01-09,9.097132682800293
2015-01-12,9.046957969665527
2015-01-13,9.026432991027832
2015-01-14,8.983105659484863
2015-01-15,8.948896408081055
2015-01-16,9.0697660446167
2015-01-20,9.078887939453125
2015-01-21,9.117656707763672
2015-01-22,9.22484302520752
2015-01-23,9.108532905578613
2015-01-26,9.117656707763672
2015-01-27,8.978544235229492
2015-01-28,8.862232208251953
2015-01-29,8.948896408081055
2015-01-30,8.805218696594238
2015-02-02,8.928369522094727
2015-02-03,9.067481994628906
2015-02-04,9.044679641723633
2015-02-05,9.133623123168945
2015-02-06,9.122214317321777
2015-02-09,9.078887939453125
2015-02-10,9.172391891479492
2015-02-11,9.172391891479492
2015-02-12,9.245368957519531
2015-02-13,9.279577255249023
2015-02-17,9.275015830993652
2015-02-18,9.25448989868164
2015-02-19,9.238527297973633
2015-02-20,9.270454406738281
2015-02-23,9.25221061706543
2015-02-24,9.297820091247559
2015-02-25,9.297820091247559
2015-02-26,9.281858444213867
2015-02-27,9.26589298248291
2015-03-02,9.309224128723145
2015-03-03,9.26132869720459
2015-03-04,9.211159706115723
2015-03-05,9.208879470825195
2015-03-06,9.062923431396484
2015-03-09,9.099411964416504
2015-03-10,8.962578773498535
2015-03-11,8.935209274291992
2015-03-12,9.012748718261719
2015-03-13,8.9694242477417
2015-03-16,9.07204532623291
2015-03-17,9.026432991027832
2015-03-18,9.126781463623047
2015-03-19,9.0697660446167
2015-03-20,9.160989761352539
2015-03-23,9.172468185424805
2015-03-24,9.112771034240723
2015-03-25,8.99108600616455
2015-03-26,8.975008964538574
2015-03-27,9.007158279418945
2015-03-30,9.115067481994629
2015-03-31,9.048481941223145
2015-04-01,8.997971534729004
2015-04-02,9.014045715332031
2015-04-06,9.085220336914062
2015-04-07,9.082924842834473
2015-04-08,9.082924842834473
2015-04-09,9.117363929748535
2015-04-10,9.156394004821777
2015-04-13,9.110479354858398
2015-04-14,9.138025283813477
2015-04-15,9.188541412353516
2015-04-16,9.172468185424805
2015-04-17,9.073739051818848
2015-04-20,9.170169830322266
2015-04-21,9.151803970336914
2015-04-22,9.190835952758789
2015-04-23,9.190835952758789
2015-04-24,9.216093063354492
2015-04-27,9.190835952758789
2015-04-28,9.234460830688477
2015-04-29,9.190835952758789
2015-04-30,9.117363929748535
2015-05-01,9.197725296020508
2015-05-04,9.206905364990234
2015-05-05,9.124250411987305
2015-05-06,9.087515830993652
2015-05-07,9.115067481994629
2015-05-08,9.232161521911621
2015-05-11,9.190835952758789
2015-05-12,9.163283348083496
2015-05-13,9.172468185424805
2015-05-14,9.271197319030762
2015-05-15,9.28726577758789
2015-05-18,9.282675743103027
2015-05-19,9.259713172912598
2015-05-20,9.259713172912598
2015-05-21,9.273490905761719
2015-05-22,9.227572441101074
2015-05-26,9.14721393585205
2015-05-27,9.20920467376709
2015-05-28,9.20231819152832
2015-05-29,9.163283348083496
2015-06-01,9.156394004821777
2015-06-02,9.144915580749512
2015-06-03,9.142618179321289
2015-06-04,9.055373191833496
2015-06-05,9.002565383911133
2015-06-08,8.963532447814941
2015-06-09,8.968125343322754
2015-06-10,9.064555168151855
2015-06-11,9.092105865478516
2015-06-12,9.018635749816895
2015-06-15,8.9612398147583
2015-06-16,9.011749267578125
2015-06-17,9.041597366333008
2015-06-18,9.131139755249023
2015-06-19,9.085220336914062
2015-06-22,9.146769523620605
2015-06-23,9.130568504333496
2015-06-24,9.063467979431152
2015-06-25,9.0357027053833
2015-06-26,9.033388137817383
2015-06-29,8.866789817810059
2015-06-30,8.859848976135254
2015-07-01,8.92000961303711
2015-07-02,8.917695999145508
2015-07-06,8.885299682617188
2015-07-07,8.973231315612793
2015-07-08,8.857534408569336
2015-07-09,8.857534408569336
2015-07-10,8.947774887084961
2015-07-13,9.04495906829834
2015-07-14,9.068096160888672
2015-07-15,9.040332794189453
2015-07-16,9.098177909851074
2015-07-17,9.056528091430664
2015-07-20,9.051899909973145
2015-07-21,8.984797477722168
2015-07-22,8.943145751953125
2015-07-23,8.90380859375
2015-07-24,8.806626319885254
2015-07-27,8.769607543945312
2015-07-28,8.896870613098145
2015-07-29,8.961661338806152
2015-07-30,8.954717636108398
2015-07-31,8.922323226928711
2015-08-03,8.892243385314941
2015-08-04,8.889927864074707
2015-08-05,8.931577682495117
2015-08-06,8.87835693359375
2015-08-07,8.839021682739258
2015-08-10,8.95240306854248
2015-08-11,8.892243385314941
2015-08-12,8.92000961303711
2015-08-13,8.892243385314941
2015-08-14,8.924636840820312
2015-08-17,8.95240306854248
2015-08-18,8.922323226928711
2015-08-19,8.839021682739258
2015-08-20,8.714071273803711
2015-08-21,8.466487884521484
2015-08-24,8.151801109313965
2015-08-25,8.01296615600586
2015-08-26,8.304516792297363
2015-08-27,8.484999656677246
2015-08-28,8.494256973266602
2015-08-31,8.447976112365723
2015-09-01,8.216588973999023
2015-09-02,8.360048294067383
2015-09-03,8.392443656921387
2015-09-04,8.258235931396484
2015-09-08,8.459545135498047
2015-09-09,8.327654838562012
2015-09-10,8.353108406066895
2015-09-11,8.387819290161133
2015-09-14,8.346163749694824
2015-09-15,8.461860656738281
2015-09-16,8.538216590881348
2015-09-17,8.535905838012695
2015-09-18,8.399386405944824
2015-09-21,8.44814682006836
2015-09-22,8.361823081970215
2015-09-23,8.340824127197266
2015-09-24,8.338492393493652
2015-09-25,8.361823081970215
2015-09-28,8.228837013244629
2015-09-29,8.259167671203613
2015-09-30,8.387487411499023
2015-10-01,8.37582015991211
2015-10-02,8.513472557067871
2015-10-05,8.676793098449707
2015-10-06,8.69778823852539
2015-10-07,8.777112007141113
2015-10-08,8.872773170471191
2015-10-09,8.872773170471191
2015-10-12,8.854104995727539
2015-10-13,8.807443618774414
2015-10-14,8.777112007141113
2015-10-15,8.86344051361084
2015-10-16,8.912436485290527
2015-10-19,8.898435592651367
2015-10-20,8.882104873657227
2015-10-21,8.858772277832031
2015-10-22,9.075752258300781
2015-10-23,9.162075996398926
2015-10-26,9.138744354248047
2015-10-27,9.103750228881836
2015-10-28,9.185403823852539
2015-10-29,9.159745216369629
2015-10-30,9.12241268157959
2015-11-02,9.220403671264648
2015-11-03,9.250733375549316
2015-11-04,9.220403671264648
2015-11-05,9.17840576171875
2015-11-06,9.155077934265137
2015-11-09,9.057085990905762
2015-11-10,9.06641674041748
2015-11-11,9.061750411987305
2015-11-12,8.93576431274414
2015-11-13,8.856435775756836
2015-11-16,9.001091957092285
2015-11-17,9.005758285522461
2015-11-18,9.094417572021484
2015-11-19,9.1154146194458
2015-11-20,9.120081901550293
2015-11-23,9.134077072143555
2015-11-24,9.173741340637207
2015-11-25,9.162075996398926
2015-11-27,9.169072151184082
2015-11-30,9.148077964782715
2015-12-01,9.225068092346191
2015-12-02,9.14340877532959
2015-12-03,9.033756256103516
2015-12-04,9.197071075439453
2015-12-07,9.152741432189941
2015-12-08,9.068756103515625
2015-12-09,9.040753364562988
2015-12-10,9.071085929870605
2015-12-11,8.924101829528809
2015-12-14,8.991759300231934
2015-12-15,9.075752258300781
2015-12-16,9.17840576171875
2015-12-17,9.050087928771973
2015-12-18,8.89610481262207
2015-12-21,8.964719772338867
2015-12-22,9.058713912963867
2015-12-23,9.173853874206543
2015-12-24,9.150359153747559
2015-12-28,9.124509811401367
2015-12-29,9.216151237487793
2015-12-30,9.164456367492676
2015-12-31,9.061063766479492
2016-01-04,8.957671165466309
2016-01-05,9.00936508178711
2016-01-06,8.901273727416992
2016-01-07,8.715631484985352
2016-01-08,8.621635437011719
2016-01-11,8.638089179992676
2016-01-12,8.689783096313477
2016-01-13,8.522942543029785
2016-01-14,8.66628646850586
2016-01-15,8.48534870147705
2016-01-19,8.494747161865234
2016-01-20,8.365503311157227
2016-01-21,8.438350677490234
2016-01-22,8.595788955688477
2016-01-25,8.501798629760742
2016-01-26,8.64513874053955
2016-01-27,8.595788955688477
2016-01-28,8.65688705444336
2016-01-29,8.854273796081543
2016-02-01,8.849573135375977
2016-02-02,8.708581924438477
2016-02-03,8.783780097961426
2016-02-04,8.786128044128418
2016-02-05,8.692136764526367
2016-02-08,8.67568588256836
2016-02-09,8.661587715148926
2016-02-10,8.614592552185059
2016-02-11,8.525296211242676
2016-02-12,8.661587715148926
2016-02-16,8.767332077026367
2016-02-17,8.8942232131958
2016-02-18,8.896574020385742
2016-02-19,8.882474899291992
2016-02-22,8.98116683959961
2016-02-23,8.908324241638184
2016-02-24,8.948267936706543
2016-02-25,9.049312591552734
2016-02-26,8.990570068359375
2016-02-29,8.920068740844727
2016-03-01,9.079862594604492
2016-03-02,9.124509811401367
2016-03-03,9.145659446716309
2016-03-04,9.180904388427734
2016-03-07,9.211454391479492
2016-03-08,9.155059814453125
2016-03-09,9.21850299835205
2016-03-10,9.21850299835205
2016-03-11,9.317200660705566
2016-03-14,9.300747871398926
2016-03-15,9.303098678588867
2016-03-16,9.354795455932617
2016-03-17,9.437041282653809
2016-03-18,9.45348834991455
2016-03-21,9.467217445373535
2016-03-22,9.448282241821289
2016-03-23,9.396200180053711
2016-03-24,9.403301239013672
2016-03-28,9.405667304992676
2016-03-29,9.488527297973633
2016-03-30,9.509832382202148
2016-03-31,9.490894317626953
2016-04-01,9.528775215148926
2016-04-04,9.505099296569824
2016-04-05,9.460118293762207
2016-04-06,9.53587532043457
2016-04-07,9.448282241821289
2016-04-08,9.48379135131836
2016-04-11,9.448282241821289
2016-04-12,9.526405334472656
2016-04-13,9.566652297973633
2016-04-14,9.550078392028809
2016-04-15,9.552448272705078
2016-04-18,9.616368293762207
2016-04-19,9.630571365356445
2016-04-20,9.599793434143066
2016-04-21,9.53824234008789
2016-04-22,9.53587532043457
2016-04-25,9.540611267089844
2016-04-26,9.554813385009766
2016-04-27,9.618734359741211
2016-04-28,9.533510208129883
2016-04-29,9.474322319030762
2016-05-02,9.531140327453613
2016-05-03,9.481424331665039
2016-05-04,9.445915222167969
2016-05-05,9.450648307800293
2016-05-06,9.502730369567871
2016-05-09,9.502730369567871
2016-05-10,9.60926342010498
2016-05-11,9.53587532043457
2016-05-12,9.561915397644043
2016-05-13,9.464853286743164
2016-05-16,9.550078392028809
2016-05-17,9.45775032043457
2016-05-18,9.400934219360352
2016-05-19,9.391461372375488
2016-05-20,9.426972389221191
2016-05-23,9.417505264282227
2016-05-24,9.528775215148926
2016-05-25,9.587957382202148
2016-05-26,9.599793434143066
2016-05-27,9.625835418701172
2016-05-31,9.606895446777344
2016-06-01,9.628204345703125
2016-06-02,9.637673377990723
2016-06-03,9.651876449584961
2016-06-06,9.70632553100586
2016-06-07,9.741837501525879
2016-06-08,9.772614479064941
2016-06-09,9.777347564697266
2016-06-10,9.734740257263184
2016-06-13,9.658979415893555
2016-06-14,9.663714408874512
2016-06-15,9.647141456604004
2016-06-16,9.701593399047852
2016-06-17,9.680282592773438
2016-06-20,9.753532409667969
2016-06-21,9.77739143371582
2016-06-22,9.753532409667969
2016-06-23,9.870443344116211
2016-06-24,9.591291427612305
2016-06-27,9.464838027954102
2016-06-28,9.584132194519043
2016-06-29,9.720131874084473
2016-06-30,9.887140274047852
2016-07-01,9.896686553955078
2016-07-05,9.863286972045898
2016-07-06,9.896686553955078
2016-07-07,9.882370948791504
2016-07-08,10.013593673706055
2016-07-11,10.058928489685059
2016-07-12,10.111416816711426
2016-07-13,10.135278701782227
2016-07-14,10.175837516784668
2016-07-15,10.171064376831055
2016-07-18,10.180607795715332
2016-07-19,10.182991981506348
2016-07-20,10.218782424926758
2016-07-21,10.182991981506348
2016-07-22,10.242642402648926
2016-07-25,10.221168518066406
2016-07-26,10.228325843811035
2016-07-27,10.173446655273438
2016-07-28,10.151978492736816
2016-07-29,10.16867733001709
2016-08-01,10.137660026550293
2016-08-02,10.0732421875
2016-08-03,10.078015327453613
2016-08-04,10.09471607208252
2016-08-05,10.151978492736816
2016-08-08,10.151978492736816
2016-08-09,10.156747817993164
2016-08-10,10.154363632202148
2016-08-11,10.209238052368164
2016-08-12,10.202079772949219
2016-08-15,10.230710983276367
2016-08-16,10.171064376831055
2016-08-17,10.187765121459961
2016-08-18,10.218782424926758
2016-08-19,10.182991981506348
2016-08-22,10.171064376831055
2016-08-23,10.194925308227539
2016-08-24,10.16867733001709
2016-08-25,10.16390609741211
2016-08-26,10.135278701782227
2016-08-29,10.192536354064941
2016-08-30,10.154363632202148
2016-08-31,10.135278701782227
2016-09-01,10.154363632202148
2016-09-02,10.197309494018555
2016-09-06,10.22593879699707
2016-09-07,10.209238052368164
2016-09-08,10.187765121459961
2016-09-09,9.934861183166504
2016-09-12,10.075630187988281
2016-09-13,9.937248229980469
2016-09-14,9.913387298583984
2016-09-15,10.015981674194336
2016-09-16,9.987351417541504
2016-09-19,9.985912322998047
2016-09-20,9.981110572814941
2016-09-21,10.081908226013184
2016-09-22,10.129901885986328
2016-09-23,10.077108383178711
2016-09-26,9.99551010131836
2016-09-27,10.072304725646973
2016-09-28,10.127501487731934
2016-09-29,10.072304725646973
2016-09-30,10.15390396118164
2016-10-03,10.117902755737305
2016-10-04,10.03870964050293
2016-10-05,10.081908226013184
2016-10-06,10.089104652404785
2016-10-07,10.069907188415527
2016-10-10,10.084306716918945
2016-10-11,9.983510971069336
2016-10-12,9.990710258483887
2016-10-13,9.959511756896973
2016-10-14,9.973910331726074
2016-10-17,9.947510719299316
2016-10-18,9.9547119140625
2016-10-19,9.933110237121582
2016-10-20,9.899513244628906
2016-10-21,9.933110237121582
2016-10-24,9.983510971069336
2016-10-25,9.988309860229492
2016-10-26,10.005108833312988
2016-10-27,9.973910331726074
2016-10-28,9.983510971069336
2016-10-31,9.99551010131836
2016-11-01,9.928314208984375
2016-11-02,9.892315864562988
2016-11-03,9.863516807556152
2016-11-04,9.825121879577637
2016-11-07,10.00991153717041
2016-11-08,10.067506790161133
2016-11-09,10.158699035644531
2016-11-10,10.14670467376709
2016-11-11,10.139503479003906
2016-11-14,10.125104904174805
2016-11-15,10.206700325012207
2016-11-16,10.206700325012207
2016-11-17,10.216300010681152
2016-11-18,10.204299926757812
2016-11-21,10.273895263671875
2016-11-22,10.32669448852539
2016-11-23,10.331494331359863
2016-11-25,10.377091407775879
2016-11-28,10.362691879272461
2016-11-29,10.360291481018066
2016-11-30,10.321893692016602
2016-12-01,10.252298355102539
2016-12-02,10.285896301269531
2016-12-05,10.329095840454102
2016-12-06,10.357892990112305
2016-12-07,10.50428581237793
2016-12-08,10.509085655212402
2016-12-09,10.566680908203125
2016-12-12,10.619481086730957
2016-12-13,10.686675071716309
2016-12-14,10.578679084777832
2016-12-15,10.609880447387695
2016-12-16,10.614676475524902
2016-12-19,10.641074180603027
2016-12-20,10.66771411895752
2016-12-21,10.643495559692383
2016-12-22,10.633810043334961
2016-12-23,10.641074180603027
2016-12-27,10.658028602600098
2016-12-28,10.57811164855957
2016-12-29,10.587796211242676
2016-12-30,10.551471710205078
2017-01-03,10.607172012329102
2017-01-04,10.624123573303223
2017-01-05,10.614437103271484
2017-01-06,10.614437103271484
2017-01-09,10.558736801147461
2017-01-10,10.522411346435547
2017-01-11,10.551471710205078
2017-01-12,10.52967643737793
2017-01-13,10.53693962097168
2017-01-17,10.53693962097168
2017-01-18,10.541784286499023
2017-01-19,10.503036499023438
2017-01-20,10.558736801147461
2017-01-23,10.512726783752441
2017-01-24,10.575689315795898
2017-01-25,10.645919799804688
2017-01-26,10.607172012329102
2017-01-27,10.609594345092773
2017-01-30,10.551471710205078
2017-01-31,10.500615119934082
2017-02-01,10.45218276977539
2017-02-02,10.464289665222168
2017-02-03,10.512726783752441
2017-02-06,10.500615119934082
2017-02-07,10.522411346435547
2017-02-08,10.53693962097168
2017-02-09,10.580533027648926
2017-02-10,10.604750633239746
2017-02-13,10.658028602600098
2017-02-14,10.679823875427246
2017-02-15,10.74036693572998
2017-02-16,10.759739875793457
2017-02-17,10.774272918701172
2017-02-21,10.832392692565918
2017-02-22,10.82270622253418
2017-02-23,10.868718147277832
2017-02-24,10.897778511047363
2017-02-27,10.900201797485352
2017-02-28,10.859033584594727
2017-03-01,10.972853660583496
2017-03-02,10.936527252197266
2017-03-03,10.924417495727539
2017-03-06,10.907466888427734
2017-03-07,10.873562812805176
2017-03-08,10.86145305633545
2017-03-09,10.866296768188477
2017-03-10,10.909890174865723
2017-03-13,10.905043601989746
2017-03-14,10.871140480041504
2017-03-15,10.953481674194336
2017-03-16,10.943791389465332
2017-03-17,10.951055526733398
2017-03-20,10.935447692871094
2017-03-21,10.854947090148926
2017-03-22,10.864707946777344
2017-03-23,10.85007095336914
2017-03-24,10.825675010681152
2017-03-27,10.81591796875
2017-03-28,10.872026443481445
2017-03-29,10.869585037231445
2017-03-30,10.884221076965332
2017-03-31,10.87446403503418
2017-04-03,10.842751502990723
2017-04-04,10.869585037231445
2017-04-05,10.840313911437988
2017-04-06,10.845193862915039
2017-04-07,10.85007095336914
2017-04-10,10.85007095336914
2017-04-11,10.852511405944824
2017-04-12,10.820802688598633
2017-04-13,10.754938125610352
2017-04-17,10.825675010681152
2017-04-18,10.823240280151367
2017-04-19,10.779329299926758
2017-04-20,10.832991600036621
2017-04-21,10.81591796875
2017-04-24,10.911052703857422
2017-04-25,10.969597816467285
2017-04-26,10.94520378112793
2017-04-27,10.952522277832031
2017-04-28,10.901296615600586
2017-05-01,10.884221076965332
2017-05-02,10.889101028442383
2017-05-03,10.896418571472168
2017-05-04,10.906176567077637
2017-05-05,10.94520378112793
2017-05-08,10.933005332946777
2017-05-09,10.923249244689941
2017-05-10,10.930566787719727
2017-05-11,10.884221076965332
2017-05-12,10.864707946777344
2017-05-15,10.923249244689941
2017-05-16,10.933005332946777
2017-05-17,10.798846244812012
2017-05-18,10.811038970947266
2017-05-19,10.893978118896484
2017-05-22,10.950081825256348
2017-05-23,10.942763328552246
2017-05-24,10.964715957641602
2017-05-25,11.037895202636719
2017-05-26,11.033020973205566
2017-05-30,11.059850692749023
2017-05-31,11.091564178466797
2017-06-01,11.14766788482666
2017-06-02,11.167183876037598
2017-06-05,11.172062873840332
2017-06-06,11.140348434448242
2017-06-07,11.13059139251709
2017-06-08,11.123274803161621
2017-06-09,11.14766788482666
2017-06-12,11.167183876037598
2017-06-13,11.201332092285156
2017-06-14,11.215970993041992
2017-06-15,11.213528633117676
2017-06-16,11.23304271697998
2017-06-19,11.29471206665039
2017-06-20,11.23328685760498
2017-06-21,11.189064979553223
2017-06-22,11.176777839660645
2017-06-23,11.198894500732422
2017-06-26,11.189064979553223
2017-06-27,11.112898826599121
2017-06-28,11.16203784942627
2017-06-29,11.046558380126953
2017-06-30,11.080953598022461
2017-07-03,11.107982635498047
2017-07-05,11.115351676940918
2017-07-06,11.031817436218262
2017-07-07,11.080953598022461
2017-07-10,11.056385040283203
2017-07-11,11.046558380126953
2017-07-12,11.120267868041992
2017-07-13,11.130096435546875
2017-07-14,11.19398021697998
2017-07-17,11.189064979553223
2017-07-18,11.171865463256836
2017-07-19,11.208717346191406
2017-07-20,11.208717346191406
2017-07-21,11.19398021697998
2017-07-24,11.125182151794434
2017-07-25,11.184151649475098
2017-07-26,11.203805923461914
2017-07-27,11.29471206665039
2017-07-28,11.240660667419434
2017-07-31,11.265230178833008
2017-08-01,11.272599220275879
2017-08-02,11.262773513793945
2017-08-03,11.282429695129395
2017-08-04,11.297171592712402
2017-08-07,11.316827774047852
2017-08-08,11.289801597595215
2017-08-09,11.29471206665039
2017-08-10,11.218549728393555
2017-08-11,11.213634490966797
2017-08-14,11.297171592712402
2017-08-15,11.297171592712402
2017-08-16,11.32419490814209
2017-08-17,11.166949272155762
2017-08-18,11.127639770507812
2017-08-21,11.1644926071167
2017-08-22,11.228377342224121
2017-08-23,11.189064979553223
2017-08-24,11.171865463256836
2017-08-25,11.203805923461914
2017-08-28,11.191521644592285
2017-08-29,11.203805923461914
2017-08-30,11.225915908813477
2017-08-31,11.262773513793945
2017-09-01,11.279974937438965
2017-09-05,11.23083209991455
2017-09-06,11.279974937438965
2017-09-07,11.297171592712402
2017-09-08,11.279974937438965
2017-09-11,11.375795364379883
2017-09-12,11.429845809936523
2017-09-13,11.454415321350098
2017-09-14,11.488816261291504
2017-09-15,11.533040046691895
2017-09-18,11.5587797164917
2017-09-19,11.571155548095703
2017-09-20,11.573633193969727
2017-09-21,11.529083251953125
2017-09-22,11.551352500915527
2017-09-25,11.563730239868164
2017-09-26,11.548883438110352
2017-09-27,11.546405792236328
2017-09-28,11.5761079788208
2017-09-29,11.58353328704834
2017-10-02,11.633035659790039
2017-10-03,11.670160293579102
2017-10-04,11.699860572814941
2017-10-05,11.74936580657959
2017-10-06,11.732041358947754
2017-10-09,11.74936580657959
2017-10-10,11.816191673278809
2017-10-11,11.843419075012207
2017-10-12,11.858270645141602
2017-10-13,11.883020401000977
2017-10-16,11.883020401000977
2017-10-17,11.887972831726074
2017-10-18,11.927574157714844
2017-10-19,11.954800605773926
2017-10-20,11.994401931762695
2017-10-23,12.004302978515625
2017-10-24,12.01915454864502
2017-10-25,11.962224006652832
2017-10-26,12.001826286315918
2017-10-27,12.081031799316406
2017-10-30,11.996878623962402
2017-10-31,12.001826286315918
2017-11-01,12.046380043029785
2017-11-02,12.056282043457031
2017-11-03,12.071131706237793
2017-11-06,12.034003257751465
2017-11-07,12.063706398010254
2017-11-08,12.10083293914795
2017-11-09,12.046380043029785
2017-11-10,12.04885482788086
2017-11-13,12.095882415771484
2017-11-14,12.110733032226562
2017-11-15,12.01915454864502
2017-11-16,12.140433311462402
2017-11-17,12.095882415771484
2017-11-20,12.135481834411621
2017-11-21,12.204785346984863
2017-11-22,12.177556991577148
2017-11-24,12.199833869934082
2017-11-27,12.212214469909668
2017-11-28,12.34091854095459
2017-11-29,12.390420913696289
2017-11-30,12.50674819946289
2017-12-01,12.486949920654297
2017-12-04,12.53645133972168
2017-12-05,12.481999397277832
2017-12-06,12.491897583007812
2017-12-07,12.484475135803223
2017-12-08,12.529027938842773
2017-12-11,12.566153526306152
2017-12-12,12.58100414276123
2017-12-13,12.62060546875
2017-12-14,12.568628311157227
2017-12-15,12.66268253326416
2017-12-18,12.751144409179688
2017-12-19,12.758623123168945
2017-12-20,12.758623123168945
2017-12-21,12.736193656921387
2017-12-22,12.751144409179688
2017-12-26,12.758623123168945
2017-12-27,12.776063919067383
2017-12-28,12.783544540405273
2017-12-29,12.751144409179688
2018-01-02,12.791017532348633
2018-01-03,12.82839584350586
2018-01-04,12.89069652557373
2018-01-05,12.970433235168457
2018-01-08,12.997845649719238
2018-01-09,13.000337600708008
2018-01-10,12.962960243225098
2018-01-11,13.055156707763672
2018-01-12,13.129918098449707
2018-01-16,13.107487678527832
2018-01-17,13.304349899291992
2018-01-18,13.266974449157715
2018-01-19,13.309332847595215
2018-01-22,13.416487693786621
2018-01-23,13.384093284606934
2018-01-24,13.351698875427246
2018-01-25,13.374122619628906
2018-01-26,13.600893020629883
2018-01-29,13.503704071044922
2018-01-30,13.331758499145508
2018-01-31,13.331758499145508
2018-02-01,13.289401054382324
2018-02-02,13.000337600708008
2018-02-05,12.434672355651855
2018-02-06,12.643994331359863
2018-02-07,12.616582870483398
2018-02-08,12.155577659606934
2018-02-09,12.320045471191406
2018-02-12,12.489494323730469
2018-02-13,12.499465942382812
2018-02-14,12.571728706359863
2018-02-15,12.718749046325684
2018-02-16,12.7337007522583
2018-02-20,12.584186553955078
2018-02-21,12.472051620483398
2018-02-22,12.521889686584473
2018-02-23,12.701306343078613
2018-02-26,12.875740051269531
2018-02-27,12.743667602539062
2018-02-28,12.581694602966309
2018-03-01,12.427197456359863
2018-03-02,12.46457576751709
2018-03-05,12.594155311584473
2018-03-06,12.604122161865234
2018-03-07,12.576709747314453
2018-03-08,12.629043579101562
2018-03-09,12.80846118927002
2018-03-12,12.736193656921387
2018-03-13,12.686354637145996
2018-03-14,12.569233894348145
2018-03-15,12.574217796325684
2018-03-16,12.622313499450684
2018-03-19,12.467010498046875
2018-03-20,12.469513893127441
2018-03-21,12.424424171447754
2018-03-22,12.153891563415527
2018-03-23,11.91843032836914
2018-03-26,12.209004402160645
2018-03-27,12.086258888244629
2018-03-28,12.128843307495117
2018-03-29,12.28164291381836
2018-04-02,11.991072654724121
2018-04-03,12.156396865844727
2018-04-04,12.299178123474121
2018-04-05,12.361804962158203
2018-04-06,12.113813400268555
2018-04-09,12.116321563720703
2018-04-10,12.296669960021973
2018-04-11,12.256596565246582
2018-04-12,12.324225425720215
2018-04-13,12.309196472167969
2018-04-16,12.434446334838867
2018-04-17,12.509591102600098
2018-04-18,12.467010498046875
2018-04-19,12.306694030761719
2018-04-20,12.186457633972168
2018-04-23,12.193973541259766
2018-04-24,12.076241493225098
2018-04-25,12.138866424560547
2018-04-26,12.239062309265137
2018-04-27,12.259099006652832
2018-04-30,12.143874168395996
2018-05-01,12.078744888305664
2018-05-02,11.95600414276123
2018-05-03,11.925944328308105
2018-05-04,12.083754539489746
2018-05-07,12.0687255859375
2018-05-08,12.0687255859375
2018-05-09,12.148885726928711
2018-05-10,12.271621704101562
2018-05-11,12.324225425720215
2018-05-14,12.3743257522583
2018-05-15,12.299178123474121
2018-05-16,12.38685131072998
2018-05-17,12.409395217895508
2018-05-18,12.371822357177734
2018-05-21,12.487049102783203
2018-05-22,12.424424171447754
2018-05-23,12.44947624206543
2018-05-24,12.434446334838867
2018-05-25,12.424424171447754
2018-05-29,12.329239845275879
2018-05-30,12.504583358764648
2018-05-31,12.361804962158203
2018-06-01,12.479533195495605
2018-06-04,12.544659614562988
2018-06-05,12.574718475341797
2018-06-06,12.652371406555176
2018-06-07,12.687440872192383
2018-06-08,12.7450532913208
2018-06-11,12.770105361938477
2018-06-12,12.777619361877441
2018-06-13,12.709986686706543
2018-06-14,12.709986686706543
2018-06-15,12.755074501037598
2018-06-18,12.644859313964844
2018-06-19,12.612293243408203
2018-06-20,12.609789848327637
2018-06-21,12.552177429199219
2018-06-22,12.609789848327637
2018-06-25,12.514602661132812
2018-06-26,12.485814094543457
2018-06-27,12.394895553588867
2018-06-28,12.442878723144531
2018-06-29,12.447928428649902
2018-07-02,12.427729606628418
2018-07-03,12.404998779296875
2018-07-05,12.536321640014648
2018-07-06,12.589356422424316
2018-07-09,12.667646408081055
2018-07-10,12.771187782287598
2018-07-11,12.65754222869873
2018-07-12,12.720680236816406
2018-07-13,12.773711204528809
2018-07-16,12.738357543945312
2018-07-17,12.776239395141602
2018-07-18,12.788865089416504
2018-07-19,12.796441078186035
2018-07-20,12.778763771057129
2018-07-23,12.771187782287598
2018-07-24,12.811595916748047
2018-07-25,12.887356758117676
2018-07-26,12.965645790100098
2018-07-27,12.905033111572266
2018-07-30,12.89745807647705
2018-07-31,13.013628005981445
2018-08-01,12.905033111572266
2018-08-02,12.965645790100098
2018-08-03,13.061614036560059
2018-08-06,13.081817626953125
2018-08-07,13.124750137329102
2018-08-08,13.114645957946777
2018-08-09,13.081817626953125
2018-08-10,12.9984769821167
2018-08-13,12.94291877746582
2018-08-14,13.01867961883545
2018-08-15,13.001002311706543
2018-08-16,13.152527809143066
2018-08-17,13.223240852355957
2018-08-20,13.256073951721191
2018-08-21,13.283852577209473
2018-08-22,13.238396644592285
2018-08-23,13.228289604187012
2018-08-24,13.273752212524414
2018-08-27,13.341937065124512
2018-08-28,13.344464302062988
2018-08-29,13.367195129394531
2018-08-30,13.296479225158691
2018-08-31,13.311633110046387
2018-09-04,13.306584358215332
2018-09-05,13.407598495483398
2018-09-06,13.410125732421875
2018-09-07,13.374771118164062
2018-09-10,13.425277709960938
2018-09-11,13.405073165893555
2018-09-12,13.435379981994629
2018-09-13,13.485886573791504
2018-09-14,13.501043319702148
2018-09-17,13.490939140319824
2018-09-18,13.559124946594238
2018-09-19,13.546499252319336
2018-09-20,13.647514343261719
2018-09-21,13.67529296875
2018-09-24,13.564177513122559
2018-09-25,13.476956367492676
2018-09-26,13.459162712097168
2018-09-27,13.454073905944824
2018-09-28,13.476956367492676
2018-10-01,13.51509952545166
2018-10-02,13.5557861328125
2018-10-03,13.5481538772583
2018-10-04,13.482039451599121
2018-10-05,13.398133277893066
2018-10-08,13.464241981506348
2018-10-09,13.415928840637207
2018-10-10,13.080280303955078
2018-10-11,12.74716567993164
2018-10-12,12.841252326965332
2018-10-15,12.825997352600098
2018-10-16,13.029419898986816
2018-10-17,12.965852737426758
2018-10-18,12.825997352600098
2018-10-19,12.8565092086792
2018-10-22,12.818366050720215
2018-10-23,12.764968872070312
2018-10-24,12.472543716430664
2018-10-25,12.6022310256958
2018-10-26,12.452200889587402
2018-10-29,12.485257148742676
2018-10-30,12.731910705566406
2018-10-31,12.681057929992676
2018-11-01,12.828540802001953
2018-11-02,12.787853240966797
2018-11-05,12.932791709899902
2018-11-06,13.01925277709961
2018-11-07,13.181990623474121
2018-11-08,13.176904678344727
2018-11-09,13.100619316101074
2018-11-12,12.920080184936523
2018-11-13,12.909911155700684
2018-11-14,12.848878860473633
2018-11-15,12.940423965454102
2018-11-16,12.976020812988281
2018-11-19,12.866681098937988
2018-11-20,12.60731315612793
2018-11-21,12.622570037841797
2018-11-23,12.564083099365234
2018-11-26,12.698854446411133
2018-11-27,12.792937278747559
2018-11-28,12.99382209777832
2018-11-29,12.968390464782715
2018-11-30,13.108246803283691
2018-12-03,13.171817779541016
2018-12-04,12.820910453796387
2018-12-06,12.772597312927246
2018-12-07,12.520856857299805
2018-12-10,12.5412015914917
2018-12-11,12.561542510986328
2018-12-12,12.573080062866211
2018-12-13,12.59102725982666
2018-12-14,12.426941871643066
2018-12-17,12.165427207946777
2018-12-18,12.147480010986328
2018-12-19,11.962886810302734
2018-12-20,11.803924560546875
2018-12-21,11.668044090270996
2018-12-24,11.339871406555176
2018-12-26,11.82699966430664
2018-12-27,11.97057819366455
2018-12-28,11.942378044128418
2018-12-31,12.042365074157715
2019-01-02,12.042365074157715
2019-01-03,11.80649185180664
2019-01-04,12.132097244262695
2019-01-07,12.214141845703125
2019-01-08,12.329514503479004
2019-01-09,12.33976936340332
2019-01-10,12.393608093261719
2019-01-11,12.408992767333984
2019-01-14,12.35258960723877
2019-01-15,12.375665664672852
2019-01-16,12.332075119018555
2019-01-17,12.419249534606934
2019-01-18,12.624357223510742
2019-01-22,12.455144882202148
2019-01-23,12.50385570526123
2019-01-24,12.542313575744629
2019-01-25,12.588461875915527
2019-01-28,12.51667594909668
2019-01-29,12.532059669494629
2019-01-30,12.649995803833008
2019-01-31,12.770496368408203
2019-02-01,12.801261901855469
2019-02-04,12.87561321258545
2019-02-05,12.908942222595215
2019-02-06,12.95509147644043
2019-02-07,12.865360260009766
2019-02-08,12.865360260009766
2019-02-11,12.890995979309082
2019-02-12,13.075590133666992
2019-02-13,13.149946212768555
2019-02-14,13.10892105102539
2019-02-15,13.260190963745117
2019-02-19,13.311468124389648
2019-02-20,13.308900833129883
2019-02-21,13.260190963745117
2019-02-22,13.355049133300781
2019-02-25,13.355049133300781
2019-02-26,13.324283599853516
2019-02-27,13.290955543518066
2019-02-28,13.28839111328125
2019-03-01,13.34223461151123
2019-03-04,13.290955543518066
2019-03-05,13.260190963745117
2019-03-06,13.208911895751953
2019-03-07,13.119178771972656
2019-03-08,13.080718994140625
2019-03-11,13.265316009521484
2019-03-12,13.283263206481934
2019-03-13,13.367871284484863
2019-03-14,13.329412460327148
2019-03-15,13.401200294494629
2019-03-18,13.467860221862793
2019-03-19,13.45247745513916
2019-03-20,13.367815971374512
2019-03-21,13.51494026184082
2019-03-22,13.321354866027832
2019-03-25,13.292961120605469
2019-03-26,13.445250511169434
2019-03-27,13.39362907409668
2019-03-28,13.422019004821777
2019-03-29,13.494290351867676
2019-04-01,13.649160385131836
2019-04-02,13.607865333557129
2019-04-03,13.631091117858887
2019-04-04,13.70594596862793
2019-04-05,13.75756549835205
2019-04-08,13.806612014770508
2019-04-09,13.687882423400879
2019-04-10,13.70594596862793
2019-04-11,13.747244834899902
2019-04-12,13.835002899169922
2019-04-15,13.847912788391113
2019-04-16,13.956319808959961
2019-04-17,13.995036125183105
2019-04-18,13.992454528808594
2019-04-22,13.997612953186035
2019-04-23,14.093119621276855
2019-04-24,14.080214500427246
2019-04-25,13.86597728729248
2019-04-26,13.871140480041504
2019-04-29,13.847912788391113
2019-04-30,13.927926063537598
2019-05-01,13.806612014770508
2019-05-02,13.822101593017578
2019-05-03,13.935669898986816
2019-05-06,13.850493431091309
2019-05-07,13.620768547058105
2019-05-08,13.592376708984375
2019-05-09,13.522682189941406
2019-05-10,13.594959259033203
2019-05-13,13.305866241455078
2019-05-14,13.398787498474121
2019-05-15,13.468478202819824
2019-05-16,13.507198333740234
2019-05-17,13.432344436645508
2019-05-20,13.357492446899414
2019-05-21,13.455574989318848
2019-05-22,13.403950691223145
2019-05-23,13.274892807006836
2019-05-24,13.267151832580566
2019-05-28,13.060657501220703
2019-05-29,13.029683113098145
2019-05-30,13.058076858520508
2019-05-31,12.869650840759277
2019-06-03,13.01935863494873
2019-06-04,13.285216331481934
2019-06-05,13.336840629577637
2019-06-06,13.434927940368652
2019-06-07,13.522682189941406
2019-06-10,13.574308395385742
2019-06-11,13.602699279785156
2019-06-12,13.563982963562012
2019-06-13,13.654321670532227
2019-06-14,13.607865333557129
2019-06-17,13.571724891662598
2019-06-18,13.695623397827148
2019-06-19,13.724014282226562
2019-06-20,13.860812187194824
2019-06-21,13.845327377319336
2019-06-24,13.796290397644043
2019-06-25,13.718854904174805
2019-06-26,13.71911334991455
2019-06-27,13.755536079406738
2019-06-28,13.807573318481445
2019-07-01,13.9220552444458
2019-07-02,13.916847229003906
2019-07-03,14.026117324829102
2019-07-05,13.98449420928955
2019-07-08,13.929853439331055
2019-07-09,13.870018005371094
2019-07-10,13.909040451049805
2019-07-11,13.950669288635254
2019-07-12,14.0677490234375
2019-07-15,14.088560104370117
2019-07-16,14.080760955810547
2019-07-17,13.968880653381348
2019-07-18,14.015713691711426
2019-07-19,13.98449420928955
2019-07-22,13.97668743133545
2019-07-23,14.127593040466309
2019-07-24,14.268084526062012
2019-07-25,14.252472877502441
2019-07-26,14.320120811462402
2019-07-29,14.31491756439209
2019-07-30,14.26028060913086
2019-07-31,14.036529541015625
2019-08-01,13.83619213104248
2019-08-02,13.76333999633789
2019-08-05,13.375679016113281
2019-08-06,13.490155220031738
2019-08-07,13.531785011291504
2019-08-08,13.765945434570312
2019-08-09,13.607236862182617
2019-08-12,13.464138984680176
2019-08-13,13.648865699768066
2019-08-14,13.302831649780273
2019-08-15,13.33144760131836
2019-08-16,13.565608024597168
2019-08-19,13.742526054382324
2019-08-20,13.659273147583008
2019-08-21,13.781557083129883
2019-08-22,13.8231840133667
2019-08-23,13.453731536865234
2019-08-26,13.583817481994629
2019-08-27,13.542192459106445
2019-08-28,13.685283660888672
2019-08-29,13.8231840133667
2019-08-30,13.854403495788574
2019-09-03,13.778951644897461
2019-09-04,13.945466041564941
2019-09-05,14.122384071350098
2019-09-06,14.171821594238281
2019-09-09,14.265482902526855
2019-09-10,14.35134220123291
2019-09-11,14.450206756591797
2019-09-12,14.507444381713867
2019-09-13,14.478826522827148
2019-09-16,14.39036750793457
2019-09-17,14.395573616027832
2019-09-18,14.387763977050781
2019-09-19,14.346137046813965
2019-09-20,14.275888442993164
2019-09-23,14.3123140335083
2019-09-24,14.210847854614258
2019-09-25,14.27804946899414
2019-09-26,14.288548469543457
2019-09-27,14.309553146362305
2019-09-30,14.380427360534668
2019-10-01,14.194046020507812
2019-10-02,13.905282974243164
2019-10-03,14.01554012298584
2019-10-04,14.209793090820312
2019-10-07,14.104790687561035
2019-10-08,13.879029273986816
2019-10-09,13.999788284301758
2019-10-10,14.112668991088867
2019-10-11,14.299052238464355
2019-10-14,14.267547607421875
2019-10-15,14.372551918029785
2019-10-16,14.338428497314453
2019-10-17,14.375175476074219
2019-10-18,14.3699312210083
2019-10-21,14.469682693481445
2019-10-22,14.493311882019043
2019-10-23,14.472311019897461
2019-10-24,14.459181785583496
2019-10-25,14.569436073303223
2019-10-28,14.642940521240234
2019-10-29,14.645564079284668
2019-10-30,14.66919231414795
2019-10-31,14.574687004089355
2019-11-01,14.724319458007812
2019-11-04,14.805697441101074
2019-11-05,14.800446510314941
2019-11-06,14.847701072692871
2019-11-07,14.921198844909668
2019-11-08,14.950080871582031
2019-11-11,14.871330261230469
2019-11-12,14.873952865600586
2019-11-13,14.855574607849121
2019-11-14,14.879202842712402
2019-11-15,14.96583080291748
2019-11-18,14.96583080291748
2019-11-19,14.873952865600586
2019-11-20,14.82407283782959
2019-11-21,14.826700210571289
2019-11-22,14.86082649230957
2019-11-25,14.950080871582031
2019-11-26,14.994710922241211
2019-11-27,15.04983901977539
2019-11-29,14.986833572387695
2019-12-02,14.9185791015625
2019-12-03,14.774202346801758
2019-12-04,14.894951820373535
2019-12-05,14.913329124450684
2019-12-06,15.052458763122559
2019-12-09,15.073461532592773
2019-12-10,15.023585319519043
2019-12-11,15.070838928222656
2019-12-12,15.220632553100586
2019-12-13,15.186226844787598
2019-12-16,15.239154815673828
2019-12-17,15.241806030273438
2019-12-18,15.212693214416504
2019-12-19,15.236513137817383
2019-12-20,15.36619758605957
2019-12-23,15.352964401245117
2019-12-24,15.342376708984375
2019-12-26,15.37149429321289
2019-12-27,15.390013694763184
2019-12-30,15.294734001159668
2019-12-31,15.329144477844238
2020-01-02,15.368842124938965
2020-01-03,15.257684707641602
2020-01-06,15.255041122436523
2020-01-07,15.233864784240723
2020-01-08,15.29209041595459
2020-01-09,15.390013694763184
2020-01-10,15.347670555114746
2020-01-13,15.461478233337402
2020-01-14,15.456181526184082
2020-01-15,15.482647895812988
2020-01-16,15.596453666687012
2020-01-17,15.654680252075195
2020-01-21,15.61233139038086
2020-01-22,15.670554161071777
2020-01-23,15.68908405303955
2020-01-24,15.572635650634766
2020-01-27,15.352964401245117
2020-01-28,15.435009002685547
2020-01-29,15.326496124267578
2020-01-30,15.334437370300293
2020-01-31,15.05919075012207
2020-02-03,15.101536750793457
2020-02-04,15.284149169921875
2020-02-05,15.583219528198242
2020-02-06,15.609686851501465
2020-02-07,15.477357864379883
2020-02-10,15.548810958862305
2020-02-11,15.604393005371094
2020-02-12,15.646735191345215
2020-02-13,15.596453666687012
2020-02-14,15.575279235839844
2020-02-18,15.482647895812988
2020-02-19,15.548810958862305
2020-02-20,15.514410018920898
2020-02-21,15.403249740600586
2020-02-24,14.926860809326172
2020-02-25,14.506049156188965
2020-02-26,14.4319429397583
2020-02-27,13.812640190124512
2020-02-28,13.65119743347168
2020-03-02,14.241390228271484
2020-03-03,13.884099006652832
2020-03-04,14.511343002319336
2020-03-05,14.05612850189209
2020-03-06,13.82058334350586
2020-03-09,12.825456619262695
2020-03-10,13.415651321411133
2020-03-11,12.79898738861084
2020-03-12,11.525971412658691
2020-03-13,12.539621353149414
2020-03-16,11.293070793151855
2020-03-17,12.190269470214844
2020-03-18,11.60537052154541
2020-03-19,11.364527702331543
2020-03-20,10.729344367980957
2020-03-23,10.454093933105469
2020-03-24,11.293070793151855
2020-03-25,11.397903442382812
2020-03-26,12.160079002380371
2020-03-27,11.876605033874512
2020-03-30,12.23228931427002
2020-03-31,12.029038429260254
2020-04-01,11.649287223815918
2020-04-02,11.975554466247559
2020-04-03,11.847186088562012
2020-04-06,12.507741928100586
2020-04-07,12.515764236450195
2020-04-08,12.903538703918457
2020-04-09,13.0292329788208
2020-04-13,12.89819049835205
2020-04-14,13.2618989944458
2020-04-15,12.890170097351074
2020-04-16,12.940978050231934
2020-04-17,13.344802856445312
2020-04-20,13.085392951965332
2020-04-21,12.76982307434082
2020-04-22,13.00248908996582
2020-04-23,13.01051139831543
2020-04-24,13.240501403808594
2020-04-27,13.483864784240723
2020-04-28,13.585484504699707
2020-04-29,13.807454109191895
2020-04-30,13.54537582397461
2020-05-01,13.189692497253418
2020-05-04,13.21375846862793
2020-05-05,13.323405265808105
2020-05-06,13.221780776977539
2020-05-07,13.2752685546875
2020-05-08,13.588162422180176
2020-05-11,13.580140113830566
2020-05-12,13.307360649108887
2020-05-13,13.069348335266113
2020-05-14,13.227131843566895
2020-05-15,13.253874778747559
2020-05-18,13.71652603149414
2020-05-19,13.494560241699219
2020-05-20,13.660367965698242
2020-05-21,13.54537582397461
2020-05-22,13.561418533325195
2020-05-26,13.802105903625488
2020-05-27,14.104302406311035
2020-05-28,14.026751518249512
2020-05-29,14.04547119140625
2020-06-01,14.029423713684082
2020-06-02,14.238019943237305
2020-06-03,14.46800708770752
2020-06-04,14.510797500610352
2020-06-05,14.895899772644043
2020-06-08,15.109842300415039
2020-06-09,14.914616584777832
2020-06-10,14.724743843078613
2020-06-11,13.82082748413086
2020-06-12,13.949193954467773
2020-06-15,14.050816535949707
2020-06-16,14.334294319152832
2020-06-17,14.259408950805664
2020-06-18,14.246045112609863
2020-06-19,14.157792091369629
2020-06-22,14.074885368347168
2020-06-23,14.117671966552734
2020-06-24,13.665135383605957
2020-06-25,13.845829010009766
2020-06-26,13.492537498474121
2020-06-29,13.778409004211426
2020-06-30,13.956401824951172
2020-07-01,13.824251174926758
2020-07-02,13.940218925476074
2020-07-06,14.08045768737793
2020-07-07,13.85661506652832
2020-07-08,13.880889892578125
2020-07-09,13.584232330322266
2020-07-10,13.886281967163086
2020-07-13,13.942917823791504
2020-07-14,14.11281681060791
2020-07-15,14.382511138916016
2020-07-16,14.409479141235352
2020-07-17,14.387901306152344
2020-07-20,14.261149406433105
2020-07-21,14.476901054382324
2020-07-22,14.568595886230469
2020-07-23,14.584774017333984
2020-07-24,14.520050048828125
2020-07-27,14.622530937194824
2020-07-28,14.536232948303223
2020-07-29,14.749283790588379
2020-07-30,14.741193771362305
2020-07-31,14.69534683227539
2020-08-03,14.757372856140137
2020-08-04,14.811315536499023
2020-08-05,14.973127365112305
2020-08-06,14.95155143737793
2020-08-07,15.167304992675781
2020-08-10,15.361478805541992
2020-08-11,15.442384719848633
2020-08-12,15.53138256072998
2020-08-13,15.42890453338623
2020-08-14,15.488235473632812
2020-08-17,15.41811466217041
2020-08-18,15.350690841674805
2020-08-19,15.304847717285156
2020-08-20,15.210453033447266
2020-08-21,15.196969032287598
2020-08-24,15.512506484985352
2020-08-25,15.431596755981445
2020-08-26,15.377656936645508
2020-08-27,15.472054481506348
2020-08-28,15.606893539428711
2020-08-31,15.447779655456543
2020-09-01,15.496325492858887
2020-09-02,15.78758716583252
2020-09-03,15.434296607971191
2020-09-04,15.461264610290527
2020-09-08,15.086397171020508
2020-09-09,15.264392852783203
2020-09-10,15.037847518920898
2020-09-11,15.143030166625977
2020-09-14,15.369573593139648
2020-09-15,15.345298767089844
2020-09-16,15.442384719848633
2020-09-17,15.404630661010742
2020-09-18,15.264392852783203
2020-09-21,14.870645523071289
2020-09-22,14.870645523071289
2020-09-23,14.580026626586914
2020-09-24,14.629050254821777
2020-09-25,14.781578063964844
2020-09-28,15.10570240020752
2020-09-29,14.958621978759766
2020-09-30,15.062119483947754
2020-10-01,15.053953170776367
2020-10-02,15.122044563293457
2020-10-05,15.45161247253418
2020-10-06,15.350836753845215
2020-10-07,15.664061546325684
2020-10-08,15.898295402526855
2020-10-09,15.928258895874023
2020-10-12,16.029035568237305
2020-10-13,15.895575523376465
2020-10-14,15.887407302856445
2020-10-15,15.969117164611816
2020-10-16,15.996356010437012
2020-10-19,15.792078018188477
2020-10-20,15.835654258728027
2020-10-21,15.721260070800781
2020-10-22,15.90102481842041
2020-10-23,15.988184928894043
2020-10-26,15.623208045959473
2020-10-27,15.399864196777344
2020-10-28,14.925934791564941
2020-10-29,15.122044563293457
2020-10-30,15.119317054748535
2020-11-02,15.457061767578125
2020-11-03,15.732155799865723
2020-11-04,15.544219970703125
2020-11-05,15.914645195007324
2020-11-06,15.805695533752441
2020-11-09,16.55743980407715
2020-11-10,16.73175621032715
2020-11-11,16.72903823852539
2020-11-12,16.440324783325195
2020-11-13,16.7535457611084
2020-11-16,17.126693725585938
2020-11-17,17.091285705566406
2020-11-18,16.91424560546875
2020-11-19,16.965993881225586
2020-11-20,16.848880767822266
2020-11-23,17.118520736694336
2020-11-24,17.54342269897461
2020-11-25,17.3799991607666
2020-11-27,17.344593048095703
2020-11-30,17.110353469848633
2020-12-01,17.333694458007812
2020-12-02,17.412687301635742
2020-12-03,17.450815200805664
2020-12-04,17.73680877685547
2020-12-07,17.61968421936035
2020-12-08,17.731361389160156
2020-12-09,17.747699737548828
2020-12-10,17.6657772064209
2020-12-11,17.566810607910156
2020-12-14,17.341386795043945
2020-12-15,17.572307586669922
2020-12-16,17.591548919677734
2020-12-17,17.630043029785156
2020-12-18,17.577802658081055
2020-12-21,17.45684242248535
2020-12-22,17.360631942749023
2020-12-23,17.517322540283203
2020-12-24,17.547569274902344
2020-12-28,17.555814743041992
2020-12-29,17.4541015625
2020-12-30,17.531076431274414
2020-12-31,17.632787704467773
2021-01-04,17.382617950439453
2021-01-05,17.522825241088867
2021-01-06,18.00666618347168
2021-01-07,18.12763023376465
2021-01-08,18.072647094726562
2021-01-11,18.146869659423828
2021-01-12,18.30907440185547
2021-01-13,18.240341186523438
2021-01-14,18.32831382751465
2021-01-15,18.108388900756836
2021-01-19,18.22659683227539
2021-01-20,18.251338958740234
2021-01-21,18.201852798461914
2021-01-22,18.067148208618164
2021-01-25,18.100135803222656
2021-01-26,18.07814598083496
2021-01-27,17.731760025024414
2021-01-28,17.863710403442383
2021-01-29,17.47334098815918
2021-02-01,17.657529830932617
2021-02-02,17.84722137451172
2021-02-03,17.915950775146484
2021-02-04,18.067148208618164
2021-02-05,18.152372360229492
2021-02-08,18.36955451965332
2021-02-09,18.388792037963867
2021-02-10,18.402542114257812
2021-02-11,18.336559295654297
2021-02-12,18.42453384399414
2021-02-16,18.520753860473633
2021-02-17,18.54549217224121
2021-02-18,18.48226547241211
2021-02-19,18.63621711730957
2021-02-22,18.79291343688965
2021-02-23,18.836898803710938
2021-02-24,19.161296844482422
2021-02-25,18.77366828918457
2021-02-26,18.531747817993164
2021-03-01,18.99634552001953
2021-03-02,18.9276180267334
2021-03-03,18.97710418701172
2021-03-04,18.787416458129883
2021-03-05,19.290502548217773
2021-03-08,19.546171188354492
2021-03-09,19.43621063232422
2021-03-10,19.757850646972656
2021-03-11,19.760602951049805
2021-03-12,19.944791793823242
2021-03-15,19.96678352355957
2021-03-16,19.80183982849121
2021-03-17,19.88981056213379
2021-03-18,19.86231803894043
2021-03-19,19.788087844848633
2021-03-22,19.856822967529297
2021-03-23,19.636886596679688
2021-03-24,19.676481246948242
2021-03-25,19.933961868286133
2021-03-26,20.396320343017578
2021-03-29,20.360328674316406
2021-03-30,20.266193389892578
2021-03-31,20.188676834106445
2021-04-01,20.29941749572754
2021-04-05,20.55689811706543
2021-04-06,20.482145309448242
2021-04-07,20.435075759887695
2021-04-08,20.443382263183594
2021-04-09,20.559667587280273
2021-04-12,20.615039825439453
2021-04-13,20.498756408691406
2021-04-14,20.551361083984375
2021-04-15,20.645490646362305
2021-04-16,20.817148208618164
2021-04-19,20.723012924194336
2021-04-20,20.598432540893555
2021-04-21,20.83098793029785
2021-04-22,20.567970275878906
2021-04-23,20.75347137451172
2021-04-26,20.714710235595703
2021-04-27,20.689788818359375
2021-04-28,20.565204620361328
2021-04-29,20.7396240234375
2021-04-30,20.634416580200195
2021-05-03,20.844833374023438
2021-05-04,20.97218894958496
2021-05-05,21.07462501525879
2021-05-06,21.34041404724121
2021-05-07,21.43177604675293
2021-05-10,21.453922271728516
2021-05-11,21.232439041137695
2021-05-12,20.85590934753418
2021-05-13,21.224132537841797
2021-05-14,21.417932510375977
2021-05-17,21.43177604675293
2021-05-18,21.196449279785156
2021-05-19,21.11061668395996
2021-05-20,21.235212326049805
2021-05-21,21.265657424926758
2021-05-24,21.332107543945312
2021-05-25,21.182601928710938
2021-05-26,21.179834365844727
2021-05-27,21.262893676757812
2021-05-28,21.29888153076172
2021-06-01,21.312728881835938
2021-06-02,21.376405715942383
2021-06-03,21.362564086914062
2021-06-04,21.498226165771484
2021-06-07,21.404090881347656
2021-06-08,21.381946563720703
2021-06-09,21.31549835205078
2021-06-10,21.376405715942383
2021-06-11,21.40962791442871
2021-06-14,21.304418563842773
2021-06-15,21.293346405029297
2021-06-16,21.132766723632812
2021-06-17,20.8531436920166
2021-06-18,20.479373931884766
2021-06-21,20.85036849975586
2021-06-22,20.8780574798584
2021-06-23,20.783241271972656
2021-06-24,20.92267608642578
2021-06-25,21.05931282043457
2021-06-28,20.997966766357422
2021-06-29,20.97565460205078
2021-06-30,21.087200164794922
2021-07-01,21.184803009033203
2021-07-02,21.212684631347656
2021-07-06,20.986806869506836
2021-07-07,21.081621170043945
2021-07-08,20.891998291015625
2021-07-09,21.20153045654297
2021-07-12,21.251726150512695
2021-07-13,21.137393951416016
2021-07-14,21.16248893737793
2021-07-15,21.20431900024414
2021-07-16,21.039794921875
2021-07-19,20.699586868286133
2021-07-20,20.97565460205078
2021-07-21,21.137393951416016
2021-07-22,20.97565460205078
2021-07-23,21.14018440246582
2021-07-26,21.193164825439453
2021-07-27,21.176435470581055
2021-07-28,21.148548126220703
2021-07-29,21.279613494873047
2021-07-30,21.22384262084961
2021-08-02,21.18758773803711
2021-08-03,21.43577003479004
2021-08-04,21.165279388427734
2021-08-05,21.282398223876953
2021-08-06,21.349327087402344
2021-08-09,21.332592010498047
2021-08-10,21.525005340576172
2021-08-11,21.639339447021484
2021-08-12,21.658859252929688
2021-08-13,21.703475952148438
2021-08-16,21.78713035583496
2021-08-17,21.639339447021484
2021-08-18,21.329809188842773
2021-08-19,21.332592010498047
2021-08-20,21.44971466064453
2021-08-23,21.583566665649414
2021-08-24,21.56683349609375
2021-08-25,21.608659744262695
2021-08-26,21.49991226196289
2021-08-27,21.67837905883789
2021-08-30,21.650489807128906
2021-08-31,21.66722297668457
2021-09-01,21.56683349609375
2021-09-02,21.703475952148438
2021-09-03,21.692319869995117
2021-09-07,21.405094146728516
2021-09-08,21.41625213623047
2021-09-09,21.301918029785156
2021-09-10,21.20153045654297
2021-09-13,21.304712295532227
2021-09-14,21.15691566467285
2021-09-15,21.346534729003906
2021-09-16,21.20431900024414
2021-09-17,21.06768226623535
2021-09-20,20.774879455566406
2021-09-21,20.699586868286133
2021-09-22,20.881446838378906
2021-09-23,21.16252899169922
2021-09-24,21.204687118530273
2021-09-27,21.342416763305664
2021-09-28,21.089447021484375
2021-09-29,21.19063377380371
2021-09-30,20.867393493652344
2021-10-01,21.145660400390625
2021-10-04,21.061336517333984
2021-10-05,21.187822341918945
2021-10-06,21.221553802490234
2021-10-07,21.38176727294922
2021-10-08,21.37614631652832
2021-10-11,21.27214813232422
2021-10-12,21.168149948120117
2021-10-13,21.221553802490234
2021-10-14,21.547607421875
2021-10-15,21.643177032470703
2021-10-18,21.572906494140625
2021-10-19,21.764036178588867
2021-10-20,21.974851608276367
2021-10-21,21.8652286529541
2021-10-22,21.92425537109375
2021-10-25,21.977657318115234
2021-10-26,21.91863250732422
2021-10-27,21.617877960205078
2021-10-28,21.79495620727539
2021-10-29,21.786521911621094
2021-11-01,21.834304809570312
2021-11-02,21.983280181884766
2021-11-03,22.112577438354492
2021-11-04,22.03949546813965
2021-11-05,22.174419403076172
2021-11-08,22.157550811767578
2021-11-09,22.115386962890625
2021-11-10,22.143495559692383
2021-11-11,22.182849884033203
2021-11-12,22.24468421936035
2021-11-15,22.258737564086914
2021-11-16,22.284038543701172
2021-11-17,22.196903228759766
2021-11-18,22.109766006469727
2021-11-19,21.969226837158203
2021-11-22,22.073225021362305
2021-11-23,22.196903228759766
2021-11-24,22.129446029663086
2021-11-26,21.72468376159668
2021-11-29,21.797765731811523
2021-11-30,21.3396053314209
2021-12-01,21.241230010986328
2021-12-02,21.558853149414062
2021-12-03,21.598203659057617
2021-12-06,21.81182289123535
2021-12-07,22.04511833190918
2021-12-08,21.99411964416504
2021-12-09,21.945953369140625
2021-12-10,22.17827606201172
2021-12-13,22.1046142578125
2021-12-14,22.0904483795166
2021-12-15,22.379436492919922
2021-12-16,22.540929794311523
2021-12-17,22.271774291992188
2021-12-20,22.12444496154785
2021-12-21,22.300107955932617
2021-12-22,22.42476463317871
2021-12-23,22.552257537841797
2021-12-27,22.818580627441406
2021-12-28,22.86391258239746
2021-12-29,22.909242630004883
2021-12-30,22.866748809814453
2021-12-31,22.900741577148438
2022-01-03,22.895078659057617
2022-01-04,23.172733306884766
2022-01-05,23.025405883789062
2022-01-06,23.093406677246094
2022-01-07,23.13306999206543
2022-01-10,23.13306999206543
2022-01-11,23.215232849121094
2022-01-12,23.203895568847656
2022-01-13,23.172733306884766
2022-01-14,23.150066375732422
2022-01-18,22.880910873413086
2022-01-19,22.6174259185791
2022-01-20,22.300107955932617
2022-01-21,22.002622604370117
2022-01-24,22.093284606933594
2022-01-25,22.10744857788086
2022-01-26,21.931795120239258
2022-01-27,21.84395980834961
2022-01-28,22.1187801361084
2022-01-31,22.274608612060547
2022-02-01,22.407766342163086
2022-02-02,22.58909034729004
2022-02-03,22.339773178100586
2022-02-04,22.251941680908203
2022-02-07,22.30860710144043
2022-02-08,22.489931106567383
2022-02-09,22.594758987426758
2022-02-10,22.215110778808594
2022-02-11,22.062118530273438
2022-02-14,21.892122268676758
2022-02-15,22.11028289794922
2022-02-16,22.138612747192383
2022-02-17,21.892122268676758
2022-02-18,21.911958694458008
2022-02-22,21.713634490966797
2022-02-23,21.438814163208008
2022-02-24,21.28865623474121
2022-02-25,21.934621810913086
2022-02-28,21.84395980834961
2022-03-01,21.4558162689209
2022-03-02,21.957286834716797
2022-03-03,22.03945541381836
2022-03-04,21.9969539642334
2022-03-07,21.605972290039062
2022-03-08,21.384981155395508
2022-03-09,21.713634490966797
2022-03-10,21.569141387939453
2022-03-11,21.44731330871582
2022-03-14,21.569141387939453
2022-03-15,21.849624633789062
2022-03-16,22.07061767578125
2022-03-17,22.2661075592041
2022-03-18,22.314273834228516
2022-03-21,22.351104736328125
2022-03-22,22.506929397583008
2022-03-23,22.232589721679688
2022-03-24,22.443622589111328
2022-03-25,22.66035270690918
2022-03-28,22.614727020263672
2022-03-29,22.831462860107422
2022-03-30,22.771574020385742
2022-03-31,22.497804641723633
2022-04-01,22.59476661682129
2022-04-04,22.626134872436523
2022-04-05,22.492101669311523
2022-04-06,22.520614624023438
2022-04-07,22.61187744140625
2022-04-08,22.66035270690918
2022-04-11,22.500656127929688
2022-04-12,22.43506622314453
2022-04-13,22.571949005126953
2022-04-14,22.443622589111328
2022-04-18,22.406545639038086
2022-04-19,22.65180206298828
2022-04-20,22.88279914855957
2022-04-21,22.68602180480957
2022-04-22,22.17555046081543
2022-04-25,22.22117805480957
2022-04-26,21.84189224243164
2022-04-27,21.876108169555664
2022-04-28,22.18695640563965
2022-04-29,21.570968627929688
2022-05-02,21.653669357299805
2022-05-03,21.816225051879883
2022-05-04,22.474985122680664
2022-05-05,21.916040420532227
2022-05-06,21.967370986938477
2022-05-09,21.67078399658203
2022-05-10,21.56241226196289
2022-05-11,21.39130401611328
2022-05-12,21.519641876220703
2022-05-13,21.759185791015625
2022-05-16,21.83333396911621
2022-05-17,22.229738235473633
2022-05-18,21.53675079345703
2022-05-19,21.21735191345215
2022-05-20,21.311458587646484
2022-05-23,21.579526901245117
2022-05-24,21.70500373840332
2022-05-25,21.921743392944336
2022-05-26,22.218326568603516
2022-05-27,22.563396453857422
2022-05-31,22.412250518798828
2022-06-01,22.224031448364258
2022-06-02,22.412250518798828
2022-06-03,22.258255004882812
2022-06-06,22.281070709228516
2022-06-07,22.49494743347168
2022-06-08,22.15559196472168
2022-06-09,21.750633239746094
2022-06-10,21.30290412902832
2022-06-13,20.698322296142578
2022-06-14,20.575695037841797
2022-06-15,20.644140243530273
2022-06-16,20.130817413330078
2022-06-17,20.05096435546875
2022-06-21,20.524362564086914
2022-06-22,20.41895294189453
2022-06-23,20.479434967041016
2022-06-24,21.026626586914062
2022-06-27,21.02950668334961
2022-06-28,20.810630798339844
2022-06-29,20.692554473876953
2022-06-30,20.62919044494629
2022-07-01,20.784713745117188
2022-07-05,20.63495445251465
2022-07-06,20.689674377441406
2022-07-07,20.920068740844727
2022-07-08,20.879751205444336
2022-07-11,20.764549255371094
2022-07-12,20.681034088134766
2022-07-13,20.52839469909668
2022-07-14,20.387277603149414
2022-07-15,20.681034088134766
2022-07-18,20.519758224487305
2022-07-19,20.90854835510254
2022-07-20,20.859590530395508
2022-07-21,20.87687110900879
2022-07-22,20.7875919342041
2022-07-25,20.88550567626953
2022-07-26,20.825029373168945
2022-07-27,21.121667861938477
2022-07-28,21.262786865234375
2022-07-29,21.435583114624023
2022-08-01,21.45574378967285
2022-08-02,21.262786865234375
2022-08-03,21.484546661376953
2022-08-04,21.42694664001465
2022-08-05,21.487428665161133
2022-08-08,21.510467529296875
2022-08-09,21.501821517944336
2022-08-10,21.873342514038086
2022-08-11,21.913654327392578
2022-08-12,22.244853973388672
2022-08-15,22.290929794311523
2022-08-16,22.426294326782227
2022-08-17,22.28229331970215
2022-08-18,22.417652130126953
2022-08-19,22.241973876953125
2022-08-22,21.830137252807617
2022-08-23,21.786935806274414
2022-08-24,21.795576095581055
2022-08-25,22.037494659423828
2022-08-26,21.389503479003906
2022-08-29,21.251264572143555
2022-08-30,21.026626586914062
2022-08-31,20.8509464263916
2022-09-01,20.93446922302246
2022-09-02,20.74439239501953
2022-09-06,20.672391891479492
2022-09-07,20.974790573120117
2022-09-08,21.14182472229004
2022-09-09,21.389503479003906
2022-09-12,21.47590446472168
2022-09-13,20.64935302734375
2022-09-14,20.6666316986084
2022-09-15,20.502470016479492
2022-09-16,20.502470016479492
2022-09-19,20.6666316986084
2022-09-20,20.450632095336914
2022-09-21,20.17078399658203
2022-09-22,20.103944778442383
2022-09-23,19.781375885009766
2022-09-26,19.56342124938965
2022-09-27,19.47333526611328
2022-09-28,19.839492797851562
2022-09-29,19.537267684936523
2022-09-30,19.30478858947754
2022-10-03,19.82206153869629
2022-10-04,20.33933448791504
2022-10-05,20.304462432861328
2022-10-06,20.04291534423828
2022-10-07,19.641883850097656
2022-10-10,19.577951431274414
2022-10-11,19.53436279296875
2022-10-12,19.516923904418945
2022-10-13,20.089414596557617
2022-10-14,19.74359893798828
2022-10-17,20.06907081604004
2022-10-18,20.33933448791504
2022-10-19,20.115571975708008
2022-10-20,19.915050506591797
2022-10-21,20.371301651000977
2022-10-24,20.734554290771484
2022-10-25,20.940885543823242
2022-10-26,21.033878326416016
2022-10-27,21.07455825805664
2022-10-28,21.562772750854492
2022-10-31,21.469776153564453
2022-11-01,21.524995803833008
2022-11-02,21.13268280029297
2022-11-03,20.964136123657227
2022-11-04,21.350631713867188
2022-11-07,21.574398040771484
2022-11-08,21.809791564941406
2022-11-09,21.437814712524414
2022-11-10,22.295093536376953
2022-11-11,22.353212356567383
2022-11-14,22.222442626953125
2022-11-15,22.298004150390625
2022-11-16,22.13526153564453
2022-11-17,22.21372413635254
2022-11-18,22.35902976989746
2022-11-21,22.420053482055664
2022-11-22,22.7513370513916
2022-11-23,22.742624282836914
2022-11-25,22.79492950439453
2022-11-28,22.46945571899414
2022-11-29,22.536296844482422
2022-11-30,22.937328338623047
2022-12-01,22.975107192993164
2022-12-02,22.960573196411133
2022-12-05,22.565351486206055
2022-12-06,22.295093536376953
2022-12-07,22.298906326293945
2022-12-08,22.433820724487305
2022-12-09,22.293041229248047
2022-12-12,22.574600219726562
2022-12-13,22.686052322387695
2022-12-14,22.59219741821289
2022-12-15,22.137598037719727
2022-12-16,21.946958541870117
2022-12-19,21.873634338378906
2022-12-20,21.905900955200195
2022-12-21,22.213857650756836
2022-12-22,22.023210525512695
2022-12-23,22.169862747192383
2022-12-27,22.246112823486328
2022-12-28,21.973356246948242
2022-12-29,22.222652435302734
2022-12-30,22.155195236206055
2023-01-03,22.12586784362793
2023-01-04,22.345836639404297
2023-01-05,22.213857650756836
2023-01-06,22.768171310424805
2023-01-09,22.603931427001953
2023-01-10,22.718313217163086
2023-01-11,22.803367614746094
2023-01-12,22.841493606567383
2023-01-13,22.862030029296875
2023-01-17,22.633258819580078
2023-01-18,22.199186325073242
2023-01-19,22.00855255126953
2023-01-20,22.27250862121582
2023-01-23,22.448482513427734
2023-01-24,22.430891036987305
2023-01-25,22.433820724487305
2023-01-26,22.430891036987305
2023-01-27,22.39569091796875
2023-01-30,22.304773330688477
2023-01-31,22.615659713745117
2023-02-01,22.72124481201172
2023-02-02,22.885486602783203
2023-02-03,22.703649520874023
2023-02-06,22.586334228515625
2023-02-07,22.703649520874023
2023-02-08,22.51300811767578
2023-02-09,22.319438934326172
2023-02-10,22.524744033813477
2023-02-13,22.77403450012207
2023-02-14,22.62445831298828
2023-02-15,22.668453216552734
2023-02-16,22.510072708129883
2023-02-17,22.557003021240234
2023-02-21,22.128799438476562
2023-02-22,22.037879943847656
2023-02-23,22.105337142944336
2023-02-24,21.95575523376465
2023-02-27,21.958690643310547
2023-02-28,21.864837646484375
2023-03-01,21.85603904724121
2023-03-02,21.935226440429688
2023-03-03,22.16399574279785
2023-03-06,22.155195236206055
2023-03-07,21.803247451782227
2023-03-08,21.77391815185547
2023-03-09,21.363309860229492
2023-03-10,21.105215072631836
2023-03-13,20.803125381469727
2023-03-14,20.987895965576172
2023-03-15,20.814855575561523
2023-03-16,21.01429557800293
2023-03-17,20.67994499206543
2023-03-20,20.99083137512207
2023-03-21,21.21373176574707
2023-03-22,20.801776885986328
2023-03-23,20.784032821655273
2023-03-24,20.949644088745117
2023-03-27,21.038362503051758
2023-03-28,21.070894241333008
2023-03-29,21.31930923461914
2023-03-30,21.381410598754883
2023-03-31,21.6357421875
2023-04-03,21.7540340423584
2023-04-04,21.5440616607666
2023-04-05,21.59433937072754
2023-04-06,21.576595306396484
2023-04-10,21.65644073486328
2023-04-11,21.748119354248047
2023-04-12,21.65644073486328
2023-04-13,21.80726432800293
2023-04-14,21.75994873046875
2023-04-17,21.860496520996094
2023-04-18,21.86641502380371
2023-04-19,21.81613540649414
2023-04-20,21.680099487304688
2023-04-21,21.6357421875
2023-04-24,21.680099487304688
2023-04-25,21.340007781982422
2023-04-26,21.02357292175293
2023-04-27,21.23946189880371
2023-04-28,21.461257934570312
2023-05-01,21.479000091552734
2023-05-02,21.029489517211914
2023-05-03,20.843177795410156
2023-05-04,20.647994995117188
2023-05-05,20.99400520324707
2023-05-08,20.88458251953125
2023-05-09,20.80769157409668
2023-05-10,20.76629066467285
2023-05-11,20.67461395263672
2023-05-12,20.716018676757812
2023-05-15,20.760372161865234
2023-05-16,20.458728790283203
2023-05-17,20.751502990722656
2023-05-18,20.85500717163086
2023-05-19,20.875715255737305
2023-05-22,20.8786678314209
2023-05-23,20.872753143310547
2023-05-24,20.67461395263672
2023-05-25,20.59476661682129
2023-05-26,20.828392028808594
2023-05-30,20.751502990722656
2023-05-31,20.579978942871094
2023-06-01,20.662784576416016
2023-06-02,21.06793785095215
2023-06-05,20.934856414794922
2023-06-06,20.99400520324707
2023-06-07,21.233543395996094
2023-06-08,21.266075134277344
2023-06-09,21.212846755981445
2023-06-12,21.331138610839844
2023-06-13,21.464214324951172
2023-06-14,21.416900634765625
2023-06-15,21.694889068603516
2023-06-16,21.68897247314453
2023-06-20,21.481962203979492
2023-06-21,21.408832550048828
2023-06-22,21.31631088256836
2023-06-23,21.104402542114258
2023-06-26,21.211851119995117
2023-06-27,21.39391326904297
2023-06-28,21.34615707397461
2023-06-29,21.49240493774414
2023-06-30,21.674470901489258
2023-07-03,21.80280876159668
2023-07-05,21.70730209350586
2023-07-06,21.471511840820312
2023-07-07,21.432714462280273
2023-07-10,21.602840423583984
2023-07-11,21.853546142578125
2023-07-12,21.91921043395996
2023-07-13,22.02068519592285
2023-07-14,21.90130043029785
2023-07-17,21.844594955444336
2023-07-18,22.02068519592285
2023-07-19,22.235580444335938
2023-07-20,22.32512092590332
2023-07-21,22.375858306884766
2023-07-24,22.507184982299805
2023-07-25,22.483308792114258
2023-07-26,22.52509307861328
2023-07-27,22.432567596435547
2023-07-28,22.572847366333008
2023-07-31,22.581798553466797
2023-08-01,22.480321884155273
2023-08-02,22.247520446777344
2023-08-03,22.223644256591797
2023-08-04,22.13410186767578
2023-08-07,22.328105926513672
2023-08-08,22.247520446777344
2023-08-09,22.190813064575195
2023-08-10,22.193796157836914
2023-08-11,22.256473541259766
2023-08-14,22.220659255981445
2023-08-15,21.958009719848633
2023-08-16,21.868473052978516
2023-08-17,21.90130043029785
2023-08-18,21.955020904541016
2023-08-21,21.94308853149414
2023-08-22,21.77594566345215
2023-08-23,21.960996627807617
2023-08-24,21.790868759155273
2023-08-25,21.88936424255371
2023-08-28,22.01471519470215
2023-08-29,22.223644256591797
2023-08-30,22.262439727783203
2023-08-31,22.244535446166992
2023-09-01,22.286319732666016
2023-09-05,22.089332580566406
2023-09-06,21.916223526000977
2023-09-07,21.90130043029785
2023-09-08,21.987857818603516
2023-09-11,22.02068519592285
2023-09-12,22.01471519470215
2023-09-13,21.95203971862793
2023-09-14,22.187829971313477
2023-09-15,21.97591781616211
2023-09-18,21.97293472290039
2023-09-19,21.916223526000977
2023-09-20,21.827383041381836
2023-09-21,21.511178970336914
2023-09-22,21.469018936157227
2023-09-25,21.52623748779297
2023-09-26,21.2702579498291
2023-09-27,21.27326774597168
2023-09-28,21.384695053100586
2023-09-29,21.309406280517578
2023-10-02,21.134742736816406
2023-10-03,20.90586280822754
2023-10-04,20.914899826049805
2023-10-05,20.84262466430664
2023-10-06,20.969106674194336
2023-10-09,21.200992584228516
2023-10-10,21.306394577026367
2023-10-11,21.339521408081055
2023-10-12,21.22207260131836
2023-10-13,21.176898956298828
2023-10-16,21.426855087280273
2023-10-17,21.511178970336914
2023-10-18,21.267248153686523
2023-10-19,21.074508666992188
2023-10-20,20.866714477539062
2023-10-23,20.7040958404541
2023-10-24,20.86370277404785
2023-10-25,20.640851974487305
2023-10-26,20.532442092895508
2023-10-27,20.1469669342041
2023-10-30,20.384878158569336
2023-10-31,20.496301651000977
2023-11-01,20.523405075073242
2023-11-02,20.981155395507812
2023-11-03,21.155820846557617
2023-11-06,21.06246566772461
2023-11-07,20.99018669128418
2023-11-08,20.951038360595703
2023-11-09,20.710115432739258
2023-11-10,20.911888122558594
2023-11-13,20.860694885253906
2023-11-14,21.321453094482422
2023-11-15,21.48407745361328
2023-11-16,21.31241798400879
2023-11-17,21.423845291137695
2023-11-20,21.52924919128418
2023-11-21,21.472028732299805
2023-11-22,21.541292190551758
2023-11-24,21.622602462768555
2023-11-27,21.514188766479492
2023-11-28,21.54430389404297
2023-11-29,21.63163948059082
2023-11-30,21.78823471069336
2023-12-01,22.029155731201172
2023-12-04,22.116491317749023
2023-12-05,21.98699378967285
2023-12-06,21.945009231567383
2023-12-07,22.027156829833984
2023-12-08,22.063661575317383
2023-12-11,22.27663230895996
2023-12-12,22.288803100585938
2023-12-13,22.65693473815918
2023-12-14,23.028112411499023
2023-12-15,22.955095291137695
2023-12-18,22.985517501831055
2023-12-19,23.113298416137695
2023-12-20,22.766460418701172
2023-12-21,22.93684196472168
2023-12-22,23.076791763305664
2023-12-26,23.189363479614258
2023-12-27,23.207616806030273
2023-12-28,23.219783782958984
2023-12-29,23.16197967529297
2024-01-02,23.332355499267578
2024-01-03,23.18631935119629
2024-01-04,23.158935546875
2024-01-05,23.234996795654297
2024-01-08,23.371906280517578
2024-01-09,23.247167587280273
2024-01-10,23.234996795654297
2024-01-11,23.140684127807617
2024-01-12,23.204570770263672
2024-01-16,23.034198760986328
2024-01-17,22.894243240356445
2024-01-18,23.03115463256836
2024-01-19,23.30193328857422
2024-01-22,23.40233039855957
2024-01-23,23.408416748046875
2024-01-24,23.244123458862305
2024-01-25,23.447965621948242
2024-01-26,23.43275260925293
2024-01-29,23.52707290649414
2024-01-30,23.48447608947754
2024-01-31,23.195444107055664
2024-02-01,23.4388427734375
2024-02-02,23.426671981811523
2024-02-05,23.238037109375
2024-02-06,23.35060691833496
2024-02-07,23.38711929321289
2024-02-08,23.447965621948242
2024-02-09,23.36277961730957
2024-02-12,23.505773544311523
2024-02-13,23.146766662597656
2024-02-14,23.238037109375
2024-02-15,23.49968910217285
2024-02-16,23.420583724975586
2024-02-20,23.417545318603516
2024-02-21,23.511857986450195
2024-02-22,23.67006492614746
2024-02-23,23.69744300842285
2024-02-26,23.569665908813477
2024-02-27,23.590961456298828
2024-02-28,23.557493209838867
2024-02-29,23.621383666992188
2024-03-01,23.776552200317383
2024-03-04,23.84956932067871
2024-03-05,23.767425537109375
2024-03-06,23.846521377563477
2024-03-07,23.962135314941406
2024-03-08,23.861738204956055
2024-03-11,23.998645782470703
2024-03-12,24.04123878479004
2024-03-13,24.114259719848633
2024-03-14,23.983430862426758
2024-03-15,23.901290893554688
2024-03-18,23.949970245361328
2024-03-19,24.056453704833984
2024-03-20,24.295917510986328
2024-03-21,24.48908042907715
2024-03-22,24.33884048461914
2024-03-25,24.344974517822266
2024-03-26,24.18246841430664
2024-03-27,24.599462509155273
2024-03-28,24.722105026245117
2024-04-01,24.571866989135742
2024-04-02,24.446157455444336
2024-04-03,24.384836196899414
2024-04-04,24.139541625976562
2024-04-05,24.22539520263672
2024-04-08,24.252988815307617
2024-04-09,24.390966415405273
2024-04-10,23.955575942993164
2024-04-11,23.894256591796875
2024-04-12,23.55084800720215
2024-04-15,23.431272506713867
2024-04-16,23.28103256225586
2024-04-17,23.244237899780273
2024-04-18,23.244237899780273
2024-04-19,23.501785278320312
2024-04-22,23.682693481445312
2024-04-23,23.84519386291504
2024-04-24,23.955575942993164
2024-04-25,23.780803680419922
2024-04-26,23.75627899169922
2024-04-29,23.89118766784668
2024-04-30,23.606040954589844
2024-05-01,23.575376510620117
2024-05-02,23.6918888092041
2024-05-03,23.906517028808594
2024-05-06,23.955575942993164
2024-05-07,23.99237060546875
2024-05-08,24.07208824157715
2024-05-09,24.271385192871094
2024-05-10,24.314311981201172
2024-05-13,24.394031524658203
2024-05-14,24.43389320373535
2024-05-15,24.574935913085938
2024-05-16,24.528942108154297
2024-05-17,24.553466796875
2024-05-20,24.430822372436523
2024-05-21,24.363370895385742
2024-05-22,24.283649444580078
2024-05-23,23.90958595275879
2024-05-24,23.946374893188477
2024-05-28,23.744016647338867
2024-05-29,23.431272506713867
2024-05-30,23.65509796142578
2024-05-31,24.090484619140625
2024-06-03,23.95864486694336
2024-06-04,23.970905303955078
2024-06-05,23.961711883544922
2024-06-06,23.94024658203125
2024-06-07,23.881986618041992
2024-06-10,23.84519386291504
2024-06-11,23.76241111755371
2024-06-12,23.744016647338867
2024-06-13,23.642833709716797
2024-06-14,23.54471778869629
2024-06-17,23.701087951660156
2024-06-18,23.805334091186523
2024-06-20,23.934114456176758
2024-06-21,23.952512741088867
2024-06-24,24.286714553833008
2024-06-25,24.093551635742188
2024-06-26,23.992534637451172
2024-06-27,23.942956924438477
2024-06-28,24.094789505004883
2024-07-01,23.98634147644043
2024-07-02,23.998735427856445
2024-07-03,23.915071487426758
2024-07-05,23.865493774414062
2024-07-08,23.887184143066406
2024-07-09,23.893381118774414
2024-07-10,24.128875732421875
2024-07-11,24.423246383666992
2024-07-12,24.677331924438477
2024-07-15,24.76719093322754
2024-07-16,25.179306030273438
2024-07-17,25.50775909423828
2024-07-18,25.287757873535156
2024-07-19,25.13282585144043
2024-07-22,25.154516220092773
2024-07-23,24.937612533569336
2024-07-24,25.005781173706055
2024-07-25,25.154516220092773
2024-07-26,25.55423355102539
2024-07-29,25.455081939697266
2024-07-30,25.656492233276367
2024-07-31,25.588321685791016
2024-08-01,25.3342342376709
2024-08-02,25.036766052246094
2024-08-05,24.472820281982422
2024-08-06,24.596765518188477
2024-08-07,24.444934844970703
2024-08-08,24.8570499420166
2024-08-09,24.8415584564209
2024-08-12,24.72380828857422
2024-08-13,24.987192153930664
2024-08-14,25.018178939819336
2024-08-15,25.281558990478516
2024-08-16,25.396207809448242
2024-08-19,25.544939041137695
2024-08-20,25.476774215698242
2024-08-21,25.58521842956543
2024-08-22,25.513954162597656
2024-08-23,25.87959098815918
2024-08-26,25.91057777404785
2024-08-27,25.86719512939453
2024-08-28,25.873390197753906
2024-08-29,25.98494529724121
2024-08-30,26.192550659179688
2024-09-03,25.96015167236328
2024-09-04,25.873390197753906
2024-09-05,25.628604888916016
2024-09-06,25.408597946166992
2024-09-09,25.715364456176758
2024-09-10,25.7370548248291
2024-09-11,25.57902717590332
2024-09-12,25.60381507873535
2024-09-13,25.830013275146484
2024-09-16,26.07480239868164
2024-09-17,26.056211471557617
2024-09-18,26.071704864501953
2024-09-19,26.297903060913086
2024-09-20,26.177059173583984
2024-09-23,26.31649398803711
2024-09-24,26.356775283813477
2024-09-25,26.064464569091797
2024-09-26,26.18013572692871
2024-09-27,26.34270668029785
2024-09-30,26.427120208740234
2024-10-01,26.411487579345703
2024-10-02,26.430246353149414
2024-10-03,26.361465454101562
2024-10-04,26.464635848999023
2024-10-07,26.355215072631836
2024-10-08,26.311443328857422
2024-10-09,26.558429718017578
2024-10-10,26.455257415771484
2024-10-11,26.767894744873047
2024-10-14,26.9085750579834
2024-10-15,26.79602813720703
2024-10-16,27.011751174926758
2024-10-17,27.021127700805664
2024-10-18,27.021127700805664
2024-10-21,26.702239990234375
2024-10-22,26.57093048095703
2024-10-23,26.524036407470703
2024-10-24,26.57093048095703
2024-10-25,26.4021053314209
2024-10-28,26.561552047729492
2024-10-29,26.345834732055664
2024-10-30,26.430246353149414
2024-10-31,26.477140426635742
2024-11-01,26.355215072631836
2024-11-04,26.38334846496582
2024-11-05,26.617828369140625
2024-11-06,27.236846923828125
2024-11-07,27.11492156982422
2024-11-08,27.27436637878418
2024-11-11,27.349393844604492
2024-11-12,27.11492156982422
2024-11-13,27.208709716796875
2024-11-14,27.08677864074707
2024-11-15,26.852304458618164
2024-11-18,27.002370834350586
2024-11-19,26.861684799194336
2024-11-20,26.927337646484375
2024-11-21,27.180570602416992
2024-11-22,27.527599334716797
2024-11-25,27.677663803100586
2024-11-26,27.621389389038086
2024-11-27,27.612010955810547
2024-11-29,27.696422576904297
2024-12-02,27.518218994140625
2024-12-03,27.368154525756836
2024-12-04,27.143056869506836
2024-12-05,27.152435302734375
2024-12-06,27.030508041381836
2024-12-09,27.002370834350586
2024-12-10,26.899200439453125
2024-12-11,26.743003845214844
2024-12-12,26.69567108154297
2024-12-13,26.6294002532959
2024-12-16,26.383272171020508
2024-12-17,26.326475143432617
2024-12-18,25.63541603088379
2024-12-19,25.493417739868164
2024-12-20,25.83421516418457
2024-12-23,25.90994644165039
2024-12-24,26.10874366760254
2024-12-26,26.118209838867188
2024-12-27,26.00461196899414
2024-12-30,25.777414321899414
2024-12-31,25.862613677978516
2025-01-02,25.805814743041992
2025-01-03,25.976213455200195
2025-01-06,25.81528091430664
2025-01-07,25.805814743041992
2025-01-08,25.862613677978516
2025-01-10,25.569150924682617
2025-01-13,25.843677520751953
2025-01-14,26.05194664001465
2025-01-15,26.335941314697266
2025-01-16,26.345407485961914
2025-01-17,26.496871948242188
2025-01-21,26.714603424072266
2025-01-22,26.430604934692383
2025-01-23,26.591537475585938
2025-01-24,26.572607040405273
2025-01-27,26.93233299255371
2025-01-28,26.572607040405273
2025-01-29,26.515806198120117
2025-01-30,26.487407684326172
2025-01-31,26.345407485961914
2025-02-03,26.241275787353516
2025-02-04,26.279142379760742
2025-02-05,26.45900535583496
2025-02-06,26.26967430114746
2025-02-07,26.08980941772461
2025-02-10,26.203407287597656
2025-02-11,26.383272171020508
2025-02-12,26.17500877380371
2025-02-13,26.36433982849121
2025-02-14,26.30754280090332
2025-02-18,26.496871948242188
2025-02-19,26.676738739013672
2025-02-20,26.809267044067383
2025-02-21,26.70513343811035
2025-02-24,26.752470016479492
2025-02-25,26.93233299255371
2025-02-26,26.648334503173828
2025-02-27,26.667272567749023
2025-02-28,27.017534255981445
2025-03-03,26.884998321533203
2025-03-04,26.430604934692383
2025-03-05,26.553668975830078
2025-03-06,26.572607040405273
2025-03-07,26.94179916381836
2025-03-10,26.86606788635254
2025-03-11,26.260210037231445
2025-03-12,25.976213455200195
2025-03-13,25.83421516418457
2025-03-14,26.165544509887695
2025-03-17,26.468469619750977
2025-03-18,26.430604934692383
2025-03-19,26.534740447998047
2025-03-20,26.45900535583496
2025-03-21,26.279142379760742
2025-03-24,26.591537475585938
2025-03-25,26.35487174987793
2025-03-26,26.55451011657715
2025-03-27,26.506752014160156
2025-03-28,26.3443660736084
2025-03-31,26.707340240478516
2025-04-01,26.621374130249023
2025-04-02,26.621374130249023
2025-04-03,25.532447814941406
2025-04-04,24.14741325378418
2025-04-07,23.822643280029297
2025-04-08,23.23042106628418
2025-04-09,24.71097755432129
2025-04-10,23.851299285888672
2025-04-11,24.166515350341797
2025-04-14,24.453075408935547
2025-04-15,24.290693283081055
2025-04-16,24.00412940979004
2025-04-17,24.281139373779297
2025-04-21,23.90860939025879
2025-04-22,24.300243377685547
2025-04-23,24.281139373779297
2025-04-24,24.558147430419922
2025-04-25,24.519939422607422
2025-04-28,24.634563446044922
2025-04-29,24.73008155822754
2025-04-30,24.663217544555664
2025-05-01,24.558147430419922
2025-05-02,24.892465591430664
2025-05-05,24.644115447998047
2025-05-06,24.40531349182129
2025-05-07,24.491281509399414
2025-05-08,24.625009536743164
2025-05-09,24.57724952697754
2025-05-12,25.245891571044922
2025-05-13,25.13126564025879
2025-05-14,24.835155487060547
2025-05-15,25.236339569091797
2025-05-16,25.40827178955078
2025-05-19,25.389169692993164
2025-05-20,25.293649673461914
2025-05-21,24.844707489013672
2025-05-22,24.79694366455078
2025-05-23,24.73008155822754
2025-05-27,25.09305763244629
2025-05-28,24.873363494873047
2025-05-29,25.01664161682129
2025-05-30,24.99753761291504
2025-06-02,25.073955535888672
2025-06-03,25.255441665649414
2025-06-04,25.11216163635254
2025-06-05,25.054847717285156
2025-06-06,25.350961685180664
2025-06-09,25.456031799316406
2025-06-10,25.74259376525879
2025-06-11,25.656625747680664
2025-06-12,25.80945587158203
2025-06-13,25.694833755493164
2025-06-16,25.71393585205078
2025-06-17,25.52289581298828
2025-06-18,25.44647979736328
2025-06-20,25.503793716430664
2025-06-23,25.503793716430664
2025-06-24,25.5419979095459
2025-06-25,25.27191734313965
2025-06-26,25.455188751220703
2025-06-27,25.455188751220703
2025-06-30,25.56129264831543
2025-07-01,26.091808319091797
2025-07-02,26.34259796142578
2025-07-03,26.381181716918945
2025-07-07,26.10145378112793
2025-07-08,26.352245330810547
2025-07-09,26.32330894470215
2025-07-10,26.53551483154297
2025-07-11,26.361892700195312
2025-07-14,26.34259796142578
2025-07-15,25.91818618774414
2025-07-16,25.97606086730957
2025-07-17,26.178621292114258
2025-07-18,26.0628719329834
2025-07-21,25.995351791381836
2025-07-22,26.27507972717285
2025-07-23,26.410118103027344
2025-07-24,26.313661575317383
2025-07-25,26.352245330810547
2025-07-28,26.236495971679688
2025-07-29,26.207557678222656
2025-07-30,25.88924789428711
2025-07-31,25.56129264831543
2025-08-01,25.445539474487305
2025-08-04,25.667396545410156
2025-08-05,25.792787551879883
2025-08-06,25.734914779663086
2025-08-07,25.80243682861328
2025-08-08,25.927831649780273
2025-08-11,25.841020584106445
2025-08-12,26.140037536621094
2025-08-13,26.48728370666504
2025-08-14,26.371536254882812
2025-08-15,26.361892700195312
2025-08-18,26.29437255859375
2025-08-19,26.47764015197754
2025-08-20,26.53551483154297
2025-08-21,26.5451602935791
2025-08-22,26.959928512573242
2025-08-25,26.786304473876953
2025-08-26,26.76701545715332
2025-08-27,26.88276481628418
2025-08-28,26.834531784057617
2025-08-29,26.93099021911621
2025-09-02,26.85382652282715
2025-09-03,26.622325897216797
2025-09-04,26.70914077758789
2025-09-05,26.660907745361328
2025-09-08,26.467994689941406
2025-09-09,26.47764015197754
2025-09-10,26.525869369506836
2025-09-11,26.73807716369629
2025-09-12,26.506576538085938
2025-09-15,26.371536254882812
2025-09-16,26.44870376586914
2025-09-17,26.496931076049805
2025-09-18,26.47764015197754
2025-09-19,26.361892700195312
2025-09-22,26.284725189208984
2025-09-23,26.429410934448242
2025-09-24,26.44888687133789
2025-09-25,26.28333854675293
2025-09-26,26.497575759887695
2025-09-29,26.390459060668945
2025-09-30,26.585222244262695
2025-10-01,26.809200286865234
2025-10-02,26.624174118041992
2025-10-03,26.69234275817871
2025-10-06,26.624174118041992
2025-10-07,26.56574821472168
2025-10-08,26.468364715576172
2025-10-09,26.29307746887207
2025-10-10,25.845123291015625
2025-10-13,25.932764053344727
2025-10-14,26.16648292541504
2025-10-15,26.078838348388672
2025-10-16,25.87433433532715
2025-10-17,26.08857536315918
2025-10-20,26.28333854675293
2025-10-21,26.361242294311523
2025-10-22,26.28333854675293
2025-10-23,26.32229232788086
2025-10-24,26.32229232788086
2025-10-27,26.409934997558594
2025-10-28,26.29307746887207
2025-10-29,26.03988265991211
2025-10-30,25.981454849243164
2025-10-31,26.04962158203125
2025-11-03,25.776952743530273
2025-11-04,25.747739791870117
2025-11-05,25.87433433532715
2025-11-06,25.825645446777344
2025-11-07,26.02040672302246
2025-11-10,26.06909942626953
2025-11-11,26.468364715576172
2025-11-12,26.47810173034668
2025-11-13,26.50731658935547
2025-11-14,26.52679443359375
2025-11-17,26.29307746887207
2025-11-18,26.44888687133789
2025-11-19,26.224910736083984
2025-11-20,25.92302703857422
2025-11-21,26.390459060668945
2025-11-24,26.244386672973633
2025-11-25,26.604698181152344
2025-11-26,26.731294631958008
2025-11-28,26.86762809753418
2025-12-01,26.809200286865234
2025-12-02,26.68260383605957
2025-12-03,27.07213020324707
2025-12-04,27.023441314697266
2025-12-05,26.984485626220703
2025-12-08,26.85788917541504
2025-12-09,26.741031646728516
2025-12-10,27.122737884521484
2025-12-11,27.230955123901367
2025-12-12,27.230955123901367
2025-12-15,27.309656143188477
2025-12-16,27.02435874938965
2025-12-17,27.152250289916992
2025-12-18,27.034196853637695
2025-12-19,27.0145206451416
2025-12-22,27.171926498413086
2025-12-23,27.093225479125977
2025-12-24,27.211278915405273
2025-12-26,27.19160270690918
2025-12-29,27.171926498413086
2025-12-30,27.1817626953125
2025-12-31,26.985010147094727
2026-01-02,27.280141830444336
2026-01-05,27.45722198486328
2026-01-06,27.634302139282227
2026-01-07,27.447383880615234
2026-01-08,27.958948135375977
2026-01-09,28.08683967590332
2026-01-12,28.03765106201172
2026-01-13,28.155704498291016
2026-01-14,28.568891525268555
2026-01-15,28.559053421020508
2026-01-16,28.431161880493164
2026-01-20,28.234407424926758
2026-01-21,28.677104949951172
2026-01-22,28.696781158447266
2026-01-23,28.667266845703125
2026-01-26,28.706619262695312
2026-01-27,28.893537521362305
2026-01-28,28.82467269897461
2026-01-29,28.893537521362305
2026-01-30,29.33623695373535
2026-02-02,29.513317108154297
2026-02-03,30.005205154418945
2026-02-04,30.506933212280273
2026-02-05,30.467580795288086
2026-02-06,30.959468841552734
2026-02-09,30.841415405273438
2026-02-10,30.792224884033203
2026-02-11,31.126710891723633
2026-02-12,30.83157730102539
2026-02-13,31.097198486328125
2026-02-17,30.910280227661133
2026-02-18,31.04800796508789
2026-02-19,31.057846069335938
2026-02-20,31.097198486328125
2026-02-23,31.018497467041016
2026-02-24,31.126710891723633
2026-02-25,30.998821258544922
2026-02-26,30.998821258544922
2026-02-27,31.254602432250977
2026-03-02,31.343143463134766
2026-03-03,31.07752227783203
2026-03-04,31.02833366394043
2026-03-05,30.75287628173828
2026-03-06,30.624984741210938
2026-03-09,30.51677131652832
2026-03-10,30.398714065551758
2026-03-11,30.497095108032227
2026-03-12,30.32001304626465
2026-03-13,30.300336837768555
2026-03-16,30.369203567504883
2026-03-17,30.447904586791992
2026-03-18,30.083908081054688
2026-03-19,30.093746185302734
2026-03-20,29.896987915039062
2026-03-23,30.0445556640625
2026-03-24,30.142934799194336
2026-03-25,30.298694610595703
2026-03-26,30.378063201904297
2026-03-27,30.19948387145996
2026-03-30,30.239168167114258
2026-03-31,30.43758773803711
2026-04-01,30.268930435180664
2026-04-02,30.31853485107422
2026-04-06,30.397903442382812
2026-04-07,30.31853485107422
2026-04-08,30.616167068481445
2026-04-09,30.695533752441406
2026-04-10,30.31853485107422
2026-04-13,30.497114181518555
2026-04-14,30.467350006103516
2026-04-15,30.40782356262207
2026-04-16,30.566560745239258
2026-04-17,30.804662704467773
2026-04-20,30.784822463989258
2026-04-21,30.73521614074707
2026-04-22,30.76498031616211
2026-04-23,31.171741485595703
2026-04-24,30.953479766845703
2026-04-27,30.884031295776367
2026-04-28,31.06260871887207
2026-04-29,31.20150375366211
2026-04-30,31.816604614257812
2026-05-01,31.608264923095703
2026-05-04,31.270950317382812
2026-05-05,31.439607620239258
2026-05-06,31.40984344482422
2026-05-07,31.290794372558594
2026-05-08,31.370161056518555
2026-05-11,31.499134063720703
2026-05-12,31.50905418395996
2026-05-13,31.499134063720703
2026-05-14,31.548738479614258
2026-05-15,31.469369888305664
2026-05-18,31.786842346191406
2026-05-19,31.84636688232422
2026-05-20,31.866209030151367
2026-05-21,31.995182037353516
2026-05-22,32.57060241699219
2026-05-26,32.411861419677734
2026-05-27,32.29281234741211
2026-05-28,32.3721809387207
2026-05-29,32.24320602416992
2026-06-01,31.925735473632812
2026-06-02,32.114234924316406
2026-06-03,32.114234924316406
2026-06-04,32.332496643066406
2026-06-05,32.0447883605957
2026-06-08,32.03486633300781
2026-06-09,32.13407516479492
2026-06-10,32.00510025024414
2026-06-11,32.27296829223633
2026-06-12,32.5606803894043
2026-06-15,32.3721809387207
2026-06-16,32.27296829223633
2026-06-17,31.677711486816406
2026-06-18,31.608264923095703
2026-06-22,31.63802719116211
2026-06-23,31.767000198364258
2026-06-24,31.719999313354492
2026-06-25,31.959999084472656
2026-06-26,32.09000015258789
2026-06-29,31.93000030517578
2026-06-30,31.709999084472656
2026-07-01,31.850000381469727
2026-07-02,32.38999938964844
2026-07-06,32.2400016784668
2026-07-07,32.540000915527344
2026-07-08,32.34000015258789
2026-07-09,32.2599983215332
2026-07-10,32.400001525878906
2026-07-13,32.560001373291016
2026-07-14,32.20000076293945
2026-07-15,32.34000015258789
2026-07-16,33.040000915527344
2026-07-17,32.90999984741211
2026-07-20,32.75
2026-07-21,32.81999969482422
2026-07-22,32.900001525878906
2026-07-23,32.79999923706055
2026-07-24,33.290000915527344
2026-07-27,33.43000030517578
2026-07-28,33.88999938964844
2026-07-29,33.83000183105469
2026-07-30,33.40999984741211
2026-07-31,33.470001220703125
2026-08-03,33.560001373291016
2026-08-04,33.849998474121094
2026-08-05,33.63999938964844
2026-08-06,33.70000076293945
2026-08-07,33.900001525878906
2026-08-10,34.189998626708984
2026-08-11,34.27000045776367
2026-08-12,34.2599983215332
2026-08-13,34.43000030517578
2026-08-14,34.52000045776367
2026-08-17,34.290000915527344
2026-08-18,34.5099983215332
2026-08-19,35.09000015258789
2026-08-20,34.83000183105469
2026-08-21,35.11000061035156
2026-08-24,35.209999084472656
2026-08-25,35.11000061035156
2026-08-26,35.04999923706055
2026-08-27,34.83000183105469
2026-08-28,34.900001525878906
2026-08-31,34.88999938964844
2026-09-01,34.810001373291016
