Date,Close
1998-12-22,16.71614646911621
1998-12-23,17.0917911529541
1998-12-24,17.196138381958008
1998-12-28,16.945709228515625
1998-12-29,17.32134437561035
1998-12-30,17.175268173217773
1998-12-31,17.36308479309082
1999-01-04,17.32134437561035
1999-01-05,17.5926513671875
1999-01-06,17.88481903076172
1999-01-07,17.80134391784668
1999-01-08,18.02046012878418
1999-01-11,18.062198638916016
1999-01-12,17.989154815673828
1999-01-13,17.82219886779785
1999-01-14,17.676118850708008
1999-01-15,17.91611671447754
1999-01-19,18.427410125732422
1999-01-20,18.53176498413086
1999-01-21,17.88481903076172
1999-01-22,17.81177520751953
1999-01-25,17.957853317260742
1999-01-26,18.041322708129883
1999-01-27,17.863941192626953
1999-01-28,18.19784927368164
1999-01-29,18.19784927368164
1999-02-01,18.302202224731445
1999-02-02,18.030902862548828
1999-02-03,18.3752384185791
1999-02-04,18.239585876464844
1999-02-05,18.030902862548828
1999-02-08,18.02046012878418
1999-02-09,17.696992874145508
1999-02-10,17.738727569580078
1999-02-11,18.21872329711914
1999-02-12,17.947418212890625
1999-02-16,18.114383697509766
1999-02-17,17.926549911499023
1999-02-18,18.15611457824707
1999-02-19,18.208282470703125
1999-02-22,18.5943603515625
1999-02-23,18.563058853149414
1999-02-24,18.34392738342285
1999-02-25,18.166549682617188
1999-02-26,18.21872329711914
1999-03-01,18.18741226196289
1999-03-02,18.17697525024414
1999-03-03,18.062198638916016
1999-03-04,18.38568115234375
1999-03-05,18.80304527282715
1999-03-08,18.823925018310547
1999-03-09,18.677841186523438
1999-03-10,18.844789505004883
1999-03-11,18.970001220703125
1999-03-12,18.865673065185547
1999-03-15,18.928266525268555
1999-03-16,18.88653564453125
1999-03-17,18.782182693481445
1999-03-18,19.04304313659668
1999-03-19,18.959569931030273
1999-03-22,18.907398223876953
1999-03-23,18.38568115234375
1999-03-24,18.46914291381836
1999-03-25,18.782182693481445
1999-03-26,18.636096954345703
1999-03-29,18.865673065185547
1999-03-30,18.80304527282715
1999-03-31,18.698713302612305
1999-04-01,18.698713302612305
1999-04-05,19.116092681884766
1999-04-06,19.136960983276367
1999-04-07,19.50217056274414
1999-04-08,19.70041847229004
1999-04-09,19.763031005859375
1999-04-12,20.263887405395508
1999-04-13,20.05519676208496
1999-04-14,19.867380142211914
1999-04-15,19.366519927978516
1999-04-16,19.17868995666504
1999-04-19,18.65697479248047
1999-04-20,19.011751174926758
1999-04-21,19.449993133544922
1999-04-22,19.846506118774414
1999-04-23,20.295196533203125
1999-04-26,20.263887405395508
1999-04-27,20.284757614135742
1999-04-28,19.74216079711914
1999-04-29,19.512603759765625
1999-04-30,19.366519927978516
1999-05-03,19.74216079711914
1999-05-04,19.366519927978516
1999-05-05,19.533466339111328
1999-05-06,19.6169490814209
1999-05-07,19.554346084594727
1999-05-10,19.512603759765625
1999-05-11,19.825634002685547
1999-05-12,20.013465881347656
1999-05-13,19.88825035095215
1999-05-14,19.533466339111328
1999-05-17,19.408254623413086
1999-05-18,19.19957160949707
1999-05-19,19.429128646850586
1999-05-20,19.689990997314453
1999-05-21,19.470874786376953
1999-05-24,19.011751174926758
1999-05-25,18.823925018310547
1999-05-26,18.844789505004883
1999-05-27,18.636096954345703
1999-05-28,18.77174949645996
1999-06-01,18.823925018310547
1999-06-02,18.761316299438477
1999-06-03,18.907398223876953
1999-06-04,19.366519927978516
1999-06-07,19.19957160949707
1999-06-08,19.04304313659668
1999-06-09,19.053485870361328
1999-06-10,18.896961212158203
1999-06-11,18.677841186523438
1999-06-14,18.782182693481445
1999-06-15,18.990880966186523
1999-06-16,19.366519927978516
1999-06-17,19.460430145263672
1999-06-18,19.366519927978516
1999-06-21,19.272607803344727
1999-06-22,19.24129867553711
1999-06-23,19.283050537109375
1999-06-24,18.928266525268555
1999-06-25,18.949140548706055
1999-06-28,19.157825469970703
1999-06-29,19.345651626586914
1999-06-30,19.59607696533203
1999-07-01,19.65867805480957
1999-07-02,19.65867805480957
1999-07-06,19.6169490814209
1999-07-07,19.74216079711914
1999-07-08,19.70041847229004
1999-07-09,19.783897399902344
1999-07-12,19.825634002685547
1999-07-13,19.783897399902344
1999-07-14,19.825634002685547
1999-07-15,19.9195613861084
1999-07-16,19.92998504638672
1999-07-19,19.846506118774414
1999-07-20,19.763031005859375
1999-07-21,19.721296310424805
1999-07-22,19.408254623413086
1999-07-23,19.24129867553711
1999-07-26,19.262176513671875
1999-07-27,19.6169490814209
1999-07-28,19.470874786376953
1999-07-29,19.136960983276367
1999-07-30,19.011751174926758
1999-08-02,18.88653564453125
1999-08-03,18.80304527282715
1999-08-04,18.53176498413086
1999-08-05,18.479581832885742
1999-08-06,18.281330108642578
1999-08-09,18.302202224731445
1999-08-10,17.93699073791504
1999-08-11,18.114383697509766
1999-08-12,18.114383697509766
1999-08-13,18.427410125732422
1999-08-16,18.427410125732422
1999-08-17,18.65697479248047
1999-08-18,18.782182693481445
1999-08-19,18.698713302612305
1999-08-20,18.65697479248047
1999-08-23,18.83435821533203
1999-08-24,18.573486328125
1999-08-25,18.949140548706055
1999-08-26,18.80304527282715
1999-08-27,18.667407989501953
1999-08-30,18.21872329711914
1999-08-31,18.15611457824707
1999-09-01,18.17697525024414
1999-09-02,17.989154815673828
1999-09-03,18.563058853149414
1999-09-07,18.782182693481445
1999-09-08,18.698713302612305
1999-09-09,18.573486328125
1999-09-10,18.677841186523438
1999-09-13,18.64653778076172
1999-09-14,18.45871353149414
1999-09-15,18.281330108642578
1999-09-16,18.29176139831543
1999-09-17,18.81348991394043
1999-09-20,18.58393096923828
1999-09-21,18.250030517578125
1999-09-22,18.208282470703125
1999-09-23,18.01001739501953
1999-09-24,17.728303909301758
1999-09-27,17.863941192626953
1999-09-28,17.696992874145508
1999-09-29,17.749168395996094
1999-09-30,17.905677795410156
1999-10-01,17.843082427978516
1999-10-04,18.114383697509766
1999-10-05,17.874387741088867
1999-10-06,18.323068618774414
1999-10-07,18.15611457824707
1999-10-08,18.354366302490234
1999-10-11,18.302202224731445
1999-10-12,17.989154815673828
1999-10-13,17.5926513671875
1999-10-14,17.530044555664062
1999-10-15,17.227428436279297
1999-10-18,17.143964767456055
1999-10-19,17.154396057128906
1999-10-20,17.571773529052734
1999-10-21,17.60308074951172
1999-10-22,17.82219886779785
1999-10-25,17.82219886779785
1999-10-26,17.696992874145508
1999-10-27,17.696992874145508
1999-10-28,18.45871353149414
1999-10-29,18.81348991394043
1999-11-01,18.823925018310547
1999-11-02,18.58393096923828
1999-11-03,18.667407989501953
1999-11-04,18.8761043548584
1999-11-05,18.792625427246094
1999-11-08,18.823925018310547
1999-11-09,18.698713302612305
1999-11-10,18.81348991394043
1999-11-11,19.03260612487793
1999-11-12,19.408254623413086
1999-11-15,19.491735458374023
1999-11-16,19.74216079711914
1999-11-17,19.54391098022461
1999-11-18,19.66912841796875
1999-11-19,19.57521629333496
1999-11-22,19.366519927978516
1999-11-23,19.04304313659668
1999-11-24,19.31434440612793
1999-11-26,19.157825469970703
1999-11-29,19.04304313659668
1999-11-30,19.03260612487793
1999-12-01,18.990880966186523
1999-12-02,19.157825469970703
1999-12-03,19.533466339111328
1999-12-06,19.648256301879883
1999-12-07,19.59607696533203
1999-12-08,19.783897399902344
1999-12-09,20.086509704589844
1999-12-10,19.961292266845703
1999-12-13,19.825634002685547
1999-12-14,19.867380142211914
1999-12-15,19.70041847229004
1999-12-16,19.856943130493164
1999-12-17,20.201282501220703
1999-12-20,20.130586624145508
1999-12-21,20.004629135131836
1999-12-22,20.0256404876709
1999-12-23,20.445451736450195
1999-12-27,20.445451736450195
1999-12-28,20.48743438720703
1999-12-29,20.476945877075195
1999-12-30,20.550411224365234
1999-12-31,20.749826431274414
2000-01-03,20.350996017456055
2000-01-04,19.889183044433594
2000-01-05,19.710758209228516
2000-01-06,19.773733139038086
2000-01-07,20.015127182006836
2000-01-10,22.061782836914062
2000-01-11,21.47402572631836
2000-01-12,21.117168426513672
2000-01-13,21.746910095214844
2000-01-14,21.557987213134766
2000-01-18,21.15914535522461
2000-01-19,21.662948608398438
2000-01-20,21.495010375976562
2000-01-21,21.453027725219727
2000-01-24,20.812801361083984
2000-01-25,20.959739685058594
2000-01-26,20.86528205871582
2000-01-27,20.739336013793945
2000-01-28,20.31950569152832
2000-01-31,20.22504425048828
2000-02-01,20.48743438720703
2000-02-02,20.991226196289062
2000-02-03,21.18014907836914
2000-02-04,21.25362205505371
2000-02-07,20.907262802124023
2000-02-08,21.138158798217773
2000-02-09,20.760316848754883
2000-02-10,20.581893920898438
2000-02-11,20.59239387512207
2000-02-14,20.214557647705078
2000-02-15,20.057113647460938
2000-02-16,19.490354537963867
2000-02-17,19.479860305786133
2000-02-18,18.944583892822266
2000-02-22,18.808143615722656
2000-02-23,19.102006912231445
2000-02-24,18.955068588256836
2000-02-25,18.36732292175293
2000-02-28,18.692689895629883
2000-02-29,18.902606964111328
2000-03-01,19.06003189086914
2000-03-02,18.976072311401367
2000-03-03,19.238454818725586
2000-03-06,18.86061668395996
2000-03-07,18.514251708984375
2000-03-08,18.41980743408203
2000-03-09,18.850116729736328
2000-03-10,18.692689895629883
2000-03-13,18.556243896484375
2000-03-14,18.608718872070312
2000-03-15,18.703184127807617
2000-03-16,19.668781280517578
2000-03-17,19.689773559570312
2000-03-20,20.067611694335938
2000-03-21,20.193571090698242
2000-03-22,20.70784568786621
2000-03-23,20.79181671142578
2000-03-24,20.970233917236328
2000-03-27,20.82328987121582
2000-03-28,20.84427833557129
2000-03-29,20.5294189453125
2000-03-30,20.23554229736328
2000-03-31,20.60288429260254
2000-04-03,20.59239387512207
2000-04-04,20.361482620239258
2000-04-05,20.22504425048828
2000-04-06,20.613378524780273
2000-04-07,20.66586685180664
2000-04-10,20.5294189453125
2000-04-11,20.70784568786621
2000-04-12,20.330005645751953
2000-04-13,19.815719604492188
2000-04-14,18.619218826293945
2000-04-17,18.776653289794922
2000-04-18,19.290935516357422
2000-04-19,19.794729232788086
2000-04-20,19.878694534301758
2000-04-24,19.595304489135742
2000-04-25,20.088603973388672
2000-04-26,20.298526763916016
2000-04-27,20.172563552856445
2000-04-28,20.361482620239258
2000-05-01,20.424467086791992
2000-05-02,20.015127182006836
2000-05-03,19.4588680267334
2000-05-04,19.395883560180664
2000-05-05,19.37489891052246
2000-05-08,19.416887283325195
2000-05-09,19.280439376831055
2000-05-10,19.24896240234375
2000-05-11,19.227962493896484
2000-05-12,19.56382179260254
2000-05-15,19.889183044433594
2000-05-16,20.15157127380371
2000-05-17,19.92067527770996
2000-05-18,19.899681091308594
2000-05-19,19.37489891052246
2000-05-22,19.154495239257812
2000-05-23,18.997051239013672
2000-05-24,19.123001098632812
2000-05-25,18.976072311401367
2000-05-26,18.82912826538086
2000-05-30,19.605804443359375
2000-05-31,19.815719604492188
2000-06-01,19.689773559570312
2000-06-02,20.172563552856445
2000-06-05,20.109590530395508
2000-06-06,19.941669464111328
2000-06-07,19.889183044433594
2000-06-08,19.73175621032715
2000-06-09,20.0256404876709
2000-06-12,19.836706161499023
2000-06-13,19.56382179260254
2000-06-14,19.899681091308594
2000-06-15,20.466445922851562
2000-06-16,20.23554229736328
2000-06-19,20.361482620239258
2000-06-20,20.330005645751953
2000-06-21,20.23554229736328
2000-06-22,20.193571090698242
2000-06-23,19.815719604492188
2000-06-26,19.626800537109375
2000-06-27,19.584810256958008
2000-06-28,19.50084114074707
2000-06-29,19.794729232788086
2000-06-30,19.857702255249023
2000-07-03,19.815719604492188
2000-07-05,19.941669464111328
2000-07-06,19.899681091308594
2000-07-07,20.067611694335938
2000-07-10,19.899681091308594
2000-07-11,19.679271697998047
2000-07-12,20.046619415283203
2000-07-13,20.109590530395508
2000-07-14,20.424467086791992
2000-07-17,20.172563552856445
2000-07-18,19.857702255249023
2000-07-19,19.98365020751953
2000-07-20,20.298526763916016
2000-07-21,19.794729232788086
2000-07-24,19.605804443359375
2000-07-25,19.616302490234375
2000-07-26,19.4588680267334
2000-07-27,19.584810256958008
2000-07-28,19.37489891052246
2000-07-31,19.56382179260254
2000-08-01,19.73175621032715
2000-08-02,19.815719604492188
2000-08-03,19.92067527770996
2000-08-04,20.330005645751953
2000-08-07,20.172563552856445
2000-08-08,20.23554229736328
2000-08-09,20.046619415283203
2000-08-10,20.088603973388672
2000-08-11,20.214557647705078
2000-08-14,20.445451736450195
2000-08-15,20.340492248535156
2000-08-16,20.046619415283203
2000-08-17,20.23554229736328
2000-08-18,20.23554229736328
2000-08-21,20.298526763916016
2000-08-22,20.046619415283203
2000-08-23,20.067611694335938
2000-08-24,20.015127182006836
2000-08-25,20.350996017456055
2000-08-28,20.15157127380371
2000-08-29,20.24603271484375
2000-08-30,20.38247299194336
2000-08-31,20.25652503967285
2000-09-01,20.23554229736328
2000-09-05,19.836706161499023
2000-09-06,19.75274085998535
2000-09-07,19.595304489135742
2000-09-08,19.605804443359375
2000-09-11,19.679271697998047
2000-09-12,19.668781280517578
2000-09-13,19.878694534301758
2000-09-14,19.668781280517578
2000-09-15,19.584810256958008
2000-09-18,19.553329467773438
2000-09-19,19.427379608154297
2000-09-20,19.04953384399414
2000-09-21,19.227962493896484
2000-09-22,19.06003189086914
2000-09-25,19.34342384338379
2000-09-26,19.34342384338379
2000-09-27,19.01804542541504
2000-09-28,19.57431983947754
2000-09-29,19.52183723449707
2000-10-02,19.773733139038086
2000-10-03,19.847204208374023
2000-10-04,20.004629135131836
2000-10-05,20.183063507080078
2000-10-06,19.710758209228516
2000-10-09,19.584810256958008
2000-10-10,19.605804443359375
2000-10-11,19.112497329711914
2000-10-12,18.47226905822754
2000-10-13,18.818634033203125
2000-10-16,18.64021110534668
2000-10-17,17.716590881347656
2000-10-18,18.010475158691406
2000-10-19,18.220388412475586
2000-10-20,18.598215103149414
2000-10-23,18.871116638183594
2000-10-24,18.913097381591797
2000-10-25,18.57723617553711
2000-10-26,18.839630126953125
2000-10-27,19.007549285888672
2000-10-30,19.37489891052246
2000-10-31,19.815719604492188
2000-11-01,19.952157974243164
2000-11-02,20.130586624145508
2000-11-03,20.057113647460938
2000-11-06,20.193571090698242
2000-11-07,20.277523040771484
2000-11-08,20.109590530395508
2000-11-09,19.185983657836914
2000-11-10,19.112497329711914
2000-11-13,18.703184127807617
2000-11-14,19.154495239257812
2000-11-15,19.24896240234375
2000-11-16,19.01804542541504
2000-11-17,18.89210319519043
2000-11-20,18.78714370727539
2000-11-21,18.346330642700195
2000-11-22,18.16790771484375
2000-11-24,18.251867294311523
2000-11-27,18.36732292175293
2000-11-28,18.13641357421875
2000-11-29,18.178396224975586
2000-11-30,18.010475158691406
2000-12-01,18.13641357421875
2000-12-04,18.146913528442383
2000-12-05,18.619218826293945
2000-12-06,18.818634033203125
2000-12-07,18.503761291503906
2000-12-08,18.902606964111328
2000-12-11,19.102006912231445
2000-12-12,19.143993377685547
2000-12-13,19.24896240234375
2000-12-14,19.08102798461914
2000-12-15,18.598215103149414
2000-12-18,18.49660873413086
2000-12-19,18.517602920532227
2000-12-20,17.677797317504883
2000-12-21,17.803775787353516
2000-12-22,18.108205795288086
2000-12-26,18.139699935913086
2000-12-27,18.20268440246582
2000-12-28,18.517602920532227
2000-12-29,18.30765724182129
2001-01-02,17.56233024597168
2001-01-03,18.948007583618164
2001-01-04,19.50436782836914
2001-01-05,18.9794979095459
2001-01-08,18.706552505493164
2001-01-09,18.937503814697266
2001-01-10,19.084474563598633
2001-01-11,19.514869689941406
2001-01-12,19.777313232421875
2001-01-16,19.987258911132812
2001-01-17,20.13422203063965
2001-01-18,20.071226119995117
2001-01-19,19.577852249145508
2001-01-22,19.441383361816406
2001-01-23,19.892778396606445
2001-01-24,19.70382308959961
2001-01-25,19.672319412231445
2001-01-26,19.472881317138672
2001-01-29,19.792421340942383
2001-01-30,19.752111434936523
2001-01-31,19.631174087524414
2001-02-01,19.893203735351562
2001-02-02,19.658056259155273
2001-02-05,19.644620895385742
2001-02-06,19.66476058959961
2001-02-07,19.852888107299805
2001-02-08,19.973814010620117
2001-02-09,19.651329040527344
2001-02-12,19.81257438659668
2001-02-13,19.832727432250977
2001-02-14,19.617746353149414
2001-02-15,19.6983699798584
2001-02-16,19.61103630065918
2001-02-20,19.590871810913086
2001-02-21,19.490100860595703
2001-02-22,19.120582580566406
2001-02-23,19.06683349609375
2001-02-26,19.167612075805664
2001-02-27,19.51024627685547
2001-02-28,19.254953384399414
2001-03-01,19.187759399414062
2001-03-02,19.221355438232422
2001-03-05,19.113859176635742
2001-03-06,19.181045532226562
2001-03-07,19.26838493347168
2001-03-08,19.37588119506836
2001-03-09,19.207916259765625
2001-03-12,18.2471866607666
2001-03-13,18.2539119720459
2001-03-14,17.904539108276367
2001-03-15,18.435302734375
2001-03-16,18.190034866333008
2001-03-19,18.190034866333008
2001-03-20,17.807018280029297
2001-03-21,17.33664894104004
2001-03-22,16.953632354736328
2001-03-23,17.33664894104004
2001-03-26,17.639034271240234
2001-03-27,18.163156509399414
2001-03-28,17.786869049072266
2001-03-29,18.008607864379883
2001-03-30,18.022048950195312
2001-04-02,17.8002986907959
2001-04-03,17.40383529663086
2001-04-04,17.5113468170166
2001-04-05,17.948135375976562
2001-04-06,17.86750602722168
2001-04-09,18.089237213134766
2001-04-10,18.44538688659668
2001-04-11,18.223642349243164
2001-04-12,18.21019744873047
2001-04-16,18.337875366210938
2001-04-17,18.65369415283203
2001-04-18,19.399580001831055
2001-04-19,19.41973304748535
2001-04-20,19.473478317260742
2001-04-23,19.023269653320312
2001-04-24,19.077030181884766
2001-04-25,19.298782348632812
2001-04-26,19.540679931640625
2001-04-27,19.3525333404541
2001-04-30,19.3525333404541
2001-05-01,19.654911041259766
2001-05-02,19.71539878845215
2001-05-03,19.332380294799805
2001-05-04,19.392852783203125
2001-05-07,19.43988037109375
2001-05-08,19.117341995239258
2001-05-09,19.23829460144043
2001-05-10,19.365978240966797
2001-05-11,19.460050582885742
2001-05-14,19.372692108154297
2001-05-15,19.460050582885742
2001-05-16,19.997621536254883
2001-05-17,20.17232894897461
2001-05-18,20.226089477539062
2001-05-21,20.535181045532227
2001-05-22,20.56206512451172
2001-05-23,20.2193603515625
2001-05-24,20.46799087524414
2001-05-25,20.320152282714844
2001-05-29,20.16561508178711
2001-05-30,20.098411560058594
2001-05-31,20.09169578552246
2001-06-01,20.03120994567871
2001-06-04,20.058103561401367
2001-06-05,20.246238708496094
2001-06-06,20.084970474243164
2001-06-07,20.1992130279541
2001-06-08,20.09169578552246
2001-06-11,19.990901947021484
2001-06-12,19.943859100341797
2001-06-13,19.849782943725586
2001-06-14,19.480205535888672
2001-06-15,19.427770614624023
2001-06-18,19.13197898864746
2001-06-19,19.18577003479004
2001-06-20,19.60255241394043
2001-06-21,19.82439613342285
2001-06-22,19.56894874572754
2001-06-25,19.61599349975586
2001-06-26,19.313491821289062
2001-06-27,19.62944984436035
2001-06-28,19.777339935302734
2001-06-29,19.86472511291504
2001-07-02,20.005901336669922
2001-07-03,20.005901336669922
2001-07-05,19.770620346069336
2001-07-06,19.40088653564453
2001-07-09,19.293319702148438
2001-07-10,19.293319702148438
2001-07-11,19.279870986938477
2001-07-12,19.46810531616211
2001-07-13,19.60255241394043
2001-07-16,19.50843620300293
2001-07-17,19.64288330078125
2001-07-18,19.447935104370117
2001-07-19,19.33365821838379
2001-07-20,19.380720138549805
2001-07-23,19.004262924194336
2001-07-24,18.916868209838867
2001-07-25,19.024431228637695
2001-07-26,19.58238410949707
2001-07-27,19.609270095825195
2001-07-30,19.609270095825195
2001-07-31,19.46810531616211
2001-08-01,19.447935104370117
2001-08-02,19.64960479736328
2001-08-03,19.488277435302734
2001-08-06,19.360553741455078
2001-08-07,19.41431999206543
2001-08-08,19.279870986938477
2001-08-09,19.192487716674805
2001-08-10,19.226104736328125
2001-08-13,19.374000549316406
2001-08-14,19.125255584716797
2001-08-15,18.863080978393555
2001-08-16,18.957204818725586
2001-08-17,18.748804092407227
2001-08-20,18.889986038208008
2001-08-21,18.99753189086914
2001-08-22,18.92359161376953
2001-08-23,19.024431228637695
2001-08-24,19.367267608642578
2001-08-27,19.125255584716797
2001-08-28,18.856369018554688
2001-08-29,18.688304901123047
2001-08-30,18.305139541625977
2001-08-31,18.479915618896484
2001-09-04,18.399248123168945
2001-09-05,18.412681579589844
2001-09-06,17.87490463256836
2001-09-07,17.525327682495117
2001-09-10,17.296764373779297
2001-09-17,15.851449966430664
2001-09-18,15.562383651733398
2001-09-19,15.306929588317871
2001-09-20,14.722084999084473
2001-09-21,14.768478393554688
2001-09-24,15.225790023803711
2001-09-25,15.118203163146973
2001-09-26,15.259431838989258
2001-09-27,15.4948148727417
2001-09-28,15.804168701171875
2001-10-01,15.508248329162598
2001-10-02,15.710017204284668
2001-10-03,16.295108795166016
2001-10-04,16.248029708862305
2001-10-05,16.07316780090332
2001-10-08,15.952118873596191
2001-10-09,15.804168701171875
2001-10-10,16.147151947021484
2001-10-11,16.530488967895508
2001-10-12,16.382532119750977
2001-10-15,16.443058013916016
2001-10-16,16.604463577270508
2001-10-17,16.106796264648438
2001-10-18,15.851243019104004
2001-10-19,15.797438621520996
2001-10-22,16.241302490234375
2001-10-23,16.34217643737793
2001-10-24,16.079885482788086
2001-10-25,16.17405128479004
2001-10-26,16.315279006958008
2001-10-29,15.898310661315918
2001-10-30,15.676390647888184
2001-10-31,15.884868621826172
2001-11-01,16.106796264648438
2001-11-02,16.194225311279297
2001-11-05,16.443058013916016
2001-11-06,16.64481544494629
2001-11-07,16.5506534576416
2001-11-08,16.6918888092041
2001-11-09,16.591012954711914
2001-11-12,16.631364822387695
2001-11-13,17.11556625366211
2001-11-14,17.317323684692383
2001-11-15,17.519084930419922
2001-11-16,17.519084930419922
2001-11-19,17.82172203063965
2001-11-20,17.82172203063965
2001-11-21,17.64685821533203
2001-11-23,17.72083282470703
2001-11-26,17.94949722290039
2001-11-27,17.88896942138672
2001-11-28,17.613237380981445
2001-11-29,17.653589248657227
2001-11-30,17.72756004333496
2001-12-03,17.741018295288086
2001-12-04,17.96967124938965
2001-12-05,18.595111846923828
2001-12-06,18.662357330322266
2001-12-07,18.554758071899414
2001-12-10,18.131080627441406
2001-12-11,18.258861541748047
2001-12-12,18.17815399169922
2001-12-13,17.788089752197266
2001-12-14,17.754470825195312
2001-12-17,17.922592163085938
2001-12-18,18.184885025024414
2001-12-19,18.09072494506836
2001-12-20,17.868793487548828
2001-12-21,17.839820861816406
2001-12-24,17.920671463012695
2001-12-26,18.05541229248047
2001-12-27,18.25752067565918
2001-12-28,18.439422607421875
2001-12-31,18.15647315979004
2002-01-02,18.311418533325195
2002-01-03,18.39227294921875
2002-01-04,18.60785675048828
2002-01-07,18.628063201904297
2002-01-08,18.729116439819336
2002-01-09,18.628063201904297
2002-01-10,18.681947708129883
2002-01-11,18.56068229675293
2002-01-14,18.42595672607422
2002-01-15,18.655006408691406
2002-01-16,18.196889877319336
2002-01-17,18.311418533325195
2002-01-18,18.169940948486328
2002-01-22,18.122783660888672
2002-01-23,18.05541229248047
2002-01-24,18.203622817993164
2002-01-25,18.22383689880371
2002-01-28,18.25752067565918
2002-01-29,17.9139404296875
2002-01-30,17.839820861816406
2002-01-31,18.0217227935791
2002-02-01,17.988039016723633
2002-02-04,17.644447326660156
2002-02-05,17.738765716552734
2002-02-06,17.644447326660156
2002-02-07,17.988039016723633
2002-02-08,18.358583450317383
2002-02-11,18.527002334594727
2002-02-12,18.358583450317383
2002-02-13,18.661745071411133
2002-02-14,18.715646743774414
2002-02-15,18.42595672607422
2002-02-19,18.122783660888672
2002-02-20,18.56068229675293
2002-02-21,18.42595672607422
2002-02-22,18.594377517700195
2002-02-25,18.91776466369629
2002-02-26,18.863861083984375
2002-02-27,18.796489715576172
2002-02-28,18.850391387939453
2002-03-01,19.207456588745117
2002-03-04,19.402822494506836
2002-03-05,19.375871658325195
2002-03-06,19.645357131958008
2002-03-07,19.497146606445312
2002-03-08,19.699262619018555
2002-03-11,19.60494041442871
2002-03-12,19.537569046020508
2002-03-13,19.47020149230957
2002-03-14,19.60494041442871
2002-03-15,19.964187622070312
2002-03-18,20.139432907104492
2002-03-19,20.119211196899414
2002-03-20,20.125953674316406
2002-03-21,19.997882843017578
2002-03-22,19.890047073364258
2002-03-25,19.593488693237305
2002-03-26,19.478906631469727
2002-03-27,19.768726348876953
2002-03-28,19.94396209716797
2002-04-01,19.761981964111328
2002-04-02,19.647403717041016
2002-04-03,19.391277313232422
2002-04-04,19.667621612548828
2002-04-05,19.90353012084961
2002-04-08,19.984407424926758
2002-04-09,20.01136589050293
2002-04-10,20.1933536529541
2002-04-11,19.856348037719727
2002-04-12,19.92374610900879
2002-04-15,19.910268783569336
2002-04-16,20.045068740844727
2002-04-17,20.092252731323242
2002-04-18,20.30119514465332
2002-04-19,20.46295738220215
2002-04-22,20.368600845336914
2002-04-23,20.220321655273438
2002-04-24,20.355117797851562
2002-04-25,20.4157772064209
2002-04-26,20.085508346557617
2002-04-29,19.627182006835938
2002-04-30,19.822650909423828
2002-05-01,20.17987632751465
2002-05-02,20.11246109008789
2002-05-03,19.984407424926758
2002-05-06,19.606956481933594
2002-05-07,19.647403717041016
2002-05-08,20.085508346557617
2002-05-09,19.856348037719727
2002-05-10,19.593488693237305
2002-05-13,19.822650909423828
2002-05-14,20.17987632751465
2002-05-15,20.355117797851562
2002-05-16,20.409034729003906
2002-05-17,20.40229606628418
2002-05-20,20.220321655273438
2002-05-21,20.045068740844727
2002-05-22,19.92374610900879
2002-05-23,20.105735778808594
2002-05-24,20.02484703063965
2002-05-28,20.00463104248047
2002-05-29,19.991153717041016
2002-05-30,19.950714111328125
2002-05-31,20.09899139404297
2002-06-03,19.755247116088867
2002-06-04,19.708066940307617
2002-06-05,19.87656593322754
2002-06-06,19.606956481933594
2002-06-07,19.748506546020508
2002-06-10,19.788949966430664
2002-06-11,19.64065933227539
2002-06-12,19.236257553100586
2002-06-13,18.88577651977539
2002-06-14,18.744226455688477
2002-06-17,19.26995849609375
2002-06-18,19.357572555541992
2002-06-19,19.290178298950195
2002-06-20,18.77793312072754
2002-06-21,18.3848934173584
2002-06-24,18.526458740234375
2002-06-25,18.236562728881836
2002-06-26,18.539941787719727
2002-06-27,19.01187515258789
2002-06-28,18.66129493713379
2002-07-01,17.879255294799805
2002-07-02,17.474742889404297
2002-07-03,17.501708984375
2002-07-05,18.0882568359375
2002-07-08,17.86577033996582
2002-07-09,17.050004959106445
2002-07-10,16.261219024658203
2002-07-11,16.571334838867188
2002-07-12,16.787084579467773
2002-07-15,16.48370361328125
2002-07-16,16.36907386779785
2002-07-17,16.726404190063477
2002-07-18,15.937614440917969
2002-07-19,15.283652305603027
2002-07-22,15.155560493469238
2002-07-23,14.872410774230957
2002-07-24,15.8364839553833
2002-07-25,16.37582778930664
2002-07-26,16.739891052246094
2002-07-29,17.488216400146484
2002-07-30,17.616308212280273
2002-07-31,18.1219482421875
2002-08-01,17.616308212280273
2002-08-02,17.474742889404297
2002-08-05,16.726404190063477
2002-08-06,17.137653350830078
2002-08-07,17.710712432861328
2002-08-08,18.37140464782715
2002-08-09,18.344436645507812
2002-08-12,18.37140464782715
2002-08-13,17.933183670043945
2002-08-14,18.3848934173584
2002-08-15,18.512977600097656
2002-08-16,18.36465072631836
2002-08-19,18.620845794677734
2002-08-20,18.3848934173584
2002-08-21,18.695011138916016
2002-08-22,19.28154754638672
2002-08-23,18.78265953063965
2002-08-26,18.991636276245117
2002-08-27,18.45230484008789
2002-08-28,18.303983688354492
2002-08-29,18.351177215576172
2002-08-30,18.2972412109375
2002-09-03,17.5354061126709
2002-09-04,18.07476043701172
2002-09-05,17.86577033996582
2002-09-06,17.86577033996582
2002-09-09,18.068023681640625
2002-09-10,18.135433197021484
2002-09-11,18.16915512084961
2002-09-12,17.8253173828125
2002-09-13,17.96015167236328
2002-09-16,17.96015167236328
2002-09-17,17.690481185913086
2002-09-18,17.791601181030273
2002-09-19,17.19158363342285
2002-09-20,17.326162338256836
2002-09-23,17.12327766418457
2002-09-24,17.10975456237793
2002-09-25,17.596668243408203
2002-09-26,17.907758712768555
2002-09-27,17.24500846862793
2002-09-30,17.16385841369629
2002-10-01,17.6981143951416
2002-10-02,17.711641311645508
2002-10-03,17.644004821777344
2002-10-04,17.08946418762207
2002-10-07,17.048892974853516
2002-10-08,17.549331665039062
2002-10-09,17.366744995117188
2002-10-10,17.58314323425293
2002-10-11,17.792787551879883
2002-10-14,18.259429931640625
2002-10-15,18.584035873413086
2002-10-16,18.63813591003418
2002-10-17,18.868070602416992
2002-10-18,18.874841690063477
2002-10-21,18.93569564819336
2002-10-22,18.584035873413086
2002-10-23,18.462299346923828
2002-10-24,18.157981872558594
2002-10-25,18.489360809326172
2002-10-28,18.408206939697266
2002-10-29,18.178264617919922
2002-10-30,18.30000877380371
2002-10-31,18.164743423461914
2002-11-01,18.347341537475586
2002-11-04,18.374399185180664
2002-11-05,18.60431480407715
2002-11-06,18.983028411865234
2002-11-07,18.901880264282227
2002-11-08,18.780160903930664
2002-11-11,18.523176193237305
2002-11-12,18.536699295043945
2002-11-13,18.320283889770508
2002-11-14,18.611083984375
2002-11-15,18.78692054748535
2002-11-18,18.68547821044922
2002-11-19,18.665185928344727
2002-11-20,18.834253311157227
2002-11-21,18.93569564819336
2002-11-22,18.800437927246094
2002-11-25,18.746337890625
2002-11-26,18.44878387451172
2002-11-27,18.800437927246094
2002-11-29,18.726055145263672
2002-12-02,18.556987762451172
2002-12-03,18.43526268005371
2002-12-04,18.60431480407715
2002-12-05,18.49612045288086
2002-12-06,18.5772705078125
2002-12-09,18.49612045288086
2002-12-10,18.56374740600586
2002-12-11,18.536699295043945
2002-12-12,18.347341537475586
2002-12-13,18.245906829833984
2002-12-16,18.428497314453125
2002-12-17,18.185039520263672
2002-12-18,18.13092803955078
2002-12-19,17.955095291137695
2002-12-20,18.110549926757812
2002-12-23,18.225940704345703
2002-12-24,18.32776641845703
2002-12-26,18.015522003173828
2002-12-27,17.77792739868164
2002-12-30,17.940847396850586
2002-12-31,18.02229881286621
2003-01-02,18.511045455932617
2003-01-03,18.70110511779785
2003-01-06,18.904743194580078
2003-01-07,18.63322639465332
2003-01-08,18.490671157836914
2003-01-09,18.680749893188477
2003-01-10,18.6739501953125
2003-01-13,18.687536239624023
2003-01-14,18.6739501953125
2003-01-15,18.463525772094727
2003-01-16,18.409217834472656
2003-01-17,18.395639419555664
2003-01-21,18.259883880615234
2003-01-22,18.21237564086914
2003-01-23,18.266664505004883
2003-01-24,17.86617660522461
2003-01-27,17.472471237182617
2003-01-28,17.771135330200195
2003-01-29,17.940847396850586
2003-01-30,17.608219146728516
2003-01-31,17.961200714111328
2003-02-03,17.88653564453125
2003-02-04,17.676115036010742
2003-02-05,17.547142028808594
2003-02-06,17.513193130493164
2003-02-07,17.479251861572266
2003-02-10,17.608219146728516
2003-02-11,17.404590606689453
2003-02-12,17.207733154296875
2003-02-13,17.004091262817383
2003-02-14,17.187366485595703
2003-02-18,17.608219146728516
2003-02-19,17.52676773071289
2003-02-20,17.329914093017578
2003-02-21,17.506410598754883
2003-02-24,17.275615692138672
2003-02-25,17.391010284423828
2003-02-26,17.295976638793945
2003-02-27,17.513193130493164
2003-02-28,17.56070899963379
2003-03-03,17.472471237182617
2003-03-04,17.282398223876953
2003-03-05,17.445308685302734
2003-03-06,17.479251861572266
2003-03-07,17.64895248413086
2003-03-10,17.350284576416016
2003-03-11,17.11949348449707
2003-03-12,17.173791885375977
2003-03-13,17.418169021606445
2003-03-14,17.275615692138672
2003-03-17,17.764347076416016
2003-03-18,17.95442008972168
2003-03-19,18.158063888549805
2003-03-20,18.1376953125
2003-03-21,18.608705520629883
2003-03-24,18.084613800048828
2003-03-25,18.445348739624023
2003-03-26,18.302410125732422
2003-03-27,18.370473861694336
2003-03-28,18.397701263427734
2003-03-31,18.186697006225586
2003-04-01,18.43854331970215
2003-04-02,18.710796356201172
2003-04-03,18.663158416748047
2003-04-04,18.738033294677734
2003-04-07,18.574674606323242
2003-04-08,18.5950870513916
2003-04-09,18.35005760192871
2003-04-10,18.316028594970703
2003-04-11,18.227537155151367
2003-04-14,18.52703094482422
2003-04-15,18.41131591796875
2003-04-16,17.975696563720703
2003-04-17,18.152673721313477
2003-04-21,18.200315475463867
2003-04-22,18.506614685058594
2003-04-23,18.663158416748047
2003-04-24,18.77886390686035
2003-04-25,18.520225524902344
2003-04-28,18.669963836669922
2003-04-29,18.78566551208496
2003-04-30,18.78566551208496
2003-05-01,18.84012222290039
2003-05-02,19.125995635986328
2003-05-05,19.153207778930664
2003-05-06,19.187238693237305
2003-05-07,19.023887634277344
2003-05-08,18.95583152770996
2003-05-09,19.166820526123047
2003-05-12,19.357406616210938
2003-05-13,19.39824867248535
2003-05-14,19.364213943481445
2003-05-15,19.547988891601562
2003-05-16,19.500343322753906
2003-05-19,18.84012222290039
2003-05-20,18.608705520629883
2003-05-21,18.744831085205078
2003-05-22,18.95583152770996
2003-05-23,18.880950927734375
2003-05-27,19.153207778930664
2003-05-28,19.11917495727539
2003-05-29,18.962636947631836
2003-05-30,19.17364501953125
2003-06-02,19.023887634277344
2003-06-03,19.17364501953125
2003-06-04,19.507137298583984
2003-06-05,19.690927505493164
2003-06-06,19.867889404296875
2003-06-09,19.6637020111084
2003-06-10,19.81342887878418
2003-06-11,20.038047790527344
2003-06-12,20.078886032104492
2003-06-13,19.95636558532715
2003-06-16,20.5621337890625
2003-06-17,20.970523834228516
2003-06-18,20.91607666015625
2003-06-19,20.46685028076172
2003-06-20,20.614286422729492
2003-06-23,20.272994995117188
2003-06-24,20.286636352539062
2003-06-25,20.17743492126465
2003-06-26,20.4641170501709
2003-06-27,20.150127410888672
2003-06-30,20.020437240600586
2003-07-01,20.1296443939209
2003-07-02,20.320775985717773
2003-07-03,20.197898864746094
2003-07-07,20.341243743896484
2003-07-08,20.34807777404785
2003-07-09,20.22521209716797
2003-07-10,20.006784439086914
2003-07-11,20.23885726928711
2003-07-14,20.218385696411133
2003-07-15,20.14330291748047
2003-07-16,20.027254104614258
2003-07-17,19.89756965637207
2003-07-18,20.081867218017578
2003-07-21,19.767868041992188
2003-07-22,19.733739852905273
2003-07-23,19.877086639404297
2003-07-24,19.72010612487793
2003-07-25,19.877086639404297
2003-07-28,19.82930564880371
2003-07-29,19.74056625366211
2003-07-30,19.822477340698242
2003-07-31,19.72010612487793
2003-08-01,19.419754028320312
2003-08-04,19.453886032104492
2003-08-05,19.13306427001953
2003-08-06,19.119413375854492
2003-08-07,19.42658042907715
2003-08-08,19.501663208007812
2003-08-11,19.460712432861328
2003-08-12,19.515321731567383
2003-08-13,19.235456466674805
2003-08-14,19.221799850463867
2003-08-15,19.180849075317383
2003-08-18,19.310529708862305
2003-08-19,19.20814323425293
2003-08-20,19.15354347229004
2003-08-21,19.04433250427246
2003-08-22,18.757638931274414
2003-08-25,18.89415740966797
2003-08-26,18.90781593322754
2003-08-27,18.921457290649414
2003-08-28,18.93510627746582
2003-08-29,18.98971939086914
2003-09-02,19.276405334472656
2003-09-03,19.20132064819336
2003-09-04,19.249103546142578
2003-09-05,19.20132064819336
2003-09-08,19.542617797851562
2003-09-09,19.604053497314453
2003-09-10,19.631345748901367
2003-09-11,19.74056625366211
2003-09-12,19.78152084350586
2003-09-15,19.726926803588867
2003-09-16,19.849782943725586
2003-09-17,19.802013397216797
2003-09-18,19.87026023864746
2003-09-19,19.710067749023438
2003-09-22,19.443063735961914
2003-09-23,19.60737419128418
2003-09-24,19.25821876525879
2003-09-25,19.12813377380371
2003-09-26,19.039138793945312
2003-09-29,19.12813377380371
2003-09-30,19.039138793945312
2003-10-01,19.381450653076172
2003-10-02,19.51152229309082
2003-10-03,19.422523498535156
2003-10-06,19.347211837768555
2003-10-07,19.333524703979492
2003-10-08,19.230836868286133
2003-10-09,19.25821876525879
2003-10-10,19.210290908813477
2003-10-13,19.265056610107422
2003-10-14,19.29244613647461
2003-10-15,19.251367568969727
2003-10-16,19.354053497314453
2003-10-17,19.13498306274414
2003-10-20,19.230836868286133
2003-10-21,19.40883445739746
2003-10-22,18.88852882385254
2003-10-23,19.080217361450195
2003-10-24,19.13498306274414
2003-10-27,19.08706283569336
2003-10-28,19.23768424987793
2003-10-29,19.182918548583984
2003-10-30,19.00491714477539
2003-10-31,19.169212341308594
2003-11-03,19.114450454711914
2003-11-04,18.991222381591797
2003-11-05,18.970678329467773
2003-11-06,19.066526412963867
2003-11-07,18.895374298095703
2003-11-10,18.75160026550293
2003-11-11,18.792682647705078
2003-11-12,19.14183235168457
2003-11-13,19.586824417114258
2003-11-14,19.874372482299805
2003-11-17,19.812761306762695
2003-11-18,19.696369171142578
2003-11-19,19.901756286621094
2003-11-20,19.641605377197266
2003-11-21,19.401992797851562
2003-11-24,19.71691131591797
2003-11-25,19.621065139770508
2003-11-26,19.621065139770508
2003-11-28,19.579986572265625
2003-12-01,19.8949031829834
2003-12-02,19.908592224121094
2003-12-03,19.95652198791504
2003-12-04,19.990751266479492
2003-12-05,19.840133666992188
2003-12-08,19.990751266479492
2003-12-09,19.908592224121094
2003-12-10,19.77168846130371
2003-12-11,20.01814079284668
2003-12-12,20.07976531982422
2003-12-15,20.045516967773438
2003-12-16,20.120838165283203
2003-12-17,20.16189956665039
2003-12-18,20.312524795532227
2003-12-19,20.28023338317871
2003-12-22,20.273366928100586
2003-12-23,20.287097930908203
2003-12-24,20.34893798828125
2003-12-26,20.403894424438477
2003-12-29,20.568775177001953
2003-12-30,20.623733520507812
2003-12-31,20.713048934936523
2004-01-02,20.76114273071289
2004-01-05,20.85731315612793
2004-01-06,20.919145584106445
2004-01-07,21.04967498779297
2004-01-08,20.960365295410156
2004-01-09,20.829830169677734
2004-01-12,20.79547882080078
2004-01-13,20.706174850463867
2004-01-14,20.822961807250977
2004-01-15,20.877927780151367
2004-01-16,20.926013946533203
2004-01-20,20.85731315612793
2004-01-21,21.207698822021484
2004-01-22,21.248916625976562
2004-01-23,21.145858764648438
2004-01-26,21.413789749145508
2004-01-27,21.276371002197266
2004-01-28,21.090904235839844
2004-01-29,21.400041580200195
2004-01-30,21.28325080871582
2004-02-02,21.55805206298828
2004-02-03,21.695459365844727
2004-02-04,21.764156341552734
2004-02-05,21.65423583984375
2004-02-06,21.819110870361328
2004-02-09,21.60614776611328
2004-02-10,21.702316284179688
2004-02-11,21.901552200317383
2004-02-12,21.764156341552734
2004-02-13,21.66797637939453
2004-02-17,21.80537223815918
2004-02-18,21.709197998046875
2004-02-19,21.63363265991211
2004-02-20,21.516841888427734
2004-02-23,21.475618362426758
2004-02-24,21.57179832458496
2004-02-25,21.599275588989258
2004-02-26,21.57179832458496
2004-02-27,21.50996208190918
2004-03-01,21.57179832458496
2004-03-02,21.43439483642578
2004-03-03,21.523704528808594
2004-03-04,21.619876861572266
2004-03-05,21.72979736328125
2004-03-08,21.709197998046875
2004-03-09,21.46187400817871
2004-03-10,21.132122039794922
2004-03-11,20.72678565979004
2004-03-12,20.781742095947266
2004-03-15,20.596254348754883
2004-03-16,20.74053382873535
2004-03-17,20.71991729736328
2004-03-18,20.699302673339844
2004-03-19,20.372163772583008
2004-03-22,20.117347717285156
2004-03-23,20.18621063232422
2004-03-24,20.07600975036621
2004-03-25,20.18621063232422
2004-03-26,20.268856048583984
2004-03-29,20.544347763061523
2004-03-30,20.496135711669922
2004-03-31,20.613216400146484
2004-04-01,20.757843017578125
2004-04-02,21.005786895751953
2004-04-05,21.2468318939209
2004-04-06,21.177959442138672
2004-04-07,21.08154296875
2004-04-08,20.93691062927246
2004-04-12,21.109094619750977
2004-04-13,20.923137664794922
2004-04-14,21.13663673400879
2004-04-15,21.522323608398438
2004-04-16,21.680715560913086
2004-04-19,21.59119415283203
2004-04-20,21.233062744140625
2004-04-21,21.481008529663086
2004-04-22,21.653167724609375
2004-04-23,21.59119415283203
2004-04-26,21.47410774230957
2004-04-27,21.556753158569336
2004-04-28,21.363916397094727
2004-04-29,21.233062744140625
2004-04-30,21.253719329833984
2004-05-03,21.529205322265625
2004-05-04,21.494766235351562
2004-05-05,21.61872673034668
2004-05-06,21.536088943481445
2004-05-07,21.391462326049805
2004-05-10,21.115978240966797
2004-05-11,21.13663673400879
2004-05-12,21.2123966217041
2004-05-13,21.184852600097656
2004-05-14,21.14352798461914
2004-05-17,21.08154296875
2004-05-18,21.07465362548828
2004-05-19,20.8680362701416
2004-05-20,20.730304718017578
2004-05-21,20.771621704101562
2004-05-24,20.66831398010254
2004-05-25,20.8680362701416
2004-05-26,20.978227615356445
2004-05-27,21.191730499267578
2004-05-28,21.184852600097656
2004-06-01,21.295045852661133
2004-06-02,21.425901412963867
2004-06-03,21.370800018310547
2004-06-04,21.412118911743164
2004-06-07,21.62562370300293
2004-06-08,21.653167724609375
2004-06-09,21.39834976196289
2004-06-10,21.405244827270508
2004-06-14,21.253719329833984
2004-06-15,21.281265258789062
2004-06-16,21.28815460205078
2004-06-17,21.322589874267578
2004-06-18,21.31292152404785
2004-06-21,21.167888641357422
2004-06-22,21.078105926513672
2004-06-23,21.202417373657227
2004-06-24,21.209320068359375
2004-06-25,21.02284812927246
2004-06-28,20.91926383972168
2004-06-29,21.029762268066406
2004-06-30,21.105728149414062
2004-07-01,20.808761596679688
2004-07-02,20.794960021972656
2004-07-06,20.643009185791016
2004-07-07,20.59466552734375
2004-07-08,20.54631996154785
2004-07-09,20.497974395751953
2004-07-12,20.40818977355957
2004-07-13,20.573944091796875
2004-07-14,20.64992332458496
2004-07-15,20.422008514404297
2004-07-16,20.2424373626709
2004-07-19,20.145742416381836
2004-07-20,20.228626251220703
2004-07-21,20.00071907043457
2004-07-22,20.097410202026367
2004-07-23,19.973102569580078
2004-07-26,19.772809982299805
2004-07-27,19.855690002441406
2004-07-28,19.807342529296875
2004-07-29,19.89713478088379
2004-07-30,19.973102569580078
2004-08-02,19.952383041381836
2004-08-03,19.93165397644043
2004-08-04,19.890228271484375
2004-08-05,19.524187088012695
2004-08-06,19.25482940673828
2004-08-09,19.165050506591797
2004-08-10,19.448211669921875
2004-08-11,19.772809982299805
2004-08-12,19.662307739257812
2004-08-13,19.510372161865234
2004-08-16,19.772809982299805
2004-08-17,19.80043601989746
2004-08-18,20.062881469726562
2004-08-19,19.993812561035156
2004-08-20,20.159570693969727
2004-08-23,20.118127822875977
2004-08-24,20.13193130493164
2004-08-25,20.3253173828125
2004-08-26,20.297693252563477
2004-08-27,20.442726135253906
2004-08-30,20.187192916870117
2004-08-31,20.297693252563477
2004-09-01,20.380569458007812
2004-09-02,20.587751388549805
2004-09-03,20.54631996154785
2004-09-07,20.6844539642334
2004-09-08,20.63609504699707
2004-09-09,20.553226470947266
2004-09-10,20.525602340698242
2004-09-13,20.54631996154785
2004-09-14,20.705162048339844
2004-09-15,20.622285842895508
2004-09-16,20.61539077758789
2004-09-17,20.677024841308594
2004-09-20,20.448434829711914
2004-09-21,20.55234718322754
2004-09-22,20.296045303344727
2004-09-23,20.150583267211914
2004-09-24,20.206003189086914
2004-09-27,20.08824920654297
2004-09-28,20.240631103515625
2004-09-29,20.33067512512207
2004-09-30,19.942773818969727
2004-10-01,20.129802703857422
2004-10-04,20.219860076904297
2004-10-05,20.15751075744629
2004-10-06,20.136737823486328
2004-10-07,19.67955780029297
2004-10-08,19.409391403198242
2004-10-11,19.5410099029541
2004-10-12,19.506366729736328
2004-10-13,19.298559188842773
2004-10-14,19.16695785522461
2004-10-15,19.194658279418945
2004-10-18,19.3747615814209
2004-10-19,19.056114196777344
2004-10-20,19.0491943359375
2004-10-21,18.869089126586914
2004-10-22,18.73055648803711
2004-10-25,18.62664794921875
2004-10-26,18.97991371154785
2004-10-27,19.478666305541992
2004-10-28,19.444032669067383
2004-10-29,19.49945068359375
2004-11-01,19.319353103637695
2004-11-02,19.17387580871582
2004-11-03,19.74188804626465
2004-11-04,19.783449172973633
2004-11-05,19.901214599609375
2004-11-08,19.894290924072266
2004-11-09,19.901214599609375
2004-11-10,19.84579849243164
2004-11-11,19.949703216552734
2004-11-12,19.977405548095703
2004-11-15,20.081308364868164
2004-11-16,19.984336853027344
2004-11-17,19.977405548095703
2004-11-18,19.92198944091797
2004-11-19,19.67955780029297
2004-11-22,19.714191436767578
2004-11-23,19.65184211730957
2004-11-24,19.700332641601562
2004-11-26,19.818086624145508
2004-11-29,19.811166763305664
2004-11-30,19.880428314208984
2004-12-01,20.212926864624023
2004-12-02,20.406879425048828
2004-12-03,20.26833724975586
2004-12-06,20.22677993774414
2004-12-07,20.018966674804688
2004-12-08,20.30990219116211
2004-12-09,20.44151496887207
2004-12-10,20.42766571044922
2004-12-13,20.524642944335938
2004-12-14,20.704742431640625
2004-12-15,20.76708221435547
2004-12-16,21.058021545410156
2004-12-17,20.636259078979492
2004-12-20,20.38612174987793
2004-12-21,20.580673217773438
2004-12-22,20.733535766601562
2004-12-23,20.816919326782227
2004-12-27,20.78911781311035
2004-12-28,21.004520416259766
2004-12-29,21.046205520629883
2004-12-30,21.06009864807129
2004-12-31,20.976728439331055
2005-01-03,20.733535766601562
2005-01-04,20.566776275634766
2005-01-05,20.53203582763672
2005-01-06,20.684890747070312
2005-01-07,20.671001434326172
2005-01-10,20.85165023803711
2005-01-11,20.705745697021484
2005-01-12,20.844707489013672
2005-01-13,20.53203582763672
2005-01-14,20.61541175842285
2005-01-18,20.78217315673828
2005-01-19,20.650148391723633
2005-01-20,20.545930862426758
2005-01-21,20.40696907043457
2005-01-24,20.233253479003906
2005-01-25,20.372222900390625
2005-01-26,20.497291564941406
2005-01-27,20.455608367919922
2005-01-28,20.288850784301758
2005-01-31,20.32358741760254
2005-02-01,20.51814079284668
2005-02-02,20.601524353027344
2005-02-03,20.53898811340332
2005-02-04,20.72658348083496
2005-02-07,20.74048614501953
2005-02-08,20.78911781311035
2005-02-09,20.566776275634766
2005-02-10,20.601524353027344
2005-02-11,20.809968948364258
2005-02-14,20.82386589050293
2005-02-15,20.816919326782227
2005-02-16,20.78911781311035
2005-02-17,20.76133155822754
2005-02-18,21.07400131225586
2005-02-22,20.82386589050293
2005-02-23,20.921144485473633
2005-02-24,21.08094596862793
2005-02-25,21.254655838012695
2005-02-28,20.935039520263672
2005-03-01,21.10178565979004
2005-03-02,21.122638702392578
2005-03-03,21.10178565979004
2005-03-04,21.296340942382812
2005-03-07,21.344982147216797
2005-03-08,21.20602035522461
2005-03-09,21.07400131225586
2005-03-10,21.150426864624023
2005-03-11,20.983673095703125
2005-03-14,21.018404006958008
2005-03-15,20.77522850036621
2005-03-16,20.573734283447266
2005-03-17,20.643205642700195
2005-03-18,20.622995376586914
2005-03-21,20.539321899414062
2005-03-22,20.546300888061523
2005-03-23,20.769399642944336
2005-03-24,20.77637481689453
2005-03-28,20.76243019104004
2005-03-29,20.692703247070312
2005-03-30,21.02039909362793
2005-03-31,20.818206787109375
2005-04-01,20.636934280395508
2005-04-04,20.74151611328125
2005-04-05,21.159832000732422
2005-04-06,21.17376708984375
2005-04-07,21.389902114868164
2005-04-08,21.23651885986328
2005-04-11,21.215612411499023
2005-04-12,21.355043411254883
2005-04-13,21.452640533447266
2005-04-14,21.368989944458008
2005-04-15,21.47356605529785
2005-04-18,21.327150344848633
2005-04-19,21.313213348388672
2005-04-20,21.048274993896484
2005-04-21,21.334121704101562
2005-04-22,21.257429122924805
2005-04-25,21.306243896484375
2005-04-26,21.17376708984375
2005-04-27,21.334121704101562
2005-04-28,21.22955322265625
2005-04-29,21.543291091918945
2005-05-02,21.633922576904297
2005-05-03,21.619979858398438
2005-05-04,21.836105346679688
2005-05-05,21.829133987426758
2005-05-06,21.731523513793945
2005-05-09,21.891883850097656
2005-05-10,21.752443313598633
2005-05-11,21.843074798583984
2005-05-12,21.81519317626953
2005-05-13,21.668787002563477
2005-05-16,21.926740646362305
2005-05-17,21.912805557250977
2005-05-18,21.961599349975586
2005-05-19,21.954626083374023
2005-05-20,21.940683364868164
2005-05-23,21.98251724243164
2005-05-24,22.010406494140625
2005-05-25,21.870960235595703
2005-05-26,21.954626083374023
2005-05-27,21.884910583496094
2005-05-31,21.81519317626953
2005-06-01,21.870960235595703
2005-06-02,21.870960235595703
2005-06-03,21.794279098510742
2005-06-06,21.801250457763672
2005-06-07,21.808216094970703
2005-06-08,21.654848098754883
2005-06-09,21.745466232299805
2005-06-10,21.69667625427246
2005-06-13,21.78730010986328
2005-06-14,21.975547790527344
2005-06-15,21.891883850097656
2005-06-16,22.031326293945312
2005-06-17,22.14041519165039
2005-06-20,22.112442016601562
2005-06-21,22.077476501464844
2005-06-22,22.000551223754883
2005-06-23,21.853700637817383
2005-06-24,21.74880027770996
2005-06-27,21.657886505126953
2005-06-28,21.87467384338379
2005-06-29,21.84670066833496
2005-06-30,21.69985008239746
2005-07-01,21.6718692779541
2005-07-05,21.74880027770996
2005-07-06,21.608938217163086
2005-07-07,21.601940155029297
2005-07-08,21.86069107055664
2005-07-11,21.930625915527344
2005-07-12,21.916629791259766
2005-07-13,21.797740936279297
2005-07-14,21.930625915527344
2005-07-15,22.035511016845703
2005-07-18,21.902645111083984
2005-07-19,21.909639358520508
2005-07-20,22.224336624145508
2005-07-21,21.986570358276367
2005-07-22,21.958593368530273
2005-07-25,21.82572364807129
2005-07-26,21.930625915527344
2005-07-27,22.133420944213867
2005-07-28,22.343219757080078
2005-07-29,22.18937110900879
2005-08-01,22.30125617980957
2005-08-02,22.385173797607422
2005-08-03,22.44112777709961
2005-08-04,22.217334747314453
2005-08-05,22.06348991394043
2005-08-08,21.979572296142578
2005-08-09,22.2313232421875
2005-08-10,22.19635772705078
2005-08-11,22.329233169555664
2005-08-12,22.20334815979004
2005-08-15,22.217334747314453
2005-08-16,22.06348991394043
2005-08-17,22.10544776916504
2005-08-18,22.112442016601562
2005-08-19,21.958593368530273
2005-08-22,21.958593368530273
2005-08-23,21.818729400634766
2005-08-24,21.74880027770996
2005-08-25,21.776765823364258
2005-08-26,21.69985008239746
2005-08-29,21.916629791259766
2005-08-30,21.888662338256836
2005-08-31,22.112442016601562
2005-09-01,22.119434356689453
2005-09-02,22.10544776916504
2005-09-06,22.455116271972656
2005-09-07,22.60195541381836
2005-09-08,22.587974548339844
2005-09-09,22.664905548095703
2005-09-12,22.587974548339844
2005-09-13,22.35020637512207
2005-09-14,22.287275314331055
2005-09-15,22.273284912109375
2005-09-16,22.445829391479492
2005-09-19,22.284507751464844
2005-09-20,22.116161346435547
2005-09-21,22.010948181152344
2005-09-22,22.06005096435547
2005-09-23,22.074079513549805
2005-09-26,22.03900909423828
2005-09-27,21.912755966186523
2005-09-28,21.92677879333496
2005-09-29,21.975881576538086
2005-09-30,21.98990821838379
2005-10-03,22.010948181152344
2005-10-04,22.102142333984375
2005-10-05,21.73739242553711
2005-10-06,21.590089797973633
2005-10-07,21.569047927856445
2005-10-10,21.540985107421875
2005-10-11,21.358617782592773
2005-10-12,21.407716751098633
2005-10-13,21.51293182373047
2005-10-14,21.61113929748535
2005-10-17,21.6041202545166
2005-10-18,21.576059341430664
2005-10-19,21.7864933013916
2005-10-20,21.33757209777832
2005-10-21,21.204301834106445
2005-10-24,21.379657745361328
2005-10-25,21.246381759643555
2005-10-26,20.979846954345703
2005-10-27,20.90268325805664
2005-10-28,21.21833038330078
2005-10-31,21.316524505615234
2005-11-01,21.253400802612305
2005-11-02,21.253400802612305
2005-11-03,21.386682510375977
2005-11-04,21.498903274536133
2005-11-07,21.540985107421875
2005-11-08,21.491893768310547
2005-11-09,21.51293182373047
2005-11-10,21.793506622314453
2005-11-11,21.800525665283203
2005-11-14,21.653215408325195
2005-11-15,21.765445709228516
2005-11-16,21.723371505737305
2005-11-17,21.835588455200195
2005-11-18,21.92677879333496
2005-11-21,21.968860626220703
2005-11-22,21.84260368347168
2005-11-23,21.89872169494629
2005-11-25,21.92677879333496
2005-11-28,21.695308685302734
2005-11-29,21.71634864807129
2005-11-30,21.576059341430664
2005-12-01,21.793506622314453
2005-12-02,21.870662689208984
2005-12-05,21.912755966186523
2005-12-06,21.870662689208984
2005-12-07,21.779483795166016
2005-12-08,21.85662841796875
2005-12-09,21.884689331054688
2005-12-12,21.89170265197754
2005-12-13,22.13020133972168
2005-12-14,22.193313598632812
2005-12-15,22.256452560424805
2005-12-16,22.308521270751953
2005-12-19,22.505569458007812
2005-12-20,22.47743034362793
2005-12-21,22.54778480529785
2005-12-22,22.695585250854492
2005-12-23,22.723730087280273
2005-12-27,22.5407657623291
2005-12-28,22.5407657623291
2005-12-29,22.46335220336914
2005-12-30,22.322608947753906
2006-01-03,22.597061157226562
2006-01-04,22.822263717651367
2006-01-05,22.76595687866211
2006-01-06,22.91374397277832
2006-01-09,23.019302368164062
2006-01-10,22.934856414794922
2006-01-11,22.87855339050293
2006-01-12,22.85744285583496
2006-01-13,22.84337615966797
2006-01-17,22.7800235748291
2006-01-18,22.815221786499023
2006-01-19,22.934856414794922
2006-01-20,22.498538970947266
2006-01-23,22.484458923339844
2006-01-24,22.378904342651367
2006-01-25,22.350759506225586
2006-01-26,22.46335220336914
2006-01-27,22.723730087280273
2006-01-30,22.61817169189453
2006-01-31,22.61113166809082
2006-02-01,22.751880645751953
2006-02-02,22.56890869140625
2006-02-03,22.526681900024414
2006-02-06,22.322608947753906
2006-02-07,22.28742027282715
2006-02-08,22.575952529907227
2006-02-09,22.597061157226562
2006-02-10,22.54778480529785
2006-02-13,22.5196475982666
2006-02-14,22.73781967163086
2006-02-15,22.87152099609375
2006-02-16,23.019302368164062
2006-02-17,23.005231857299805
2006-02-21,22.885589599609375
2006-02-22,23.082637786865234
2006-02-23,22.998193740844727
2006-02-24,22.998193740844727
2006-02-27,23.174118041992188
2006-02-28,22.87152099609375
2006-03-01,22.892623901367188
2006-03-02,22.85041618347168
2006-03-03,22.772985458374023
2006-03-06,22.653350830078125
2006-03-07,22.660396575927734
2006-03-08,22.815221786499023
2006-03-09,22.73781967163086
2006-03-10,22.822263717651367
2006-03-13,22.808189392089844
2006-03-14,22.97003936767578
2006-03-15,23.047454833984375
2006-03-16,23.047454833984375
2006-03-17,23.101816177368164
2006-03-20,23.144184112548828
2006-03-21,23.002975463867188
2006-03-22,23.2359676361084
2006-03-23,23.108877182006836
2006-03-24,23.07358169555664
2006-03-27,22.897071838378906
2006-03-28,22.68524932861328
2006-03-29,22.748788833618164
2006-03-30,22.70643424987793
2006-03-31,22.579343795776367
2006-04-03,22.56521987915039
2006-04-04,22.593463897705078
2006-04-05,22.522859573364258
2006-04-06,22.353412628173828
2006-04-07,22.085113525390625
2006-04-10,22.042757034301758
2006-04-11,21.802690505981445
2006-04-12,21.950960159301758
2006-04-13,21.901548385620117
2006-04-17,21.774459838867188
2006-04-18,21.979202270507812
2006-04-19,21.85211944580078
2006-04-20,22.04981231689453
2006-04-21,22.00038719177246
2006-04-24,21.915668487548828
2006-04-25,21.781518936157227
2006-04-26,21.781518936157227
2006-04-27,21.661479949951172
2006-04-28,21.880359649658203
2006-05-01,21.689729690551758
2006-05-02,21.689729690551758
2006-05-03,21.449665069580078
2006-05-04,21.5202693939209
2006-05-05,21.73208999633789
2006-05-08,21.725032806396484
2006-05-09,21.569692611694336
2006-05-10,21.548519134521484
2006-05-11,21.506160736083984
2006-05-12,21.456729888916016
2006-05-15,21.760332107543945
2006-05-16,21.81681251525879
2006-05-17,21.590883255004883
2006-05-18,21.499088287353516
2006-05-19,21.37907600402832
2006-05-22,21.287281036376953
2006-05-23,21.188438415527344
2006-05-24,21.251977920532227
2006-05-25,21.449665069580078
2006-05-26,21.569692611694336
2006-05-30,21.287281036376953
2006-05-31,21.421430587768555
2006-06-01,21.725032806396484
2006-06-02,21.809755325317383
2006-06-05,21.470848083496094
2006-06-06,21.506160736083984
2006-06-07,21.60500144958496
2006-06-08,21.640300750732422
2006-06-09,21.484968185424805
2006-06-12,21.26609992980957
2006-06-13,21.209613800048828
2006-06-14,21.244918823242188
2006-06-15,21.506160736083984
2006-06-16,21.478519439697266
2006-06-19,21.315534591674805
2006-06-20,21.237592697143555
2006-06-21,21.343873977661133
2006-06-22,21.223417282104492
2006-06-23,21.24466896057129
2006-06-26,21.166728973388672
2006-06-27,20.947050094604492
2006-06-28,20.947050094604492
2006-06-29,21.30844497680664
2006-06-30,21.428913116455078
2006-07-03,21.47142791748047
2006-07-05,21.450176239013672
2006-07-06,21.528118133544922
2006-07-07,21.549379348754883
2006-07-10,21.627336502075195
2006-07-11,21.67693328857422
2006-07-12,21.598979949951172
2006-07-13,21.372222900390625
2006-07-14,21.237592697143555
2006-07-17,21.322620391845703
2006-07-18,21.322620391845703
2006-07-19,21.82575225830078
2006-07-20,21.847007751464844
2006-07-21,21.946212768554688
2006-07-24,22.371381759643555
2006-07-25,22.562713623046875
2006-07-26,22.66901206970215
2006-07-27,22.555625915527344
2006-07-28,22.67609977722168
2006-07-31,22.598148345947266
2006-08-01,22.598148345947266
2006-08-02,22.73987579345703
2006-08-03,22.541452407836914
2006-08-04,22.548545837402344
2006-08-07,22.477680206298828
2006-08-08,22.470598220825195
2006-08-09,22.491849899291992
2006-08-10,22.470598220825195
2006-08-11,22.364301681518555
2006-08-14,22.413902282714844
2006-08-15,22.605239868164062
2006-08-16,22.803653717041016
2006-08-17,22.860347747802734
2006-08-18,22.895774841308594
2006-08-21,22.817827224731445
2006-08-22,22.88868522644043
2006-08-23,22.8745174407959
2006-08-24,23.03041648864746
2006-08-25,23.044586181640625
2006-08-28,23.193395614624023
2006-08-29,23.299694061279297
2006-08-30,23.313871383666992
2006-08-31,23.24300193786621
2006-09-01,23.363468170166016
2006-09-05,23.257177352905273
2006-09-06,23.172142028808594
2006-09-07,23.00206184387207
2006-09-08,23.186315536499023
2006-09-11,23.33511734008789
2006-09-12,23.604408264160156
2006-09-13,23.554798126220703
2006-09-14,23.526453018188477
2006-09-15,23.564136505126953
2006-09-18,23.557031631469727
2006-09-19,23.59258460998535
2006-09-20,23.68502426147461
2006-09-21,23.535696029663086
2006-09-22,23.386384963989258
2006-09-25,23.47882080078125
2006-09-26,23.500137329101562
2006-09-27,23.564136505126953
2006-09-28,23.521474838256836
2006-09-29,23.599695205688477
2006-10-02,23.4646053314209
2006-10-03,23.535696029663086
2006-10-04,23.741901397705078
2006-10-05,23.741901397705078
2006-10-06,23.649463653564453
2006-10-09,23.599695205688477
2006-10-10,23.500137329101562
2006-10-11,23.49303436279297
2006-10-12,23.63524055480957
2006-10-13,23.557031631469727
2006-10-16,23.59258460998535
2006-10-17,23.656572341918945
2006-10-18,23.912555694580078
2006-10-19,23.891220092773438
2006-10-20,24.07610321044922
2006-10-23,24.140098571777344
2006-10-24,24.06186866760254
2006-10-25,23.919668197631836
2006-10-26,24.012104034423828
2006-10-27,23.912555694580078
2006-10-30,23.777462005615234
2006-10-31,23.67791175842285
2006-11-01,23.50725555419922
2006-11-02,23.63524055480957
2006-11-03,23.514373779296875
2006-11-06,23.798778533935547
2006-11-07,23.983659744262695
2006-11-08,23.621030807495117
2006-11-09,23.066408157348633
2006-11-10,23.10196304321289
2006-11-13,23.14461326599121
2006-11-14,23.33660888671875
2006-11-15,23.45037078857422
2006-11-16,23.54991912841797
2006-11-17,23.621030807495117
2006-11-20,23.564136505126953
2006-11-21,23.528593063354492
2006-11-22,23.578359603881836
2006-11-24,23.47882080078125
2006-11-27,23.322383880615234
2006-11-28,23.37215232849121
2006-11-29,23.535696029663086
2006-11-30,23.649463653564453
2006-12-01,23.628135681152344
2006-12-04,23.514373779296875
2006-12-05,23.606800079345703
2006-12-06,23.64235496520996
2006-12-07,23.59258460998535
2006-12-08,23.63524055480957
2006-12-11,23.68502426147461
2006-12-12,23.6921329498291
2006-12-13,23.64235496520996
2006-12-14,23.763227462768555
2006-12-15,23.83959197998047
2006-12-18,23.88953399658203
2006-12-19,24.010835647583008
2006-12-20,24.02509880065918
2006-12-21,23.960886001586914
2006-12-22,23.860992431640625
2006-12-26,23.875259399414062
2006-12-27,23.98943328857422
2006-12-28,23.960886001586914
2006-12-29,23.89667510986328
2007-01-03,23.903804779052734
2007-01-04,24.17495346069336
2007-01-05,24.039377212524414
2007-01-08,24.06791877746582
2007-01-09,24.039377212524414
2007-01-10,24.082191467285156
2007-01-11,24.346200942993164
2007-01-12,24.460359573364258
2007-01-16,24.517452239990234
2007-01-17,24.660158157348633
2007-01-18,24.731517791748047
2007-01-19,24.738645553588867
2007-01-22,24.588808059692383
2007-01-23,24.460359573364258
2007-01-24,24.645891189575195
2007-01-25,24.560258865356445
2007-01-26,24.424692153930664
2007-01-29,24.389009475708008
2007-01-30,24.510303497314453
2007-01-31,24.624479293823242
2007-02-01,24.831417083740234
2007-02-02,24.781463623046875
2007-02-05,24.774328231811523
2007-02-06,24.702978134155273
2007-02-07,24.738645553588867
2007-02-08,24.71725082397461
2007-02-09,24.645891189575195
2007-02-12,24.538854598999023
2007-02-13,24.638755798339844
2007-02-14,24.767194747924805
2007-02-15,24.881362915039062
2007-02-16,24.781463623046875
2007-02-20,24.795747756958008
2007-02-21,24.681568145751953
2007-02-22,24.645891189575195
2007-02-23,24.538854598999023
2007-02-26,24.638755798339844
2007-02-27,23.88953399658203
2007-02-28,24.053647994995117
2007-03-01,23.946613311767578
2007-03-02,23.732555389404297
2007-03-05,23.61124610900879
2007-03-06,23.860992431640625
2007-03-07,23.86812973022461
2007-03-08,23.946613311767578
2007-03-09,23.996562957763672
2007-03-12,23.996562957763672
2007-03-13,23.604110717773438
2007-03-14,23.696874618530273
2007-03-15,23.75395965576172
2007-03-16,23.77831268310547
2007-03-19,23.964519500732422
2007-03-20,24.086278915405273
2007-03-21,24.329788208007812
2007-03-22,24.415740966796875
2007-03-23,24.29398536682129
2007-03-26,24.329788208007812
2007-03-27,24.15789794921875
2007-03-28,23.99317741394043
2007-03-29,24.107765197753906
2007-03-30,24.100610733032227
2007-04-02,24.229516983032227
2007-04-03,24.480201721191406
2007-04-04,24.623441696166992
2007-04-05,24.79534149169922
2007-04-09,24.8024959564209
2007-04-10,24.838302612304688
2007-04-11,24.73086929321289
2007-04-12,25.01019859313965
2007-04-13,25.375465393066406
2007-04-16,25.61897850036621
2007-04-17,25.697763442993164
2007-04-18,25.69059944152832
2007-04-19,25.79803466796875
2007-04-20,25.898300170898438
2007-04-23,25.92694854736328
2007-04-24,25.92694854736328
2007-04-25,26.005733489990234
2007-04-26,26.03438949584961
2007-04-27,25.948436737060547
2007-04-30,25.862491607666016
2007-05-01,25.91979217529297
2007-05-02,26.084510803222656
2007-05-03,26.141803741455078
2007-05-04,26.285058975219727
2007-05-07,26.34235191345215
2007-05-08,26.242082595825195
2007-05-09,26.328035354614258
2007-05-10,25.862491607666016
2007-05-11,25.9627628326416
2007-05-14,25.93411636352539
2007-05-15,25.90546989440918
2007-05-16,26.199108123779297
2007-05-17,26.098834991455078
2007-05-18,26.206274032592773
2007-05-21,26.263566970825195
2007-05-22,26.249265670776367
2007-05-23,26.34235191345215
2007-05-24,26.242082595825195
2007-05-25,26.227752685546875
2007-05-29,26.242082595825195
2007-05-30,26.249265670776367
2007-05-31,26.30653953552246
2007-06-01,26.335193634033203
2007-06-04,26.285058975219727
2007-06-05,26.220598220825195
2007-06-06,25.977092742919922
2007-06-07,25.590333938598633
2007-06-08,25.676279067993164
2007-06-11,25.683429718017578
2007-06-12,25.497215270996094
2007-06-13,25.70492172241211
2007-06-14,25.776546478271484
2007-06-15,25.9731388092041
2007-06-18,25.8219051361084
2007-06-19,25.8219051361084
2007-06-20,25.49787139892578
2007-06-21,25.56989097595215
2007-06-22,25.181045532226562
2007-06-25,25.137842178344727
2007-06-26,25.26744842529297
2007-06-27,25.476276397705078
2007-06-28,25.49787139892578
2007-06-29,25.425857543945312
2007-07-02,25.56989097595215
2007-07-03,25.613080978393555
2007-07-05,25.605884552001953
2007-07-06,25.663490295410156
2007-07-09,25.584287643432617
2007-07-10,25.36825942993164
2007-07-11,25.45467185974121
2007-07-12,25.929916381835938
2007-07-13,25.865114212036133
2007-07-16,25.89390754699707
2007-07-17,25.814714431762695
2007-07-18,25.742698669433594
2007-07-19,25.605884552001953
2007-07-20,25.36825942993164
2007-07-23,25.56268310546875
2007-07-24,25.303449630737305
2007-07-25,25.289051055908203
2007-07-26,24.770599365234375
2007-07-27,24.18013572692871
2007-07-30,24.482563018798828
2007-07-31,24.21613883972168
2007-08-01,24.381763458251953
2007-08-02,24.590587615966797
2007-08-03,24.25214385986328
2007-08-06,24.727399826049805
2007-08-07,24.842605590820312
2007-08-08,25.13064193725586
2007-08-09,24.540180206298828
2007-08-10,24.41055679321289
2007-08-13,24.482563018798828
2007-08-14,24.280946731567383
2007-08-15,24.223346710205078
2007-08-16,24.23055076599121
2007-08-17,24.28814697265625
2007-08-20,24.403364181518555
2007-08-21,24.46816635131836
2007-08-22,24.590587615966797
2007-08-23,24.74899673461914
2007-08-24,24.90022087097168
2007-08-27,24.727399826049805
2007-08-28,24.475374221801758
2007-08-29,24.655384063720703
2007-08-30,24.655384063720703
2007-08-31,24.770599365234375
2007-09-04,24.986621856689453
2007-09-05,24.93621826171875
2007-09-06,25.015424728393555
2007-09-07,24.74899673461914
2007-09-10,24.770599365234375
2007-09-11,24.957820892333984
2007-09-12,25.065834045410156
2007-09-13,25.123435974121094
2007-09-14,25.051441192626953
2007-09-17,24.972219467163086
2007-09-18,25.418668746948242
2007-09-19,25.519468307495117
2007-09-20,25.490684509277344
2007-09-21,25.615686416625977
2007-09-24,25.565095901489258
2007-09-25,25.4783935546875
2007-09-26,25.622905731201172
2007-09-27,25.72406578063965
2007-09-28,25.54342269897461
2007-10-01,25.933624267578125
2007-10-02,25.789104461669922
2007-10-03,25.890275955200195
2007-10-04,25.861364364624023
2007-10-05,26.19375228881836
2007-10-08,26.01311492919922
2007-10-09,26.22988510131836
2007-10-10,26.27324104309082
2007-10-11,26.049245834350586
2007-10-12,26.19375228881836
2007-10-15,25.91194725036621
2007-10-16,25.716846466064453
2007-10-17,25.738536834716797
2007-10-18,25.745742797851562
2007-10-19,25.43503189086914
2007-10-22,25.43503189086914
2007-10-23,25.73129653930664
2007-10-24,25.54342269897461
2007-10-25,25.69516372680664
2007-10-26,25.781883239746094
2007-10-29,25.890275955200195
2007-10-30,25.861364364624023
2007-10-31,26.02033042907715
2007-11-01,25.65904426574707
2007-11-02,25.586780548095703
2007-11-05,25.57232093811035
2007-11-06,25.709617614746094
2007-11-07,25.124317169189453
2007-11-08,25.290523529052734
2007-11-09,25.225488662719727
2007-11-12,25.290523529052734
2007-11-13,25.622905731201172
2007-11-14,25.72406578063965
2007-11-15,25.565095901489258
2007-11-16,25.680713653564453
2007-11-19,25.536197662353516
2007-11-20,25.586780548095703
2007-11-21,25.015947341918945
2007-11-23,25.420589447021484
2007-11-26,25.225488662719727
2007-11-27,25.550655364990234
2007-11-28,26.157615661621094
2007-11-29,26.316587448120117
2007-11-30,26.35272789001465
2007-12-03,26.1865234375
2007-12-04,26.17930030822754
2007-12-05,26.388856887817383
2007-12-06,26.569494247436523
2007-12-07,26.55504608154297
2007-12-10,26.60562515258789
2007-12-11,26.19375228881836
2007-12-12,26.20821189880371
2007-12-13,26.19375228881836
2007-12-14,25.796329498291016
2007-12-17,25.52174186706543
2007-12-18,25.716846466064453
2007-12-19,25.70238494873047
2007-12-20,25.85413360595703
2007-12-21,26.013687133789062
2007-12-24,26.1007137298584
2007-12-26,26.071699142456055
2007-12-27,25.80337142944336
2007-12-28,25.701828002929688
2007-12-31,25.607553482055664
2008-01-02,25.339229583740234
2008-01-03,25.491519927978516
2008-01-04,25.230464935302734
2008-01-07,25.730846405029297
2008-01-08,25.941158294677734
2008-01-09,26.405305862426758
2008-01-10,26.369047164916992
2008-01-11,26.448823928833008
2008-01-14,26.245758056640625
2008-01-15,25.94841957092285
2008-01-16,26.013687133789062
2008-01-17,25.513282775878906
2008-01-18,25.143413543701172
2008-01-22,24.229639053344727
2008-01-23,24.403697967529297
2008-01-24,24.30942153930664
2008-01-25,23.9250545501709
2008-01-28,24.229639053344727
2008-01-29,24.29490852355957
2008-01-30,24.01207160949707
2008-01-31,24.439960479736328
2008-02-01,24.55598258972168
2008-02-04,24.64301300048828
2008-02-05,24.193387985229492
2008-02-06,24.2586612701416
2008-02-07,24.16437530517578
2008-02-08,24.01207160949707
2008-02-11,23.939546585083008
2008-02-12,24.28766632080078
2008-02-13,24.25139808654785
2008-02-14,24.149866104125977
2008-02-15,24.17162322998047
2008-02-19,24.476219177246094
2008-02-20,24.403697967529297
2008-02-21,24.149866104125977
2008-02-22,24.20063591003418
2008-02-25,24.512479782104492
2008-02-26,24.29490852355957
2008-02-27,24.403697967529297
2008-02-28,24.120859146118164
2008-02-29,23.78725242614746
2008-03-03,23.78000831604004
2008-03-04,23.809005737304688
2008-03-05,23.7654972076416
2008-03-06,23.286853790283203
2008-03-07,23.01852035522461
2008-03-10,22.48185920715332
2008-03-11,22.69942855834961
2008-03-12,22.69942855834961
2008-03-13,22.670421600341797
2008-03-14,22.249786376953125
2008-03-17,22.22077178955078
2008-03-18,22.9169864654541
2008-03-19,22.619647979736328
2008-03-20,22.64805793762207
2008-03-24,22.946735382080078
2008-03-25,22.990442276000977
2008-03-26,22.76461410522461
2008-03-27,22.881175994873047
2008-03-28,22.82289695739746
2008-03-31,22.706336975097656
2008-04-01,23.070575714111328
2008-04-02,22.910308837890625
2008-04-03,22.83746910095215
2008-04-04,23.01957893371582
2008-04-07,23.281829833984375
2008-04-08,23.201696395874023
2008-04-09,23.092426300048828
2008-04-10,23.274539947509766
2008-04-11,22.968582153320312
2008-04-14,22.86659812927246
2008-04-15,22.844745635986328
2008-04-16,22.968582153320312
2008-04-17,22.82289695739746
2008-04-18,23.04142189025879
2008-04-21,22.968582153320312
2008-04-22,22.72818374633789
2008-04-23,22.801034927368164
2008-04-24,22.873884201049805
2008-04-25,23.17255401611328
2008-04-28,23.310958862304688
2008-04-29,23.055999755859375
2008-04-30,22.93214988708496
2008-05-01,23.340099334716797
2008-05-02,23.34738540649414
2008-05-05,23.281829833984375
2008-05-06,23.238117218017578
2008-05-07,23.03414535522461
2008-05-08,22.946735382080078
2008-05-09,22.924880981445312
2008-05-12,23.099714279174805
2008-05-13,22.881175994873047
2008-05-14,23.070575714111328
2008-05-15,23.005008697509766
2008-05-16,23.092426300048828
2008-05-19,23.238117218017578
2008-05-20,23.17255401611328
2008-05-21,22.968582153320312
2008-05-22,23.216266632080078
2008-05-23,22.83746910095215
2008-05-27,22.93214988708496
2008-05-28,22.910308837890625
2008-05-29,23.405658721923828
2008-05-30,23.369251251220703
2008-06-02,23.092426300048828
2008-06-03,23.24540138244629
2008-06-04,23.252687454223633
2008-06-05,23.456653594970703
2008-06-06,22.888458251953125
2008-06-09,22.76461410522461
2008-06-10,22.54606819152832
2008-06-11,22.32024383544922
2008-06-12,22.130847930908203
2008-06-13,22.480520248413086
2008-06-16,22.553359985351562
2008-06-17,22.49509048461914
2008-06-18,22.240116119384766
2008-06-19,22.26926040649414
2008-06-20,21.956016540527344
2008-06-23,22.11702537536621
2008-06-24,22.197532653808594
2008-06-25,22.44637107849121
2008-06-26,21.992610931396484
2008-06-27,22.13898277282715
2008-06-30,22.38050079345703
2008-07-01,22.38050079345703
2008-07-02,22.2268123626709
2008-07-03,22.321943283081055
2008-07-07,22.175569534301758
2008-07-08,22.761070251464844
2008-07-09,22.870853424072266
2008-07-10,22.995262145996094
2008-07-11,22.556148529052734
2008-07-14,22.709842681884766
2008-07-15,22.81962013244629
2008-07-16,22.980632781982422
2008-07-17,23.20751190185547
2008-07-18,23.200191497802734
2008-07-21,22.79035186767578
2008-07-22,23.105043411254883
2008-07-23,23.20751190185547
2008-07-24,23.18556022644043
2008-07-25,23.324609756469727
2008-07-28,23.13432502746582
2008-07-29,23.368520736694336
2008-07-30,23.3612003326416
2008-07-31,23.38316535949707
2008-08-01,23.20751190185547
2008-08-04,23.40511703491211
2008-08-05,24.166257858276367
2008-08-06,24.26140594482422
2008-08-07,23.96864891052246
2008-08-08,24.385820388793945
2008-08-11,24.40777015686035
2008-08-12,24.35654067993164
2008-08-13,24.371183395385742
2008-08-14,24.35654067993164
2008-08-15,24.598066329956055
2008-08-18,24.393138885498047
2008-08-19,24.283367156982422
2008-08-20,24.129661560058594
2008-08-21,23.97597312927246
2008-08-22,24.378503799438477
2008-08-25,23.983285903930664
2008-08-26,23.95401382446289
2008-08-27,23.9906063079834
2008-08-28,24.129661560058594
2008-08-29,23.866191864013672
2008-09-02,23.82227897644043
2008-09-03,23.961334228515625
2008-09-04,23.434389114379883
2008-09-05,23.30997085571289
2008-09-08,23.6978702545166
2008-09-09,23.49293327331543
2008-09-10,23.397794723510742
2008-09-11,23.49293327331543
2008-09-12,23.712501525878906
2008-09-15,23.05382537841797
2008-09-16,23.017223358154297
2008-09-17,22.65129852294922
2008-09-18,22.944032669067383
2008-09-19,23.19546890258789
2008-09-22,22.644079208374023
2008-09-23,22.107379913330078
2008-09-24,22.313241958618164
2008-09-25,22.717594146728516
2008-09-26,22.67349624633789
2008-09-29,22.166200637817383
2008-09-30,22.092674255371094
2008-10-01,22.239721298217773
2008-10-02,22.276466369628906
2008-10-03,21.798599243164062
2008-10-06,20.98253059387207
2008-10-07,20.475244522094727
2008-10-08,20.107641220092773
2008-10-09,18.563735961914062
2008-10-10,17.747663497924805
2008-10-13,19.8870849609375
2008-10-14,20.29144859313965
2008-10-15,18.306413650512695
2008-10-16,19.262170791625977
2008-10-17,19.18865203857422
2008-10-20,19.960609436035156
2008-10-21,19.90179443359375
2008-10-22,19.409212112426758
2008-10-23,18.960744857788086
2008-10-24,18.894567489624023
2008-10-27,18.085857391357422
2008-10-28,19.22540855407715
2008-10-29,19.09307861328125
2008-10-30,19.541545867919922
2008-10-31,19.55624771118164
2008-11-03,19.70328712463379
2008-11-04,19.960609436035156
2008-11-05,19.666526794433594
2008-11-06,19.18865203857422
2008-11-07,19.431272506713867
2008-11-10,19.291574478149414
2008-11-11,18.94603729248047
2008-11-12,18.526968002319336
2008-11-13,19.51949691772461
2008-11-14,18.776945114135742
2008-11-17,18.453454971313477
2008-11-18,18.578445434570312
2008-11-19,17.828535079956055
2008-11-20,17.321250915527344
2008-11-21,17.34330177307129
2008-11-24,17.68885040283203
2008-11-25,17.806468963623047
2008-11-26,18.085857391357422
2008-11-28,18.321117401123047
2008-12-01,17.38005828857422
2008-12-02,17.828535079956055
2008-12-03,18.25495147705078
2008-12-04,17.909408569335938
2008-12-05,18.519624710083008
2008-12-08,18.66666030883789
2008-12-09,18.372577667236328
2008-12-10,18.321117401123047
2008-12-11,18.431398391723633
2008-12-12,18.468162536621094
2008-12-15,18.431398391723633
2008-12-16,19.159242630004883
2008-12-17,19.04161262512207
2008-12-18,19.18130111694336
2008-12-19,19.29816436767578
2008-12-22,19.16502571105957
2008-12-23,19.172414779663086
2008-12-24,19.105850219726562
2008-12-26,19.12063980102539
2008-12-29,19.091053009033203
2008-12-30,19.460901260375977
2008-12-31,19.63842010498047
2009-01-02,20.037839889526367
2009-01-05,19.94168472290039
2009-01-06,19.61623191833496
2009-01-07,19.43871307373047
2009-01-08,19.54966163635254
2009-01-09,19.342544555664062
2009-01-12,19.091053009033203
2009-01-13,19.25379753112793
2009-01-14,18.980104446411133
2009-01-15,19.113252639770508
2009-01-16,19.275972366333008
2009-01-20,18.809974670410156
2009-01-21,19.20940399169922
2009-01-22,19.290771484375
2009-01-23,19.290771484375
2009-01-26,19.187217712402344
2009-01-27,19.586633682250977
2009-01-28,19.889904022216797
2009-01-29,19.608829498291016
2009-01-30,19.401718139648438
2009-02-02,19.5274600982666
2009-02-03,20.030447006225586
2009-02-04,19.94168472290039
2009-02-05,20.111812591552734
2009-02-06,20.274538040161133
2009-02-09,20.21535873413086
2009-02-10,19.542261123657227
2009-02-11,19.786359786987305
2009-02-12,20.015647888183594
2009-02-13,19.712385177612305
2009-02-17,19.372140884399414
2009-02-18,19.36474609375
2009-02-19,19.3277530670166
2009-02-20,19.12803840637207
2009-02-23,18.750804901123047
2009-02-24,19.02448272705078
2009-02-25,18.639856338500977
2009-02-26,17.70786476135254
2009-02-27,16.997770309448242
2009-03-02,16.265493392944336
2009-03-03,16.228504180908203
2009-03-04,16.694507598876953
2009-03-05,16.250694274902344
2009-03-06,16.487398147583008
2009-03-09,16.18412208557129
2009-03-10,16.768476486206055
2009-03-11,16.465200424194336
2009-03-12,17.271453857421875
2009-03-13,17.84839630126953
2009-03-16,17.65608024597168
2009-03-17,17.929767608642578
2009-03-18,17.959352493286133
2009-03-19,17.522945404052734
2009-03-20,17.52741241455078
2009-03-23,18.167476654052734
2009-03-24,17.92930793762207
2009-03-25,18.04839324951172
2009-03-26,18.249340057373047
2009-03-27,18.05583953857422
2009-03-30,17.951641082763672
2009-03-31,18.018630981445312
2009-04-01,18.01118278503418
2009-04-02,18.085603713989258
2009-04-03,17.78790283203125
2009-04-06,17.959075927734375
2009-04-07,17.75813865661621
2009-04-08,17.877212524414062
2009-04-09,17.959075927734375
2009-04-13,18.10049057006836
2009-04-14,18.018630981445312
2009-04-15,18.12281608581543
2009-04-16,18.204687118530273
2009-04-17,18.413087844848633
2009-04-20,18.05583953857422
2009-04-21,17.884658813476562
2009-04-22,17.691146850585938
2009-04-23,17.706035614013672
2009-04-24,17.68369483947754
2009-04-27,17.877212524414062
2009-04-28,17.94420051574707
2009-04-29,18.01118278503418
2009-04-30,17.996294021606445
2009-05-01,17.96653175354004
2009-05-04,18.264240264892578
2009-05-05,18.472620010375977
2009-05-06,18.360980987548828
2009-05-07,18.733121871948242
2009-05-08,19.045711517333984
2009-05-11,18.718236923217773
2009-05-12,19.02336883544922
2009-05-13,18.978721618652344
2009-05-14,19.001049041748047
2009-05-15,18.852203369140625
2009-05-18,19.03826141357422
2009-05-19,18.896854400634766
2009-05-20,18.97127342224121
2009-05-21,18.800098419189453
2009-05-22,18.82242774963379
2009-05-26,18.993608474731445
2009-05-27,18.800098419189453
2009-05-28,18.896854400634766
2009-05-29,19.22432518005371
2009-06-01,19.35085678100586
2009-06-02,19.469932556152344
2009-06-03,19.425281524658203
2009-06-04,19.157344818115234
2009-06-05,19.194557189941406
2009-06-08,18.98617172241211
2009-06-09,18.889408111572266
2009-06-10,18.807544708251953
2009-06-11,19.008501052856445
2009-06-12,19.075481414794922
2009-06-15,18.48750877380371
2009-06-16,18.561939239501953
2009-06-17,18.98617172241211
2009-06-18,19.35085678100586
2009-06-19,19.507936477661133
2009-06-22,19.156375885009766
2009-06-23,19.096532821655273
2009-06-24,19.19376564025879
2009-06-25,19.724853515625
2009-06-26,19.724853515625
2009-06-29,19.844532012939453
2009-06-30,19.67997932434082
2009-07-01,19.732330322265625
2009-07-02,19.261096954345703
2009-07-06,19.410694122314453
2009-07-07,19.335895538330078
2009-07-08,19.515413284301758
2009-07-09,19.268579483032227
2009-07-10,19.178810119628906
2009-07-13,19.515413284301758
2009-07-14,19.605175018310547
2009-07-15,19.7772216796875
2009-07-16,19.904369354248047
2009-07-17,19.844532012939453
2009-07-20,19.889413833618164
2009-07-21,20.181137084960938
2009-07-22,20.10633087158203
2009-07-23,20.51026153564453
2009-07-24,20.86930274963379
2009-07-27,20.854341506958008
2009-07-28,20.996458053588867
2009-07-29,20.981502532958984
2009-07-30,21.01141929626465
2009-07-31,20.846860885620117
2009-08-03,20.974031448364258
2009-08-04,21.02638053894043
2009-08-05,20.72718048095703
2009-08-06,20.577579498291016
2009-08-07,20.667335510253906
2009-08-10,20.831905364990234
2009-08-11,20.801986694335938
2009-08-12,20.914182662963867
2009-08-13,20.891742706298828
2009-08-14,20.891742706298828
2009-08-17,20.809457778930664
2009-08-18,20.794498443603516
2009-08-19,21.086219787597656
2009-08-20,21.235828399658203
2009-08-21,21.45275115966797
2009-08-24,21.602340698242188
2009-08-25,21.602340698242188
2009-08-26,21.609830856323242
2009-08-27,21.602340698242188
2009-08-28,21.44527244567871
2009-08-31,21.40787124633789
2009-09-01,21.063783645629883
2009-09-02,21.108657836914062
2009-09-03,21.01141929626465
2009-09-04,21.310626983642578
2009-09-08,21.213380813598633
2009-09-09,21.46023178100586
2009-09-10,21.62478256225586
2009-09-11,21.632266998291016
2009-09-14,21.714548110961914
2009-09-15,21.520069122314453
2009-09-16,21.714548110961914
2009-09-17,21.699586868286133
2009-09-18,21.607179641723633
2009-09-21,21.817535400390625
2009-09-22,21.749923706054688
2009-09-23,21.441890716552734
2009-09-24,21.419355392456055
2009-09-25,21.434383392333984
2009-09-28,21.667285919189453
2009-09-29,21.69732666015625
2009-09-30,21.539567947387695
2009-10-01,21.23153305053711
2009-10-02,21.148883819580078
2009-10-05,21.284116744995117
2009-10-06,21.45691680908203
2009-10-07,21.471948623657227
2009-10-08,21.494489669799805
2009-10-09,21.69732666015625
2009-10-12,21.80251121520996
2009-10-13,21.592151641845703
2009-10-14,21.922719955444336
2009-10-15,21.982818603515625
2009-10-16,21.96779441833496
2009-10-19,22.155620574951172
2009-10-20,21.94525718688965
2009-10-21,21.659761428833008
2009-10-22,21.795000076293945
2009-10-23,21.56961441040039
2009-10-26,21.336708068847656
2009-10-27,21.426862716674805
2009-10-28,21.208980560302734
2009-10-29,21.396814346313477
2009-10-30,21.088781356811523
2009-11-02,21.178937911987305
2009-11-03,21.18645477294922
2009-11-04,21.45691680908203
2009-11-05,21.810028076171875
2009-11-06,21.907699584960938
2009-11-09,22.275829315185547
2009-11-10,22.42608642578125
2009-11-11,22.45613670349121
2009-11-12,22.328418731689453
2009-11-13,22.373497009277344
2009-11-16,22.59888458251953
2009-11-17,22.658987045288086
2009-11-18,22.78670310974121
2009-11-19,22.674013137817383
2009-11-20,22.8317813873291
2009-11-23,23.042146682739258
2009-11-24,23.22245216369629
2009-11-25,23.36520004272461
2009-11-27,23.13230323791504
2009-11-30,23.04965591430664
2009-12-01,23.45534896850586
2009-12-02,23.402767181396484
2009-12-03,23.290075302124023
2009-12-04,23.275041580200195
2009-12-07,23.244993209838867
2009-12-08,23.064685821533203
2009-12-09,23.260019302368164
2009-12-10,23.500431060791016
2009-12-11,23.500431060791016
2009-12-14,23.718307495117188
2009-12-15,23.725820541381836
2009-12-16,23.605619430541992
2009-12-17,23.387737274169922
2009-12-18,23.516925811767578
2009-12-21,23.736003875732422
2009-12-22,23.841758728027344
2009-12-23,23.766220092773438
2009-12-24,23.766220092773438
2009-12-28,23.887083053588867
2009-12-29,23.856874465942383
2009-12-30,23.788881301879883
2009-12-31,23.471595764160156
2010-01-04,23.879533767700195
2010-01-05,23.64534568786621
2010-01-06,23.887083053588867
2010-01-07,23.97018051147461
2010-01-08,24.007959365844727
2010-01-11,24.143938064575195
2010-01-12,23.97018051147461
2010-01-13,24.287473678588867
2010-01-14,24.506547927856445
2010-01-15,24.340362548828125
2010-01-19,24.929595947265625
2010-01-20,24.718069076538086
2010-01-21,24.18171501159668
2010-01-22,23.917312622070312
2010-01-25,23.917312622070312
2010-01-26,23.781320571899414
2010-01-27,23.94751739501953
2010-01-28,23.79643440246582
2010-01-29,23.6302433013916
2010-02-01,23.766220092773438
2010-02-02,24.25725746154785
2010-02-03,23.932418823242188
2010-02-04,23.32805824279785
2010-02-05,23.29029083251953
2010-02-08,23.176971435546875
2010-02-09,23.358272552490234
2010-02-10,23.214740753173828
2010-02-11,23.37338638305664
2010-02-12,23.32050132751465
2010-02-16,23.52447509765625
2010-02-17,23.705781936645508
2010-02-18,23.819101333618164
2010-02-19,23.819101333618164
2010-02-22,23.75111198425293
2010-02-23,23.52447509765625
2010-02-24,23.698230743408203
2010-02-25,23.71333122253418
2010-02-26,23.720890045166016
2010-03-01,23.94751739501953
2010-03-02,24.030620574951172
2010-03-03,23.932418823242188
2010-03-04,23.856874465942383
2010-03-05,24.189268112182617
2010-03-08,24.045732498168945
2010-03-09,24.030620574951172
2010-03-10,24.045732498168945
2010-03-11,24.234596252441406
2010-03-12,24.053285598754883
2010-03-15,24.211923599243164
2010-03-16,24.27992057800293
2010-03-17,24.287473678588867
2010-03-18,24.45366096496582
2010-03-19,24.4445743560791
2010-03-22,24.603744506835938
2010-03-23,24.72502326965332
2010-03-24,24.459726333618164
2010-03-25,24.361202239990234
2010-03-26,24.179279327392578
2010-03-29,24.43699836730957
2010-03-30,24.43699836730957
2010-03-31,24.353612899780273
2010-04-01,24.490055084228516
2010-04-05,24.421846389770508
2010-04-06,24.406675338745117
2010-04-07,24.300556182861328
2010-04-08,24.209604263305664
2010-04-09,24.315725326538086
2010-04-12,24.247495651245117
2010-04-13,24.270244598388672
2010-04-14,24.18686294555664
2010-04-15,24.11863899230957
2010-04-16,23.974634170532227
2010-04-19,24.17169952392578
2010-04-20,24.224760055541992
2010-04-21,23.80030059814453
2010-04-22,23.527423858642578
2010-04-23,23.76240348815918
2010-04-26,23.512277603149414
2010-04-27,23.23940086364746
2010-04-28,23.3909969329834
2010-04-29,23.7093448638916
2010-04-30,23.406147003173828
2010-05-03,23.519840240478516
2010-05-04,23.383420944213867
2010-05-05,23.459205627441406
2010-05-06,22.830101013183594
2010-05-07,22.526905059814453
2010-05-10,23.133283615112305
2010-05-11,23.087804794311523
2010-05-12,23.277292251586914
2010-05-13,23.02716636657715
2010-05-14,22.716402053833008
2010-05-17,22.716402053833008
2010-05-18,22.534482955932617
2010-05-19,22.481433868408203
2010-05-20,21.776514053344727
2010-05-21,21.829572677612305
2010-05-24,21.776514053344727
2010-05-25,21.685558319091797
2010-05-26,21.549123764038086
2010-05-27,21.988752365112305
2010-05-28,21.882631301879883
2010-06-01,21.64008140563965
2010-06-02,22.110021591186523
2010-06-03,22.2388858795166
2010-06-04,21.587024688720703
2010-06-07,21.556703567504883
2010-06-08,21.60976219177246
2010-06-09,21.5112247467041
2010-06-10,21.9205265045166
2010-06-11,22.102447509765625
2010-06-14,22.140348434448242
2010-06-15,22.519329071044922
2010-06-16,22.602706909179688
2010-06-17,22.633031845092773
2010-06-18,22.511890411376953
2010-06-21,22.473798751831055
2010-06-22,22.252878189086914
2010-06-23,22.161447525024414
2010-06-24,22.00147247314453
2010-06-25,22.100513458251953
2010-06-28,22.06241798400879
2010-06-29,21.65865135192871
2010-06-30,21.483427047729492
2010-07-01,21.30059242248535
2010-07-02,21.353919982910156
2010-07-06,21.460575103759766
2010-07-07,21.879579544067383
2010-07-08,22.06241798400879
2010-07-09,22.115745544433594
2010-07-12,22.077655792236328
2010-07-13,22.24525260925293
2010-07-14,22.24525260925293
2010-07-15,22.31382179260254
2010-07-16,21.849102020263672
2010-07-19,21.94814109802246
2010-07-20,21.887197494506836
2010-07-21,21.52914047241211
2010-07-22,21.66626739501953
2010-07-23,21.65865135192871
2010-07-26,21.970989227294922
2010-07-27,21.993852615356445
2010-07-28,21.696744918823242
2010-07-29,21.68150520324707
2010-07-30,21.765304565429688
2010-08-02,22.17669105529785
2010-08-03,22.35952377319336
2010-08-04,22.5804443359375
2010-08-05,22.588075637817383
2010-08-06,22.633785247802734
2010-08-09,22.694726943969727
2010-08-10,22.748065948486328
2010-08-11,22.161447525024414
2010-08-12,22.252878189086914
2010-08-13,22.1690731048584
2010-08-16,22.0548038482666
2010-08-17,22.35952377319336
2010-08-18,22.32904624938965
2010-08-19,21.91766929626465
2010-08-20,21.841482162475586
2010-08-23,21.940523147583008
2010-08-24,21.468196868896484
2010-08-25,21.68150520324707
2010-08-26,21.544374465942383
2010-08-27,21.765304565429688
2010-08-30,21.491052627563477
2010-08-31,21.407249450683594
2010-09-01,21.902437210083008
2010-09-02,22.01671028137207
2010-09-03,22.22239875793457
2010-09-07,22.09288215637207
2010-09-08,22.214786529541016
2010-09-09,22.450937271118164
2010-09-10,22.679492950439453
2010-09-13,22.732820510864258
2010-09-14,22.809009552001953
2010-09-15,23.022319793701172
2010-09-16,22.930898666381836
2010-09-17,22.92630958557129
2010-09-20,23.232601165771484
2010-09-21,23.247915267944336
2010-09-22,23.286197662353516
2010-09-23,23.163679122924805
2010-09-24,23.477638244628906
2010-09-27,23.301515579223633
2010-09-28,23.492950439453125
2010-09-29,23.408721923828125
2010-09-30,23.347454071044922
2010-10-01,23.347454071044922
2010-10-04,23.117733001708984
2010-10-05,23.54654884338379
2010-10-06,23.45465850830078
2010-10-07,23.500606536865234
2010-10-08,23.561859130859375
2010-10-11,23.577178955078125
2010-10-12,23.630788803100586
2010-10-13,23.79924964904785
2010-10-14,23.753311157226562
2010-10-15,23.85284996032715
2010-10-18,24.074918746948242
2010-10-19,23.623130798339844
2010-10-20,23.845190048217773
2010-10-21,23.906452178955078
2010-10-22,23.91411018371582
2010-10-25,24.04428482055664
2010-10-26,23.97536277770996
2010-10-27,23.829875946044922
2010-10-28,23.96770668029785
2010-10-29,23.868162155151367
2010-11-01,23.868162155151367
2010-11-02,24.097877502441406
2010-11-03,24.113208770751953
2010-11-04,24.22806167602539
2010-11-05,24.082569122314453
2010-11-08,24.02131462097168
2010-11-09,23.92177391052246
2010-11-10,23.91411018371582
2010-11-11,23.98302459716797
2010-11-12,23.684385299682617
2010-11-15,23.692041397094727
2010-11-16,23.347454071044922
2010-11-17,23.385738372802734
2010-11-18,23.715015411376953
2010-11-19,23.737987518310547
2010-11-22,23.745641708374023
2010-11-23,23.40105628967285
2010-11-24,23.623130798339844
2010-11-26,23.416383743286133
2010-11-29,23.393404006958008
2010-11-30,23.178991317749023
2010-12-01,23.623130798339844
2010-12-02,23.806903839111328
2010-12-03,23.806903839111328
2010-12-06,23.653749465942383
2010-12-07,23.669069290161133
2010-12-08,23.692041397094727
2010-12-09,23.73033332824707
2010-12-10,23.960052490234375
2010-12-13,23.998336791992188
2010-12-14,24.243377685546875
2010-12-15,24.166805267333984
2010-12-16,24.33526611328125
2010-12-17,24.376827239990234
2010-12-20,24.369131088256836
2010-12-21,24.307559967041016
2010-12-22,24.376827239990234
2010-12-23,24.361433029174805
2010-12-27,24.315256118774414
2010-12-28,24.330644607543945
2010-12-29,24.338336944580078
2010-12-30,24.25367546081543
2010-12-31,24.2459774017334
2011-01-03,24.469196319580078
2011-01-04,24.546167373657227
2011-01-05,24.600046157836914
2011-01-06,24.70010757446289
2011-01-07,24.684711456298828
2011-01-10,24.615432739257812
2011-01-11,24.738597869873047
2011-01-12,24.86945152282715
2011-01-13,24.738597869873047
2011-01-14,24.769384384155273
2011-01-18,24.86174774169922
2011-01-19,24.692415237426758
2011-01-20,24.75399398803711
2011-01-21,24.77707862854004
2011-01-24,24.74629020690918
2011-01-25,24.74629020690918
2011-01-26,24.715499877929688
2011-01-27,24.77707862854004
2011-01-28,24.330644607543945
2011-01-31,24.384523391723633
2011-02-01,24.823266983032227
2011-02-02,24.738597869873047
2011-02-03,24.769384384155273
2011-02-04,24.88484764099121
2011-02-07,24.846355438232422
2011-02-08,24.915624618530273
2011-02-09,24.86174774169922
2011-02-10,24.86945152282715
2011-02-11,24.92332649230957
2011-02-14,25.007991790771484
2011-02-15,24.954116821289062
2011-02-16,25.084962844848633
2011-02-17,25.19272232055664
2011-02-18,25.254304885864258
2011-02-22,24.86945152282715
2011-02-23,24.63083839416504
2011-02-24,24.715499877929688
2011-02-25,24.86945152282715
2011-02-28,25.14654541015625
2011-03-01,24.946422576904297
2011-03-02,25.023387908935547
2011-03-03,25.539100646972656
2011-03-04,25.500612258911133
2011-03-07,25.308185577392578
2011-03-08,25.446727752685547
2011-03-09,25.485218048095703
2011-03-10,25.084962844848633
2011-03-11,25.169631958007812
2011-03-14,25.046480178833008
2011-03-15,24.75399398803711
2011-03-16,24.322952270507812
2011-03-17,24.607738494873047
2011-03-18,24.71985626220703
2011-03-21,24.92863655090332
2011-03-22,24.913171768188477
2011-03-23,24.897701263427734
2011-03-24,25.19152069091797
2011-03-25,25.2611141204834
2011-03-28,25.25339126586914
2011-03-29,25.400293350219727
2011-03-30,25.585865020751953
2011-03-31,25.601333618164062
2011-04-01,25.732776641845703
2011-04-04,25.88742446899414
2011-04-05,25.771438598632812
2011-04-06,25.825571060180664
2011-04-07,25.779178619384766
2011-04-08,25.76370620727539
2011-04-11,25.910614013671875
2011-04-12,25.87969207763672
2011-04-13,25.856491088867188
2011-04-14,25.99567413330078
2011-04-15,26.22764015197754
2011-04-18,25.933813095092773
2011-04-19,26.150320053100586
2011-04-20,26.405485153198242
2011-04-21,26.48280143737793
2011-04-25,26.51373291015625
2011-04-26,26.823022842407227
2011-04-27,27.124574661254883
2011-04-28,27.26375961303711
2011-04-29,27.2482967376709
2011-05-02,27.526643753051758
2011-05-03,27.457061767578125
2011-05-04,27.433868408203125
2011-05-05,27.256025314331055
2011-05-06,27.449329376220703
2011-05-09,27.603967666625977
2011-05-10,27.774078369140625
2011-05-11,27.727689743041992
2011-05-12,27.982845306396484
2011-05-13,27.897794723510742
2011-05-16,27.944189071655273
2011-05-17,27.944189071655273
2011-05-18,28.160696029663086
2011-05-19,28.09883689880371
2011-05-20,27.86687660217285
2011-05-23,27.580768585205078
2011-05-24,27.503450393676758
2011-05-25,27.542123794555664
2011-05-26,27.580768585205078
2011-05-27,27.59623146057129
2011-05-31,27.920997619628906
2011-06-01,27.534378051757812
2011-06-02,27.47252655029297
2011-06-03,27.209627151489258
2011-06-06,27.047250747680664
2011-06-07,27.101381301879883
2011-06-08,27.132307052612305
2011-06-09,27.41840171813965
2011-06-10,26.91580581665039
2011-06-13,27.047250747680664
2011-06-14,27.27923011779785
2011-06-15,26.908069610595703
2011-06-16,26.9544620513916
2011-06-17,27.016620635986328
2011-06-20,27.28858757019043
2011-06-21,27.459518432617188
2011-06-22,27.296342849731445
2011-06-23,27.265274047851562
2011-06-24,26.946704864501953
2011-06-27,27.08655548095703
2011-06-28,27.467302322387695
2011-06-29,27.52168083190918
2011-06-30,27.607158660888672
2011-07-01,27.941274642944336
2011-07-05,27.863571166992188
2011-07-06,27.941274642944336
2011-07-07,27.92572784423828
2011-07-08,27.801410675048828
2011-07-11,27.420671463012695
2011-07-12,27.420671463012695
2011-07-13,27.52944564819336
2011-07-14,27.482824325561523
2011-07-15,27.342973709106445
2011-07-18,27.140949249267578
2011-07-19,27.3818302154541
2011-07-20,27.28858757019043
2011-07-21,27.700397491455078
2011-07-22,27.65378189086914
2011-07-25,27.366275787353516
2011-07-26,27.14871597290039
2011-07-27,26.674753189086914
2011-07-28,26.651426315307617
2011-07-29,26.511564254760742
2011-08-01,26.060903549194336
2011-08-02,25.5014591217041
2011-08-03,25.548076629638672
2011-08-04,24.530195236206055
2011-08-05,24.71668243408203
2011-08-08,23.450153350830078
2011-08-09,24.304866790771484
2011-08-10,23.279211044311523
2011-08-11,24.343717575073242
2011-08-12,24.584585189819336
2011-08-15,24.996408462524414
2011-08-16,24.973098754882812
2011-08-17,24.996408462524414
2011-08-18,24.172775268554688
2011-08-19,24.11060905456543
2011-08-22,24.09507179260254
2011-08-23,24.879858016967773
2011-08-24,25.1673526763916
2011-08-25,24.739990234375
2011-08-26,25.050798416137695
2011-08-29,25.68793487548828
2011-08-30,25.773414611816406
2011-08-31,25.952129364013672
2011-09-01,25.78118133544922
2011-09-02,25.213960647583008
2011-09-06,25.276123046875
2011-09-07,25.882192611694336
2011-09-08,25.60247039794922
2011-09-09,24.84099769592285
2011-09-12,24.926469802856445
2011-09-13,25.182889938354492
2011-09-14,25.42375946044922
2011-09-15,25.656869888305664
2011-09-16,25.795143127441406
2011-09-19,25.552963256835938
2011-09-20,25.787311553955078
2011-09-21,25.09204864501953
2011-09-22,24.584280014038086
2011-09-23,24.592079162597656
2011-09-26,24.99831199645996
2011-09-27,25.381099700927734
2011-09-28,24.943634033203125
2011-09-29,25.107688903808594
2011-09-30,24.787389755249023
2011-10-03,23.998382568359375
2011-10-04,24.256175994873047
2011-10-05,24.646774291992188
2011-10-06,24.943634033203125
2011-10-07,24.92018699645996
2011-10-10,25.4904727935791
2011-10-11,25.451406478881836
2011-10-12,25.46703338623047
2011-10-13,25.443593978881836
2011-10-14,25.685758590698242
2011-10-17,25.2404842376709
2011-10-18,25.427968978881836
2011-10-19,25.381099700927734
2011-10-20,25.35765838623047
2011-10-21,25.86544418334961
2011-10-24,26.256044387817383
2011-10-25,25.724828720092773
2011-10-26,26.06855583190918
2011-10-27,26.701330184936523
2011-10-28,26.724756240844727
2011-10-31,26.216983795166016
2011-11-01,25.71701431274414
2011-11-02,25.888872146606445
2011-11-03,26.170108795166016
2011-11-04,25.927940368652344
2011-11-07,26.232603073120117
2011-11-08,26.552892684936523
2011-11-09,25.787311553955078
2011-11-10,26.15448760986328
2011-11-11,26.615394592285156
2011-11-14,26.43571662902832
2011-11-15,26.498212814331055
2011-11-16,25.99043083190918
2011-11-17,25.71701431274414
2011-11-18,25.662328720092773
2011-11-21,25.170177459716797
2011-11-22,25.23267364501953
2011-11-23,24.865509033203125
2011-11-25,24.771760940551758
2011-11-28,25.435791015625
2011-11-29,25.54513931274414
2011-11-30,26.46697235107422
2011-12-01,26.506025314331055
2011-12-02,26.17791175842285
2011-12-05,26.22479248046875
2011-12-06,26.33415985107422
2011-12-07,26.529462814331055
2011-12-08,26.03730583190918
2011-12-09,26.42009735107422
2011-12-12,26.10760498046875
2011-12-13,26.060745239257812
2011-12-14,26.045120239257812
2011-12-15,26.33415985107422
2011-12-16,26.24617576599121
2011-12-19,26.24617576599121
2011-12-20,26.796085357666016
2011-12-21,26.968910217285156
2011-12-22,27.16529655456543
2011-12-23,27.338123321533203
2011-12-27,27.400985717773438
2011-12-28,27.102455139160156
2011-12-29,27.29885482788086
2011-12-30,27.2517147064209
2012-01-03,27.6052188873291
2012-01-04,27.4716739654541
2012-01-05,27.550233840942383
2012-01-06,27.597362518310547
2012-01-09,27.644506454467773
2012-01-10,27.8487548828125
2012-01-11,27.87232780456543
2012-01-12,27.958736419677734
2012-01-13,27.83302879333496
2012-01-17,28.005874633789062
2012-01-18,28.162975311279297
2012-01-19,28.162975311279297
2012-01-20,28.162975311279297
2012-01-23,28.03727912902832
2012-01-24,28.04515266418457
2012-01-25,28.24940299987793
2012-01-26,28.123703002929688
2012-01-27,28.139423370361328
2012-01-30,28.10014533996582
2012-01-31,28.123703002929688
2012-02-01,28.398658752441406
2012-02-02,28.28868293762207
2012-02-03,28.453659057617188
2012-02-06,28.29653549194336
2012-02-07,28.398658752441406
2012-02-08,28.398658752441406
2012-02-09,28.24940299987793
2012-02-10,28.131568908691406
2012-02-13,28.343666076660156
2012-02-14,28.461503982543945
2012-02-15,28.406513214111328
2012-02-16,28.563634872436523
2012-02-17,28.469356536865234
2012-02-21,28.265111923217773
2012-02-22,28.265111923217773
2012-02-23,28.28868293762207
2012-02-24,28.430076599121094
2012-02-27,28.485065460205078
2012-02-28,28.595043182373047
2012-02-29,28.422229766845703
2012-03-01,28.571475982666016
2012-03-02,28.524354934692383
2012-03-05,28.461503982543945
2012-03-06,28.092287063598633
2012-03-07,28.217971801757812
2012-03-08,28.532215118408203
2012-03-09,28.650053024291992
2012-03-12,28.650053024291992
2012-03-13,29.058536529541016
2012-03-14,29.050689697265625
2012-03-15,29.097829818725586
2012-03-16,29.094661712646484
2012-03-19,29.08675765991211
2012-03-20,28.9367618560791
2012-03-21,28.920969009399414
2012-03-22,28.826217651367188
2012-03-23,28.91306495666504
2012-03-26,29.418376922607422
2012-03-27,29.47365379333496
2012-03-28,29.41048240661621
2012-03-29,29.47365379333496
2012-03-30,29.694721221923828
2012-04-02,29.797353744506836
2012-04-03,29.781578063964844
2012-04-04,29.623661041259766
2012-04-05,29.615755081176758
2012-04-09,29.244680404663086
2012-04-10,28.91306495666504
2012-04-11,29.015710830688477
2012-04-12,29.17361831665039
2012-04-13,28.881484985351562
2012-04-16,28.889387130737305
2012-04-17,29.315732955932617
2012-04-18,29.236764907836914
2012-04-19,29.28414535522461
2012-04-20,29.442058563232422
2012-04-23,29.21310043334961
2012-04-24,29.315732955932617
2012-04-25,29.623661041259766
2012-04-26,29.615755081176758
2012-04-27,29.631549835205078
2012-04-30,29.615755081176758
2012-05-01,29.726289749145508
2012-05-02,29.671022415161133
2012-05-03,29.560497283935547
2012-05-04,29.17361831665039
2012-05-07,29.236764907836914
2012-05-08,29.244680404663086
2012-05-09,29.047292709350586
2012-05-10,29.25257682800293
2012-05-11,29.22099494934082
2012-05-14,29.126251220703125
2012-05-15,28.95254898071289
2012-05-16,28.99991226196289
2012-05-17,28.73147964477539
2012-05-18,28.478816986083984
2012-05-21,28.755163192749023
2012-05-22,28.676210403442383
2012-05-23,28.54987907409668
2012-05-24,28.826217651367188
2012-05-25,28.755163192749023
2012-05-29,28.849897384643555
2012-05-30,28.684104919433594
2012-05-31,28.5419864654541
2012-06-01,28.03668212890625
2012-06-04,28.099842071533203
2012-06-05,28.257741928100586
2012-06-06,28.699892044067383
2012-06-07,28.715675354003906
2012-06-08,28.889387130737305
2012-06-11,28.636722564697266
2012-06-12,28.90517807006836
2012-06-13,28.87359619140625
2012-06-14,29.30782127380371
2012-06-15,29.418180465698242
2012-06-18,29.61663246154785
2012-06-19,29.886531829833984
2012-06-20,29.80713653564453
2012-06-21,29.39435386657715
2012-06-22,29.703948974609375
2012-06-25,29.338804244995117
2012-06-26,29.42612075805664
2012-06-27,29.74363899230957
2012-06-28,29.608692169189453
2012-06-29,30.172300338745117
2012-07-02,30.267541885375977
2012-07-03,30.259605407714844
2012-07-05,30.069093704223633
2012-07-06,29.87064552307129
2012-07-09,30.029407501220703
2012-07-10,29.886531829833984
2012-07-11,29.862709045410156
2012-07-12,29.93412971496582
2012-07-13,30.267541885375977
2012-07-16,30.323110580444336
2012-07-17,30.712060928344727
2012-07-18,30.759702682495117
2012-07-19,30.759702682495117
2012-07-20,30.362796783447266
2012-07-23,30.005592346191406
2012-07-24,29.672199249267578
2012-07-25,29.815082550048828
2012-07-26,30.100839614868164
2012-07-27,30.823196411132812
2012-07-30,30.664445877075195
2012-07-31,30.473920822143555
2012-08-01,30.489805221557617
2012-08-02,30.196109771728516
2012-08-03,30.55332374572754
2012-08-06,30.561256408691406
2012-08-07,30.489805221557617
2012-08-08,30.600936889648438
2012-08-09,30.585060119628906
2012-08-10,30.712060928344727
2012-08-13,30.632699966430664
2012-08-14,30.712060928344727
2012-08-15,30.783510208129883
2012-08-16,30.704133987426758
2012-08-17,30.545368194580078
2012-08-20,30.608884811401367
2012-08-21,30.50568199157715
2012-08-22,30.529495239257812
2012-08-23,30.489805221557617
2012-08-24,30.751760482788086
2012-08-27,30.783510208129883
2012-08-28,30.735891342163086
2012-08-29,30.839073181152344
2012-08-30,30.735891342163086
2012-08-31,30.831138610839844
2012-09-04,30.894634246826172
2012-09-05,30.902591705322266
2012-09-06,31.39474105834961
2012-09-07,31.378875732421875
2012-09-10,31.26773452758789
2012-09-11,31.283601760864258
2012-09-12,31.29947853088379
2012-09-13,31.61699867248535
2012-09-14,31.489994049072266
2012-09-17,31.67257308959961
2012-09-18,31.7757511138916
2012-09-19,31.807518005371094
2012-09-20,31.94247055053711
2012-09-21,32.06132507324219
2012-09-24,32.14907455444336
2012-09-25,32.125152587890625
2012-09-26,31.95763397216797
2012-09-27,32.1411018371582
2012-09-28,32.00547790527344
2012-10-01,32.196956634521484
2012-10-02,32.34053421020508
2012-10-03,32.61176681518555
2012-10-04,32.81120681762695
2012-10-05,32.84310531616211
2012-10-08,32.81918716430664
2012-10-09,32.42030715942383
2012-10-10,32.18099594116211
2012-10-11,32.20492935180664
2012-10-12,32.15705871582031
2012-10-15,32.619747161865234
2012-10-16,32.97075271606445
2012-10-17,32.97075271606445
2012-10-18,32.978729248046875
2012-10-19,32.388404846191406
2012-10-22,32.412330627441406
2012-10-23,31.981544494628906
2012-10-24,32.037391662597656
2012-10-25,32.29266357421875
2012-10-26,32.165035247802734
2012-10-31,31.933673858642578
2012-11-01,32.196956634521484
2012-11-02,32.02143478393555
2012-11-05,32.037391662597656
2012-11-06,32.06930160522461
2012-11-07,31.534812927246094
2012-11-08,31.15987205505371
2012-11-09,31.247621536254883
2012-11-12,31.407176971435547
2012-11-13,31.287513732910156
2012-11-14,30.91257095336914
2012-11-15,30.82482147216797
2012-11-16,31.056161880493164
2012-11-19,31.383230209350586
2012-11-20,31.558738708496094
2012-11-21,31.534812927246094
2012-11-23,31.92570686340332
2012-11-26,31.78211212158203
2012-11-27,31.590660095214844
2012-11-28,31.837963104248047
2012-11-29,32.06132507324219
2012-11-30,32.10122299194336
2012-12-03,32.0294303894043
2012-12-04,32.10122299194336
2012-12-05,32.20492935180664
2012-12-06,32.1889533996582
2012-12-07,32.29266357421875
2012-12-10,32.428287506103516
2012-12-11,32.77130889892578
2012-12-12,32.72346496582031
2012-12-13,32.44423294067383
2012-12-14,32.31659698486328
2012-12-17,32.57188034057617
2012-12-18,32.827171325683594
2012-12-19,32.47616195678711
2012-12-20,32.52402877807617
2012-12-21,32.250511169433594
2012-12-24,32.1221923828125
2012-12-26,32.00990295410156
2012-12-27,31.9617862701416
2012-12-28,31.64897918701172
2012-12-31,31.985837936401367
2013-01-02,32.61945343017578
2013-01-03,32.65956497192383
2013-01-04,32.80392074584961
2013-01-07,32.90819549560547
2013-01-08,32.91621398925781
2013-01-09,33.27715301513672
2013-01-10,33.50972366333008
2013-01-11,33.50171661376953
2013-01-14,33.533809661865234
2013-01-15,33.49369812011719
2013-01-16,33.4215087890625
2013-01-17,33.71828079223633
2013-01-18,33.83055877685547
2013-01-22,33.92680358886719
2013-01-23,33.8867073059082
2013-01-24,34.10325622558594
2013-01-25,34.36793518066406
2013-01-28,34.24763107299805
2013-01-29,34.61655807495117
2013-01-30,34.51229476928711
2013-01-31,34.41604995727539
2013-02-01,34.688758850097656
2013-02-04,34.303768157958984
2013-02-05,34.680728912353516
2013-02-06,34.672706604003906
2013-02-07,34.54438781738281
2013-02-08,34.801029205322266
2013-02-11,34.728851318359375
2013-02-12,34.688758850097656
2013-02-13,34.66468811035156
2013-02-14,34.73689270019531
2013-02-15,34.81708908081055
2013-02-19,35.03364562988281
2013-02-20,34.80906677246094
2013-02-21,34.648658752441406
2013-02-22,34.801029205322266
2013-02-25,34.41604995727539
2013-02-26,34.504276275634766
2013-02-27,34.88125228881836
2013-02-28,34.84915542602539
2013-03-01,35.113834381103516
2013-03-04,35.306331634521484
2013-03-05,35.611122131347656
2013-03-06,35.68328857421875
2013-03-07,35.659236907958984
2013-03-08,35.723392486572266
2013-03-11,35.90788650512695
2013-03-12,36.068294525146484
2013-03-13,36.0762939453125
2013-03-14,36.1083869934082
2013-03-15,36.03105545043945
2013-03-18,35.797454833984375
2013-03-19,35.82161331176758
2013-03-20,36.11967468261719
2013-03-21,35.91828155517578
2013-03-22,36.19216537475586
2013-03-25,36.08742904663086
2013-03-26,36.50631332397461
2013-03-27,36.69158935546875
2013-03-28,37.013797760009766
2013-04-01,37.11045837402344
2013-04-02,37.65015411376953
2013-04-03,37.424625396728516
2013-04-04,37.59376907348633
2013-04-05,37.38431930541992
2013-04-08,37.41655731201172
2013-04-09,37.537384033203125
2013-04-10,38.16569900512695
2013-04-11,38.53623962402344
2013-04-12,38.608726501464844
2013-04-15,37.907920837402344
2013-04-16,38.45567321777344
2013-04-17,38.27846145629883
2013-04-18,37.81126022338867
2013-04-19,38.34291458129883
2013-04-22,38.57651138305664
2013-04-23,38.81816482543945
2013-04-24,38.14958572387695
2013-04-25,38.30263137817383
2013-04-26,38.294578552246094
2013-04-29,38.415409088134766
2013-04-30,38.12541961669922
2013-05-01,37.72265625
2013-05-02,38.141517639160156
2013-05-03,38.39928436279297
2013-05-06,38.14958572387695
2013-05-07,38.27042007446289
2013-05-08,38.38319396972656
2013-05-09,38.431514739990234
2013-05-10,38.81011962890625
2013-05-13,39.132320404052734
2013-05-14,39.52703094482422
2013-05-15,39.73645782470703
2013-05-16,39.325653076171875
2013-05-17,39.55118179321289
2013-05-20,39.27731704711914
2013-05-21,39.704227447509766
2013-05-22,39.704227447509766
2013-05-23,39.688133239746094
2013-05-24,39.567298889160156
2013-05-28,39.97005844116211
2013-05-29,39.34175491333008
2013-05-30,39.62367630004883
2013-05-31,38.75371551513672
2013-06-03,38.963157653808594
2013-06-04,38.721519470214844
2013-06-05,38.15761947631836
2013-06-06,38.71345138549805
2013-06-07,39.067874908447266
2013-06-10,39.124271392822266
2013-06-11,38.963157653808594
2013-06-12,38.56844711303711
2013-06-13,39.164527893066406
2013-06-14,39.10009765625
2013-06-17,39.188716888427734
2013-06-18,39.51897430419922
2013-06-19,38.89065933227539
2013-06-20,37.891807556152344
2013-06-21,38.265663146972656
2013-06-24,37.94197082519531
2013-06-25,38.13617706298828
2013-06-26,38.68641662597656
2013-06-27,38.82398986816406
2013-06-28,38.52458572387695
2013-07-01,38.62977981567383
2013-07-02,38.54886245727539
2013-07-03,38.492210388183594
2013-07-05,39.01818084716797
2013-07-08,39.23664855957031
2013-07-09,39.34992980957031
2013-07-10,39.60888671875
2013-07-11,40.118656158447266
2013-07-12,40.36140823364258
2013-07-15,40.40186309814453
2013-07-16,40.167198181152344
2013-07-17,40.27238464355469
2013-07-18,40.38567352294922
2013-07-19,40.91973114013672
2013-07-22,41.122032165527344
2013-07-23,40.97636795043945
2013-07-24,40.91163635253906
2013-07-25,41.113929748535156
2013-07-26,41.38097381591797
2013-07-29,41.25958251953125
2013-07-30,41.267677307128906
2013-07-31,41.28385543823242
2013-08-01,41.54279708862305
2013-08-02,41.55896759033203
2013-08-05,41.50232696533203
2013-08-06,41.30812454223633
2013-08-07,41.34050369262695
2013-08-08,41.34050369262695
2013-08-09,41.194862365722656
2013-08-12,41.0249137878418
2013-08-13,41.17866897583008
2013-08-14,40.8549919128418
2013-08-15,40.167198181152344
2013-08-16,39.98109817504883
2013-08-19,40.053916931152344
2013-08-20,40.167198181152344
2013-08-21,39.9244499206543
2013-08-22,40.183387756347656
2013-08-23,40.288578033447266
2013-08-26,40.34523010253906
2013-08-27,39.68977737426758
2013-08-28,39.859710693359375
2013-08-29,39.98109817504883
2013-08-30,39.82734298706055
2013-09-03,40.08628463745117
2013-09-04,40.54750442504883
2013-09-05,40.604148864746094
2013-09-06,40.620330810546875
2013-09-09,40.87117004394531
2013-09-10,41.13011932373047
2013-09-11,41.405242919921875
2013-09-12,41.34050369262695
2013-09-13,41.437583923339844
2013-09-16,41.809814453125
2013-09-17,41.83408737182617
2013-09-18,42.09300994873047
2013-09-19,41.955467224121094
2013-09-20,41.876651763916016
2013-09-23,41.58415222167969
2013-09-24,41.372894287109375
2013-09-25,41.04789733886719
2013-09-26,41.19415283203125
2013-09-27,41.19415283203125
2013-09-30,41.10477828979492
2013-10-01,41.62478256225586
2013-10-02,41.527286529541016
2013-10-03,41.161643981933594
2013-10-04,41.616661071777344
2013-10-07,41.15351486206055
2013-10-08,40.560386657714844
2013-10-09,40.48727798461914
2013-10-10,41.429779052734375
2013-10-11,41.62478256225586
2013-10-14,41.92540740966797
2013-10-15,41.657264709472656
2013-10-16,42.51041793823242
2013-10-17,42.867919921875
2013-10-18,42.697265625
2013-10-21,42.477928161621094
2013-10-22,42.876041412353516
2013-10-23,42.79478073120117
2013-10-24,42.79478073120117
2013-10-25,42.85166549682617
2013-10-28,42.99791717529297
2013-10-29,43.282291412353516
2013-10-30,43.046669006347656
2013-10-31,42.876041412353516
2013-11-01,43.16040802001953
2013-11-04,43.19292449951172
2013-11-05,43.046669006347656
2013-11-06,42.949161529541016
2013-11-07,42.567291259765625
2013-11-08,43.19292449951172
2013-11-11,43.29854202270508
2013-11-12,43.27415466308594
2013-11-13,43.51791763305664
2013-11-14,43.883541107177734
2013-11-15,44.135414123535156
2013-11-18,43.940425872802734
2013-11-19,43.98917007446289
2013-11-20,44.11916732788086
2013-11-21,44.29793167114258
2013-11-22,44.89105987548828
2013-11-25,45.06980895996094
2013-11-26,44.939815521240234
2013-11-27,44.92356872558594
2013-11-29,44.89918899536133
2013-12-02,44.91543197631836
2013-12-03,44.525428771972656
2013-12-04,44.371063232421875
2013-12-05,44.289794921875
2013-12-06,44.8666877746582
2013-12-09,44.95604705810547
2013-12-10,44.777305603027344
2013-12-11,44.00543212890625
2013-12-12,43.688541412353516
2013-12-13,43.72105026245117
2013-12-16,43.80229949951172
2013-12-17,43.59104537963867
2013-12-18,44.67166519165039
2013-12-19,44.57417678833008
2013-12-20,44.79853057861328
2013-12-23,44.96986389160156
2013-12-24,44.888282775878906
2013-12-26,45.22277069091797
2013-12-27,45.18198776245117
2013-12-30,45.25541687011719
2013-12-31,45.2309455871582
2014-01-02,44.97802734375
2014-01-03,45.08408737182617
2014-01-06,44.89645004272461
2014-01-07,45.369632720947266
2014-01-08,45.76939010620117
2014-01-09,46.112064361572266
2014-01-10,46.29154968261719
2014-01-13,45.91625213623047
2014-01-14,46.49550247192383
2014-01-15,46.45472717285156
2014-01-16,46.5689582824707
2014-01-17,46.52000045776367
2014-01-21,46.789222717285156
2014-01-22,46.83000564575195
2014-01-23,46.50367736816406
2014-01-24,45.410430908203125
2014-01-27,45.04329299926758
2014-01-28,45.647029876708984
2014-01-29,45.2309455871582
2014-01-30,46.05494689941406
2014-01-31,45.65519332885742
2014-02-03,44.75774002075195
2014-02-04,45.198307037353516
2014-02-05,44.945404052734375
2014-02-06,45.198307037353516
2014-02-07,45.97338104248047
2014-02-10,46.35682678222656
2014-02-11,46.985023498535156
2014-02-12,46.985023498535156
2014-02-13,47.319515228271484
2014-02-14,47.490848541259766
2014-02-18,47.93141555786133
2014-02-19,47.63771057128906
2014-02-20,48.07011032104492
2014-02-21,47.980369567871094
2014-02-24,48.33936309814453
2014-02-25,48.21697998046875
2014-02-26,48.21697998046875
2014-02-27,48.494361877441406
2014-02-28,48.494361877441406
2014-03-03,48.135379791259766
2014-03-04,49.04913330078125
2014-03-05,48.926761627197266
2014-03-06,48.62490463256836
2014-03-07,48.50250244140625
2014-03-10,48.70649337768555
2014-03-11,48.60857009887695
2014-03-12,48.60042190551758
2014-03-13,47.939571380615234
2014-03-14,47.67849349975586
2014-03-17,48.14353561401367
2014-03-18,48.65752029418945
2014-03-19,48.51068878173828
2014-03-20,48.51068878173828
2014-03-21,47.63059616088867
2014-03-24,47.098453521728516
2014-03-25,47.5159797668457
2014-03-26,47.53236389160156
2014-03-27,47.42593002319336
2014-03-28,47.245811462402344
2014-03-31,47.884395599365234
2014-04-01,48.18729782104492
2014-04-02,48.400146484375
2014-04-03,48.293724060058594
2014-04-04,47.49142074584961
2014-04-07,47.01658630371094
2014-04-08,46.63180923461914
2014-04-09,47.63059616088867
2014-04-10,46.0423583984375
2014-04-11,45.60847091674805
2014-04-14,45.862247467041016
2014-04-15,46.35346221923828
2014-04-16,46.58268737792969
2014-04-17,46.57450866699219
2014-04-21,47.1312141418457
2014-04-22,47.6469841003418
2014-04-23,47.40955352783203
2014-04-24,47.33586883544922
2014-04-25,46.983848571777344
2014-04-28,47.26219177246094
2014-04-29,47.5405387878418
2014-04-30,47.58149719238281
2014-05-01,47.68791198730469
2014-05-02,47.278564453125
2014-05-05,47.58966064453125
2014-05-06,47.17214584350586
2014-05-07,47.30312728881836
2014-05-08,47.04934310913086
2014-05-09,47.33586883544922
2014-05-12,47.81889724731445
2014-05-13,47.8925666809082
2014-05-14,47.925315856933594
2014-05-15,47.442298889160156
2014-05-16,47.60602951049805
2014-05-19,47.9007568359375
2014-05-20,47.597862243652344
2014-05-21,47.99899673461914
2014-05-22,48.28553009033203
2014-05-23,48.310089111328125
2014-05-27,48.572078704833984
2014-05-28,48.43290710449219
2014-05-29,48.817684173583984
2014-05-30,48.94867706298828
2014-06-02,49.01416015625
2014-06-03,49.104225158691406
2014-06-04,49.24338912963867
2014-06-05,49.300697326660156
2014-06-06,49.25157165527344
2014-06-09,48.99778747558594
2014-06-10,49.16151428222656
2014-06-11,49.104225158691406
2014-06-12,48.85860824584961
2014-06-13,48.817684173583984
2014-06-16,48.91592025756836
2014-06-17,48.89136505126953
2014-06-18,49.28433609008789
2014-06-19,49.44806671142578
2014-06-20,49.86385726928711
2014-06-23,49.67486572265625
2014-06-24,49.7077522277832
2014-06-25,50.25008010864258
2014-06-26,50.31582260131836
2014-06-27,50.18435287475586
2014-06-30,49.98712921142578
2014-07-01,50.619876861572266
2014-07-02,51.006103515625
2014-07-03,51.21154022216797
2014-07-07,50.825313568115234
2014-07-08,50.34870147705078
2014-07-09,50.562355041503906
2014-07-10,50.52949142456055
2014-07-11,50.63631820678711
2014-07-14,50.8006706237793
2014-07-15,50.365135192871094
2014-07-16,50.20079803466797
2014-07-17,49.65022659301758
2014-07-18,50.46375274658203
2014-07-21,50.25830841064453
2014-07-22,50.69383239746094
2014-07-23,51.104705810546875
2014-07-24,50.997886657714844
2014-07-25,50.80888748168945
2014-07-28,50.858184814453125
2014-07-29,50.899261474609375
2014-07-30,51.104705810546875
2014-07-31,50.05287551879883
2014-08-01,50.09395217895508
2014-08-04,50.30760955810547
2014-08-05,49.82278060913086
2014-08-06,49.798126220703125
2014-08-07,49.15716552734375
2014-08-08,49.740596771240234
2014-08-11,49.71595764160156
2014-08-12,49.67486572265625
2014-08-13,50.27474594116211
2014-08-14,50.866397857666016
2014-08-15,50.91570281982422
2014-08-18,51.310142517089844
2014-08-19,51.64705276489258
2014-08-20,51.63884353637695
2014-08-21,51.712806701660156
2014-08-22,51.76211929321289
2014-08-25,52.156558990478516
2014-08-26,52.34555435180664
2014-08-27,52.3044548034668
2014-08-28,52.28803634643555
2014-08-29,52.4770393371582
2014-09-02,52.45238494873047
2014-09-03,52.690696716308594
2014-09-04,52.4277229309082
2014-09-05,52.731781005859375
2014-09-08,52.73999786376953
2014-09-09,52.60029220581055
2014-09-10,52.97008514404297
2014-09-11,52.82216262817383
2014-09-12,52.43593978881836
2014-09-15,52.29624938964844
2014-09-16,53.01116943359375
2014-09-17,53.0522575378418
2014-09-18,53.44670867919922
2014-09-19,53.5052490234375
2014-09-22,53.216617584228516
2014-09-23,52.90324020385742
2014-09-24,53.826881408691406
2014-09-25,52.94446563720703
2014-09-26,53.10940933227539
2014-09-29,52.99395751953125
2014-09-30,52.705318450927734
2014-10-01,52.152774810791016
2014-10-02,52.045570373535156
2014-10-03,53.11764907836914
2014-10-06,52.8702507019043
2014-10-07,52.02907943725586
2014-10-08,53.356807708740234
2014-10-09,52.25174331665039
2014-10-10,51.93011474609375
2014-10-13,50.70133590698242
2014-10-14,50.321990966796875
2014-10-15,49.909629821777344
2014-10-16,49.654014587402344
2014-10-17,50.4456901550293
2014-10-20,51.05595397949219
2014-10-21,52.40842819213867
2014-10-22,52.144527435302734
2014-10-23,53.035186767578125
2014-10-24,53.77740478515625
2014-10-27,53.835113525390625
2014-10-28,54.23097610473633
2014-10-29,54.255714416503906
2014-10-30,55.25358200073242
2014-10-31,55.47624588012695
2014-11-03,55.54222106933594
2014-11-04,55.55048370361328
2014-11-05,55.49272155761719
2014-11-06,55.83086013793945
2014-11-07,55.2783088684082
2014-11-10,55.83910369873047
2014-11-11,56.04526901245117
2014-11-12,55.96281051635742
2014-11-13,55.92156982421875
2014-11-14,55.45975112915039
2014-11-17,55.731876373291016
2014-11-18,56.63078308105469
2014-11-19,56.317413330078125
2014-11-20,56.0782356262207
2014-11-21,56.3421745300293
2014-11-24,56.63078308105469
2014-11-25,56.70503234863281
2014-11-26,57.0513801574707
2014-11-28,57.406002044677734
2014-12-01,57.26580047607422
2014-12-02,57.900814056396484
2014-12-03,57.991493225097656
2014-12-04,57.91728973388672
2014-12-05,58.37911605834961
2014-12-08,58.58530807495117
2014-12-09,58.337886810302734
2014-12-10,57.438961029052734
2014-12-11,57.60390090942383
2014-12-12,56.72150802612305
2014-12-15,56.20195388793945
2014-12-16,55.55048370361328
2014-12-17,56.58957290649414
2014-12-18,58.13997268676758
2014-12-19,58.28068542480469
2014-12-22,57.72608184814453
2014-12-23,56.40171432495117
2014-12-24,56.81560134887695
2014-12-26,57.221168518066406
2014-12-29,57.41983413696289
2014-12-30,57.171512603759766
2014-12-31,56.600372314453125
2015-01-02,56.80730056762695
2015-01-05,56.5175895690918
2015-01-06,56.32722473144531
2015-01-07,57.65157699584961
2015-01-08,58.636592864990234
2015-01-09,58.11513900756836
2015-01-12,58.13996505737305
2015-01-13,57.88335037231445
2015-01-14,57.79232406616211
2015-01-15,57.171512603759766
2015-01-16,58.24756622314453
2015-01-20,58.24756622314453
2015-01-21,58.36343765258789
2015-01-22,59.05874252319336
2015-01-23,58.71935272216797
2015-01-26,59.02561569213867
2015-01-27,58.60347366333008
2015-01-28,57.759193420410156
2015-01-29,58.24756622314453
2015-01-30,57.337066650390625
2015-02-02,57.65987777709961
2015-02-03,58.04890060424805
2015-02-04,57.32051467895508
2015-02-05,58.288944244384766
2015-02-06,57.759193420410156
2015-02-09,57.0804443359375
2015-02-10,58.04064178466797
2015-02-11,58.098575592041016
2015-02-12,58.305511474609375
2015-02-13,58.537269592285156
2015-02-17,58.95940017700195
2015-02-18,59.02561569213867
2015-02-19,59.12493896484375
2015-02-20,59.74575424194336
2015-02-23,60.018898010253906
2015-02-24,59.94440841674805
2015-02-25,59.91960525512695
2015-02-26,60.08510971069336
2015-02-27,59.79541015625
2015-03-02,60.33345413208008
2015-03-03,59.787139892578125
2015-03-04,60.07684326171875
2015-03-05,60.29205322265625
2015-03-06,59.108421325683594
2015-03-09,59.47260665893555
2015-03-10,58.81041717529297
2015-03-11,58.77729034423828
2015-03-12,59.55537033081055
2015-03-13,59.439491271972656
2015-03-16,60.75558090209961
2015-03-17,60.58177947998047
2015-03-18,61.36809539794922
2015-03-19,61.724029541015625
2015-03-20,62.170597076416016
2015-03-23,61.996299743652344
2015-03-24,61.456748962402344
2015-03-25,60.33620071411133
2015-03-26,60.19509506225586
2015-03-27,60.626712799072266
2015-03-30,61.240928649902344
2015-03-31,60.17848587036133
2015-04-01,59.57255172729492
2015-04-02,59.75514221191406
2015-04-06,59.84646987915039
2015-04-07,59.987571716308594
2015-04-08,60.49390411376953
2015-04-09,60.95043182373047
2015-04-10,61.47334289550781
2015-04-13,61.141361236572266
2015-04-14,61.240928649902344
2015-04-15,61.39867401123047
2015-04-16,61.3654670715332
2015-04-17,60.834232330322266
2015-04-20,61.2077522277832
2015-04-21,61.61448669433594
2015-04-22,61.71409225463867
2015-04-23,61.94647216796875
2015-04-24,61.74729537963867
2015-04-27,60.626712799072266
2015-04-28,60.925540924072266
2015-04-29,60.369407653808594
2015-04-30,59.52275848388672
2015-05-01,60.3278923034668
2015-05-04,60.70972442626953
2015-05-05,59.946075439453125
2015-05-06,59.713653564453125
2015-05-07,59.995872497558594
2015-05-08,60.967010498046875
2015-05-11,61.0002326965332
2015-05-12,60.610107421875
2015-05-13,60.67649841308594
2015-05-14,61.514862060546875
2015-05-15,61.63936996459961
2015-05-18,62.004600524902344
2015-05-19,62.29512405395508
2015-05-20,62.37809753417969
2015-05-21,62.38642120361328
2015-05-22,62.237037658691406
2015-05-26,61.606170654296875
2015-05-27,62.32001495361328
2015-05-28,62.361534118652344
2015-05-29,62.203826904296875
2015-06-01,62.45281219482422
2015-06-02,62.046085357666016
2015-06-03,62.162296295166016
2015-06-04,61.730690002441406
2015-06-05,61.705787658691406
2015-06-08,61.39867401123047
2015-06-09,61.38203430175781
2015-06-10,62.137413024902344
2015-06-11,62.56071853637695
2015-06-12,61.78877639770508
2015-06-15,61.86345672607422
2015-06-16,62.170597076416016
2015-06-17,62.22870635986328
2015-06-18,63.108543395996094
2015-06-19,63.059410095214844
2015-06-22,63.550846099853516
2015-06-23,63.67579650878906
2015-06-24,63.034427642822266
2015-06-25,63.384246826171875
2015-06-26,63.29263687133789
2015-06-29,61.74341583251953
2015-06-30,61.959991455078125
2015-07-01,62.626312255859375
2015-07-02,62.334800720214844
2015-07-06,62.309810638427734
2015-07-07,62.609649658203125
2015-07-08,61.53518295288086
2015-07-09,61.86834716796875
2015-07-10,62.70126724243164
2015-07-13,63.234310150146484
2015-07-14,63.86731719970703
2015-07-15,63.950626373291016
2015-07-16,64.25045776367188
2015-07-17,64.10888671875
2015-07-20,64.31712341308594
2015-07-21,64.03392791748047
2015-07-22,64.17549896240234
2015-07-23,63.942298889160156
2015-07-24,62.34310531616211
2015-07-27,62.28482437133789
2015-07-28,63.40922546386719
2015-07-29,63.517520904541016
2015-07-30,63.4259147644043
2015-07-31,63.79236602783203
2015-08-03,63.742401123046875
2015-08-04,63.70909118652344
2015-08-05,64.24214935302734
2015-08-06,62.84285354614258
2015-08-07,62.73456954956055
2015-08-10,63.242645263671875
2015-08-11,62.709590911865234
2015-08-12,62.751216888427734
2015-08-13,62.609649658203125
2015-08-14,62.784523010253906
2015-08-17,63.41756057739258
2015-08-18,63.32593536376953
2015-08-19,63.06775665283203
2015-08-20,61.60184097290039
2015-08-21,59.71944808959961
2015-08-24,57.17910385131836
2015-08-25,56.604393005371094
2015-08-26,58.99484634399414
2015-08-27,60.144222259521484
2015-08-28,59.802772521972656
2015-08-31,58.71162796020508
2015-09-01,57.1707649230957
2015-09-02,58.34516143798828
2015-09-03,57.92870330810547
2015-09-04,57.204078674316406
2015-09-08,58.80326461791992
2015-09-09,57.8953971862793
2015-09-10,58.453453063964844
2015-09-11,58.82827377319336
2015-09-14,58.645023345947266
2015-09-15,59.48625564575195
2015-09-16,59.652835845947266
2015-09-17,60.194210052490234
2015-09-18,59.275535583496094
2015-09-21,58.48976516723633
2015-09-22,58.13032913208008
2015-09-23,58.07179260253906
2015-09-24,57.47831344604492
2015-09-25,55.906742095947266
2015-09-28,53.74170684814453
2015-09-29,54.23488998413086
2015-09-30,55.3634033203125
2015-10-01,55.9234619140625
2015-10-02,57.08540725708008
2015-10-05,57.23587417602539
2015-10-06,55.890018463134766
2015-10-07,56.78446578979492
2015-10-08,56.95167541503906
2015-10-09,57.21080017089844
2015-10-12,57.36128234863281
2015-10-13,56.642364501953125
2015-10-14,56.53369140625
2015-10-15,57.79594802856445
2015-10-16,58.31422424316406
2015-10-19,58.52318572998047
2015-10-20,57.60369110107422
2015-10-21,57.08540725708008
2015-10-22,56.742679595947266
2015-10-23,57.954776763916016
2015-10-26,58.180458068847656
2015-10-27,59.25043869018555
2015-10-28,59.7436637878418
2015-10-29,60.01115798950195
2015-10-30,59.634971618652344
2015-11-02,60.90556335449219
2015-11-03,60.688228607177734
2015-11-04,60.420738220214844
2015-11-05,60.22847366333008
2015-11-06,59.97771453857422
2015-11-09,59.517948150634766
2015-11-10,59.919189453125
2015-11-11,59.325687408447266
2015-11-12,58.297489166259766
2015-11-13,58.15538787841797
2015-11-16,58.882659912109375
2015-11-17,59.13343048095703
2015-11-18,60.28697967529297
2015-11-19,59.275535583496094
2015-11-20,59.78545379638672
2015-11-23,59.634971618652344
2015-11-24,59.81887435913086
2015-11-25,60.1448860168457
2015-11-27,60.26191329956055
2015-11-30,59.44272232055664
2015-12-01,60.4458122253418
2015-12-02,59.93590545654297
2015-12-03,58.62350082397461
2015-12-04,60.00279235839844
2015-12-07,59.66843032836914
2015-12-08,59.80217742919922
2015-12-09,59.200294494628906
2015-12-10,59.643333435058594
2015-12-11,58.7656135559082
2015-12-14,59.15012741088867
2015-12-15,59.919189453125
2015-12-16,60.69660186767578
2015-12-17,60.04460144042969
2015-12-18,59.17405700683594
2015-12-21,59.71131896972656
2015-12-22,60.11426544189453
2015-12-23,60.76066207885742
2015-12-24,60.819400787353516
2015-12-28,60.53400421142578
2015-12-29,61.27273178100586
2015-12-30,61.01249313354492
2015-12-31,60.46683120727539
2016-01-04,59.37552261352539
2016-01-05,59.660945892333984
2016-01-06,59.17405700683594
2016-01-07,57.973602294921875
2016-01-08,57.10057067871094
2016-01-11,56.42060089111328
2016-01-12,57.14255142211914
2016-01-13,55.44681930541992
2016-01-14,56.932682037353516
2016-01-15,56.13518524169922
2016-01-19,56.126792907714844
2016-01-20,56.235931396484375
2016-01-21,56.06802749633789
2016-01-22,56.95787048339844
2016-01-25,56.42900466918945
2016-01-26,56.857120513916016
2016-01-27,56.21073913574219
2016-01-28,54.90115737915039
2016-01-29,55.79939270019531
2016-02-01,55.88334655761719
2016-02-02,55.07746505737305
2016-02-03,55.43843460083008
2016-02-04,55.13622283935547
2016-02-05,54.06169128417969
2016-02-08,53.32297897338867
2016-02-09,53.71752166748047
2016-02-10,54.19599914550781
2016-02-11,53.32297897338867
2016-02-12,54.03651809692383
2016-02-16,55.052268981933594
2016-02-17,55.7490234375
2016-02-18,55.404842376708984
2016-02-19,55.34608459472656
2016-02-22,56.13518524169922
2016-02-23,55.7154426574707
2016-02-24,55.90011978149414
2016-02-25,56.59687042236328
2016-02-26,56.49614715576172
2016-02-29,55.59794616699219
2016-03-01,56.78995895385742
2016-03-02,56.88231658935547
2016-03-03,56.72282409667969
2016-03-04,56.5884895324707
2016-03-07,57.04180908203125
2016-03-08,56.34505081176758
2016-03-09,56.44579315185547
2016-03-10,56.4793815612793
2016-03-11,57.579063415527344
2016-03-14,57.33562088012695
2016-03-15,56.44579315185547
2016-03-16,56.31147766113281
2016-03-17,55.65668487548828
2016-03-18,56.31126022338867
2016-03-21,56.639862060546875
2016-03-22,57.20432662963867
2016-03-23,56.79991149902344
2016-03-24,56.774654388427734
2016-03-28,56.61457443237305
2016-03-29,57.2717170715332
2016-03-30,57.28014373779297
2016-03-31,57.10321807861328
2016-04-01,57.75193405151367
2016-04-04,58.44276809692383
2016-04-05,57.68453598022461
2016-04-06,59.23469543457031
2016-04-07,58.58599853515625
2016-04-08,58.42592239379883
2016-04-11,57.97941207885742
2016-04-12,58.45117950439453
2016-04-13,58.9987907409668
2016-04-14,59.032501220703125
2016-04-15,58.99038314819336
2016-04-18,59.537986755371094
2016-04-19,59.74861526489258
2016-04-20,60.068748474121094
2016-04-21,60.422576904296875
2016-04-22,60.54896926879883
2016-04-25,60.31306457519531
2016-04-26,60.08560562133789
2016-04-27,60.0181999206543
2016-04-28,59.73175811767578
2016-04-29,58.79661560058594
2016-05-02,59.133602142333984
2016-05-03,58.948246002197266
2016-05-04,58.383785247802734
2016-05-05,58.62811279296875
2016-05-06,58.282676696777344
2016-05-09,58.948246002197266
2016-05-10,59.4453125
2016-05-11,58.729209899902344
2016-05-12,58.383785247802734
2016-05-13,58.248985290527344
2016-05-16,59.040924072265625
2016-05-17,58.42592239379883
2016-05-18,58.670230865478516
2016-05-19,58.173179626464844
2016-05-20,58.71236038208008
2016-05-23,58.47646713256836
2016-05-24,59.31896209716797
2016-05-25,59.689640045166016
2016-05-26,59.69804763793945
2016-05-27,59.96767044067383
2016-05-31,60.110870361328125
2016-06-01,60.32992935180664
2016-06-02,61.104984283447266
2016-06-03,60.902793884277344
2016-06-06,61.23137664794922
2016-06-07,60.85226821899414
2016-06-08,61.06285095214844
2016-06-09,60.96177673339844
2016-06-10,60.473148345947266
2016-06-13,59.992916107177734
2016-06-14,60.08560562133789
2016-06-15,59.672786712646484
2016-06-16,59.88340377807617
2016-06-17,59.26169204711914
2016-06-20,59.633880615234375
2016-06-21,59.43085861206055
2016-06-22,59.60005187988281
2016-06-23,60.37825393676758
2016-06-24,58.62727355957031
2016-06-27,57.84062957763672
2016-06-28,58.96563720703125
2016-06-29,60.09065246582031
2016-06-30,60.657371520996094
2016-07-01,61.037994384765625
2016-07-05,60.97881317138672
2016-07-06,61.663970947265625
2016-07-07,61.5709114074707
2016-07-08,62.33220672607422
2016-07-11,62.163047790527344
2016-07-12,62.4675178527832
2016-07-13,62.442176818847656
2016-07-14,62.71284103393555
2016-07-15,62.662105560302734
2016-07-18,62.68745803833008
2016-07-19,62.5521354675293
2016-07-20,63.118858337402344
2016-07-21,63.304954528808594
2016-07-22,63.431827545166016
2016-07-25,63.364192962646484
2016-07-26,63.25420379638672
2016-07-27,63.54180145263672
2016-07-28,63.482574462890625
2016-07-29,63.609493255615234
2016-08-01,64.01547241210938
2016-08-02,63.77019119262695
2016-08-03,63.592567443847656
2016-08-04,63.499488830566406
2016-08-05,63.651763916015625
2016-08-08,63.110389709472656
2016-08-09,63.26265335083008
2016-08-10,63.051185607910156
2016-08-11,63.41490936279297
2016-08-12,63.25420379638672
2016-08-15,63.364192962646484
2016-08-16,62.79742431640625
2016-08-17,62.92431640625
2016-08-18,62.94968795776367
2016-08-19,62.89894104003906
2016-08-22,63.02581024169922
2016-08-23,63.08502960205078
2016-08-24,62.0953483581543
2016-08-25,61.5709114074707
2016-08-26,61.807769775390625
2016-08-29,61.943084716796875
2016-08-30,61.73163604736328
2016-08-31,61.5455322265625
2016-09-01,61.38483428955078
2016-09-02,61.45250701904297
2016-09-06,61.67242431640625
2016-09-07,61.67242431640625
2016-09-08,61.72317123413086
2016-09-09,60.48820877075195
2016-09-12,61.38483428955078
2016-09-13,60.5643310546875
2016-09-14,60.5643310546875
2016-09-15,61.190269470214844
2016-09-16,61.23188781738281
2016-09-19,61.0111083984375
2016-09-20,61.197914123535156
2016-09-21,61.809303283691406
2016-09-22,62.27631759643555
2016-09-23,62.08102798461914
2016-09-26,61.35924530029297
2016-09-27,61.79231262207031
2016-09-28,61.69890594482422
2016-09-29,60.61201858520508
2016-09-30,61.23188781738281
2016-10-03,61.18092727661133
2016-10-04,61.06206130981445
2016-10-05,61.2998161315918
2016-10-06,61.070533752441406
2016-10-07,61.02809524536133
2016-10-10,61.30830383300781
2016-10-11,59.7713508605957
2016-10-12,59.49113082885742
2016-10-13,59.51660919189453
2016-10-14,59.11750411987305
2016-10-17,58.92222213745117
2016-10-18,59.62699508666992
2016-10-19,59.406211853027344
2016-10-20,59.68644714355469
2016-10-21,59.19392776489258
2016-10-24,59.08357238769531
2016-10-25,58.91371154785156
2016-10-26,58.55708312988281
2016-10-27,58.828800201416016
2016-10-28,57.555076599121094
2016-10-31,57.198448181152344
2016-11-01,56.89274978637695
2016-11-02,56.595550537109375
2016-11-03,56.060585021972656
2016-11-04,56.45119094848633
2016-11-07,57.89474105834961
2016-11-08,58.056087493896484
2016-11-09,60.10252380371094
2016-11-10,60.76483154296875
2016-11-11,59.85624313354492
2016-11-14,59.66945266723633
2016-11-15,59.83928298950195
2016-11-16,59.584537506103516
2016-11-17,59.822296142578125
2016-11-18,59.18543243408203
2016-11-21,59.39772415161133
2016-11-22,58.54011154174805
2016-11-23,58.76935958862305
2016-11-25,58.998619079589844
2016-11-28,58.55708312988281
2016-11-29,58.93919372558594
2016-11-30,58.37875747680664
2016-12-01,57.95418167114258
2016-12-02,58.090049743652344
2016-12-05,57.98813247680664
2016-12-06,58.149478912353516
2016-12-07,57.64847183227539
2016-12-08,57.75886917114258
2016-12-09,58.46366882324219
2016-12-12,58.74387741088867
2016-12-13,59.21940231323242
2016-12-14,58.91371154785156
2016-12-15,59.29584503173828
2016-12-16,59.34275817871094
2016-12-19,59.09538269042969
2016-12-20,59.05276870727539
2016-12-21,58.72013854980469
2016-12-22,58.79692077636719
2016-12-23,59.24040222167969
2016-12-27,59.359798431396484
2016-12-28,58.90778350830078
2016-12-29,59.010108947753906
2016-12-30,58.79692077636719
2017-01-03,59.564483642578125
2017-01-04,60.03356170654297
2017-01-05,60.3405876159668
2017-01-06,60.51115798950195
2017-01-09,60.76704788208008
2017-01-10,60.980247497558594
2017-01-11,60.36619567871094
2017-01-12,60.42587661743164
2017-01-13,60.485591888427734
2017-01-17,60.17855453491211
2017-01-18,60.10179138183594
2017-01-19,59.71799850463867
2017-01-20,59.564483642578125
2017-01-23,59.31715774536133
2017-01-24,58.90778350830078
2017-01-25,59.462135314941406
2017-01-26,59.0015754699707
2017-01-27,59.487735748291016
2017-01-30,59.19775390625
2017-01-31,60.14442443847656
2017-02-01,60.66468048095703
2017-02-02,60.64762496948242
2017-02-03,60.91202926635742
2017-02-06,60.980247497558594
2017-02-07,61.03994369506836
2017-02-08,60.94613265991211
2017-02-09,61.16787338256836
2017-02-10,61.28726577758789
2017-02-13,61.66253662109375
2017-02-14,62.1486930847168
2017-02-15,62.822444915771484
2017-02-16,62.73716735839844
2017-02-17,62.822444915771484
2017-02-21,63.103904724121094
2017-02-22,63.01008224487305
2017-02-23,63.47062683105469
2017-02-24,63.77766418457031
2017-02-27,64.08470916748047
2017-02-28,63.9567756652832
2017-03-01,64.59640502929688
2017-03-02,64.39173126220703
2017-03-03,64.64761352539062
2017-03-06,64.4002456665039
2017-03-07,63.9482421875
2017-03-08,64.20410919189453
2017-03-09,64.55376434326172
2017-03-10,64.80111694335938
2017-03-13,64.74993896484375
2017-03-14,64.51112365722656
2017-03-15,65.32135772705078
2017-03-16,64.69022369384766
2017-03-17,64.33415985107422
2017-03-20,64.23999786376953
2017-03-21,63.7349853515625
2017-03-22,63.75212097167969
2017-03-23,63.555233001708984
2017-03-24,63.58948516845703
2017-03-27,63.76066207885742
2017-03-28,63.803462982177734
2017-03-29,63.8205680847168
2017-03-30,63.829132080078125
2017-03-31,63.64940643310547
2017-04-03,63.70073699951172
2017-04-04,63.666500091552734
2017-04-05,63.46963882446289
2017-04-06,63.58088684082031
2017-04-07,63.692195892333984
2017-04-10,63.57234573364258
2017-04-11,63.48672866821289
2017-04-12,63.48672866821289
2017-04-13,63.3240966796875
2017-04-17,63.555233001708984
2017-04-18,62.861900329589844
2017-04-19,63.05023956298828
2017-04-20,63.44395065307617
2017-04-21,63.06732177734375
2017-04-24,63.692195892333984
2017-04-25,63.96609115600586
2017-04-26,64.31706237792969
2017-04-27,64.45399475097656
2017-04-28,64.62519836425781
2017-05-01,64.77069091796875
2017-05-02,64.950439453125
2017-05-03,64.63373565673828
2017-05-04,65.06172180175781
2017-05-05,65.0274887084961
2017-05-08,64.62519836425781
2017-05-09,64.70221710205078
2017-05-10,64.51388549804688
2017-05-11,64.54813385009766
2017-05-12,64.4368667602539
2017-05-15,64.85629272460938
2017-05-16,64.60807037353516
2017-05-17,63.76066207885742
2017-05-18,64.04312133789062
2017-05-19,64.2228775024414
2017-05-22,64.39408874511719
2017-05-23,64.60807037353516
2017-05-24,64.77069091796875
2017-05-25,65.07884979248047
2017-05-26,64.95901489257812
2017-05-30,64.86485290527344
2017-05-31,65.12166595458984
2017-06-01,65.84064483642578
2017-06-02,66.26862335205078
2017-06-05,66.08032989501953
2017-06-06,65.91765594482422
2017-06-07,66.09745025634766
2017-06-08,65.90913391113281
2017-06-09,66.3542251586914
2017-06-12,66.26862335205078
2017-06-13,66.40560150146484
2017-06-14,66.7222900390625
2017-06-15,66.65381622314453
2017-06-16,66.76380920410156
2017-06-19,67.45990753173828
2017-06-20,67.68334197998047
2017-06-21,68.54268646240234
2017-06-22,69.25597381591797
2017-06-23,69.1528549194336
2017-06-26,69.0840835571289
2017-06-27,68.45677185058594
2017-06-28,68.81770324707031
2017-06-29,68.19036865234375
2017-06-30,68.09583282470703
2017-07-03,68.21611785888672
2017-07-05,68.62001037597656
2017-07-06,67.73487854003906
2017-07-07,68.07865905761719
2017-07-10,67.94973754882812
2017-07-11,67.87239074707031
2017-07-12,68.33642578125
2017-07-13,68.39656066894531
2017-07-14,68.86067962646484
2017-07-17,68.61145782470703
2017-07-18,68.66300201416016
2017-07-19,69.22158813476562
2017-07-20,69.67707061767578
2017-07-21,69.59969329833984
2017-07-24,69.57392120361328
2017-07-25,69.07550048828125
2017-07-26,68.84345245361328
2017-07-27,68.37081909179688
2017-07-28,68.71456146240234
2017-07-31,68.65441131591797
2017-08-01,68.49974060058594
2017-08-02,68.34504699707031
2017-08-03,68.45677185058594
2017-08-04,68.30207824707031
2017-08-07,68.44816589355469
2017-08-08,68.13021087646484
2017-08-09,68.20755004882812
2017-08-10,67.35675048828125
2017-08-11,67.54584503173828
2017-08-14,68.00128173828125
2017-08-15,68.00128173828125
2017-08-16,68.19036865234375
2017-08-17,67.33959197998047
2017-08-18,67.03021240234375
2017-08-21,67.33098602294922
2017-08-22,68.14737701416016
2017-08-23,67.63178253173828
2017-08-24,67.82942962646484
2017-08-25,67.84659576416016
2017-08-28,68.20755004882812
2017-08-29,68.33642578125
2017-08-30,68.68878173828125
2017-08-31,69.8575439453125
2017-09-01,69.80594635009766
2017-09-05,69.50518798828125
2017-09-06,69.84033203125
2017-09-07,70.61376190185547
2017-09-08,70.93172454833984
2017-09-11,71.48169708251953
2017-09-12,71.63640594482422
2017-09-13,71.37001037597656
2017-09-14,71.46453857421875
2017-09-15,71.2359619140625
2017-09-18,71.2187271118164
2017-09-19,70.65807342529297
2017-09-20,70.72706604003906
2017-09-21,70.36481475830078
2017-09-22,70.36481475830078
2017-09-25,70.15779876708984
2017-09-26,70.04566955566406
2017-09-27,70.01979064941406
2017-09-28,70.08015441894531
2017-09-29,70.49420166015625
2017-10-02,71.21007537841797
2017-10-03,71.19282531738281
2017-10-04,71.53784942626953
2017-10-05,71.58958435058594
2017-10-06,71.49472045898438
2017-10-09,71.04618835449219
2017-10-10,71.21007537841797
2017-10-11,71.34807586669922
2017-10-12,71.27047729492188
2017-10-13,71.08932495117188
2017-10-16,70.77882385253906
2017-10-17,71.72759246826172
2017-10-18,71.83110809326172
2017-10-19,72.27100372314453
2017-10-20,72.34862518310547
2017-10-23,72.16747283935547
2017-10-24,71.68447875976562
2017-10-25,71.58097076416016
2017-10-26,70.86505889892578
2017-10-27,70.84782409667969
2017-10-30,70.0887680053711
2017-10-31,69.95941925048828
2017-11-01,70.13192749023438
2017-11-02,69.81278991699219
2017-11-03,70.39067077636719
2017-11-06,70.175048828125
2017-11-07,70.32167053222656
2017-11-08,70.48556518554688
2017-11-09,70.49420166015625
2017-11-10,70.03704833984375
2017-11-13,70.10606384277344
2017-11-14,69.82139587402344
2017-11-15,69.62305450439453
2017-11-16,70.3475570678711
2017-11-17,70.07156372070312
2017-11-20,69.77830505371094
2017-11-21,70.39067077636719
2017-11-22,70.36481475830078
2017-11-24,70.52865600585938
2017-11-27,70.58904266357422
2017-11-28,71.1065902709961
2017-11-29,71.46022033691406
2017-11-30,71.99496459960938
2017-12-01,71.84834289550781
2017-12-04,70.96856689453125
2017-12-05,70.84782409667969
2017-12-06,70.78744506835938
2017-12-07,70.8047103881836
2017-12-08,71.59821319580078
2017-12-11,71.90008544921875
2017-12-12,72.18473052978516
2017-12-13,72.43485260009766
2017-12-14,71.70172119140625
2017-12-15,72.4906234741211
2017-12-18,72.5166015625
2017-12-19,72.42999267578125
2017-12-20,72.1961898803711
2017-12-21,72.03164672851562
2017-12-22,71.7978515625
2017-12-26,71.8151626586914
2017-12-27,71.93638610839844
2017-12-28,72.04032135009766
2017-12-29,71.59866333007812
2018-01-02,72.40401458740234
2018-01-03,73.09681701660156
2018-01-04,73.20072937011719
2018-01-05,73.82421875
2018-01-08,73.55575561523438
2018-01-09,74.42172241210938
2018-01-10,74.2918472290039
2018-01-11,74.61226654052734
2018-01-12,75.1838150024414
2018-01-16,75.55618286132812
2018-01-17,76.2835922241211
2018-01-18,76.30091094970703
2018-01-19,76.58666229248047
2018-01-22,77.08891296386719
2018-01-23,76.71653747558594
2018-01-24,76.94172668457031
2018-01-25,77.59986877441406
2018-01-26,79.27120971679688
2018-01-29,79.05471801757812
2018-01-30,77.39203643798828
2018-01-31,76.29222869873047
2018-02-01,76.3182373046875
2018-02-02,75.24443054199219
2018-02-05,71.91041564941406
2018-02-06,72.70709991455078
2018-02-07,72.62052917480469
2018-02-08,70.10050964355469
2018-02-09,71.09642028808594
2018-02-12,71.7632064819336
2018-02-13,71.8151626586914
2018-02-14,72.62918853759766
2018-02-15,73.43452453613281
2018-02-16,73.96278381347656
2018-02-20,73.14875030517578
2018-02-21,72.84564971923828
2018-02-22,72.73307800292969
2018-02-23,73.89350891113281
2018-02-26,74.8287582397461
2018-02-27,74.04940795898438
2018-02-28,72.86299896240234
2018-03-01,71.70259094238281
2018-03-02,72.42999267578125
2018-03-05,73.0881576538086
2018-03-06,72.98423767089844
2018-03-07,73.3565673828125
2018-03-08,73.85018920898438
2018-03-09,74.91534423828125
2018-03-12,74.5949478149414
2018-03-13,74.690185546875
2018-03-14,74.32649230957031
2018-03-15,74.20525360107422
2018-03-16,74.20525360107422
2018-03-19,73.0060043334961
2018-03-20,73.11028289794922
2018-03-21,72.79745483398438
2018-03-22,70.7031021118164
2018-03-23,69.2344970703125
2018-03-26,70.6683578491211
2018-03-27,69.8341064453125
2018-03-28,70.20777130126953
2018-03-29,70.73788452148438
2018-04-02,69.13018798828125
2018-04-03,70.18171691894531
2018-04-04,71.18108367919922
2018-04-05,71.12891387939453
2018-04-06,69.4169692993164
2018-04-09,70.1034927368164
2018-04-10,71.28535461425781
2018-04-11,70.7031021118164
2018-04-12,71.18108367919922
2018-04-13,71.14632415771484
2018-04-16,71.711181640625
2018-04-17,72.2673568725586
2018-04-18,72.32816314697266
2018-04-19,71.71985626220703
2018-04-20,71.33751678466797
2018-04-23,71.61559295654297
2018-04-24,71.0768051147461
2018-04-25,71.39833068847656
2018-04-26,72.3021011352539
2018-04-27,72.59757995605469
2018-04-30,71.4852294921875
2018-05-01,71.45048522949219
2018-05-02,70.46847534179688
2018-05-03,69.8341064453125
2018-05-04,70.3902587890625
2018-05-07,70.28599548339844
2018-05-08,69.75588989257812
2018-05-09,70.15563201904297
2018-05-10,71.09416961669922
2018-05-11,72.15438842773438
2018-05-14,72.63231658935547
2018-05-15,71.69380187988281
2018-05-16,72.09355926513672
2018-05-17,72.1196060180664
2018-05-18,72.3021011352539
2018-05-21,72.37163543701172
2018-05-22,72.23258972167969
2018-05-23,72.46722412109375
2018-05-24,72.18043518066406
2018-05-25,72.07617950439453
2018-05-29,71.33751678466797
2018-05-30,72.40640258789062
2018-05-31,71.61559295654297
2018-06-01,72.44113159179688
2018-06-04,72.71053314208984
2018-06-05,72.56279754638672
2018-06-06,73.37968444824219
2018-06-07,73.47529602050781
2018-06-08,73.90109252929688
2018-06-11,74.04013061523438
2018-06-12,73.99668884277344
2018-06-13,74.01408386230469
2018-06-14,74.39642333984375
2018-06-15,74.54122161865234
2018-06-18,73.82598876953125
2018-06-19,74.01789855957031
2018-06-20,74.17487335205078
2018-06-21,73.74751281738281
2018-06-22,74.07893371582031
2018-06-25,73.39860534667969
2018-06-26,73.17182159423828
2018-06-27,72.55250549316406
2018-06-28,72.6484603881836
2018-06-29,72.79674530029297
2018-07-02,73.02354431152344
2018-07-03,73.1979751586914
2018-07-05,73.95681762695312
2018-07-06,75.02094268798828
2018-07-09,75.57044982910156
2018-07-10,75.85828399658203
2018-07-11,75.25645446777344
2018-07-12,76.09379577636719
2018-07-13,76.23336029052734
2018-07-16,75.77110290527344
2018-07-17,76.18973541259766
2018-07-18,76.25080871582031
2018-07-19,75.82339477539062
2018-07-20,75.67513275146484
2018-07-23,75.83211517333984
2018-07-24,76.52117919921875
2018-07-25,77.49809265136719
2018-07-26,77.28003692626953
2018-07-27,76.72180938720703
2018-07-30,76.7654037475586
2018-07-31,77.56788635253906
2018-08-01,77.58529663085938
2018-08-02,77.87317657470703
2018-08-03,78.33544158935547
2018-08-06,78.47501373291016
2018-08-07,78.4837417602539
2018-08-08,78.6058349609375
2018-08-09,78.51862335205078
2018-08-10,78.17845153808594
2018-08-13,78.20462799072266
2018-08-14,78.57096099853516
2018-08-15,78.44010162353516
2018-08-16,79.2076644897461
2018-08-17,79.45191955566406
2018-08-20,79.71357727050781
2018-08-21,79.71357727050781
2018-08-22,79.79206085205078
2018-08-23,79.7658920288086
2018-08-24,80.14971160888672
2018-08-27,80.43753814697266
2018-08-28,80.48113250732422
2018-08-29,81.00448608398438
2018-08-30,80.94344329833984
2018-08-31,80.92598724365234
2018-09-04,80.28052520751953
2018-09-05,80.60326385498047
2018-09-06,80.60326385498047
2018-09-07,80.72537231445312
2018-09-10,80.51602935791016
2018-09-11,80.44628143310547
2018-09-12,80.84748077392578
2018-09-13,81.85052490234375
2018-09-14,81.58015441894531
2018-09-17,81.2835922241211
2018-09-18,81.75462341308594
2018-09-19,81.6412124633789
2018-09-20,82.43495178222656
2018-09-21,82.54615783691406
2018-09-24,82.71253204345703
2018-09-25,82.45856475830078
2018-09-26,82.64246368408203
2018-09-27,83.06278991699219
2018-09-28,83.31670379638672
2018-10-01,83.728271484375
2018-10-02,83.63195037841797
2018-10-03,83.4743423461914
2018-10-04,82.65997314453125
2018-10-05,82.56365966796875
2018-10-08,82.52863311767578
2018-10-09,82.66875457763672
2018-10-10,80.716064453125
2018-10-11,78.5357437133789
2018-10-12,79.7441177368164
2018-10-15,79.19247436523438
2018-10-16,81.36405944824219
2018-10-17,81.7930908203125
2018-10-18,80.86493682861328
2018-10-19,80.12940216064453
2018-10-22,79.47266387939453
2018-10-23,79.04361724853516
2018-10-24,76.43421173095703
2018-10-25,77.42367553710938
2018-10-26,76.54805755615234
2018-10-29,76.74069213867188
2018-10-30,77.56378173828125
2018-10-31,77.66889190673828
2018-11-01,78.64957427978516
2018-11-02,78.15923309326172
2018-11-05,78.85096740722656
2018-11-06,79.2537841796875
2018-11-07,81.58295440673828
2018-11-08,81.62674713134766
2018-11-09,81.39030456542969
2018-11-12,80.28702545166016
2018-11-13,79.72660827636719
2018-11-14,79.08740234375
2018-11-15,79.78790283203125
2018-11-16,80.59349060058594
2018-11-19,79.5689926147461
2018-11-20,78.82470703125
2018-11-21,78.37812042236328
2018-11-23,78.49195098876953
2018-11-26,79.2537841796875
2018-11-27,80.07686614990234
2018-11-28,82.00328063964844
2018-11-29,82.27468872070312
2018-11-30,83.94717407226562
2018-12-03,83.54437255859375
2018-12-04,81.67926788330078
2018-12-06,81.37278747558594
2018-12-07,79.29754638671875
2018-12-10,79.60401153564453
2018-12-11,79.84921264648438
2018-12-12,80.53218841552734
2018-12-13,80.61100006103516
2018-12-14,77.89653778076172
2018-12-17,76.34666442871094
2018-12-18,75.6811752319336
2018-12-19,74.69168853759766
2018-12-20,73.64094543457031
2018-12-21,72.72615051269531
2018-12-24,70.9844970703125
2018-12-26,74.08077239990234
2018-12-27,74.8987808227539
2018-12-28,74.98675537109375
2018-12-31,76.09505462646484
2019-01-02,74.94276428222656
2019-01-03,73.42103576660156
2019-01-04,75.61126708984375
2019-01-07,75.90154266357422
2019-01-08,76.49088287353516
2019-01-09,76.83390808105469
2019-01-10,76.98345184326172
2019-01-11,77.23853302001953
2019-01-14,76.38530731201172
2019-01-15,77.75751495361328
2019-01-16,77.61679077148438
2019-01-17,78.3028793334961
2019-01-18,79.23527526855469
2019-01-22,78.68991088867188
2019-01-23,78.77786254882812
2019-01-24,78.11815643310547
2019-01-25,78.21491241455078
2019-01-28,77.32649230957031
2019-01-29,77.7047348022461
2019-01-30,78.76905822753906
2019-01-31,79.7542495727539
2019-02-01,79.82459259033203
2019-02-04,79.59591674804688
2019-02-05,79.48155975341797
2019-02-06,79.84217834472656
2019-02-07,78.96258544921875
2019-02-08,79.11212158203125
2019-02-11,79.01536560058594
2019-02-12,80.09728240966797
2019-02-13,80.27320098876953
2019-02-14,80.45791625976562
2019-02-15,81.67179870605469
2019-02-19,81.47825622558594
2019-02-20,81.38150787353516
2019-02-21,80.66902923583984
2019-02-22,81.40790557861328
2019-02-25,81.52225494384766
2019-02-26,81.23198699951172
2019-02-27,80.85374450683594
2019-02-28,80.61625671386719
2019-03-01,81.75973510742188
2019-03-04,80.65142822265625
2019-03-05,80.6074447631836
2019-03-06,79.42878723144531
2019-03-07,78.80426025390625
2019-03-08,78.63712310791016
2019-03-11,79.53433227539062
2019-03-12,80.11487579345703
2019-03-13,80.97689056396484
2019-03-14,80.84496307373047
2019-03-15,81.21662902832031
2019-03-18,81.0930404663086
2019-03-19,81.737548828125
2019-03-20,81.17249298095703
2019-03-21,81.49034881591797
2019-03-22,80.00707244873047
2019-03-25,79.96293640136719
2019-03-26,80.5103530883789
2019-03-27,79.83935546875
2019-03-28,80.04242706298828
2019-03-29,81.00475311279297
2019-04-01,81.12834167480469
2019-04-02,80.94294738769531
2019-04-03,80.83699798583984
2019-04-04,80.66925811767578
2019-04-05,81.22547149658203
2019-04-08,81.20780181884766
2019-04-09,80.99594116210938
2019-04-10,81.02239227294922
2019-04-11,80.0247573852539
2019-04-12,79.29194641113281
2019-04-15,79.60978698730469
2019-04-16,77.97644805908203
2019-04-17,75.73392486572266
2019-04-18,75.85752868652344
2019-04-22,75.90167999267578
2019-04-23,77.1023941040039
2019-04-24,77.01409912109375
2019-04-25,77.80870056152344
2019-04-26,78.58564758300781
2019-04-29,78.44438171386719
2019-04-30,78.80638885498047
2019-05-01,78.66511535644531
2019-05-02,79.00060272216797
2019-05-03,79.6009750366211
2019-05-06,80.00707244873047
2019-05-07,78.47087860107422
2019-05-08,78.63861846923828
2019-05-09,78.47087860107422
2019-05-10,78.49737548828125
2019-05-13,77.02293395996094
2019-05-14,77.41141510009766
2019-05-15,77.64098358154297
2019-05-16,78.25015258789062
2019-05-17,78.08238983154297
2019-05-20,78.04707336425781
2019-05-21,78.77986907958984
2019-05-22,79.23015594482422
2019-05-23,78.95645141601562
2019-05-24,79.07122802734375
2019-05-28,77.94111633300781
2019-05-29,77.19068908691406
2019-05-30,77.6144790649414
2019-05-31,77.05825805664062
2019-06-03,77.24364471435547
2019-06-04,78.52385711669922
2019-06-05,79.1153793334961
2019-06-06,79.52149963378906
2019-06-07,80.35140991210938
2019-06-10,80.5898208618164
2019-06-11,80.45733642578125
2019-06-12,80.84580993652344
2019-06-13,80.74871826171875
2019-06-14,80.56330108642578
2019-06-17,80.92527770996094
2019-06-18,81.61395263671875
2019-06-19,82.34676361083984
2019-06-20,82.7087173461914
2019-06-21,83.10594177246094
2019-06-24,82.67147827148438
2019-06-25,82.33454132080078
2019-06-26,81.29718017578125
2019-06-27,81.86463165283203
2019-06-28,82.13949584960938
2019-07-01,82.54733276367188
2019-07-02,82.99066162109375
2019-07-03,83.69998931884766
2019-07-05,83.12369537353516
2019-07-08,82.50303649902344
2019-07-09,82.58281707763672
2019-07-10,82.8665542602539
2019-07-11,82.88428497314453
2019-07-12,81.96216583251953
2019-07-15,82.13949584960938
2019-07-16,81.73162078857422
2019-07-17,81.74935150146484
2019-07-18,82.21041870117188
2019-07-19,81.3592300415039
2019-07-22,81.19075775146484
2019-07-23,81.69615173339844
2019-07-24,81.740478515625
2019-07-25,81.34149169921875
2019-07-26,81.63410186767578
2019-07-29,81.97100830078125
2019-07-30,81.6163558959961
2019-07-31,80.80952453613281
2019-08-01,80.91590881347656
2019-08-02,80.72972106933594
2019-08-05,78.83229064941406
2019-08-06,79.85191345214844
2019-08-07,79.8785171508789
2019-08-08,80.94251251220703
2019-08-09,81.04004669189453
2019-08-12,80.25091552734375
2019-08-13,81.29718017578125
2019-08-14,79.03621673583984
2019-08-15,79.31107330322266
2019-08-16,80.28639221191406
2019-08-19,81.05780029296875
2019-08-20,80.3661880493164
2019-08-21,80.96023559570312
2019-08-22,80.56123352050781
2019-08-23,78.69927978515625
2019-08-26,79.52386474609375
2019-08-27,79.053955078125
2019-08-28,79.63025665283203
2019-08-29,80.2331771850586
2019-08-30,80.33072662353516
2019-09-03,79.86078643798828
2019-09-04,79.91399383544922
2019-09-05,80.7031021118164
2019-09-06,80.92479705810547
2019-09-09,80.17997741699219
2019-09-10,80.4105224609375
2019-09-11,81.20848846435547
2019-09-12,81.18190002441406
2019-09-13,81.13758087158203
2019-09-16,80.96023559570312
2019-09-17,81.08436584472656
2019-09-18,81.07550811767578
2019-09-19,81.45677947998047
2019-09-20,81.91083526611328
2019-09-23,81.47456359863281
2019-09-24,80.7267074584961
2019-09-25,80.33494567871094
2019-09-26,79.88978576660156
2019-09-27,79.53363800048828
2019-09-30,80.24590301513672
2019-10-01,79.46241760253906
2019-10-02,78.30496215820312
2019-10-03,79.00833129882812
2019-10-04,80.24590301513672
2019-10-07,79.97879028320312
2019-10-08,78.45635986328125
2019-10-09,79.02613067626953
2019-10-10,79.41790008544922
2019-10-11,80.07674407958984
2019-10-14,80.04110717773438
2019-10-15,81.50128173828125
2019-10-16,81.39445495605469
2019-10-17,81.9999008178711
2019-10-18,81.69717407226562
2019-10-21,81.60812377929688
2019-10-22,81.78619384765625
2019-10-23,82.29366302490234
2019-10-24,81.87521362304688
2019-10-25,81.96424102783203
2019-10-28,82.81005096435547
2019-10-29,83.98532104492188
2019-10-30,84.45718383789062
2019-10-31,84.35926055908203
2019-11-01,84.46611022949219
2019-11-04,84.2079086303711
2019-11-05,83.61141204833984
2019-11-06,83.89629364013672
2019-11-07,84.08325958251953
2019-11-08,84.69761657714844
2019-11-11,84.35035705566406
2019-11-12,84.85784149169922
2019-11-13,84.95579528808594
2019-11-14,84.96467590332031
2019-11-15,86.7720718383789
2019-11-18,86.47824096679688
2019-11-19,87.06587219238281
2019-11-20,86.9501724243164
2019-11-21,87.17274475097656
2019-11-22,87.48431396484375
2019-11-25,88.50823211669922
2019-11-26,88.43698120117188
2019-11-27,88.89106750488281
2019-11-29,88.5794448852539
2019-12-02,88.18771362304688
2019-12-03,87.99183654785156
2019-12-04,88.81092834472656
2019-12-05,88.81092834472656
2019-12-06,89.3985366821289
2019-12-09,88.77531433105469
2019-12-10,88.97119903564453
2019-12-11,89.05132293701172
2019-12-12,89.87934112548828
2019-12-13,89.8170166015625
2019-12-16,90.78748321533203
2019-12-17,90.68953704833984
2019-12-18,90.81419372558594
2019-12-19,91.17031860351562
2019-12-20,91.81578826904297
2019-12-23,92.18238067626953
2019-12-24,92.06613159179688
2019-12-26,92.0035629272461
2019-12-27,92.03036499023438
2019-12-30,91.4778823852539
2019-12-31,91.6578140258789
2020-01-02,91.9007797241211
2020-01-03,91.09992980957031
2020-01-06,91.66682434082031
2020-01-07,91.48686981201172
2020-01-08,92.08074951171875
2020-01-09,92.4766845703125
2020-01-10,92.50370788574219
2020-01-13,92.17974853515625
2020-01-14,92.7376480102539
2020-01-15,93.53852081298828
2020-01-16,94.0243911743164
2020-01-17,94.0243911743164
2020-01-21,94.12340545654297
2020-01-22,94.24040222167969
2020-01-23,93.7634506225586
2020-01-24,92.19773864746094
2020-01-27,91.49586486816406
2020-01-28,91.94578552246094
2020-01-29,91.69383239746094
2020-01-30,91.02794647216797
2020-01-31,89.21026611328125
2020-02-03,90.0201187133789
2020-02-04,91.60384368896484
2020-02-05,93.3675308227539
2020-02-06,93.44853210449219
2020-02-07,92.71965789794922
2020-02-10,93.21456146240234
2020-02-11,93.7724609375
2020-02-12,93.88944244384766
2020-02-13,93.44853210449219
2020-02-14,93.52051544189453
2020-02-18,93.18755340576172
2020-02-19,93.61949157714844
2020-02-20,93.0166015625
2020-02-21,93.07058715820312
2020-02-24,90.13710021972656
2020-02-25,87.40157318115234
2020-02-26,87.392578125
2020-02-27,84.423095703125
2020-02-28,83.33430480957031
2020-03-02,87.23961639404297
2020-03-03,85.07099151611328
2020-03-04,89.97511291503906
2020-03-05,87.88750457763672
2020-03-06,87.4195785522461
2020-03-09,82.87539672851562
2020-03-10,85.71887969970703
2020-03-11,82.44345092773438
2020-03-12,76.28854370117188
2020-03-13,81.57962036132812
2020-03-16,73.53504180908203
2020-03-17,78.15121459960938
2020-03-18,75.55967712402344
2020-03-19,74.01194763183594
2020-03-20,71.1684341430664
2020-03-23,67.4720687866211
2020-03-24,72.6712417602539
2020-03-25,73.63874816894531
2020-03-26,78.53053283691406
2020-03-27,76.84869384765625
2020-03-30,80.44744110107422
2020-03-31,80.09478759765625
2020-04-01,77.04761505126953
2020-04-02,79.18152618408203
2020-04-03,78.46721649169922
2020-04-06,82.58136749267578
2020-04-07,81.90320587158203
2020-04-08,85.27591705322266
2020-04-09,85.74610137939453
2020-04-13,84.99561309814453
2020-04-14,87.81673431396484
2020-04-15,87.36463165283203
2020-04-16,89.27252197265625
2020-04-17,91.12613677978516
2020-04-20,90.40276336669922
2020-04-21,87.65399932861328
2020-04-22,88.99219512939453
2020-04-23,89.48048400878906
2020-04-24,90.68307495117188
2020-04-27,91.84950256347656
2020-04-28,89.99586486816406
2020-04-29,90.59265899658203
2020-04-30,90.17670440673828
2020-05-01,88.45872497558594
2020-05-04,88.41351318359375
2020-05-05,90.3304443359375
2020-05-06,89.43524932861328
2020-05-07,89.42621612548828
2020-05-08,89.88737487792969
2020-05-11,91.43358612060547
2020-05-12,90.04108428955078
2020-05-13,89.06455993652344
2020-05-14,90.04108428955078
2020-05-15,90.80062103271484
2020-05-18,91.55111694335938
2020-05-19,90.44798278808594
2020-05-20,90.5564956665039
2020-05-21,89.88737487792969
2020-05-22,90.07725524902344
2020-05-26,89.91449737548828
2020-05-27,90.8458251953125
2020-05-28,92.03034973144531
2020-05-29,93.14252471923828
2020-06-01,92.22023010253906
2020-06-02,92.75370788574219
2020-06-03,92.5728530883789
2020-06-04,91.8404769897461
2020-06-05,93.3233642578125
2020-06-08,93.9653549194336
2020-06-09,92.98881530761719
2020-06-10,92.84415435791016
2020-06-11,87.68109893798828
2020-06-12,88.25077819824219
2020-06-15,88.44967651367188
2020-06-16,90.62882232666016
2020-06-17,90.53839111328125
2020-06-18,90.23099517822266
2020-06-19,91.09901428222656
2020-06-22,90.7494125366211
2020-06-23,91.13987731933594
2020-06-24,88.76081085205078
2020-06-25,89.63253021240234
2020-06-26,88.54287719726562
2020-06-29,89.34195709228516
2020-06-30,90.86746215820312
2020-07-01,91.5666275024414
2020-07-02,92.25676727294922
2020-07-06,93.19203186035156
2020-07-07,92.38389587402344
2020-07-08,92.39297485351562
2020-07-09,91.66653442382812
2020-07-10,91.4485855102539
2020-07-13,91.96619415283203
2020-07-14,93.79135131835938
2020-07-15,95.00811004638672
2020-07-16,94.85374450683594
2020-07-17,96.1522445678711
2020-07-20,96.13408660888672
2020-07-21,96.07052612304688
2020-07-22,96.93316650390625
2020-07-23,96.49730682373047
2020-07-24,95.43489074707031
2020-07-27,96.1522445678711
2020-07-28,96.04328155517578
2020-07-29,97.05120086669922
2020-07-30,96.37925720214844
2020-07-31,95.82536315917969
2020-08-03,96.81512451171875
2020-08-04,96.38832092285156
2020-08-05,96.83325958251953
2020-08-06,96.3156967163086
2020-08-07,96.62443542480469
2020-08-10,96.29753112792969
2020-08-11,95.68913269042969
2020-08-12,97.29639434814453
2020-08-13,97.16924285888672
2020-08-14,96.97856140136719
2020-08-17,97.5506362915039
2020-08-18,97.52339172363281
2020-08-19,97.20558166503906
2020-08-20,96.89683532714844
2020-08-21,96.9967269897461
2020-08-24,96.5517807006836
2020-08-25,97.20558166503906
2020-08-26,97.08755493164062
2020-08-27,97.85027313232422
2020-08-28,98.06820678710938
2020-08-31,98.3043212890625
2020-09-01,97.42350006103516
2020-09-02,99.37578582763672
2020-09-03,96.66986083984375
2020-09-04,95.97970581054688
2020-09-08,94.39974212646484
2020-09-09,96.07052612304688
2020-09-10,94.59952545166016
2020-09-11,94.9717788696289
2020-09-14,96.3338623046875
2020-09-15,96.46099853515625
2020-09-16,96.29753112792969
2020-09-17,95.97970581054688
2020-09-18,95.83443450927734
2020-09-21,94.06400299072266
2020-09-22,93.86344146728516
2020-09-23,92.89710235595703
2020-09-24,92.43214416503906
2020-09-25,93.91815185546875
2020-09-28,94.76599884033203
2020-09-29,94.6474838256836
2020-09-30,96.16081237792969
2020-10-01,95.83262634277344
2020-10-02,94.95745086669922
2020-10-05,96.90836334228516
2020-10-06,95.62293243408203
2020-10-07,97.42802429199219
2020-10-08,97.90204620361328
2020-10-09,98.78636169433594
2020-10-12,99.46097564697266
2020-10-13,98.70429229736328
2020-10-14,98.12997436523438
2020-10-15,97.41887664794922
2020-10-16,98.38522338867188
2020-10-19,96.8263168334961
2020-10-20,96.95392608642578
2020-10-21,96.47076416015625
2020-10-22,97.92939758300781
2020-10-23,98.29405212402344
2020-10-26,97.2000961303711
2020-10-27,96.53458404541016
2020-10-28,93.47144317626953
2020-10-29,92.70568084716797
2020-10-30,92.67829895019531
2020-11-02,94.34664154052734
2020-11-03,95.72320556640625
2020-11-04,99.97151184082031
2020-11-05,100.17205810546875
2020-11-06,100.20854187011719
2020-11-09,101.14750671386719
2020-11-10,101.43926239013672
2020-11-11,101.3116226196289
2020-11-12,100.93785095214844
2020-11-13,102.21415710449219
2020-11-16,102.04094696044922
2020-11-17,101.37542724609375
2020-11-18,99.48832702636719
2020-11-19,99.41539764404297
2020-11-20,99.1875
2020-11-23,98.93222045898438
2020-11-24,99.22394561767578
2020-11-25,98.85929870605469
2020-11-27,99.77094268798828
2020-11-30,100.04442596435547
2020-12-01,100.88317108154297
2020-12-02,101.6397933959961
2020-12-03,101.5121841430664
2020-12-04,102.59703826904297
2020-12-07,101.96800994873047
2020-12-08,102.742919921875
2020-12-09,102.38735961914062
2020-12-10,102.21415710449219
2020-12-11,101.81303405761719
2020-12-14,101.04723358154297
2020-12-15,102.14122772216797
2020-12-16,101.84037780761719
2020-12-17,102.93436431884766
2020-12-18,103.01641845703125
2020-12-21,101.98567199707031
2020-12-22,101.6744155883789
2020-12-23,101.7476806640625
2020-12-24,102.04058074951172
2020-12-28,102.29690551757812
2020-12-29,102.78206634521484
2020-12-30,102.76376342773438
2020-12-31,103.84395599365234
2021-01-04,103.39539337158203
2021-01-05,104.14601135253906
2021-01-06,105.5740737915039
2021-01-07,106.94717407226562
2021-01-08,107.45982360839844
2021-01-11,107.96328735351562
2021-01-12,106.79157257080078
2021-01-13,107.08451843261719
2021-01-14,106.74579620361328
2021-01-15,107.07532501220703
2021-01-19,107.88088989257812
2021-01-20,108.4759292602539
2021-01-21,107.96328735351562
2021-01-22,107.64288330078125
2021-01-25,108.34774017333984
2021-01-26,107.9449691772461
2021-01-27,104.66780853271484
2021-01-28,106.19654846191406
2021-01-29,105.29943084716797
2021-02-01,105.70220947265625
2021-02-02,106.00431060791016
2021-02-03,105.25366973876953
2021-02-04,105.69307708740234
2021-02-05,105.88530731201172
2021-02-08,106.01345825195312
2021-02-09,106.1690902709961
2021-02-10,106.3613052368164
2021-02-11,106.5627212524414
2021-02-12,107.3591079711914
2021-02-16,106.2972412109375
2021-02-17,106.68170166015625
2021-02-18,106.01345825195312
2021-02-19,104.73190307617188
2021-02-22,104.48473358154297
2021-02-23,104.31079864501953
2021-02-24,105.03397369384766
2021-02-25,103.98125457763672
2021-02-26,103.08415222167969
2021-03-01,104.42980194091797
2021-03-02,104.12772369384766
2021-03-03,102.80951690673828
2021-03-04,101.4272689819336
2021-03-05,103.45945739746094
2021-03-08,103.20316314697266
2021-03-09,103.8073501586914
2021-03-10,104.04534149169922
2021-03-11,104.67697143554688
2021-03-12,104.90581512451172
2021-03-15,105.62899017333984
2021-03-16,105.5649185180664
2021-03-17,105.1804428100586
2021-03-18,104.96074676513672
2021-03-19,105.3360366821289
2021-03-22,106.2528076171875
2021-03-23,105.17806243896484
2021-03-24,105.05863189697266
2021-03-25,105.49956512451172
2021-03-26,107.492919921875
2021-03-29,107.99811553955078
2021-03-30,107.02442932128906
2021-03-31,107.2356948852539
2021-04-01,106.91419982910156
2021-04-05,107.65824890136719
2021-04-06,107.2448959350586
2021-04-07,107.00605010986328
2021-04-08,107.17139434814453
2021-04-09,108.34718322753906
2021-04-12,108.45741271972656
2021-04-13,108.90750885009766
2021-04-14,108.89833068847656
2021-04-15,110.76306915283203
2021-04-16,111.58979797363281
2021-04-19,111.61734771728516
2021-04-20,112.04907989501953
2021-04-21,113.3718490600586
2021-04-22,112.86662292480469
2021-04-23,113.61068725585938
2021-04-26,113.22486877441406
2021-04-27,112.57267761230469
2021-04-28,112.2328109741211
2021-04-29,111.7826919555664
2021-04-30,111.45199584960938
2021-05-03,112.71965026855469
2021-05-04,112.83906555175781
2021-05-05,113.0411376953125
2021-05-06,113.18812561035156
2021-05-07,113.96892547607422
2021-05-10,114.11589050292969
2021-05-11,112.885009765625
2021-05-12,111.81944274902344
2021-05-13,112.82987213134766
2021-05-14,113.39938354492188
2021-05-17,113.18812561035156
2021-05-18,113.22486877441406
2021-05-19,113.03197479248047
2021-05-20,114.21693420410156
2021-05-21,114.23530578613281
2021-05-24,114.34554290771484
2021-05-25,114.00567626953125
2021-05-26,113.34427642822266
2021-05-27,113.09626770019531
2021-05-28,113.53717803955078
2021-06-01,111.6724624633789
2021-06-02,111.45199584960938
2021-06-03,111.7918701171875
2021-06-04,112.15013885498047
2021-06-07,112.55429077148438
2021-06-08,112.20524597167969
2021-06-09,113.28916931152344
2021-06-10,115.2273941040039
2021-06-11,114.40983581542969
2021-06-14,114.5108871459961
2021-06-15,114.54764556884766
2021-06-16,114.1067123413086
2021-06-17,114.9793701171875
2021-06-18,113.66580963134766
2021-06-21,115.03152465820312
2021-06-22,115.28050231933594
2021-06-23,114.80097961425781
2021-06-24,115.39115142822266
2021-06-25,115.91679382324219
2021-06-28,116.09202575683594
2021-06-29,116.22112274169922
2021-06-30,116.1473388671875
2021-07-01,117.18017578125
2021-07-02,118.30523681640625
2021-07-06,118.19457244873047
2021-07-07,118.94153594970703
2021-07-08,118.28678894042969
2021-07-09,118.69254302978516
2021-07-12,118.923095703125
2021-07-13,118.81241607666016
2021-07-14,118.70174407958984
2021-07-15,118.28678894042969
2021-07-16,118.60952758789062
2021-07-19,117.3646240234375
2021-07-20,118.79397583007812
2021-07-21,118.98764038085938
2021-07-22,119.86368560791016
2021-07-23,121.2469253540039
2021-07-26,120.46311950683594
2021-07-27,121.025634765625
2021-07-28,121.4590835571289
2021-07-29,121.75413513183594
2021-07-30,121.86481475830078
2021-08-02,122.03079223632812
2021-08-03,123.72760009765625
2021-08-04,123.20193481445312
2021-08-05,122.69477081298828
2021-08-06,122.59329986572266
2021-08-09,123.06360626220703
2021-08-10,122.77774810791016
2021-08-11,121.56050109863281
2021-08-12,122.51953887939453
2021-08-13,123.28495025634766
2021-08-16,124.68663787841797
2021-08-17,126.16212463378906
2021-08-18,124.2440185546875
2021-08-19,124.80651092529297
2021-08-20,125.51658630371094
2021-08-23,125.56273651123047
2021-08-24,125.12006378173828
2021-08-25,124.77886199951172
2021-08-26,124.29008483886719
2021-08-27,124.15177917480469
2021-08-30,124.8526382446289
2021-08-31,124.68663787841797
2021-09-01,124.72354125976562
2021-09-02,126.0606689453125
2021-09-03,126.19901275634766
2021-09-07,125.46127319335938
2021-09-08,125.40593719482422
2021-09-09,123.95814514160156
2021-09-10,122.82384490966797
2021-09-13,122.06769561767578
2021-09-14,122.04923248291016
2021-09-15,122.84233093261719
2021-09-16,122.52875518798828
2021-09-17,122.6486587524414
2021-09-20,121.3687744140625
2021-09-21,121.55387878417969
2021-09-22,121.75747680664062
2021-09-23,122.63660430908203
2021-09-24,122.13688659667969
2021-09-27,120.3971176147461
2021-09-28,118.33341217041016
2021-09-29,119.2680892944336
2021-09-30,117.80593872070312
2021-10-01,117.83370208740234
2021-10-04,116.03836822509766
2021-10-05,116.73242950439453
2021-10-06,116.51960754394531
2021-10-07,118.06503295898438
2021-10-08,117.4727783203125
2021-10-11,116.55660247802734
2021-10-12,115.99210357666016
2021-10-13,116.17717742919922
2021-10-14,117.84294128417969
2021-10-15,118.42596435546875
2021-10-18,117.62084197998047
2021-10-19,119.16629791259766
2021-10-20,120.86906433105469
2021-10-21,121.35956573486328
2021-10-22,121.85000610351562
2021-10-25,121.99808502197266
2021-10-26,122.59960174560547
2021-10-27,121.62788391113281
2021-10-28,122.64588165283203
2021-10-29,123.83966064453125
2021-11-01,123.69161224365234
2021-11-02,124.46896362304688
2021-11-03,125.2000503540039
2021-11-04,124.33938598632812
2021-11-05,122.95127868652344
2021-11-08,123.68233489990234
2021-11-09,123.2288818359375
2021-11-10,123.5805435180664
2021-11-11,123.21961975097656
2021-11-12,123.83042907714844
2021-11-15,123.06230163574219
2021-11-16,123.5805435180664
2021-11-17,123.75637817382812
2021-11-18,123.80265808105469
2021-11-19,123.05306243896484
2021-11-22,122.49781036376953
2021-11-23,122.62735748291016
2021-11-24,122.58109283447266
2021-11-26,122.12765502929688
2021-11-29,122.46078491210938
2021-11-30,120.05469512939453
2021-12-01,119.84185791015625
2021-12-02,120.42487335205078
2021-12-03,120.64695739746094
2021-12-06,121.33179473876953
2021-12-07,122.89576721191406
2021-12-08,123.82117462158203
2021-12-09,124.10804748535156
2021-12-10,124.54296112060547
2021-12-13,125.71827697753906
2021-12-14,125.20926666259766
2021-12-15,127.77271270751953
2021-12-16,128.53152465820312
2021-12-17,127.6339111328125
2021-12-20,126.86100006103516
2021-12-21,127.39051818847656
2021-12-22,128.87686157226562
2021-12-23,129.4063720703125
2021-12-27,130.77198791503906
2021-12-28,130.42825317382812
2021-12-29,131.17140197753906
2021-12-30,131.44081115722656
2021-12-31,130.88343811035156
2022-01-03,129.53643798828125
2022-01-04,127.8271255493164
2022-01-05,126.91671752929688
2022-01-06,125.44890594482422
2022-01-07,124.80793762207031
2022-01-10,126.08988952636719
2022-01-11,127.09320831298828
2022-01-12,126.73092651367188
2022-01-13,124.7614974975586
2022-01-14,124.54783630371094
2022-01-18,122.80134582519531
2022-01-19,122.2997055053711
2022-01-20,121.50077819824219
2022-01-21,120.2745361328125
2022-01-24,119.87506103515625
2022-01-25,119.1040267944336
2022-01-26,118.48161315917969
2022-01-27,118.78816986083984
2022-01-28,121.21278381347656
2022-01-31,121.90951538085938
2022-02-01,122.23469543457031
2022-02-02,123.87898254394531
2022-02-03,123.3494644165039
2022-02-04,122.90355682373047
2022-02-07,122.68988037109375
2022-02-08,123.69315338134766
2022-02-09,124.64998626708984
2022-02-10,122.69918060302734
2022-02-11,120.99913024902344
2022-02-14,119.76361083984375
2022-02-15,121.11060333251953
2022-02-16,121.29639434814453
2022-02-17,119.3455581665039
2022-02-18,118.4537353515625
2022-02-22,118.1564712524414
2022-02-23,117.56192779541016
2022-02-24,118.03569793701172
2022-02-25,121.64939880371094
2022-02-28,120.7297592163086
2022-03-01,120.06085968017578
2022-03-02,121.87236785888672
2022-03-03,122.49478912353516
2022-03-04,123.10789489746094
2022-03-07,120.96199035644531
2022-03-08,118.49089813232422
2022-03-09,120.7297592163086
2022-03-10,120.68326568603516
2022-03-11,119.78218078613281
2022-03-14,120.62755584716797
2022-03-15,123.03359985351562
2022-03-16,124.51067352294922
2022-03-17,126.48009490966797
2022-03-18,127.26044464111328
2022-03-21,127.16354370117188
2022-03-22,127.19149017333984
2022-03-23,124.90838623046875
2022-03-24,126.39940643310547
2022-03-25,126.98643493652344
2022-03-28,127.90901184082031
2022-03-29,128.663818359375
2022-03-30,128.91542053222656
2022-03-31,127.65741729736328
2022-04-01,128.663818359375
2022-04-04,127.59215545654297
2022-04-05,127.86243438720703
2022-04-06,129.81002807617188
2022-04-07,132.30746459960938
2022-04-08,133.0995635986328
2022-04-11,130.4530487060547
2022-04-12,129.18569946289062
2022-04-13,129.81936645507812
2022-04-14,129.19497680664062
2022-04-18,127.76923370361328
2022-04-19,128.99000549316406
2022-04-20,130.72325134277344
2022-04-21,129.27890014648438
2022-04-22,124.56361389160156
2022-04-25,125.40229797363281
2022-04-26,123.19373321533203
2022-04-27,122.92349243164062
2022-04-28,124.61951446533203
2022-04-29,121.41387176513672
2022-05-02,120.65902709960938
2022-05-03,121.04109191894531
2022-05-04,123.72494506835938
2022-05-05,121.32066345214844
2022-05-06,120.93860626220703
2022-05-09,117.80748748779297
2022-05-10,118.22685241699219
2022-05-11,117.4440689086914
2022-05-12,118.58094787597656
2022-05-13,119.8390121459961
2022-05-16,120.72428131103516
2022-05-17,122.38301849365234
2022-05-18,119.22393798828125
2022-05-19,119.48487854003906
2022-05-20,120.93860626220703
2022-05-23,122.00092315673828
2022-05-24,122.36436462402344
2022-05-25,122.32711029052734
2022-05-26,122.84893035888672
2022-05-27,124.88977813720703
2022-05-31,123.2216796875
2022-06-01,121.45113372802734
2022-06-02,122.41097259521484
2022-06-03,120.97588348388672
2022-06-06,120.9945068359375
2022-06-07,122.56938171386719
2022-06-08,121.60025024414062
2022-06-09,118.85120391845703
2022-06-10,116.94087219238281
2022-06-13,113.39974975585938
2022-06-14,112.31877136230469
2022-06-15,113.45564270019531
2022-06-16,111.78761291503906
2022-06-17,111.72235870361328
2022-06-21,114.73004913330078
2022-06-22,116.32093811035156
2022-06-23,118.93183135986328
2022-06-24,120.90637969970703
2022-06-27,121.35558319091797
2022-06-28,119.24063873291016
2022-06-29,120.2793960571289
2022-06-30,120.00802612304688
2022-07-01,121.35558319091797
2022-07-05,120.6537094116211
2022-07-06,121.46785736083984
2022-07-07,121.98255920410156
2022-07-08,122.34754180908203
2022-07-11,122.0387191772461
2022-07-12,120.48526000976562
2022-07-13,119.3155288696289
2022-07-14,118.96924591064453
2022-07-15,121.84217834472656
2022-07-18,119.26872253417969
2022-07-19,121.29940795898438
2022-07-20,120.10159301757812
2022-07-21,122.00127410888672
2022-07-22,121.49593353271484
2022-07-25,122.13227081298828
2022-07-26,122.75926971435547
2022-07-27,123.52664947509766
2022-07-28,124.31273651123047
2022-07-29,123.90097045898438
2022-08-01,122.98388671875
2022-08-02,122.54403686523438
2022-08-03,123.66703796386719
2022-08-04,123.05875396728516
2022-08-05,123.01194763183594
2022-08-08,123.30207061767578
2022-08-09,122.92774200439453
2022-08-10,124.26593017578125
2022-08-11,123.46112060546875
2022-08-12,125.04264831542969
2022-08-15,125.6696548461914
2022-08-16,125.3327407836914
2022-08-17,124.60283660888672
2022-08-18,124.05068969726562
2022-08-19,124.38761138916016
2022-08-22,122.75926971435547
2022-08-23,121.04674530029297
2022-08-24,121.19647979736328
2022-08-25,122.53466796875
2022-08-26,119.1189956665039
2022-08-29,118.2861099243164
2022-08-30,117.50005340576172
2022-08-31,116.75138854980469
2022-09-01,118.66980743408203
2022-09-02,116.96662902832031
2022-09-06,117.07893371582031
2022-09-07,118.98797607421875
2022-09-08,121.05611419677734
2022-09-09,122.12293243408203
2022-09-12,122.93709564208984
2022-09-13,118.87567901611328
2022-09-14,118.9411849975586
2022-09-15,119.60560607910156
2022-09-16,119.26872253417969
2022-09-19,118.6260986328125
2022-09-20,117.23556518554688
2022-09-21,115.29071807861328
2022-09-22,115.90142822265625
2022-09-23,115.30952453613281
2022-09-26,114.21024322509766
2022-09-27,113.86262512207031
2022-09-28,116.3523941040039
2022-09-29,115.37527465820312
2022-09-30,113.7874755859375
2022-10-03,116.12689971923828
2022-10-04,118.82337951660156
2022-10-05,119.21797943115234
2022-10-06,117.6959228515625
2022-10-07,115.20616912841797
2022-10-10,114.48271179199219
2022-10-11,115.09341430664062
2022-10-12,114.5296859741211
2022-10-13,117.1979751586914
2022-10-14,116.40876770019531
2022-10-17,118.27845764160156
2022-10-18,118.93612670898438
2022-10-19,117.27315521240234
2022-10-20,116.27723693847656
2022-10-21,118.88914489746094
2022-10-24,121.1816177368164
2022-10-25,122.10236358642578
2022-10-26,123.4552993774414
2022-10-27,122.80702209472656
2022-10-28,124.82705688476562
2022-10-31,124.72368621826172
2022-11-01,124.7988510131836
2022-11-02,122.67549133300781
2022-11-03,122.15874481201172
2022-11-04,122.90098571777344
2022-11-07,124.21633911132812
2022-11-08,124.83639526367188
2022-11-09,123.49288940429688
2022-11-10,126.63093566894531
2022-11-11,125.08071899414062
2022-11-14,125.19345092773438
2022-11-15,125.03372955322266
2022-11-16,124.97736358642578
2022-11-17,124.92098236083984
2022-11-18,126.43364715576172
2022-11-21,126.4900131225586
2022-11-22,127.58927154541016
2022-11-23,128.09661865234375
2022-11-25,128.85763549804688
2022-11-28,127.88994598388672
2022-11-29,127.57046508789062
2022-11-30,130.61460876464844
2022-12-01,130.99038696289062
2022-12-02,131.32864379882812
2022-12-05,130.06964111328125
2022-12-06,129.0831298828125
2022-12-07,130.14480590820312
2022-12-08,131.31922912597656
2022-12-09,129.637451171875
2022-12-12,131.0186004638672
2022-12-13,131.422607421875
2022-12-14,131.62928771972656
2022-12-15,129.21469116210938
2022-12-16,127.33558654785156
2022-12-19,126.86012268066406
2022-12-20,126.83181762695312
2022-12-21,128.5016632080078
2022-12-22,128.3224334716797
2022-12-23,128.39788818359375
2022-12-27,128.06768798828125
2022-12-28,127.23746490478516
2022-12-29,128.6243133544922
2022-12-30,128.1620330810547
2023-01-03,127.79410552978516
2023-01-04,128.1337127685547
2023-01-05,126.82239532470703
2023-01-06,127.99221801757812
2023-01-09,125.85065460205078
2023-01-10,126.90728759765625
2023-01-11,127.6242904663086
2023-01-12,127.21863555908203
2023-01-13,127.78463745117188
2023-01-17,127.1902847290039
2023-01-18,125.39781188964844
2023-01-19,125.69973754882812
2023-01-20,126.331787109375
2023-01-23,126.76575469970703
2023-01-24,125.92613983154297
2023-01-25,125.96387481689453
2023-01-26,126.19972229003906
2023-01-27,125.3412094116211
2023-01-30,124.20915222167969
2023-01-31,125.81292724609375
2023-02-01,126.40727233886719
2023-02-02,125.54881286621094
2023-02-03,125.18083953857422
2023-02-06,124.48273468017578
2023-02-07,125.28463745117188
2023-02-08,124.91669464111328
2023-02-09,123.82233428955078
2023-02-10,124.99215698242188
2023-02-13,126.02991485595703
2023-02-14,125.28463745117188
2023-02-15,124.66194915771484
2023-02-16,123.41668701171875
2023-02-17,124.52046966552734
2023-02-21,122.90724182128906
2023-02-22,122.49213409423828
2023-02-23,122.82233428955078
2023-02-24,121.23741149902344
2023-02-27,120.86947631835938
2023-02-28,119.97323608398438
2023-03-01,119.7751235961914
2023-03-02,120.510986328125
2023-03-03,121.86006164550781
2023-03-06,121.8034439086914
2023-03-07,119.8411636352539
2023-03-08,119.19964599609375
2023-03-09,117.99208068847656
2023-03-10,117.12415313720703
2023-03-13,118.21849060058594
2023-03-14,119.27511596679688
2023-03-15,119.17135620117188
2023-03-16,120.2845687866211
2023-03-17,118.73738098144531
2023-03-20,120.24229431152344
2023-03-21,120.9715576171875
2023-03-22,119.14366149902344
2023-03-23,118.91637420654297
2023-03-24,120.56432342529297
2023-03-27,121.0567855834961
2023-03-28,120.3275375366211
2023-03-29,120.65901947021484
2023-03-30,121.31249237060547
2023-03-31,122.61002349853516
2023-04-03,123.9832992553711
2023-04-04,124.00222778320312
2023-04-05,126.14266204833984
2023-04-06,126.45519256591797
2023-04-10,126.36994171142578
2023-04-11,126.796142578125
2023-04-12,126.8340072631836
2023-04-13,128.48196411132812
2023-04-14,127.44965362548828
2023-04-17,127.34546661376953
2023-04-18,126.47412109375
2023-04-19,126.86246490478516
2023-04-20,126.34153747558594
2023-04-21,127.1939468383789
2023-04-24,127.90425109863281
2023-04-25,126.54044342041016
2023-04-26,124.74099731445312
2023-04-27,125.39445495605469
2023-04-28,126.46468353271484
2023-05-01,127.11815643310547
2023-05-02,126.5688705444336
2023-05-03,126.39836120605469
2023-05-04,125.39445495605469
2023-05-05,126.52149200439453
2023-05-08,126.24683380126953
2023-05-09,125.40393829345703
2023-05-10,125.75433349609375
2023-05-11,125.36604309082031
2023-05-12,125.1955795288086
2023-05-15,124.97773742675781
2023-05-16,123.9359359741211
2023-05-17,124.08747100830078
2023-05-18,123.7844009399414
2023-05-19,124.36212921142578
2023-05-22,124.48526763916016
2023-05-23,123.1214599609375
2023-05-24,122.27853393554688
2023-05-25,121.02837371826172
2023-05-26,120.78213500976562
2023-05-30,120.03392791748047
2023-05-31,121.06626892089844
2023-06-01,121.86181640625
2023-06-02,123.42451477050781
2023-06-05,123.86961364746094
2023-06-06,122.83731079101562
2023-06-07,122.35431671142578
2023-06-08,123.14039611816406
2023-06-09,123.51921081542969
2023-06-12,123.96436309814453
2023-06-13,124.58941650390625
2023-06-14,123.31085968017578
2023-06-15,125.2239761352539
2023-06-16,125.21452331542969
2023-06-20,125.07376098632812
2023-06-21,125.0927734375
2023-06-22,125.94869232177734
2023-06-23,125.53024291992188
2023-06-26,124.81700134277344
2023-06-27,124.53170013427734
2023-06-28,124.13229370117188
2023-06-29,124.94061279296875
2023-06-30,126.22444152832031
2023-07-03,125.18788146972656
2023-07-05,125.12130737304688
2023-07-06,124.12278747558594
2023-07-07,122.6772689819336
2023-07-10,123.64729309082031
2023-07-11,123.67581939697266
2023-07-12,123.34296417236328
2023-07-13,123.39051818847656
2023-07-14,125.24494171142578
2023-07-17,124.67434692382812
2023-07-18,125.5968246459961
2023-07-19,126.17691802978516
2023-07-20,128.26905822753906
2023-07-21,129.56243896484375
2023-07-24,129.27713012695312
2023-07-25,129.22006225585938
2023-07-26,129.1344757080078
2023-07-27,128.18348693847656
2023-07-28,128.56385803222656
2023-07-31,127.57482147216797
2023-08-01,126.9091567993164
2023-08-02,126.99474334716797
2023-08-03,126.35758209228516
2023-08-04,125.91062927246094
2023-08-07,127.36561584472656
2023-08-08,128.3451385498047
2023-08-09,128.30709838867188
2023-08-10,128.22154235839844
2023-08-11,129.02035522460938
2023-08-14,129.41026306152344
2023-08-15,128.93478393554688
2023-08-16,127.95526885986328
2023-08-17,126.9377212524414
2023-08-18,126.98526763916016
2023-08-21,127.11839294433594
2023-08-22,126.67141723632812
2023-08-23,127.05179595947266
2023-08-24,125.94869232177734
2023-08-25,126.87112426757812
2023-08-28,127.16595458984375
2023-08-29,128.30709838867188
2023-08-30,128.21200561523438
2023-08-31,126.68093872070312
2023-09-01,127.02330017089844
2023-09-05,125.7109375
2023-09-06,125.02619171142578
2023-09-07,125.5872802734375
2023-09-08,125.5872802734375
2023-09-11,126.45269775390625
2023-09-12,126.29103088378906
2023-09-13,126.31007385253906
2023-09-14,126.70945739746094
2023-09-15,125.7109375
2023-09-18,125.51994323730469
2023-09-19,125.6249771118164
2023-09-20,125.634521484375
2023-09-21,124.5363998413086
2023-09-22,124.2785873413086
2023-09-25,124.95655822753906
2023-09-26,123.89663696289062
2023-09-27,123.27597045898438
2023-09-28,123.86800384521484
2023-09-29,122.93220520019531
2023-10-02,122.76031494140625
2023-10-03,121.67174530029297
2023-10-04,122.18737030029297
2023-10-05,122.85580444335938
2023-10-06,124.14490509033203
2023-10-09,124.5746078491211
2023-10-10,125.1666488647461
2023-10-11,124.61279296875
2023-10-12,123.54332733154297
2023-10-13,124.3167953491211
2023-10-16,125.25257873535156
2023-10-17,125.0807113647461
2023-10-18,123.99211883544922
2023-10-19,122.76988220214844
2023-10-20,122.28286743164062
2023-10-23,121.51896667480469
2023-10-24,121.8913803100586
2023-10-25,120.80281066894531
2023-10-26,119.60919952392578
2023-10-27,117.5848388671875
2023-10-30,118.24371337890625
2023-10-31,118.92167663574219
2023-11-01,119.16995239257812
2023-11-02,121.06063842773438
2023-11-03,121.66220092773438
2023-11-06,122.47383880615234
2023-11-07,122.55979919433594
2023-11-08,122.38790893554688
2023-11-09,119.85746765136719
2023-11-10,120.5736312866211
2023-11-13,121.27069091796875
2023-11-14,122.09190368652344
2023-11-15,122.18737030029297
2023-11-16,122.71256256103516
2023-11-17,122.46430206298828
2023-11-20,123.20911407470703
2023-11-21,123.95392608642578
2023-11-22,124.54594421386719
2023-11-24,125.21440124511719
2023-11-27,124.43138122558594
2023-11-28,123.79161071777344
2023-11-29,123.82978057861328
2023-11-30,125.38626098632812
2023-12-01,125.88280487060547
2023-12-04,126.12154388427734
2023-12-05,125.9592056274414
2023-12-06,126.0546646118164
2023-12-07,125.90191650390625
2023-12-08,126.11197662353516
2023-12-11,126.94271850585938
2023-12-12,127.48702239990234
2023-12-13,129.83604431152344
2023-12-14,129.20579528808594
2023-12-15,128.10769653320312
2023-12-18,128.3167724609375
2023-12-19,129.18002319335938
2023-12-20,127.30964660644531
2023-12-21,128.86351013183594
2023-12-22,129.50616455078125
2023-12-26,129.79388427734375
2023-12-27,130.3406219482422
2023-12-28,130.6763458251953
2023-12-29,130.81060791015625
2024-01-02,133.1125946044922
2024-01-03,132.89199829101562
2024-01-04,133.55381774902344
2024-01-05,133.43870544433594
2024-01-08,134.61851501464844
2024-01-09,134.59930419921875
2024-01-10,135.213134765625
2024-01-11,135.1172332763672
2024-01-12,134.7815399169922
2024-01-16,133.97584533691406
2024-01-17,133.707275390625
2024-01-18,133.6881103515625
2024-01-19,133.7648468017578
2024-01-22,134.34991455078125
2024-01-23,134.25401306152344
2024-01-24,133.02630615234375
2024-01-25,132.82485961914062
2024-01-26,133.58258056640625
2024-01-29,134.52256774902344
2024-01-30,134.82949829101562
2024-01-31,134.6472625732422
2024-02-01,136.39291381835938
2024-02-02,136.1915283203125
2024-02-05,136.61351013183594
2024-02-06,138.10025024414062
2024-02-07,138.47430419921875
2024-02-08,138.2344970703125
2024-02-09,138.1290283203125
2024-02-12,138.31126403808594
2024-02-13,137.02597045898438
2024-02-14,138.21533203125
2024-02-15,139.22247314453125
2024-02-16,139.6732635498047
2024-02-20,139.20327758789062
2024-02-21,139.51022338867188
2024-02-22,141.15037536621094
2024-02-23,141.82179260253906
2024-02-26,141.09283447265625
2024-02-27,140.74755859375
2024-02-28,140.04734802246094
2024-02-29,138.90594482421875
2024-03-01,140.36387634277344
2024-03-04,140.1528778076172
2024-03-05,139.1073455810547
2024-03-06,140.05694580078125
2024-03-07,140.7091522216797
2024-03-08,140.45018005371094
2024-03-11,140.3734588623047
2024-03-12,141.0256805419922
2024-03-13,140.47897338867188
2024-03-14,139.98019409179688
2024-03-15,139.42388916015625
2024-03-18,139.4075164794922
2024-03-19,140.3316192626953
2024-03-20,140.0139617919922
2024-03-21,140.19688415527344
2024-03-22,140.00433349609375
2024-03-25,139.81182861328125
2024-03-26,140.322021484375
2024-03-27,142.1895294189453
2024-03-28,142.20875549316406
2024-04-01,140.995849609375
2024-04-02,138.8010711669922
2024-04-03,138.6470489501953
2024-04-04,136.644775390625
2024-04-05,137.86734008789062
2024-04-08,137.42453002929688
2024-04-09,137.91546630859375
2024-04-10,136.2982635498047
2024-04-11,135.7399139404297
2024-04-12,133.7184295654297
2024-04-15,133.44886779785156
2024-04-16,133.49697875976562
2024-04-17,133.26596069335938
2024-04-18,133.25634765625
2024-04-19,133.75692749023438
2024-04-22,134.26710510253906
2024-04-23,136.0191192626953
2024-04-24,135.59556579589844
2024-04-25,134.69065856933594
2024-04-26,134.7291717529297
2024-04-29,135.18157958984375
2024-04-30,135.08534240722656
2024-05-01,135.32601928710938
2024-05-02,135.22972106933594
2024-05-03,135.566650390625
2024-05-06,136.11534118652344
2024-05-07,137.2416534423828
2024-05-08,136.76995849609375
2024-05-09,137.94436645507812
2024-05-10,138.22349548339844
2024-05-13,138.08872985839844
2024-05-14,138.6759490966797
2024-05-15,140.73594665527344
2024-05-16,140.5723114013672
2024-05-17,140.84182739257812
2024-05-20,140.5434112548828
2024-05-21,140.7840576171875
2024-05-22,141.03439331054688
2024-05-23,139.49417114257812
2024-05-24,139.02247619628906
2024-05-28,137.33787536621094
2024-05-29,136.26937866210938
2024-05-30,136.33676147460938
2024-05-31,138.32937622070312
2024-06-03,139.30165100097656
2024-06-04,139.7059326171875
2024-06-05,140.3412628173828
2024-06-06,140.8033447265625
2024-06-07,140.9573516845703
2024-06-10,141.47715759277344
2024-06-11,140.8899688720703
2024-06-12,140.59156799316406
2024-06-13,140.47604370117188
2024-06-14,140.4279327392578
2024-06-17,140.28350830078125
2024-06-18,140.46641540527344
2024-06-20,140.928466796875
2024-06-21,141.32315063476562
2024-06-24,142.14749145507812
2024-06-25,141.70294189453125
2024-06-26,141.20040893554688
2024-06-27,140.96849060058594
2024-06-28,140.85252380371094
2024-07-01,140.06008911132812
2024-07-02,139.54788208007812
2024-07-03,138.48486328125
2024-07-05,139.55755615234375
2024-07-08,139.40292358398438
2024-07-09,140.07940673828125
2024-07-10,141.40338134765625
2024-07-11,142.3987579345703
2024-07-12,143.287841796875
2024-07-15,142.78530883789062
2024-07-16,144.82440185546875
2024-07-17,145.48158264160156
2024-07-18,142.1764678955078
2024-07-19,142.9012908935547
2024-07-22,143.72274780273438
2024-07-23,143.63575744628906
2024-07-24,144.83407592773438
2024-07-25,144.10928344726562
2024-07-26,144.92105102539062
2024-07-29,145.00802612304688
2024-07-30,145.13365173339844
2024-07-31,144.60215759277344
2024-08-01,146.08071899414062
2024-08-02,145.79080200195312
2024-08-05,141.89625549316406
2024-08-06,142.55337524414062
2024-08-07,141.10377502441406
2024-08-08,144.2252655029297
2024-08-09,144.94039916992188
2024-08-12,144.38955688476562
2024-08-13,146.13870239257812
2024-08-14,146.6605682373047
2024-08-15,147.5786590576172
2024-08-16,147.73324584960938
2024-08-19,148.63201904296875
2024-08-20,149.231201171875
2024-08-21,149.48245239257812
2024-08-22,149.57907104492188
2024-08-23,150.2265625
2024-08-26,150.14926147460938
2024-08-27,150.38119506835938
2024-08-28,150.55516052246094
2024-08-29,150.87405395507812
2024-08-30,151.9177703857422
2024-09-03,151.62783813476562
2024-09-04,151.36692810058594
2024-09-05,149.28915405273438
2024-09-06,148.77696228027344
2024-09-09,149.82070922851562
2024-09-10,150.50686645507812
2024-09-11,150.0623016357422
2024-09-12,150.6034698486328
2024-09-13,150.91273498535156
2024-09-16,151.95645141601562
2024-09-17,150.39085388183594
2024-09-18,150.13961791992188
2024-09-19,150.6807861328125
2024-09-20,150.0623016357422
2024-09-23,149.7683868408203
2024-09-24,149.46768188476562
2024-09-25,148.01266479492188
2024-09-26,148.5073699951172
2024-09-27,148.42977905273438
2024-09-30,149.39979553222656
2024-10-01,148.6140899658203
2024-10-02,148.3134002685547
2024-10-03,146.97479248046875
2024-10-04,147.09117126464844
2024-10-07,146.44126892089844
2024-10-08,147.2366485595703
2024-10-09,148.74017333984375
2024-10-10,148.18728637695312
2024-10-11,149.273681640625
2024-10-14,150.0981903076172
2024-10-15,148.26487731933594
2024-10-16,148.6819610595703
2024-10-17,147.8186798095703
2024-10-18,148.53648376464844
2024-10-21,146.79049682617188
2024-10-22,146.57708740234375
2024-10-23,145.88836669921875
2024-10-24,144.92808532714844
2024-10-25,144.13265991210938
2024-10-28,144.3460693359375
2024-10-29,143.9483642578125
2024-10-30,143.67674255371094
2024-10-31,142.46426391601562
2024-11-01,143.3081817626953
2024-11-04,142.3672637939453
2024-11-05,143.41485595703125
2024-11-06,143.59915161132812
2024-11-07,144.63706970214844
2024-11-08,145.6749725341797
2024-11-11,144.82135009765625
2024-11-12,142.80377197265625
2024-11-13,142.42547607421875
2024-11-14,140.18478393554688
2024-11-15,137.5851593017578
2024-11-18,137.68214416503906
2024-11-19,136.97406005859375
2024-11-20,138.59396362304688
2024-11-21,139.70945739746094
2024-11-22,139.83555603027344
2024-11-25,141.02865600585938
2024-11-26,141.78526306152344
2024-11-27,142.54185485839844
2024-11-29,142.9880828857422
2024-12-02,142.73585510253906
2024-12-03,142.415771484375
2024-12-04,142.3381805419922
2024-12-05,140.7473907470703
2024-12-06,139.9519500732422
2024-12-09,140.35935974121094
2024-12-10,139.77735900878906
2024-12-11,137.87615966796875
2024-12-12,136.78004455566406
2024-12-13,136.7606658935547
2024-12-16,135.13104248046875
2024-12-17,135.0340576171875
2024-12-18,133.20074462890625
2024-12-19,132.19192504882812
2024-12-20,133.8603515625
2024-12-23,135.1972198486328
2024-12-24,135.7526397705078
2024-12-26,136.02545166015625
2024-12-27,135.39210510253906
2024-12-30,133.7258758544922
2024-12-31,134.04742431640625
2025-01-02,134.08641052246094
2025-01-03,135.40184020996094
2025-01-06,135.46029663085938
2025-01-07,136.13262939453125
2025-01-08,136.8341827392578
2025-01-10,136.06442260742188
2025-01-13,137.8378143310547
2025-01-14,136.41519165039062
2025-01-15,136.97061157226562
2025-01-16,137.5162811279297
2025-01-17,136.59060668945312
2025-01-21,138.8511962890625
2025-01-22,138.5393829345703
2025-01-23,140.39073181152344
2025-01-24,140.61483764648438
2025-01-27,143.7718963623047
2025-01-28,142.7682647705078
2025-01-29,141.93026733398438
2025-01-30,143.5672607421875
2025-01-31,143.1092987060547
2025-02-03,143.66468811035156
2025-02-04,143.27491760253906
2025-02-05,144.6488494873047
2025-02-06,143.35287475585938
2025-02-07,142.6805419921875
2025-02-10,142.55389404296875
2025-02-11,142.29080200195312
2025-02-12,142.086181640625
2025-02-13,142.64158630371094
2025-02-14,141.09230041503906
2025-02-18,140.81948852539062
2025-02-19,142.65130615234375
2025-02-20,143.45033264160156
2025-02-21,142.6805419921875
2025-02-24,143.840087890625
2025-02-25,145.0775604248047
2025-02-26,144.03497314453125
2025-02-27,143.45033264160156
2025-02-28,145.1165313720703
2025-03-03,145.74990844726562
2025-03-04,144.3955078125
2025-03-05,145.8473358154297
2025-03-06,145.44786071777344
2025-03-07,145.45758056640625
2025-03-10,143.88877868652344
2025-03-11,142.32005310058594
2025-03-12,140.8974151611328
2025-03-13,140.1471405029297
2025-03-14,141.21897888183594
2025-03-17,143.01185607910156
2025-03-18,143.08004760742188
2025-03-19,143.1580047607422
2025-03-20,143.24571228027344
2025-03-21,142.84620666503906
2025-03-24,143.9368438720703
2025-03-25,142.09791564941406
2025-03-26,141.57949829101562
2025-03-27,141.80445861816406
2025-03-28,141.36428833007812
2025-03-31,142.82174682617188
2025-04-01,140.21005249023438
2025-04-02,141.1490936279297
2025-04-03,140.004638671875
2025-04-04,132.3260498046875
2025-04-07,131.5337677001953
2025-04-08,130.07627868652344
2025-04-09,135.73007202148438
2025-04-10,131.94454956054688
2025-04-11,133.88133239746094
2025-04-14,135.51486206054688
2025-04-15,134.6834259033203
2025-04-16,133.31399536132812
2025-04-17,132.53147888183594
2025-04-21,129.6752471923828
2025-04-22,132.11085510253906
2025-04-23,132.76622009277344
2025-04-24,134.3899688720703
2025-04-25,135.03558349609375
2025-04-28,135.5735626220703
2025-04-29,136.23870849609375
2025-04-30,137.40274047851562
2025-05-01,133.65635681152344
2025-05-02,135.5050811767578
2025-05-05,135.1236114501953
2025-05-06,131.3968048095703
2025-05-07,132.404296875
2025-05-08,131.2109375
2025-05-09,129.78282165527344
2025-05-12,132.9912109375
2025-05-13,128.99050903320312
2025-05-14,125.95821380615234
2025-05-15,127.61131286621094
2025-05-16,130.18386840820312
2025-05-19,131.43589782714844
2025-05-20,131.75872802734375
2025-05-21,128.7068634033203
2025-05-22,127.69934844970703
2025-05-23,127.49390411376953
2025-05-27,129.27418518066406
2025-05-28,128.60902404785156
2025-05-29,129.4698028564453
2025-05-30,129.7436981201172
2025-06-02,129.8219451904297
2025-06-03,130.12518310546875
2025-06-04,130.37950134277344
2025-06-05,130.20343017578125
2025-06-06,131.44570922851562
2025-06-09,131.220703125
2025-06-10,132.71730041503906
2025-06-11,132.78579711914062
2025-06-12,133.82264709472656
2025-06-13,133.15750122070312
2025-06-16,132.7466583251953
2025-06-17,130.55555725097656
2025-06-18,130.33059692382812
2025-06-20,129.70458984375
2025-06-23,129.8913116455078
2025-06-24,131.48348999023438
2025-06-25,131.6014404296875
2025-06-26,131.91595458984375
2025-06-27,131.63092041015625
2025-06-30,132.47616577148438
2025-07-01,134.3632049560547
2025-07-02,133.036376953125
2025-07-03,133.17398071289062
2025-07-07,132.0535430908203
2025-07-08,132.653076171875
2025-07-09,133.16415405273438
2025-07-10,133.97991943359375
2025-07-11,132.86929321289062
2025-07-14,132.7120361328125
2025-07-15,130.3237762451172
2025-07-16,131.94544982910156
2025-07-17,130.4416961669922
2025-07-18,129.57679748535156
2025-07-21,128.8396759033203
2025-07-22,131.23779296875
2025-07-23,133.93075561523438
2025-07-24,133.42950439453125
2025-07-25,134.13714599609375
2025-07-28,132.9675750732422
2025-07-29,132.12234497070312
2025-07-30,131.886474609375
2025-07-31,128.1909942626953
2025-08-01,128.87901306152344
2025-08-04,130.72671508789062
2025-08-05,130.2254638671875
2025-08-06,128.26962280273438
2025-08-07,126.7953872680664
2025-08-08,127.9256591796875
2025-08-11,128.05340576171875
2025-08-12,128.93797302246094
2025-08-13,131.0019073486328
2025-08-14,131.66043090820312
2025-08-15,133.87179565429688
2025-08-18,133.5572967529297
2025-08-19,134.41233825683594
2025-08-20,135.13966369628906
2025-08-21,134.68753051757812
2025-08-22,135.7981414794922
2025-08-25,133.86196899414062
2025-08-26,134.69737243652344
2025-08-27,134.61874389648438
2025-08-28,134.0880126953125
2025-08-29,135.0708465576172
2025-09-02,135.1986083984375
2025-09-03,134.55978393554688
2025-09-04,135.0708465576172
2025-09-05,135.5327606201172
2025-09-08,135.483642578125
2025-09-09,136.2109375
2025-09-10,134.97256469726562
2025-09-11,137.321533203125
2025-09-12,135.7391815185547
2025-09-15,134.5794219970703
2025-09-16,134.5794219970703
2025-09-17,134.8448028564453
2025-09-18,135.1101531982422
2025-09-19,134.93325805664062
2025-09-22,134.89869689941406
2025-09-23,135.20477294921875
2025-09-24,134.6617431640625
2025-09-25,132.4303741455078
2025-09-26,133.78302001953125
2025-09-29,134.1779327392578
2025-09-30,137.40650939941406
2025-10-01,141.6520233154297
2025-10-02,141.3755645751953
2025-10-03,142.98492431640625
2025-10-06,142.29379272460938
2025-10-07,142.4023895263672
2025-10-08,142.6788330078125
2025-10-09,142.36289978027344
2025-10-10,140.30926513671875
2025-10-13,140.15127563476562
2025-10-14,140.5363311767578
2025-10-15,140.75355529785156
2025-10-16,140.5166015625
2025-10-17,141.45455932617188
2025-10-20,142.95530700683594
2025-10-21,143.29098510742188
2025-10-22,144.1104736328125
2025-10-23,144.18943786621094
2025-10-24,144.17958068847656
2025-10-27,144.51527404785156
2025-10-28,143.60693359375
2025-10-29,142.1555633544922
2025-10-30,142.4715118408203
2025-10-31,142.42213439941406
2025-11-03,142.61959838867188
2025-11-04,143.26138305664062
2025-11-05,143.81427001953125
2025-11-06,144.09072875976562
2025-11-07,144.28819274902344
2025-11-10,145.4137420654297
2025-11-11,148.77066040039062
2025-11-12,150.88356018066406
2025-11-13,150.8045654296875
2025-11-14,149.9060821533203
2025-11-17,149.77774047851562
2025-11-18,150.65646362304688
2025-11-19,150.39974975585938
2025-11-20,149.50128173828125
2025-11-21,152.65086364746094
2025-11-24,153.29263305664062
2025-11-25,156.75816345214844
2025-11-26,156.41258239746094
2025-11-28,155.65234375
2025-12-01,153.32225036621094
2025-12-02,152.40402221679688
2025-12-03,153.11489868164062
2025-12-04,151.94984436035156
2025-12-05,151.31797790527344
2025-12-08,149.51113891601562
2025-12-09,148.05978393554688
2025-12-10,150.21217346191406
2025-12-11,151.6339111328125
2025-12-12,152.1078338623047
2025-12-15,154.1219940185547
2025-12-16,152.1177215576172
2025-12-17,151.8412628173828
2025-12-18,151.95973205566406
2025-12-19,152.9766845703125
2025-12-22,153.98507690429688
2025-12-23,153.67770385742188
2025-12-24,154.4808349609375
2025-12-26,154.72872924804688
2025-12-29,154.49075317382812
2025-12-30,154.36184692382812
2025-12-31,153.4893035888672
2026-01-02,154.1932830810547
2026-01-05,153.7272491455078
2026-01-06,156.75144958496094
2026-01-07,158.3081512451172
2026-01-08,156.78118896484375
2026-01-09,155.97804260253906
2026-01-12,156.04745483398438
2026-01-13,155.41287231445312
2026-01-14,156.5233917236328
2026-01-15,155.6310272216797
2026-01-16,154.4213409423828
2026-01-20,154.08421325683594
2026-01-21,156.9199981689453
2026-01-22,156.94973754882812
2026-01-23,156.1466064453125
2026-01-26,156.76136779785156
2026-01-27,154.1337890625
2026-01-28,153.00343322753906
2026-01-29,152.51759338378906
2026-01-30,153.42982482910156
2026-02-02,154.37176513671875
2026-02-03,152.7952423095703
2026-02-04,154.70889282226562
2026-02-05,153.52896118164062
2026-02-06,156.37466430664062
2026-02-09,154.99644470214844
2026-02-10,154.0148162841797
2026-02-11,154.92701721191406
2026-02-12,154.67913818359375
2026-02-13,156.3350067138672
2026-02-17,156.03753662109375
2026-02-18,156.3350067138672
2026-02-19,155.928466796875
2026-02-20,155.49220275878906
2026-02-23,157.1976318359375
2026-02-24,156.53329467773438
2026-02-25,156.49365234375
2026-02-26,156.08712768554688
2026-02-27,158.8435821533203
2026-03-02,157.18771362304688
2026-03-03,155.41287231445312
2026-03-04,155.7202606201172
2026-03-05,152.60684204101562
2026-03-06,151.40708923339844
2026-03-09,152.95387268066406
2026-03-10,151.85325622558594
2026-03-11,151.5558319091797
2026-03-12,148.8885955810547
2026-03-13,148.52171325683594
2026-03-16,149.73138427734375
2026-03-17,148.37298583984375
2026-03-18,145.8941650390625
2026-03-19,145.36863708496094
2026-03-20,144.0994873046875
2026-03-23,144.13433837890625
2026-03-24,144.15423583984375
2026-03-25,145.59788513183594
2026-03-26,145.10008239746094
2026-03-27,142.63095092773438
2026-03-30,143.18850708007812
2026-03-31,145.96624755859375
2026-04-01,147.08132934570312
2026-04-02,146.16537475585938
2026-04-06,145.6376953125
2026-04-07,145.9264373779297
2026-04-08,149.0128173828125
2026-04-09,148.67431640625
2026-04-10,146.66317749023438
2026-04-13,147.32028198242188
2026-04-14,148.17649841308594
2026-04-15,147.12115478515625
2026-04-16,145.96624755859375
2026-04-17,148.14663696289062
2026-04-20,146.77268981933594
2026-04-21,145.27928161621094
2026-04-22,145.7372589111328
2026-04-23,145.59788513183594
2026-04-24,143.5469207763672
2026-04-27,142.83009338378906
2026-04-28,143.20840454101562
2026-04-29,142.21279907226562
2026-04-30,145.34898376464844
2026-05-01,144.5226287841797
2026-05-04,144.09449768066406
2026-05-05,144.66200256347656
2026-05-06,144.7615509033203
2026-05-07,144.0845489501953
2026-05-08,142.85995483398438
2026-05-11,142.41192626953125
2026-05-12,145.2095947265625
2026-05-13,146.06581115722656
2026-05-14,145.9861602783203
2026-05-15,144.462890625
2026-05-18,145.0801544189453
2026-05-19,146.6731414794922
2026-05-20,146.48397827148438
2026-05-21,147.49948120117188
2026-05-22,149.23184204101562
2026-05-26,147.85791015625
2026-05-27,148.1366729736328
2026-05-28,150.21751403808594
2026-05-29,148.81369018554688
2026-06-01,147.1908416748047
2026-06-02,145.75717163085938
2026-06-03,146.90213012695312
2026-06-04,151.4122314453125
2026-06-05,152.33815002441406
2026-06-08,151.97972106933594
2026-06-09,153.8913116455078
2026-06-10,152.17886352539062
2026-06-11,153.4134063720703
2026-06-12,153.13462829589844
2026-06-15,152.2186737060547
2026-06-16,152.26846313476562
2026-06-17,150.04824829101562
2026-06-18,148.74398803710938
2026-06-22,150.05999755859375
2026-06-23,152.17999267578125
2026-06-24,153.35000610351562
2026-06-25,155.6300048828125
2026-06-26,160.33999633789062
2026-06-29,160.74000549316406
2026-06-30,158.66000366210938
2026-07-01,159.5399932861328
2026-07-02,163.74000549316406
2026-07-06,161.9600067138672
2026-07-07,164.44000244140625
2026-07-08,162.3000030517578
2026-07-09,162.1699981689453
2026-07-10,160.83999633789062
2026-07-13,161.41000366210938
2026-07-14,158.2899932861328
2026-07-15,158.2899932861328
2026-07-16,161.8000030517578
2026-07-17,161.08999633789062
2026-07-20,159.25
2026-07-21,160.25
2026-07-22,159.42999267578125
2026-07-23,161.44000244140625
2026-07-24,162.57000732421875
2026-07-27,163.39999389648438
2026-07-28,167.25999450683594
2026-07-29,166.24000549316406
2026-07-30,163.52000427246094
2026-07-31,162.5500030517578
2026-08-03,162.24000549316406
2026-08-04,162.10000610351562
2026-08-05,164.16000366210938
2026-08-06,164.4499969482422
2026-08-07,165.67999267578125
2026-08-10,168.44000244140625
2026-08-11,168.00999450683594
2026-08-12,168.44000244140625
2026-08-13,168.3800048828125
2026-08-14,167.3699951171875
2026-08-17,167.0500030517578
2026-08-18,169.72999572753906
2026-08-19,175.67999267578125
2026-08-20,172.38999938964844
2026-08-21,174.6199951171875
2026-08-24,174.6999969482422
2026-08-25,175.2899932861328
2026-08-26,173.5399932861328
2026-08-27,171.5800018310547
2026-08-28,171.16000366210938
2026-08-31,170.5399932861328
2026-09-01,171.6699981689453
