Date,Close
2006-08-21,9790.185546875
2006-08-22,9613.1025390625
2006-08-23,9638.4013671875
2006-08-24,9967.26953125
2006-08-25,10245.5458984375
2006-08-28,10321.4365234375
2006-08-29,10372.0322265625
2006-08-30,10523.818359375
2006-08-31,10953.876953125
2006-09-01,11055.0693359375
2006-09-04,11130.9599609375
2006-09-05,10726.2001953125
2006-09-06,11029.7724609375
2006-09-07,11257.4501953125
2006-09-08,11485.1259765625
2006-09-11,11383.9375
2006-09-12,10852.6884765625
2006-09-13,11383.9375
2006-09-14,11485.1259765625
2006-09-15,11535.72265625
2006-09-18,11561.021484375
2006-09-19,11232.1513671875
2006-09-20,11206.8525390625
2006-09-21,11687.5107421875
2006-09-22,11586.318359375
2006-09-25,11586.318359375
2006-09-26,11383.9375
2006-09-27,11459.8310546875
2006-09-28,11333.3427734375
2006-09-29,11257.4501953125
2006-10-02,11282.7470703125
2006-10-04,10928.580078125
2006-10-09,10245.5458984375
2006-10-10,10321.4365234375
2006-10-11,10068.4599609375
2006-10-12,10372.0322265625
2006-10-13,10372.0322265625
2006-10-16,10523.818359375
2006-10-17,10422.62890625
2006-10-18,10675.603515625
2006-10-19,10802.08984375
2006-10-20,11130.9599609375
2006-10-23,11130.9599609375
2006-10-24,11383.9375
2006-10-25,11004.4716796875
2006-10-26,10726.2001953125
2006-10-27,10852.6884765625
2006-10-30,10877.9853515625
2006-10-31,11358.638671875
2006-11-01,11788.7021484375
2006-11-02,11991.0810546875
2006-11-03,11940.4873046875
2006-11-06,12041.67578125
2006-11-07,11991.0810546875
2006-11-08,11662.2138671875
2006-11-09,11586.318359375
2006-11-10,11839.2939453125
2006-11-13,11889.890625
2006-11-14,12117.5712890625
2006-11-15,12193.462890625
2006-11-16,11738.10546875
2006-11-17,11738.10546875
2006-11-20,11282.7470703125
2006-11-21,11586.318359375
2006-11-22,11813.9970703125
2006-11-23,11839.2939453125
2006-11-24,11965.7861328125
2006-11-27,12193.462890625
2006-11-28,12522.33203125
2006-11-29,12648.8193359375
2006-11-30,12345.248046875
2006-12-01,12041.67578125
2006-12-04,12142.869140625
2006-12-05,12345.248046875
2006-12-06,12345.248046875
2006-12-07,11940.4873046875
2006-12-08,11763.40234375
2006-12-11,11763.40234375
2006-12-12,11763.40234375
2006-12-13,12041.67578125
2006-12-14,12294.6513671875
2006-12-15,12269.3525390625
2006-12-18,12446.439453125
2006-12-19,12370.54296875
2006-12-20,12345.248046875
2006-12-21,11991.0810546875
2006-12-22,11839.2939453125
2006-12-26,11738.10546875
2006-12-27,11915.1904296875
2006-12-28,12522.33203125
2007-01-02,12244.056640625
2007-01-03,11889.890625
2007-01-04,11712.8095703125
2007-01-05,11763.40234375
2007-01-08,11813.9970703125
2007-01-09,11813.9970703125
2007-01-10,11839.2939453125
2007-01-11,11991.0810546875
2007-01-12,12041.67578125
2007-01-15,11788.7021484375
2007-01-16,12193.462890625
2007-01-17,12269.3525390625
2007-01-18,12345.248046875
2007-01-19,11965.7861328125
2007-01-22,12244.056640625
2007-01-23,12395.84375
2007-01-24,12421.1416015625
2007-01-25,12319.9501953125
2007-01-26,12218.7587890625
2007-01-29,12142.869140625
2007-01-30,12522.33203125
2007-01-31,12497.0341796875
2007-02-01,12750.0126953125
2007-02-02,13205.369140625
2007-02-05,13610.1318359375
2007-02-06,13458.3447265625
2007-02-07,13863.107421875
2007-02-08,13281.26171875
2007-02-09,13230.6669921875
2007-02-12,13357.154296875
2007-02-13,13306.5576171875
2007-02-14,13154.7724609375
2007-02-15,13053.5830078125
2007-02-16,12876.4990234375
2007-02-20,12750.0126953125
2007-02-21,13028.2841796875
2007-02-22,13230.6669921875
2007-02-23,13357.154296875
2007-02-26,13837.8076171875
2007-02-27,13508.9404296875
2007-02-28,13078.8779296875
2007-03-01,12977.685546875
2007-03-05,12497.0341796875
2007-03-06,12699.4140625
2007-03-07,12750.0126953125
2007-03-08,13028.2841796875
2007-03-09,13078.8779296875
2007-03-12,13306.5576171875
2007-03-13,13433.046875
2007-03-14,13255.96484375
2007-03-15,13205.369140625
2007-03-16,13357.154296875
2007-03-19,13407.75
2007-03-20,13281.26171875
2007-03-21,13458.3447265625
2007-03-22,13357.154296875
2007-03-23,13686.0205078125
2007-03-26,13888.404296875
2007-03-27,13888.404296875
2007-03-28,13433.046875
2007-03-29,13741.8544921875
2007-03-30,13741.8544921875
2007-04-02,14127.857421875
2007-04-03,14307.9951171875
2007-04-04,14410.9326171875
2007-04-05,14539.603515625
2007-04-06,14410.9326171875
2007-04-09,14410.9326171875
2007-04-10,14513.8671875
2007-04-11,14462.3974609375
2007-04-12,14127.857421875
2007-04-13,14050.66015625
2007-04-16,14205.0634765625
2007-04-17,14076.390625
2007-04-18,14642.5361328125
2007-04-19,14591.068359375
2007-04-20,14668.2705078125
2007-04-23,14668.2705078125
2007-04-24,14565.333984375
2007-04-25,14333.73046875
2007-04-26,14436.6640625
2007-04-27,14307.9951171875
2007-04-30,14076.390625
2007-05-02,14127.857421875
2007-05-03,14153.595703125
2007-05-04,14256.52734375
2007-05-07,13973.4560546875
2007-05-08,13278.642578125
2007-05-09,13664.650390625
2007-05-10,13510.25
2007-05-11,13278.642578125
2007-05-14,13638.919921875
2007-05-15,13433.0478515625
2007-05-16,13381.578125
2007-05-17,13767.5859375
2007-05-18,14230.796875
2007-05-21,14307.9951171875
2007-05-22,14205.0634765625
2007-05-23,14565.333984375
2007-05-25,14745.4716796875
2007-05-28,14874.1416015625
2007-05-29,14925.609375
2007-05-30,14462.3974609375
2007-05-31,14977.0751953125
2007-06-01,15749.0869140625
2007-06-04,16315.236328125
2007-06-05,16160.8349609375
2007-06-07,16675.5078125
2007-06-08,15568.9521484375
2007-06-11,15568.9521484375
2007-06-12,15080.0126953125
2007-06-13,15414.55078125
2007-06-14,16212.298828125
2007-06-15,16392.435546875
2007-06-18,16932.84375
2007-06-19,16443.904296875
2007-06-20,16212.298828125
2007-06-21,16443.904296875
2007-06-22,15903.4892578125
2007-06-25,15182.9443359375
2007-06-26,14719.7373046875
2007-06-27,14977.0751953125
2007-06-28,15594.6845703125
2007-06-29,15954.9609375
2007-07-02,15954.9609375
2007-07-03,16366.7021484375
2007-07-04,16649.771484375
2007-07-05,16675.5078125
2007-07-06,16984.3125
2007-07-09,16572.57421875
2007-07-10,16392.435546875
2007-07-11,15954.9609375
2007-07-12,16907.111328125
2007-07-13,17962.1953125
2007-07-16,17138.712890625
2007-07-18,16829.90625
2007-07-19,17498.990234375
2007-07-20,18476.875
2007-07-23,19815.03125
2007-07-24,19506.22265625
2007-07-25,19815.03125
2007-07-26,19712.091796875
2007-07-27,18682.74609375
2007-07-30,19557.69140625
2007-07-31,20072.369140625
2007-08-01,20123.837890625
2007-08-02,20844.388671875
2007-08-03,20792.916015625
2007-08-06,19995.166015625
2007-08-07,20020.90234375
2007-08-08,20252.5078125
2007-08-09,19737.828125
2007-08-10,19068.751953125
2007-08-13,19043.013671875
2007-08-14,18940.080078125
2007-08-16,17627.65625
2007-08-17,16932.84375
2007-08-20,17550.455078125
2007-08-21,17344.58203125
2007-08-22,17910.734375
2007-08-23,18322.46875
2007-08-24,18888.615234375
2007-08-27,19557.69140625
2007-08-28,19789.296875
2007-08-29,20020.90234375
2007-08-30,20149.5703125
2007-08-31,20201.04296875
2007-09-03,20020.90234375
2007-09-04,20098.103515625
2007-09-05,20226.7734375
2007-09-06,20303.97265625
2007-09-07,20278.240234375
2007-09-10,19789.296875
2007-09-11,19917.966796875
2007-09-12,19660.626953125
2007-09-13,19866.498046875
2007-09-14,19943.703125
2007-09-17,20046.63671875
2007-09-18,19917.966796875
2007-09-19,20638.513671875
2007-09-20,20072.369140625
2007-09-21,19403.287109375
2007-09-27,19248.888671875
2007-09-28,19763.5625
2007-10-01,20072.369140625
2007-10-02,20381.17578125
2007-10-04,19866.498046875
2007-10-05,21873.732421875
2007-10-08,22517.08203125
2007-10-09,23160.427734375
2007-10-10,23314.830078125
2007-10-11,23675.1015625
2007-10-12,23417.763671875
2007-10-15,23675.1015625
2007-10-16,23443.49609375
2007-10-17,23546.4296875
2007-10-18,26248.482421875
2007-10-19,24858.859375
2007-10-22,24344.1796875
2007-10-23,26505.8203125
2007-10-24,26608.751953125
2007-10-25,27277.83984375
2007-10-26,27638.107421875
2007-10-29,26763.15625
2007-10-30,26969.03125
2007-10-31,27843.974609375
2007-11-01,28821.865234375
2007-11-02,28821.865234375
2007-11-05,29336.541015625
2007-11-06,28049.84375
2007-11-07,26763.15625
2007-11-08,26248.482421875
2007-11-09,26505.8203125
2007-11-12,26197.013671875
2007-11-13,26866.095703125
2007-11-14,26248.482421875
2007-11-15,25476.46875
2007-11-16,24704.458984375
2007-11-19,25219.126953125
2007-11-20,24987.529296875
2007-11-21,24241.24609375
2007-11-22,24652.98828125
2007-11-23,22131.07421875
2007-11-26,23675.1015625
2007-11-27,23675.1015625
2007-11-28,23778.041015625
2007-11-29,25013.2578125
2007-11-30,24035.37890625
2007-12-03,24447.1171875
2007-12-04,25141.9296875
2007-12-05,25656.603515625
2007-12-06,25038.9921875
2007-12-07,23675.1015625
2007-12-10,23494.96484375
2007-12-11,24601.51953125
2007-12-12,25836.740234375
2007-12-13,25682.341796875
2007-12-14,25579.40234375
2007-12-17,25708.0703125
2007-12-18,25708.0703125
2007-12-20,26402.884765625
2007-12-21,27277.83984375
2007-12-24,27483.708984375
2007-12-26,26299.955078125
2007-12-27,27380.7734375
2007-12-28,28152.78125
2008-01-02,27741.04296875
2008-01-03,27946.912109375
2008-01-04,27741.04296875
2008-01-07,27071.962890625
2008-01-08,26814.623046875
2008-01-09,26454.349609375
2008-01-10,26608.751953125
2008-01-11,25502.205078125
2008-01-14,25013.2578125
2008-01-15,24910.326171875
2008-01-16,24189.77734375
2008-01-17,24987.529296875
2008-01-18,25553.669921875
2008-01-21,24112.576171875
2008-01-22,22645.75
2008-01-23,21745.068359375
2008-01-24,22568.55078125
2008-01-25,21436.26171875
2008-01-28,19094.484375
2008-01-29,19403.287109375
2008-01-30,17267.380859375
2008-01-31,19403.287109375
2008-02-01,18991.548828125
2008-02-04,20458.376953125
2008-02-05,20587.04296875
2008-02-11,19840.763671875
2008-02-12,19017.28125
2008-02-13,19043.013671875
2008-02-14,20175.306640625
2008-02-15,20175.306640625
2008-02-18,21333.32421875
2008-02-19,21513.462890625
2008-02-20,21487.73046875
2008-02-21,21256.125
2008-02-22,21101.720703125
2008-02-25,21153.185546875
2008-02-26,21487.73046875
2008-02-27,20535.576171875
2008-02-28,20252.5078125
2008-02-29,19557.69140625
2008-03-03,18837.14453125
2008-03-04,18965.8125
2008-03-05,18888.615234375
2008-03-06,18888.615234375
2008-03-07,17756.32421875
2008-03-10,17782.0625
2008-03-11,18476.875
2008-03-12,19351.822265625
2008-03-13,19043.013671875
2008-03-14,18631.275390625
2008-03-17,17241.650390625
2008-03-18,17601.923828125
2008-03-19,17704.859375
2008-03-20,18065.1328125
2008-03-21,18940.080078125
2008-03-24,18682.74609375
2008-03-25,19815.03125
2008-03-26,19943.703125
2008-03-27,20046.63671875
2008-03-28,20386.40625
2008-03-31,19863.6796875
2008-04-01,18948.90234375
2008-04-02,18582.994140625
2008-04-03,18870.494140625
2008-04-04,19628.453125
2008-04-07,19105.7265625
2008-04-08,19027.314453125
2008-04-10,19602.31640625
2008-04-11,20255.728515625
2008-04-14,19889.814453125
2008-04-15,19915.953125
2008-04-16,20700.048828125
2008-04-17,20883.001953125
2008-04-18,20726.1796875
2008-04-21,20778.453125
2008-04-22,20543.228515625
2008-04-23,20569.361328125
2008-04-24,20961.41015625
2008-04-25,20673.908203125
2008-04-28,20334.134765625
2008-04-29,19314.8125
2008-04-30,19680.72265625
2008-05-01,19680.72265625
2008-05-02,19732.998046875
2008-05-05,19732.998046875
2008-05-06,19340.947265625
2008-05-07,18713.677734375
2008-05-08,18373.90625
2008-05-09,17851.17578125
2008-05-12,17851.17578125
2008-05-13,18347.765625
2008-05-14,18975.046875
2008-05-15,19262.5390625
2008-05-16,19419.361328125
2008-05-19,19811.40625
2008-05-20,20177.3125
2008-05-21,19889.814453125
2008-05-22,20856.861328125
2008-05-23,21170.50390625
2008-05-26,20778.453125
2008-05-27,21118.228515625
2008-05-28,20595.501953125
2008-05-29,21353.458984375
2008-05-30,22033.001953125
2008-06-02,21745.50390625
2008-06-03,20281.861328125
2008-06-04,20151.181640625
2008-06-05,20700.048828125
2008-06-06,20700.048828125
2008-06-09,20464.822265625
2008-06-10,19811.40625
2008-06-11,20412.546875
2008-06-12,20125.041015625
2008-06-13,19863.6796875
2008-06-16,20281.861328125
2008-06-17,20438.6796875
2008-06-18,20909.138671875
2008-06-19,20726.1796875
2008-06-20,20752.31640625
2008-06-23,20386.40625
2008-06-24,19706.861328125
2008-06-25,19863.6796875
2008-06-26,19811.40625
2008-06-27,19811.40625
2008-06-30,20072.771484375
2008-07-01,20229.5859375
2008-07-02,19811.40625
2008-07-03,19288.677734375
2008-07-04,18217.08203125
2008-07-07,17197.767578125
2008-07-08,16335.2607421875
2008-07-09,16282.9892578125
2008-07-10,17772.765625
2008-07-11,17955.720703125
2008-07-14,17563.677734375
2008-07-15,16309.125
2008-07-16,16857.990234375
2008-07-17,16570.490234375
2008-07-18,16204.5810546875
2008-07-21,15211.396484375
2008-07-22,15394.3525390625
2008-07-23,16073.900390625
2008-07-24,16675.03515625
2008-07-25,16675.03515625
2008-07-28,16805.71875
2008-07-29,16335.2607421875
2008-07-30,16622.765625
2008-07-31,17459.1328125
2008-08-01,18190.955078125
2008-08-04,18034.130859375
2008-08-05,18190.955078125
2008-08-06,18347.765625
2008-08-07,18034.130859375
2008-08-08,17877.3125
2008-08-11,17067.083984375
2008-08-12,16596.625
2008-08-13,16570.490234375
2008-08-14,16857.990234375
2008-08-15,16857.990234375
2008-08-18,17093.21875
2008-08-19,16936.400390625
2008-08-20,16884.126953125
2008-08-21,16413.673828125
2008-08-22,15838.671875
2008-08-25,15106.8505859375
2008-08-26,14793.2158203125
2008-08-27,16204.5810546875
2008-08-28,15890.9453125
2008-08-29,16100.0361328125
2008-09-01,14923.8984375
2008-09-02,13826.166015625
2008-09-03,13695.4853515625
2008-09-04,14218.21484375
2008-09-05,14061.39453125
2008-09-08,15681.8525390625
2008-09-09,15577.3056640625
2008-09-10,15420.4873046875
2008-09-11,14584.123046875
2008-09-12,15054.580078125
2008-09-15,15054.580078125
2008-09-16,13277.302734375
2008-09-17,13381.8466796875
2008-09-18,12388.662109375
2008-09-19,12336.390625
2008-09-22,13198.8916015625
2008-09-23,13747.7548828125
2008-09-24,14165.9404296875
2008-09-25,14584.123046875
2008-09-26,14270.4873046875
2008-09-29,13590.9384765625
2008-09-30,13982.984375
2008-10-01,14610.255859375
2008-10-02,14976.1669921875
2008-10-03,14976.1669921875
2008-10-06,13956.849609375
2008-10-07,14897.759765625
2008-10-08,13068.2080078125
2008-10-09,12702.2998046875
2008-10-10,11186.3876953125
2008-10-13,11761.3896484375
2008-10-14,13486.390625
2008-10-15,12728.4365234375
2008-10-16,10820.478515625
2008-10-17,9200.01953125
2008-10-20,8912.5205078125
2008-10-21,9252.2919921875
2008-10-22,7867.0634765625
2008-10-23,6690.92333984375
2008-10-24,5697.740234375
2008-10-27,5750.01220703125
2008-10-28,6612.5146484375
2008-10-29,5645.466796875
2008-10-30,6481.83154296875
2008-10-31,6534.10400390625
2008-11-03,7657.9716796875
2008-11-04,8311.3828125
2008-11-05,9539.7958984375
2008-11-06,8363.654296875
2008-11-07,9618.2021484375
2008-11-10,9853.4306640625
2008-11-11,8729.56640625
2008-11-12,8886.3828125
2008-11-13,7840.92626953125
2008-11-14,7945.47265625
2008-11-17,7788.65283203125
2008-11-18,6638.6513671875
2008-11-19,6769.333984375
2008-11-20,5776.1484375
2008-11-21,6638.6513671875
2008-11-24,6455.6962890625
2008-11-25,6638.6513671875
2008-11-26,7213.6533203125
2008-11-27,8154.5625
2008-11-28,8102.29052734375
2008-12-01,8102.29052734375
2008-12-02,8102.29052734375
2008-12-03,8050.01806640625
2008-12-04,7684.109375
2008-12-05,7919.3359375
2008-12-08,8729.56640625
2008-12-09,8938.65625
2008-12-10,8964.79296875
2008-12-11,8651.1552734375
2008-12-12,7814.78857421875
2008-12-15,8572.74609375
2008-12-16,8468.2001953125
2008-12-17,8964.79296875
2008-12-18,9200.01953125
2008-12-19,8807.97265625
2008-12-22,8834.1103515625
2008-12-23,8651.1552734375
2008-12-24,8625.01953125
2008-12-25,8546.609375
2008-12-26,7919.3359375
2008-12-29,7684.109375
2008-12-30,7579.5625
2008-12-31,7579.5625
2009-01-02,8363.654296875
2009-01-05,8337.517578125
2009-01-06,8285.2451171875
2009-01-07,8964.79296875
2009-01-08,9095.4775390625
2009-01-09,8807.97265625
2009-01-12,8415.927734375
2009-01-13,8625.01953125
2009-01-14,8990.9296875
2009-01-15,7867.0634765625
2009-01-16,8128.4267578125
2009-01-19,8102.29052734375
2009-01-20,7370.47119140625
2009-01-21,7422.74462890625
2009-01-22,7475.017578125
2009-01-23,7161.38037109375
2009-01-28,7605.6982421875
2009-01-29,7501.15380859375
2009-01-30,7631.8349609375
2009-02-02,7684.109375
2009-02-03,7997.744140625
2009-02-04,8128.4267578125
2009-02-05,7788.65283203125
2009-02-06,8206.8369140625
2009-02-09,8572.74609375
2009-02-10,8729.56640625
2009-02-11,9147.748046875
2009-02-12,8834.1103515625
2009-02-13,9513.6572265625
2009-02-16,9095.4775390625
2009-02-17,8154.5625
2009-02-18,8285.2451171875
2009-02-19,8050.01806640625
2009-02-20,7475.017578125
2009-02-23,7893.1982421875
2009-02-24,7501.15380859375
2009-02-25,7161.38037109375
2009-02-26,7161.38037109375
2009-02-27,7527.2900390625
2009-03-02,7710.24365234375
2009-03-03,7631.8349609375
2009-03-04,7893.1982421875
2009-03-05,7553.42529296875
2009-03-06,7318.19775390625
2009-03-09,7370.47119140625
2009-03-10,7684.109375
2009-03-11,8494.3369140625
2009-03-12,8206.8369140625
2009-03-13,8520.47265625
2009-03-16,8572.74609375
2009-03-17,9095.4775390625
2009-03-18,9382.974609375
2009-03-19,10245.4765625
2009-03-20,10454.5693359375
2009-03-23,10402.294921875
2009-03-24,10715.93359375
2009-03-25,10611.3857421875
2009-03-26,10977.296875
2009-03-27,11029.5693359375
2009-03-30,10491.5400390625
2009-03-31,11029.5703125
2009-04-01,11594.4990234375
2009-04-02,12966.4697265625
2009-04-03,12428.443359375
2009-04-06,12858.86328125
2009-04-07,13289.287109375
2009-04-08,13181.6796875
2009-04-09,14526.7490234375
2009-04-10,14580.552734375
2009-04-13,14257.736328125
2009-04-14,13934.9208984375
2009-04-15,13450.6923828125
2009-04-16,13961.8193359375
2009-04-17,13343.0869140625
2009-04-20,13423.7939453125
2009-04-21,13181.6796875
2009-04-22,14042.5263671875
2009-04-23,14930.26953125
2009-04-24,14472.9482421875
2009-04-27,13961.8193359375
2009-04-28,13881.11328125
2009-04-29,14123.23046875
2009-04-30,14177.0302734375
2009-05-04,15226.1884765625
2009-05-06,15226.1884765625
2009-05-07,15279.990234375
2009-05-08,15871.8173828125
2009-05-11,15387.5966796875
2009-05-12,15010.9755859375
2009-05-13,14930.26953125
2009-05-14,14634.357421875
2009-05-15,14849.5693359375
2009-05-18,14015.6220703125
2009-05-19,14526.7490234375
2009-05-20,14096.328125
2009-05-21,14015.6220703125
2009-05-22,14338.4384765625
2009-05-25,14150.12890625
2009-05-26,13612.1044921875
2009-05-27,13585.201171875
2009-05-28,13477.5947265625
2009-05-29,13127.876953125
2009-06-01,14123.23046875
2009-06-02,14069.42578125
2009-06-03,14930.26953125
2009-06-04,14311.541015625
2009-06-05,14526.7490234375
2009-06-08,14984.0703125
2009-06-09,14472.9482421875
2009-06-10,15064.7783203125
2009-06-11,15010.9755859375
2009-06-12,14957.1708984375
2009-06-15,14688.1591796875
2009-06-16,14257.736328125
2009-06-17,14284.6357421875
2009-06-18,15010.9755859375
2009-06-19,15226.1884765625
2009-06-22,15199.28515625
2009-06-23,14096.328125
2009-06-24,13773.5107421875
2009-06-25,14123.23046875
2009-06-26,14150.12890625
2009-06-29,14042.5263671875
2009-06-30,14096.328125
2009-07-01,14876.4677734375
2009-07-02,14795.765625
2009-07-03,15226.1884765625
2009-07-06,14849.5693359375
2009-07-07,15118.578125
2009-07-08,15172.3837890625
2009-07-09,15037.8740234375
2009-07-10,14741.962890625
2009-07-13,13908.0166015625
2009-07-14,13854.21484375
2009-07-15,14311.541015625
2009-07-16,14150.12890625
2009-07-17,14311.541015625
2009-07-20,14957.1708984375
2009-07-21,15387.5966796875
2009-07-22,15629.70703125
2009-07-23,15602.806640625
2009-07-24,16302.2431640625
2009-07-27,16517.451171875
2009-07-28,16033.2255859375
2009-07-29,16409.845703125
2009-07-30,16813.3671875
2009-07-31,16920.97265625
2009-08-03,17270.689453125
2009-08-04,17512.80859375
2009-08-05,17862.5234375
2009-08-06,18131.53515625
2009-08-07,17862.5234375
2009-08-10,17593.5078125
2009-08-11,18077.736328125
2009-08-12,18669.560546875
2009-08-13,18481.255859375
2009-08-14,18346.75
2009-08-17,17808.716796875
2009-08-18,17539.705078125
2009-08-19,17754.91796875
2009-08-20,18911.6796875
2009-08-21,19315.197265625
2009-08-24,19315.197265625
2009-08-25,19315.197265625
2009-08-26,19288.296875
2009-08-27,19907.025390625
2009-08-28,20068.4375
2009-08-31,20445.0546875
2009-09-01,20660.265625
2009-09-02,20283.646484375
2009-09-03,20176.041015625
2009-09-04,20014.634765625
2009-09-07,20418.15234375
2009-09-08,20445.0546875
2009-09-09,19638.017578125
2009-09-10,20256.744140625
2009-09-11,19960.828125
2009-09-14,19046.18359375
2009-09-15,19530.412109375
2009-09-16,20875.4765625
2009-09-17,20714.06640625
2009-09-18,20983.080078125
2009-09-21,20929.28125
2009-09-22,20929.28125
2009-09-23,20122.240234375
2009-09-24,20579.560546875
2009-09-25,20068.4375
2009-09-28,19422.802734375
2009-09-29,19826.3203125
2009-09-30,19449.703125
2009-10-01,19261.39453125
2009-10-05,18481.255859375
2009-10-06,18561.958984375
2009-10-07,18992.37890625
2009-10-08,19907.025390625
2009-10-09,20687.166015625
2009-10-12,20364.353515625
2009-10-13,19369.0
2009-10-14,19369.0
2009-10-15,19099.98828125
2009-10-16,19584.208984375
2009-10-19,20176.041015625
2009-10-20,20068.4375
2009-10-21,20391.25
2009-10-22,20229.845703125
2009-10-23,20364.353515625
2009-10-26,19987.73046875
2009-10-27,20445.0546875
2009-10-28,19907.025390625
2009-10-29,19584.208984375
2009-10-30,19853.224609375
2009-11-02,19369.0
2009-11-03,18696.46875
2009-11-04,19342.099609375
2009-11-05,18615.76171875
2009-11-06,18696.46875
2009-11-09,18615.76171875
2009-11-10,18804.0703125
2009-11-11,18965.478515625
2009-11-12,18400.548828125
2009-11-13,18050.83203125
2009-11-16,17997.03125
2009-11-17,17297.59375
2009-11-18,18131.53515625
2009-11-19,18777.171875
2009-11-20,18669.560546875
2009-11-23,18508.15625
2009-11-24,18266.04296875
2009-11-25,18239.142578125
2009-11-26,18561.958984375
2009-11-27,16920.97265625
2009-11-30,18023.931640625
2009-12-01,18830.974609375
2009-12-02,18884.7734375
2009-12-03,18965.478515625
2009-12-04,19099.98828125
2009-12-07,18830.974609375
2009-12-08,18615.76171875
2009-12-09,18239.142578125
2009-12-10,18023.931640625
2009-12-11,18346.75
2009-12-14,18104.634765625
2009-12-15,17781.818359375
2009-12-16,17405.197265625
2009-12-17,17055.48046875
2009-12-18,17136.18359375
2009-12-21,17647.3125
2009-12-22,17593.5078125
2009-12-23,17432.099609375
2009-12-24,17459.0
2009-12-28,16840.26953125
2009-12-29,17485.90234375
2009-12-30,17432.099609375
2010-01-04,18400.548828125
2010-01-05,18077.736328125
2010-01-06,19073.083984375
2010-01-07,19180.689453125
2010-01-08,18992.37890625
2010-01-11,19126.884765625
2010-01-12,19422.802734375
2010-01-13,19691.81640625
2010-01-14,20391.25
2010-01-15,20525.7578125
2010-01-18,19611.1171875
2010-01-19,19234.4921875
2010-01-20,18212.240234375
2010-01-21,18508.15625
2010-01-22,18292.9453125
2010-01-25,18239.142578125
2010-01-26,18131.53515625
2010-01-27,18292.9453125
2010-01-28,18561.958984375
2010-01-29,18050.83203125
2010-02-01,17997.03125
2010-02-02,17216.888671875
2010-02-03,16678.861328125
2010-02-04,16974.77734375
2010-02-05,16678.861328125
2010-02-08,16140.83203125
2010-02-09,16060.12890625
2010-02-10,15871.8173828125
2010-02-11,16275.337890625
2010-02-12,16625.0546875
2010-02-16,16678.861328125
2010-02-17,16894.07421875
2010-02-18,17055.48046875
2010-02-19,17378.296875
2010-02-22,17405.197265625
2010-02-23,17297.59375
2010-02-24,17028.578125
2010-02-25,16705.76171875
2010-02-26,16947.875
2010-03-02,17405.197265625
2010-03-03,17512.80859375
2010-03-04,17136.18359375
2010-03-05,17189.98828125
2010-03-08,17189.98828125
2010-03-09,17163.0859375
2010-03-10,17001.677734375
2010-03-11,17163.0859375
2010-03-12,17485.90234375
2010-03-15,17163.0859375
2010-03-16,17136.18359375
2010-03-17,16786.46484375
2010-03-18,16571.2578125
2010-03-19,16894.07421875
2010-03-22,17001.677734375
2010-03-23,17270.689453125
2010-03-24,17485.90234375
2010-03-25,17485.90234375
2010-03-26,17701.115234375
2010-03-29,17485.90234375
2010-03-30,17788.80859375
2010-03-31,17788.80859375
2010-04-01,18064.177734375
2010-04-02,17954.029296875
2010-04-05,18009.103515625
2010-04-06,18256.93359375
2010-04-07,18339.54296875
2010-04-08,18174.32421875
2010-04-09,17458.3671875
2010-04-12,17733.734375
2010-04-13,17375.7578125
2010-04-14,18614.916015625
2010-04-15,19275.80078125
2010-04-16,19138.115234375
2010-04-19,18725.0625
2010-04-20,18477.23046875
2010-04-21,18477.23046875
2010-04-22,19358.412109375
2010-04-23,19964.220703125
2010-04-26,19909.1484375
2010-04-27,19385.947265625
2010-04-28,19441.01953125
2010-04-29,19523.630859375
2010-04-30,19441.01953125
2010-05-03,19771.4609375
2010-05-04,20212.05078125
2010-05-06,19441.01953125
2010-05-07,19385.947265625
2010-05-10,19496.095703125
2010-05-11,19661.3125
2010-05-12,19000.4296875
2010-05-13,20101.908203125
2010-05-14,20900.47265625
2010-05-17,20294.658203125
2010-05-18,19193.1875
2010-05-19,18587.376953125
2010-05-20,17926.494140625
2010-05-24,18119.251953125
2010-05-25,17623.587890625
2010-05-26,18119.251953125
2010-05-27,18642.451171875
2010-05-28,18422.158203125
2010-05-31,18229.396484375
2010-06-01,18312.01171875
2010-06-03,19193.1875
2010-06-04,19413.484375
2010-06-07,19275.80078125
2010-06-08,19027.96875
2010-06-09,19027.96875
2010-06-10,19275.80078125
2010-06-11,19441.01953125
2010-06-14,19496.095703125
2010-06-15,19441.01953125
2010-06-16,19771.4609375
2010-06-17,19275.80078125
2010-06-18,19385.947265625
2010-06-21,20019.294921875
2010-06-22,19909.1484375
2010-06-23,20046.83203125
2010-06-24,20156.98046875
2010-06-25,20377.26953125
2010-06-28,20377.26953125
2010-06-29,20239.5859375
2010-06-30,19551.16796875
2010-07-01,19826.53515625
2010-07-02,20625.10546875
2010-07-05,21506.28515625
2010-07-06,21175.83984375
2010-07-07,21423.673828125
2010-07-08,21533.8203125
2010-07-09,20625.10546875
2010-07-12,20707.716796875
2010-07-13,20404.810546875
2010-07-14,20487.41796875
2010-07-15,20680.1796875
2010-07-16,20101.908203125
2010-07-19,20129.4453125
2010-07-20,20239.5859375
2010-07-21,20404.810546875
2010-07-22,20267.12109375
2010-07-23,20817.86328125
2010-07-26,20928.009765625
2010-07-27,20928.009765625
2010-07-28,20900.47265625
2010-07-29,21203.376953125
2010-07-30,20267.12109375
2010-08-02,19854.072265625
2010-08-03,19991.759765625
2010-08-04,19303.333984375
2010-08-05,19248.263671875
2010-08-06,19688.8515625
2010-08-09,20184.515625
2010-08-10,19881.609375
2010-08-11,19881.609375
2010-08-12,19000.4296875
2010-08-13,19193.1875
2010-08-16,19220.728515625
2010-08-17,19468.55859375
2010-08-18,19496.095703125
2010-08-19,19523.630859375
2010-08-20,19441.01953125
2010-08-23,18367.083984375
2010-08-24,18807.671875
2010-08-25,18339.54296875
2010-08-26,17954.029296875
2010-08-27,17706.1953125
2010-08-30,18394.623046875
2010-08-31,18587.376953125
2010-09-01,18532.3046875
2010-09-02,18725.0625
2010-09-03,19303.333984375
2010-09-06,19743.92578125
2010-09-07,19743.92578125
2010-09-08,19606.2421875
2010-09-09,19110.576171875
2010-09-10,18504.771484375
2010-09-13,18504.771484375
2010-09-14,19083.041015625
2010-09-15,19275.80078125
2010-09-16,19275.80078125
2010-09-17,20019.294921875
2010-09-20,20239.5859375
2010-09-24,20542.49609375
2010-09-27,20129.4453125
2010-09-28,19578.701171875
2010-09-29,19661.3125
2010-09-30,19413.484375
2010-10-01,20101.908203125
2010-10-04,20597.568359375
2010-10-05,20790.328125
2010-10-06,20707.716796875
2010-10-07,20377.26953125
2010-10-08,20514.95703125
2010-10-11,20652.642578125
2010-10-12,20349.732421875
2010-10-13,20514.95703125
2010-10-14,19991.759765625
2010-10-15,19633.775390625
2010-10-18,19441.01953125
2010-10-19,19385.947265625
2010-10-20,20459.8828125
2010-10-21,20680.1796875
2010-10-22,20735.25
2010-10-25,21478.748046875
2010-10-26,21726.580078125
2010-10-27,21891.802734375
2010-10-28,22029.486328125
2010-10-29,21864.26171875
2010-11-01,22139.6328125
2010-11-02,22359.92578125
2010-11-03,23241.10546875
2010-11-04,23048.3515625
2010-11-05,22965.740234375
2010-11-08,22470.076171875
2010-11-09,22965.740234375
2010-11-10,22965.740234375
2010-11-11,23213.568359375
2010-11-12,22442.53515625
2010-11-15,22828.0546875
2010-11-16,22029.486328125
2010-11-17,22662.83203125
2010-11-18,22938.201171875
2010-11-19,22690.369140625
2010-11-22,21891.802734375
2010-11-23,21368.599609375
2010-11-24,21313.525390625
2010-11-25,21093.23046875
2010-11-26,21038.154296875
2010-11-29,21038.154296875
2010-11-30,21065.69140625
2010-12-01,21561.359375
2010-12-02,21285.986328125
2010-12-03,20928.009765625
2010-12-06,21065.69140625
2010-12-07,21120.765625
2010-12-08,21726.580078125
2010-12-09,21919.333984375
2010-12-10,22332.392578125
2010-12-13,22772.982421875
2010-12-14,22277.318359375
2010-12-15,23048.3515625
2010-12-16,22525.1484375
2010-12-17,22965.740234375
2010-12-20,23599.083984375
2010-12-21,23571.546875
2010-12-22,22552.685546875
2010-12-23,22470.076171875
2010-12-24,23048.3515625
2010-12-27,23296.1796875
2010-12-28,22745.443359375
2010-12-29,23213.568359375
2010-12-30,24783.171875
2011-01-03,24948.39453125
2011-01-04,25113.609375
2011-01-05,24865.78125
2011-01-06,24507.8046875
2011-01-07,24755.6328125
2011-01-10,25058.5390625
2011-01-11,25141.1484375
2011-01-12,24590.41015625
2011-01-13,24920.857421875
2011-01-14,25168.685546875
2011-01-17,25003.462890625
2011-01-18,24783.171875
2011-01-19,25719.42578125
2011-01-20,26077.40234375
2011-01-21,25609.275390625
2011-01-24,25031.001953125
2011-01-25,24700.55859375
2011-01-26,25141.1484375
2011-01-27,25471.59375
2011-01-28,24700.55859375
2011-01-31,25003.462890625
2011-02-01,25609.275390625
2011-02-07,26104.9375
2011-02-08,26077.40234375
2011-02-09,25774.49609375
2011-02-10,25554.20703125
2011-02-11,24838.2421875
2011-02-14,25361.443359375
2011-02-15,24755.6328125
2011-02-16,23599.083984375
2011-02-17,23626.62109375
2011-02-18,23984.59765625
2011-02-21,24562.87109375
2011-02-22,25306.3671875
2011-02-23,25306.3671875
2011-02-24,24948.39453125
2011-02-25,25499.130859375
2011-02-28,25223.7578125
2011-03-02,25499.130859375
2011-03-03,25554.20703125
2011-03-04,25554.20703125
2011-03-07,25361.443359375
2011-03-08,26297.697265625
2011-03-09,26490.453125
2011-03-10,26132.4765625
2011-03-11,26435.38671875
2011-03-14,25884.642578125
2011-03-15,26049.865234375
2011-03-16,25581.7421875
2011-03-17,24783.171875
2011-03-18,24893.3203125
2011-03-21,24975.931640625
2011-03-22,24975.931640625
2011-03-23,25333.90625
2011-03-24,25113.609375
2011-03-25,24975.931640625
2011-03-28,24975.931640625
2011-03-29,25609.275390625
2011-03-30,26451.6875
2011-03-31,28136.51171875
2011-04-01,28978.919921875
2011-04-04,28754.275390625
2011-04-05,28080.34375
2011-04-06,28361.15234375
2011-04-07,28473.470703125
2011-04-08,27659.13671875
2011-04-11,26451.6875
2011-04-12,26507.845703125
2011-04-13,27743.3828125
2011-04-14,27602.982421875
2011-04-15,27743.3828125
2011-04-18,26760.572265625
2011-04-19,26507.845703125
2011-04-20,27125.611328125
2011-04-21,25833.9140625
2011-04-22,26339.37109375
2011-04-25,26535.923828125
2011-04-26,27771.4609375
2011-04-27,28585.79296875
2011-04-28,28024.185546875
2011-04-29,28641.955078125
2011-05-02,28922.751953125
2011-05-03,28922.751953125
2011-05-04,28417.310546875
2011-05-06,27855.705078125
2011-05-09,27294.091796875
2011-05-11,28248.830078125
2011-05-12,27406.412109375
2011-05-13,26872.896484375
2011-05-16,26788.650390625
2011-05-17,27125.611328125
2011-05-18,27069.45703125
2011-05-19,25721.59765625
2011-05-20,26002.400390625
2011-05-23,25833.9140625
2011-05-24,26732.486328125
2011-05-25,26283.1953125
2011-05-26,26704.41015625
2011-05-27,28024.185546875
2011-05-30,28080.34375
2011-05-31,28810.431640625
2011-06-01,29035.078125
2011-06-02,28641.955078125
2011-06-03,28698.111328125
2011-06-07,29203.556640625
2011-06-08,28866.595703125
2011-06-09,28866.595703125
2011-06-10,28978.919921875
2011-06-13,28754.275390625
2011-06-14,28080.34375
2011-06-15,28080.34375
2011-06-16,27687.22265625
2011-06-17,27069.45703125
2011-06-20,28024.185546875
2011-06-21,28473.470703125
2011-06-22,28361.15234375
2011-06-23,29652.84375
2011-06-24,30045.974609375
2011-06-27,30102.130859375
2011-06-28,30270.619140625
2011-06-29,30776.060546875
2011-06-30,31169.177734375
2011-07-01,30719.89453125
2011-07-04,30888.38671875
2011-07-05,31169.177734375
2011-07-06,31562.30859375
2011-07-07,31730.7890625
2011-07-08,30551.416015625
2011-07-11,30944.5390625
2011-07-12,31000.708984375
2011-07-13,31730.7890625
2011-07-14,31730.7890625
2011-07-15,32236.23828125
2011-07-18,32236.23828125
2011-07-19,31281.50390625
2011-07-20,30663.736328125
2011-07-21,30214.451171875
2011-07-22,31169.177734375
2011-07-25,31393.828125
2011-07-26,32011.59375
2011-07-27,30888.38671875
2011-07-28,30888.38671875
2011-07-29,29372.0390625
2011-08-01,30158.294921875
2011-08-02,29989.810546875
2011-08-03,29596.6796875
2011-08-04,30045.974609375
2011-08-05,29877.48828125
2011-08-08,29709.00390625
2011-08-09,29372.0390625
2011-08-10,27827.625
2011-08-11,26957.134765625
2011-08-12,26676.326171875
2011-08-16,27350.25390625
2011-08-17,27743.3828125
2011-08-18,27462.578125
2011-08-19,26620.166015625
2011-08-22,24486.0625
2011-08-23,25075.75
2011-08-24,25384.6328125
2011-08-25,25159.984375
2011-08-26,24710.703125
2011-08-29,26311.283203125
2011-08-30,27069.45703125
2011-08-31,29091.236328125
2011-09-01,28866.595703125
2011-09-02,28810.431640625
2011-09-05,27996.10546875
2011-09-06,27743.3828125
2011-09-07,28641.955078125
2011-09-08,28361.15234375
2011-09-09,28641.955078125
2011-09-14,26844.8125
2011-09-15,27602.982421875
2011-09-16,28080.34375
2011-09-19,28585.79296875
2011-09-20,29989.810546875
2011-09-21,30158.294921875
2011-09-22,29540.525390625
2011-09-23,26592.0859375
2011-09-26,26367.44140625
2011-09-27,29147.396484375
2011-09-28,28529.630859375
2011-09-29,28641.955078125
2011-09-30,28922.751953125
2011-10-04,27743.3828125
2011-10-05,25777.759765625
2011-10-06,25553.111328125
2011-10-07,26479.765625
2011-10-10,26114.72265625
2011-10-11,26676.326171875
2011-10-12,26114.72265625
2011-10-13,26395.52734375
2011-10-14,27097.53515625
2011-10-17,26760.572265625
2011-10-18,26451.6875
2011-10-19,26816.724609375
2011-10-20,25272.314453125
2011-10-21,25356.5546875
2011-10-24,26255.125
2011-10-25,25609.2734375
2011-10-26,25777.759765625
2011-10-27,26423.60546875
2011-10-28,26283.1953125
2011-10-31,26479.765625
2011-11-01,26760.572265625
2011-11-02,26760.572265625
2011-11-03,26227.044921875
2011-11-04,26816.724609375
2011-11-07,26395.52734375
2011-11-08,26704.41015625
2011-11-09,26957.134765625
2011-11-10,25805.83984375
2011-11-11,26816.724609375
2011-11-14,26844.8125
2011-11-15,26760.572265625
2011-11-16,27406.412109375
2011-11-17,27911.86328125
2011-11-18,27518.7421875
2011-11-21,27097.53515625
2011-11-22,27097.53515625
2011-11-23,26676.326171875
2011-11-24,26788.650390625
2011-11-25,27631.05859375
2011-11-28,28080.34375
2011-11-29,28052.26953125
2011-11-30,28641.955078125
2011-12-01,28248.830078125
2011-12-02,29203.556640625
2011-12-05,28192.662109375
2011-12-06,28529.630859375
2011-12-07,29484.36328125
2011-12-08,30214.451171875
2011-12-09,29933.6484375
2011-12-12,30270.619140625
2011-12-13,29091.236328125
2011-12-14,29147.396484375
2011-12-15,27827.625
2011-12-16,28361.15234375
2011-12-19,28754.275390625
2011-12-20,27827.625
2011-12-21,29484.36328125
2011-12-22,29765.169921875
2011-12-23,29821.326171875
2011-12-26,30045.974609375
2011-12-27,29933.6484375
2011-12-28,29821.326171875
2011-12-29,29989.810546875
2012-01-02,28641.955078125
2012-01-03,28922.751953125
2012-01-04,28641.955078125
2012-01-05,28529.630859375
2012-01-06,28922.751953125
2012-01-09,29259.720703125
2012-01-10,28417.310546875
2012-01-11,26676.326171875
2012-01-12,26507.845703125
2012-01-13,26395.52734375
2012-01-16,26788.650390625
2012-01-17,27266.015625
2012-01-18,27294.091796875
2012-01-19,27490.658203125
2012-01-20,26929.05078125
2012-01-25,26732.486328125
2012-01-26,27237.9375
2012-01-27,27462.578125
2012-01-30,26535.923828125
2012-01-31,26957.134765625
2012-02-01,27434.4921875
2012-02-02,28754.275390625
2012-02-03,29203.556640625
2012-02-06,29259.720703125
2012-02-07,28473.470703125
2012-02-08,28361.15234375
2012-02-09,27322.173828125
2012-02-10,27855.705078125
2012-02-13,27602.982421875
2012-02-14,27883.783203125
2012-02-15,28698.111328125
2012-02-16,28529.630859375
2012-02-17,27996.10546875
2012-02-20,27209.857421875
2012-02-21,26788.650390625
2012-02-22,27462.578125
2012-02-23,27855.705078125
2012-02-24,28304.98828125
2012-02-27,27602.982421875
2012-02-28,27069.45703125
2012-02-29,27434.4921875
2012-03-02,27968.025390625
2012-03-05,27378.3359375
2012-03-06,26760.572265625
2012-03-07,27013.29296875
2012-03-08,27237.9375
2012-03-09,26957.134765625
2012-03-12,27237.9375
2012-03-13,27406.412109375
2012-03-14,27771.4609375
2012-03-15,27350.25390625
2012-03-16,26900.966796875
2012-03-19,26900.966796875
2012-03-20,27490.658203125
2012-03-21,27350.25390625
2012-03-22,27996.10546875
2012-03-23,28052.26953125
2012-03-26,27968.025390625
2012-03-27,27687.22265625
2012-03-28,27687.22265625
2012-03-29,28205.28125
2012-03-30,28176.490234375
2012-04-02,28090.150390625
2012-04-03,28435.5234375
2012-04-04,28205.28125
2012-04-05,27859.908203125
2012-04-06,27687.220703125
2012-04-09,27744.783203125
2012-04-10,27313.068359375
2012-04-12,27744.783203125
2012-04-13,27744.783203125
2012-04-16,27629.658203125
2012-04-17,27629.658203125
2012-04-18,27629.658203125
2012-04-19,27831.12890625
2012-04-20,27716.00390625
2012-04-23,27370.630859375
2012-04-24,27370.630859375
2012-04-25,27514.537109375
2012-04-26,27140.384765625
2012-04-27,26679.884765625
2012-04-30,26017.9296875
2012-05-02,25989.146484375
2012-05-03,27169.1640625
2012-05-04,27543.318359375
2012-05-07,27716.00390625
2012-05-08,27054.041015625
2012-05-09,26449.640625
2012-05-10,27687.220703125
2012-05-11,27687.220703125
2012-05-14,27687.220703125
2012-05-15,28464.302734375
2012-05-16,27629.658203125
2012-05-17,27456.970703125
2012-05-18,26996.478515625
2012-05-21,27543.318359375
2012-05-22,28090.150390625
2012-05-23,28032.5859375
2012-05-24,26737.451171875
2012-05-25,26017.9296875
2012-05-29,26305.73828125
2012-05-30,26708.669921875
2012-05-31,27197.943359375
2012-06-01,26708.669921875
2012-06-04,25327.1875
2012-06-05,25355.970703125
2012-06-07,25327.1875
2012-06-08,24319.857421875
2012-06-11,23370.0859375
2012-06-12,22679.341796875
2012-06-13,23226.18359375
2012-06-14,23254.96484375
2012-06-15,22391.537109375
2012-06-18,22967.150390625
2012-06-19,23024.71484375
2012-06-20,22938.37109375
2012-06-21,23082.27734375
2012-06-22,22477.880859375
2012-06-25,22420.318359375
2012-06-26,23341.3046875
2012-06-27,23916.919921875
2012-06-28,23600.3359375
2012-06-29,24147.171875
2012-07-02,23945.70703125
2012-07-03,24204.73046875
2012-07-04,24204.73046875
2012-07-05,24147.171875
2012-07-06,24262.294921875
2012-07-09,24406.197265625
2012-07-10,24319.857421875
2012-07-11,24060.828125
2012-07-12,23456.4296875
2012-07-13,23888.142578125
2012-07-16,23485.2109375
2012-07-17,23283.7421875
2012-07-18,23542.7734375
2012-07-19,24147.171875
2012-07-20,24348.63671875
2012-07-23,23830.580078125
2012-07-24,23427.64453125
2012-07-25,22679.341796875
2012-07-26,23197.3984375
2012-07-27,23715.45703125
2012-07-30,23542.7734375
2012-07-31,24175.947265625
2012-08-01,24406.197265625
2012-08-02,23226.18359375
2012-08-03,23427.64453125
2012-08-06,23197.3984375
2012-08-07,23053.498046875
2012-08-08,23139.83984375
2012-08-09,23600.3359375
2012-08-10,24319.857421875
2012-08-13,24492.5390625
2012-08-14,24809.1328125
2012-08-16,25327.1875
2012-08-17,25269.625
2012-08-20,25269.625
2012-08-21,25499.87109375
2012-08-22,25614.99609375
2012-08-23,25125.72265625
2012-08-24,25039.376953125
2012-08-27,24751.5703125
2012-08-28,24550.1015625
2012-08-29,25039.376953125
2012-08-30,25154.5
2012-08-31,26679.884765625
2012-09-03,27428.189453125
2012-09-04,26938.912109375
2012-09-05,26276.955078125
2012-09-06,26593.546875
2012-09-07,26392.08203125
2012-09-10,26017.9296875
2012-09-11,25902.80859375
2012-09-12,25730.11328125
2012-09-13,26478.41796875
2012-09-14,27514.537109375
2012-09-17,27082.82421875
2012-09-18,26478.41796875
2012-09-19,26881.35546875
2012-09-20,26679.884765625
2012-09-21,26017.9296875
2012-09-24,25672.5546875
2012-09-25,26795.009765625
2012-09-26,26881.35546875
2012-09-27,27054.041015625
2012-09-28,27859.908203125
2012-10-02,27543.318359375
2012-10-04,26766.232421875
2012-10-05,27859.908203125
2012-10-08,27514.537109375
2012-10-09,28205.28125
2012-10-10,28262.837890625
2012-10-11,28493.0859375
2012-10-12,28953.580078125
2012-10-15,29529.197265625
2012-10-16,28521.873046875
2012-10-17,28752.115234375
2012-10-18,28694.548828125
2012-10-19,28205.28125
2012-10-22,28665.76953125
2012-10-23,28838.458984375
2012-10-24,29298.94921875
2012-10-25,29298.94921875
2012-10-26,28118.927734375
2012-10-29,27716.00390625
2012-10-30,28320.40234375
2012-10-31,28464.302734375
2012-11-01,29241.384765625
2012-11-02,28493.0859375
2012-11-05,29183.82421875
2012-11-06,29471.6328125
2012-11-07,29644.318359375
2012-11-08,29932.1328125
2012-11-09,29471.6328125
2012-11-12,29356.517578125
2012-11-13,29011.140625
2012-11-14,28665.76953125
2012-11-15,27428.189453125
2012-11-16,27428.189453125
2012-11-19,27054.041015625
2012-11-20,26190.611328125
2012-11-21,26190.611328125
2012-11-22,26276.955078125
2012-11-23,25960.3671875
2012-11-26,26881.35546875
2012-11-27,26795.009765625
2012-11-28,25960.3671875
2012-11-29,26420.861328125
2012-11-30,26766.232421875
2012-12-03,26276.955078125
2012-12-04,26305.73828125
2012-12-05,26651.109375
2012-12-06,26622.328125
2012-12-07,26593.546875
2012-12-10,26104.26953125
2012-12-11,26276.955078125
2012-12-12,25442.310546875
2012-12-13,25125.72265625
2012-12-14,24377.41796875
2012-12-17,25039.376953125
2012-12-18,24636.4453125
2012-12-20,26190.611328125
2012-12-21,26363.3046875
2012-12-24,26219.392578125
2012-12-26,26334.513671875
2012-12-27,25730.11328125
2012-12-28,26449.640625
2013-01-02,25586.220703125
2013-01-03,25212.06640625
2013-01-04,25096.94140625
2013-01-07,25614.99609375
2013-01-08,24636.4453125
2013-01-09,24981.8125
2013-01-10,25183.27734375
2013-01-11,24751.5703125
2013-01-14,26478.41796875
2013-01-15,26248.17578125
2013-01-16,26104.26953125
2013-01-17,26133.0546875
2013-01-18,26852.578125
2013-01-21,26938.912109375
2013-01-22,27197.943359375
2013-01-23,26190.611328125
2013-01-24,26363.3046875
2013-01-25,26478.41796875
2013-01-28,26507.205078125
2013-01-29,26795.009765625
2013-01-30,27572.09375
2013-01-31,26881.35546875
2013-02-01,28377.96484375
2013-02-04,28262.837890625
2013-02-05,27025.26171875
2013-02-06,27428.189453125
2013-02-07,27888.6875
2013-02-08,27917.46484375
2013-02-12,27428.189453125
2013-02-13,27572.09375
2013-02-14,27341.84765625
2013-02-15,26938.912109375
2013-02-18,26708.669921875
2013-02-19,26564.763671875
2013-02-20,26593.546875
2013-02-21,26593.546875
2013-02-22,26535.986328125
2013-02-25,26046.708984375
2013-02-26,26449.640625
2013-02-27,26363.3046875
2013-02-28,27313.068359375
2013-03-04,27226.72265625
2013-03-05,27514.537109375
2013-03-06,27600.880859375
2013-03-07,26938.912109375
2013-03-08,26679.884765625
2013-03-11,26938.912109375
2013-03-12,26795.009765625
2013-03-13,26622.328125
2013-03-14,26334.513671875
2013-03-15,25614.99609375
2013-03-18,25874.0234375
2013-03-19,25701.337890625
2013-03-20,25816.4609375
2013-03-21,26133.0546875
2013-03-22,25960.3671875
2013-03-25,26679.884765625
2013-03-26,27341.84765625
2013-03-27,27744.783203125
2013-03-28,28040.251953125
2013-03-29,26947.0078125
2013-04-01,27360.669921875
2013-04-02,27301.57421875
2013-04-03,27124.29296875
2013-04-04,27419.76171875
2013-04-05,26887.912109375
2013-04-08,26090.140625
2013-04-09,25824.21484375
2013-04-10,25765.125
2013-04-11,25292.3671875
2013-04-12,25587.841796875
2013-04-15,24642.33203125
2013-04-16,24376.40234375
2013-04-17,25292.3671875
2013-04-18,25410.55859375
2013-04-19,26001.501953125
2013-04-22,25883.314453125
2013-04-23,26415.154296875
2013-04-24,26799.271484375
2013-04-25,26710.634765625
2013-04-26,26533.34765625
2013-04-29,26001.501953125
2013-04-30,26267.4296875
2013-05-02,25765.125
2013-05-03,26060.59375
2013-05-06,26385.611328125
2013-05-07,25942.404296875
2013-05-08,26178.78125
2013-05-09,26415.154296875
2013-05-10,25706.029296875
2013-05-13,25824.21484375
2013-05-14,26415.154296875
2013-05-15,26621.990234375
2013-05-16,27035.646484375
2013-05-20,26947.0078125
2013-05-21,26947.0078125
2013-05-22,26917.4609375
2013-05-23,27006.103515625
2013-05-24,26917.4609375
2013-05-27,27449.310546875
2013-05-28,27656.134765625
2013-05-29,28838.025390625
2013-05-30,29251.6875
2013-05-31,29547.15234375
2013-06-03,29724.44140625
2013-06-04,28542.548828125
2013-06-05,28749.380859375
2013-06-07,28424.3671875
2013-06-10,29458.515625
2013-06-11,28572.10546875
2013-06-12,28601.65234375
2013-06-13,29074.408203125
2013-06-14,28513.009765625
2013-06-17,28778.927734375
2013-06-18,28306.17578125
2013-06-19,28335.728515625
2013-06-20,29103.953125
2013-06-21,28483.462890625
2013-06-24,27715.236328125
2013-06-25,27153.837890625
2013-06-26,27478.859375
2013-06-27,27862.97265625
2013-06-28,28542.548828125
2013-07-01,28010.708984375
2013-07-02,28306.17578125
2013-07-03,28513.009765625
2013-07-04,28099.349609375
2013-07-05,28897.125
2013-07-08,28897.125
2013-07-09,29133.501953125
2013-07-10,29310.78125
2013-07-11,29163.048828125
2013-07-12,29251.6875
2013-07-15,29015.30859375
2013-07-16,28956.220703125
2013-07-17,29103.953125
2013-07-18,28926.6640625
2013-07-19,28542.548828125
2013-07-22,28306.17578125
2013-07-23,28897.125
2013-07-24,28572.10546875
2013-07-25,28749.380859375
2013-07-26,28513.009765625
2013-07-29,27892.51953125
2013-07-30,28247.087890625
2013-07-31,28099.349609375
2013-08-01,29133.501953125
2013-08-02,29665.34375
2013-08-05,29783.533203125
2013-08-06,29842.6328125
2013-08-07,28897.125
2013-08-08,29547.15234375
2013-08-09,28926.6640625
2013-08-12,29074.408203125
2013-08-13,28808.48046875
2013-08-14,28247.087890625
2013-08-16,27892.51953125
2013-08-19,28631.197265625
2013-08-20,28099.349609375
2013-08-21,27656.134765625
2013-08-22,27478.859375
2013-08-23,27301.57421875
2013-08-26,27390.212890625
2013-08-27,26828.822265625
2013-08-28,26385.611328125
2013-08-29,27006.103515625
2013-08-30,27833.42578125
2013-09-02,27301.57421875
2013-09-03,27537.951171875
2013-09-04,26947.0078125
2013-09-05,27301.57421875
2013-09-06,27301.57421875
2013-09-09,28128.8984375
2013-09-10,28365.2734375
2013-09-11,28956.220703125
2013-09-12,28838.025390625
2013-09-13,29251.6875
2013-09-16,28542.548828125
2013-09-17,28276.6328125
2013-09-23,28631.197265625
2013-09-24,27951.611328125
2013-09-25,27744.78515625
2013-09-26,27803.87890625
2013-09-27,27508.40234375
2013-09-30,27301.57421875
2013-10-01,27301.57421875
2013-10-02,27331.125
2013-10-04,27183.380859375
2013-10-07,27183.380859375
2013-10-08,26710.634765625
2013-10-10,26769.73046875
2013-10-11,26887.912109375
2013-10-14,26799.271484375
2013-10-15,27065.201171875
2013-10-16,27006.103515625
2013-10-17,26385.611328125
2013-10-18,26562.896484375
2013-10-21,26828.822265625
2013-10-22,27744.78515625
2013-10-23,27892.51953125
2013-10-24,28069.80078125
2013-10-25,28069.80078125
2013-10-28,28040.251953125
2013-10-29,28365.2734375
2013-10-30,28453.91796875
2013-10-31,28040.251953125
2013-11-01,28690.2890625
2013-11-04,28690.2890625
2013-11-05,28808.48046875
2013-11-06,29015.30859375
2013-11-07,29192.59375
2013-11-08,28838.025390625
2013-11-11,28926.6640625
2013-11-12,28985.7578125
2013-11-13,28926.6640625
2013-11-14,28778.927734375
2013-11-15,29310.78125
2013-11-18,29724.44140625
2013-11-19,31556.365234375
2013-11-20,31438.17578125
2013-11-21,30906.330078125
2013-11-22,31319.990234375
2013-11-25,31497.271484375
2013-11-26,32324.59375
2013-11-27,32029.111328125
2013-11-28,32029.111328125
2013-11-29,31674.5546875
2013-12-02,32324.59375
2013-12-03,32620.06640625
2013-12-04,32206.404296875
2013-12-05,32324.59375
2013-12-06,32383.68359375
2013-12-09,32797.34375
2013-12-10,32442.783203125
2013-12-11,31733.65234375
2013-12-12,31615.46484375
2013-12-13,32088.21875
2013-12-16,32265.494140625
2013-12-17,31792.744140625
2013-12-18,32442.783203125
2013-12-19,32856.44140625
2013-12-20,32442.783203125
2013-12-23,32797.34375
2013-12-24,32856.44140625
2013-12-26,33683.7578125
2013-12-27,33924.35546875
2013-12-30,33804.0625
2014-01-02,34706.30859375
2014-01-03,33984.51171875
2014-01-06,33683.76171875
2014-01-07,33864.2109375
2014-01-08,34044.65625
2014-01-09,34345.40625
2014-01-10,33683.76171875
2014-01-13,34044.65625
2014-01-14,33563.46875
2014-01-15,32781.515625
2014-01-16,33503.3125
2014-01-17,32961.96484375
2014-01-20,32721.365234375
2014-01-21,33142.41796875
2014-01-22,32721.365234375
2014-01-23,31758.97265625
2014-01-24,31879.26953125
2014-01-27,31217.626953125
2014-01-28,30856.73046875
2014-01-29,32360.474609375
2014-02-03,32420.626953125
2014-02-04,31578.52734375
2014-02-05,32781.515625
2014-02-06,33022.1171875
2014-02-07,33443.16015625
2014-02-10,32480.7734375
2014-02-11,32420.626953125
2014-02-12,32300.32421875
2014-02-13,31879.26953125
2014-02-14,31999.5703125
2014-02-17,31578.52734375
2014-02-18,31157.484375
2014-02-19,31518.37890625
2014-02-20,31578.52734375
2014-02-21,31157.484375
2014-02-24,30796.578125
2014-02-25,30736.4296875
2014-02-26,30014.638671875
2014-02-27,30796.578125
2014-02-28,30856.73046875
2014-03-03,30495.83203125
2014-03-04,30315.3828125
2014-03-05,30495.83203125
2014-03-06,31337.927734375
2014-03-07,31277.783203125
2014-03-10,31398.083984375
2014-03-11,31578.52734375
2014-03-12,31337.927734375
2014-03-13,31217.626953125
2014-03-14,30977.029296875
2014-03-17,31638.671875
2014-03-18,31638.671875
2014-03-19,32420.626953125
2014-03-20,32059.7265625
2014-03-21,32661.220703125
2014-03-24,32781.515625
2014-03-25,32601.064453125
2014-03-26,33142.41796875
2014-03-27,33262.7109375
2014-03-28,33262.7109375
2014-03-31,33202.56640625
2014-04-01,33383.01171875
2014-04-02,32901.81640625
2014-04-03,32961.96484375
2014-04-04,32420.626953125
2014-04-07,33202.56640625
2014-04-08,32841.6640625
2014-04-09,33202.56640625
2014-04-10,33383.01171875
2014-04-11,33563.46875
2014-04-14,33563.46875
2014-04-15,33202.56640625
2014-04-16,33082.265625
2014-04-17,32961.96484375
2014-04-18,33503.3125
2014-04-21,33082.265625
2014-04-22,33383.01171875
2014-04-23,33683.76171875
2014-04-24,33864.2109375
2014-04-25,33683.76171875
2014-04-28,33804.0625
2014-04-29,34465.703125
2014-04-30,34285.25390625
2014-05-02,33804.0625
2014-05-07,33623.609375
2014-05-08,33623.609375
2014-05-09,33322.86328125
2014-05-12,32961.96484375
2014-05-13,32480.7734375
2014-05-14,33022.1171875
2014-05-15,33082.265625
2014-05-16,33142.41796875
2014-05-19,33202.56640625
2014-05-20,33262.7109375
2014-05-21,33142.41796875
2014-05-22,33623.609375
2014-05-23,34285.25390625
2014-05-26,34285.25390625
2014-05-27,34285.25390625
2014-05-28,34345.40625
2014-05-29,34405.5546875
2014-05-30,34706.30859375
2014-06-02,34586.0078125
2014-06-03,33563.46875
2014-06-05,32901.81640625
2014-06-09,32901.81640625
2014-06-10,33082.265625
2014-06-11,33864.2109375
2014-06-12,33743.91015625
2014-06-13,33022.1171875
2014-06-16,32661.220703125
2014-06-17,32480.7734375
2014-06-18,31879.26953125
2014-06-19,31458.228515625
2014-06-20,31458.228515625
2014-06-23,31337.927734375
2014-06-24,29774.0390625
2014-06-25,29292.837890625
2014-06-26,30676.28515625
2014-06-27,30736.4296875
2014-06-30,31277.783203125
2014-07-01,31638.671875
2014-07-02,31638.671875
2014-07-03,31698.8203125
2014-07-04,31398.083984375
2014-07-07,30856.73046875
2014-07-08,30977.029296875
2014-07-09,31277.783203125
2014-07-10,31217.626953125
2014-07-11,31277.783203125
2014-07-14,31277.783203125
2014-07-15,31097.326171875
2014-07-16,31277.783203125
2014-07-17,31939.421875
2014-07-18,31879.26953125
2014-07-21,32119.873046875
2014-07-22,31999.5703125
2014-07-23,32180.025390625
2014-07-24,32360.474609375
2014-07-25,32480.7734375
2014-07-28,32781.515625
2014-07-29,33503.3125
2014-07-30,34586.0078125
2014-07-31,35247.65234375
2014-08-01,35548.3984375
2014-08-04,35608.546875
2014-08-05,35488.25
2014-08-06,35608.546875
2014-08-07,35969.44921875
2014-08-08,35608.546875
2014-08-11,35668.6953125
2014-08-12,36149.89453125
2014-08-13,36631.08984375
2014-08-14,36510.7890625
2014-08-18,36270.1953125
2014-08-19,36631.08984375
2014-08-20,37292.73828125
2014-08-21,37292.73828125
2014-08-22,37954.37890625
2014-08-25,37413.0390625
2014-08-26,37052.140625
2014-08-27,38074.6796875
2014-08-28,37834.08203125
2014-08-29,36811.5390625
2014-09-01,37533.3359375
2014-09-02,36991.9921875
2014-09-03,37413.0390625
2014-09-04,37292.73828125
2014-09-05,36210.0390625
2014-09-11,36991.9921875
2014-09-12,36991.9921875
2014-09-15,36330.34375
2014-09-16,35849.140625
2014-09-17,36330.34375
2014-09-18,36570.94140625
2014-09-19,36149.89453125
2014-09-22,35428.09765625
2014-09-23,37112.28515625
2014-09-24,37112.28515625
2014-09-25,37172.4375
2014-09-26,36691.23828125
2014-09-29,35728.84765625
2014-09-30,35788.9921875
2014-10-01,34946.90234375
2014-10-02,34225.109375
2014-10-06,34164.94921875
2014-10-07,35247.65234375
2014-10-08,35608.546875
2014-10-10,35067.203125
2014-10-13,36210.0390625
2014-10-14,36029.59375
2014-10-15,35428.09765625
2014-10-16,35548.3984375
2014-10-17,36149.89453125
2014-10-20,35428.09765625
2014-10-21,35548.3984375
2014-10-22,35548.3984375
2014-10-23,35067.203125
2014-10-24,35608.546875
2014-10-27,35367.94921875
2014-10-28,35067.203125
2014-10-29,35668.6953125
2014-10-30,36330.34375
2014-10-31,36029.59375
2014-11-03,33924.35546875
2014-11-04,32601.064453125
2014-11-05,34886.75390625
2014-11-06,33864.2109375
2014-11-07,34285.25390625
2014-11-10,33804.0625
2014-11-11,33743.91015625
2014-11-12,33984.51171875
2014-11-13,33202.56640625
2014-11-14,33443.16015625
2014-11-17,32480.7734375
2014-11-18,32841.6640625
2014-11-19,32360.474609375
2014-11-20,32781.515625
2014-11-21,33142.41796875
2014-11-24,33443.16015625
2014-11-25,34465.703125
2014-11-26,34164.94921875
2014-11-27,33864.2109375
2014-11-28,33503.3125
2014-12-01,32661.220703125
2014-12-02,33443.16015625
2014-12-03,33443.16015625
2014-12-04,32961.96484375
2014-12-05,33262.7109375
2014-12-08,32601.064453125
2014-12-09,32059.7265625
2014-12-10,32360.474609375
2014-12-11,31277.783203125
2014-12-12,32601.064453125
2014-12-15,32781.515625
2014-12-16,32480.7734375
2014-12-17,32901.81640625
2014-12-18,32721.365234375
2014-12-19,31939.421875
2014-12-22,33082.265625
2014-12-23,33563.46875
2014-12-24,34104.80859375
2014-12-26,34465.703125
2014-12-29,34249.71484375
2014-12-30,33941.16015625
2015-01-02,33879.44921875
2015-01-05,33385.7578125
2015-01-06,33324.05078125
2015-01-07,32892.07421875
2015-01-08,32953.78125
2015-01-09,33324.05078125
2015-01-12,32645.224609375
2015-01-13,32706.931640625
2015-01-14,32089.828125
2015-01-15,33077.203125
2015-01-16,32398.380859375
2015-01-19,32274.958984375
2015-01-20,32274.958984375
2015-01-21,32089.828125
2015-01-22,31534.419921875
2015-01-23,31472.71484375
2015-01-26,31966.40625
2015-01-27,31657.84375
2015-01-28,31966.40625
2015-01-29,32151.53515625
2015-01-30,32830.35546875
2015-02-02,32892.07421875
2015-02-03,33509.18359375
2015-02-04,34064.5859375
2015-02-05,32645.224609375
2015-02-06,32583.51171875
2015-02-09,32213.251953125
2015-02-10,32089.828125
2015-02-11,32274.958984375
2015-02-12,31102.44140625
2015-02-13,31719.55859375
2015-02-16,32028.111328125
2015-02-17,32521.796875
2015-02-23,33570.890625
2015-02-24,34373.13671875
2015-02-25,33570.890625
2015-02-26,32892.07421875
2015-02-27,32706.931640625
2015-03-02,32706.931640625
2015-03-03,32089.828125
2015-03-04,31904.6875
2015-03-05,31657.84375
2015-03-06,31411.0
2015-03-09,31472.71484375
2015-03-10,31225.8671875
2015-03-11,29744.798828125
2015-03-12,29559.6640625
2015-03-13,29929.9296875
2015-03-16,30207.6328125
2015-03-17,30485.333984375
2015-03-18,30732.177734375
2015-03-19,30361.912109375
2015-03-20,31040.734375
2015-03-23,30300.1953125
2015-03-24,30639.609375
2015-03-25,30238.494140625
2015-03-26,30701.326171875
2015-03-27,30670.46484375
2015-03-30,30516.185546875
2015-03-31,30516.185546875
2015-04-01,30207.6328125
2015-04-02,30485.333984375
2015-04-03,30793.890625
2015-04-06,30176.77734375
2015-04-07,29991.64453125
2015-04-08,29868.220703125
2015-04-09,28819.1328125
2015-04-10,29312.81640625
2015-04-13,29436.240234375
2015-04-14,30917.3125
2015-04-15,31411.0
2015-04-16,32089.828125
2015-04-17,32645.224609375
2015-04-20,32151.53515625
2015-04-21,31904.6875
2015-04-22,32089.828125
2015-04-23,32151.53515625
2015-04-24,32768.64453125
2015-04-27,32583.51171875
2015-04-28,32151.53515625
2015-04-29,32892.07421875
2015-04-30,33756.02734375
2015-05-04,34126.2890625
2015-05-06,33385.7578125
2015-05-07,32706.931640625
2015-05-08,32521.796875
2015-05-11,32706.931640625
2015-05-12,32213.251953125
2015-05-13,32336.671875
2015-05-14,32706.931640625
2015-05-15,32706.931640625
2015-05-18,31966.40625
2015-05-19,32336.671875
2015-05-20,32089.828125
2015-05-21,32089.828125
2015-05-22,32892.07421875
2015-05-26,33509.18359375
2015-05-27,31657.84375
2015-05-28,30979.01953125
2015-05-29,31719.55859375
2015-06-01,31040.734375
2015-06-02,30793.890625
2015-06-03,30855.59375
2015-06-04,30022.49609375
2015-06-05,29281.9609375
2015-06-08,29991.64453125
2015-06-09,30145.91796875
2015-06-10,30361.912109375
2015-06-11,31349.28515625
2015-06-12,30115.064453125
2015-06-15,30053.349609375
2015-06-16,29868.220703125
2015-06-17,29621.375
2015-06-18,30979.01953125
2015-06-19,33324.05078125
2015-06-22,33200.62890625
2015-06-23,33200.62890625
2015-06-24,35175.37890625
2015-06-25,34681.6953125
2015-06-26,35977.6328125
2015-06-29,35113.67578125
2015-06-30,34866.83203125
2015-07-01,35175.37890625
2015-07-02,34928.53515625
2015-07-03,35545.65234375
2015-07-06,34928.53515625
2015-07-07,36101.04296875
2015-07-08,34681.6953125
2015-07-09,34188.00390625
2015-07-10,34805.11328125
2015-07-13,34064.5859375
2015-07-14,34249.71484375
2015-07-15,33447.46484375
2015-07-16,34064.5859375
2015-07-17,32645.224609375
2015-07-20,33570.890625
2015-07-21,33447.46484375
2015-07-22,33509.18359375
2015-07-23,32892.07421875
2015-07-24,32274.958984375
2015-07-27,31966.40625
2015-07-28,33138.91796875
2015-07-29,31904.6875
2015-07-30,33138.91796875
2015-07-31,34249.71484375
2015-08-03,35113.67578125
2015-08-04,35730.7890625
2015-08-05,36286.18359375
2015-08-06,36224.47265625
2015-08-07,35792.49609375
2015-08-10,36903.30078125
2015-08-11,36965.0078125
2015-08-12,35977.6328125
2015-08-13,35360.515625
2015-08-14,35360.515625
2015-08-17,36101.04296875
2015-08-18,35360.515625
2015-08-19,37150.13671875
2015-08-20,35792.49609375
2015-08-21,35298.8046875
2015-08-24,33509.18359375
2015-08-25,31904.6875
2015-08-26,32645.224609375
2015-08-27,32521.796875
2015-08-28,33570.890625
2015-08-31,32830.35546875
2015-09-01,33756.02734375
2015-09-02,33447.46484375
2015-09-03,32830.35546875
2015-09-04,33077.203125
2015-09-07,33262.34375
2015-09-08,32460.087890625
2015-09-09,34188.00390625
2015-09-10,36347.89453125
2015-09-11,34928.53515625
2015-09-14,35360.515625
2015-09-15,36224.47265625
2015-09-16,36533.03125
2015-09-17,36903.30078125
2015-09-18,35298.8046875
2015-09-21,36101.04296875
2015-09-22,36656.453125
2015-09-23,36039.3359375
2015-09-24,36409.609375
2015-09-25,36471.3203125
2015-09-30,37828.9609375
2015-10-01,37767.25390625
2015-10-02,37458.6953125
2015-10-05,37890.671875
2015-10-06,38137.5234375
2015-10-07,38569.5
2015-10-08,37643.828125
2015-10-12,38075.80859375
2015-10-13,38199.234375
2015-10-14,37828.9609375
2015-10-15,39433.453125
2015-10-16,39001.48046875
2015-10-19,40297.41015625
2015-10-20,40605.96875
2015-10-21,40729.390625
2015-10-22,40297.41015625
2015-10-23,41408.21484375
2015-10-26,40914.5234375
2015-10-27,39927.14453125
2015-10-28,40976.23828125
2015-10-29,40976.23828125
2015-10-30,42210.4609375
2015-11-02,41716.76953125
2015-11-03,41655.0546875
2015-11-04,42272.171875
2015-11-05,42210.4609375
2015-11-06,40050.56640625
2015-11-09,40359.12890625
2015-11-10,40791.1015625
2015-11-11,40667.67578125
2015-11-12,42519.01953125
2015-11-13,42333.87890625
2015-11-16,42148.75
2015-11-17,42395.58984375
2015-11-18,40976.23828125
2015-11-19,37828.9609375
2015-11-20,38260.9453125
2015-11-23,38260.9453125
2015-11-24,38384.37109375
2015-11-25,39186.609375
2015-11-26,39063.1875
2015-11-27,39433.453125
2015-11-30,38322.6484375
2015-12-01,39803.7265625
2015-12-02,39310.03515625
2015-12-03,39495.171875
2015-12-04,39310.03515625
2015-12-07,39433.453125
2015-12-08,39371.7421875
2015-12-09,40544.25390625
2015-12-10,40050.56640625
2015-12-11,40667.67578125
2015-12-14,39988.859375
2015-12-15,40420.83203125
2015-12-16,41963.61328125
2015-12-17,42580.73046875
2015-12-18,42457.30859375
2015-12-21,42333.87890625
2015-12-22,44370.3515625
2015-12-23,44061.79296875
2015-12-24,44000.0859375
2015-12-28,43506.40234375
2015-12-29,44232.02734375
2015-12-30,44358.2265625
2016-01-04,43979.63671875
2016-01-05,43979.63671875
2016-01-06,43601.046875
2016-01-07,43664.1484375
2016-01-08,43853.4375
2016-01-11,42528.37109375
2016-01-12,43537.9453125
2016-01-13,43537.9453125
2016-01-14,44168.93359375
2016-01-15,44232.02734375
2016-01-18,42339.07421875
2016-01-19,42339.07421875
2016-01-20,41140.203125
2016-01-21,40319.92578125
2016-01-22,40950.90625
2016-01-25,40824.7109375
2016-01-26,41581.890625
2016-01-27,40824.7109375
2016-01-28,41266.40234375
2016-01-29,42906.9609375
2016-02-01,43159.3515625
2016-02-02,41644.98828125
2016-02-03,41014.0078125
2016-02-04,41834.28125
2016-02-05,42591.4609375
2016-02-11,41266.40234375
2016-02-12,41392.59765625
2016-02-15,41771.1875
2016-02-16,43222.45703125
2016-02-17,42023.58203125
2016-02-18,42339.07421875
2016-02-19,43853.4375
2016-02-22,42465.26953125
2016-02-23,42528.37109375
2016-02-24,42780.76171875
2016-02-25,42275.98046875
2016-02-26,43222.45703125
2016-02-29,42591.4609375
2016-03-02,43285.546875
2016-03-03,45115.40625
2016-03-04,45430.90234375
2016-03-07,44799.91015625
2016-03-08,45872.58984375
2016-03-09,45620.1953125
2016-03-10,46061.890625
2016-03-11,45430.90234375
2016-03-14,45494.00390625
2016-03-15,45620.1953125
2016-03-16,46061.890625
2016-03-17,46251.1796875
2016-03-18,46819.06640625
2016-03-21,45746.39453125
2016-03-22,45367.80078125
2016-03-23,46251.1796875
2016-03-24,46314.28125
2016-03-25,46061.890625
2016-03-28,48081.03515625
2016-03-29,47134.55859375
2016-03-30,46882.16015625
2016-03-31,47891.73828125
2016-04-01,47891.73828125
2016-04-04,46945.2578125
2016-04-05,46377.37109375
2016-04-06,47702.4453125
2016-04-07,46882.16015625
2016-04-08,46819.06640625
2016-04-11,46882.16015625
2016-04-12,46377.37109375
2016-04-14,47828.640625
2016-04-15,47260.76171875
2016-04-18,44736.81640625
2016-04-19,45367.80078125
2016-04-20,44295.12890625
2016-04-21,44736.81640625
2016-04-22,45620.1953125
2016-04-25,45178.5
2016-04-26,44673.71875
2016-04-27,44736.81640625
2016-04-28,44547.515625
2016-04-29,44232.02734375
2016-05-02,44232.02734375
2016-05-03,43727.24609375
2016-05-04,43664.1484375
2016-05-09,42843.859375
2016-05-10,43474.8515625
2016-05-11,44358.2265625
2016-05-12,44799.91015625
2016-05-13,45620.1953125
2016-05-16,45494.00390625
2016-05-17,44484.42578125
2016-05-18,45809.4921875
2016-05-19,45052.3046875
2016-05-20,44484.42578125
2016-05-23,44610.6171875
2016-05-24,44295.12890625
2016-05-25,46566.66796875
2016-05-26,45872.58984375
2016-05-27,45809.4921875
2016-05-30,46188.0859375
2016-05-31,45998.7890625
2016-06-01,45872.58984375
2016-06-02,45935.69140625
2016-06-03,45809.4921875
2016-06-07,46377.37109375
2016-06-08,47513.15625
2016-06-09,45998.7890625
2016-06-10,45998.7890625
2016-06-13,45746.39453125
2016-06-14,44926.11328125
2016-06-15,44547.515625
2016-06-16,43285.546875
2016-06-17,43537.9453125
2016-06-20,43727.24609375
2016-06-21,43979.63671875
2016-06-22,44421.328125
2016-06-23,45115.40625
2016-06-24,43979.63671875
2016-06-27,42906.9609375
2016-06-28,42843.859375
2016-06-29,43727.24609375
2016-06-30,43727.24609375
2016-07-01,43664.1484375
2016-07-04,41960.48046875
2016-07-05,41203.30078125
2016-07-06,40950.90625
2016-07-07,40950.90625
2016-07-08,40572.3203125
2016-07-11,40193.7265625
2016-07-12,41329.5
2016-07-13,41203.30078125
2016-07-14,40950.90625
2016-07-15,41960.48046875
2016-07-18,40698.515625
2016-07-19,40446.1171875
2016-07-20,40004.4296875
2016-07-21,39941.328125
2016-07-22,41392.59765625
2016-07-25,40572.3203125
2016-07-26,40383.0234375
2016-07-27,40319.92578125
2016-07-28,39057.953125
2016-07-29,40067.53125
2016-08-01,42970.05859375
2016-08-02,42339.07421875
2016-08-03,41960.48046875
2016-08-04,42023.58203125
2016-08-05,42528.37109375
2016-08-08,43096.25390625
2016-08-09,42717.66796875
2016-08-10,43096.25390625
2016-08-11,43916.54296875
2016-08-12,42843.859375
2016-08-16,43096.25390625
2016-08-17,43537.9453125
2016-08-18,43727.24609375
2016-08-19,42275.98046875
2016-08-22,40761.60546875
2016-08-23,41014.0078125
2016-08-24,40446.1171875
2016-08-25,40824.7109375
2016-08-26,41140.203125
2016-08-29,41518.80078125
2016-08-30,42528.37109375
2016-08-31,42591.4609375
2016-09-01,42528.37109375
2016-09-02,42086.67578125
2016-09-05,43033.15625
2016-09-06,43474.8515625
2016-09-07,43222.45703125
2016-09-08,44042.734375
2016-09-09,42843.859375
2016-09-12,43474.8515625
2016-09-13,42591.4609375
2016-09-19,42780.76171875
2016-09-20,42591.4609375
2016-09-21,42717.66796875
2016-09-22,42212.8828125
2016-09-23,42717.66796875
2016-09-26,42780.76171875
2016-09-27,42591.4609375
2016-09-28,42906.9609375
2016-09-29,43853.4375
2016-09-30,43033.15625
2016-10-04,42780.76171875
2016-10-05,41708.0859375
2016-10-06,40887.8125
2016-10-07,40761.60546875
2016-10-10,41960.48046875
2016-10-11,42212.8828125
2016-10-12,42212.8828125
2016-10-13,42339.07421875
2016-10-14,43285.546875
2016-10-17,43033.15625
2016-10-18,43853.4375
2016-10-19,43916.54296875
2016-10-20,44232.02734375
2016-10-21,44673.71875
2016-10-24,44926.11328125
2016-10-25,44673.71875
2016-10-26,43664.1484375
2016-10-27,44799.91015625
2016-10-28,44673.71875
2016-10-31,44863.015625
2016-11-01,44295.12890625
2016-11-02,44168.93359375
2016-11-03,44105.83203125
2016-11-04,44232.02734375
2016-11-07,44799.91015625
2016-11-08,43979.63671875
2016-11-09,43790.3359375
2016-11-10,46061.890625
2016-11-11,47260.76171875
2016-11-14,46377.37109375
2016-11-15,46819.06640625
2016-11-16,45052.3046875
2016-11-17,45494.00390625
2016-11-18,46061.890625
2016-11-21,46188.0859375
2016-11-22,46314.28125
2016-11-23,46755.96484375
2016-11-24,46503.5703125
2016-11-25,46314.28125
2016-11-28,45872.58984375
2016-11-29,46314.28125
2016-11-30,46061.890625
2016-12-01,45935.69140625
2016-12-02,45998.7890625
2016-12-05,45620.1953125
2016-12-06,45998.7890625
2016-12-07,44926.11328125
2016-12-08,44989.2109375
2016-12-09,43916.54296875
2016-12-12,44484.42578125
2016-12-13,44610.6171875
2016-12-14,44547.515625
2016-12-15,43853.4375
2016-12-16,43664.1484375
2016-12-19,44232.02734375
2016-12-20,43790.3359375
2016-12-21,40635.41796875
2016-12-22,40509.21484375
2016-12-23,40193.7265625
2016-12-26,40824.7109375
2016-12-27,40887.8125
2016-12-28,41049.67578125
2016-12-29,40466.953125
2017-01-02,40013.71875
2017-01-03,39431.00390625
2017-01-04,40531.69921875
2017-01-05,40661.19921875
2017-01-06,40790.6875
2017-01-09,40143.21484375
2017-01-10,40402.20703125
2017-01-11,39625.23828125
2017-01-12,39495.74609375
2017-01-13,39625.23828125
2017-01-16,39819.484375
2017-01-17,39754.734375
2017-01-18,40984.9296875
2017-01-19,39625.23828125
2017-01-20,39495.74609375
2017-01-23,39042.51953125
2017-01-24,38524.5390625
2017-01-25,38459.7890625
2017-01-26,38330.3046875
2017-01-31,38265.5546875
2017-02-01,38848.2734375
2017-02-02,39042.51953125
2017-02-03,39884.23046875
2017-02-06,40596.44921875
2017-02-07,41308.66796875
2017-02-08,41502.90625
2017-02-09,41697.15234375
2017-02-10,41697.15234375
2017-02-13,42020.88671875
2017-02-14,41114.4296875
2017-02-15,41697.15234375
2017-02-16,40078.47265625
2017-02-17,40790.6875
2017-02-20,40272.7109375
2017-02-21,39884.23046875
2017-02-22,39560.4921875
2017-02-23,38654.03125
2017-02-24,38977.76953125
2017-02-27,38913.01953125
2017-02-28,39560.4921875
2017-03-02,39495.74609375
2017-03-03,40143.21484375
2017-03-06,39819.484375
2017-03-07,39948.9765625
2017-03-08,40337.4609375
2017-03-09,39754.734375
2017-03-10,40143.21484375
2017-03-13,40402.20703125
2017-03-14,41179.16796875
2017-03-15,40855.4375
2017-03-16,41114.4296875
2017-03-17,40920.18359375
2017-03-20,40661.19921875
2017-03-21,39948.9765625
2017-03-22,39948.9765625
2017-03-23,40013.71875
2017-03-24,40790.6875
2017-03-27,40207.96484375
2017-03-28,40402.20703125
2017-03-29,40337.4609375
2017-03-30,40790.6875
2017-03-31,41438.1640625
2017-04-03,41567.65234375
2017-04-04,41243.91796875
2017-04-05,41826.640625
2017-04-06,42409.37109375
2017-04-07,42668.35546875
2017-04-10,42020.88671875
2017-04-11,42020.88671875
2017-04-12,42085.62890625
2017-04-13,43704.30859375
2017-04-14,43315.83203125
2017-04-17,44675.515625
2017-04-18,44675.515625
2017-04-19,44805.01171875
2017-04-20,44675.515625
2017-04-21,44546.01953125
2017-04-24,44222.2890625
2017-04-25,44222.2890625
2017-04-26,43898.546875
2017-04-27,43898.546875
2017-04-28,44028.05078125
2017-05-02,44287.03125
2017-05-04,45193.49609375
2017-05-08,45193.49609375
2017-05-10,44869.76171875
2017-05-11,45517.234375
2017-05-12,44028.05078125
2017-05-15,44416.52734375
2017-05-16,44805.01171875
2017-05-17,44610.76953125
2017-05-18,43510.0703125
2017-05-19,43639.55859375
2017-05-22,43056.83984375
2017-05-23,43639.55859375
2017-05-24,44351.78125
2017-05-25,43963.296875
2017-05-26,43769.0625
2017-05-29,43963.296875
2017-05-30,44092.796875
2017-05-31,43833.8046875
2017-06-01,45128.75390625
2017-06-02,46099.95703125
2017-06-05,45970.45703125
2017-06-07,46747.4296875
2017-06-08,46229.4453125
2017-06-09,45776.21484375
2017-06-12,45776.21484375
2017-06-13,46294.1953125
2017-06-14,46358.94140625
2017-06-15,45840.96875
2017-06-16,45646.7265625
2017-06-19,45064.00390625
2017-06-20,44416.52734375
2017-06-21,43251.08203125
2017-06-22,43769.0625
2017-06-23,43704.30859375
2017-06-26,43445.3203125
2017-06-27,43056.83984375
2017-06-28,43251.08203125
2017-06-29,44546.01953125
2017-06-30,44028.05078125
2017-07-03,45517.234375
2017-07-04,45840.96875
2017-07-05,46099.95703125
2017-07-06,46358.94140625
2017-07-07,47330.15234375
2017-07-10,48948.828125
2017-07-11,49984.77734375
2017-07-12,50502.76171875
2017-07-13,50891.2421875
2017-07-14,50761.7578125
2017-07-17,51797.703125
2017-07-18,51603.45703125
2017-07-19,51862.44921875
2017-07-20,51150.23046875
2017-07-21,52121.44140625
2017-07-24,52574.6640625
2017-07-25,51927.203125
2017-07-26,51991.9375
2017-07-27,52445.17578125
2017-07-28,52380.42578125
2017-07-31,51862.44921875
2017-08-01,53999.109375
2017-08-02,54258.09375
2017-08-03,54193.3515625
2017-08-04,53027.89453125
2017-08-07,53740.11328125
2017-08-08,53027.89453125
2017-08-09,52768.90234375
2017-08-10,52704.16015625
2017-08-11,51862.44921875
2017-08-14,51150.23046875
2017-08-16,51797.703125
2017-08-17,52445.17578125
2017-08-18,51020.734375
2017-08-21,49855.2890625
2017-08-22,50502.76171875
2017-08-23,50373.265625
2017-08-24,51344.4609375
2017-08-25,52315.6875
2017-08-28,50567.51171875
2017-08-29,50243.77734375
2017-08-30,49661.0390625
2017-08-31,48689.83984375
2017-09-01,47912.87109375
2017-09-04,47912.87109375
2017-09-05,46099.95703125
2017-09-06,45322.9921875
2017-09-07,45776.21484375
2017-09-08,46941.66796875
2017-09-11,46358.94140625
2017-09-12,46617.9296875
2017-09-13,45258.2421875
2017-09-14,45970.45703125
2017-09-15,46229.4453125
2017-09-18,46876.921875
2017-09-19,46099.95703125
2017-09-20,45905.7109375
2017-09-21,45711.46875
2017-09-25,47394.8984375
2017-09-26,47394.8984375
2017-09-27,46423.69140625
2017-09-28,47589.1328125
2017-09-29,47265.40234375
2017-10-10,48366.1015625
2017-10-11,47977.6171875
2017-10-12,49790.53515625
2017-10-13,49272.55859375
2017-10-16,49402.0625
2017-10-17,49725.7890625
2017-10-18,48042.3671875
2017-10-19,48236.609375
2017-10-20,48754.58984375
2017-10-23,48236.609375
2017-10-24,47912.87109375
2017-10-25,48819.3359375
2017-10-26,48366.1015625
2017-10-27,48754.58984375
2017-10-30,47006.4140625
2017-10-31,45646.7265625
2017-11-01,45581.98046875
2017-11-02,45193.49609375
2017-11-03,45581.98046875
2017-11-06,45258.2421875
2017-11-07,44546.01953125
2017-11-08,44740.26171875
2017-11-09,44481.27734375
2017-11-10,44157.54296875
2017-11-13,44028.05078125
2017-11-14,43251.08203125
2017-11-15,43639.55859375
2017-11-16,43833.8046875
2017-11-17,44092.796875
2017-11-20,43121.5859375
2017-11-21,43186.33203125
2017-11-22,42927.34375
2017-11-23,42927.34375
2017-11-24,42927.34375
2017-11-27,43380.57421875
2017-11-28,42927.34375
2017-11-29,43704.30859375
2017-11-30,44351.78125
2017-12-01,43704.30859375
2017-12-04,44287.03125
2017-12-05,43833.8046875
2017-12-06,44869.76171875
2017-12-07,44546.01953125
2017-12-08,44481.27734375
2017-12-11,44934.5078125
2017-12-12,44157.54296875
2017-12-13,45517.234375
2017-12-14,45646.7265625
2017-12-15,46035.20703125
2017-12-18,45258.2421875
2017-12-19,45193.49609375
2017-12-21,45840.96875
2017-12-22,46294.1953125
2017-12-26,47265.40234375
2017-12-27,47198.54296875
2017-12-28,47599.66796875
2018-01-02,46997.9921875
2018-01-03,46128.890625
2018-01-04,44925.53125
2018-01-05,45059.234375
2018-01-08,45192.9453125
2018-01-09,45460.359375
2018-01-10,46797.4296875
2018-01-11,46062.0390625
2018-01-12,47867.08203125
2018-01-15,48936.73828125
2018-01-16,48869.890625
2018-01-17,48535.62109375
2018-01-18,47933.93359375
2018-01-19,48067.64453125
2018-01-22,47666.51953125
2018-01-23,48602.47265625
2018-01-24,48268.203125
2018-01-25,47733.37109375
2018-01-26,47265.3984375
2018-01-29,48000.7890625
2018-01-30,47532.8125
2018-01-31,48401.91015625
2018-02-01,49939.54296875
2018-02-02,49471.56640625
2018-02-05,48869.890625
2018-02-06,47198.54296875
2018-02-07,47131.69921875
2018-02-08,46797.4296875
2018-02-09,45527.21484375
2018-02-12,45861.4765625
2018-02-13,45192.9453125
2018-02-14,45126.0859375
2018-02-19,46128.890625
2018-02-20,44992.3828125
2018-02-21,46596.87109375
2018-02-22,45527.21484375
2018-02-23,47064.84375
2018-02-26,46931.13671875
2018-02-27,46596.87109375
2018-02-28,46463.16015625
2018-03-02,46396.3046875
2018-03-05,45393.50390625
2018-03-06,44791.8203125
2018-03-07,44724.96875
2018-03-08,45660.921875
2018-03-09,45527.21484375
2018-03-12,45995.18359375
2018-03-13,45594.06640625
2018-03-14,45393.50390625
2018-03-15,44925.53125
2018-03-16,44858.67578125
2018-03-19,44658.1171875
2018-03-20,44658.1171875
2018-03-21,44724.96875
2018-03-22,45259.80078125
2018-03-23,43989.58203125
2018-03-26,43387.8984375
2018-03-27,43254.19140625
2018-03-28,43588.4609375
2018-03-29,44123.2890625
2018-03-30,43454.75
2018-04-02,42652.51171875
2018-04-03,41248.58984375
2018-04-04,41382.30078125
2018-04-05,40981.17578125
2018-04-06,40446.34765625
2018-04-09,40780.61328125
2018-04-10,40245.7890625
2018-04-11,39309.83984375
2018-04-12,39309.83984375
2018-04-13,39777.81640625
2018-04-16,39978.37109375
2018-04-17,40446.34765625
2018-04-18,40713.765625
2018-04-19,40045.23046875
2018-04-20,40379.49609375
2018-04-23,41917.125
2018-04-24,41917.125
2018-04-25,42184.5390625
2018-04-26,41983.9765625
2018-04-27,41382.30078125
2018-04-30,42050.83203125
2018-05-02,41716.56640625
2018-05-03,42184.5390625
2018-05-04,41315.44140625
2018-05-08,41114.88671875
2018-05-09,40981.17578125
2018-05-10,39978.37109375
2018-05-11,41048.02734375
2018-05-14,41114.88671875
2018-05-15,40646.90625
2018-05-16,41315.44140625
2018-05-17,40446.34765625
2018-05-18,40513.19921875
2018-05-21,41048.02734375
2018-05-23,39911.51953125
2018-05-24,40112.08203125
2018-05-25,40245.7890625
2018-05-28,39644.10546875
2018-05-29,39443.546875
2018-05-30,38240.18359375
2018-05-31,39109.27734375
2018-06-01,39109.27734375
2018-06-04,40245.7890625
2018-06-05,40780.61328125
2018-06-07,41181.73828125
2018-06-08,40847.47265625
2018-06-11,40780.61328125
2018-06-12,40847.47265625
2018-06-14,40245.7890625
2018-06-15,40112.08203125
2018-06-18,42184.5390625
2018-06-19,43722.16796875
2018-06-20,42451.95703125
2018-06-21,40446.34765625
2018-06-22,40513.19921875
2018-06-25,40245.7890625
2018-06-26,39911.51953125
2018-06-27,39844.66796875
2018-06-28,39577.25390625
2018-06-29,39443.546875
2018-07-02,38307.03515625
2018-07-03,39644.10546875
2018-07-04,40513.19921875
2018-07-05,40178.93359375
2018-07-06,41382.30078125
2018-07-09,42184.5390625
2018-07-10,41516.00390625
2018-07-11,40713.765625
2018-07-12,40847.47265625
2018-07-13,41114.88671875
2018-07-16,40312.64453125
2018-07-17,40245.7890625
2018-07-18,40379.49609375
2018-07-19,39710.95703125
2018-07-20,40580.0546875
2018-07-23,41983.9765625
2018-07-24,42451.95703125
2018-07-25,42050.83203125
2018-07-26,40847.47265625
2018-07-27,41181.73828125
2018-07-30,42719.37109375
2018-07-31,43120.4921875
2018-08-01,43789.0234375
2018-08-02,42652.51171875
2018-08-03,43454.75
2018-08-06,45460.359375
2018-08-07,45527.21484375
2018-08-08,44256.9921875
2018-08-09,44256.9921875
2018-08-10,45192.9453125
2018-08-13,44925.53125
2018-08-14,45527.21484375
2018-08-16,45660.921875
2018-08-17,45594.06640625
2018-08-20,45794.625
2018-08-21,45326.6484375
2018-08-22,44791.8203125
2018-08-23,44992.3828125
2018-08-24,44190.14453125
2018-08-27,42318.2421875
2018-08-28,42719.37109375
2018-08-29,42318.2421875
2018-08-30,42050.83203125
2018-08-31,42786.22265625
2018-09-03,42318.2421875
2018-09-04,42652.51171875
2018-09-05,42719.37109375
2018-09-06,43120.4921875
2018-09-07,43120.4921875
2018-09-10,42786.22265625
2018-09-11,42652.51171875
2018-09-12,42585.66015625
2018-09-13,41716.56640625
2018-09-14,41983.9765625
2018-09-17,42050.83203125
2018-09-18,41850.26953125
2018-09-19,42853.07421875
2018-09-20,43521.61328125
2018-09-21,44591.26171875
2018-09-27,47800.2265625
2018-09-28,48669.328125
2018-10-01,49271.00390625
2018-10-02,48201.35546875
2018-10-04,48803.03515625
2018-10-05,48936.73828125
2018-10-08,47465.95703125
2018-10-10,47800.2265625
2018-10-11,46596.87109375
2018-10-12,47064.84375
2018-10-15,47867.08203125
2018-10-16,46864.28125
2018-10-17,47198.54296875
2018-10-18,46530.015625
2018-10-19,47933.93359375
2018-10-22,48535.62109375
2018-10-23,47933.93359375
2018-10-24,48669.328125
2018-10-25,48602.47265625
2018-10-26,47933.93359375
2018-10-29,47666.51953125
2018-10-30,45527.21484375
2018-10-31,48000.7890625
2018-11-01,45192.9453125
2018-11-02,45059.234375
2018-11-05,45460.359375
2018-11-06,46596.87109375
2018-11-07,45594.06640625
2018-11-08,45928.33203125
2018-11-09,46931.13671875
2018-11-12,49605.2734375
2018-11-13,49538.41796875
2018-11-14,49070.4453125
2018-11-15,48736.1875
2018-11-16,48134.49609375
2018-11-19,48201.35546875
2018-11-20,48736.1875
2018-11-21,48401.91015625
2018-11-22,48736.1875
2018-11-23,47867.08203125
2018-11-26,47131.69921875
2018-11-27,47131.69921875
2018-11-28,45527.21484375
2018-11-29,45995.18359375
2018-11-30,45259.80078125
2018-12-03,44791.8203125
2018-12-04,45527.21484375
2018-12-05,47064.84375
2018-12-06,46596.87109375
2018-12-07,46396.3046875
2018-12-10,46062.0390625
2018-12-11,46530.015625
2018-12-12,47465.95703125
2018-12-13,47666.51953125
2018-12-14,47867.08203125
2018-12-17,47532.8125
2018-12-18,47131.69921875
2018-12-19,47733.37109375
2018-12-20,48736.1875
2018-12-21,49471.56640625
2018-12-24,49471.56640625
2018-12-26,48201.35546875
2018-12-27,48820.1953125
2018-12-28,48407.63671875
2019-01-02,47788.7890625
2019-01-03,47788.7890625
2019-01-04,48613.91015625
2019-01-07,47032.41796875
2019-01-08,47238.6953125
2019-01-09,46001.00390625
2019-01-10,46619.84765625
2019-01-11,46207.28515625
2019-01-14,45244.6328125
2019-01-15,46138.52734375
2019-01-16,47169.93359375
2019-01-17,47101.1796875
2019-01-18,47101.1796875
2019-01-21,46688.609375
2019-01-22,46551.0859375
2019-01-23,46413.56640625
2019-01-24,47307.45703125
2019-01-25,46551.0859375
2019-01-28,46894.89453125
2019-01-29,46963.65625
2019-01-30,47720.0234375
2019-01-31,47788.7890625
2019-02-01,48613.91015625
2019-02-07,47995.06640625
2019-02-08,48613.91015625
2019-02-11,48476.39453125
2019-02-12,48613.91015625
2019-02-13,49301.51953125
2019-02-14,49782.84765625
2019-02-15,48888.953125
2019-02-18,49439.04296875
2019-02-19,49370.28125
2019-02-20,50264.17578125
2019-02-21,49576.56640625
2019-02-22,49576.56640625
2019-02-25,50539.21484375
2019-02-26,50470.45703125
2019-02-27,49851.61328125
2019-02-28,49851.61328125
2019-03-04,49370.28125
2019-03-05,49714.09375
2019-03-06,49370.28125
2019-03-07,48545.15234375
2019-03-08,47720.0234375
2019-03-11,47995.06640625
2019-03-12,48132.58984375
2019-03-13,47101.1796875
2019-03-14,48063.828125
2019-03-15,49095.234375
2019-03-18,49851.61328125
2019-03-19,50126.65625
2019-03-20,50126.65625
2019-03-21,48545.15234375
2019-03-22,48545.15234375
2019-03-25,48201.35546875
2019-03-26,48751.4296875
2019-03-27,48407.63671875
2019-03-28,47995.06640625
2019-03-29,47238.6953125
2019-04-01,47720.0234375
2019-04-02,47101.1796875
2019-04-03,47857.546875
2019-04-04,47995.06640625
2019-04-05,47307.45703125
2019-04-08,47169.93359375
2019-04-09,46688.609375
2019-04-10,47376.21875
2019-04-11,46482.328125
2019-04-12,47376.21875
2019-04-15,47444.98046875
2019-04-16,47720.0234375
2019-04-17,47513.7421875
2019-04-18,47376.21875
2019-04-19,46138.52734375
2019-04-22,45794.71875
2019-04-23,46688.609375
2019-04-24,46894.89453125
2019-04-25,47720.0234375
2019-04-26,47307.45703125
2019-04-29,47788.7890625
2019-04-30,47032.41796875
2019-05-02,47376.21875
2019-05-03,47376.21875
2019-05-07,47857.546875
2019-05-08,47307.45703125
2019-05-09,46276.046875
2019-05-10,46276.046875
2019-05-13,43456.84765625
2019-05-14,42287.921875
2019-05-15,42631.72265625
2019-05-16,42150.3984375
2019-05-17,40981.4609375
2019-05-20,41669.0703125
2019-05-21,41806.58984375
2019-05-22,41600.3125
2019-05-23,41531.546875
2019-05-24,42425.44140625
2019-05-27,42150.3984375
2019-05-28,42838.0
2019-05-29,42219.15625
2019-05-30,42631.72265625
2019-05-31,42287.921875
2019-06-03,43525.609375
2019-06-04,43800.65234375
2019-06-05,42150.3984375
2019-06-07,41600.3125
2019-06-10,42975.5234375
2019-06-11,42631.72265625
2019-06-12,42494.203125
2019-06-13,42769.24609375
2019-06-14,42906.765625
2019-06-17,42562.95703125
2019-06-18,42356.68359375
2019-06-19,41944.11328125
2019-06-20,41394.02734375
2019-06-21,42081.6328125
2019-06-24,41875.3515625
2019-06-25,41118.984375
2019-06-26,41531.546875
2019-06-27,41050.21875
2019-06-28,40775.171875
2019-07-01,40775.171875
2019-07-02,39537.484375
2019-07-03,36855.81640625
2019-07-04,37887.22265625
2019-07-05,37818.46484375
2019-07-08,38162.26171875
2019-07-09,37268.37890625
2019-07-10,36030.68359375
2019-07-11,36649.52734375
2019-07-12,36649.52734375
2019-07-15,36305.72265625
2019-07-16,37062.09765625
2019-07-17,36374.484375
2019-07-18,36443.2421875
2019-07-19,37474.65625
2019-07-22,36924.578125
2019-07-23,37337.140625
2019-07-24,37543.4140625
2019-07-25,37405.8984375
2019-07-26,37749.703125
2019-07-29,38024.7421875
2019-07-30,37887.22265625
2019-07-31,38574.83203125
2019-08-01,37612.1796875
2019-08-02,36993.3359375
2019-08-05,36855.81640625
2019-08-06,36374.484375
2019-08-07,35343.06640625
2019-08-08,36580.765625
2019-08-09,35961.91796875
2019-08-12,33383.38671875
2019-08-13,34380.41796875
2019-08-14,33245.8671875
2019-08-16,33486.52734375
2019-08-19,33142.7265625
2019-08-20,32351.98046875
2019-08-21,33039.5859375
2019-08-22,33555.2890625
2019-08-23,32902.06640625
2019-08-26,32730.15625
2019-08-27,32489.5
2019-08-28,32592.63671875
2019-08-29,32455.119140625
2019-08-30,32936.4453125
2019-09-02,33142.7265625
2019-09-03,32833.3046875
2019-09-04,33211.484375
2019-09-05,33073.96484375
2019-09-06,33486.52734375
2019-09-09,34174.140625
2019-09-10,34930.5078125
2019-09-11,35136.78515625
2019-09-16,35824.3984375
2019-09-17,35480.58984375
2019-09-18,36443.2421875
2019-09-19,35136.78515625
2019-09-20,35205.55078125
2019-09-23,35343.06640625
2019-09-24,35068.03125
2019-09-25,36099.4375
2019-09-26,35205.55078125
2019-09-27,35893.16015625
2019-09-30,35480.58984375
2019-10-01,35755.6328125
2019-10-02,34724.22265625
2019-10-04,33795.953125
2019-10-07,34242.8984375
2019-10-08,34586.703125
2019-10-10,33692.8125
2019-10-11,35755.6328125
2019-10-14,36580.765625
2019-10-15,36718.2890625
2019-10-16,36924.578125
2019-10-17,36924.578125
2019-10-18,35961.91796875
2019-10-21,36443.2421875
2019-10-22,36787.05078125
2019-10-23,36168.203125
2019-10-24,35755.6328125
2019-10-25,36030.68359375
2019-10-28,35343.06640625
2019-10-29,35618.109375
2019-10-30,34999.26171875
2019-10-31,34724.22265625
2019-11-01,34311.6640625
2019-11-04,35755.6328125
2019-11-05,35961.91796875
2019-11-06,35411.8359375
2019-11-07,37474.65625
2019-11-08,37268.37890625
2019-11-11,37955.98828125
2019-11-12,37887.22265625
2019-11-13,36443.2421875
2019-11-14,35961.91796875
2019-11-15,37818.46484375
2019-11-18,37818.46484375
2019-11-19,37749.703125
2019-11-20,36924.578125
2019-11-21,37062.09765625
2019-11-22,37612.1796875
2019-11-25,37749.703125
2019-11-26,37474.65625
2019-11-27,39468.72265625
2019-11-28,39331.19921875
2019-11-29,38299.7890625
2019-12-02,39193.6796875
2019-12-03,38299.7890625
2019-12-04,38162.26171875
2019-12-05,38368.546875
2019-12-06,38437.3125
2019-12-09,38368.546875
2019-12-10,37887.22265625
2019-12-11,37543.4140625
2019-12-12,40912.6953125
2019-12-13,40500.13671875
2019-12-16,38918.6328125
2019-12-17,39606.2421875
2019-12-18,40156.33203125
2019-12-19,39468.72265625
2019-12-20,37680.94140625
2019-12-23,37543.4140625
2019-12-24,37474.65625
2019-12-26,37474.65625
2019-12-27,37333.2421875
2019-12-30,36979.70703125
2020-01-02,35424.15625
2020-01-03,35919.10546875
2020-01-06,35494.8671875
2020-01-07,35176.68359375
2020-01-08,34328.203125
2020-01-09,33868.609375
2020-01-10,33515.0703125
2020-01-13,33939.31640625
2020-01-14,34257.49609375
2020-01-15,34045.375
2020-01-16,34045.375
2020-01-17,33585.78125
2020-01-20,33479.71875
2020-01-21,32949.4140625
2020-01-22,32171.640625
2020-01-23,31464.5703125
2020-01-28,30333.26171875
2020-01-29,30545.384765625
2020-01-30,30085.7890625
2020-01-31,30050.435546875
2020-02-03,30085.7890625
2020-02-04,30686.79296875
2020-02-05,31252.451171875
2020-02-06,32100.931640625
2020-02-07,31853.45703125
2020-02-10,31818.103515625
2020-02-11,32136.283203125
2020-02-12,32136.283203125
2020-02-13,31252.451171875
2020-02-14,30757.501953125
2020-02-17,30651.439453125
2020-02-18,30333.26171875
2020-02-19,29732.25
2020-02-20,30545.384765625
2020-02-21,30227.201171875
2020-02-24,30616.0859375
2020-02-25,30474.677734375
2020-02-26,29802.958984375
2020-02-27,30934.26953125
2020-02-28,30616.0859375
2020-03-02,29414.07421875
2020-03-03,29308.013671875
2020-03-04,28742.35546875
2020-03-05,28813.05859375
2020-03-06,27611.046875
2020-03-09,27611.046875
2020-03-10,24747.416015625
2020-03-11,24287.818359375
2020-03-12,24287.818359375
2020-03-13,21459.544921875
2020-03-16,21176.71484375
2020-03-17,19621.1640625
2020-03-18,18489.853515625
2020-03-19,16828.2421875
2020-03-20,20222.173828125
2020-03-23,19974.69921875
2020-03-24,20363.5859375
2020-03-25,22131.259765625
2020-03-26,22520.1484375
2020-03-27,23227.216796875
2020-03-30,23580.751953125
2020-03-31,24570.6484375
2020-04-01,22873.68359375
2020-04-02,24535.294921875
2020-04-03,24641.35546875
2020-04-06,24888.830078125
2020-04-07,25136.30078125
2020-04-08,24782.771484375
2020-04-09,25313.0703125
2020-04-10,26338.322265625
2020-04-13,26444.380859375
2020-04-14,27575.69140625
2020-04-16,26727.2109375
2020-04-17,26656.501953125
2020-04-20,26585.794921875
2020-04-21,28176.701171875
2020-04-22,29201.947265625
2020-04-23,30474.677734375
2020-04-24,30050.435546875
2020-04-27,31888.80859375
2020-04-28,31747.396484375
2020-04-29,31217.09765625
2020-05-04,30686.79296875
2020-05-06,31499.921875
2020-05-07,31040.330078125
2020-05-08,31924.166015625
2020-05-11,32666.587890625
2020-05-12,32065.58203125
2020-05-13,33373.66015625
2020-05-14,34080.7265625
2020-05-15,35989.80859375
2020-05-18,36696.87890625
2020-05-19,34151.43359375
2020-05-20,33868.609375
2020-05-21,32489.818359375
2020-05-22,32489.818359375
2020-05-25,32737.29296875
2020-05-26,33020.12109375
2020-05-27,32631.23046875
2020-05-28,31994.87109375
2020-05-29,30686.79296875
2020-06-01,31181.744140625
2020-06-02,33161.53515625
2020-06-03,33479.71875
2020-06-04,33903.9609375
2020-06-05,33797.8984375
2020-06-08,34222.14453125
2020-06-09,35565.5703125
2020-06-10,35777.6953125
2020-06-11,33903.9609375
2020-06-12,32454.46875
2020-06-15,32206.994140625
2020-06-16,32242.34375
2020-06-17,31429.21875
2020-06-18,31641.333984375
2020-06-19,31252.451171875
2020-06-22,30898.91796875
2020-06-23,31111.03515625
2020-06-24,31111.03515625
2020-06-25,30191.84765625
2020-06-26,30333.26171875
2020-06-29,29201.947265625
2020-06-30,30297.908203125
2020-07-01,31499.921875
2020-07-02,32136.283203125
2020-07-03,32030.224609375
2020-07-06,32595.876953125
2020-07-07,32277.6953125
2020-07-08,32808.00390625
2020-07-09,33161.53515625
2020-07-10,32171.640625
2020-07-13,33161.53515625
2020-07-14,33868.609375
2020-07-15,33903.9609375
2020-07-16,34752.44140625
2020-07-17,33903.9609375
2020-07-20,32843.35546875
2020-07-21,33232.2421875
2020-07-22,33196.890625
2020-07-23,32454.46875
2020-07-24,32383.763671875
2020-07-27,32595.876953125
2020-07-28,32949.4140625
2020-07-29,32878.70703125
2020-07-30,32949.4140625
2020-07-31,33302.953125
2020-08-03,32313.056640625
2020-08-04,32631.23046875
2020-08-05,32313.056640625
2020-08-06,32737.29296875
2020-08-07,32242.34375
2020-08-10,31358.509765625
2020-08-11,34434.2578125
2020-08-12,34964.5625
2020-08-13,34858.50390625
2020-08-14,34292.84765625
2020-08-18,32454.46875
2020-08-19,33974.66796875
2020-08-20,31888.80859375
2020-08-21,31959.51953125
2020-08-24,31712.044921875
2020-08-25,32313.056640625
2020-08-26,31782.75
2020-08-27,31464.5703125
2020-08-28,31358.509765625
2020-08-31,30863.5625
2020-09-01,31888.80859375
2020-09-02,32136.283203125
2020-09-03,31393.86328125
2020-09-04,30792.857421875
2020-09-07,30898.91796875
2020-09-08,31111.03515625
2020-09-09,31570.6328125
2020-09-10,31111.03515625
2020-09-11,31924.166015625
2020-09-14,32595.876953125
2020-09-15,32171.640625
2020-09-16,32313.056640625
2020-09-17,32348.41015625
2020-09-18,32313.056640625
2020-09-21,31747.396484375
2020-09-22,31358.509765625
2020-09-23,31252.451171875
2020-09-24,32313.056640625
2020-09-25,31499.921875
2020-09-28,31252.451171875
2020-09-29,31959.51953125
2020-10-05,32419.111328125
2020-10-06,32984.76953125
2020-10-07,33515.0703125
2020-10-08,33020.12109375
2020-10-12,32666.587890625
2020-10-13,32100.931640625
2020-10-14,31888.80859375
2020-10-15,31393.86328125
2020-10-16,31429.21875
2020-10-19,31853.45703125
2020-10-20,32030.224609375
2020-10-21,32313.056640625
2020-10-22,33479.71875
2020-10-23,33939.31640625
2020-10-26,33338.3046875
2020-10-27,32560.5234375
2020-10-28,32701.939453125
2020-10-29,31959.51953125
2020-10-30,31287.806640625
2020-11-02,31888.80859375
2020-11-03,32772.64453125
2020-11-04,32171.640625
2020-11-05,32454.46875
2020-11-06,32171.640625
2020-11-09,32525.171875
2020-11-10,33373.66015625
2020-11-11,34080.7265625
2020-11-12,33267.6015625
2020-11-13,32737.29296875
2020-11-16,33090.83203125
2020-11-17,32206.994140625
2020-11-18,32383.763671875
2020-11-19,32206.994140625
2020-11-20,32277.6953125
2020-11-23,32843.35546875
2020-11-24,32878.70703125
2020-11-25,32737.29296875
2020-11-26,32171.640625
2020-11-27,31676.69140625
2020-11-30,31111.03515625
2020-12-01,31217.09765625
2020-12-02,31712.044921875
2020-12-03,31535.279296875
2020-12-04,31641.333984375
2020-12-07,31252.451171875
2020-12-08,31075.681640625
2020-12-09,30898.91796875
2020-12-10,31181.744140625
2020-12-11,31217.09765625
2020-12-14,31605.984375
2020-12-15,32348.41015625
2020-12-16,32348.41015625
2020-12-17,31782.75
2020-12-18,31782.75
2020-12-21,32030.224609375
2020-12-22,31641.333984375
2020-12-23,31535.279296875
2020-12-24,31818.103515625
2020-12-28,31888.80859375
2020-12-29,32446.30859375
2020-12-30,32520.64453125
2021-01-04,31777.310546875
2021-01-05,31925.978515625
2021-01-06,31665.81640625
2021-01-07,32446.30859375
2021-01-08,32557.806640625
2021-01-11,31777.310546875
2021-01-12,31740.1484375
2021-01-13,32148.978515625
2021-01-14,32223.3125
2021-01-15,32074.646484375
2021-01-18,31219.81640625
2021-01-19,31219.81640625
2021-01-20,30067.662109375
2021-01-21,30699.484375
2021-01-22,29733.158203125
2021-01-25,30141.9921875
2021-01-26,29584.490234375
2021-01-27,28952.666015625
2021-01-28,28135.00390625
2021-01-29,27354.505859375
2021-02-01,27949.169921875
2021-02-02,28246.498046875
2021-02-03,28135.00390625
2021-02-04,27689.005859375
2021-02-05,28283.666015625
2021-02-08,28729.662109375
2021-02-09,29101.330078125
2021-02-10,28952.666015625
2021-02-15,28692.498046875
2021-02-16,28766.830078125
2021-02-17,29249.994140625
2021-02-18,28543.83203125
2021-02-19,28246.498046875
2021-02-22,30030.4921875
2021-02-23,30253.48828125
2021-02-24,29435.826171875
2021-02-25,30810.986328125
2021-02-26,30773.818359375
2021-03-02,31256.982421875
2021-03-03,32074.646484375
2021-03-04,31517.14453125
2021-03-05,32334.810546875
2021-03-08,32892.30859375
2021-03-09,32855.140625
2021-03-10,33078.140625
2021-03-11,32632.142578125
2021-03-12,32000.314453125
2021-03-15,33115.3046875
2021-03-16,33189.63671875
2021-03-17,33078.140625
2021-03-18,33078.140625
2021-03-19,33970.13671875
2021-03-22,33672.80078125
2021-03-23,33561.3046875
2021-03-24,33078.140625
2021-03-25,33672.80078125
2021-03-26,33821.46875
2021-03-29,34193.12890625
2021-03-30,34564.796875
2021-03-31,35159.46484375
2021-04-01,35085.12890625
2021-04-02,34564.796875
2021-04-05,34601.9609375
2021-04-06,34453.296875
2021-04-07,34378.96875
2021-04-08,34378.96875
2021-04-09,34267.4609375
2021-04-12,34341.796875
2021-04-13,33301.140625
2021-04-14,33598.47265625
2021-04-15,33821.46875
2021-04-16,33784.30078125
2021-04-19,34341.796875
2021-04-20,35196.625
2021-04-21,34193.12890625
2021-04-22,34936.4609375
2021-04-23,35419.62109375
2021-04-26,35716.95703125
2021-04-27,36088.62109375
2021-04-28,36460.28515625
2021-04-29,35679.7890625
2021-04-30,36385.95703125
2021-05-03,36497.44921875
2021-05-04,35679.7890625
2021-05-06,37166.4453125
2021-05-07,37538.11328125
2021-05-10,37612.44921875
2021-05-11,37984.109375
2021-05-12,37092.1171875
2021-05-13,38355.7734375
2021-05-14,38430.109375
2021-05-17,37686.77734375
2021-05-18,38504.4375
2021-05-20,37761.11328125
2021-05-21,37166.4453125
2021-05-24,37166.4453125
2021-05-25,37761.11328125
2021-05-26,37463.78125
2021-05-27,37612.44921875
2021-05-28,37612.44921875
2021-05-31,37686.77734375
2021-06-01,38132.77734375
2021-06-02,38058.4453125
2021-06-03,38578.7734375
2021-06-04,37984.109375
2021-06-07,37686.77734375
2021-06-08,37761.11328125
2021-06-09,37315.1171875
2021-06-10,36794.78515625
2021-06-11,36831.953125
2021-06-14,36534.62109375
2021-06-15,36794.78515625
2021-06-16,37129.28125
2021-06-17,38132.77734375
2021-06-18,37129.28125
2021-06-21,36311.62109375
2021-06-22,36980.6171875
2021-06-23,37315.1171875
2021-06-24,37463.78125
2021-06-25,40065.43359375
2021-06-28,41849.42578125
2021-06-29,41180.421875
2021-06-30,40734.4296875
2021-07-01,39916.76953125
2021-07-02,41775.08984375
2021-07-05,40585.76171875
2021-07-06,40957.42578125
2021-07-07,40511.42578125
2021-07-08,40883.09375
2021-07-09,39768.1015625
2021-07-12,40883.09375
2021-07-13,41477.75390625
2021-07-14,41180.421875
2021-07-15,41700.75390625
2021-07-16,41626.421875
2021-07-19,40585.76171875
2021-07-20,40362.76171875
2021-07-21,40883.09375
2021-07-22,41998.08984375
2021-07-23,41626.421875
2021-07-26,40957.42578125
2021-07-27,40362.76171875
2021-07-28,41477.75390625
2021-07-29,42221.0859375
2021-07-30,42444.0859375
2021-08-02,42667.08203125
2021-08-03,43559.078125
2021-08-04,43707.7421875
2021-08-05,43856.41015625
2021-08-06,43113.078125
2021-08-09,42964.4140625
2021-08-10,42444.0859375
2021-08-11,43336.07421875
2021-08-12,43113.078125
2021-08-13,44153.7421875
2021-08-17,46606.73046875
2021-08-18,45045.734375
2021-08-19,43410.4140625
2021-08-20,42592.75390625
2021-08-23,42146.75390625
2021-08-24,43484.7421875
2021-08-25,43856.41015625
2021-08-26,44599.7421875
2021-08-27,44153.7421875
2021-08-30,43559.078125
2021-08-31,43633.41015625
2021-09-01,43707.7421875
2021-09-02,44228.07421875
2021-09-03,44599.7421875
2021-09-06,44897.0703125
2021-09-07,44228.07421875
2021-09-08,45343.06640625
2021-09-09,44674.0703125
2021-09-10,44897.0703125
2021-09-13,45417.40234375
2021-09-14,45714.734375
2021-09-15,45937.73046875
2021-09-16,45640.39453125
2021-09-17,45194.3984375
2021-09-23,46829.7265625
2021-09-24,46606.73046875
2021-09-27,46532.39453125
2021-09-28,48242.046875
2021-09-29,46309.39453125
2021-09-30,47275.7265625
2021-10-01,48465.046875
2021-10-05,48019.046875
2021-10-06,48836.71484375
2021-10-07,48613.71875
2021-10-08,49134.04296875
2021-10-12,48688.05078125
2021-10-13,47721.72265625
2021-10-14,48613.71875
2021-10-15,48911.05078125
2021-10-18,48539.3828125
2021-10-19,48539.3828125
2021-10-20,49505.70703125
2021-10-21,49654.375
2021-10-22,49134.04296875
2021-10-25,49357.04296875
2021-10-26,49059.7109375
2021-10-27,48539.3828125
2021-10-28,45194.3984375
2021-10-29,44005.07421875
2021-11-01,44525.40234375
2021-11-02,44822.734375
2021-11-03,43336.07421875
2021-11-04,44228.07421875
2021-11-05,43187.41015625
2021-11-08,43633.41015625
2021-11-09,43410.4140625
2021-11-10,43038.74609375
2021-11-11,41477.75390625
2021-11-12,42741.41796875
2021-11-15,43410.4140625
2021-11-16,44451.07421875
2021-11-17,42146.75390625
2021-11-18,41477.75390625
2021-11-19,41923.7578125
2021-11-22,41106.08984375
2021-11-23,41626.421875
2021-11-24,41552.08984375
2021-11-25,40957.42578125
2021-11-26,39842.43359375
2021-11-29,40214.09765625
2021-11-30,39991.1015625
2021-12-01,39842.43359375
2021-12-02,40362.76171875
2021-12-03,41106.08984375
2021-12-06,41031.76171875
2021-12-07,41849.42578125
2021-12-08,42592.75390625
2021-12-09,42592.75390625
2021-12-10,42369.75
2021-12-13,42592.75390625
2021-12-14,42146.75390625
2021-12-15,42592.75390625
2021-12-16,42815.74609375
2021-12-17,44822.734375
2021-12-20,43856.41015625
2021-12-21,44451.07421875
2021-12-22,44228.07421875
2021-12-23,43187.41015625
2021-12-24,43633.41015625
2021-12-27,43484.7421875
2021-12-28,43930.7421875
2021-12-29,42666.546875
2021-12-30,42666.546875
2022-01-04,45036.9140625
2022-01-05,46854.19140625
2022-01-06,47644.3125
2022-01-07,47881.3515625
2022-01-10,50883.80859375
2022-01-11,50488.75
2022-01-12,51120.8515625
2022-01-13,51357.8828125
2022-01-14,51041.83203125
2022-01-17,50962.82421875
2022-01-18,51041.83203125
2022-01-19,51357.8828125
2022-01-20,50172.703125
2022-01-21,50725.78515625
2022-01-24,50093.6875
2022-01-25,48671.47265625
2022-01-26,48671.47265625
2022-01-27,47486.28515625
2022-01-28,47565.3046875
2022-02-03,50093.6875
2022-02-04,50804.796875
2022-02-07,49935.6640625
2022-02-08,49935.6640625
2022-02-09,49935.6640625
2022-02-10,51199.859375
2022-02-11,51278.87109375
2022-02-14,50251.7109375
2022-02-15,48513.44921875
2022-02-16,48987.515625
2022-02-17,48829.49609375
2022-02-18,48987.515625
2022-02-21,48987.515625
2022-02-22,48987.515625
2022-02-23,48987.515625
2022-02-24,48513.44921875
2022-02-25,48276.41015625
2022-02-28,48276.41015625
2022-03-02,46380.12109375
2022-03-03,46538.14453125
2022-03-04,46538.14453125
2022-03-07,45036.9140625
2022-03-08,44246.79296875
2022-03-10,46538.14453125
2022-03-11,45510.98828125
2022-03-14,46222.09375
2022-03-15,46222.09375
2022-03-16,46775.1796875
2022-03-17,46775.1796875
2022-03-18,48197.3984375
2022-03-21,48197.3984375
2022-03-22,51199.859375
2022-03-23,53096.1484375
2022-03-24,53175.16015625
2022-03-25,53333.1875
2022-03-28,55150.46484375
2022-03-29,54597.37890625
2022-03-30,54123.3125
2022-03-31,55229.4765625
2022-04-01,55545.5234375
2022-04-04,55071.45703125
2022-04-05,54834.41796875
2022-04-06,57125.76953125
2022-04-07,56651.6953125
2022-04-08,56177.625
2022-04-11,56809.72265625
2022-04-12,55624.54296875
2022-04-13,55150.46484375
2022-04-14,55308.48828125
2022-04-15,54439.35546875
2022-04-18,53017.140625
2022-04-19,52543.0625
2022-04-20,52464.0546875
2022-04-21,53017.140625
2022-04-22,55229.4765625
2022-04-25,55150.46484375
2022-04-26,52464.0546875
2022-04-27,52780.1015625
2022-04-28,53649.23828125
2022-04-29,53175.16015625
2022-05-02,52148.00390625
2022-05-03,51673.93359375
2022-05-04,52543.0625
2022-05-06,52306.02734375
2022-05-10,49935.6640625
2022-05-11,48592.45703125
2022-05-12,50014.6796875
2022-05-13,50962.82421875
2022-05-16,50646.7734375
2022-05-17,49856.65625
2022-05-18,50330.7265625
2022-05-19,49698.62890625
2022-05-20,49856.65625
2022-05-23,51357.8828125
2022-05-24,51278.87109375
2022-05-25,50962.82421875
2022-05-26,50567.76171875
2022-05-27,51910.96875
2022-05-30,51515.91015625
2022-05-31,51357.8828125
2022-06-02,51357.8828125
2022-06-03,51278.87109375
2022-06-07,50962.82421875
2022-06-08,50804.796875
2022-06-09,51594.91796875
2022-06-10,50093.6875
2022-06-13,50014.6796875
2022-06-14,49540.60546875
2022-06-15,49382.58203125
2022-06-16,49066.53125
2022-06-17,47723.32421875
2022-06-20,48118.3828125
2022-06-21,48434.43359375
2022-06-22,48039.375
2022-06-23,46696.16796875
2022-06-24,47249.25390625
2022-06-27,46617.15234375
2022-06-28,47881.3515625
2022-06-29,48197.3984375
2022-06-30,48434.43359375
2022-07-01,50330.7265625
2022-07-04,48829.49609375
2022-07-05,48987.515625
2022-07-06,45115.92578125
2022-07-07,45036.9140625
2022-07-08,45985.0546875
2022-07-11,45748.0234375
2022-07-12,47723.32421875
2022-07-13,47091.2265625
2022-07-14,47486.28515625
2022-07-15,46143.08203125
2022-07-18,47960.36328125
2022-07-19,48513.44921875
2022-07-20,48513.44921875
2022-07-21,48355.421875
2022-07-22,47012.21875
2022-07-25,47012.21875
2022-07-26,47012.21875
2022-07-27,47249.25390625
2022-07-28,47407.28125
2022-07-29,47881.3515625
2022-08-01,47881.3515625
2022-08-02,48118.3828125
2022-08-03,51041.83203125
2022-08-04,49777.640625
2022-08-05,51041.83203125
2022-08-08,51278.87109375
2022-08-09,50330.7265625
2022-08-10,49698.62890625
2022-08-11,49777.640625
2022-08-12,50172.703125
2022-08-16,49698.62890625
2022-08-17,49540.60546875
2022-08-18,49303.56640625
2022-08-19,50409.73828125
2022-08-22,49540.60546875
2022-08-23,48987.515625
2022-08-24,48355.421875
2022-08-25,48750.48046875
2022-08-26,47881.3515625
2022-08-29,47091.2265625
2022-08-30,47486.28515625
2022-08-31,47170.2421875
2022-09-01,46854.19140625
2022-09-02,47328.265625
2022-09-05,47486.28515625
2022-09-06,47486.28515625
2022-09-07,46775.1796875
2022-09-08,46775.1796875
2022-09-13,48118.3828125
2022-09-14,46380.12109375
2022-09-15,45036.9140625
2022-09-16,44799.87890625
2022-09-19,44325.80078125
2022-09-20,46854.19140625
2022-09-21,47328.265625
2022-09-22,46933.203125
2022-09-23,47802.3359375
2022-09-26,47170.2421875
2022-09-27,45431.9765625
2022-09-28,43377.66015625
2022-09-29,44720.86328125
2022-09-30,43614.6953125
2022-10-04,44167.78125
2022-10-05,43851.73046875
2022-10-06,43772.72265625
2022-10-07,44483.82421875
2022-10-11,43693.703125
2022-10-12,42824.5703125
2022-10-13,43140.625
2022-10-14,44878.890625
2022-10-17,45194.93359375
2022-10-18,45906.05078125
2022-10-19,46538.14453125
2022-10-20,46538.14453125
2022-10-21,45669.01171875
2022-10-24,43298.6484375
2022-10-25,43377.66015625
2022-10-26,42034.44921875
2022-10-27,43061.609375
2022-10-28,44167.78125
2022-10-31,44483.82421875
2022-11-01,44483.82421875
2022-11-02,45510.98828125
2022-11-03,44483.82421875
2022-11-04,45194.93359375
2022-11-07,45036.9140625
2022-11-08,43298.6484375
2022-11-09,44483.82421875
2022-11-10,43772.72265625
2022-11-11,45669.01171875
2022-11-14,45589.99609375
2022-11-15,44246.79296875
2022-11-16,44957.8984375
2022-11-17,44878.890625
2022-11-18,46222.09375
2022-11-21,45906.05078125
2022-11-22,45748.0234375
2022-11-23,46538.14453125
2022-11-24,47249.25390625
2022-11-25,47802.3359375
2022-11-28,46854.19140625
2022-11-29,48434.43359375
2022-11-30,49066.53125
2022-12-01,49224.55859375
2022-12-02,48276.41015625
2022-12-05,48671.47265625
2022-12-06,48118.3828125
2022-12-07,47960.36328125
2022-12-08,48197.3984375
2022-12-09,49856.65625
2022-12-12,49461.59375
2022-12-13,49856.65625
2022-12-14,50093.6875
2022-12-15,50488.75
2022-12-16,51120.8515625
2022-12-19,51199.859375
2022-12-20,51673.93359375
2022-12-21,52385.04296875
2022-12-22,53649.23828125
2022-12-23,53807.2578125
2022-12-26,53649.23828125
2022-12-27,53807.2578125
2022-12-28,55925.66015625
2022-12-29,55332.50390625
2023-01-02,53722.5234375
2023-01-03,53891.99609375
2023-01-04,54739.35546875
2023-01-05,54654.6171875
2023-01-06,57027.22265625
2023-01-09,55417.2421875
2023-01-10,55417.2421875
2023-01-11,54908.82421875
2023-01-12,55840.921875
2023-01-13,54230.94140625
2023-01-16,54230.94140625
2023-01-17,57027.22265625
2023-01-18,57281.4296875
2023-01-19,58467.73046875
2023-01-20,58044.0546875
2023-01-25,57535.63671875
2023-01-26,56773.01171875
2023-01-27,58552.46484375
2023-01-30,56179.86328125
2023-01-31,55586.7109375
2023-02-01,56603.546875
2023-02-02,54824.09375
2023-02-03,54908.82421875
2023-02-06,54739.35546875
2023-02-07,55417.2421875
2023-02-08,56095.125
2023-02-09,54993.5625
2023-02-10,55671.44921875
2023-02-13,55501.9765625
2023-02-14,55756.1875
2023-02-15,56857.75
2023-02-16,57281.4296875
2023-02-17,57705.109375
2023-02-20,56095.125
2023-02-21,57027.22265625
2023-02-22,57959.31640625
2023-02-23,61433.48046875
2023-02-24,62619.7890625
2023-02-27,64653.44921875
2023-02-28,65246.60546875
2023-03-02,65924.484375
2023-03-03,64399.2421875
2023-03-06,63806.0859375
2023-03-07,63043.46484375
2023-03-08,62365.58203125
2023-03-09,63975.5625
2023-03-10,64907.65234375
2023-03-13,65331.3359375
2023-03-14,63128.19921875
2023-03-15,63721.35546875
2023-03-16,62619.7890625
2023-03-17,62280.84765625
2023-03-20,59908.2421875
2023-03-21,61264.015625
2023-03-22,61348.74609375
2023-03-23,61772.43359375
2023-03-24,60331.91796875
2023-03-27,60501.390625
2023-03-28,61009.80859375
2023-03-29,63128.19921875
2023-03-30,63128.19921875
2023-03-31,63467.14453125
2023-04-03,60670.8671875
2023-04-04,60501.390625
2023-04-05,60162.44921875
2023-04-06,59484.5625
2023-04-07,58891.4140625
2023-04-10,60247.18359375
2023-04-11,62535.0546875
2023-04-12,63128.19921875
2023-04-13,65077.12890625
2023-04-14,65755.015625
2023-04-17,66348.1640625
2023-04-18,69229.1875
2023-04-19,69822.3359375
2023-04-20,71940.734375
2023-04-21,69907.0703125
2023-04-24,69483.3984375
2023-04-25,72364.40625
2023-04-26,71347.578125
2023-04-27,70584.953125
2023-04-28,71178.109375
2023-05-02,69059.71875
2023-05-03,68974.9765625
2023-05-04,67873.4140625
2023-05-08,69313.921875
2023-05-09,69144.4453125
2023-05-10,69907.0703125
2023-05-11,70246.015625
2023-05-12,66178.6875
2023-05-15,64568.7109375
2023-05-16,64483.98046875
2023-05-17,63721.35546875
2023-05-18,63551.8828125
2023-05-19,63806.0859375
2023-05-22,64653.44921875
2023-05-23,67449.734375
2023-05-24,68890.2421875
2023-05-25,67788.671875
2023-05-26,66687.109375
2023-05-30,64314.50390625
2023-05-31,62704.5234375
2023-06-01,64060.29296875
2023-06-02,65924.484375
2023-06-05,66771.84375
2023-06-07,66263.4375
2023-06-08,67788.671875
2023-06-09,66856.5859375
2023-06-12,66602.375
2023-06-13,64738.1875
2023-06-14,65077.12890625
2023-06-15,64399.2421875
2023-06-16,64314.50390625
2023-06-19,64399.2421875
2023-06-20,63128.19921875
2023-06-21,64738.1875
2023-06-22,66178.6875
2023-06-23,63467.14453125
2023-06-26,63806.0859375
2023-06-27,63297.66796875
2023-06-28,62958.73046875
2023-06-29,62111.37109375
2023-06-30,63212.9375
2023-07-03,64399.2421875
2023-07-04,61857.16796875
2023-07-05,61687.69140625
2023-07-06,61009.80859375
2023-07-07,61179.28125
2023-07-10,64314.50390625
2023-07-11,64399.2421875
2023-07-12,61772.43359375
2023-07-13,61264.015625
2023-07-14,63043.46484375
2023-07-17,61602.95703125
2023-07-18,61348.74609375
2023-07-19,61094.54296875
2023-07-20,60162.44921875
2023-07-21,60925.07421875
2023-07-24,60416.66015625
2023-07-25,62365.58203125
2023-07-26,60586.125
2023-07-27,64060.29296875
2023-07-28,64822.91796875
2023-07-31,63975.5625
2023-08-01,63128.19921875
2023-08-02,64568.7109375
2023-08-03,64145.0390625
2023-08-04,65500.80859375
2023-08-07,65331.3359375
2023-08-08,67703.9375
2023-08-09,67280.2578125
2023-08-10,66093.9609375
2023-08-11,67788.671875
2023-08-14,67534.46875
2023-08-16,67365.0
2023-08-17,67873.4140625
2023-08-18,69398.6484375
2023-08-21,69059.71875
2023-08-22,67195.5234375
2023-08-23,69313.921875
2023-08-24,68805.5
2023-08-25,68805.5
2023-08-28,69737.59375
2023-08-29,70584.953125
2023-08-30,69568.125
2023-08-31,69229.1875
2023-09-01,69822.3359375
2023-09-04,68551.296875
2023-09-05,68636.03125
2023-09-06,70076.546875
2023-09-07,70330.75
2023-09-08,71855.9921875
2023-09-11,73804.921875
2023-09-12,73296.5078125
2023-09-13,74737.0078125
2023-09-14,76092.78125
2023-09-15,79651.6953125
2023-09-18,77024.8828125
2023-09-19,78465.390625
2023-09-20,78973.8046875
2023-09-21,77787.5078125
2023-09-22,79143.28125
2023-09-25,78634.8671875
2023-09-26,76770.6796875
2023-09-27,75753.84375
2023-10-04,75923.3125
2023-10-05,76685.9296875
2023-10-06,75584.375
2023-10-10,75414.90625
2023-10-11,75499.6328125
2023-10-12,75160.6875
2023-10-13,75160.6875
2023-10-16,75584.375
2023-10-17,74906.484375
2023-10-18,75499.6328125
2023-10-19,74567.5390625
2023-10-20,74313.3359375
2023-10-23,72194.9375
2023-10-24,71686.5234375
2023-10-25,73211.765625
2023-10-26,72703.359375
2023-10-27,72025.46875
2023-10-30,73381.234375
2023-10-31,74482.8046875
2023-11-01,75669.109375
2023-11-02,71178.109375
2023-11-03,72025.46875
2023-11-06,73296.5078125
2023-11-07,72703.359375
2023-11-08,69568.125
2023-11-09,70161.2734375
2023-11-10,71686.5234375
2023-11-13,72194.9375
2023-11-14,69907.0703125
2023-11-15,69059.71875
2023-11-16,69568.125
2023-11-17,69144.4453125
2023-11-20,69483.3984375
2023-11-21,68551.296875
2023-11-22,68890.2421875
2023-11-23,69313.921875
2023-11-24,68890.2421875
2023-11-27,69398.6484375
2023-11-28,69652.8671875
2023-11-29,69059.71875
2023-11-30,70923.8984375
2023-12-01,69483.3984375
2023-12-04,69398.6484375
2023-12-05,69568.125
2023-12-06,71178.109375
2023-12-07,70923.8984375
2023-12-08,71940.734375
2023-12-11,72703.359375
2023-12-12,74313.3359375
2023-12-13,74991.2265625
2023-12-14,74567.5390625
2023-12-15,71347.578125
2023-12-18,69313.921875
2023-12-19,69144.4453125
2023-12-20,69907.0703125
2023-12-21,69144.4453125
2023-12-22,68551.296875
2023-12-26,70076.546875
2023-12-27,69822.3359375
2023-12-28,70923.8984375
2024-01-02,69144.4453125
2024-01-03,68551.296875
2024-01-04,67110.7890625
2024-01-05,67026.046875
2024-01-08,67110.7890625
2024-01-09,66856.5859375
2024-01-10,65670.28125
2024-01-11,64992.390625
2024-01-12,66941.3125
2024-01-15,69313.921875
2024-01-16,67873.4140625
2024-01-17,67534.46875
2024-01-18,66602.375
2024-01-19,64314.50390625
2024-01-22,65416.06640625
2024-01-23,65670.28125
2024-01-24,67534.46875
2024-01-25,68297.09375
2024-01-26,68297.09375
2024-01-29,71771.2578125
2024-01-30,71347.578125
2024-01-31,74482.8046875
2024-02-01,77872.2421875
2024-02-02,84057.953125
2024-02-05,83803.75
2024-02-06,83888.484375
2024-02-07,82871.65625
2024-02-08,82786.9140625
2024-02-13,82024.2890625
2024-02-14,80668.515625
2024-02-15,80668.515625
2024-02-16,84735.84375
2024-02-19,86515.296875
2024-02-20,84057.953125
2024-02-21,82956.390625
2024-02-22,79312.7421875
2024-02-23,82871.65625
2024-02-26,80499.046875
2024-02-27,77956.9765625
2024-02-28,81176.9375
2024-02-29,83719.015625
2024-03-04,83973.2265625
2024-03-05,83041.125
2024-03-06,81431.140625
2024-03-07,82532.7109375
2024-03-08,82363.2421875
2024-03-11,81770.0859375
2024-03-12,81515.8828125
2024-03-13,82109.0390625
2024-03-14,89989.4609375
2024-03-15,86345.828125
2024-03-18,85837.40625
2024-03-19,84735.84375
2024-03-20,85329.0
2024-03-21,87362.6484375
2024-03-22,87786.3359375
2024-03-25,88548.9609375
2024-03-26,87447.390625
2024-03-27,85583.203125
2024-03-28,86119.7734375
2024-03-29,84688.921875
2024-04-01,83347.484375
2024-04-02,85136.0625
2024-04-03,84778.34375
2024-04-04,85046.6328125
2024-04-05,86298.6328125
2024-04-08,85583.203125
2024-04-09,85762.0625
2024-04-11,85404.34375
2024-04-12,78786.625
2024-04-15,81022.34375
2024-04-16,79323.1953125
2024-04-17,78786.625
2024-04-18,79412.625
2024-04-19,78250.0546875
2024-04-22,83436.9140625
2024-04-23,85404.34375
2024-04-24,84241.7734375
2024-04-25,85762.0625
2024-04-26,89339.203125
2024-04-29,89160.34375
2024-04-30,87014.0625
2024-05-02,83436.9140625
2024-05-03,83347.484375
2024-05-07,85136.0625
2024-05-08,86924.6328125
2024-05-09,85404.34375
2024-05-10,87640.0625
2024-05-13,88355.4921875
2024-05-14,93095.203125
2024-05-16,99712.9296875
2024-05-17,97566.640625
2024-05-20,98818.640625
2024-05-21,95420.3515625
2024-05-22,89875.7734375
2024-05-23,88713.203125
2024-05-24,89249.7734375
2024-05-27,88892.0625
2024-05-28,90322.921875
2024-05-29,91753.78125
2024-05-30,91574.921875
2024-05-31,92558.6328125
2024-06-03,94257.78125
2024-06-04,93631.78125
2024-06-05,93184.6328125
2024-06-07,94436.640625
2024-06-10,95509.78125
2024-06-11,93989.5
2024-06-12,92111.4921875
2024-06-13,92290.3515625
2024-06-14,92826.921875
2024-06-17,92200.921875
2024-06-18,92469.203125
2024-06-19,94973.2109375
2024-06-20,98997.5
2024-06-21,99355.2109375
2024-06-24,96314.6328125
2024-06-25,98460.9296875
2024-06-26,98371.5
2024-06-27,98639.78125
2024-06-28,102395.78125
2024-07-01,97477.2109375
2024-07-02,102306.359375
2024-07-03,99712.9296875
2024-07-04,102395.78125
2024-07-05,103290.078125
2024-07-08,98997.5
2024-07-09,94615.5
2024-07-10,95867.4921875
2024-07-11,97208.9296875
2024-07-12,96672.359375
2024-07-15,94615.5
2024-07-16,94168.3515625
2024-07-17,93631.78125
2024-07-18,93721.2109375
2024-07-19,94615.5
2024-07-22,94436.640625
2024-07-23,95062.640625
2024-07-24,95062.640625
2024-07-25,93810.640625
2024-07-26,95688.640625
2024-07-29,97208.9296875
2024-07-30,96851.2109375
2024-07-31,98818.640625
2024-08-01,97566.640625
2024-08-02,93005.7734375
2024-08-05,85672.6328125
2024-08-06,88534.3515625
2024-08-07,92379.78125
2024-08-08,91306.640625
2024-08-09,91038.3515625
2024-08-12,91217.2109375
2024-08-13,95330.921875
2024-08-14,91217.2109375
2024-08-16,94794.3515625
2024-08-19,99891.7890625
2024-08-20,108655.7890625
2024-08-21,110176.078125
2024-08-22,107850.9296875
2024-08-23,106688.3671875
2024-08-26,105525.7890625
2024-08-27,106420.078125
2024-08-28,106420.078125
2024-08-29,105078.640625
2024-08-30,103737.21875
2024-09-02,105436.359375
2024-09-03,108298.078125
2024-09-04,105972.9375
2024-09-05,105615.21875
2024-09-06,105346.9296875
2024-09-09,101054.359375
2024-09-10,102485.2109375
2024-09-11,97566.640625
2024-09-12,99623.5
2024-09-13,100696.640625
2024-09-19,101590.9296875
2024-09-20,99802.359375
2024-09-23,99086.921875
2024-09-24,101859.2109375
2024-09-25,95152.0703125
2024-09-26,100070.6484375
2024-09-27,102485.2109375
2024-09-30,100428.359375
2024-10-02,97298.359375
2024-10-04,99534.0703125
2024-10-07,102038.0703125
2024-10-08,98550.3515625
2024-10-10,100160.0703125
2024-10-11,101322.640625
2024-10-14,101322.640625
2024-10-15,103200.6484375
2024-10-16,104094.9296875
2024-10-17,101233.2109375
2024-10-18,97924.359375
2024-10-21,99981.21875
2024-10-22,101590.9296875
2024-10-23,103290.078125
2024-10-24,98371.5
2024-10-25,101590.9296875
2024-10-28,98908.0703125
2024-10-29,101590.9296875
2024-10-30,99265.78125
2024-10-31,97745.5
2024-11-01,98371.5
2024-11-04,100607.21875
2024-11-05,98460.9296875
2024-11-06,100428.359375
2024-11-07,100428.359375
2024-11-08,97030.0703125
2024-11-11,97208.9296875
2024-11-12,93005.7734375
2024-11-13,94257.78125
2024-11-14,94347.2109375
2024-11-15,90859.4921875
2024-11-18,94615.5
2024-11-19,95778.0625
2024-11-20,96404.0625
2024-11-21,95867.4921875
2024-11-22,97030.0703125
2024-11-25,97745.5
2024-11-26,92379.78125
2024-11-27,96135.78125
2024-11-28,96940.640625
2024-11-29,97656.0703125
2024-12-02,97745.5
2024-12-03,101680.359375
2024-12-04,95867.4921875
2024-12-05,92469.203125
2024-12-06,93900.0703125
2024-12-09,90322.921875
2024-12-10,93452.9296875
2024-12-11,94257.78125
2024-12-12,95778.0625
2024-12-13,97208.9296875
2024-12-16,92111.4921875
2024-12-17,92290.3515625
2024-12-18,92648.0625
2024-12-19,93095.203125
2024-12-20,89696.921875
2024-12-23,93631.78125
2024-12-24,94436.640625
2024-12-26,94168.3515625
2024-12-27,93095.203125
2024-12-30,91932.6328125
2025-01-02,91753.78125
2025-01-03,91753.78125
2025-01-06,92737.4921875
2025-01-07,89786.34375
2025-01-08,89965.203125
2025-01-09,90948.921875
2025-01-10,90591.2109375
2025-01-13,89249.7734375
2025-01-14,82006.0625
2025-01-15,84957.203125
2025-01-16,85493.7734375
2025-01-17,83884.0625
2025-01-20,83884.0625
2025-01-21,83436.9140625
2025-01-22,81916.6328125
2025-01-23,82095.484375
2025-01-24,81916.6328125
2025-01-31,86835.203125
2025-02-03,88355.4921875
2025-02-04,89428.6328125
2025-02-05,88444.921875
2025-02-06,89786.34375
2025-02-07,90501.78125
2025-02-10,89965.203125
2025-02-11,89607.4921875
2025-02-12,90322.921875
2025-02-13,87908.3515625
2025-02-14,91306.640625
2025-02-17,92022.0625
2025-02-18,92290.3515625
2025-02-19,90233.5
2025-02-20,90144.0625
2025-02-21,88444.921875
2025-02-24,87640.0625
2025-02-25,84867.7734375
2025-02-26,84420.6328125
2025-02-27,83615.7734375
2025-02-28,81737.7734375
2025-03-04,82006.0625
2025-03-05,82900.34375
2025-03-06,83526.34375
2025-03-07,81827.203125
2025-03-10,83705.1953125
2025-03-11,83705.1953125
2025-03-12,86924.6328125
2025-03-13,85940.9140625
2025-03-14,84867.7734375
2025-03-17,85136.0625
2025-03-18,86656.34375
2025-03-19,88176.6328125
2025-03-20,87192.921875
2025-03-21,87371.78125
2025-03-24,87729.4921875
2025-03-25,87640.0625
2025-03-26,87640.0625
2025-03-27,86871.2890625
2025-03-28,84853.2578125
2025-03-31,85141.546875
2025-04-01,85622.03125
2025-04-02,84564.96875
2025-04-03,83411.8125
2025-04-04,82739.1328125
2025-04-07,78991.3671875
2025-04-08,76973.34375
2025-04-09,75820.1875
2025-04-10,80048.4296875
2025-04-11,80240.625
2025-04-14,80913.3046875
2025-04-15,83604.0078125
2025-04-16,81778.171875
2025-04-17,81201.59375
2025-04-18,81874.265625
2025-04-21,82546.9453125
2025-04-22,82835.234375
2025-04-23,84853.2578125
2025-04-24,84372.78125
2025-04-25,83988.390625
2025-04-28,84084.484375
2025-04-29,85910.3203125
2025-04-30,87640.0625
2025-05-02,89273.703125
2025-05-07,87736.15625
2025-05-08,87255.671875
2025-05-09,86679.09375
2025-05-12,88697.125
2025-05-13,88889.3125
2025-05-14,88985.4140625
2025-05-15,93501.953125
2025-05-16,93309.7578125
2025-05-19,92348.7890625
2025-05-20,92252.6953125
2025-05-21,93405.8515625
2025-05-22,91387.828125
2025-05-23,92829.2734375
2025-05-26,94847.3046875
2025-05-27,94366.8203125
2025-05-28,95423.8828125
2025-05-29,97634.1015625
2025-05-30,96577.0390625
2025-06-02,94462.9140625
2025-06-04,99652.1328125
2025-06-05,101766.2578125
2025-06-09,104072.5703125
2025-06-10,103688.1875
2025-06-11,107339.8515625
2025-06-12,114162.7109375
2025-06-13,108493.015625
2025-06-16,112817.359375
2025-06-17,113586.1328125
2025-06-18,111664.203125
2025-06-19,112048.5859375
2025-06-20,115508.0625
2025-06-23,114451.0
2025-06-24,117333.8984375
2025-06-25,117429.9921875
2025-06-26,119736.3125
2025-06-27,117526.0859375
2025-06-30,118487.0546875
2025-07-01,120889.46875
2025-07-02,118871.4453125
2025-07-03,118583.1484375
2025-07-04,118583.1484375
2025-07-07,119832.40625
2025-07-08,123484.078125
2025-07-09,128192.8046875
2025-07-10,131364.0
2025-07-11,133382.015625
2025-07-14,139724.390625
2025-07-15,137321.984375
2025-07-16,132517.15625
2025-07-17,135976.625
2025-07-18,132324.953125
2025-07-21,131460.09375
2025-07-22,130210.8359375
2025-07-23,128577.1953125
2025-07-24,126847.453125
2025-07-25,128961.578125
2025-07-28,123291.8828125
2025-07-29,124637.234375
2025-07-30,124733.328125
2025-07-31,123003.59375
2025-08-01,117718.28125
2025-08-04,118102.671875
2025-08-05,120601.1796875
2025-08-06,123195.7890625
2025-08-07,124348.9453125
2025-08-08,122619.2109375
2025-08-11,120312.890625
2025-08-12,122234.8203125
2025-08-13,122907.5
2025-08-14,123868.4609375
2025-08-18,125021.625
2025-08-19,124156.75
2025-08-20,125117.71875
2025-08-21,124348.9453125
2025-08-22,126174.78125
2025-08-25,126463.0703125
2025-08-26,125598.203125
2025-08-27,126366.9765625
2025-08-28,126847.453125
2025-08-29,126751.359375
2025-09-01,132324.953125
2025-09-02,133574.21875
2025-09-03,131267.890625
2025-09-04,132036.671875
2025-09-05,133189.828125
2025-09-08,133670.3125
2025-09-09,134150.796875
2025-09-10,139820.484375
2025-09-11,139628.296875
2025-09-12,139340.015625
2025-09-15,139051.71875
2025-09-16,137321.984375
2025-09-17,136072.71875
2025-09-18,132901.53125
2025-09-22,136937.59375
2025-09-23,136457.109375
2025-09-24,134439.078125
2025-09-25,134246.890625
2025-09-26,133382.015625
2025-09-29,135592.25
2025-09-30,133093.734375
2025-10-01,131075.703125
2025-10-02,130691.3203125
2025-10-10,127904.515625
2025-10-13,128000.6171875
2025-10-14,127520.1328125
2025-10-15,128385.0
2025-10-16,128961.578125
2025-10-17,124925.5234375
2025-10-20,127424.03125
2025-10-21,125694.296875
2025-10-22,126655.265625
2025-10-23,127424.03125
2025-10-24,127039.6484375
2025-10-27,128577.1953125
2025-10-28,127135.7421875
2025-10-29,124445.0390625
2025-10-30,123195.7890625
2025-10-31,121850.4375
2025-11-03,120601.1796875
2025-11-04,121946.53125
2025-11-05,123291.8828125
2025-11-06,133574.21875
2025-11-07,133382.015625
2025-11-10,134919.5625
2025-11-11,135496.140625
2025-11-12,137514.171875
2025-11-13,138379.046875
2025-11-14,127231.84375
2025-11-17,121177.7578125
2025-11-18,117333.8984375
2025-11-19,115604.15625
2025-11-20,115411.96875
2025-11-21,114643.1953125
2025-11-24,115700.2578125
2025-11-25,115219.7734375
2025-11-26,120120.6953125
2025-11-27,121081.6640625
2025-11-28,119640.2109375
2025-12-01,122234.8203125
2025-12-02,122523.109375
2025-12-03,122427.015625
2025-12-04,120505.0859375
2025-12-05,120312.890625
2025-12-08,117429.9921875
2025-12-09,116949.5078125
2025-12-10,115219.7734375
2025-12-11,115411.96875
2025-12-12,118006.5703125
2025-12-15,118006.5703125
2025-12-16,118871.4453125
2025-12-17,120889.46875
2025-12-18,118294.859375
2025-12-19,118871.4453125
2025-12-22,121658.2421875
2025-12-23,123772.3671875
2025-12-24,124637.234375
2025-12-26,123580.171875
2025-12-29,123964.5625
2025-12-30,125982.5859375
2026-01-02,122811.3984375
2026-01-05,123772.3671875
2026-01-06,122234.8203125
2026-01-07,119832.40625
2026-01-08,118775.34375
2026-01-09,118775.34375
2026-01-12,118102.671875
2026-01-13,116084.640625
2026-01-14,117141.703125
2026-01-15,117910.4765625
2026-01-16,118967.5390625
2026-01-19,119159.734375
2026-01-20,123868.4609375
2026-01-21,124060.65625
2026-01-22,123964.5625
2026-01-23,124925.5234375
2026-01-26,123580.171875
2026-01-27,128096.7109375
2026-01-28,131171.796875
2026-01-29,137706.359375
2026-01-30,137033.6875
2026-02-02,135400.046875
2026-02-03,135592.25
2026-02-04,146835.546875
2026-02-05,153466.203125
2026-02-06,157694.453125
2026-02-09,162018.796875
2026-02-10,165093.890625
2026-02-11,170859.671875
2026-02-12,179412.265625
2026-02-13,174991.828125
2026-02-19,176241.09375
2026-02-20,184793.6875
2026-02-23,194115.046875
2026-02-24,188349.25
2026-02-25,187580.484375
2026-02-26,197478.421875
2026-02-27,175952.796875
2026-03-03,179412.265625
2026-03-04,168649.453125
2026-03-05,183160.03125
2026-03-06,181045.921875
2026-03-09,172973.796875
2026-03-10,176337.1875
2026-03-11,176048.890625
2026-03-12,171051.875
2026-03-13,170379.203125
2026-03-16,169802.609375
2026-03-17,172108.9375
2026-03-18,182391.265625
2026-03-19,177298.140625
2026-03-20,179412.265625
2026-03-23,169898.71875
2026-03-24,176529.375
2026-03-25,187100.0
2026-03-26,175900.0
2026-03-27,172900.0
2026-03-30,164200.0
2026-03-31,163800.0
2026-04-01,168100.0
2026-04-02,162200.0
2026-04-03,162000.0
2026-04-06,163000.0
2026-04-07,160300.0
2026-04-08,167800.0
2026-04-09,162400.0
2026-04-10,169300.0
2026-04-13,167200.0
2026-04-14,171500.0
2026-04-15,164800.0
2026-04-16,170000.0
2026-04-17,173300.0
2026-04-20,172600.0
2026-04-21,170700.0
2026-04-22,172100.0
2026-04-23,173500.0
2026-04-24,175000.0
2026-04-27,171300.0
2026-04-28,173500.0
2026-04-29,172200.0
2026-04-30,167600.0
2026-05-04,166800.0
2026-05-06,162000.0
2026-05-07,165000.0
2026-05-08,164600.0
2026-05-11,162200.0
2026-05-12,161500.0
2026-05-13,160800.0
2026-05-14,173000.0
2026-05-15,164500.0
2026-05-18,160600.0
2026-05-19,164100.0
2026-05-20,156300.0
2026-05-21,155400.0
2026-05-22,154500.0
2026-05-26,148600.0
2026-05-27,144500.0
2026-05-28,141100.0
2026-05-29,143100.0
2026-06-01,141000.0
2026-06-02,145500.0
2026-06-04,144700.0
2026-06-05,142400.0
2026-06-08,136200.0
2026-06-09,143800.0
2026-06-10,142500.0
2026-06-11,140000.0
2026-06-12,148200.0
2026-06-15,152400.0
2026-06-16,153400.0
2026-06-17,151500.0
2026-06-18,149900.0
2026-06-19,144900.0
2026-06-22,141300.0
2026-06-23,139000.0
2026-06-24,137300.0
2026-06-25,136000.0
2026-06-26,131500.0
2026-06-29,135700.0
2026-06-30,133900.0
2026-07-01,136100.0
2026-07-02,145500.0
2026-07-03,146800.0
2026-07-06,145900.0
2026-07-07,150100.0
2026-07-08,151400.0
2026-07-09,146500.0
2026-07-10,155800.0
2026-07-13,159100.0
2026-07-14,161000.0
2026-07-15,162500.0
2026-07-16,163000.0
2026-07-20,159000.0
2026-07-21,161700.0
2026-07-22,165400.0
2026-07-23,165400.0
2026-07-24,167900.0
2026-07-27,163400.0
2026-07-28,159000.0
2026-07-29,154700.0
2026-07-30,162900.0
2026-07-31,157000.0
2026-08-03,156600.0
2026-08-04,154800.0
2026-08-05,155600.0
2026-08-06,159800.0
2026-08-07,165900.0
2026-08-10,162300.0
2026-08-11,164500.0
2026-08-12,159000.0
2026-08-13,166600.0
2026-08-14,176800.0
2026-08-18,182000.0
2026-08-19,187500.0
2026-08-20,177400.0
2026-08-21,177800.0
2026-08-24,180500.0
2026-08-25,182500.0
2026-08-26,186700.0
2026-08-27,184000.0
2026-08-28,187400.0
2026-08-31,181100.0
2026-09-01,192600.0
2026-09-02,190900.0
