Date,Close
2000-05-12,14.128238677978516
2000-05-15,13.948830604553223
2000-05-16,14.217944145202637
2000-05-17,13.948830604553223
2000-05-18,13.814278602600098
2000-05-19,13.859125137329102
2000-05-22,12.513582229614258
2000-05-23,12.827544212341309
2000-05-24,12.692986488342285
2000-05-25,12.827544212341309
2000-05-26,12.154767036437988
2000-05-30,12.872392654418945
2000-05-31,13.814278602600098
2000-06-01,13.769425392150879
2000-06-02,14.711309432983398
2000-06-05,15.070120811462402
2000-06-06,14.890716552734375
2000-06-07,15.249527931213379
2000-06-08,14.531903266906738
2000-06-09,15.877450942993164
2000-06-12,15.787747383117676
2000-06-13,15.15982723236084
2000-06-14,15.518636703491211
2000-06-15,14.352496147155762
2000-06-16,13.993680953979492
2000-06-19,14.128238677978516
2000-06-20,14.801012992858887
2000-06-21,14.621607780456543
2000-06-22,14.4421968460083
2000-06-23,14.531903266906738
2000-06-26,14.890716552734375
2000-06-27,14.935569763183594
2000-06-28,15.20467472076416
2000-06-29,15.025270462036133
2000-06-30,15.070120811462402
2000-07-03,15.56348991394043
2000-07-05,15.339229583740234
2000-07-06,15.339229583740234
2000-07-07,15.787747383117676
2000-07-10,15.608343124389648
2000-07-11,15.070120811462402
2000-07-12,15.47378921508789
2000-07-13,15.742895126342773
2000-07-14,15.249527931213379
2000-07-17,15.428933143615723
2000-07-18,14.98041820526123
2000-07-19,14.84586238861084
2000-07-20,14.621607780456543
2000-07-21,14.711309432983398
2000-07-24,13.993680953979492
2000-07-25,14.038532257080078
2000-07-26,13.948830604553223
2000-07-27,13.634867668151855
2000-07-28,12.872392654418945
2000-07-31,13.231204986572266
2000-08-01,13.455464363098145
2000-08-02,13.545169830322266
2000-08-03,13.545169830322266
2000-08-04,13.365762710571289
2000-08-07,12.917247772216797
2000-08-08,12.468729019165039
2000-08-09,13.276057243347168
2000-08-10,13.769425392150879
2000-08-11,13.545169830322266
2000-08-14,13.948830604553223
2000-08-15,13.814278602600098
2000-08-16,14.307645797729492
2000-08-17,14.576753616333008
2000-08-18,13.634867668151855
2000-08-21,13.679725646972656
2000-08-22,13.993680953979492
2000-08-23,13.500316619873047
2000-08-24,13.724578857421875
2000-08-25,13.634867668151855
2000-08-28,14.128238677978516
2000-08-29,14.217944145202637
2000-08-30,14.217944145202637
2000-08-31,13.455464363098145
2000-09-01,13.500316619873047
2000-09-05,13.231204986572266
2000-09-06,12.827544212341309
2000-09-07,12.558431625366211
2000-09-08,12.379026412963867
2000-09-11,12.513582229614258
2000-09-12,12.558431625366211
2000-09-13,12.379026412963867
2000-09-14,12.379026412963867
2000-09-15,12.109917640686035
2000-09-18,10.764371871948242
2000-09-19,10.85407543182373
2000-09-20,11.392293930053711
2000-09-21,11.03348159790039
2000-09-22,10.584966659545898
2000-09-25,10.943778991699219
2000-09-26,11.123184204101562
2000-09-27,11.347440719604492
2000-09-28,11.706257820129395
2000-09-29,11.751103401184082
2000-10-02,10.988630294799805
2000-10-03,10.988630294799805
2000-10-04,11.302591323852539
2000-10-05,11.347440719604492
2000-10-06,11.392293930053711
2000-10-09,10.764371871948242
2000-10-10,10.988630294799805
2000-10-11,10.450411796569824
2000-10-12,9.867341041564941
2000-10-13,10.046749114990234
2000-10-16,10.046749114990234
2000-10-17,9.55338191986084
2000-10-18,9.508529663085938
2000-10-19,9.822488784790039
2000-10-20,10.450411796569824
2000-10-23,10.360708236694336
2000-10-24,10.360708236694336
2000-10-25,9.957043647766113
2000-10-26,9.822488784790039
2000-10-27,9.687932014465332
2000-10-30,9.463678359985352
2000-10-31,9.822488784790039
2000-11-01,10.27100658416748
2000-11-02,10.719518661499023
2000-11-03,10.898926734924316
2000-11-06,10.764371871948242
2000-11-07,10.584966659545898
2000-11-08,10.405559539794922
2000-11-09,10.67466926574707
2000-11-10,10.764371871948242
2000-11-13,10.31585693359375
2000-11-14,10.67466926574707
2000-11-15,10.67466926574707
2000-11-16,10.584966659545898
2000-11-17,10.584966659545898
2000-11-20,10.13645076751709
2000-11-21,9.687932014465332
2000-11-22,9.732786178588867
2000-11-24,9.687932014465332
2000-11-27,10.13645076751709
2000-11-28,9.77763843536377
2000-11-29,9.149715423583984
2000-11-30,9.060014724731445
2000-12-01,9.19456672668457
2000-12-04,8.925458908081055
2000-12-05,9.508529663085938
2000-12-06,9.239419937133789
2000-12-07,9.508529663085938
2000-12-08,9.867341041564941
2000-12-11,10.13645076751709
2000-12-12,9.687932014465332
2000-12-13,10.09160041809082
2000-12-14,9.867341041564941
2000-12-15,9.463678359985352
2000-12-18,9.867341041564941
2000-12-19,9.508529663085938
2000-12-20,9.239419937133789
2000-12-21,9.149715423583984
2000-12-22,8.880607604980469
2000-12-26,8.79090404510498
2000-12-27,8.611495971679688
2000-12-28,8.8357572555542
2000-12-29,8.79090404510498
2001-01-02,8.925458908081055
2001-01-03,9.912192344665527
2001-01-04,9.643081665039062
2001-01-05,10.001896858215332
2001-01-08,10.405559539794922
2001-01-09,10.495264053344727
2001-01-10,9.867341041564941
2001-01-11,10.046749114990234
2001-01-12,10.405559539794922
2001-01-16,10.181303024291992
2001-01-17,10.584966659545898
2001-01-18,10.764371871948242
2001-01-19,10.943778991699219
2001-01-22,10.988630294799805
2001-01-23,11.392293930053711
2001-01-24,11.43714427947998
2001-01-25,11.123184204101562
2001-01-26,10.181303024291992
2001-01-29,10.513203620910645
2001-01-30,10.340973854064941
2001-01-31,10.836137771606445
2001-02-01,10.73566722869873
2001-02-02,10.785901069641113
2001-02-05,10.15439224243164
2001-02-06,10.326622009277344
2001-02-07,10.15439224243164
2001-02-08,10.42708683013916
2001-02-09,10.506027221679688
2001-02-12,10.541908264160156
2001-02-13,10.455793380737305
2001-02-14,10.793078422546387
2001-02-15,10.958131790161133
2001-02-16,10.513203620910645
2001-02-20,10.836137771606445
2001-02-21,10.563435554504395
2001-02-22,10.262033462524414
2001-02-23,10.226152420043945
2001-02-26,10.462969779968262
2001-02-27,10.190271377563477
2001-02-28,9.881691932678223
2001-03-01,10.046749114990234
2001-03-02,9.702287673950195
2001-03-05,9.867341041564941
2001-03-06,10.046749114990234
2001-03-07,9.939103126525879
2001-03-08,10.010865211486816
2001-03-09,9.522882461547852
2001-03-12,9.00618839263916
2001-03-13,9.221478462219238
2001-03-14,9.113836288452148
2001-03-15,9.321945190429688
2001-03-16,9.321945190429688
2001-03-19,9.113836288452148
2001-03-20,8.611495971679688
2001-03-21,8.697609901428223
2001-03-22,8.783727645874023
2001-03-23,9.278889656066895
2001-03-26,9.307594299316406
2001-03-27,9.135361671447754
2001-03-28,8.755023956298828
2001-03-29,8.819608688354492
2001-03-30,8.783727645874023
2001-04-02,8.503852844238281
2001-04-03,8.116337776184082
2001-04-04,7.90104866027832
2001-04-05,8.324447631835938
2001-04-06,8.324447631835938
2001-04-09,8.188098907470703
2001-04-10,8.288566589355469
2001-04-11,8.604320526123047
2001-04-12,8.855489730834961
2001-04-16,8.503852844238281
2001-04-17,8.920076370239258
2001-04-18,9.910400390625
2001-04-19,9.903223037719727
2001-04-20,9.522882461547852
2001-04-23,9.400883674621582
2001-04-24,9.687932014465332
2001-04-25,9.939103126525879
2001-04-26,9.759700775146484
2001-04-27,9.443942070007324
2001-04-30,10.053922653198242
2001-05-01,10.240507125854492
2001-05-02,10.254858016967773
2001-05-03,10.3337984085083
2001-05-04,10.405559539794922
2001-05-07,10.441441535949707
2001-05-08,10.41991138458252
2001-05-09,10.118509292602539
2001-05-10,10.118509292602539
2001-05-11,10.247682571411133
2001-05-14,10.118509292602539
2001-05-15,9.953455924987793
2001-05-16,10.218976020812988
2001-05-17,10.520380020141602
2001-05-18,10.498851776123047
2001-05-21,11.022716522216797
2001-05-22,10.764371871948242
2001-05-23,10.936602592468262
2001-05-24,10.97248363494873
2001-05-25,10.800253868103027
2001-05-29,10.958131790161133
2001-05-30,10.656729698181152
2001-05-31,10.814602851867676
2001-06-01,10.635200500488281
2001-06-04,10.699787139892578
2001-06-05,10.434264183044434
2001-06-06,10.405559539794922
2001-06-07,10.60649299621582
2001-06-08,10.814602851867676
2001-06-11,10.613670349121094
2001-06-12,10.448616981506348
2001-06-13,10.728490829467773
2001-06-14,10.36967945098877
2001-06-15,10.635200500488281
2001-06-18,10.484498023986816
2001-06-19,10.15439224243164
2001-06-20,10.226152420043945
2001-06-21,10.262033462524414
2001-06-22,10.190271377563477
2001-06-25,10.190271377563477
2001-06-26,10.010865211486816
2001-06-27,9.910400390625
2001-06-28,10.513203620910645
2001-06-29,10.254858016967773
2001-07-02,10.233332633972168
2001-07-03,10.132861137390137
2001-07-05,10.132861137390137
2001-07-06,9.867341041564941
2001-07-09,9.587467193603516
2001-07-10,9.508529663085938
2001-07-11,9.429590225219727
2001-07-12,9.616172790527344
2001-07-13,9.400883674621582
2001-07-16,9.264537811279297
2001-07-17,9.329120635986328
2001-07-18,9.128185272216797
2001-07-19,9.286065101623535
2001-07-20,9.228653907775879
2001-07-23,8.999015808105469
2001-07-24,8.826786994934082
2001-07-25,9.171244621276855
2001-07-26,9.307594299316406
2001-07-27,9.458293914794922
2001-07-30,9.250184059143066
2001-07-31,9.400883674621582
2001-08-01,9.924749374389648
2001-08-02,10.06827449798584
2001-08-03,10.111334800720215
2001-08-06,9.838635444641113
2001-08-07,9.917574882507324
2001-08-08,9.982161521911621
2001-08-09,9.673580169677734
2001-08-10,9.652053833007812
2001-08-13,9.953455924987793
2001-08-14,10.025218963623047
2001-08-15,10.061098098754883
2001-08-16,10.211799621582031
2001-08-17,9.931927680969238
2001-08-20,10.003690719604492
2001-08-21,9.766874313354492
2001-08-22,10.003690719604492
2001-08-23,9.903223037719727
2001-08-24,10.043498992919922
2001-08-27,10.09411334991455
2001-08-28,10.14472770690918
2001-08-29,9.819345474243164
2001-08-30,9.790422439575195
2001-08-31,9.544575691223145
2001-09-04,9.689192771911621
2001-09-05,9.710883140563965
2001-09-06,9.544575691223145
2001-09-07,9.55180549621582
2001-09-10,9.783191680908203
2001-09-17,8.170736312866211
2001-09-18,8.337045669555664
2001-09-19,8.358735084533691
2001-09-20,7.816431045532227
2001-09-21,7.917660236358643
2001-09-24,8.308119773864746
2001-09-25,7.917660236358643
2001-09-26,7.924893379211426
2001-09-27,7.845353126525879
2001-09-28,7.961044788360596
2001-10-01,8.00443172454834
2001-10-02,8.047812461853027
2001-10-03,8.315349578857422
2001-10-04,8.481660842895508
2001-10-05,8.380427360534668
2001-10-08,8.271967887878418
2001-10-09,8.394890785217285
2001-10-10,8.532272338867188
2001-10-11,8.89381217956543
2001-10-12,8.857657432556152
2001-10-15,8.835966110229492
2001-10-16,8.980581283569336
2001-10-17,8.901043891906738
2001-10-18,8.987810134887695
2001-10-19,8.89381217956543
2001-10-22,8.89381217956543
2001-10-23,8.973349571228027
2001-10-24,9.46504020690918
2001-10-25,9.479500770568848
2001-10-26,9.566269874572754
2001-10-29,9.472269058227539
2001-10-30,9.204731941223145
2001-10-31,9.269808769226074
2001-11-01,9.783191680908203
2001-11-02,9.754267692565918
2001-11-05,9.898884773254395
2001-11-06,9.906115531921387
2001-11-07,9.978422164916992
2001-11-08,10.159189224243164
2001-11-09,10.368881225585938
2001-11-12,10.578574180603027
2001-11-13,10.867803573608398
2001-11-14,11.149802207946777
2001-11-15,11.091955184936523
2001-11-16,11.041341781616211
2001-11-19,11.453493118286133
2001-11-20,11.120878219604492
2001-11-21,11.17872428894043
2001-11-23,11.836722373962402
2001-11-26,12.487491607666016
2001-11-27,12.422411918640137
2001-11-28,11.395647048950195
2001-11-29,11.49687671661377
2001-11-30,11.757184028625488
2001-12-03,11.89456844329834
2001-12-04,12.075337409973145
2001-12-05,13.253950119018555
2001-12-06,12.899639129638672
2001-12-07,13.275640487670898
2001-12-10,12.56702709197998
2001-12-11,12.595951080322266
2001-12-12,12.820103645324707
2001-12-13,12.776718139648438
2001-12-14,12.299490928649902
2001-12-17,12.097028732299805
2001-12-18,12.183797836303711
2001-12-19,11.865644454956055
2001-12-20,12.08256721496582
2001-12-21,11.901800155639648
2001-12-24,11.807798385620117
2001-12-26,11.952415466308594
2001-12-27,12.212722778320312
2001-12-28,12.552567481994629
2001-12-31,12.805641174316406
2002-01-02,13.326255798339844
2002-01-03,13.514253616333008
2002-01-04,14.150557518005371
2002-01-07,13.969789505004883
2002-01-08,13.731180191040039
2002-01-09,14.020405769348145
2002-01-10,13.478102684020996
2002-01-11,13.369637489318848
2002-01-14,13.760098457336426
2002-01-15,13.41302490234375
2002-01-16,13.015335083007812
2002-01-17,13.253950119018555
2002-01-18,13.087638854980469
2002-01-22,13.22502613067627
2002-01-23,13.55040454864502
2002-01-24,13.9842529296875
2002-01-25,14.3096342086792
2002-01-28,14.54825210571289
2002-01-29,14.049328804016113
2002-01-30,13.9842529296875
2002-01-31,13.875791549682617
2002-02-01,13.716714859008789
2002-02-04,13.275640487670898
2002-02-05,13.615486145019531
2002-02-06,13.666097640991211
2002-02-07,13.44918441772461
2002-02-08,13.68779182434082
2002-02-11,13.868560791015625
2002-02-12,13.81794261932373
2002-02-13,13.955327987670898
2002-02-14,14.859169960021973
2002-02-15,14.497636795043945
2002-02-19,14.40363597869873
2002-02-20,14.569941520690918
2002-02-21,14.53378677368164
2002-02-22,14.931479454040527
2002-02-25,15.141169548034668
2002-02-26,15.177323341369629
2002-02-27,15.336400985717773
2002-02-28,15.387016296386719
2002-03-01,15.763011932373047
2002-03-04,15.857013702392578
2002-03-05,15.71962833404541
2002-03-06,15.893168449401855
2002-03-07,15.575016975402832
2002-03-08,15.553324699401855
2002-03-11,15.582243919372559
2002-03-12,15.835320472717285
2002-03-13,15.842551231384277
2002-03-14,16.095624923706055
2002-03-15,16.21132469177246
2002-03-18,16.225778579711914
2002-03-19,16.739160537719727
2002-03-20,16.124549865722656
2002-03-21,16.19685935974121
2002-03-22,16.471630096435547
2002-03-25,16.088396072387695
2002-03-26,16.334243774414062
2002-03-27,16.76808738708496
2002-03-28,16.594552993774414
2002-04-01,16.312551498413086
2002-04-02,16.645164489746094
2002-04-03,16.739160537719727
2002-04-04,16.840394973754883
2002-04-05,17.013933181762695
2002-04-08,16.493318557739258
2002-04-09,15.849786758422852
2002-04-10,15.538862228393555
2002-04-11,15.256863594055176
2002-04-12,15.726863861083984
2002-04-15,16.3631649017334
2002-04-16,16.956083297729492
2002-04-17,17.498390197753906
2002-04-18,17.353776931762695
2002-04-19,17.288700103759766
2002-04-22,17.107934951782227
2002-04-23,17.570697784423828
2002-04-24,17.498390197753906
2002-04-25,16.883777618408203
2002-04-26,16.630699157714844
2002-04-29,15.748551368713379
2002-04-30,16.29808807373047
2002-05-01,16.23301887512207
2002-05-02,16.44270133972168
2002-05-03,16.269166946411133
2002-05-06,15.213478088378906
2002-05-07,15.690706253051758
2002-05-08,16.876550674438477
2002-05-09,16.522245407104492
2002-05-10,15.705169677734375
2002-05-13,16.016090393066406
2002-05-14,16.58732032775879
2002-05-15,16.862091064453125
2002-05-16,16.847623825073242
2002-05-17,17.556238174438477
2002-05-20,17.173009872436523
2002-05-21,16.565624237060547
2002-05-22,17.201934814453125
2002-05-23,17.144088745117188
2002-05-24,17.274232864379883
2002-05-28,17.411624908447266
2002-05-29,17.107934951782227
2002-05-30,16.891010284423828
2002-05-31,16.652395248413086
2002-06-03,16.334243774414062
2002-06-04,16.941625595092773
2002-06-05,17.064544677734375
2002-06-06,16.77531623840332
2002-06-07,16.58008575439453
2002-06-10,16.985008239746094
2002-06-11,16.927162170410156
2002-06-12,17.238086700439453
2002-06-13,17.10070037841797
2002-06-14,16.681318283081055
2002-06-17,17.021163940429688
2002-06-18,17.165775299072266
2002-06-19,16.001628875732422
2002-06-20,16.16070556640625
2002-06-21,15.95101261138916
2002-06-24,16.370399475097656
2002-06-25,15.799166679382324
2002-06-26,15.177323341369629
2002-06-27,15.40147876739502
2002-06-28,15.828092575073242
2002-07-01,15.488245964050293
2002-07-02,15.213478088378906
2002-07-03,15.59670639038086
2002-07-05,16.876550674438477
2002-07-08,16.717470169067383
2002-07-09,17.071773529052734
2002-07-10,16.883777618408203
2002-07-11,16.652395248413086
2002-07-12,16.862091064453125
2002-07-15,16.77531623840332
2002-07-16,16.269166946411133
2002-07-17,16.522245407104492
2002-07-18,16.44270133972168
2002-07-19,15.806402206420898
2002-07-22,15.184555053710938
2002-07-23,15.690706253051758
2002-07-24,16.19685935974121
2002-07-25,15.141169548034668
2002-07-26,14.569941520690918
2002-07-29,15.227941513061523
2002-07-30,15.141169548034668
2002-07-31,14.642251014709473
2002-08-01,14.432555198669434
2002-08-02,14.208405494689941
2002-08-05,13.56486701965332
2002-08-06,14.013175010681152
2002-08-07,14.172252655029297
2002-08-08,14.52656078338623
2002-08-09,14.251789093017578
2002-08-12,14.18671703338623
2002-08-13,14.51932430267334
2002-08-14,15.249626159667969
2002-08-15,15.119479179382324
2002-08-16,15.018245697021484
2002-08-19,15.220708847045898
2002-08-20,15.30024528503418
2002-08-21,15.900400161743164
2002-08-22,15.64008617401123
2002-08-23,15.227941513061523
2002-08-26,15.34363079071045
2002-08-27,14.974861145019531
2002-08-28,14.714556694030762
2002-08-29,14.895325660705566
2002-08-30,15.213478088378906
2002-09-03,15.068864822387695
2002-09-04,15.047171592712402
2002-09-05,14.931479454040527
2002-09-06,14.931479454040527
2002-09-09,14.642251014709473
2002-09-10,14.98209285736084
2002-09-11,15.162864685058594
2002-09-12,15.119479179382324
2002-09-13,14.960403442382812
2002-09-16,14.454252243041992
2002-09-17,14.541020393371582
2002-09-18,14.606095314025879
2002-09-19,14.461482048034668
2002-09-20,14.432555198669434
2002-09-23,13.528716087341309
2002-09-24,13.39133358001709
2002-09-25,13.709482192993164
2002-09-26,13.702258110046387
2002-09-27,13.268413543701172
2002-09-30,12.661026000976562
2002-10-01,13.326255798339844
2002-10-02,12.986409187316895
2002-10-03,12.834563255310059
2002-10-04,12.769486427307129
2002-10-07,12.386258125305176
2002-10-08,12.646566390991211
2002-10-09,11.952415466308594
2002-10-10,11.872875213623047
2002-10-11,12.154874801635742
2002-10-14,12.11148738861084
2002-10-15,13.0731782913208
2002-10-16,12.653794288635254
2002-10-17,13.311792373657227
2002-10-18,13.601022720336914
2002-10-21,13.521485328674316
2002-10-22,12.885181427001953
2002-10-23,13.369637489318848
2002-10-24,13.232256889343262
2002-10-25,13.427483558654785
2002-10-28,13.745637893676758
2002-10-29,13.78178882598877
2002-10-30,13.637177467346191
2002-10-31,13.622714042663574
2002-11-01,13.405793190002441
2002-11-04,14.143326759338379
2002-11-05,14.165022850036621
2002-11-06,13.955327987670898
2002-11-07,14.280715942382812
2002-11-08,14.389172554016113
2002-11-11,14.063794136047363
2002-11-12,13.969789505004883
2002-11-13,14.07824993133545
2002-11-14,14.092713356018066
2002-11-15,14.295172691345215
2002-11-18,14.034867286682129
2002-11-19,14.121633529663086
2002-11-20,14.454252243041992
2002-11-21,14.613325119018555
2002-11-22,14.996553421020508
2002-11-25,14.996553421020508
2002-11-26,14.649481773376465
2002-11-27,15.40147876739502
2002-11-29,15.329170227050781
2002-12-02,15.415937423706055
2002-12-03,15.314706802368164
2002-12-04,14.497636795043945
2002-12-05,14.707328796386719
2002-12-06,14.678403854370117
2002-12-09,14.24455738067627
2002-12-10,14.51932430267334
2002-12-11,14.418100357055664
2002-12-12,14.685633659362793
2002-12-13,14.663938522338867
2002-12-16,14.649481773376465
2002-12-17,14.700094223022461
2002-12-18,14.52656078338623
2002-12-19,14.541020393371582
2002-12-20,14.671174049377441
2002-12-23,14.3096342086792
2002-12-24,13.883020401000977
2002-12-26,13.752870559692383
2002-12-27,13.253950119018555
2002-12-30,13.290102005004883
2002-12-31,13.268413543701172
2003-01-02,13.579328536987305
2003-01-03,14.208405494689941
2003-01-06,14.59886646270752
2003-01-07,14.063794136047363
2003-01-08,13.846864700317383
2003-01-09,13.846864700317383
2003-01-10,13.572099685668945
2003-01-13,14.013175010681152
2003-01-14,14.23732852935791
2003-01-15,13.810713768005371
2003-01-16,13.969789505004883
2003-01-17,13.507023811340332
2003-01-21,13.579328536987305
2003-01-22,13.304563522338867
2003-01-23,13.745637893676758
2003-01-24,12.877945899963379
2003-01-27,12.653794288635254
2003-01-28,13.188867568969727
2003-01-29,12.726101875305176
2003-01-30,12.552567481994629
2003-01-31,12.747796058654785
2003-02-03,13.065951347351074
2003-02-04,12.769486427307129
2003-02-05,12.870719909667969
2003-02-06,12.581490516662598
2003-02-07,12.2705659866333
2003-02-10,12.28503131866455
2003-02-11,11.988566398620605
2003-02-12,12.234411239624023
2003-02-13,12.003028869628906
2003-02-14,12.299490928649902
2003-02-18,12.733333587646484
2003-02-19,12.661026000976562
2003-02-20,12.870719909667969
2003-02-21,12.935795783996582
2003-02-24,12.964716911315918
2003-02-25,12.726101875305176
2003-02-26,12.46579647064209
2003-02-27,12.538102149963379
2003-02-28,12.28503131866455
2003-03-03,12.552567481994629
2003-03-04,12.14764404296875
2003-03-05,11.836722373962402
2003-03-06,11.569185256958008
2003-03-07,11.5619535446167
2003-03-10,11.157034873962402
2003-03-11,10.896724700927734
2003-03-12,10.896724700927734
2003-03-13,11.460722923278809
2003-03-14,11.229338645935059
2003-03-17,11.1281099319458
2003-03-18,11.258262634277344
2003-03-19,11.272725105285645
2003-03-20,11.930720329284668
2003-03-21,12.256105422973633
2003-03-24,11.605338096618652
2003-03-25,11.533028602600098
2003-03-26,11.598109245300293
2003-03-27,11.402876853942871
2003-03-28,11.41010856628418
2003-03-31,10.860572814941406
2003-04-01,11.034110069274902
2003-04-02,11.294413566589355
2003-04-03,11.099187850952148
2003-04-04,11.34503173828125
2003-04-07,11.757184028625488
2003-04-08,11.670413970947266
2003-04-09,11.424572944641113
2003-04-10,11.865644454956055
2003-04-11,12.039182662963867
2003-04-14,12.422411918640137
2003-04-15,12.668258666992188
2003-04-16,12.870719909667969
2003-04-17,13.015335083007812
2003-04-21,13.116559982299805
2003-04-22,12.726101875305176
2003-04-23,12.545333862304688
2003-04-24,12.11148738861084
2003-04-25,11.612570762634277
2003-04-28,12.010261535644531
2003-04-29,12.43687629699707
2003-04-30,12.487491607666016
2003-05-01,12.501951217651367
2003-05-02,12.624873161315918
2003-05-05,12.617645263671875
2003-05-06,12.921331405639648
2003-05-07,13.12378978729248
2003-05-08,13.051488876342773
2003-05-09,13.304563522338867
2003-05-12,13.680562019348145
2003-05-13,13.0731782913208
2003-05-14,12.870719909667969
2003-05-15,13.261178970336914
2003-05-16,12.914102554321289
2003-05-19,12.50918197631836
2003-05-20,12.74056625366211
2003-05-21,12.61041259765625
2003-05-22,12.76225757598877
2003-05-23,12.906871795654297
2003-05-27,13.152718544006348
2003-05-28,13.253950119018555
2003-05-29,13.261178970336914
2003-05-30,13.376869201660156
2003-06-02,13.673330307006836
2003-06-03,13.463642120361328
2003-06-04,13.738404273986816
2003-06-05,13.789023399353027
2003-06-06,13.825174331665039
2003-06-09,13.731180191040039
2003-06-10,14.085479736328125
2003-06-11,14.165022850036621
2003-06-12,14.23009967803955
2003-06-13,14.11440372467041
2003-06-16,14.432555198669434
2003-06-17,14.497636795043945
2003-06-18,14.700094223022461
2003-06-19,14.895325660705566
2003-06-20,14.736249923706055
2003-06-23,14.316864967346191
2003-06-24,14.266253471374512
2003-06-25,14.425329208374023
2003-06-26,14.808554649353027
2003-06-27,14.59886646270752
2003-06-30,14.454252243041992
2003-07-01,14.606095314025879
2003-07-02,15.011013984680176
2003-07-03,15.119479179382324
2003-07-07,15.365323066711426
2003-07-08,15.900400161743164
2003-07-09,15.835320472717285
2003-07-10,15.379782676696777
2003-07-11,15.625628471374512
2003-07-14,16.269166946411133
2003-07-15,15.770243644714355
2003-07-16,15.907630920410156
2003-07-17,15.40147876739502
2003-07-18,15.473785400390625
2003-07-21,15.047171592712402
2003-07-22,15.50993824005127
2003-07-23,15.27855110168457
2003-07-24,15.567784309387207
2003-07-25,15.871478080749512
2003-07-28,15.907630920410156
2003-07-29,16.124549865722656
2003-07-30,16.001628875732422
2003-07-31,15.690706253051758
2003-08-01,16.001628875732422
2003-08-04,15.871478080749512
2003-08-05,15.748551368713379
2003-08-06,15.53162956237793
2003-08-07,15.625628471374512
2003-08-08,15.430401802062988
2003-08-11,15.481011390686035
2003-08-12,15.220708847045898
2003-08-13,15.53162956237793
2003-08-14,16.088396072387695
2003-08-15,16.19685935974121
2003-08-18,16.269166946411133
2003-08-19,16.413780212402344
2003-08-20,16.478857040405273
2003-08-21,17.10070037841797
2003-08-22,16.883777618408203
2003-08-25,16.840394973754883
2003-08-26,16.8259334564209
2003-08-27,16.79701805114746
2003-08-28,16.666858673095703
2003-08-29,16.912700653076172
2003-09-02,17.173009872436523
2003-09-03,17.035625457763672
2003-09-04,17.12962532043457
2003-09-05,17.021163940429688
2003-09-08,17.238086700439453
2003-09-09,16.847623825073242
2003-09-10,16.666858673095703
2003-09-11,16.99224090576172
2003-09-12,16.645164489746094
2003-09-15,16.52947425842285
2003-09-16,17.05731964111328
2003-09-17,16.999473571777344
2003-09-18,16.985008239746094
2003-09-19,16.594552993774414
2003-09-22,15.914862632751465
2003-09-23,16.16070556640625
2003-09-24,15.849786758422852
2003-09-25,15.755783081054688
2003-09-26,15.575016975402832
2003-09-29,15.669013023376465
2003-09-30,15.43763256072998
2003-10-01,16.117319107055664
2003-10-02,16.413780212402344
2003-10-03,16.782548904418945
2003-10-06,16.753625869750977
2003-10-07,16.57286262512207
2003-10-08,16.305322647094727
2003-10-09,16.746395111083984
2003-10-10,17.317626953125
2003-10-13,17.635774612426758
2003-10-14,17.310392379760742
2003-10-15,16.862091064453125
2003-10-16,17.107934951782227
2003-10-17,16.847623825073242
2003-10-20,17.136852264404297
2003-10-21,17.30316162109375
2003-10-22,17.028390884399414
2003-10-23,16.55839729309082
2003-10-24,16.290861129760742
2003-10-27,16.847623825073242
2003-10-28,17.10070037841797
2003-10-29,17.346546173095703
2003-10-30,17.563465118408203
2003-10-31,17.491165161132812
2003-11-03,17.58515739440918
2003-11-04,17.54900360107422
2003-11-05,17.982851028442383
2003-11-06,17.534543991088867
2003-11-07,17.9033145904541
2003-11-10,17.758699417114258
2003-11-11,17.628543853759766
2003-11-12,18.033462524414062
2003-11-13,18.264854431152344
2003-11-14,18.062389373779297
2003-11-17,17.44778060913086
2003-11-18,17.534543991088867
2003-11-19,17.173009872436523
2003-11-20,16.818708419799805
2003-11-21,16.840394973754883
2003-11-24,16.688547134399414
2003-11-25,16.8259334564209
2003-11-26,16.919931411743164
2003-11-28,17.11516571044922
2003-12-01,17.946699142456055
2003-12-02,17.802087783813477
2003-12-03,17.72254753112793
2003-12-04,17.831003189086914
2003-12-05,17.201934814453125
2003-12-08,17.40439224243164
2003-12-09,17.079008102416992
2003-12-10,17.353776931762695
2003-12-11,17.88161849975586
2003-12-12,17.95392608642578
2003-12-15,17.982851028442383
2003-12-16,17.888853073120117
2003-12-17,17.570697784423828
2003-12-18,17.946699142456055
2003-12-19,17.82377052307129
2003-12-22,17.79612922668457
2003-12-23,17.679716110229492
2003-12-24,17.64333724975586
2003-12-26,17.585140228271484
2003-12-29,17.781579971313477
2003-12-30,18.145353317260742
2003-12-31,18.27968406677246
2004-01-02,18.76149559020996
2004-01-05,18.870994567871094
2004-01-06,18.578989028930664
2004-01-07,18.651987075805664
2004-01-08,18.790691375732422
2004-01-09,19.053503036499023
2004-01-12,19.528013229370117
2004-01-13,19.126502990722656
2004-01-14,19.345510482788086
2004-01-15,19.19220542907715
2004-01-16,19.287109375
2004-01-20,19.549915313720703
2004-01-21,19.914926528930664
2004-01-22,20.272634506225586
2004-01-23,19.85651969909668
2004-01-26,20.294538497924805
2004-01-27,19.557214736938477
2004-01-28,19.528013229370117
2004-01-29,19.49151039123535
2004-01-30,19.403907775878906
2004-02-02,19.513416290283203
2004-02-03,19.221405029296875
2004-02-04,18.98780059814453
2004-02-05,19.272506713867188
2004-02-06,19.812725067138672
2004-02-09,20.031728744506836
2004-02-10,20.22153091430664
2004-02-11,20.696044921875
2004-02-12,20.469738006591797
2004-02-13,20.557342529296875
2004-02-17,20.776350021362305
2004-02-18,20.40403938293457
2004-02-19,20.352935791015625
2004-02-20,20.002525329589844
2004-02-23,19.86382293701172
2004-02-24,19.615615844726562
2004-02-25,19.754316329956055
2004-02-26,19.688617706298828
2004-02-27,20.163129806518555
2004-03-01,20.38214111328125
2004-03-02,20.542739868164062
2004-03-03,20.40403938293457
2004-03-04,20.8055477142334
2004-03-05,20.907751083374023
2004-03-08,20.40403938293457
2004-03-09,20.250730514526367
2004-03-10,19.637516021728516
2004-03-11,19.622913360595703
2004-03-12,19.250606536865234
2004-03-15,19.031597137451172
2004-03-16,19.309005737304688
2004-03-17,19.995222091674805
2004-03-18,19.871122360229492
2004-03-19,19.820022583007812
2004-03-22,19.3966064453125
2004-03-23,19.820022583007812
2004-03-24,19.67401885986328
2004-03-25,19.95872688293457
2004-03-26,19.820022583007812
2004-03-29,20.301834106445312
2004-03-30,20.22883415222168
2004-03-31,20.579238891601562
2004-04-01,20.86394691467285
2004-04-02,20.951549530029297
2004-04-05,21.16325569152832
2004-04-06,21.309263229370117
2004-04-07,21.389558792114258
2004-04-08,21.666967391967773
2004-04-12,21.93707847595215
2004-04-13,21.404163360595703
2004-04-14,21.280065536499023
2004-04-15,21.221656799316406
2004-04-16,20.878551483154297
2004-04-19,21.090255737304688
2004-04-20,21.16325569152832
2004-04-21,21.506362915039062
2004-04-22,21.426061630249023
2004-04-23,21.637771606445312
2004-04-26,21.024555206298828
2004-04-27,20.988054275512695
2004-04-28,20.031728744506836
2004-04-29,19.002399444580078
2004-04-30,18.870994567871094
2004-05-03,19.104604721069336
2004-05-04,19.2141056060791
2004-05-05,19.2141056060791
2004-05-06,18.432987213134766
2004-05-07,18.17747688293457
2004-05-10,17.03134536743164
2004-05-11,17.367158889770508
2004-05-12,17.666467666625977
2004-05-13,17.337955474853516
2004-05-14,16.746639251708984
2004-05-17,15.980119705200195
2004-05-18,16.440031051635742
2004-05-19,17.045948028564453
2004-05-20,17.13355255126953
2004-05-21,17.4693546295166
2004-05-24,17.52775764465332
2004-05-25,17.651865005493164
2004-05-26,17.67375946044922
2004-05-27,17.99497413635254
2004-05-28,18.14097785949707
2004-06-01,18.13367462158203
2004-06-02,17.9876708984375
2004-06-03,17.148151397705078
2004-06-04,17.381759643554688
2004-06-07,18.243179321289062
2004-06-08,18.170177459716797
2004-06-09,17.476659774780273
2004-06-10,17.301456451416016
2004-06-14,16.2064266204834
2004-06-15,16.826942443847656
2004-06-16,16.513038635253906
2004-06-17,16.615234375
2004-06-18,16.440031051635742
2004-06-21,16.425430297851562
2004-06-22,16.644437789916992
2004-06-23,16.57143211364746
2004-06-24,17.155454635620117
2004-06-25,17.56426239013672
2004-06-28,17.337955474853516
2004-06-29,17.483964920043945
2004-06-30,17.7686710357666
2004-07-01,17.264951705932617
2004-07-02,16.929141998291016
2004-07-06,16.717437744140625
2004-07-07,16.936445236206055
2004-07-08,16.5057315826416
2004-07-09,16.71013641357422
2004-07-12,16.67363739013672
2004-07-13,16.841541290283203
2004-07-14,16.2064266204834
2004-07-15,16.06772232055664
2004-07-16,16.345129013061523
2004-07-19,16.5057315826416
2004-07-20,16.425430297851562
2004-07-21,16.21372413635254
2004-07-22,16.454633712768555
2004-07-23,16.03122329711914
2004-07-26,16.03122329711914
2004-07-27,16.279430389404297
2004-07-28,16.330530166625977
2004-07-29,16.169925689697266
2004-07-30,16.096925735473633
2004-08-02,15.94361686706543
2004-08-03,15.804916381835938
2004-08-04,15.994721412658691
2004-08-05,16.242929458618164
2004-08-06,15.987421035766602
2004-08-09,16.35973358154297
2004-08-10,16.75394058227539
2004-08-11,16.768539428710938
2004-08-12,16.826942443847656
2004-08-13,17.118947982788086
2004-08-16,17.301456451416016
2004-08-17,17.118947982788086
2004-08-18,17.432857513427734
2004-08-19,17.505863189697266
2004-08-20,17.67375946044922
2004-08-23,17.520456314086914
2004-08-24,17.58616828918457
2004-08-25,17.812471389770508
2004-08-26,17.97307777404785
2004-08-27,17.878171920776367
2004-08-30,17.556962966918945
2004-08-31,17.702964782714844
2004-09-01,18.067974090576172
2004-09-02,18.316179275512695
2004-09-03,18.316179275512695
2004-09-07,18.009572982788086
2004-09-08,17.878171920776367
2004-09-09,18.053373336791992
2004-09-10,18.45488739013672
2004-09-13,18.805294036865234
2004-09-14,18.74688720703125
2004-09-15,18.578989028930664
2004-09-16,18.870994567871094
2004-09-17,18.76149559020996
2004-09-20,18.732295989990234
2004-09-21,18.936695098876953
2004-09-22,18.13367462158203
2004-09-23,18.155580520629883
2004-09-24,18.345382690429688
2004-09-27,18.184778213500977
2004-09-28,18.250478744506836
2004-09-29,18.316179275512695
2004-09-30,18.250478744506836
2004-10-01,18.81259536743164
2004-10-04,19.345510482788086
2004-10-05,18.797996520996094
2004-10-06,19.462308883666992
2004-10-07,19.301706314086914
2004-10-08,19.090003967285156
2004-10-11,19.170303344726562
2004-10-12,18.688493728637695
2004-10-13,18.484081268310547
2004-10-14,18.184778213500977
2004-10-15,18.27968406677246
2004-10-18,18.520584106445312
2004-10-19,18.52788734436035
2004-10-20,18.213979721069336
2004-10-21,18.03148078918457
2004-10-22,17.81977081298828
2004-10-25,17.8051700592041
2004-10-26,17.98037338256836
2004-10-27,18.396486282348633
2004-10-28,18.432987213134766
2004-10-29,18.644689559936523
2004-11-01,18.637388229370117
2004-11-02,18.929399490356445
2004-11-03,19.236005783081055
2004-11-04,19.45501136779785
2004-11-05,19.345510482788086
2004-11-08,19.16300392150879
2004-11-09,18.980497360229492
2004-11-10,19.03890037536621
2004-11-11,19.360107421875
2004-11-12,19.89301872253418
2004-11-15,20.206933975219727
2004-11-16,19.93682289123535
2004-11-17,20.520841598510742
2004-11-18,20.425935745239258
2004-11-19,20.031728744506836
2004-11-22,19.907623291015625
2004-11-23,20.002525329589844
2004-11-24,20.40403938293457
2004-11-26,20.440534591674805
2004-11-29,20.40403938293457
2004-11-30,20.63034439086914
2004-12-01,20.951549530029297
2004-12-02,20.951549530029297
2004-12-03,20.84204864501953
2004-12-06,20.732540130615234
2004-12-07,20.133930206298828
2004-12-08,20.163129806518555
2004-12-09,20.039030075073242
2004-12-10,19.403907775878906
2004-12-13,19.535322189331055
2004-12-14,19.710519790649414
2004-12-15,20.177730560302734
2004-12-16,20.258031845092773
2004-12-17,20.331035614013672
2004-12-20,20.63034439086914
2004-12-21,20.659543991088867
2004-12-22,20.615741729736328
2004-12-23,20.659700393676758
2004-12-27,20.68900489807129
2004-12-28,20.864830017089844
2004-12-29,20.930763244628906
2004-12-30,21.245792388916016
2004-12-31,21.428943634033203
2005-01-03,21.135896682739258
2005-01-04,20.557130813598633
2005-01-05,20.696331024169922
2005-01-06,20.35200309753418
2005-01-07,20.29339027404785
2005-01-10,20.44723892211914
2005-01-11,20.835525512695312
2005-01-12,20.93809700012207
2005-01-13,21.135896682739258
2005-01-14,21.868511199951172
2005-01-18,22.41064453125
2005-01-19,21.978404998779297
2005-01-20,21.949094772338867
2005-01-21,22.015029907226562
2005-01-24,22.234819412231445
2005-01-25,22.190860748291016
2005-01-26,22.586471557617188
2005-01-27,22.520538330078125
2005-01-28,22.271448135375977
2005-01-31,22.68903923034668
2005-02-01,22.637754440307617
2005-02-02,22.505887985229492
2005-02-03,22.54251480102539
2005-02-04,23.00406265258789
2005-02-07,23.223846435546875
2005-02-08,23.3557186126709
2005-02-09,23.187211990356445
2005-02-10,22.872188568115234
2005-02-11,23.223846435546875
2005-02-14,23.524219512939453
2005-02-15,23.773305892944336
2005-02-16,23.692716598510742
2005-02-17,23.590152740478516
2005-02-18,24.139610290527344
2005-02-22,24.007741928100586
2005-02-23,24.161588668823242
2005-02-24,24.505922317504883
2005-02-25,24.99677085876465
2005-02-28,25.150615692138672
2005-03-01,25.363073348999023
2005-03-02,24.90152931213379
2005-03-03,25.092010498046875
2005-03-04,25.275165557861328
2005-03-07,25.026079177856445
2005-03-08,24.798961639404297
2005-03-09,24.7550048828125
2005-03-10,24.57918357849121
2005-03-11,25.018749237060547
2005-03-14,25.026079177856445
2005-03-15,24.205554962158203
2005-03-16,23.993087768554688
2005-03-17,24.11031150817871
2005-03-18,24.139610290527344
2005-03-21,23.897850036621094
2005-03-22,23.67074203491211
2005-03-23,23.590152740478516
2005-03-24,23.341062545776367
2005-03-28,23.62678337097168
2005-03-29,23.00406265258789
2005-03-30,23.179887771606445
2005-03-31,23.30443000793457
2005-04-01,23.590152740478516
2005-04-04,23.82459259033203
2005-04-05,23.95646095275879
2005-04-06,24.139610290527344
2005-04-07,24.396026611328125
2005-04-08,24.17624282836914
2005-04-11,23.912500381469727
2005-04-12,24.10298728942871
2005-04-13,23.817258834838867
2005-04-14,22.894168853759766
2005-04-15,22.593799591064453
2005-04-18,22.45460319519043
2005-04-19,22.857542037963867
2005-04-20,22.54251480102539
2005-04-21,23.172561645507812
2005-04-22,22.820913314819336
2005-04-25,23.333742141723633
2005-04-26,23.113956451416016
2005-04-27,22.67438507080078
2005-04-28,22.264122009277344
2005-04-29,22.593799591064453
2005-05-02,22.4252986907959
2005-05-03,22.293420791625977
2005-05-04,23.297103881835938
2005-05-05,23.187211990356445
2005-05-06,23.223846435546875
2005-05-09,23.216522216796875
2005-05-10,22.820913314819336
2005-05-11,22.857542037963867
2005-05-12,22.46192741394043
2005-05-13,22.549840927124023
2005-05-16,22.820913314819336
2005-05-17,22.84288787841797
2005-05-18,23.297103881835938
2005-05-19,23.568174362182617
2005-05-20,23.502239227294922
2005-05-23,23.55352020263672
2005-05-24,23.656084060668945
2005-05-25,23.260473251342773
2005-05-26,23.516887664794922
2005-05-27,23.656084060668945
2005-05-31,23.55352020263672
2005-06-01,23.765974044799805
2005-06-02,23.685392379760742
2005-06-03,23.700044631958008
2005-06-06,23.912500381469727
2005-06-07,23.685392379760742
2005-06-08,23.809934616088867
2005-06-09,24.02971649169922
2005-06-10,24.081003189086914
2005-06-13,24.007741928100586
2005-06-14,24.007741928100586
2005-06-15,24.374040603637695
2005-06-16,24.396026611328125
2005-06-17,24.483938217163086
2005-06-20,24.06634521484375
2005-06-21,24.022397994995117
2005-06-22,24.227529525756836
2005-06-23,24.17624282836914
2005-06-24,23.94181251525879
2005-06-27,23.736677169799805
2005-06-28,23.809934616088867
2005-06-29,23.62678337097168
2005-06-30,23.443628311157227
2005-07-01,23.736677169799805
2005-07-05,23.509565353393555
2005-07-06,23.30443000793457
2005-07-07,23.43630599975586
2005-07-08,23.700044631958008
2005-07-11,24.476612091064453
2005-07-12,24.718379974365234
2005-07-13,24.68906593322754
2005-07-14,25.311790466308594
2005-07-15,25.018749237060547
2005-07-18,25.018749237060547
2005-07-19,25.494945526123047
2005-07-20,25.363073348999023
2005-07-21,25.78799057006836
2005-07-22,25.736711502075195
2005-07-25,25.846601486206055
2005-07-26,25.824623107910156
2005-07-27,25.89788246154785
2005-07-28,26.396060943603516
2005-07-29,26.36675262451172
2005-08-01,26.718406677246094
2005-08-02,27.0773983001709
2005-08-03,26.923545837402344
2005-08-04,26.630508422851562
2005-08-05,25.824623107910156
2005-08-08,26.081031799316406
2005-08-09,26.689105987548828
2005-08-10,26.740386962890625
2005-08-11,27.326486587524414
2005-08-12,27.34113311767578
2005-08-15,27.253223419189453
2005-08-16,26.52060317993164
2005-08-17,26.81364631652832
2005-08-18,25.978469848632812
2005-08-19,25.956497192382812
2005-08-22,26.72573471069336
2005-08-23,26.447343826293945
2005-08-24,25.604839324951172
2005-08-25,26.037084579467773
2005-08-26,25.429012298583984
2005-08-29,25.429012298583984
2005-08-30,25.165273666381836
2005-08-31,25.71473503112793
2005-09-01,26.308149337768555
2005-09-02,26.81364631652832
2005-09-06,27.216590881347656
2005-09-07,27.619522094726562
2005-09-08,27.39974594116211
2005-09-09,27.91256332397461
2005-09-12,27.80268096923828
2005-09-13,27.626850128173828
2005-09-14,27.963850021362305
2005-09-15,28.242244720458984
2005-09-16,28.366790771484375
2005-09-19,28.755075454711914
2005-09-20,28.42540168762207
2005-09-21,28.65250587463379
2005-09-22,28.87961769104004
2005-09-23,28.27887725830078
2005-09-26,28.755075454711914
2005-09-27,28.718446731567383
2005-09-28,29.077423095703125
2005-09-29,29.084754943847656
2005-09-30,28.90160369873047
2005-10-03,28.696468353271484
2005-10-04,28.99683380126953
2005-10-05,28.352144241333008
2005-10-06,27.41440200805664
2005-10-07,28.103052139282227
2005-10-10,28.308183670043945
2005-10-11,28.850317001342773
2005-10-12,27.766048431396484
2005-10-13,27.275196075439453
2005-10-14,27.50963020324707
2005-10-17,27.12866973876953
2005-10-18,26.71108627319336
2005-10-19,26.71108627319336
2005-10-20,26.154296875
2005-10-21,27.048078536987305
2005-10-24,27.40706443786621
2005-10-25,26.916221618652344
2005-10-26,27.245893478393555
2005-10-27,26.70375633239746
2005-10-28,26.77702522277832
2005-10-31,27.289846420288086
2005-11-01,27.80268096923828
2005-11-02,28.696468353271484
2005-11-03,28.747753143310547
2005-11-04,28.27887725830078
2005-11-07,28.300851821899414
2005-11-08,28.28619956970215
2005-11-09,28.608549118041992
2005-11-10,28.82833480834961
2005-11-11,29.45838165283203
2005-11-14,29.568273544311523
2005-11-15,29.216623306274414
2005-11-16,29.52432632446289
2005-11-17,29.846668243408203
2005-11-18,29.897951126098633
2005-11-21,29.58293342590332
2005-11-22,28.967540740966797
2005-11-23,30.03714942932129
2005-11-25,29.949237823486328
2005-11-28,29.670854568481445
2005-11-29,29.65618324279785
2005-11-30,29.883296966552734
2005-12-01,30.659866333007812
2005-12-02,30.425430297851562
2005-12-05,30.491369247436523
2005-12-06,31.06281280517578
2005-12-07,30.916292190551758
2005-12-08,30.916292190551758
2005-12-09,31.055479049682617
2005-12-12,31.392486572265625
2005-12-13,31.7368221282959
2005-12-14,31.7368221282959
2005-12-15,31.648897171020508
2005-12-16,31.35585594177246
2005-12-19,31.495059967041016
2005-12-20,31.7294921875
2005-12-21,32.38151931762695
2005-12-22,32.337554931640625
2005-12-23,32.7281379699707
2005-12-27,32.787105560302734
2005-12-28,32.971343994140625
2005-12-29,33.052398681640625
2005-12-30,32.978702545166016
2006-01-03,34.202056884765625
2006-01-04,34.30522155761719
2006-01-05,34.17995071411133
2006-01-06,34.872684478759766
2006-01-09,34.983219146728516
2006-01-10,34.31996154785156
2006-01-11,34.415767669677734
2006-01-12,34.165199279785156
2006-01-13,34.40839767456055
2006-01-17,33.442989349365234
2006-01-18,32.86079788208008
2006-01-19,33.59038543701172
2006-01-20,32.02067565917969
2006-01-23,32.5881233215332
2006-01-24,33.62723159790039
2006-01-25,34.13572692871094
2006-01-26,34.769500732421875
2006-01-27,35.40328598022461
2006-01-30,35.27063751220703
2006-01-31,35.52857208251953
2006-02-01,35.00533676147461
2006-02-02,34.36418533325195
2006-02-03,33.641971588134766
2006-02-06,34.45998001098633
2006-02-07,33.41351318359375
2006-02-08,33.57563781738281
2006-02-09,33.59774398803711
2006-02-10,33.9367561340332
2006-02-13,32.720767974853516
2006-02-14,33.87041473388672
2006-02-15,33.030296325683594
2006-02-16,33.56827926635742
2006-02-17,33.70092010498047
2006-02-21,34.05466079711914
2006-02-22,33.96623229980469
2006-02-23,34.34206771850586
2006-02-24,34.717926025390625
2006-02-27,35.06428909301758
2006-02-28,34.202056884765625
2006-03-01,34.813724517822266
2006-03-02,34.53368377685547
2006-03-03,33.56827926635742
2006-03-06,33.236629486083984
2006-03-07,31.94696617126465
2006-03-08,32.52916717529297
2006-03-09,32.241756439208984
2006-03-10,32.94922637939453
2006-03-13,33.27348709106445
2006-03-14,33.671443939208984
2006-03-15,33.70092010498047
2006-03-16,33.384033203125
2006-03-17,33.82620620727539
2006-03-20,34.23152542114258
2006-03-21,33.49457931518555
2006-03-22,33.258750915527344
2006-03-23,32.93449020385742
2006-03-24,33.12609100341797
2006-03-27,33.59774398803711
2006-03-28,33.17768859863281
2006-03-29,33.781978607177734
2006-03-30,33.723026275634766
2006-03-31,34.37892150878906
2006-04-03,35.1085090637207
2006-04-04,35.705440521240234
2006-04-05,36.1992073059082
2006-04-06,36.177093505859375
2006-04-07,35.92652130126953
2006-04-10,35.9044189453125
2006-04-11,35.02006912231445
2006-04-12,34.93900680541992
2006-04-13,35.617008209228516
2006-04-17,36.265525817871094
2006-04-18,37.068809509277344
2006-04-19,37.135128021240234
2006-04-20,37.02458953857422
2006-04-21,37.27515411376953
2006-04-24,36.92877960205078
2006-04-25,36.74455261230469
2006-04-26,37.562564849853516
2006-04-27,37.24567413330078
2006-04-28,36.55293655395508
2006-05-01,36.77402114868164
2006-05-02,37.348846435546875
2006-05-03,37.319366455078125
2006-05-04,37.64362716674805
2006-05-05,37.953147888183594
2006-05-08,38.43217086791992
2006-05-09,38.10054397583008
2006-05-10,38.12264633178711
2006-05-11,37.407806396484375
2006-05-12,36.71506881713867
2006-05-15,35.94126892089844
2006-05-16,35.705440521240234
2006-05-17,34.983219146728516
2006-05-18,34.62948226928711
2006-05-19,35.263267517089844
2006-05-22,33.62723159790039
2006-05-23,33.789363861083984
2006-05-24,33.641971588134766
2006-05-25,33.907264709472656
2006-05-26,34.2978515625
2006-05-30,32.750247955322266
2006-05-31,33.384033203125
2006-06-01,33.76723861694336
2006-06-02,33.796730041503906
2006-06-05,32.757625579833984
2006-06-06,32.64706802368164
2006-06-07,32.123844146728516
2006-06-08,31.15842628479004
2006-06-09,30.944711685180664
2006-06-12,30.50991439819336
2006-06-13,29.52239227294922
2006-06-14,30.716259002685547
2006-06-15,31.836427688598633
2006-06-16,31.6374568939209
2006-06-19,30.944711685180664
2006-06-20,30.642566680908203
2006-06-21,31.320560455322266
2006-06-22,30.915239334106445
2006-06-23,30.988935470581055
2006-06-26,31.025787353515625
2006-06-27,30.649927139282227
2006-06-28,31.246868133544922
2006-06-29,32.82394790649414
2006-06-30,33.25137710571289
2006-07-03,33.75251007080078
2006-07-05,32.462833404541016
2006-07-06,32.6323356628418
2006-07-07,32.308074951171875
2006-07-10,33.052398681640625
2006-07-11,33.192420959472656
2006-07-12,32.79446792602539
2006-07-13,31.94696617126465
2006-07-14,31.54164695739746
2006-07-17,31.283720016479492
2006-07-18,31.025787353515625
2006-07-19,32.23439407348633
2006-07-20,31.873271942138672
2006-07-21,31.689037322998047
2006-07-24,32.64706802368164
2006-07-25,32.610225677490234
2006-07-26,32.79446792602539
2006-07-27,33.199790954589844
2006-07-28,33.60512161254883
2006-07-31,33.27348709106445
2006-08-01,32.425987243652344
2006-08-02,32.87553405761719
2006-08-03,32.77236557006836
2006-08-04,32.99344253540039
2006-08-07,32.683929443359375
2006-08-08,32.83131408691406
2006-08-09,32.98607635498047
2006-08-10,33.052398681640625
2006-08-11,32.425987243652344
2006-08-14,32.462833404541016
2006-08-15,33.04502868652344
2006-08-16,33.29560470581055
2006-08-17,33.641971588134766
2006-08-18,33.86304473876953
2006-08-21,33.50931930541992
2006-08-22,33.82620620727539
2006-08-23,33.28822708129883
2006-08-24,33.052398681640625
2006-08-25,33.280853271484375
2006-08-28,33.37666702270508
2006-08-29,33.82620620727539
2006-08-30,33.612491607666016
2006-08-31,33.796730041503906
2006-09-01,34.253639221191406
2006-09-05,34.452613830566406
2006-09-06,33.91464614868164
2006-09-07,33.80409240722656
2006-09-08,34.00307083129883
2006-09-11,33.236629486083984
2006-09-12,33.656707763671875
2006-09-13,33.53142547607422
2006-09-14,33.75251007080078
2006-09-15,34.12099075317383
2006-09-18,34.52631378173828
2006-09-19,34.415767669677734
2006-09-20,35.00533676147461
2006-09-21,34.703189849853516
2006-09-22,34.12099075317383
2006-09-25,34.717926025390625
2006-09-26,34.52631378173828
2006-09-27,34.74740219116211
2006-09-28,34.968482971191406
2006-09-29,34.08414077758789
2006-10-02,34.614749908447266
2006-10-03,34.555789947509766
2006-10-04,34.7326545715332
2006-10-05,35.21905517578125
2006-10-06,34.857940673828125
2006-10-09,33.53142547607422
2006-10-10,33.612491607666016
2006-10-11,33.45772933959961
2006-10-12,34.098880767822266
2006-10-13,34.2167854309082
2006-10-16,34.489463806152344
2006-10-17,34.209415435791016
2006-10-18,34.30522155761719
2006-10-19,34.23889923095703
2006-10-20,34.246273040771484
2006-10-23,34.32733917236328
2006-10-24,34.356815338134766
2006-10-25,34.69580841064453
2006-10-26,34.89478302001953
2006-10-27,34.452613830566406
2006-10-30,34.34944152832031
2006-10-31,34.813724517822266
2006-11-01,34.71055603027344
2006-11-02,35.056915283203125
2006-11-03,35.204307556152344
2006-11-06,35.44013595581055
2006-11-07,35.30011749267578
2006-11-08,35.39591598510742
2006-11-09,35.72754669189453
2006-11-10,35.78650665283203
2006-11-13,36.08128356933594
2006-11-14,36.42028045654297
2006-11-15,36.33185577392578
2006-11-16,36.3023681640625
2006-11-17,36.15498352050781
2006-11-20,35.94126892089844
2006-11-21,36.21393966674805
2006-11-22,36.6192512512207
2006-11-24,36.39817428588867
2006-11-27,35.889686584472656
2006-11-28,36.01495361328125
2006-11-29,36.479244232177734
2006-11-30,36.479244232177734
2006-12-01,36.48662185668945
2006-12-04,36.88456726074219
2006-12-05,36.88456726074219
2006-12-06,36.59715270996094
2006-12-07,36.42028045654297
2006-12-08,35.85282897949219
2006-12-11,35.77912902832031
2006-12-12,35.432762145996094
2006-12-13,35.72017288208008
2006-12-14,36.84035110473633
2006-12-15,36.76665115356445
2006-12-18,36.63400650024414
2006-12-19,36.493980407714844
2006-12-20,36.89685821533203
2006-12-21,36.71878433227539
2006-12-22,36.473941802978516
2006-12-26,36.77814483642578
2006-12-27,36.837493896484375
2006-12-28,36.652015686035156
2006-12-29,36.652015686035156
2007-01-03,36.1549072265625
2007-01-04,35.7542610168457
2007-01-05,34.89360046386719
2007-01-08,34.960384368896484
2007-01-09,34.574562072753906
2007-01-10,34.46327209472656
2007-01-11,34.73038101196289
2007-01-12,35.50941848754883
2007-01-16,35.62070846557617
2007-01-17,35.33134460449219
2007-01-18,35.13102340698242
2007-01-19,35.22006607055664
2007-01-22,34.871341705322266
2007-01-23,35.29425048828125
2007-01-24,36.0584602355957
2007-01-25,35.1087760925293
2007-01-26,35.23490524291992
2007-01-29,34.90103530883789
2007-01-30,35.19779968261719
2007-01-31,35.10135269165039
2007-02-01,36.0213623046875
2007-02-02,36.40716552734375
2007-02-05,36.60749435424805
2007-02-06,37.0971794128418
2007-02-07,36.88943862915039
2007-02-08,36.68911361694336
2007-02-09,36.503623962402344
2007-02-12,36.39975357055664
2007-02-13,36.84492111206055
2007-02-14,37.41621017456055
2007-02-15,37.490413665771484
2007-02-16,37.779762268066406
2007-02-20,37.876220703125
2007-02-21,37.9800910949707
2007-02-22,38.180423736572266
2007-02-23,38.12106704711914
2007-02-26,38.061702728271484
2007-02-27,35.635555267333984
2007-02-28,36.34782028198242
2007-03-01,35.791358947753906
2007-03-02,35.405548095703125
2007-03-05,34.89360046386719
2007-03-06,36.46653747558594
2007-03-07,36.0584602355957
2007-03-08,36.86717224121094
2007-03-09,36.592655181884766
2007-03-12,37.3346061706543
2007-03-13,36.07329177856445
2007-03-14,36.61492156982422
2007-03-15,36.84492111206055
2007-03-16,36.60749435424805
2007-03-19,37.364280700683594
2007-03-20,37.401371002197266
2007-03-21,38.35105514526367
2007-03-22,37.57944869995117
2007-03-23,37.58686447143555
2007-03-26,37.55717468261719
2007-03-27,37.23072814941406
2007-03-28,36.91170120239258
2007-03-29,37.74266815185547
2007-03-30,37.52008056640625
2007-04-02,38.09880065917969
2007-04-03,38.67009353637695
2007-04-04,38.76655578613281
2007-04-05,38.90010070800781
2007-04-09,39.13010787963867
2007-04-10,39.08559036254883
2007-04-11,39.00397872924805
2007-04-12,39.93140411376953
2007-04-13,39.90171813964844
2007-04-16,40.064945220947266
2007-04-17,39.68655776977539
2007-04-18,39.7310676574707
2007-04-19,39.37494659423828
2007-04-20,39.983341217041016
2007-04-23,39.849796295166016
2007-04-24,40.035274505615234
2007-04-25,40.176246643066406
2007-04-26,40.07237243652344
2007-04-27,39.73849868774414
2007-04-30,39.367523193359375
2007-05-01,39.6939811706543
2007-05-02,40.450767517089844
2007-05-03,40.80690383911133
2007-05-04,40.547218322753906
2007-05-07,41.11109924316406
2007-05-08,41.06657409667969
2007-05-09,41.70465087890625
2007-05-10,40.80690383911133
2007-05-11,41.84562301635742
2007-05-14,41.43754959106445
2007-05-15,41.214962005615234
2007-05-16,42.05336380004883
2007-05-17,41.6230354309082
2007-05-18,41.48206329345703
2007-05-21,41.77143096923828
2007-05-22,42.19432830810547
2007-05-23,42.142391204833984
2007-05-24,41.40045166015625
2007-05-25,42.216590881347656
2007-05-29,42.253684997558594
2007-05-30,42.62465286254883
2007-05-31,43.10691833496094
2007-06-01,43.96015930175781
2007-06-04,44.553714752197266
2007-06-05,44.36823272705078
2007-06-06,43.744998931884766
2007-06-07,43.55207824707031
2007-06-08,44.44242858886719
2007-06-11,43.989837646484375
2007-06-12,43.6114387512207
2007-06-13,44.44983673095703
2007-06-14,45.458885192871094
2007-06-15,45.926307678222656
2007-06-18,46.13405990600586
2007-06-19,46.26017379760742
2007-06-20,45.43663024902344
2007-06-21,46.16373062133789
2007-06-22,44.88018035888672
2007-06-25,44.77629852294922
2007-06-26,44.301448822021484
2007-06-27,44.694679260253906
2007-06-28,44.85049057006836
2007-06-29,44.73920440673828
2007-07-02,46.00791931152344
2007-07-03,46.63115310668945
2007-07-05,47.35826110839844
2007-07-06,48.37472152709961
2007-07-09,48.71601486206055
2007-07-10,48.07052230834961
2007-07-11,48.58988952636719
2007-07-12,50.08119201660156
2007-07-13,50.897335052490234
2007-07-16,50.19248580932617
2007-07-17,50.229576110839844
2007-07-18,49.52473449707031
2007-07-19,50.02925491333008
2007-07-20,50.355709075927734
2007-07-23,51.49088668823242
2007-07-24,50.41506576538086
2007-07-25,51.157020568847656
2007-07-26,48.52312088012695
2007-07-27,47.595680236816406
2007-07-30,49.4134407043457
2007-07-31,48.946022033691406
2007-08-01,47.781166076660156
2007-08-02,47.7292366027832
2007-08-03,46.02275848388672
2007-08-06,47.74407958984375
2007-08-07,47.89987564086914
2007-08-08,49.12408447265625
2007-08-09,46.74244689941406
2007-08-10,46.11179733276367
2007-08-13,46.223087310791016
2007-08-14,44.81339645385742
2007-08-15,43.38144302368164
2007-08-16,41.75658416748047
2007-08-17,43.4036979675293
2007-08-20,43.507572174072266
2007-08-21,43.16627883911133
2007-08-22,45.08048629760742
2007-08-23,45.1620979309082
2007-08-24,46.10437774658203
2007-08-27,45.14726257324219
2007-08-28,44.182743072509766
2007-08-29,46.83148193359375
2007-08-30,46.297279357910156
2007-08-31,47.558589935302734
2007-09-04,48.00374984741211
2007-09-05,46.89083480834961
2007-09-06,47.751487731933594
2007-09-07,46.49760055541992
2007-09-10,46.208248138427734
2007-09-11,47.19502639770508
2007-09-12,46.66083526611328
2007-09-13,47.66244888305664
2007-09-14,47.87019729614258
2007-09-17,47.49923324584961
2007-09-18,49.18343734741211
2007-09-19,50.02183151245117
2007-09-20,49.4134407043457
2007-09-21,50.12571334838867
2007-09-24,50.52635192871094
2007-09-25,49.99215316772461
2007-09-26,50.68959426879883
2007-09-27,51.119911193847656
2007-09-28,50.49666976928711
2007-10-01,52.54444885253906
2007-10-02,53.345741271972656
2007-10-03,52.34410858154297
2007-10-04,52.62605667114258
2007-10-05,53.375423431396484
2007-10-08,52.82638168334961
2007-10-09,53.41993713378906
2007-10-10,53.58317184448242
2007-10-11,53.41993713378906
2007-10-12,53.4570426940918
2007-10-15,52.31444549560547
2007-10-16,50.897335052490234
2007-10-17,51.63927459716797
2007-10-18,52.047332763671875
2007-10-19,50.04409408569336
2007-10-22,49.83634567260742
2007-10-23,50.91218185424805
2007-10-24,50.31121063232422
2007-10-25,51.89894485473633
2007-10-26,54.24350357055664
2007-10-29,55.022525787353516
2007-10-30,53.605430603027344
2007-10-31,55.46771240234375
2007-11-01,52.93024826049805
2007-11-02,52.97477340698242
2007-11-05,51.943477630615234
2007-11-06,54.79254150390625
2007-11-07,52.60380172729492
2007-11-08,51.594757080078125
2007-11-09,50.94184494018555
2007-11-12,48.693748474121094
2007-11-13,51.70604705810547
2007-11-14,51.55765914916992
2007-11-15,50.18506622314453
2007-11-16,50.40763854980469
2007-11-19,48.20406723022461
2007-11-20,48.448909759521484
2007-11-21,45.71114730834961
2007-11-23,46.297279357910156
2007-11-26,46.148895263671875
2007-11-27,47.92955780029297
2007-11-28,49.26506042480469
2007-11-29,48.53794860839844
2007-11-30,49.2131233215332
2007-12-03,48.8421516418457
2007-12-04,48.908912658691406
2007-12-05,50.74151611328125
2007-12-06,51.52798080444336
2007-12-07,50.75635528564453
2007-12-10,50.01442337036133
2007-12-11,48.19666290283203
2007-12-12,50.08119201660156
2007-12-13,49.26506042480469
2007-12-14,47.92955780029297
2007-12-17,45.81501007080078
2007-12-18,47.1134147644043
2007-12-19,47.77375030517578
2007-12-20,47.1876106262207
2007-12-21,48.59730529785156
2007-12-24,49.536712646484375
2007-12-26,48.895015716552734
2007-12-27,48.313026428222656
2007-12-28,48.70847702026367
2007-12-31,48.275718688964844
2008-01-02,46.68641662597656
2008-01-03,47.283329010009766
2008-01-04,45.514976501464844
2008-01-07,45.8880500793457
2008-01-08,45.403045654296875
2008-01-09,46.42527389526367
2008-01-10,47.10426330566406
2008-01-11,45.02250671386719
2008-01-14,45.38066482543945
2008-01-15,43.46306610107422
2008-01-16,42.52292251586914
2008-01-17,42.276695251464844
2008-01-18,43.366065979003906
2008-01-22,41.98569107055664
2008-01-23,42.14985275268555
2008-01-24,42.49307632446289
2008-01-25,42.2916145324707
2008-01-28,41.903621673583984
2008-01-29,42.14238739013672
2008-01-30,40.82917022705078
2008-01-31,42.26923370361328
2008-02-01,42.940765380859375
2008-02-04,43.44813919067383
2008-02-05,41.67977523803711
2008-02-06,40.993316650390625
2008-02-07,41.59024429321289
2008-02-08,42.082698822021484
2008-02-11,42.231929779052734
2008-02-12,42.48561477661133
2008-02-13,42.39606475830078
2008-02-14,42.798988342285156
2008-02-15,42.69453430175781
2008-02-19,43.53022384643555
2008-02-20,43.17206954956055
2008-02-21,42.64230728149414
2008-02-22,43.075069427490234
2008-02-25,43.91075134277344
2008-02-26,43.98537826538086
2008-02-27,44.20920944213867
2008-02-28,44.142051696777344
2008-02-29,42.48561477661133
2008-03-03,42.44083786010742
2008-03-04,42.157318115234375
2008-03-05,42.75421905517578
2008-03-06,41.78423309326172
2008-03-07,41.06046676635742
2008-03-10,40.15763473510742
2008-03-11,41.903621673583984
2008-03-12,40.978397369384766
2008-03-13,39.7174072265625
2008-03-14,38.00873565673828
2008-03-17,37.143211364746094
2008-03-18,38.799652099609375
2008-03-19,38.03112030029297
2008-03-20,39.47118377685547
2008-03-24,40.88886260986328
2008-03-25,41.276859283447266
2008-03-26,41.157474517822266
2008-03-27,40.97093963623047
2008-03-28,41.14254379272461
2008-03-31,41.62754440307617
2008-04-01,43.43321990966797
2008-04-02,43.67945098876953
2008-04-03,44.1495246887207
2008-04-04,44.1495246887207
2008-04-07,44.515140533447266
2008-04-08,43.83614730834961
2008-04-09,43.46306610107422
2008-04-10,44.022674560546875
2008-04-11,43.582454681396484
2008-04-14,43.52275085449219
2008-04-15,43.11983108520508
2008-04-16,43.82868194580078
2008-04-17,43.2019157409668
2008-04-18,43.71675491333008
2008-04-21,44.2689094543457
2008-04-22,43.43321990966797
2008-04-23,44.73897171020508
2008-04-24,44.71658706665039
2008-04-25,45.216514587402344
2008-04-28,45.1195182800293
2008-04-29,44.395748138427734
2008-04-30,44.85835266113281
2008-05-01,45.50004577636719
2008-05-02,45.776126861572266
2008-05-05,45.55974578857422
2008-05-06,45.64927291870117
2008-05-07,43.8585205078125
2008-05-08,43.798824310302734
2008-05-09,42.716922760009766
2008-05-12,43.41083908081055
2008-05-13,43.27653121948242
2008-05-14,43.515296936035156
2008-05-15,44.88074493408203
2008-05-16,45.28366470336914
2008-05-19,44.82105255126953
2008-05-20,43.50037384033203
2008-05-21,42.91837692260742
2008-05-22,43.20937728881836
2008-05-23,42.373695373535156
2008-05-27,43.112388610839844
2008-05-28,43.00045394897461
2008-05-29,43.76898956298828
2008-05-30,44.32859802246094
2008-06-02,43.865989685058594
2008-06-03,43.43321990966797
2008-06-04,43.56752395629883
2008-06-05,44.201751708984375
2008-06-06,42.55276107788086
2008-06-09,42.43337631225586
2008-06-10,41.62008285522461
2008-06-11,41.23955154418945
2008-06-12,40.95600891113281
2008-06-13,41.13508224487305
2008-06-16,41.17985153198242
2008-06-17,41.5081672668457
2008-06-18,41.493228912353516
2008-06-19,41.597694396972656
2008-06-20,40.090476989746094
2008-06-23,39.7174072265625
2008-06-24,39.57563781738281
2008-06-25,40.16593933105469
2008-06-26,39.13934326171875
2008-06-27,38.81473922729492
2008-06-30,38.52790069580078
2008-07-01,38.18067169189453
2008-07-02,37.11631774902344
2008-07-03,37.28238296508789
2008-07-07,36.73133850097656
2008-07-08,36.972904205322266
2008-07-09,36.30862045288086
2008-07-10,37.20690155029297
2008-07-11,37.418251037597656
2008-07-14,37.169158935546875
2008-07-15,36.074615478515625
2008-07-16,37.0710334777832
2008-07-17,36.73133850097656
2008-07-18,36.45204162597656
2008-07-21,37.18424987792969
2008-07-22,37.6749153137207
2008-07-23,38.78455352783203
2008-07-24,38.66377639770508
2008-07-25,38.656219482421875
2008-07-28,37.773040771484375
2008-07-29,38.550540924072266
2008-07-30,38.331626892089844
2008-07-31,37.727745056152344
2008-08-01,37.3427734375
2008-08-04,36.48223876953125
2008-08-05,37.37297058105469
2008-08-06,37.810787200927734
2008-08-07,36.6483039855957
2008-08-08,37.65227127075195
2008-08-11,37.6749153137207
2008-08-12,36.98799133300781
2008-08-13,36.535072326660156
2008-08-14,37.03328323364258
2008-08-15,36.776634216308594
2008-08-18,36.17274475097656
2008-08-19,35.410335540771484
2008-08-20,36.00667190551758
2008-08-21,35.11594772338867
2008-08-22,34.814002990722656
2008-08-25,33.57603454589844
2008-08-26,33.26654052734375
2008-08-27,33.591129302978516
2008-08-28,33.33448791503906
2008-08-29,32.662654876708984
2008-09-02,30.23202133178711
2008-09-03,29.96782112121582
2008-09-04,29.703611373901367
2008-09-05,30.541507720947266
2008-09-08,32.46639633178711
2008-09-09,31.326568603515625
2008-09-10,32.534332275390625
2008-09-11,32.0814208984375
2008-09-12,32.8664665222168
2008-09-15,31.13031005859375
2008-09-16,30.10369110107422
2008-09-17,29.122394561767578
2008-09-18,31.439788818359375
2008-09-19,33.17596435546875
2008-09-22,31.243526458740234
2008-09-23,31.137845993041992
2008-09-24,31.696441650390625
2008-09-25,32.662654876708984
2008-09-26,31.537921905517578
2008-09-29,28.08068084716797
2008-09-30,29.990468978881836
2008-10-01,29.477161407470703
2008-10-02,27.56737518310547
2008-10-03,27.371110916137695
2008-10-06,25.182031631469727
2008-10-07,23.84593391418457
2008-10-08,22.192790985107422
2008-10-09,21.42283821105957
2008-10-10,22.69099998474121
2008-10-13,27.77873992919922
2008-10-14,27.25033950805664
2008-10-15,23.483598709106445
2008-10-16,23.513795852661133
2008-10-17,21.966341018676758
2008-10-20,23.272239685058594
2008-10-21,20.901988983154297
2008-10-22,18.765743255615234
2008-10-23,18.2977294921875
2008-10-24,16.22942543029785
2008-10-27,15.768960952758789
2008-10-28,19.052589416503906
2008-10-29,18.501541137695312
2008-10-30,22.5853214263916
2008-10-31,21.437936782836914
2008-11-03,21.981435775756836
2008-11-04,23.385467529296875
2008-11-05,21.6492977142334
2008-11-06,19.15826988220215
2008-11-07,21.39264678955078
2008-11-10,20.901988983154297
2008-11-11,19.99616050720215
2008-11-12,18.77329444885254
2008-11-13,20.683073043823242
2008-11-14,18.569480895996094
2008-11-17,18.169408798217773
2008-11-18,17.64100456237793
2008-11-19,15.889739036560059
2008-11-20,14.342279434204102
2008-11-21,17.037120819091797
2008-11-24,17.014474868774414
2008-11-25,16.138843536376953
2008-11-26,17.663654327392578
2008-11-28,18.06372833251953
2008-12-01,16.448333740234375
2008-12-02,17.595714569091797
2008-12-03,17.62590789794922
2008-12-04,16.599306106567383
2008-12-05,17.58816146850586
2008-12-08,19.08278465270996
2008-12-09,18.909170150756836
2008-12-10,20.396236419677734
2008-12-11,20.56230354309082
2008-12-12,20.29810333251953
2008-12-15,20.20751953125
2008-12-16,21.853111267089844
2008-12-17,21.513425827026367
2008-12-18,21.460582733154297
2008-12-19,21.9285945892334
2008-12-22,21.43038558959961
2008-12-23,20.426544189453125
2008-12-24,21.125661849975586
2008-12-26,20.98887825012207
2008-12-29,21.277645111083984
2008-12-30,21.042070388793945
2008-12-31,21.254846572875977
2009-01-02,22.05276107788086
2009-01-05,22.105955123901367
2009-01-06,22.622697830200195
2009-01-07,22.622697830200195
2009-01-08,22.470712661743164
2009-01-09,21.201656341552734
2009-01-12,20.221363067626953
2009-01-13,20.93568229675293
2009-01-14,20.48733139038086
2009-01-15,19.93259620666504
2009-01-16,20.35814666748047
2009-01-20,19.172679901123047
2009-01-21,20.054180145263672
2009-01-22,19.431049346923828
2009-01-23,19.073890686035156
2009-01-26,19.233470916748047
2009-01-27,19.681825637817383
2009-01-28,21.087671279907227
2009-01-29,20.32775115966797
2009-01-30,20.160572052001953
2009-02-02,20.046579360961914
2009-02-03,21.026872634887695
2009-02-04,21.42963409423828
2009-02-05,21.68039894104004
2009-02-06,22.44032096862793
2009-02-09,21.86277961730957
2009-02-10,20.39614486694336
2009-02-11,20.920488357543945
2009-02-12,20.715309143066406
2009-02-13,20.654521942138672
2009-02-17,18.48115348815918
2009-02-18,18.389965057373047
2009-02-19,18.048004150390625
2009-02-20,16.999319076538086
2009-02-23,17.052515029907227
2009-02-24,17.721240997314453
2009-02-25,17.196897506713867
2009-02-26,16.862533569335938
2009-02-27,16.566165924072266
2009-03-02,15.213517189025879
2009-03-03,15.707460403442383
2009-03-04,17.067710876464844
2009-03-05,16.2622013092041
2009-03-06,16.748550415039062
2009-03-09,16.71815299987793
2009-03-10,18.443159103393555
2009-03-11,18.65593910217285
2009-03-12,19.241073608398438
2009-03-13,18.921905517578125
2009-03-16,19.431049346923828
2009-03-17,20.494932174682617
2009-03-18,21.178857803344727
2009-03-19,20.69251251220703
2009-03-20,20.34294891357422
2009-03-23,22.227537155151367
2009-03-24,21.695598602294922
2009-03-25,22.311128616333008
2009-03-26,23.139442443847656
2009-03-27,22.523914337158203
2009-03-30,20.84449577331543
2009-03-31,21.62721061706543
2009-04-01,22.592300415039062
2009-04-02,24.112131118774414
2009-04-03,24.286911010742188
2009-04-06,24.05133628845215
2009-04-07,23.59539222717285
2009-04-08,23.314220428466797
2009-04-09,24.841651916503906
2009-04-13,24.77326011657715
2009-04-14,24.37810707092285
2009-04-15,24.598480224609375
2009-04-16,24.659269332885742
2009-04-17,24.651674270629883
2009-04-20,23.352214813232422
2009-04-21,24.484487533569336
2009-04-22,24.53008460998535
2009-04-23,25.024032592773438
2009-04-24,25.19120979309082
2009-04-27,24.241317749023438
2009-04-28,23.754974365234375
2009-04-29,25.252004623413086
2009-04-30,26.00432586669922
2009-05-01,26.39948081970215
2009-05-04,27.93450355529785
2009-05-05,27.653343200683594
2009-05-06,27.577346801757812
2009-05-07,26.749040603637695
2009-05-08,28.139686584472656
2009-05-11,27.34937286376953
2009-05-12,27.47856330871582
2009-05-13,26.597055435180664
2009-05-14,26.711048126220703
2009-05-15,26.429872512817383
2009-05-18,27.77492904663086
2009-05-19,27.93450355529785
2009-05-20,28.071290969848633
2009-05-21,27.273378372192383
2009-05-22,27.29618263244629
2009-05-26,26.878225326538086
2009-05-27,25.77634620666504
2009-05-28,27.113798141479492
2009-05-29,27.44056510925293
2009-06-01,28.436059951782227
2009-06-02,27.797725677490234
2009-06-03,26.984615325927734
2009-06-04,27.311376571655273
2009-06-05,27.1366024017334
2009-06-08,26.840227127075195
2009-06-09,26.58946418762207
2009-06-10,27.341772079467773
2009-06-11,27.84332275390625
2009-06-12,27.77492904663086
2009-06-15,26.77943992614746
2009-06-16,26.490671157836914
2009-06-17,26.48307228088379
2009-06-18,26.369083404541016
2009-06-19,26.39948081970215
2009-06-22,25.730756759643555
2009-06-23,25.815608978271484
2009-06-24,25.976146697998047
2009-06-25,26.71001434326172
2009-06-26,26.641218185424805
2009-06-29,26.786466598510742
2009-06-30,26.595348358154297
2009-07-01,27.4515380859375
2009-07-02,26.602996826171875
2009-07-06,27.60443687438965
2009-07-07,27.298648834228516
2009-07-08,27.28335952758789
2009-07-09,27.505050659179688
2009-07-10,27.260421752929688
2009-07-13,26.52655601501465
2009-07-14,26.732954025268555
2009-07-15,28.44533348083496
2009-07-16,28.667022705078125
2009-07-17,28.842851638793945
2009-07-20,29.76019287109375
2009-07-21,29.890140533447266
2009-07-22,30.0124568939209
2009-07-23,30.49407196044922
2009-07-24,30.425268173217773
2009-07-27,30.8074951171875
2009-07-28,30.769268035888672
2009-07-29,30.547574996948242
2009-07-30,31.487852096557617
2009-07-31,31.831859588623047
2009-08-03,32.6804084777832
2009-08-04,32.382266998291016
2009-08-05,32.045902252197266
2009-08-06,31.877731323242188
2009-08-07,32.66511535644531
2009-08-10,31.89301300048828
2009-08-11,31.159135818481445
2009-08-12,31.403770446777344
2009-08-13,31.824222564697266
2009-08-14,31.732486724853516
2009-08-17,29.928367614746094
2009-08-18,30.88393783569336
2009-08-19,31.075054168701172
2009-08-20,31.86243438720703
2009-08-21,32.382266998291016
2009-08-24,32.59632110595703
2009-08-25,32.382266998291016
2009-08-26,32.458709716796875
2009-08-27,32.366981506347656
2009-08-28,32.3746223449707
2009-08-31,31.793636322021484
2009-09-01,31.9847469329834
2009-09-02,32.542808532714844
2009-09-03,32.83330154418945
2009-09-04,33.100852966308594
2009-09-08,33.42957305908203
2009-09-09,33.48308563232422
2009-09-10,34.12521743774414
2009-09-11,34.25517654418945
2009-09-14,33.949398040771484
2009-09-15,34.813228607177734
2009-09-16,35.8070182800293
2009-09-17,35.570037841796875
2009-09-18,35.753509521484375
2009-09-21,35.51652908325195
2009-09-22,36.37272262573242
2009-09-23,36.09751510620117
2009-09-24,35.42478942871094
2009-09-25,35.692352294921875
2009-09-28,35.982845306396484
2009-09-29,36.028717041015625
2009-09-30,36.21982955932617
2009-10-01,34.69855880737305
2009-10-02,34.48451232910156
2009-10-05,35.050209045410156
2009-10-06,35.034915924072266
2009-10-07,34.53037643432617
2009-10-08,35.06550216674805
2009-10-09,35.63883972167969
2009-10-12,35.47066116333008
2009-10-13,35.233680725097656
2009-10-14,36.44915771484375
2009-10-15,36.43386459350586
2009-10-16,35.22603988647461
2009-10-19,35.91404342651367
2009-10-20,35.34834289550781
2009-10-21,35.02727508544922
2009-10-22,34.75971221923828
2009-10-23,34.7291374206543
2009-10-26,34.95848083496094
2009-10-27,34.645050048828125
2009-10-28,33.215518951416016
2009-10-29,34.369850158691406
2009-10-30,32.77978515625
2009-11-02,32.97089385986328
2009-11-03,32.810359954833984
2009-11-04,33.720062255859375
2009-11-05,33.7964973449707
2009-11-06,34.01819610595703
2009-11-09,35.08079147338867
2009-11-10,34.67563247680664
2009-11-11,34.97376251220703
2009-11-12,34.148155212402344
2009-11-13,34.47686767578125
2009-11-16,35.279544830322266
2009-11-17,35.088436126708984
2009-11-18,35.233680725097656
2009-11-19,34.98141098022461
2009-11-20,35.22603988647461
2009-11-23,35.82994842529297
2009-11-24,35.3024787902832
2009-11-25,35.531822204589844
2009-11-27,33.6359748840332
2009-11-30,33.92646408081055
2009-12-01,34.843807220458984
2009-12-02,35.210750579833984
2009-12-03,35.50888442993164
2009-12-04,35.97520446777344
2009-12-07,36.005775451660156
2009-12-08,35.409507751464844
2009-12-09,35.82994842529297
2009-12-10,36.044002532958984
2009-12-11,36.227474212646484
2009-12-14,36.43386459350586
2009-12-15,36.33449172973633
2009-12-16,36.28862762451172
2009-12-17,35.02727508544922
2009-12-18,35.10371780395508
2009-12-21,35.22603988647461
2009-12-22,35.40536117553711
2009-12-23,35.65058898925781
2009-12-24,36.2253532409668
2009-12-28,36.401615142822266
2009-12-29,36.27900314331055
2009-12-30,36.49357604980469
2009-12-31,36.508914947509766
2010-01-04,37.81936264038086
2010-01-05,37.834693908691406
2010-01-06,38.37881088256836
2010-01-07,37.59712600708008
2010-01-08,38.148887634277344
2010-01-11,38.38645935058594
2010-01-12,37.857688903808594
2010-01-13,37.918983459472656
2010-01-14,38.148887634277344
2010-01-15,37.857688903808594
2010-01-19,38.63935089111328
2010-01-20,37.918983459472656
2010-01-21,37.55113983154297
2010-01-22,36.48591613769531
2010-01-25,36.83843231201172
2010-01-26,35.90348815917969
2010-01-27,35.65058898925781
2010-01-28,35.459007263183594
2010-01-29,34.822933197021484
2010-02-01,35.65825271606445
2010-02-02,35.78086853027344
2010-02-03,35.61993408203125
2010-02-04,34.34779739379883
2010-02-05,33.9339714050293
2010-02-08,33.642757415771484
2010-02-09,34.61602020263672
2010-02-10,34.554725646972656
2010-02-11,35.367042541503906
2010-02-12,35.0145149230957
2010-02-16,35.7119026184082
2010-02-17,36.21769714355469
2010-02-18,36.447601318359375
2010-02-19,35.665916442871094
2010-02-22,36.04143524169922
2010-02-23,35.3210563659668
2010-02-24,35.535640716552734
2010-02-25,34.79228210449219
2010-02-26,34.91490173339844
2010-03-01,35.428348541259766
2010-03-02,35.84218215942383
2010-03-03,36.064422607421875
2010-03-04,35.911155700683594
2010-03-05,37.09132766723633
2010-03-08,37.33656311035156
2010-03-09,37.41319274902344
2010-03-10,37.73506546020508
2010-03-11,37.512821197509766
2010-03-12,37.305908203125
2010-03-15,37.03768539428711
2010-03-16,37.229270935058594
2010-03-17,37.88067626953125
2010-03-18,37.62010955810547
2010-03-19,37.74272918701172
2010-03-22,37.55880355834961
2010-03-23,37.857688903808594
2010-03-24,37.574127197265625
2010-03-25,37.58179473876953
2010-03-26,37.351890563964844
2010-03-29,38.07225799560547
2010-03-30,38.24852752685547
2010-03-31,38.31748962402344
2010-04-01,39.55131149291992
2010-04-05,39.94215393066406
2010-04-06,39.965145111083984
2010-04-07,39.58197021484375
2010-04-08,39.90383529663086
2010-04-09,39.888511657714844
2010-04-12,39.37505340576172
2010-04-13,39.32907485961914
2010-04-14,40.27934646606445
2010-04-15,40.37131118774414
2010-04-16,39.58963394165039
2010-04-19,39.137481689453125
2010-04-20,39.62028884887695
2010-04-21,40.12608337402344
2010-04-22,40.21037292480469
2010-04-23,40.41728973388672
2010-04-26,40.53990173339844
2010-04-27,39.10682678222656
2010-04-28,39.643280029296875
2010-04-29,40.15673828125
2010-04-30,39.7352409362793
2010-05-03,39.650943756103516
2010-05-04,38.033939361572266
2010-05-05,37.305908203125
2010-05-06,35.819190979003906
2010-05-07,35.934146881103516
2010-05-10,38.233192443847656
2010-05-11,37.52814483642578
2010-05-12,37.61244201660156
2010-05-13,37.81936264038086
2010-05-14,37.31357192993164
2010-05-17,36.82311248779297
2010-05-18,35.819190979003906
2010-05-19,35.459007263183594
2010-05-20,33.182945251464844
2010-05-21,33.796024322509766
2010-05-24,33.35154342651367
2010-05-25,32.3399543762207
2010-05-26,32.25565719604492
2010-05-27,34.34013748168945
2010-05-28,33.71938705444336
2010-06-01,33.328556060791016
2010-06-02,34.53938674926758
2010-06-03,34.85358810424805
2010-06-04,33.9722900390625
2010-06-07,33.343875885009766
2010-06-08,34.01060485839844
2010-06-09,33.642757415771484
2010-06-10,34.31714630126953
2010-06-11,34.570045471191406
2010-06-14,35.19844436645508
2010-06-15,36.11040115356445
2010-06-16,36.16404724121094
2010-06-17,36.026100158691406
2010-06-18,36.72347640991211
2010-06-21,37.46683883666992
2010-06-22,36.70048522949219
2010-06-23,36.77217102050781
2010-06-24,36.525535583496094
2010-06-25,36.53324508666992
2010-06-28,36.3559684753418
2010-06-29,34.73741149902344
2010-06-30,34.459938049316406
2010-07-01,34.61408996582031
2010-07-02,34.10540008544922
2010-07-06,35.030296325683594
2010-07-07,35.47732162475586
2010-07-08,35.839576721191406
2010-07-09,36.571781158447266
2010-07-12,36.641143798828125
2010-07-13,36.895484924316406
2010-07-14,37.27315902709961
2010-07-15,37.14213180541992
2010-07-16,35.73937225341797
2010-07-19,36.194114685058594
2010-07-20,36.84925079345703
2010-07-21,36.571781158447266
2010-07-22,37.250030517578125
2010-07-23,37.650821685791016
2010-07-26,38.19804382324219
2010-07-27,38.082435607910156
2010-07-28,37.812679290771484
2010-07-29,37.76642990112305
2010-07-30,37.804962158203125
2010-08-02,39.02273941040039
2010-08-03,39.17688751220703
2010-08-04,39.20771789550781
2010-08-05,38.99961471557617
2010-08-06,39.045875549316406
2010-08-09,39.17688751220703
2010-08-10,38.63737106323242
2010-08-11,37.05734634399414
2010-08-12,36.88007736206055
2010-08-13,37.21149826049805
2010-08-16,37.27315902709961
2010-08-17,37.95140838623047
2010-08-18,38.082435607910156
2010-08-19,38.144107818603516
2010-08-20,37.9591178894043
2010-08-23,37.735599517822266
2010-08-24,37.21149826049805
2010-08-25,36.679691314697266
2010-08-26,36.487003326416016
2010-08-27,36.99568557739258
2010-08-30,36.93403244018555
2010-08-31,36.83383560180664
2010-09-01,38.259708404541016
2010-09-02,38.27511978149414
2010-09-03,38.606544494628906
2010-09-07,38.19033432006836
2010-09-08,38.52946090698242
2010-09-09,38.91484069824219
2010-09-10,39.24626159667969
2010-09-13,39.77806854248047
2010-09-14,39.74724197387695
2010-09-15,39.916805267333984
2010-09-16,39.48518371582031
2010-09-17,39.600799560546875
2010-09-20,40.27134323120117
2010-09-21,40.363834381103516
2010-09-22,40.39467239379883
2010-09-23,39.924503326416016
2010-09-24,40.67213821411133
2010-09-27,40.6027717590332
2010-09-28,40.764617919921875
2010-09-29,40.96501922607422
2010-09-30,41.22706985473633
2010-10-01,41.95927810668945
2010-10-04,42.05946731567383
2010-10-05,42.51420974731445
2010-10-06,43.13851547241211
2010-10-07,42.753135681152344
2010-10-08,42.91499710083008
2010-10-11,42.51420974731445
2010-10-12,41.86678695678711
2010-10-13,42.3831787109375
2010-10-14,42.70689392089844
2010-10-15,42.8841667175293
2010-10-18,43.16163635253906
2010-10-19,40.687557220458984
2010-10-20,41.604736328125
2010-10-21,41.604736328125
2010-10-22,42.15966796875
2010-10-25,42.8841667175293
2010-10-26,42.76084899902344
2010-10-27,42.00551986694336
2010-10-28,42.421722412109375
2010-10-29,41.920738220214844
2010-11-01,42.6606559753418
2010-11-02,43.16163635253906
2010-11-03,43.77052307128906
2010-11-04,44.5412712097168
2010-11-05,44.27149963378906
2010-11-08,44.0325813293457
2010-11-09,43.73970413208008
2010-11-10,44.417945861816406
2010-11-11,44.16360092163086
2010-11-12,42.745426177978516
2010-11-15,42.753135681152344
2010-11-16,41.76659393310547
2010-11-17,41.98240661621094
2010-11-18,43.22329330444336
2010-11-19,43.56241989135742
2010-11-22,43.60095977783203
2010-11-23,41.23477554321289
2010-11-24,42.70689392089844
2010-11-26,41.242488861083984
2010-11-29,41.388919830322266
2010-11-30,41.597023010253906
2010-12-01,42.87646484375
2010-12-02,43.59325408935547
2010-12-03,44.17131423950195
2010-12-06,44.07882308959961
2010-12-07,44.20213317871094
2010-12-08,43.99403762817383
2010-12-09,44.64146041870117
2010-12-10,44.664588928222656
2010-12-13,44.872684478759766
2010-12-14,45.188697814941406
2010-12-15,44.35628890991211
2010-12-16,44.803321838378906
2010-12-17,44.7647819519043
2010-12-20,45.080787658691406
2010-12-21,45.319637298583984
2010-12-22,45.4510383605957
2010-12-23,45.3814811706543
2010-12-27,45.172767639160156
2010-12-28,45.55152893066406
2010-12-29,46.14672088623047
2010-12-30,47.02019500732422
2010-12-31,47.29845428466797
2011-01-03,47.754512786865234
2011-01-04,47.86273193359375
2011-01-05,47.8781852722168
2011-01-06,47.54581069946289
2011-01-07,47.8008918762207
2011-01-10,47.089752197265625
2011-01-11,47.59218978881836
2011-01-12,48.55067825317383
2011-01-13,48.18738555908203
2011-01-14,48.68208694458008
2011-01-18,48.512027740478516
2011-01-19,48.512027740478516
2011-01-20,48.156463623046875
2011-01-21,47.23662185668945
2011-01-24,47.90910720825195
2011-01-25,47.66175842285156
2011-01-26,48.62024688720703
2011-01-27,48.90625762939453
2011-01-28,47.42987060546875
2011-01-31,47.46078872680664
2011-02-01,48.94489669799805
2011-02-02,48.84442138671875
2011-02-03,48.7361946105957
2011-02-04,48.805763244628906
2011-02-07,48.65890121459961
2011-02-08,48.496585845947266
2011-02-09,47.221160888671875
2011-02-10,46.40953063964844
2011-02-11,45.8375358581543
2011-02-14,46.11579513549805
2011-02-15,46.08488464355469
2011-02-16,46.069427490234375
2011-02-17,46.16218185424805
2011-02-18,46.741912841796875
2011-02-22,44.902225494384766
2011-02-23,44.678070068359375
2011-02-24,44.68579864501953
2011-02-25,45.219146728515625
2011-02-28,44.87904357910156
2011-03-01,44.21427917480469
2011-03-02,44.732173919677734
2011-03-03,45.92255783081055
2011-03-04,46.47137451171875
2011-03-07,45.536075592041016
2011-03-08,46.2703971862793
2011-03-09,46.3399658203125
2011-03-10,44.77854919433594
2011-03-11,44.90995788574219
2011-03-14,45.4278564453125
2011-03-15,44.600765228271484
2011-03-16,43.75822830200195
2011-03-17,44.97952651977539
2011-03-18,45.57472229003906
2011-03-21,46.417266845703125
2011-03-22,46.4327278137207
2011-03-23,46.448184967041016
2011-03-24,47.43759536743164
2011-03-25,48.02505874633789
2011-03-28,47.9013786315918
2011-03-29,48.52749252319336
2011-03-30,49.46278762817383
2011-03-31,49.74106979370117
2011-04-01,50.81550216674805
2011-04-04,50.5372314453125
2011-04-05,50.637725830078125
2011-04-06,50.77684783935547
2011-04-07,50.28215026855469
2011-04-08,50.22031021118164
2011-04-11,49.787452697753906
2011-04-12,48.8830680847168
2011-04-13,50.0811767578125
2011-04-14,50.65317153930664
2011-04-15,50.72275161743164
2011-04-18,49.818355560302734
2011-04-19,50.475399017333984
2011-04-20,52.214595794677734
2011-04-21,52.840702056884766
2011-04-25,52.74794387817383
2011-04-26,52.92573165893555
2011-04-27,52.840702056884766
2011-04-28,52.82523727416992
2011-04-29,53.312217712402344
2011-05-02,53.83011245727539
2011-05-03,52.77885437011719
2011-05-04,51.71989440917969
2011-05-05,51.14788818359375
2011-05-06,51.51891326904297
2011-05-09,51.155616760253906
2011-05-10,51.634857177734375
2011-05-11,50.877342224121094
2011-05-12,50.73047637939453
2011-05-13,49.717872619628906
2011-05-16,49.524627685546875
2011-05-17,49.4318733215332
2011-05-18,50.506309509277344
2011-05-19,49.98068618774414
2011-05-20,49.66376876831055
2011-05-23,47.84727096557617
2011-05-24,48.10235595703125
2011-05-25,48.08689880371094
2011-05-26,49.1922492980957
2011-05-27,50.15846252441406
2011-05-31,51.02420425415039
2011-06-01,50.19711685180664
2011-06-02,50.35171890258789
2011-06-03,50.096641540527344
2011-06-06,49.51690673828125
2011-06-07,49.764251708984375
2011-06-08,49.091766357421875
2011-06-09,49.39323043823242
2011-06-10,47.93230438232422
2011-06-13,48.156463623046875
2011-06-14,49.370025634765625
2011-06-15,48.34970474243164
2011-06-16,47.9245719909668
2011-06-17,47.855003356933594
2011-06-20,47.57673263549805
2011-06-21,48.751651763916016
2011-06-22,48.51622009277344
2011-06-23,48.39967346191406
2011-06-24,48.57061004638672
2011-06-27,48.87364196777344
2011-06-28,49.37870407104492
2011-06-29,49.97698974609375
2011-06-30,50.50535583496094
2011-07-01,51.33675003051758
2011-07-05,51.694175720214844
2011-07-06,51.83403396606445
2011-07-07,52.789756774902344
2011-07-08,52.424560546875
2011-07-11,51.04148483276367
2011-07-12,50.202327728271484
2011-07-13,51.04925537109375
2011-07-14,50.73846435546875
2011-07-15,50.98710632324219
2011-07-18,50.116851806640625
2011-07-19,51.04148483276367
2011-07-20,51.46107482910156
2011-07-21,51.779640197753906
2011-07-22,51.880653381347656
2011-07-25,51.453304290771484
2011-07-26,51.709716796875
2011-07-27,51.06480026245117
2011-07-28,51.259056091308594
2011-07-29,51.033714294433594
2011-08-01,51.19689178466797
2011-08-02,49.51078414916992
2011-08-03,48.76485824584961
2011-08-04,45.54029083251953
2011-08-05,45.35381317138672
2011-08-08,41.18129348754883
2011-08-09,42.73530578613281
2011-08-10,39.96916198730469
2011-08-11,42.758609771728516
2011-08-12,42.13701248168945
2011-08-15,43.06940841674805
2011-08-16,43.06940841674805
2011-08-17,43.67548370361328
2011-08-18,40.9404182434082
2011-08-19,39.51850509643555
2011-08-22,39.091148376464844
2011-08-23,41.290069580078125
2011-08-24,40.90933609008789
2011-08-25,39.91477966308594
2011-08-26,41.2279167175293
2011-08-29,42.96840286254883
2011-08-30,42.859622955322266
2011-08-31,44.056217193603516
2011-09-01,43.52784729003906
2011-09-02,42.46334457397461
2011-09-06,41.93498229980469
2011-09-07,43.62108612060547
2011-09-08,42.424495697021484
2011-09-09,40.55191421508789
2011-09-12,40.54414367675781
2011-09-13,40.70731735229492
2011-09-14,40.450904846191406
2011-09-15,40.97149658203125
2011-09-16,41.631954193115234
2011-09-19,40.07017135620117
2011-09-20,40.27219772338867
2011-09-21,38.83473205566406
2011-09-22,35.485836029052734
2011-09-23,36.26284408569336
2011-09-26,36.70573806762695
2011-09-27,38.21312713623047
2011-09-28,36.84560012817383
2011-09-29,37.739158630371094
2011-09-30,36.185150146484375
2011-10-03,35.17504119873047
2011-10-04,36.363853454589844
2011-10-05,36.63581085205078
2011-10-06,37.77800750732422
2011-10-07,37.67699432373047
2011-10-10,39.43302917480469
2011-10-11,39.199928283691406
2011-10-12,40.40427780151367
2011-10-13,39.97693634033203
2011-10-14,41.04142379760742
2011-10-17,40.1090202331543
2011-10-18,41.16575622558594
2011-10-19,41.05696487426758
2011-10-20,40.12456512451172
2011-10-21,41.16575622558594
2011-10-24,43.1082649230957
2011-10-25,42.1913948059082
2011-10-26,42.44780731201172
2011-10-27,45.08184814453125
2011-10-28,44.6467399597168
2011-10-31,43.046104431152344
2011-11-01,42.37010955810547
2011-11-02,43.3724479675293
2011-11-03,43.32583236694336
2011-11-04,43.93966293334961
2011-11-07,44.040679931640625
2011-11-08,44.095062255859375
2011-11-09,41.569793701171875
2011-11-10,41.3599967956543
2011-11-11,42.60321044921875
2011-11-14,42.401187896728516
2011-11-15,42.502201080322266
2011-11-16,41.445472717285156
2011-11-17,40.59852981567383
2011-11-18,40.9404182434082
2011-11-21,39.61951446533203
2011-11-22,40.21003341674805
2011-11-23,38.67156219482422
2011-11-25,38.47731018066406
2011-11-28,40.39651107788086
2011-11-29,41.15797805786133
2011-11-30,43.55892562866211
2011-12-01,43.496768951416016
2011-12-02,43.19374465942383
2011-12-05,43.8231086730957
2011-12-06,43.32583236694336
2011-12-07,43.36467742919922
2011-12-08,41.9893798828125
2011-12-09,42.48666763305664
2011-12-12,41.134674072265625
2011-12-13,40.56745910644531
2011-12-14,39.837074279785156
2011-12-15,39.93031311035156
2011-12-16,40.2255744934082
2011-12-19,38.44622802734375
2011-12-20,40.366703033447266
2011-12-21,40.8207893371582
2011-12-22,41.23573303222656
2011-12-23,41.564552307128906
2011-12-27,40.56243133544922
2011-12-28,40.304073333740234
2011-12-29,40.867759704589844
2011-12-30,40.914737701416016
2012-01-03,42.488380432128906
2012-01-04,42.29265213012695
2012-01-05,41.79159164428711
2012-01-06,40.85993194580078
2012-01-09,40.76598358154297
2012-01-10,41.61151885986328
2012-01-11,41.16526794433594
2012-01-12,41.64283752441406
2012-01-13,41.72113037109375
2012-01-17,42.52752685546875
2012-01-18,43.22431182861328
2012-01-19,43.97590637207031
2012-01-20,44.43782424926758
2012-01-23,45.048492431640625
2012-01-24,45.0406608581543
2012-01-25,45.455604553222656
2012-01-26,45.0328254699707
2012-01-27,45.36164855957031
2012-01-30,44.633544921875
2012-01-31,44.907562255859375
2012-02-01,45.57303237915039
2012-02-02,45.77659225463867
2012-02-03,46.21501541137695
2012-02-06,45.65915298461914
2012-02-07,45.94099807739258
2012-02-08,46.32462692260742
2012-02-09,46.34028244018555
2012-02-10,45.18157958984375
2012-02-13,46.05060958862305
2012-02-14,45.70613479614258
2012-02-15,46.105411529541016
2012-02-16,46.152381896972656
2012-02-17,46.52035140991211
2012-02-21,46.316802978515625
2012-02-22,46.23851013183594
2012-02-23,45.815731048583984
2012-02-24,46.379432678222656
2012-02-27,45.713966369628906
2012-02-28,46.1367301940918
2012-02-29,46.87266159057617
2012-03-01,47.217140197753906
2012-03-02,47.084049224853516
2012-03-05,46.47338104248047
2012-03-06,45.126773834228516
2012-03-07,45.70613479614258
2012-03-08,46.747398376464844
2012-03-09,46.747398376464844
2012-03-12,46.152381896972656
2012-03-13,47.59294128417969
2012-03-14,46.997928619384766
2012-03-15,47.49115753173828
2012-03-16,47.33457946777344
2012-03-19,47.553794860839844
2012-03-20,46.896141052246094
2012-03-21,46.71607971191406
2012-03-22,46.199363708496094
2012-03-23,46.481201171875
2012-03-26,47.1153678894043
2012-03-27,46.87266159057617
2012-03-28,46.45771789550781
2012-03-29,46.363773345947266
2012-03-30,46.61429977416992
2012-04-02,47.459835052490234
2012-04-03,47.81214904785156
2012-04-04,46.8804931640625
2012-04-05,47.217140197753906
2012-04-09,46.37159729003906
2012-04-10,45.212894439697266
2012-04-11,45.815731048583984
2012-04-12,46.50469970703125
2012-04-13,46.21501541137695
2012-04-16,46.128902435302734
2012-04-17,46.49686050415039
2012-04-18,46.20719909667969
2012-04-19,45.94882583618164
2012-04-20,45.72178649902344
2012-04-23,45.07980728149414
2012-04-24,45.2677001953125
2012-04-25,45.75310134887695
2012-04-26,46.09758377075195
2012-04-27,46.363773345947266
2012-04-30,46.379432678222656
2012-05-01,46.66910934448242
2012-05-02,46.81003189086914
2012-05-03,46.582984924316406
2012-05-04,45.674808502197266
2012-05-07,45.784420013427734
2012-05-08,45.36948013305664
2012-05-09,44.79013442993164
2012-05-10,44.7979621887207
2012-05-11,44.007225036621094
2012-05-14,43.44353485107422
2012-05-15,42.92680740356445
2012-05-16,41.44711685180664
2012-05-17,40.90690231323242
2012-05-18,40.27275466918945
2012-05-21,41.23573303222656
2012-05-22,41.196571350097656
2012-05-23,40.914737701416016
2012-05-24,40.53111267089844
2012-05-25,40.46065139770508
2012-05-29,41.55672073364258
2012-05-30,40.92256164550781
2012-05-31,41.196571350097656
2012-06-01,40.25709533691406
2012-06-04,40.20229721069336
2012-06-05,40.3119010925293
2012-06-06,41.45493698120117
2012-06-07,42.12041473388672
2012-06-08,41.78376770019531
2012-06-11,41.36882019042969
2012-06-12,42.3866081237793
2012-06-13,42.12825012207031
2012-06-14,42.59798812866211
2012-06-15,42.80937957763672
2012-06-18,43.10688018798828
2012-06-19,43.81148910522461
2012-06-20,43.639259338378906
2012-06-21,42.394439697265625
2012-06-22,42.05778121948242
2012-06-25,40.73466491699219
2012-06-26,40.9930305480957
2012-06-27,41.25138854980469
2012-06-28,41.01651382446289
2012-06-29,42.911155700683594
2012-07-02,42.46488952636719
2012-07-03,43.341758728027344
2012-07-05,43.192989349365234
2012-07-06,42.06560516357422
2012-07-09,41.78376770019531
2012-07-10,41.37664794921875
2012-07-11,41.462772369384766
2012-07-12,40.49979019165039
2012-07-13,41.4001350402832
2012-07-16,41.212242126464844
2012-07-17,41.79942321777344
2012-07-18,41.38447952270508
2012-07-19,41.94817352294922
2012-07-20,41.47843551635742
2012-07-23,40.421512603759766
2012-07-24,40.34321594238281
2012-07-25,40.49979019165039
2012-07-26,41.360992431640625
2012-07-27,43.00510025024414
2012-07-30,42.69193649291992
2012-07-31,43.521827697753906
2012-08-01,43.75669860839844
2012-08-02,42.80937957763672
2012-08-03,43.81148910522461
2012-08-06,44.08551788330078
2012-08-07,44.33604431152344
2012-08-08,44.461307525634766
2012-08-09,45.220726013183594
2012-08-10,45.66698455810547
2012-08-13,45.11111831665039
2012-08-14,45.44777297973633
2012-08-15,45.18941116333008
2012-08-16,45.64349365234375
2012-08-17,45.220726013183594
2012-08-20,45.39296340942383
2012-08-21,45.07980728149414
2012-08-22,45.009342193603516
2012-08-23,44.688358306884766
2012-08-24,44.758811950683594
2012-08-27,44.171634674072266
2012-08-28,44.19511795043945
2012-08-29,44.4534797668457
2012-08-30,43.709716796875
2012-08-31,44.069854736328125
2012-09-04,43.78017807006836
2012-09-05,43.122535705566406
2012-09-06,44.12466049194336
2012-09-07,45.16592025756836
2012-09-10,44.49263000488281
2012-09-11,44.88408660888672
2012-09-12,45.35382080078125
2012-09-13,46.606475830078125
2012-09-14,47.40503692626953
2012-09-17,46.849178314208984
2012-09-18,46.91964340209961
2012-09-19,47.06056213378906
2012-09-20,46.61429977416992
2012-09-21,46.5986442565918
2012-09-24,46.62213134765625
2012-09-25,45.815731048583984
2012-09-26,45.69047546386719
2012-09-27,46.66910934448242
2012-09-28,46.29330825805664
2012-10-01,46.700416564941406
2012-10-02,46.33245849609375
2012-10-03,46.434234619140625
2012-10-04,46.77871322631836
2012-10-05,46.86483383178711
2012-10-08,46.42640686035156
2012-10-09,45.76093292236328
2012-10-10,44.978023529052734
2012-10-11,45.150264739990234
2012-10-12,44.81362533569336
2012-10-15,45.212894439697266
2012-10-16,45.831390380859375
2012-10-17,46.16021728515625
2012-10-18,46.14455795288086
2012-10-19,44.96237564086914
2012-10-22,45.58086013793945
2012-10-23,44.3438720703125
2012-10-24,44.33604431152344
2012-10-25,45.306846618652344
2012-10-26,44.91539001464844
2012-10-31,45.07980728149414
2012-11-01,45.47126007080078
2012-11-02,45.29902267456055
2012-11-05,45.455604553222656
2012-11-06,46.0740852355957
2012-11-07,45.36948013305664
2012-11-08,44.758811950683594
2012-11-09,44.87625503540039
2012-11-12,45.1580924987793
2012-11-13,44.727500915527344
2012-11-14,44.32038879394531
2012-11-15,44.42999267578125
2012-11-16,44.35170364379883
2012-11-19,45.47908401489258
2012-11-20,45.674808502197266
2012-11-21,45.486915588378906
2012-11-23,46.199363708496094
2012-11-26,46.003631591796875
2012-11-27,46.0740852355957
2012-11-28,46.481201171875
2012-11-29,46.739566802978516
2012-11-30,46.692588806152344
2012-12-03,46.700416564941406
2012-12-04,46.661277770996094
2012-12-05,46.93529510498047
2012-12-06,47.35023498535156
2012-12-07,47.62425994873047
2012-12-10,47.92958450317383
2012-12-11,48.3836784362793
2012-12-12,48.40715789794922
2012-12-13,48.58723068237305
2012-12-14,48.626380920410156
2012-12-17,48.916053771972656
2012-12-18,49.07748794555664
2012-12-19,49.12473678588867
2012-12-20,49.05386734008789
2012-12-21,48.54985427856445
2012-12-24,48.45535659790039
2012-12-26,48.33723449707031
2012-12-27,48.55773162841797
2012-12-28,49.03023147583008
2012-12-31,49.88861846923828
2013-01-02,51.16437911987305
2013-01-03,50.29024887084961
2013-01-04,50.08549880981445
2013-01-07,49.66811752319336
2013-01-08,49.345237731933594
2013-01-09,49.345237731933594
2013-01-10,49.94374465942383
2013-01-11,49.66025161743164
2013-01-14,49.59724426269531
2013-01-15,49.2507438659668
2013-01-16,48.94361877441406
2013-01-17,49.392494201660156
2013-01-18,49.17987060546875
2013-01-22,49.06961441040039
2013-01-23,48.5262336730957
2013-01-24,48.03010177612305
2013-01-25,47.07722091674805
2013-01-28,46.557464599609375
2013-01-29,47.17171859741211
2013-01-30,46.919715881347656
2013-01-31,46.911842346191406
2013-02-01,46.888221740722656
2013-02-04,46.31333541870117
2013-02-05,46.48657989501953
2013-02-06,46.24246597290039
2013-02-07,46.07707977294922
2013-02-08,46.903968811035156
2013-02-11,47.09296417236328
2013-02-12,47.09296417236328
2013-02-13,47.69934844970703
2013-02-14,48.04584884643555
2013-02-15,48.0222282409668
2013-02-19,48.2033576965332
2013-02-20,48.63648223876953
2013-02-21,48.41598129272461
2013-02-22,48.80973434448242
2013-02-25,47.652099609375
2013-02-26,48.2821044921875
2013-02-27,48.96723937988281
2013-02-28,48.58135986328125
2013-03-01,48.778228759765625
2013-03-04,48.54985427856445
2013-03-05,48.97511291503906
2013-03-06,48.65222930908203
2013-03-07,48.423851013183594
2013-03-08,48.11673355102539
2013-03-11,47.77809524536133
2013-03-12,47.17959213256836
2013-03-13,47.07722091674805
2013-03-14,47.08509826660156
2013-03-15,46.297584533691406
2013-03-18,45.99045944213867
2013-03-19,45.8250846862793
2013-03-20,45.7148323059082
2013-03-21,45.029701232910156
2013-03-22,45.494327545166016
2013-03-25,46.05345916748047
2013-03-26,46.81734085083008
2013-03-27,46.89609146118164
2013-03-28,46.80158996582031
2013-04-01,46.31333541870117
2013-04-02,46.02195739746094
2013-04-03,45.60457992553711
2013-04-04,44.78556823730469
2013-04-05,43.919307708740234
2013-04-08,43.690940856933594
2013-04-09,44.045310974121094
2013-04-10,44.88794708251953
2013-04-11,44.817073822021484
2013-04-12,43.40742874145508
2013-04-15,43.22630310058594
2013-04-16,44.557193756103516
2013-04-17,43.81694030761719
2013-04-18,43.15542221069336
2013-04-19,43.50193786621094
2013-04-22,44.00593948364258
2013-04-23,44.17131805419922
2013-04-24,44.45481491088867
2013-04-25,45.13995361328125
2013-04-26,44.76982116699219
2013-04-29,45.10845184326172
2013-04-30,46.006202697753906
2013-05-01,45.549461364746094
2013-05-02,45.81720733642578
2013-05-03,46.18733215332031
2013-05-06,45.89595031738281
2013-05-07,46.07707977294922
2013-05-08,46.1794548034668
2013-05-09,46.226707458496094
2013-05-10,44.92731857299805
2013-05-13,44.72256088256836
2013-05-14,45.5337028503418
2013-05-15,45.36044692993164
2013-05-16,45.76995086669922
2013-05-17,45.809326171875
2013-05-20,45.99833679199219
2013-05-21,45.958961486816406
2013-05-22,45.580955505371094
2013-05-23,45.2423210144043
2013-05-24,44.99032974243164
2013-05-28,45.454952239990234
2013-05-29,45.5337028503418
2013-05-30,45.958961486816406
2013-05-31,45.39194869995117
2013-06-03,46.305458068847656
2013-06-04,45.7620849609375
2013-06-05,44.98244857788086
2013-06-06,45.1793212890625
2013-06-07,44.50206756591797
2013-06-10,43.998069763183594
2013-06-11,43.40742874145508
2013-06-12,43.05305480957031
2013-06-13,43.265682220458984
2013-06-14,42.66717529296875
2013-06-17,42.91917419433594
2013-06-18,43.15542221069336
2013-06-19,42.0450439453125
2013-06-20,40.43852996826172
2013-06-21,40.39915084838867
2013-06-24,39.49351501464844
2013-06-25,40.210147857666016
2013-06-26,40.162906646728516
2013-06-27,41.58041763305664
2013-06-28,41.89542007446289
2013-07-01,42.36004638671875
2013-07-02,41.7379150390625
2013-07-03,41.28116226196289
2013-07-05,40.72202682495117
2013-07-08,40.824398040771484
2013-07-09,41.32053756713867
2013-07-10,41.20241165161133
2013-07-11,43.43105697631836
2013-07-12,42.91917419433594
2013-07-15,43.27355194091797
2013-07-16,43.16329574584961
2013-07-17,43.643672943115234
2013-07-18,43.13968276977539
2013-07-19,43.2420539855957
2013-07-22,43.486183166503906
2013-07-23,43.84055709838867
2013-07-24,43.706687927246094
2013-07-25,44.13193893432617
2013-07-26,44.446937561035156
2013-07-29,44.01382064819336
2013-07-30,44.17131805419922
2013-07-31,43.9665641784668
2013-08-01,44.446937561035156
2013-08-02,44.533565521240234
2013-08-05,44.39181900024414
2013-08-06,44.03743362426758
2013-08-07,43.438926696777344
2013-08-08,43.84055709838867
2013-08-09,43.596435546875
2013-08-12,43.761810302734375
2013-08-13,44.344573974609375
2013-08-14,44.541439056396484
2013-08-15,44.20281982421875
2013-08-16,44.50206756591797
2013-08-19,44.210689544677734
2013-08-20,43.9665641784668
2013-08-21,42.856170654296875
2013-08-22,43.17905807495117
2013-08-23,43.801185607910156
2013-08-26,43.91143798828125
2013-08-27,43.38380813598633
2013-08-28,44.021690368652344
2013-08-29,44.93519592285156
2013-08-30,45.06907272338867
2013-09-03,45.502201080322266
2013-09-04,46.573204040527344
2013-09-05,46.74646759033203
2013-09-06,47.56547927856445
2013-09-09,48.14822769165039
2013-09-10,48.54985427856445
2013-09-11,48.80186080932617
2013-09-12,48.33723449707031
2013-09-13,48.39234924316406
2013-09-16,48.84911346435547
2013-09-17,48.62860107421875
2013-09-18,50.62100601196289
2013-09-19,50.37687301635742
2013-09-20,49.360992431640625
2013-09-23,49.17987060546875
2013-09-24,49.1562385559082
2013-09-25,48.63648223876953
2013-09-26,49.164119720458984
2013-09-27,48.97511291503906
2013-09-30,48.43172836303711
2013-10-01,49.140499114990234
2013-10-02,49.21136474609375
2013-10-03,49.10898208618164
2013-10-04,49.2349853515625
2013-10-07,48.95935821533203
2013-10-08,48.8333625793457
2013-10-09,49.02236557006836
2013-10-10,49.95949935913086
2013-10-11,50.29812240600586
2013-10-14,50.455631256103516
2013-10-15,50.494998931884766
2013-10-16,50.943885803222656
2013-10-17,51.408512115478516
2013-10-18,51.597511291503906
2013-10-21,51.4163932800293
2013-10-22,51.7235107421875
2013-10-23,50.7706298828125
2013-10-24,50.928138732910156
2013-10-25,50.75487518310547
2013-10-28,51.109256744384766
2013-10-29,51.3848876953125
2013-10-30,51.23525619506836
2013-10-31,50.32175064086914
2013-11-01,50.676124572753906
2013-11-04,50.52650833129883
2013-11-05,49.88074493408203
2013-11-06,50.16424560546875
2013-11-07,49.140499114990234
2013-11-08,49.22711181640625
2013-11-11,48.79398727416992
2013-11-12,48.99085998535156
2013-11-13,48.612857818603516
2013-11-14,48.95935821533203
2013-11-15,50.25087356567383
2013-11-18,50.47138214111328
2013-11-19,50.77850341796875
2013-11-20,50.13275146484375
2013-11-21,49.817745208740234
2013-11-22,49.95161819458008
2013-11-25,49.77050018310547
2013-11-26,50.25087356567383
2013-11-27,50.62887954711914
2013-11-29,51.21163558959961
2013-12-02,50.32175064086914
2013-12-03,49.825626373291016
2013-12-04,49.37674331665039
2013-12-05,49.17987060546875
2013-12-06,50.01461410522461
2013-12-09,50.29812240600586
2013-12-10,50.11699676513672
2013-12-11,49.09324264526367
2013-12-12,48.92786407470703
2013-12-13,49.08536911010742
2013-12-16,49.73899841308594
2013-12-17,49.353118896484375
2013-12-18,50.31825256347656
2013-12-19,49.43940353393555
2013-12-20,49.447391510009766
2013-12-23,49.9986686706543
2013-12-24,50.054595947265625
2013-12-26,49.75099563598633
2013-12-27,50.92546463012695
2013-12-30,51.04530334472656
2013-12-31,51.668495178222656
2014-01-02,49.247650146484375
2014-01-03,48.944053649902344
2014-01-06,48.55255889892578
2014-01-07,48.736324310302734
2014-01-08,48.52060317993164
2014-01-09,48.352813720703125
2014-01-10,48.448699951171875
2014-01-13,48.34482955932617
2014-01-14,48.648433685302734
2014-01-15,48.560546875
2014-01-16,48.53657913208008
2014-01-17,48.248958587646484
2014-01-21,48.32884979248047
2014-01-22,48.58452224731445
2014-01-23,47.41804122924805
2014-01-24,46.05183029174805
2014-01-27,46.45130920410156
2014-01-28,46.914703369140625
2014-01-29,46.754905700683594
2014-01-30,47.082481384277344
2014-01-31,47.17036819458008
2014-02-03,45.91600799560547
2014-02-04,46.26755142211914
2014-02-05,46.36342239379883
2014-02-06,47.074493408203125
2014-02-07,47.314186096191406
2014-02-10,47.1064567565918
2014-02-11,47.84149169921875
2014-02-12,47.97731399536133
2014-02-13,47.785560607910156
2014-02-14,48.52060317993164
2014-02-18,48.04123306274414
2014-02-19,47.569847106933594
2014-02-20,47.53789138793945
2014-02-21,47.84149169921875
2014-02-24,48.121124267578125
2014-02-25,48.081172943115234
2014-02-26,48.488651275634766
2014-02-27,49.03992462158203
2014-02-28,48.80023956298828
2014-03-03,48.400760650634766
2014-03-04,48.80023956298828
2014-03-05,48.672401428222656
2014-03-06,49.2316780090332
2014-03-07,48.96003341674805
2014-03-10,48.36081314086914
2014-03-11,48.05720901489258
2014-03-12,47.75360870361328
2014-03-13,46.94666290283203
2014-03-14,46.84280014038086
2014-03-17,47.64973831176758
2014-03-18,47.85746765136719
2014-03-19,46.994598388671875
2014-03-20,46.65105056762695
2014-03-21,46.88274383544922
2014-03-24,47.21031188964844
2014-03-25,47.442012786865234
2014-03-26,48.07319259643555
2014-03-27,48.69637680053711
2014-03-28,48.84019088745117
2014-03-31,49.1437873840332
2014-04-01,49.76698303222656
2014-04-02,49.774967193603516
2014-04-03,49.806922912597656
2014-04-04,49.79093933105469
2014-04-07,49.71903991699219
2014-04-08,50.54196548461914
2014-04-09,51.22906494140625
2014-04-10,50.65381622314453
2014-04-11,50.717735290527344
2014-04-14,50.76567077636719
2014-04-15,50.31026840209961
2014-04-16,51.061279296875
2014-04-17,50.88550567626953
2014-04-21,51.00536346435547
2014-04-22,51.01334762573242
2014-04-23,50.613868713378906
2014-04-24,50.701751708984375
2014-04-25,49.8388786315918
2014-04-28,50.21438980102539
2014-04-29,50.422122955322266
2014-04-30,49.97469711303711
2014-05-01,50.22237777709961
2014-05-02,50.0865592956543
2014-05-05,49.98269271850586
2014-05-06,50.134490966796875
2014-05-07,49.87084197998047
2014-05-08,50.134490966796875
2014-05-09,50.03862380981445
2014-05-12,50.717735290527344
2014-05-13,51.26901626586914
2014-05-14,51.58060073852539
2014-05-15,51.30097198486328
2014-05-16,51.9481201171875
2014-05-19,52.13188552856445
2014-05-20,51.61256408691406
2014-05-21,51.9321403503418
2014-05-22,52.13987731933594
2014-05-23,51.988067626953125
2014-05-27,51.476741790771484
2014-05-28,52.05998229980469
2014-05-29,52.32362747192383
2014-05-30,51.63652420043945
2014-06-02,51.668495178222656
2014-06-03,51.764366149902344
2014-06-04,51.72441482543945
2014-06-05,51.85224533081055
2014-06-06,52.24374008178711
2014-06-09,52.14786148071289
2014-06-10,52.45946502685547
2014-06-11,52.25973129272461
2014-06-12,51.9321403503418
2014-06-13,51.34891128540039
2014-06-16,51.44478225708008
2014-06-17,51.56462478637695
2014-06-18,51.72441482543945
2014-06-19,51.548641204833984
2014-06-20,50.821598052978516
2014-06-23,51.06926727294922
2014-06-24,51.62055969238281
2014-06-25,51.57261657714844
2014-06-26,51.820289611816406
2014-06-27,51.90817642211914
2014-06-30,51.9481201171875
2014-07-01,52.363582611083984
2014-07-02,52.55533218383789
2014-07-03,52.69115447998047
2014-07-07,52.083953857421875
2014-07-08,51.78833770751953
2014-07-09,51.9481201171875
2014-07-10,51.56462478637695
2014-07-11,51.10123062133789
2014-07-14,51.41282272338867
2014-07-15,51.3808708190918
2014-07-16,51.58060073852539
2014-07-17,51.06926727294922
2014-07-18,51.73240661621094
2014-07-21,51.756378173828125
2014-07-22,52.3715705871582
2014-07-23,52.18781661987305
2014-07-24,52.06796646118164
2014-07-25,52.1798210144043
2014-07-28,52.842952728271484
2014-07-29,53.4182014465332
2014-07-30,53.81768798828125
2014-07-31,52.81098937988281
2014-08-01,53.21046829223633
2014-08-04,53.21846389770508
2014-08-05,52.41950988769531
2014-08-06,52.251731872558594
2014-08-07,51.91617202758789
2014-08-08,52.05198669433594
2014-08-11,52.21977615356445
2014-08-12,52.33961868286133
2014-08-13,52.675174713134766
2014-08-14,53.138572692871094
2014-08-15,52.97878646850586
2014-08-18,53.050682067871094
2014-08-19,53.34629440307617
2014-08-20,52.97878646850586
2014-08-21,52.27569580078125
2014-08-22,52.563323974609375
2014-08-25,52.74707794189453
2014-08-26,53.26639938354492
2014-08-27,53.27439880371094
2014-08-28,53.2584114074707
2014-08-29,53.050682067871094
2014-09-02,52.251731872558594
2014-09-03,52.123897552490234
2014-09-04,52.10792541503906
2014-09-05,51.99606704711914
2014-09-08,51.44478225708008
2014-09-09,50.8136100769043
2014-09-10,51.02133560180664
2014-09-11,50.8136100769043
2014-09-12,50.90947723388672
2014-09-15,50.709739685058594
2014-09-16,51.2929801940918
2014-09-17,51.197105407714844
2014-09-18,50.773658752441406
2014-09-19,50.6697883605957
2014-09-22,49.85486602783203
2014-09-23,49.70305633544922
2014-09-24,50.230369567871094
2014-09-25,49.319557189941406
2014-09-26,49.423423767089844
2014-09-29,48.79224395751953
2014-09-30,48.34482955932617
2014-10-01,47.082481384277344
2014-10-02,46.906715393066406
2014-10-03,47.02655792236328
2014-10-06,46.95465087890625
2014-10-07,46.53120422363281
2014-10-08,46.78687286376953
2014-10-09,46.027854919433594
2014-10-10,45.1170539855957
2014-10-13,45.52452087402344
2014-10-14,45.66832733154297
2014-10-15,45.60441207885742
2014-10-16,45.44462585449219
2014-10-17,45.38071060180664
2014-10-20,46.01188278198242
2014-10-21,46.17167663574219
2014-10-22,45.979915618896484
2014-10-23,46.04384231567383
2014-10-24,46.00389099121094
2014-10-27,46.25157165527344
2014-10-28,46.69099426269531
2014-10-29,47.15439224243164
2014-10-30,47.434024810791016
2014-10-31,46.84280014038086
2014-11-03,46.05982208251953
2014-11-04,45.84410095214844
2014-11-05,45.1170539855957
2014-11-06,45.308799743652344
2014-11-07,45.57245635986328
2014-11-10,45.96394729614258
2014-11-11,45.58843231201172
2014-11-12,45.74822235107422
2014-11-13,45.58843231201172
2014-11-14,45.22092056274414
2014-11-17,45.1729736328125
2014-11-18,45.52452087402344
2014-11-19,44.853389739990234
2014-11-20,44.74153518676758
2014-11-21,45.372711181640625
2014-11-24,45.40467834472656
2014-11-25,45.33277130126953
2014-11-26,45.955955505371094
2014-11-28,45.44462585449219
2014-12-01,45.10107421875
2014-12-02,45.02916717529297
2014-12-03,45.01318359375
2014-12-04,45.47658157348633
2014-12-05,45.21292495727539
2014-12-08,45.23689270019531
2014-12-09,45.540496826171875
2014-12-10,44.84540939331055
2014-12-11,44.46190643310547
2014-12-12,43.84671401977539
2014-12-15,44.294124603271484
2014-12-16,44.933284759521484
2014-12-17,44.668914794921875
2014-12-18,44.563812255859375
2014-12-19,44.701255798339844
2014-12-22,45.21868896484375
2014-12-23,44.709346771240234
2014-12-24,44.9599723815918
2014-12-26,45.17826461791992
2014-12-29,45.00847625732422
2014-12-30,44.6446647644043
2014-12-31,44.701255798339844
2015-01-02,44.23233413696289
2015-01-05,43.68256378173828
2015-01-06,43.520870208740234
2015-01-07,44.07063674926758
2015-01-08,44.927635192871094
2015-01-09,45.3399658203125
2015-01-12,45.34804153442383
2015-01-13,45.74420166015625
2015-01-14,45.453147888183594
2015-01-15,45.525909423828125
2015-01-16,45.46123123168945
2015-01-20,45.43697738647461
2015-01-21,45.865478515625
2015-01-22,46.390995025634766
2015-01-23,46.390995025634766
2015-01-26,46.47184371948242
2015-01-27,46.285892486572266
2015-01-28,46.12418746948242
2015-01-29,46.02717590332031
2015-01-30,44.9923095703125
2015-02-02,45.74420166015625
2015-02-03,46.08376693725586
2015-02-04,46.302059173583984
2015-02-05,46.1080207824707
2015-02-06,45.39655303955078
2015-02-09,45.37229919433594
2015-02-10,45.04082107543945
2015-02-11,44.49913787841797
2015-02-12,44.93571472167969
2015-02-13,45.299537658691406
2015-02-17,45.21868896484375
2015-02-18,45.25911331176758
2015-02-19,45.04889678955078
2015-02-20,45.41272735595703
2015-02-23,45.27527618408203
2015-02-24,45.59867858886719
2015-02-25,45.85739517211914
2015-02-26,45.92206954956055
2015-02-27,45.784629821777344
2015-03-02,46.13227844238281
2015-03-03,46.27781295776367
2015-03-04,46.116111755371094
2015-03-05,46.1484489440918
2015-03-06,45.91398620605469
2015-03-09,45.55825424194336
2015-03-10,44.44253921508789
2015-03-11,44.563812255859375
2015-03-12,44.943809509277344
2015-03-13,44.29701614379883
2015-03-16,44.943809509277344
2015-03-17,46.09185028076172
2015-03-18,46.85991287231445
2015-03-19,46.25354766845703
2015-03-20,46.7063102722168
2015-03-23,46.82756805419922
2015-03-24,46.95693588256836
2015-03-25,46.730560302734375
2015-03-26,46.3586540222168
2015-03-27,46.34248733520508
2015-03-30,46.55269241333008
2015-03-31,46.27781295776367
2015-04-01,46.399078369140625
2015-04-02,46.90034103393555
2015-04-06,47.52287673950195
2015-04-07,46.98119354248047
2015-04-08,47.49862289428711
2015-04-09,47.361175537109375
2015-04-10,48.18584060668945
2015-04-13,48.040306091308594
2015-04-14,48.881134033203125
2015-04-15,49.17218780517578
2015-04-16,49.73813247680664
2015-04-17,49.33388900756836
2015-04-20,49.92407989501953
2015-04-21,49.67344665527344
2015-04-22,50.061527252197266
2015-04-23,50.8700065612793
2015-04-24,50.643638610839844
2015-04-27,50.65980529785156
2015-04-28,50.805328369140625
2015-04-29,50.093868255615234
2015-04-30,49.45515441894531
2015-05-01,49.447078704833984
2015-05-04,49.86749267578125
2015-05-05,49.30154800415039
2015-05-06,48.792205810546875
2015-05-07,48.27476501464844
2015-05-08,48.49306106567383
2015-05-11,47.910953521728516
2015-05-12,47.919036865234375
2015-05-13,48.218170166015625
2015-05-14,48.776031494140625
2015-05-15,48.32327651977539
2015-05-18,48.04839324951172
2015-05-19,48.161582946777344
2015-05-20,48.436466217041016
2015-05-21,48.161582946777344
2015-05-22,48.40413284301758
2015-05-26,47.595638275146484
2015-05-27,46.88417434692383
2015-05-28,46.754817962646484
2015-05-29,46.730560302734375
2015-06-01,46.27781295776367
2015-06-02,46.140357971191406
2015-06-03,45.841224670410156
2015-06-04,45.525909423828125
2015-06-05,45.14592361450195
2015-06-08,45.17826461791992
2015-06-09,45.04889678955078
2015-06-10,45.46931838989258
2015-06-11,45.25911331176758
2015-06-12,44.79827117919922
2015-06-15,44.579986572265625
2015-06-16,44.2889289855957
2015-06-17,44.677001953125
2015-06-18,45.113582611083984
2015-06-19,45.0246467590332
2015-06-22,45.61484909057617
2015-06-23,45.930152893066406
2015-06-24,45.534000396728516
2015-06-25,45.3399658203125
2015-06-26,45.097415924072266
2015-06-29,44.353607177734375
2015-06-30,44.555728912353516
2015-07-01,45.04082107543945
2015-07-02,45.089324951171875
2015-07-06,43.73107147216797
2015-07-07,43.3834228515625
2015-07-08,42.36473083496094
2015-07-09,42.91449737548828
2015-07-10,43.31874465942383
2015-07-13,43.3834228515625
2015-07-14,43.01152420043945
2015-07-15,42.720458984375
2015-07-16,43.21363830566406
2015-07-17,42.80939483642578
2015-07-20,42.4375
2015-07-21,42.599185943603516
2015-07-22,42.081756591796875
2015-07-23,41.637088775634766
2015-07-24,40.893287658691406
2015-07-27,41.16007995605469
2015-07-28,41.7745361328125
2015-07-29,42.04133224487305
2015-07-30,41.111568450927734
2015-07-31,41.37837219238281
2015-08-03,40.755836486816406
2015-08-04,41.12773895263672
2015-08-05,40.893287658691406
2015-08-06,40.448612213134766
2015-08-07,40.44052505493164
2015-08-10,40.9013671875
2015-08-11,39.5431022644043
2015-08-12,39.591617584228516
2015-08-13,39.68055725097656
2015-08-14,39.76948547363281
2015-08-17,39.19546127319336
2015-08-18,38.944828033447266
2015-08-19,38.68611145019531
2015-08-20,37.80485916137695
2015-08-21,36.92361068725586
2015-08-24,36.13937759399414
2015-08-25,36.85893249511719
2015-08-26,37.9261360168457
2015-08-27,38.920570373535156
2015-08-28,38.79930114746094
2015-08-31,38.67802429199219
2015-09-01,37.869544982910156
2015-09-02,38.524417877197266
2015-09-03,38.314205169677734
2015-09-04,37.335941314697266
2015-09-08,38.26570129394531
2015-09-09,38.758872985839844
2015-09-10,39.21163558959961
2015-09-11,39.276309967041016
2015-09-14,38.944828033447266
2015-09-15,39.39757537841797
2015-09-16,40.93370819091797
2015-09-17,40.877113342285156
2015-09-18,40.41627883911133
2015-09-21,39.866512298583984
2015-09-22,39.34098434448242
2015-09-23,38.99333572387695
2015-09-24,38.78313064575195
2015-09-25,38.82355499267578
2015-09-28,38.03932189941406
2015-09-29,37.91804504394531
2015-09-30,39.43800354003906
2015-10-01,40.08479690551758
2015-10-02,40.48094940185547
2015-10-05,41.2894401550293
2015-10-06,41.19242477416992
2015-10-07,42.4375
2015-10-08,42.77705383300781
2015-10-09,43.165130615234375
2015-10-12,43.0034294128418
2015-10-13,42.4779167175293
2015-10-14,42.930667877197266
2015-10-15,44.13531494140625
2015-10-16,43.908935546875
2015-10-19,43.65830612182617
2015-10-20,43.868507385253906
2015-10-21,43.53703308105469
2015-10-22,44.18381881713867
2015-10-23,44.264671325683594
2015-10-26,44.22425079345703
2015-10-27,43.900848388671875
2015-10-28,43.53703308105469
2015-10-29,43.520870208740234
2015-10-30,43.96553039550781
2015-11-02,44.72551345825195
2015-11-03,45.34804153442383
2015-11-04,44.701255798339844
2015-11-05,44.668914794921875
2015-11-06,43.811920166015625
2015-11-09,42.91449737548828
2015-11-10,42.534515380859375
2015-11-11,42.752803802490234
2015-11-12,42.267704010009766
2015-11-13,41.443050384521484
2015-11-16,41.839210510253906
2015-11-17,41.5966682434082
2015-11-18,42.06558609008789
2015-11-19,42.752803802490234
2015-11-20,42.97109603881836
2015-11-23,42.87406921386719
2015-11-24,43.44001388549805
2015-11-25,43.44001388549805
2015-11-27,43.18130111694336
2015-11-30,42.70429229736328
2015-12-01,43.448097229003906
2015-12-02,42.639617919921875
2015-12-03,42.178775787353516
2015-12-04,42.283878326416016
2015-12-07,41.31369400024414
2015-12-08,40.86902618408203
2015-12-09,40.72349166870117
2015-12-10,40.909446716308594
2015-12-11,40.141395568847656
2015-12-14,40.52946090698242
2015-12-15,41.12773895263672
2015-12-16,42.21111297607422
2015-12-17,41.1439094543457
2015-12-18,41.305606842041016
2015-12-21,41.95307540893555
2015-12-22,42.34222412109375
2015-12-23,42.68996810913086
2015-12-24,42.358787536621094
2015-12-28,41.870277404785156
2015-12-29,41.961360931396484
2015-12-30,41.464576721191406
2015-12-31,41.12510681152344
2016-01-04,40.164669036865234
2016-01-05,40.33854675292969
2016-01-06,39.5354118347168
2016-01-07,38.906166076660156
2016-01-08,38.69088363647461
2016-01-11,39.121437072753906
2016-01-12,39.005523681640625
2016-01-13,38.89787673950195
2016-01-14,39.32014465332031
2016-01-15,37.664207458496094
2016-01-19,38.740570068359375
2016-01-20,37.54001235961914
2016-01-21,38.045074462890625
2016-01-22,39.17939376831055
2016-01-25,38.64949035644531
2016-01-26,39.013797760009766
2016-01-27,38.7240104675293
2016-01-28,39.121437072753906
2016-01-29,39.527130126953125
2016-02-01,39.41950225830078
2016-02-02,38.30174255371094
2016-02-03,39.1048698425293
2016-02-04,39.850040435791016
2016-02-05,39.36153793334961
2016-02-08,39.08831024169922
2016-02-09,38.6743278503418
2016-02-10,38.8647575378418
2016-02-11,38.08647537231445
2016-02-12,38.475624084472656
2016-02-16,38.773685455322266
2016-02-17,39.229068756103516
2016-02-18,38.80680465698242
2016-02-19,38.608089447021484
2016-02-22,39.41950225830078
2016-02-23,38.75712966918945
2016-02-24,38.798526763916016
2016-02-25,38.930999755859375
2016-02-26,38.334861755371094
2016-02-29,38.574974060058594
2016-03-01,39.65961456298828
2016-03-02,39.97423553466797
2016-03-03,40.520694732666016
2016-03-04,41.183067321777344
2016-03-07,41.050594329833984
2016-03-08,40.10670852661133
2016-03-09,40.37165832519531
2016-03-10,41.04231643676758
2016-03-11,41.9365234375
2016-03-14,41.59706115722656
2016-03-15,41.37350082397461
2016-03-16,42.25114440917969
2016-03-17,43.2695426940918
2016-03-18,43.17018508911133
2016-03-21,43.1287956237793
2016-03-22,43.393741607666016
2016-03-23,42.68996810913086
2016-03-24,42.68996810913086
2016-03-28,42.70652770996094
2016-03-29,43.63385772705078
2016-03-30,44.12234878540039
2016-03-31,43.73320770263672
2016-04-01,43.10395050048828
2016-04-04,42.797603607177734
2016-04-05,41.994483947753906
2016-04-06,42.74793243408203
2016-04-07,42.08555221557617
2016-04-08,42.59889602661133
2016-04-11,43.02943801879883
2016-04-12,43.435142517089844
2016-04-13,43.931922912597656
2016-04-14,43.83256530761719
2016-04-15,43.72492599487305
2016-04-18,44.05611801147461
2016-04-19,44.726768493652344
2016-04-20,44.50321578979492
2016-04-21,44.25482940673828
2016-04-22,43.78288269042969
2016-04-25,43.64213180541992
2016-04-26,43.981597900390625
2016-04-27,44.02299118041992
2016-04-28,43.7580451965332
2016-04-29,43.261260986328125
2016-05-02,43.53449630737305
2016-05-03,42.64857482910156
2016-05-04,41.8454475402832
2016-05-05,41.74608612060547
2016-05-06,41.7874870300293
2016-05-09,41.53081512451172
2016-05-10,42.22631072998047
2016-05-11,42.027591705322266
2016-05-12,41.878562927246094
2016-05-13,41.050594329833984
2016-05-16,41.36521911621094
2016-05-17,41.10855484008789
2016-05-18,40.437904357910156
2016-05-19,40.45446014404297
2016-05-20,40.628326416015625
2016-05-23,40.77736282348633
2016-05-24,40.61176300048828
2016-05-25,41.32382583618164
2016-05-26,41.34866714477539
2016-05-27,41.2244758605957
2016-05-31,41.19962692260742
2016-06-01,41.34866714477539
2016-06-02,41.81233215332031
2016-06-03,42.60717010498047
2016-06-06,43.10395050048828
2016-06-07,43.59245300292969
2016-06-08,43.94019317626953
2016-06-09,43.60072708129883
2016-06-10,42.8472785949707
2016-06-13,41.994483947753906
2016-06-14,41.655006408691406
2016-06-15,42.110389709472656
2016-06-16,41.90339660644531
2016-06-17,41.862003326416016
2016-06-20,42.87212371826172
2016-06-21,43.12051010131836
2016-06-22,43.476539611816406
2016-06-23,44.22170639038086
2016-06-24,41.38178253173828
2016-06-27,40.528968811035156
2016-06-28,41.804046630859375
2016-06-29,42.781044006347656
2016-06-30,43.11222839355469
2016-07-01,43.741485595703125
2016-07-05,43.045997619628906
2016-07-06,42.45813751220703
2016-07-07,42.78932571411133
2016-07-08,43.435142517089844
2016-07-11,43.61729431152344
2016-07-12,44.21342849731445
2016-07-13,44.25482940673828
2016-07-14,45.10763931274414
2016-07-15,44.9917106628418
2016-07-18,45.17387390136719
2016-07-19,44.6688117980957
2016-07-20,44.6688117980957
2016-07-21,44.544620513916016
2016-07-22,44.96687698364258
2016-07-25,44.46181869506836
2016-07-26,44.9503173828125
2016-07-27,45.198707580566406
2016-07-28,45.35602569580078
2016-07-29,46.08462905883789
2016-08-01,46.41582107543945
2016-08-02,45.753448486328125
2016-08-03,45.43053436279297
2016-08-04,45.645809173583984
2016-08-05,46.324745178222656
2016-08-08,46.639366149902344
2016-08-09,47.21894836425781
2016-08-10,47.41765594482422
2016-08-11,47.80680465698242
2016-08-12,47.36798095703125
2016-08-15,47.889610290527344
2016-08-16,47.6826057434082
2016-08-17,47.05335998535156
2016-08-18,47.7322883605957
2016-08-19,47.40109634399414
2016-08-22,46.79668426513672
2016-08-23,47.08647155761719
2016-08-24,47.02851486206055
2016-08-25,47.13615417480469
2016-08-26,46.540016174316406
2016-08-29,46.92916488647461
2016-08-30,46.94572067260742
2016-08-31,46.65592956542969
2016-09-01,46.8712043762207
2016-09-02,47.359703063964844
2016-09-06,48.8252067565918
2016-09-07,48.86660385131836
2016-09-08,48.303585052490234
2016-09-09,46.664207458496094
2016-09-12,46.771846771240234
2016-09-13,45.26494216918945
2016-09-14,45.46365737915039
2016-09-15,45.98528289794922
2016-09-16,45.70376968383789
2016-09-19,46.14258575439453
2016-09-20,46.54829406738281
2016-09-21,47.889610290527344
2016-09-22,48.27046203613281
2016-09-23,47.7322883605957
2016-09-26,47.21894836425781
2016-09-27,48.27046203613281
2016-09-28,48.543701171875
2016-09-29,47.86476516723633
2016-09-30,48.12971496582031
2016-10-03,48.05519485473633
2016-10-04,47.127872467041016
2016-10-05,47.74056625366211
2016-10-06,47.988956451416016
2016-10-07,47.69916915893555
2016-10-10,48.18766403198242
2016-10-11,46.3909797668457
2016-10-12,46.44065856933594
2016-10-13,45.98528289794922
2016-10-14,45.836246490478516
2016-10-17,46.09291076660156
2016-10-18,46.8629264831543
2016-10-19,47.227230072021484
2016-10-20,46.70560836791992
2016-10-21,46.52345275878906
2016-10-24,46.755287170410156
2016-10-25,46.771846771240234
2016-10-26,46.018394470214844
2016-10-27,45.7120475769043
2016-10-28,45.74516677856445
2016-10-31,45.827964782714844
2016-11-01,45.455379486083984
2016-11-02,45.10763931274414
2016-11-03,45.15731430053711
2016-11-04,45.02483367919922
2016-11-07,46.16742706298828
2016-11-08,46.672489166259766
2016-11-09,44.486656188964844
2016-11-10,43.97331619262695
2016-11-11,43.7580451965332
2016-11-14,43.32749938964844
2016-11-15,43.80772018432617
2016-11-16,43.393741607666016
2016-11-17,43.37718200683594
2016-11-18,43.01287841796875
2016-11-21,43.18674850463867
2016-11-22,44.23826599121094
2016-11-23,43.716651916503906
2016-11-25,43.90707778930664
2016-11-28,43.90707778930664
2016-11-29,44.21342849731445
2016-11-30,44.097511291503906
2016-12-01,44.26310729980469
2016-12-02,44.12234878540039
2016-12-05,44.329341888427734
2016-12-06,44.53633499145508
2016-12-07,45.496768951416016
2016-12-08,45.87763595581055
2016-12-09,45.538177490234375
2016-12-12,45.58785629272461
2016-12-13,45.96872329711914
2016-12-14,44.759883880615234
2016-12-15,44.867515563964844
2016-12-16,44.9006462097168
2016-12-19,44.92547607421875
2016-12-20,44.92547607421875
2016-12-21,44.70343017578125
2016-12-22,44.21742630004883
2016-12-23,44.48556900024414
2016-12-27,44.47718811035156
2016-12-28,44.40177536010742
2016-12-29,44.862632751464844
2016-12-30,44.59449768066406
2017-01-03,45.273216247558594
2017-01-04,45.583251953125
2017-01-05,46.03573226928711
2017-01-06,45.5329704284668
2017-01-09,45.449180603027344
2017-01-10,45.641910552978516
2017-01-11,46.91555404663086
2017-01-12,47.527244567871094
2017-01-13,47.50210952758789
2017-01-17,47.82889175415039
2017-01-18,47.14179229736328
2017-01-19,47.05801010131836
2017-01-20,47.05801010131836
2017-01-23,47.72834777832031
2017-01-24,47.71159362792969
2017-01-25,48.23110580444336
2017-01-26,48.05513381958008
2017-01-27,47.929447174072266
2017-01-30,47.86240768432617
2017-01-31,48.49924087524414
2017-02-01,48.51599884033203
2017-02-02,48.968482971191406
2017-02-03,49.3623046875
2017-02-06,49.27851486206055
2017-02-07,48.79251480102539
2017-02-08,48.6081657409668
2017-02-09,48.658443450927734
2017-02-10,48.700340270996094
2017-02-13,48.66682815551758
2017-02-14,48.717105865478516
2017-02-15,49.2701301574707
2017-02-16,48.72548294067383
2017-02-17,48.574649810791016
2017-02-21,49.49637222290039
2017-02-22,49.60530471801758
2017-02-23,49.87343978881836
2017-02-24,49.49637222290039
2017-02-27,49.161197662353516
2017-02-28,49.069034576416016
2017-03-01,49.39582061767578
2017-03-02,48.73386001586914
2017-03-03,48.3735466003418
2017-03-06,48.340030670166016
2017-03-07,48.658443450927734
2017-03-08,48.45734405517578
2017-03-09,48.130550384521484
2017-03-10,48.90144729614258
2017-03-13,49.697479248046875
2017-03-14,49.73099136352539
2017-03-15,51.37332534790039
2017-03-16,51.24763488769531
2017-03-17,51.35657501220703
2017-03-20,52.16098403930664
2017-03-21,51.809051513671875
2017-03-22,52.244773864746094
2017-03-23,52.01853942871094
2017-03-24,52.3453254699707
2017-03-27,52.3201904296875
2017-03-28,52.28667449951172
2017-03-29,52.37883758544922
2017-03-30,52.07719421386719
2017-03-31,51.84257507324219
2017-04-03,52.01015853881836
2017-04-04,51.540916442871094
2017-04-05,51.14708709716797
2017-04-06,50.987884521484375
2017-04-07,50.56892395019531
2017-04-10,49.87343978881836
2017-04-11,49.52989196777344
2017-04-12,50.024269104003906
2017-04-13,50.20860290527344
2017-04-17,50.711368560791016
2017-04-18,49.906959533691406
2017-04-19,49.7142333984375
2017-04-20,50.68622589111328
2017-04-21,51.08005905151367
2017-04-24,51.43198776245117
2017-04-25,52.22801971435547
2017-04-26,52.11908721923828
2017-04-27,52.05205535888672
2017-04-28,52.03529357910156
2017-05-01,52.32856369018555
2017-05-02,53.03242874145508
2017-05-03,52.65536117553711
2017-05-04,52.79780197143555
2017-05-05,53.13298034667969
2017-05-08,54.49041748046875
2017-05-09,55.00155258178711
2017-05-10,54.41500473022461
2017-05-11,55.294822692871094
2017-05-12,55.20265197753906
2017-05-15,55.73055648803711
2017-05-16,55.78921127319336
2017-05-17,54.80884552001953
2017-05-18,54.859107971191406
2017-05-19,55.94841384887695
2017-05-22,56.19979476928711
2017-05-23,55.97355651855469
2017-05-24,56.325477600097656
2017-05-25,56.912025451660156
2017-05-26,57.34775161743164
2017-05-30,56.54335021972656
2017-05-31,56.744441986083984
2017-06-01,56.76119613647461
2017-06-02,57.53209686279297
2017-06-05,57.39802932739258
2017-06-06,57.39802932739258
2017-06-07,56.82823181152344
2017-06-08,57.22206115722656
2017-06-09,56.92879104614258
2017-06-12,56.3338623046875
2017-06-13,57.09637451171875
2017-06-14,57.423160552978516
2017-06-15,56.476322174072266
2017-06-16,56.36737060546875
2017-06-19,56.70254898071289
2017-06-20,56.040592193603516
2017-06-21,56.00706481933594
2017-06-22,56.518211364746094
2017-06-23,57.01258087158203
2017-06-26,57.29747009277344
2017-06-27,56.76119613647461
2017-06-28,57.11314392089844
2017-06-29,56.426025390625
2017-06-30,56.819854736328125
2017-07-03,56.81148147583008
2017-07-05,56.4008903503418
2017-07-06,55.76407241821289
2017-07-07,56.099239349365234
2017-07-10,56.46792221069336
2017-07-11,56.56848907470703
2017-07-12,57.565616607666016
2017-07-13,57.9091682434082
2017-07-14,59.015228271484375
2017-07-17,58.67167282104492
2017-07-18,59.04037094116211
2017-07-19,59.249847412109375
2017-07-20,59.45095443725586
2017-07-21,59.878299713134766
2017-07-24,60.03750228881836
2017-07-25,59.64366149902344
2017-07-26,59.9704704284668
2017-07-27,59.48447036743164
2017-07-28,58.35326385498047
2017-07-31,58.403541564941406
2017-08-01,58.86440658569336
2017-08-02,58.755470275878906
2017-08-03,57.54885482788086
2017-08-04,57.967811584472656
2017-08-07,58.15216827392578
2017-08-08,57.65778732299805
2017-08-09,56.53496170043945
2017-08-10,55.14400863647461
2017-08-11,55.31996154785156
2017-08-14,56.392520904541016
2017-08-15,56.66065979003906
2017-08-16,56.71092987060547
2017-08-17,55.94841384887695
2017-08-18,56.518211364746094
2017-08-21,56.50982666015625
2017-08-22,57.40640640258789
2017-08-23,57.28909683227539
2017-08-24,57.6912956237793
2017-08-25,58.068382263183594
2017-08-28,57.90078353881836
2017-08-29,57.423160552978516
2017-08-30,57.506961822509766
2017-08-31,57.37289047241211
2017-09-01,57.53209686279297
2017-09-05,55.91490173339844
2017-09-06,56.099239349365234
2017-09-07,56.82823181152344
2017-09-08,56.434410095214844
2017-09-11,57.364505767822266
2017-09-12,57.23881530761719
2017-09-13,56.92041015625
2017-09-14,57.23881530761719
2017-09-15,57.59075927734375
2017-09-18,58.520851135253906
2017-09-19,58.71357727050781
2017-09-20,58.403541564941406
2017-09-21,58.39516830444336
2017-09-22,58.093505859375
2017-09-25,57.7164306640625
2017-09-26,57.565616607666016
2017-09-27,57.10476303100586
2017-09-28,57.02933883666992
2017-09-29,57.86726379394531
2017-10-02,58.0013427734375
2017-10-03,58.55437088012695
2017-10-04,58.62977981567383
2017-10-05,59.07388687133789
2017-10-06,58.84764099121094
2017-10-09,58.805747985839844
2017-10-10,59.5515022277832
2017-10-11,60.146427154541016
2017-10-12,60.506744384765625
2017-10-13,61.03461837768555
2017-10-16,60.63242721557617
2017-10-17,60.62404251098633
2017-10-18,60.76648712158203
2017-10-19,60.35590744018555
2017-10-20,60.8167839050293
2017-10-23,60.63242721557617
2017-10-24,60.93407440185547
2017-10-25,60.90895080566406
2017-10-26,60.62404251098633
2017-10-27,61.60441970825195
2017-10-30,61.277626037597656
2017-10-31,62.643455505371094
2017-11-01,63.87520217895508
2017-11-02,63.57356262207031
2017-11-03,63.50652313232422
2017-11-06,63.615447998046875
2017-11-07,62.82780838012695
2017-11-08,63.49814224243164
2017-11-09,62.601558685302734
2017-11-10,62.35018539428711
2017-11-13,62.1993522644043
2017-11-14,62.299903869628906
2017-11-15,62.676971435546875
2017-11-16,64.243896484375
2017-11-17,63.86682891845703
2017-11-20,63.95899963378906
2017-11-21,64.60419464111328
2017-11-22,64.86396789550781
2017-11-24,64.85557556152344
2017-11-27,63.27188491821289
2017-11-28,64.21876525878906
2017-11-29,63.78303909301758
2017-11-30,62.970252990722656
2017-12-01,62.90321350097656
2017-12-04,63.12945556640625
2017-12-05,63.34730529785156
2017-12-06,62.29152297973633
2017-12-07,62.241249084472656
2017-12-08,62.40883255004883
2017-12-11,62.55128479003906
2017-12-12,62.30828094482422
2017-12-13,63.31378936767578
2017-12-14,62.90321350097656
2017-12-15,62.91997146606445
2017-12-18,63.25514221191406
2017-12-19,62.85480499267578
2017-12-20,63.070499420166016
2017-12-21,62.07828140258789
2017-12-22,62.61322021484375
2017-12-26,62.38026428222656
2017-12-27,63.31208419799805
2017-12-28,64.52864074707031
2017-12-29,64.64942169189453
2018-01-02,65.46045684814453
2018-01-03,66.03853607177734
2018-01-04,65.5639877319336
2018-01-05,66.42677307128906
2018-01-08,66.49580383300781
2018-01-09,66.22833251953125
2018-01-10,65.90910339355469
2018-01-11,66.53031921386719
2018-01-12,67.2119369506836
2018-01-16,66.87543487548828
2018-01-17,67.1860580444336
2018-01-18,66.68562316894531
2018-01-19,67.02212524414062
2018-01-22,66.29736328125
2018-01-23,66.53894805908203
2018-01-24,67.2119369506836
2018-01-25,67.565673828125
2018-01-26,68.19551849365234
2018-01-29,67.8417739868164
2018-01-30,67.00486755371094
2018-01-31,67.5052719116211
2018-02-01,66.56482696533203
2018-02-02,63.88153076171875
2018-02-05,61.99200439453125
2018-02-06,64.41646575927734
2018-02-07,61.42256164550781
2018-02-08,59.47263717651367
2018-02-09,60.88761901855469
2018-02-12,61.690025329589844
2018-02-13,61.91435623168945
2018-02-14,63.74348831176758
2018-02-15,65.16709899902344
2018-02-16,65.3482894897461
2018-02-20,62.93245315551758
2018-02-21,62.768531799316406
2018-02-22,62.75126266479492
2018-02-23,64.0886001586914
2018-02-26,64.81334686279297
2018-02-27,63.035987854003906
2018-02-28,62.19908142089844
2018-03-01,61.87983322143555
2018-03-02,62.38026428222656
2018-03-05,62.07828140258789
2018-03-06,64.26978302001953
2018-03-07,64.09722900390625
2018-03-08,63.89016342163086
2018-03-09,65.74516296386719
2018-03-12,65.74516296386719
2018-03-13,65.39142608642578
2018-03-14,65.92636108398438
2018-03-15,65.70204162597656
2018-03-16,65.8141860961914
2018-03-19,64.58039855957031
2018-03-20,65.44319152832031
2018-03-21,65.99539184570312
2018-03-22,64.0886001586914
2018-03-23,61.97474670410156
2018-03-26,64.21802520751953
2018-03-27,62.95833206176758
2018-03-28,63.7089729309082
2018-03-29,65.09807586669922
2018-04-02,64.0023193359375
2018-04-03,65.19297790527344
2018-04-04,64.35607147216797
2018-04-05,64.47686004638672
2018-04-06,63.13089370727539
2018-04-09,63.74348831176758
2018-04-10,64.45097351074219
2018-04-11,64.0023193359375
2018-04-12,64.09722900390625
2018-04-13,64.14037322998047
2018-04-16,64.38195037841797
2018-04-17,64.66667938232422
2018-04-18,65.42593383789062
2018-04-19,65.04631042480469
2018-04-20,64.29566955566406
2018-04-23,63.9505500793457
2018-04-24,63.20855712890625
2018-04-25,63.243064880371094
2018-04-26,64.88237762451172
2018-04-27,65.65026092529297
2018-04-30,65.22748565673828
2018-05-01,64.88237762451172
2018-05-02,64.12311553955078
2018-05-03,64.2525405883789
2018-05-04,64.12311553955078
2018-05-07,63.389732360839844
2018-05-08,63.28620529174805
2018-05-09,63.32070541381836
2018-05-10,64.70982360839844
2018-05-11,64.6839370727539
2018-05-14,64.27841186523438
2018-05-15,62.9238166809082
2018-05-16,63.5450553894043
2018-05-17,63.07912063598633
2018-05-18,62.97559356689453
2018-05-21,63.34658432006836
2018-05-22,63.5968017578125
2018-05-23,64.22665405273438
2018-05-24,63.39836883544922
2018-05-25,63.9505500793457
2018-05-29,62.69948959350586
2018-05-30,62.570068359375
2018-05-31,62.242218017578125
2018-06-01,63.39836883544922
2018-06-04,63.65721130371094
2018-06-05,63.21717834472656
2018-06-06,64.27841186523438
2018-06-07,63.85564422607422
2018-06-08,63.389732360839844
2018-06-11,63.674468994140625
2018-06-12,63.070499420166016
2018-06-13,62.69948959350586
2018-06-14,61.88846969604492
2018-06-15,60.56838607788086
2018-06-18,59.852272033691406
2018-06-19,58.558067321777344
2018-06-20,58.98946762084961
2018-06-21,57.87646484375
2018-06-22,58.739261627197266
2018-06-25,58.514923095703125
2018-06-26,58.29922866821289
2018-06-27,57.62624740600586
2018-06-28,57.70390701293945
2018-06-29,58.420013427734375
2018-07-02,57.14308547973633
2018-07-03,56.720306396484375
2018-07-05,56.590885162353516
2018-07-06,57.08269500732422
2018-07-09,57.910972595214844
2018-07-10,57.824684143066406
2018-07-11,56.65129470825195
2018-07-12,56.86699676513672
2018-07-13,57.1171989440918
2018-07-16,57.091312408447266
2018-07-17,57.38467025756836
2018-07-18,57.10857009887695
2018-07-19,56.30617141723633
2018-07-20,57.229366302490234
2018-07-23,56.0645866394043
2018-07-24,56.910133361816406
2018-07-25,57.56584930419922
2018-07-26,57.17759323120117
2018-07-27,57.445064544677734
2018-07-30,57.42779541015625
2018-07-31,58.03176498413086
2018-08-01,57.65213394165039
2018-08-02,56.392452239990234
2018-08-03,56.910133361816406
2018-08-06,56.659912109375
2018-08-07,57.63488006591797
2018-08-08,57.531341552734375
2018-08-09,57.28976058959961
2018-08-10,55.831634521484375
2018-08-13,54.97745895385742
2018-08-14,55.857513427734375
2018-08-15,54.61508560180664
2018-08-16,55.15864562988281
2018-08-17,55.762603759765625
2018-08-20,55.77986145019531
2018-08-21,56.83247756958008
2018-08-22,56.96188735961914
2018-08-23,56.29753875732422
2018-08-24,57.60899353027344
2018-08-27,58.204322814941406
2018-08-28,58.1439208984375
2018-08-29,58.178436279296875
2018-08-30,57.60036849975586
2018-08-31,58.083534240722656
2018-09-04,57.60036849975586
2018-09-05,56.8238525390625
2018-09-06,56.599517822265625
2018-09-07,55.99555587768555
2018-09-10,56.08183670043945
2018-09-11,56.426963806152344
2018-09-12,56.608150482177734
2018-09-13,57.15170669555664
2018-09-14,57.47957229614258
2018-09-17,56.62540054321289
2018-09-18,57.42779541015625
2018-09-19,57.46231460571289
2018-09-20,58.36825942993164
2018-09-21,58.56669616699219
2018-09-24,58.21295166015625
2018-09-25,58.54081344604492
2018-09-26,58.6012077331543
2018-09-27,59.118892669677734
2018-09-28,58.9031867980957
2018-10-01,58.62709426879883
2018-10-02,57.712528228759766
2018-10-03,57.07406234741211
2018-10-04,55.51239013671875
2018-10-05,55.53828430175781
2018-10-08,55.40023422241211
2018-10-09,55.14139175415039
2018-10-10,53.510704040527344
2018-10-11,52.380435943603516
2018-10-12,53.57973098754883
2018-10-15,52.99302673339844
2018-10-16,54.0456428527832
2018-10-17,53.70914840698242
2018-10-18,52.28553009033203
2018-10-19,53.02753448486328
2018-10-22,53.09656524658203
2018-10-23,52.138858795166016
2018-10-24,50.3960075378418
2018-10-25,51.19840621948242
2018-10-26,49.7747917175293
2018-10-29,49.05004119873047
2018-10-30,50.05950927734375
2018-10-31,50.275211334228516
2018-11-01,51.34507751464844
2018-11-02,52.440834045410156
2018-11-05,52.2078742980957
2018-11-06,52.67378616333008
2018-11-07,53.45030975341797
2018-11-08,52.3718147277832
2018-11-09,51.24154281616211
2018-11-12,50.490909576416016
2018-11-13,51.207035064697266
2018-11-14,51.00859069824219
2018-11-15,52.30278396606445
2018-11-16,52.49260330200195
2018-11-19,51.72471237182617
2018-11-20,50.81877517700195
2018-11-21,51.49176025390625
2018-11-23,50.568565368652344
2018-11-26,51.96630096435547
2018-11-27,52.25101852416992
2018-11-28,53.372657775878906
2018-11-29,52.83772659301758
2018-11-30,52.30278396606445
2018-12-03,53.752288818359375
2018-12-04,52.42357635498047
2018-12-06,52.01806640625
2018-12-07,50.88780212402344
2018-12-10,50.93956756591797
2018-12-11,50.861915588378906
2018-12-12,51.74197006225586
2018-12-13,51.621185302734375
2018-12-14,50.66347122192383
2018-12-17,50.37874984741211
2018-12-18,51.08720016479492
2018-12-19,50.501197814941406
2018-12-20,50.94725799560547
2018-12-21,50.676124572753906
2018-12-24,50.28253936767578
2018-12-26,51.2183952331543
2018-12-27,51.32335662841797
2018-12-28,51.751914978027344
2018-12-31,51.48078536987305
2019-01-02,50.789825439453125
2019-01-03,49.696533203125
2019-01-04,51.270877838134766
2019-01-07,51.463287353515625
2019-01-08,50.88603591918945
2019-01-09,52.18048858642578
2019-01-10,52.390403747558594
2019-01-11,52.3466682434082
2019-01-14,51.751914978027344
2019-01-15,52.486610412597656
2019-01-16,53.36998748779297
2019-01-17,53.46619415283203
2019-01-18,53.7460823059082
2019-01-22,52.59156799316406
2019-01-23,53.317508697509766
2019-01-24,53.95598602294922
2019-01-25,55.504093170166016
2019-01-28,55.03178787231445
2019-01-29,55.32916259765625
2019-01-30,56.990970611572266
2019-01-31,56.60612869262695
2019-02-01,56.01137161254883
2019-02-04,56.195045471191406
2019-02-05,57.06092834472656
2019-02-06,56.536155700683594
2019-02-07,55.504093170166016
2019-02-08,54.81312942504883
2019-02-11,54.88309860229492
2019-02-12,55.55656814575195
2019-02-13,55.24169921875
2019-02-14,55.58280944824219
2019-02-15,55.46035385131836
2019-02-19,55.670265197753906
2019-02-20,56.12507247924805
2019-02-21,55.86268615722656
2019-02-22,56.39621353149414
2019-02-25,56.57988739013672
2019-02-26,56.41370391845703
2019-02-27,56.28250503540039
2019-02-28,55.07551956176758
2019-03-01,55.145484924316406
2019-03-04,54.70817565917969
2019-03-05,54.57697677612305
2019-03-06,54.34082794189453
2019-03-07,53.43121337890625
2019-03-08,53.08135986328125
2019-03-11,53.60614013671875
2019-03-12,53.912254333496094
2019-03-13,53.562408447265625
2019-03-14,53.22129821777344
2019-03-15,54.23586654663086
2019-03-18,54.393306732177734
2019-03-19,54.27085876464844
2019-03-20,54.51575469970703
2019-03-21,54.996803283691406
2019-03-22,53.544921875
2019-03-25,53.5711555480957
2019-03-26,53.37873458862305
2019-03-27,52.79273223876953
2019-03-28,53.07261276245117
2019-03-29,53.30876159667969
2019-04-01,54.35832214355469
2019-04-02,54.22712326049805
2019-04-03,55.24169921875
2019-04-04,55.346656799316406
2019-04-05,55.477848052978516
2019-04-08,55.127994537353516
2019-04-09,55.11924743652344
2019-04-10,55.53032684326172
2019-04-11,55.16298294067383
2019-04-12,55.932655334472656
2019-04-15,55.88017272949219
2019-04-16,56.116329193115234
2019-04-17,56.2387809753418
2019-04-18,55.35540771484375
2019-04-22,55.084266662597656
2019-04-23,55.2941780090332
2019-04-24,53.8685302734375
2019-04-25,53.57990264892578
2019-04-26,53.46619415283203
2019-04-29,54.288352966308594
2019-04-30,53.77231979370117
2019-05-01,53.35249710083008
2019-05-02,53.7198371887207
2019-05-03,53.73733139038086
2019-05-06,52.80147933959961
2019-05-07,51.865623474121094
2019-05-08,51.98807144165039
2019-05-09,50.3437614440918
2019-05-10,50.50993728637695
2019-05-13,48.63823318481445
2019-05-14,49.39042282104492
2019-05-15,49.64406204223633
2019-05-16,48.953102111816406
2019-05-17,48.34085464477539
2019-05-20,48.165931701660156
2019-05-21,48.78691864013672
2019-05-22,48.88312911987305
2019-05-23,48.419586181640625
2019-05-24,48.46330642700195
2019-05-28,48.50703430175781
2019-05-29,48.03474044799805
2019-05-30,48.62074661254883
2019-05-31,48.603248596191406
2019-06-03,49.521610260009766
2019-06-04,49.87146759033203
2019-06-05,49.3729248046875
2019-06-06,49.3729248046875
2019-06-07,49.81898880004883
2019-06-10,50.2737922668457
2019-06-11,50.69361114501953
2019-06-12,50.17758560180664
2019-06-13,49.906455993652344
2019-06-14,49.5478515625
2019-06-17,49.75775909423828
2019-06-18,50.98224639892578
2019-06-19,51.340843200683594
2019-06-20,52.15425109863281
2019-06-21,51.918094635009766
2019-06-24,52.02305221557617
2019-06-25,51.78691101074219
2019-06-26,52.267948150634766
2019-06-27,52.57407760620117
2019-06-28,52.36416244506836
2019-07-01,52.16299819946289
2019-07-02,51.77816390991211
2019-07-03,50.88603591918945
2019-07-05,50.55367660522461
2019-07-08,49.58283615112305
2019-07-09,49.39916229248047
2019-07-10,50.03764343261719
2019-07-11,50.25630187988281
2019-07-12,50.38750076293945
2019-07-15,50.221317291259766
2019-07-16,50.2737922668457
2019-07-17,49.82773208618164
2019-07-18,50.466209411621094
2019-07-19,50.483707427978516
2019-07-22,50.7985725402832
2019-07-23,50.7985725402832
2019-07-24,50.53618240356445
2019-07-25,49.84523010253906
2019-07-26,49.967674255371094
2019-07-29,49.355430603027344
2019-07-30,49.26797103881836
2019-07-31,48.454559326171875
2019-08-01,47.83356857299805
2019-08-02,47.01142501831055
2019-08-05,44.99976348876953
2019-08-06,45.332130432128906
2019-08-07,45.402099609375
2019-08-08,45.769447326660156
2019-08-09,45.60326385498047
2019-08-12,45.08723068237305
2019-08-13,45.86565017700195
2019-08-14,44.76361846923828
2019-08-15,45.008514404296875
2019-08-16,45.65574645996094
2019-08-19,45.58577346801758
2019-08-20,46.15428161621094
2019-08-21,46.731536865234375
2019-08-22,45.78693389892578
2019-08-23,45.19218444824219
2019-08-26,45.28839111328125
2019-08-27,45.39335250854492
2019-08-28,45.821922302246094
2019-08-29,46.13678741455078
2019-08-30,46.582847595214844
2019-09-03,46.41667175292969
2019-09-04,47.45747756958008
2019-09-05,48.21841049194336
2019-09-06,48.46330642700195
2019-09-09,48.7956657409668
2019-09-10,49.18925094604492
2019-09-11,49.67904281616211
2019-09-12,50.238807678222656
2019-09-13,50.75484085083008
2019-09-16,49.836483001708984
2019-09-17,49.88895797729492
2019-09-18,49.810237884521484
2019-09-19,49.74026870727539
2019-09-20,49.967674255371094
2019-09-23,50.15134048461914
2019-09-24,49.897701263427734
2019-09-25,49.416656494140625
2019-09-26,49.42539596557617
2019-09-27,48.480796813964844
2019-09-30,49.27671432495117
2019-10-01,49.01432800292969
2019-10-02,48.1222038269043
2019-10-03,48.75193786621094
2019-10-04,49.08428955078125
2019-10-07,48.78691864013672
2019-10-08,49.01432800292969
2019-10-09,49.29420852661133
2019-10-10,49.85396957397461
2019-10-11,50.5711669921875
2019-10-14,50.2737922668457
2019-10-15,50.85979461669922
2019-10-16,50.85979461669922
2019-10-17,51.08720016479492
2019-10-18,50.3700065612793
2019-10-21,51.270877838134766
2019-10-22,51.67321014404297
2019-10-23,51.6207275390625
2019-10-24,51.64696502685547
2019-10-25,51.73442840576172
2019-10-28,52.07553482055664
2019-10-29,51.865623474121094
2019-10-30,51.944339752197266
2019-10-31,51.54201126098633
2019-11-01,52.556583404541016
2019-11-04,53.0463752746582
2019-11-05,53.684852600097656
2019-11-06,53.142578125
2019-11-07,53.79855728149414
2019-11-08,53.4399528503418
2019-11-11,52.72275924682617
2019-11-12,52.72275924682617
2019-11-13,52.24171447753906
2019-11-14,52.775238037109375
2019-11-15,53.82479476928711
2019-11-18,53.46619415283203
2019-11-19,53.11634063720703
2019-11-20,52.50410461425781
2019-11-21,51.55950164794922
2019-11-22,51.61198043823242
2019-11-25,52.451622009277344
2019-11-26,52.486610412597656
2019-11-27,52.320430755615234
2019-11-29,51.139678955078125
2019-12-02,50.816062927246094
2019-12-03,50.230064392089844
2019-12-04,50.32627487182617
2019-12-05,50.16008758544922
2019-12-06,50.84230422973633
2019-12-09,50.466209411621094
2019-12-10,50.92976760864258
2019-12-11,51.55075454711914
2019-12-12,53.37873458862305
2019-12-13,53.509925842285156
2019-12-16,53.90138626098633
2019-12-17,54.84874725341797
2019-12-18,54.83980941772461
2019-12-19,54.99174880981445
2019-12-20,55.34030532836914
2019-12-23,55.12580490112305
2019-12-24,54.70574951171875
2019-12-26,55.05430221557617
2019-12-27,55.84973907470703
2019-12-30,55.32243347167969
2019-12-31,55.58161163330078
2020-01-02,55.56373596191406
2020-01-03,54.437625885009766
2020-01-06,54.241004943847656
2020-01-07,54.821937561035156
2020-01-08,54.85768508911133
2020-01-09,55.37605285644531
2020-01-10,56.02848815917969
2020-01-13,57.27971649169922
2020-01-14,57.0920295715332
2020-01-15,56.45747756958008
2020-01-16,57.14565658569336
2020-01-17,57.23503494262695
2020-01-21,55.99273681640625
2020-01-22,57.10097122192383
2020-01-23,56.52898025512695
2020-01-24,56.21617126464844
2020-01-27,54.25887680053711
2020-01-28,54.21419906616211
2020-01-29,54.24994659423828
2020-01-30,53.043392181396484
2020-01-31,51.524044036865234
2020-02-03,52.35521697998047
2020-02-04,53.838829040527344
2020-02-05,54.339317321777344
2020-02-06,55.107933044433594
2020-02-07,54.02650833129883
2020-02-10,54.53594207763672
2020-02-11,55.34030532836914
2020-02-12,56.21617126464844
2020-02-13,55.25987243652344
2020-02-14,55.49224090576172
2020-02-18,54.589569091796875
2020-02-19,54.58062744140625
2020-02-20,52.91827392578125
2020-02-21,52.16752624511719
2020-02-24,49.44163131713867
2020-02-25,49.41482162475586
2020-02-26,50.01362228393555
2020-02-27,49.066261291503906
2020-02-28,49.1198844909668
2020-03-02,50.237060546875
2020-03-03,49.62931442260742
2020-03-04,51.461483001708984
2020-03-05,50.335365295410156
2020-03-06,49.63825225830078
2020-03-09,46.903411865234375
2020-03-10,48.90538787841797
2020-03-11,46.510169982910156
2020-03-12,41.701847076416016
2020-03-13,44.44562911987305
2020-03-16,37.420841217041016
2020-03-17,40.11992645263672
2020-03-18,36.34835433959961
2020-03-19,34.855812072753906
2020-03-20,36.26792526245117
2020-03-23,34.82899856567383
2020-03-24,39.163631439208984
2020-03-25,41.272857666015625
2020-03-26,42.7564582824707
2020-03-27,40.495304107666016
2020-03-30,41.36223220825195
2020-03-31,41.93421936035156
2020-04-01,39.047447204589844
2020-04-02,41.00473403930664
2020-04-03,40.35231018066406
2020-04-06,43.15864562988281
2020-04-07,43.632328033447266
2020-04-08,43.86470413208008
2020-04-09,43.73957824707031
2020-04-13,43.49826431274414
2020-04-14,44.56181716918945
2020-04-15,43.203330993652344
2020-04-16,43.74851608276367
2020-04-17,45.3751220703125
2020-04-20,44.3830680847168
2020-04-21,43.0871467590332
2020-04-22,44.36519241333008
2020-04-23,44.47243881225586
2020-04-24,44.52606201171875
2020-04-27,45.741546630859375
2020-04-28,45.80411148071289
2020-04-29,47.082157135009766
2020-04-30,46.13479995727539
2020-05-01,44.54393768310547
2020-05-04,44.838871002197266
2020-05-05,45.0891227722168
2020-05-06,44.838871002197266
2020-05-07,45.64323806762695
2020-05-08,46.2867317199707
2020-05-11,45.43767547607422
2020-05-12,45.02656173706055
2020-05-13,45.10699462890625
2020-05-14,45.45555114746094
2020-05-15,44.59756851196289
2020-05-18,46.393978118896484
2020-05-19,46.42973709106445
2020-05-20,47.0017204284668
2020-05-21,46.46548080444336
2020-05-22,45.78623962402344
2020-05-26,47.3681526184082
2020-05-27,47.38602828979492
2020-05-28,47.028533935546875
2020-05-29,47.86865234375
2020-06-01,49.10200500488281
2020-06-02,50.29961395263672
2020-06-03,52.399906158447266
2020-06-04,51.3631706237793
2020-06-05,53.59751892089844
2020-06-08,53.82988739013672
2020-06-09,53.05233383178711
2020-06-10,53.6422004699707
2020-06-11,50.692867279052734
2020-06-12,51.37210464477539
2020-06-15,49.60250473022461
2020-06-16,50.74648666381836
2020-06-17,51.318477630615234
2020-06-18,51.15761184692383
2020-06-19,50.71967697143555
2020-06-22,51.586605072021484
2020-06-23,51.57766342163086
2020-06-24,51.38998031616211
2020-06-25,51.30060577392578
2020-06-26,51.005672454833984
2020-06-29,51.12186050415039
2020-06-30,51.05929946899414
2020-07-01,51.35423278808594
2020-07-02,52.18540954589844
2020-07-06,53.740516662597656
2020-07-07,52.56078338623047
2020-07-08,52.89146041870117
2020-07-09,52.56971740722656
2020-07-10,52.221160888671875
2020-07-13,52.30159378051758
2020-07-14,52.775272369384766
2020-07-15,53.18639373779297
2020-07-16,52.650150299072266
2020-07-17,53.12382888793945
2020-07-20,53.40089416503906
2020-07-21,53.71370315551758
2020-07-22,53.50813674926758
2020-07-23,52.72165298461914
2020-07-24,52.650150299072266
2020-07-27,53.695831298828125
2020-07-28,53.82988739013672
2020-07-29,54.86662673950195
2020-07-30,54.392940521240234
2020-07-31,53.85669708251953
2020-08-03,54.49125671386719
2020-08-04,55.1794319152832
2020-08-05,56.52004623413086
2020-08-06,57.23503494262695
2020-08-07,57.065223693847656
2020-08-10,58.307518005371094
2020-08-11,58.816951751708984
2020-08-12,59.77324295043945
2020-08-13,59.46044158935547
2020-08-14,58.861637115478516
2020-08-17,59.52299880981445
2020-08-18,57.664024353027344
2020-08-19,57.503150939941406
2020-08-20,55.81398391723633
2020-08-21,56.06423568725586
2020-08-24,56.81497573852539
2020-08-25,57.664024353027344
2020-08-26,58.03045654296875
2020-08-27,57.0115966796875
2020-08-28,57.76233673095703
2020-08-31,56.368106842041016
2020-09-01,57.18141174316406
2020-09-02,57.18141174316406
2020-09-03,56.57365798950195
2020-09-04,56.96691131591797
2020-09-08,56.99372100830078
2020-09-09,57.74446105957031
2020-09-10,57.029476165771484
2020-09-11,57.64615249633789
2020-09-14,58.84375762939453
2020-09-15,59.52299880981445
2020-09-16,59.5498161315918
2020-09-17,59.371070861816406
2020-09-18,59.02250671386719
2020-09-21,58.51306915283203
2020-09-22,57.601463317871094
2020-09-23,56.68984603881836
2020-09-24,56.126792907714844
2020-09-25,56.305545806884766
2020-09-28,57.512088775634766
2020-09-29,57.6729621887207
2020-09-30,58.39689636230469
2020-10-01,58.995697021484375
2020-10-02,58.26283264160156
2020-10-05,59.5498161315918
2020-10-06,58.808013916015625
2020-10-07,60.211185455322266
2020-10-08,60.515045166015625
2020-10-09,61.07810974121094
2020-10-12,60.765296936035156
2020-10-13,60.25586700439453
2020-10-14,59.78219223022461
2020-10-15,59.47831344604492
2020-10-16,59.47831344604492
2020-10-19,59.38894271850586
2020-10-20,60.130741119384766
2020-10-21,60.50611114501953
2020-10-22,60.20223617553711
2020-10-23,61.042354583740234
2020-10-26,60.03242492675781
2020-10-27,59.916255950927734
2020-10-28,59.01356887817383
2020-10-29,59.30850601196289
2020-10-30,58.00364685058594
2020-11-02,59.00463104248047
2020-11-03,60.282676696777344
2020-11-04,61.507102966308594
2020-11-05,62.963897705078125
2020-11-06,62.758331298828125
2020-11-09,63.37501907348633
2020-11-10,63.9559440612793
2020-11-11,64.80499267578125
2020-11-12,64.17938232421875
2020-11-13,65.72554779052734
2020-11-16,66.96784210205078
2020-11-17,66.92315673828125
2020-11-18,66.88741302490234
2020-11-19,66.67291259765625
2020-11-20,66.72654724121094
2020-11-23,68.02245330810547
2020-11-24,69.15750885009766
2020-11-25,68.57659149169922
2020-11-27,69.58650207519531
2020-11-30,68.29951477050781
2020-12-01,69.63118743896484
2020-12-02,70.93604278564453
2020-12-03,72.1783447265625
2020-12-04,74.17137145996094
2020-12-07,74.31437683105469
2020-12-08,72.73245239257812
2020-12-09,73.46532440185547
2020-12-10,74.20712280273438
2020-12-11,73.67089080810547
2020-12-14,73.26560974121094
2020-12-15,74.32833862304688
2020-12-16,73.7609634399414
2020-12-17,73.58983612060547
2020-12-18,73.14852905273438
2020-12-21,72.45504760742188
2020-12-22,71.32027435302734
2020-12-23,72.79728698730469
2020-12-24,73.9951171875
2020-12-28,74.68859100341797
2020-12-29,76.1565933227539
2020-12-30,77.58859252929688
2020-12-31,77.49852752685547
2021-01-04,79.5429458618164
2021-01-05,81.53331756591797
2021-01-06,81.4162368774414
2021-01-07,82.94730377197266
2021-01-08,86.65785217285156
2021-01-11,85.91935729980469
2021-01-12,85.21686553955078
2021-01-13,85.19884490966797
2021-01-14,85.79325866699219
2021-01-15,83.06438446044922
2021-01-19,83.42462158203125
2021-01-20,84.57742309570312
2021-01-21,86.4957504272461
2021-01-22,84.49637603759766
2021-01-25,86.24356842041016
2021-01-26,84.90164184570312
2021-01-27,81.80351257324219
2021-01-28,82.97431945800781
2021-01-29,79.34480285644531
2021-02-01,82.56903076171875
2021-02-02,83.02835845947266
2021-02-03,83.77586364746094
2021-02-04,82.50598907470703
2021-02-05,83.72183227539062
2021-02-08,82.70413208007812
2021-02-09,83.13642120361328
2021-02-10,83.72183227539062
2021-02-11,84.64047241210938
2021-02-12,84.74854278564453
2021-02-16,84.31624603271484
2021-02-17,83.74884796142578
2021-02-18,82.50598907470703
2021-02-19,83.84791564941406
2021-02-22,81.66841888427734
2021-02-23,81.94760131835938
2021-02-24,81.04698181152344
2021-02-25,80.16437530517578
2021-02-26,79.22773742675781
2021-03-01,81.34418487548828
2021-03-02,80.54263305664062
2021-03-03,80.30846405029297
2021-03-04,78.8494644165039
2021-03-05,80.16437530517578
2021-03-08,78.18299865722656
2021-03-09,78.7684097290039
2021-03-10,77.60661315917969
2021-03-11,79.93021392822266
2021-03-12,79.28175354003906
2021-03-15,80.40753936767578
2021-03-16,80.5516357421875
2021-03-17,80.73176574707031
2021-03-18,78.9215087890625
2021-03-19,80.04729461669922
2021-03-22,80.23641967773438
2021-03-23,77.88579559326172
2021-03-24,77.46250915527344
2021-03-25,78.65132904052734
2021-03-26,80.28145599365234
2021-03-29,79.452880859375
2021-03-30,79.79512023925781
2021-03-31,80.78580474853516
2021-04-01,81.67742919921875
2021-04-05,82.73114776611328
2021-04-06,82.82120513916016
2021-04-07,82.31686401367188
2021-04-08,82.6230697631836
2021-04-09,82.23580932617188
2021-04-12,81.82152557373047
2021-04-13,83.2895278930664
2021-04-14,83.98301696777344
2021-04-15,84.64047241210938
2021-04-16,84.15412902832031
2021-04-19,84.11811065673828
2021-04-20,83.93798065185547
2021-04-21,83.73084259033203
2021-04-22,82.33486938476562
2021-04-23,83.61375427246094
2021-04-26,84.28922271728516
2021-04-27,83.87493896484375
2021-04-28,83.6587905883789
2021-04-29,83.4876708984375
2021-04-30,81.56034088134766
2021-05-03,81.39823150634766
2021-05-04,81.37120056152344
2021-05-05,81.59635925292969
2021-05-06,83.08238983154297
2021-05-07,84.29823303222656
2021-05-10,84.05506896972656
2021-05-11,82.98332214355469
2021-05-12,79.41685485839844
2021-05-13,80.35350799560547
2021-05-14,81.53331756591797
2021-05-17,80.01126861572266
2021-05-18,81.38922882080078
2021-05-19,81.12804412841797
2021-05-20,81.59635925292969
2021-05-21,80.60568237304688
2021-05-24,81.4432601928711
2021-05-25,82.14573669433594
2021-05-26,82.469970703125
2021-05-27,81.7674789428711
2021-05-28,82.8842544555664
2021-06-01,84.1721420288086
2021-06-02,83.69481658935547
2021-06-03,83.50568389892578
2021-06-04,84.47836303710938
2021-06-07,84.06405639648438
2021-06-08,83.49667358398438
2021-06-09,82.45195770263672
2021-06-10,83.46965789794922
2021-06-11,83.43362426757812
2021-06-14,83.73084259033203
2021-06-15,83.64077758789062
2021-06-16,82.74915313720703
2021-06-17,82.60505676269531
2021-06-18,82.04666900634766
2021-06-21,82.91127014160156
2021-06-22,82.8302230834961
2021-06-23,83.17243957519531
2021-06-24,84.16313171386719
2021-06-25,84.66748046875
2021-06-28,84.15412902832031
2021-06-29,83.83891296386719
2021-06-30,83.91996002197266
2021-07-01,83.3976058959961
2021-07-02,83.75785827636719
2021-07-06,83.14543151855469
2021-07-07,82.47897338867188
2021-07-08,80.64170837402344
2021-07-09,81.24512481689453
2021-07-12,81.86654663085938
2021-07-13,81.6594009399414
2021-07-14,82.20878601074219
2021-07-15,82.55103302001953
2021-07-16,81.6954345703125
2021-07-19,79.80413055419922
2021-07-20,81.00196075439453
2021-07-21,80.56965637207031
2021-07-22,81.2361068725586
2021-07-23,81.19108581542969
2021-07-26,81.0830078125
2021-07-27,80.27244567871094
2021-07-28,81.01996612548828
2021-07-29,81.6053695678711
2021-07-30,79.93021392822266
2021-08-02,79.91220092773438
2021-08-03,81.10102081298828
2021-08-04,82.21778869628906
2021-08-05,82.41593933105469
2021-08-06,81.40723419189453
2021-08-09,81.32618713378906
2021-08-10,80.16437530517578
2021-08-11,79.60598754882812
2021-08-12,78.65132904052734
2021-08-13,77.76871490478516
2021-08-16,77.4084701538086
2021-08-17,75.6162338256836
2021-08-18,75.99449157714844
2021-08-19,74.75163269042969
2021-08-20,74.4094009399414
2021-08-23,75.60722351074219
2021-08-24,76.99418640136719
2021-08-25,77.03922271728516
2021-08-26,76.07555389404297
2021-08-27,77.18331146240234
2021-08-30,76.54386901855469
2021-08-31,78.07493591308594
2021-09-01,78.96654510498047
2021-09-02,77.9938735961914
2021-09-03,78.98455810546875
2021-09-07,77.84077453613281
2021-09-08,76.53487396240234
2021-09-09,75.32803344726562
2021-09-10,75.30101013183594
2021-09-13,75.868408203125
2021-09-14,75.97648620605469
2021-09-15,76.74201202392578
2021-09-16,75.31002044677734
2021-09-17,74.82368469238281
2021-09-20,72.99542999267578
2021-09-21,73.04045104980469
2021-09-22,73.84200286865234
2021-09-23,75.6162338256836
2021-09-24,74.31034088134766
2021-09-27,74.75163269042969
2021-09-28,72.95038604736328
2021-09-29,72.10380554199219
2021-09-30,72.6441879272461
2021-10-01,72.49108123779297
2021-10-04,71.47337341308594
2021-10-05,71.05008697509766
2021-10-06,69.51001739501953
2021-10-07,70.68082427978516
2021-10-08,70.2034912109375
2021-10-11,70.05939483642578
2021-10-12,68.87057495117188
2021-10-13,70.50069427490234
2021-10-14,71.60846710205078
2021-10-15,72.38299560546875
2021-10-18,71.72554779052734
2021-10-19,73.04045104980469
2021-10-20,72.63517761230469
2021-10-21,72.24790954589844
2021-10-22,72.37399291992188
2021-10-25,73.34666442871094
2021-10-26,73.87803649902344
2021-10-27,72.94137573242188
2021-10-28,73.03144836425781
2021-10-29,71.59044647216797
2021-11-01,71.90565490722656
2021-11-02,72.45504760742188
2021-11-03,71.59945678710938
2021-11-04,71.6624984741211
2021-11-05,71.57244873046875
2021-11-08,71.73455810546875
2021-11-09,71.23920440673828
2021-11-10,69.99634552001953
2021-11-11,70.83393096923828
2021-11-12,71.79759216308594
2021-11-15,71.9236831665039
2021-11-16,71.77957916259766
2021-11-17,70.86094665527344
2021-11-18,70.45567321777344
2021-11-19,70.63579559326172
2021-11-22,72.0767822265625
2021-11-23,71.51839447021484
2021-11-24,71.32027435302734
2021-11-26,68.23113250732422
2021-11-29,68.78050994873047
2021-11-30,68.20411682128906
2021-12-01,69.64511108398438
2021-12-02,71.20318603515625
2021-12-03,70.86995697021484
2021-12-06,71.85163116455078
2021-12-07,72.97740173339844
2021-12-08,73.1845474243164
2021-12-09,72.7342529296875
2021-12-10,72.71623229980469
2021-12-13,71.7679672241211
2021-12-14,71.44606018066406
2021-12-15,72.38420867919922
2021-12-16,71.9519271850586
2021-12-17,72.26463317871094
2021-12-20,70.83901977539062
2021-12-21,71.62081909179688
2021-12-22,72.11748504638672
2021-12-23,72.4485855102539
2021-12-27,72.73370361328125
2021-12-28,72.4853744506836
2021-12-29,72.54975891113281
2021-12-30,71.87833404541016
2021-12-31,71.62081909179688
2022-01-03,71.61161041259766
2022-01-04,71.45526123046875
2022-01-05,70.0664291381836
2022-01-06,69.52378845214844
2022-01-07,71.30809020996094
2022-01-10,70.19519805908203
2022-01-11,71.94271850585938
2022-01-12,73.36832427978516
2022-01-13,72.08069610595703
2022-01-14,71.07815551757812
2022-01-18,68.971923828125
2022-01-19,69.74452209472656
2022-01-20,69.41342163085938
2022-01-21,68.53964233398438
2022-01-24,67.23361206054688
2022-01-25,66.24948120117188
2022-01-26,65.39411163330078
2022-01-27,63.65578842163086
2022-01-28,64.9342269897461
2022-01-31,66.5805892944336
2022-02-01,67.12324523925781
2022-02-02,67.60150909423828
2022-02-03,66.2034912109375
2022-02-04,66.88410949707031
2022-02-07,67.10484313964844
2022-02-08,67.30718994140625
2022-02-09,68.5212631225586
2022-02-10,67.73027038574219
2022-02-11,67.0496597290039
2022-02-14,66.442626953125
2022-02-15,66.95768737792969
2022-02-16,67.7670669555664
2022-02-17,67.23361206054688
2022-02-18,67.12324523925781
2022-02-22,66.93009185791016
2022-02-23,66.06553649902344
2022-02-24,64.96183013916016
2022-02-25,66.82892608642578
2022-02-28,66.59898376464844
2022-03-01,65.75281524658203
2022-03-02,65.78960418701172
2022-03-03,66.24027252197266
2022-03-04,64.3731918334961
2022-03-07,61.72431945800781
2022-03-08,62.15660095214844
2022-03-09,64.6123275756836
2022-03-10,62.66245651245117
2022-03-11,61.72431945800781
2022-03-14,61.45758819580078
2022-03-15,62.13820266723633
2022-03-16,64.86065673828125
2022-03-17,65.42170715332031
2022-03-18,65.76201629638672
2022-03-21,64.4007797241211
2022-03-22,65.50447845458984
2022-03-23,64.8698501586914
2022-03-24,65.26535034179688
2022-03-25,64.53874206542969
2022-03-28,65.19176483154297
2022-03-29,66.6817626953125
2022-03-30,65.80799865722656
2022-03-31,65.51367950439453
2022-04-01,65.3205337524414
2022-04-04,66.24948120117188
2022-04-05,65.17337036132812
2022-04-06,64.3731918334961
2022-04-07,63.968505859375
2022-04-08,63.37066650390625
2022-04-11,62.89239501953125
2022-04-12,63.02116012573242
2022-04-13,64.6123275756836
2022-04-14,63.214317321777344
2022-04-18,63.16831970214844
2022-04-19,63.61899948120117
2022-04-20,63.98689651489258
2022-04-21,62.83721160888672
2022-04-22,62.09222412109375
2022-04-25,61.65073776245117
2022-04-26,59.90321350097656
2022-04-27,59.96759796142578
2022-04-28,61.02531051635742
2022-04-29,61.292030334472656
2022-05-02,61.494380950927734
2022-05-03,61.68752670288086
2022-05-04,62.78203582763672
2022-05-05,60.593017578125
2022-05-06,60.822959899902344
2022-05-09,58.873104095458984
2022-05-10,59.139827728271484
2022-05-11,58.49599838256836
2022-05-12,57.64983367919922
2022-05-13,60.23432922363281
2022-05-16,59.54451370239258
2022-05-17,61.10808563232422
2022-05-18,59.075443267822266
2022-05-19,60.2159309387207
2022-05-20,60.81377029418945
2022-05-23,61.742706298828125
2022-05-24,60.81377029418945
2022-05-25,60.70339584350586
2022-05-26,61.21845626831055
2022-05-27,62.17499542236328
2022-05-31,62.579689025878906
2022-06-01,62.1841926574707
2022-06-02,63.09474182128906
2022-06-03,61.64154052734375
2022-06-06,61.52197265625
2022-06-07,61.163265228271484
2022-06-08,60.730987548828125
2022-06-09,59.581298828125
2022-06-10,58.063716888427734
2022-06-13,55.42403793334961
2022-06-14,56.067867279052734
2022-06-15,56.104652404785156
2022-06-16,54.48590087890625
2022-06-17,54.90898132324219
2022-06-21,54.7894172668457
2022-06-22,53.170658111572266
2022-06-23,52.62800216674805
2022-06-24,54.72502899169922
2022-06-27,54.72502899169922
2022-06-28,54.320343017578125
2022-06-29,53.483375549316406
2022-06-30,53.52016067504883
2022-07-01,52.79356002807617
2022-07-05,52.4256591796875
2022-07-06,51.98418426513672
2022-07-07,53.23503875732422
2022-07-08,53.621334075927734
2022-07-11,52.085357666015625
2022-07-12,52.03936767578125
2022-07-13,52.4256591796875
2022-07-14,51.46912384033203
2022-07-15,52.28770065307617
2022-07-18,52.68319320678711
2022-07-19,53.98003387451172
2022-07-20,53.58454132080078
2022-07-21,54.46750259399414
2022-07-22,53.77769088745117
2022-07-25,54.062808990478516
2022-07-26,53.92485046386719
2022-07-27,55.03774642944336
2022-07-28,55.66317367553711
2022-07-29,55.69076919555664
2022-08-01,55.0561408996582
2022-08-02,54.660648345947266
2022-08-03,55.60799026489258
2022-08-04,55.8563232421875
2022-08-05,55.8563232421875
2022-08-08,56.15983963012695
2022-08-09,55.90230941772461
2022-08-10,56.63810729980469
2022-08-11,56.39897537231445
2022-08-12,57.19915771484375
2022-08-15,56.61971664428711
2022-08-16,56.66569900512695
2022-08-17,55.8011360168457
2022-08-18,55.22169494628906
2022-08-19,54.19157409667969
2022-08-22,53.16145706176758
2022-08-23,53.41899108886719
2022-08-24,53.73170471191406
2022-08-25,54.83540344238281
2022-08-26,53.24423599243164
2022-08-29,52.68319320678711
2022-08-30,52.637203216552734
2022-08-31,53.262630462646484
2022-09-01,52.131343841552734
2022-09-02,51.4415283203125
2022-09-06,50.549373626708984
2022-09-07,50.8528938293457
2022-09-08,50.28264617919922
2022-09-09,51.36794662475586
2022-09-12,51.80942916870117
2022-09-13,50.12628936767578
2022-09-14,50.67813491821289
2022-09-15,49.620426177978516
2022-09-16,50.03431701660156
2022-09-19,49.951541900634766
2022-09-20,49.27092361450195
2022-09-21,48.774253845214844
2022-09-22,48.194820404052734
2022-09-23,46.51167678833008
2022-09-26,45.54594421386719
2022-09-27,45.26082229614258
2022-09-28,45.398780822753906
2022-09-29,44.377864837646484
2022-09-30,43.559288024902344
2022-10-03,44.534217834472656
2022-10-04,46.631248474121094
2022-10-05,45.83106994628906
2022-10-06,46.180572509765625
2022-10-07,45.398780822753906
2022-10-10,44.791744232177734
2022-10-11,44.71816635131836
2022-10-12,45.17804718017578
2022-10-13,45.15045166015625
2022-10-14,44.70896911621094
2022-10-17,46.11618423461914
2022-10-18,46.17137145996094
2022-10-19,45.57353591918945
2022-10-20,45.56433868408203
2022-10-21,46.30013656616211
2022-10-24,45.76667785644531
2022-10-25,46.539268493652344
2022-10-26,47.39463806152344
2022-10-27,47.367042541503906
2022-10-28,47.66136169433594
2022-10-31,47.65216827392578
2022-11-01,48.47993850708008
2022-11-02,47.58778381347656
2022-11-03,47.85451126098633
2022-11-04,49.60203552246094
2022-11-07,50.31943893432617
2022-11-08,51.43233108520508
2022-11-09,51.3587532043457
2022-11-10,53.694915771484375
2022-11-11,55.8563232421875
2022-11-14,54.7894172668457
2022-11-15,55.516014099121094
2022-11-16,53.86966323852539
2022-11-17,53.051090240478516
2022-11-18,53.391395568847656
2022-11-21,51.92899703979492
2022-11-22,52.296897888183594
2022-11-23,53.29942321777344
2022-11-25,53.2258415222168
2022-11-28,52.27849578857422
2022-11-29,53.676517486572266
2022-11-30,55.82872772216797
2022-12-01,55.470027923583984
2022-12-02,54.66984558105469
2022-12-05,53.400596618652344
2022-12-06,52.499244689941406
2022-12-07,52.78436279296875
2022-12-08,52.99590301513672
2022-12-09,53.3822021484375
2022-12-12,53.52935791015625
2022-12-13,54.224735260009766
2022-12-14,54.001319885253906
2022-12-15,51.66476821899414
2022-12-16,52.41880416870117
2022-12-19,52.73530578613281
2022-12-20,53.47071075439453
2022-12-21,53.35900115966797
2022-12-22,52.96803283691406
2022-12-23,53.09835433959961
2022-12-27,53.66620635986328
2022-12-28,52.69806671142578
2022-12-29,53.18213653564453
2022-12-30,52.57705307006836
2023-01-03,51.599609375
2023-01-04,53.638275146484375
2023-01-05,53.0704231262207
2023-01-06,55.75141143798828
2023-01-09,56.924339294433594
2023-01-10,57.11051559448242
2023-01-11,57.259464263916016
2023-01-12,57.678367614746094
2023-01-13,58.10657501220703
2023-01-17,57.94832229614258
2023-01-18,57.08258819580078
2023-01-19,57.87385177612305
2023-01-20,58.86991500854492
2023-01-23,59.48430633544922
2023-01-24,59.307437896728516
2023-01-25,59.44707107543945
2023-01-26,60.59206771850586
2023-01-27,60.88996505737305
2023-01-30,59.549468994140625
2023-01-31,59.08401870727539
2023-02-01,60.610694885253906
2023-02-02,60.601383209228516
2023-02-03,59.01885986328125
2023-02-06,57.33393478393555
2023-02-07,58.41377639770508
2023-02-08,58.56271743774414
2023-02-09,58.38584899902344
2023-02-10,58.16242980957031
2023-02-13,58.283451080322266
2023-02-14,58.274139404296875
2023-02-15,56.58921813964844
2023-02-16,57.20361328125
2023-02-17,56.68230438232422
2023-02-21,55.956207275390625
2023-02-22,55.406978607177734
2023-02-23,56.33787536621094
2023-02-24,54.55986404418945
2023-02-27,54.662261962890625
2023-02-28,54.457462310791016
2023-03-01,55.500064849853516
2023-03-02,55.258033752441406
2023-03-03,56.41234588623047
2023-03-06,56.53335952758789
2023-03-07,54.950836181640625
2023-03-08,55.09978103637695
2023-03-09,53.74998092651367
2023-03-10,53.77790832519531
2023-03-13,54.9415283203125
2023-03-14,54.215431213378906
2023-03-15,53.340389251708984
2023-03-16,54.96945571899414
2023-03-17,54.29921340942383
2023-03-20,54.74604415893555
2023-03-21,55.04393005371094
2023-03-22,55.379051208496094
2023-03-23,56.29133224487305
2023-03-24,55.56523132324219
2023-03-27,55.379051208496094
2023-03-28,55.881736755371094
2023-03-29,55.85380935668945
2023-03-30,56.486820220947266
2023-03-31,56.989505767822266
2023-04-03,56.654380798339844
2023-04-04,56.36580276489258
2023-04-05,56.430965423583984
2023-04-06,55.81657028198242
2023-04-10,57.0267333984375
2023-04-11,57.734222412109375
2023-04-12,57.86454772949219
2023-04-13,59.58670425415039
2023-04-14,58.972312927246094
2023-04-17,58.48824691772461
2023-04-18,58.61857223510742
2023-04-19,58.05072784423828
2023-04-20,57.86454772949219
2023-04-21,57.306007385253906
2023-04-24,56.93364715576172
2023-04-25,55.32319641113281
2023-04-26,55.63039016723633
2023-04-27,56.34718322753906
2023-04-28,56.47750473022461
2023-05-01,56.10514831542969
2023-05-02,56.22616958618164
2023-05-03,55.928279876708984
2023-05-04,56.3751106262207
2023-05-05,57.33393478393555
2023-05-08,57.29669952392578
2023-05-09,56.766082763671875
2023-05-10,56.84055709838867
2023-05-11,55.909664154052734
2023-05-12,55.174251556396484
2023-05-15,56.05860900878906
2023-05-16,55.47214126586914
2023-05-17,56.53335952758789
2023-05-18,56.97088623046875
2023-05-19,57.76214599609375
2023-05-22,58.748897552490234
2023-05-23,58.04141616821289
2023-05-24,58.04141616821289
2023-05-25,57.76214599609375
2023-05-26,58.739585876464844
2023-05-30,59.05609130859375
2023-05-31,58.44170379638672
2023-06-01,59.35397720336914
2023-06-02,60.6572380065918
2023-06-05,60.62930679321289
2023-06-06,61.159915924072266
2023-06-07,60.284881591796875
2023-06-08,61.12268829345703
2023-06-09,62.07219696044922
2023-06-12,62.03496551513672
2023-06-13,62.84484100341797
2023-06-14,62.25837707519531
2023-06-15,62.40732192993164
2023-06-16,61.88602066040039
2023-06-20,60.67585372924805
2023-06-21,60.15455627441406
2023-06-22,60.17316818237305
2023-06-23,58.93507766723633
2023-06-26,59.48430633544922
2023-06-27,60.10800552368164
2023-06-28,58.90715026855469
2023-06-29,58.38584899902344
2023-06-30,59.000240325927734
2023-07-03,60.31280517578125
2023-07-05,59.63324737548828
2023-07-06,58.46963119506836
2023-07-07,58.77682113647461
2023-07-10,58.851295471191406
2023-07-11,59.90320587158203
2023-07-12,61.53227996826172
2023-07-13,62.34215545654297
2023-07-14,62.53764343261719
2023-07-17,62.87276840209961
2023-07-18,62.68658447265625
2023-07-19,62.48179244995117
2023-07-20,61.439186096191406
2023-07-21,61.46711349487305
2023-07-24,62.649356842041016
2023-07-25,63.20789337158203
2023-07-26,62.863460540771484
2023-07-27,61.7370719909668
2023-07-28,62.82622146606445
2023-07-31,62.90069580078125
2023-08-01,62.891387939453125
2023-08-02,60.95512771606445
2023-08-03,60.92719650268555
2023-08-04,60.350040435791016
2023-08-07,60.18247985839844
2023-08-08,59.3632926940918
2023-08-09,59.83804702758789
2023-08-10,59.44707107543945
2023-08-11,58.758209228515625
2023-08-14,58.23690414428711
2023-08-15,57.724910736083984
2023-08-16,56.56128692626953
2023-08-17,56.61714172363281
2023-08-18,56.47750473022461
2023-08-21,56.85918045043945
2023-08-22,56.57990646362305
2023-08-23,57.29669952392578
2023-08-24,57.259464263916016
2023-08-25,57.724910736083984
2023-08-28,58.19035720825195
2023-08-29,58.972312927246094
2023-08-30,58.59064483642578
2023-08-31,58.13450622558594
2023-09-01,58.84198760986328
2023-09-05,58.42308044433594
2023-09-06,57.734222412109375
2023-09-07,57.473567962646484
2023-09-08,57.520118713378906
2023-09-11,58.44170379638672
2023-09-12,57.724910736083984
2023-09-13,57.743526458740234
2023-09-14,58.49755859375
2023-09-15,58.758209228515625
2023-09-18,58.87922286987305
2023-09-19,58.255523681640625
2023-09-20,57.845924377441406
2023-09-21,56.31925582885742
2023-09-22,56.59852981567383
2023-09-25,56.430965423583984
2023-09-26,54.643646240234375
2023-09-27,54.662261962890625
2023-09-28,55.174251556396484
2023-09-29,54.86705780029297
2023-10-02,54.410919189453125
2023-10-03,53.861690521240234
2023-10-04,53.7592887878418
2023-10-05,53.97339630126953
2023-10-06,54.55986404418945
2023-10-09,54.42953872680664
2023-10-10,54.50400924682617
2023-10-11,55.4442138671875
2023-10-12,54.950836181640625
2023-10-13,54.699493408203125
2023-10-16,55.006690979003906
2023-10-17,54.96015167236328
2023-10-18,54.42953872680664
2023-10-19,53.72205352783203
2023-10-20,52.94941329956055
2023-10-23,53.163516998291016
2023-10-24,53.861690521240234
2023-10-25,52.49327087402344
2023-10-26,51.357574462890625
2023-10-27,50.86420440673828
2023-10-30,52.08367919921875
2023-10-31,51.15278244018555
2023-11-01,52.362945556640625
2023-11-02,54.03855895996094
2023-11-03,55.546607971191406
2023-11-06,58.348609924316406
2023-11-07,57.38978958129883
2023-11-08,56.29133224487305
2023-11-09,55.732791900634766
2023-11-10,56.13307571411133
2023-11-13,55.56523132324219
2023-11-14,57.61320114135742
2023-11-15,58.0321044921875
2023-11-16,58.44170379638672
2023-11-17,57.94832229614258
2023-11-20,59.121253967285156
2023-11-21,58.534793853759766
2023-11-22,58.56271743774414
2023-11-24,58.01348876953125
2023-11-27,58.23690414428711
2023-11-28,59.10264205932617
2023-11-29,59.000240325927734
2023-11-30,58.683738708496094
2023-12-01,58.94438552856445
2023-12-04,57.76214599609375
2023-12-05,57.287391662597656
2023-12-06,56.91503143310547
2023-12-07,57.529422760009766
2023-12-08,57.86454772949219
2023-12-11,58.37653732299805
2023-12-12,58.69303894042969
2023-12-13,59.4005241394043
2023-12-14,60.18247985839844
2023-12-15,59.521541595458984
2023-12-18,59.754268646240234
2023-12-19,60.42451477050781
2023-12-20,60.2917366027832
2023-12-21,61.24693298339844
2023-12-22,61.10365676879883
2023-12-26,61.39020538330078
2023-12-27,61.944217681884766
2023-12-28,63.023597717285156
2023-12-29,62.59375
2024-01-02,61.839149475097656
2024-01-03,60.51143264770508
2024-01-04,59.909664154052734
2024-01-05,60.062496185302734
2024-01-08,60.37770462036133
2024-01-09,59.01177978515625
2024-01-10,58.667911529541016
2024-01-11,58.77298355102539
2024-01-12,58.610599517822266
2024-01-16,56.346797943115234
2024-01-17,54.88534927368164
2024-01-18,55.907405853271484
2024-01-19,56.60469436645508
2024-01-22,55.907405853271484
2024-01-23,56.279930114746094
2024-01-24,56.470970153808594
2024-01-25,56.260826110839844
2024-01-26,56.83394241333008
2024-01-29,57.46437072753906
2024-01-30,57.22557067871094
2024-01-31,56.8052864074707
2024-02-01,58.553287506103516
2024-02-02,59.80459213256836
2024-02-05,59.346099853515625
2024-02-06,59.393856048583984
2024-02-07,60.4445686340332
2024-02-08,60.4445686340332
2024-02-09,60.81709289550781
2024-02-12,61.5621452331543
2024-02-13,59.900108337402344
2024-02-14,61.00813293457031
2024-02-15,60.93171691894531
2024-02-16,61.31379699707031
2024-02-20,61.41886901855469
2024-02-21,61.41886901855469
2024-02-22,62.211673736572266
2024-02-23,62.240333557128906
2024-02-26,61.323341369628906
2024-02-27,60.76933288574219
2024-02-28,61.27558898925781
2024-02-29,61.23738098144531
2024-03-01,62.02063751220703
2024-03-04,62.66061782836914
2024-03-05,61.42841720581055
2024-03-06,62.163917541503906
2024-03-07,62.928070068359375
2024-03-08,63.300594329833984
2024-03-11,63.262393951416016
2024-03-12,64.20802307128906
2024-03-13,64.08385467529297
2024-03-14,64.04564666748047
2024-03-15,62.651058197021484
2024-03-18,62.81344985961914
2024-03-19,62.35495376586914
2024-03-20,63.83550262451172
2024-03-21,64.50413513183594
2024-03-22,64.04564666748047
2024-03-25,64.49458312988281
2024-03-26,64.37996673583984
2024-03-27,64.2844467163086
2024-03-28,64.10295867919922
2024-04-01,63.61580276489258
2024-04-02,63.68267059326172
2024-04-03,63.520286560058594
2024-04-04,63.147762298583984
2024-04-05,63.13821029663086
2024-04-08,63.27193832397461
2024-04-09,62.91851806640625
2024-04-10,60.51143264770508
2024-04-11,62.01108169555664
2024-04-12,59.80459213256836
2024-04-15,59.470272064208984
2024-04-16,58.543739318847656
2024-04-17,58.1521110534668
2024-04-18,59.0308837890625
2024-04-19,58.57239532470703
2024-04-22,59.87145233154297
2024-04-23,60.167564392089844
2024-04-24,60.3299446105957
2024-04-25,60.08159637451172
2024-04-26,60.50188446044922
2024-04-29,61.15140914916992
2024-04-30,60.224876403808594
2024-05-01,60.263084411621094
2024-05-02,61.57169723510742
2024-05-03,62.259437561035156
2024-05-06,62.803897857666016
2024-05-07,62.74658966064453
2024-05-08,62.88031005859375
2024-05-09,62.183021545410156
2024-05-10,61.972877502441406
2024-05-13,62.11615753173828
2024-05-14,62.6319580078125
2024-05-15,63.92146682739258
2024-05-16,63.3961181640625
2024-05-17,62.52688980102539
2024-05-20,62.316741943359375
2024-05-21,61.944217681884766
2024-05-22,61.64811325073242
2024-05-23,61.01768493652344
2024-05-24,61.22782516479492
2024-05-28,61.8296012878418
2024-05-29,60.320396423339844
2024-05-30,59.68996810913086
2024-05-31,59.393856048583984
2024-06-03,60.37770462036133
2024-06-04,60.167564392089844
2024-06-05,61.30424118041992
2024-06-06,61.7913932800293
2024-06-07,60.80754470825195
2024-06-10,61.30424118041992
2024-06-11,60.92216491699219
2024-06-12,62.44092559814453
2024-06-13,61.93466567993164
2024-06-14,61.629005432128906
2024-06-17,62.125709533691406
2024-06-18,62.689266204833984
2024-06-20,62.43136978149414
2024-06-21,62.202125549316406
2024-06-24,62.06840133666992
2024-06-25,62.11615753173828
2024-06-26,62.316741943359375
2024-06-27,62.842105865478516
2024-06-28,63.128658294677734
2024-07-01,63.15731430053711
2024-07-02,63.195526123046875
2024-07-03,63.85460662841797
2024-07-05,65.87005615234375
2024-07-08,65.15367126464844
2024-07-09,65.0772476196289
2024-07-10,65.71723175048828
2024-07-11,65.7649917602539
2024-07-12,65.5739517211914
2024-07-15,64.58055114746094
2024-07-16,65.17277526855469
2024-07-17,64.07430267333984
2024-07-18,63.014034271240234
2024-07-19,62.30719757080078
2024-07-22,62.842105865478516
2024-07-23,62.555538177490234
2024-07-24,61.61945724487305
2024-07-25,61.18962097167969
2024-07-26,62.1352653503418
2024-07-29,62.1352653503418
2024-07-30,61.629005432128906
2024-07-31,63.568050384521484
2024-08-01,62.39316177368164
2024-08-02,60.70246887207031
2024-08-05,57.41661071777344
2024-08-06,56.77663040161133
2024-08-07,57.27333068847656
2024-08-08,58.71567153930664
2024-08-09,59.43206787109375
2024-08-12,59.470272064208984
2024-08-13,60.74068069458008
2024-08-14,60.85530090332031
2024-08-15,61.457069396972656
2024-08-16,62.603302001953125
2024-08-19,63.31014633178711
2024-08-20,63.348358154296875
2024-08-21,63.415218353271484
2024-08-22,62.211673736572266
2024-08-23,64.19847106933594
2024-08-26,63.128658294677734
2024-08-27,63.214630126953125
2024-08-28,62.57465362548828
2024-08-29,62.479129791259766
2024-08-30,62.565101623535156
2024-09-03,60.4063606262207
2024-09-04,60.42546463012695
2024-09-05,60.02428436279297
2024-09-06,57.78913497924805
2024-09-09,58.887611389160156
2024-09-10,58.534183502197266
2024-09-11,58.897159576416016
2024-09-12,59.709068298339844
2024-09-13,60.46367263793945
2024-09-16,60.6738166809082
2024-09-17,60.38726043701172
2024-09-18,60.42546463012695
2024-09-19,61.04634094238281
2024-09-20,60.4827766418457
2024-09-23,60.83619689941406
2024-09-24,62.125709533691406
2024-09-25,60.5209846496582
2024-09-26,64.07430267333984
2024-09-27,63.367454528808594
2024-09-30,61.09409713745117
2024-10-01,60.63560485839844
2024-10-02,60.5591926574707
2024-10-03,59.890560150146484
2024-10-04,59.890560150146484
2024-10-07,60.19622039794922
2024-10-08,60.54964065551758
2024-10-09,60.7120246887207
2024-10-10,60.47322463989258
2024-10-11,60.54964065551758
2024-10-14,60.72157669067383
2024-10-15,59.317440032958984
2024-10-16,60.052940368652344
2024-10-17,59.59444808959961
2024-10-18,59.288787841796875
2024-10-21,58.83029556274414
2024-10-22,58.1521110534668
2024-10-23,58.47687530517578
2024-10-24,58.49597930908203
2024-10-25,58.400455474853516
2024-10-28,58.954471588134766
2024-10-29,58.916263580322266
2024-10-30,58.07569122314453
2024-10-31,57.22557067871094
2024-11-01,57.33064270019531
2024-11-04,58.17121124267578
2024-11-05,58.38135528564453
2024-11-06,56.70976638793945
2024-11-07,57.9992790222168
2024-11-08,56.547386169433594
2024-11-11,55.754573822021484
2024-11-12,54.30268096923828
2024-11-13,53.37614822387695
2024-11-14,53.22332000732422
2024-11-15,53.68180847167969
2024-11-18,55.200565338134766
2024-11-19,54.952213287353516
2024-11-20,54.81848907470703
2024-11-21,55.41070556640625
2024-11-22,55.52532958984375
2024-11-25,56.10799789428711
2024-11-26,55.97426986694336
2024-11-27,55.534881591796875
2024-11-29,54.856693267822266
2024-12-02,54.1689567565918
2024-12-03,53.30928421020508
2024-12-04,53.69136047363281
2024-12-05,53.03227615356445
2024-12-06,52.49736785888672
2024-12-09,51.265167236328125
2024-12-10,51.51352310180664
2024-12-11,53.0131721496582
2024-12-12,52.99407196044922
2024-12-13,53.48122024536133
2024-12-16,53.08959197998047
2024-12-17,52.393226623535156
2024-12-18,50.965301513671875
2024-12-19,51.434757232666016
2024-12-20,51.19024658203125
2024-12-23,51.610801696777344
2024-12-24,51.552120208740234
2024-12-26,50.82837677001953
2024-12-27,50.3295783996582
2024-12-30,50.06550979614258
2024-12-31,49.772098541259766
2025-01-02,49.997047424316406
2025-01-03,51.679264068603516
2025-01-06,53.20499801635742
2025-01-07,52.53993606567383
2025-01-08,53.12675094604492
2025-01-10,52.34432601928711
2025-01-13,52.31498718261719
2025-01-14,52.81378173828125
2025-01-15,53.586429595947266
2025-01-16,53.341922760009766
2025-01-17,53.625553131103516
2025-01-21,54.456878662109375
2025-01-22,54.87743377685547
2025-01-23,54.44709396362305
2025-01-24,54.67204666137695
2025-01-27,53.35169982910156
2025-01-28,53.10719299316406
2025-01-29,53.22455596923828
2025-01-30,54.055885314941406
2025-01-31,52.78444290161133
2025-02-03,52.207401275634766
2025-02-04,53.15609359741211
2025-02-05,53.75269317626953
2025-02-06,54.00698471069336
2025-02-07,52.950706481933594
2025-02-10,53.92873764038086
2025-02-11,53.86027908325195
2025-02-12,53.948299407958984
2025-02-13,55.112159729003906
2025-02-14,55.43490982055664
2025-02-18,56.17821502685547
2025-02-19,56.99976348876953
2025-02-20,57.17580795288086
2025-02-21,56.324920654296875
2025-02-24,56.207557678222656
2025-02-25,56.285797119140625
2025-02-26,56.54008865356445
2025-02-27,54.720947265625
2025-02-28,53.46906280517578
2025-03-03,53.12675094604492
2025-03-04,53.37126159667969
2025-03-05,54.818748474121094
2025-03-06,53.733131408691406
2025-03-07,54.456878662109375
2025-03-10,52.90180587768555
2025-03-11,53.488624572753906
2025-03-12,54.720947265625
2025-03-13,54.00698471069336
2025-03-14,54.90677261352539
2025-03-17,56.5889892578125
2025-03-18,55.71854019165039
2025-03-19,55.98261260986328
2025-03-20,55.48381042480469
2025-03-21,55.610958099365234
2025-03-24,56.05107116699219
2025-03-25,55.81634521484375
2025-03-26,55.56205749511719
2025-03-27,55.24908447265625
2025-03-28,53.586429595947266
2025-03-31,52.8529052734375
2025-04-01,53.64510726928711
2025-04-02,53.4299430847168
2025-04-03,51.97267150878906
2025-04-04,50.12419128417969
2025-04-07,49.66451644897461
2025-04-08,47.84537124633789
2025-04-09,52.109596252441406
2025-04-10,50.681671142578125
2025-04-11,53.116973876953125
2025-04-14,53.15609359741211
2025-04-15,53.1854362487793
2025-04-16,52.872467041015625
2025-04-17,53.116973876953125
2025-04-21,53.195213317871094
2025-04-22,53.60599136352539
2025-04-23,54.37863540649414
2025-04-24,54.720947265625
2025-04-25,54.584022521972656
2025-04-28,54.42753982543945
2025-04-29,54.86764907836914
2025-04-30,54.95567321777344
2025-05-01,54.37863540649414
2025-05-02,56.442283630371094
2025-05-05,57.09756851196289
2025-05-06,57.21493148803711
2025-05-07,56.52052688598633
2025-05-08,55.94348907470703
2025-05-09,56.42272186279297
2025-05-12,56.765037536621094
2025-05-13,56.84327697753906
2025-05-14,57.322513580322266
2025-05-15,57.508338928222656
2025-05-16,57.49856185913086
2025-05-19,57.52790069580078
2025-05-20,57.117130279541016
2025-05-21,57.80175018310547
2025-05-22,57.009544372558594
2025-05-23,57.664825439453125
2025-05-27,58.662418365478516
2025-05-28,59.415504455566406
2025-05-29,60.442440032958984
2025-05-30,59.29814147949219
2025-06-02,60.383758544921875
2025-06-03,60.530460357666016
2025-06-04,62.57455062866211
2025-06-05,63.92423629760742
2025-06-06,64.12962341308594
2025-06-09,65.01963806152344
2025-06-10,64.7066650390625
2025-06-11,65.5184326171875
2025-06-12,66.20305633544922
2025-06-13,64.96095275878906
2025-06-16,66.69207000732422
2025-06-17,65.16633605957031
2025-06-18,66.37910461425781
2025-06-20,67.02459716796875
2025-06-23,67.89505004882812
2025-06-24,71.0541000366211
2025-06-25,70.7802505493164
2025-06-26,70.35969543457031
2025-06-27,69.18605041503906
2025-06-30,70.20320892333984
2025-07-01,70.0662841796875
2025-07-02,70.36946868896484
2025-07-03,71.10299682617188
2025-07-07,68.53076934814453
2025-07-08,70.49662017822266
2025-07-09,70.49662017822266
2025-07-10,71.53333282470703
2025-07-11,70.96607208251953
2025-07-14,71.59201049804688
2025-07-15,71.46487426757812
2025-07-16,71.47465515136719
2025-07-17,71.45508575439453
2025-07-18,70.79981231689453
2025-07-21,72.24729919433594
2025-07-22,71.28882598876953
2025-07-23,72.22773742675781
2025-07-24,71.69960021972656
2025-07-25,71.60179901123047
2025-07-28,71.11277770996094
2025-07-29,71.87564086914062
2025-07-30,72.06147003173828
2025-07-31,71.21057891845703
2025-08-01,69.09803009033203
2025-08-04,70.74112701416016
2025-08-05,71.28882598876953
2025-08-06,71.57245635986328
2025-08-07,71.82674407958984
2025-08-08,71.88542938232422
2025-08-11,71.42575073242188
2025-08-12,72.47224426269531
2025-08-13,73.07862854003906
2025-08-14,72.04191589355469
2025-08-15,71.77783966064453
2025-08-18,71.2008056640625
2025-08-19,69.87068176269531
2025-08-20,69.79243469238281
2025-08-21,69.65550994873047
2025-08-22,71.89521026611328
2025-08-25,71.1323471069336
2025-08-26,70.79981231689453
2025-08-27,70.8780517578125
2025-08-28,72.02234649658203
2025-08-29,70.6530990600586
2025-09-02,70.34013366699219
2025-09-03,71.30838775634766
2025-09-04,71.46487426757812
2025-09-05,72.01256561279297
2025-09-08,72.56027221679688
2025-09-09,73.27423095703125
2025-09-10,74.96623229980469
2025-09-11,76.14965057373047
2025-09-12,76.93208312988281
2025-09-15,77.450439453125
2025-09-16,78.91748809814453
2025-09-17,78.07637786865234
2025-09-18,78.97616577148438
2025-09-19,78.29154205322266
2025-09-22,79.76837158203125
2025-09-23,79.66078186035156
2025-09-24,78.2817611694336
2025-09-25,78.13505554199219
2025-09-26,77.13746643066406
2025-09-29,78.47736358642578
2025-09-30,78.34043884277344
2025-10-01,80.09112548828125
2025-10-02,81.69509887695312
2025-10-03,82.00806427001953
2025-10-06,82.91764068603516
2025-10-07,81.51905059814453
2025-10-08,82.3405990600586
2025-10-09,81.59729766845703
2025-10-10,78.94682312011719
2025-10-13,81.78311920166016
2025-10-14,80.87355041503906
2025-10-15,83.299072265625
2025-10-16,85.94953918457031
2025-10-17,86.57547760009766
2025-10-20,88.44352722167969
2025-10-21,86.6928482055664
2025-10-22,87.48504638671875
2025-10-23,88.0914306640625
2025-10-24,90.02793884277344
2025-10-27,92.23828887939453
2025-10-28,92.37521362304688
2025-10-29,94.77140045166016
2025-10-30,93.16742706298828
2025-10-31,94.86920166015625
2025-11-03,98.566162109375
2025-11-04,93.65644073486328
2025-11-05,94.49755096435547
2025-11-06,91.45587158203125
2025-11-07,89.78343200683594
2025-11-10,93.56841278076172
2025-11-11,93.19676971435547
2025-11-12,93.81292724609375
2025-11-13,92.0035629272461
2025-11-14,92.06224060058594
2025-11-17,90.97662353515625
2025-11-18,89.57804107666016
2025-11-19,88.57066345214844
2025-11-20,86.58525848388672
2025-11-21,87.2601089477539
2025-11-24,88.3163833618164
2025-11-25,87.81758117675781
2025-11-26,89.53892517089844
2025-11-28,88.87386322021484
2025-12-01,88.62935638427734
2025-12-02,90.04750061035156
2025-12-03,90.95706939697266
2025-12-04,89.85189819335938
2025-12-05,92.228515625
2025-12-08,92.98159790039062
2025-12-09,93.47061157226562
2025-12-10,94.62469482421875
2025-12-11,92.87401580810547
2025-12-12,90.63431549072266
2025-12-15,90.69300079345703
2025-12-16,89.5199966430664
2025-12-17,88.58000183105469
2025-12-18,90.06999969482422
2025-12-19,91.33999633789062
2025-12-22,91.75
2025-12-23,92.69999694824219
2025-12-24,94.5999984741211
2025-12-26,95.83999633789062
2025-12-29,98.72000122070312
2025-12-30,98.62000274658203
2025-12-31,97.22000122070312
2026-01-02,102.22000122070312
2026-01-05,104.83000183105469
2026-01-06,107.61000061035156
2026-01-07,107.02999877929688
2026-01-08,106.58999633789062
2026-01-09,108.88999938964844
2026-01-12,108.93000030517578
2026-01-13,107.54000091552734
2026-01-14,109.63999938964844
2026-01-15,111.05000305175781
2026-01-16,112.22000122070312
2026-01-20,110.97000122070312
2026-01-21,115.66000366210938
2026-01-22,115.98999786376953
2026-01-23,117.97000122070312
2026-01-26,117.31999969482422
2026-01-27,122.69999694824219
2026-01-28,125.55999755859375
2026-01-29,124.5
2026-01-30,122.41000366210938
2026-02-02,120.93000030517578
2026-02-03,124.31999969482422
2026-02-04,120.26000213623047
2026-02-05,120.20999908447266
2026-02-06,124.70999908447266
2026-02-09,126.05000305175781
2026-02-10,124.44999694824219
2026-02-11,130.60000610351562
2026-02-12,130.8000030517578
2026-02-13,133.97000122070312
2026-02-17,130.67999267578125
2026-02-18,132.92999267578125
2026-02-19,135.2100067138672
2026-02-20,141.8800048828125
2026-02-23,139.3000030517578
2026-02-24,144.5500030517578
2026-02-25,148.88999938964844
2026-02-26,150.41000366210938
2026-02-27,151.3699951171875
2026-03-02,147.5399932861328
2026-03-03,132.33999633789062
2026-03-04,134.3699951171875
2026-03-05,125.73999786376953
2026-03-06,126.7300033569336
2026-03-09,133.88999938964844
2026-03-10,130.3000030517578
2026-03-11,132.85000610351562
2026-03-12,123.5
2026-03-13,124.1500015258789
2026-03-16,133.10000610351562
2026-03-17,134.42999267578125
2026-03-18,131.8800048828125
2026-03-19,134.82000732421875
2026-03-20,125.77999877929688
2026-03-23,133.80999755859375
2026-03-24,128.75
2026-03-25,127.73999786376953
2026-03-26,119.98999786376953
2026-03-27,120.9800033569336
2026-03-30,116.43000030517578
2026-03-31,123.01000213623047
2026-04-01,126.22000122070312
2026-04-02,122.87000274658203
2026-04-06,125.94000244140625
2026-04-07,127.19000244140625
2026-04-08,140.07000732421875
2026-04-09,139.2899932861328
2026-04-10,138.72999572753906
2026-04-13,141.22999572753906
2026-04-14,146.67999267578125
2026-04-15,144.9199981689453
2026-04-16,147.47000122070312
2026-04-17,152.3300018310547
2026-04-20,150.08999633789062
2026-04-21,146.7899932861328
2026-04-22,155.8000030517578
2026-04-23,150.58999633789062
2026-04-24,154.57000732421875
2026-04-27,156.72999572753906
2026-04-28,154.3699951171875
2026-04-29,153.9600067138672
2026-04-30,160.75999450683594
2026-05-01,162.0
2026-05-04,163.58999633789062
2026-05-05,173.47000122070312
2026-05-06,181.97999572753906
2026-05-07,176.75
2026-05-08,190.1999969482422
2026-05-11,192.85000610351562
2026-05-12,178.5
2026-05-13,188.6300048828125
2026-05-14,190.52000427246094
2026-05-15,178.86000061035156
2026-05-18,176.10000610351562
2026-05-19,174.02000427246094
2026-05-20,180.11000061035156
2026-05-21,186.4199981689453
2026-05-22,182.02999877929688
2026-05-26,200.64999389648438
2026-05-27,198.2899932861328
2026-05-28,206.41000366210938
2026-05-29,205.8300018310547
2026-06-01,216.6999969482422
2026-06-02,214.52999877929688
2026-06-03,212.9600067138672
2026-06-04,203.97000122070312
2026-06-05,175.19000244140625
2026-06-08,185.63999938964844
2026-06-09,184.0500030517578
2026-06-10,178.4499969482422
2026-06-11,198.94000244140625
2026-06-12,197.4499969482422
2026-06-15,211.4499969482422
2026-06-16,205.91000366210938
2026-06-17,205.0800018310547
2026-06-18,219.1999969482422
2026-06-22,219.02000427246094
2026-06-23,192.1999969482422
2026-06-24,197.25999450683594
2026-06-25,205.0
2026-06-26,197.27999877929688
2026-06-29,197.5
2026-06-30,201.89999389648438
2026-07-01,185.5
2026-07-02,180.13999938964844
2026-07-06,189.85000610351562
2026-07-07,181.2899932861328
2026-07-08,182.72000122070312
2026-07-09,184.75
2026-07-10,183.52000427246094
2026-07-13,168.02000427246094
2026-07-14,176.97999572753906
2026-07-15,171.63999938964844
2026-07-16,163.36000061035156
2026-07-17,162.5399932861328
2026-07-20,162.86000061035156
2026-07-21,172.89999389648438
2026-07-22,170.42999267578125
2026-07-23,173.86000061035156
2026-07-24,162.9600067138672
2026-07-27,161.1999969482422
2026-07-28,151.4499969482422
2026-07-29,144.2100067138672
2026-07-30,161.2100067138672
2026-07-31,157.10000610351562
2026-08-03,160.24000549316406
2026-08-04,171.13999938964844
2026-08-05,169.13999938964844
2026-08-06,164.1199951171875
2026-08-07,166.08999633789062
2026-08-10,163.1199951171875
2026-08-11,167.24000549316406
2026-08-12,175.8699951171875
2026-08-13,178.6199951171875
2026-08-14,179.74000549316406
2026-08-17,185.10000610351562
2026-08-18,170.0500030517578
2026-08-19,174.42999267578125
2026-08-20,178.16000366210938
2026-08-21,178.33999633789062
2026-08-24,173.63999938964844
2026-08-25,180.14999389648438
2026-08-26,179.17999267578125
2026-08-27,182.13999938964844
2026-08-31,180.86000061035156
2026-09-01,175.8000030517578
2026-09-02,178.86000061035156
