,Date,Open,Close,Volume,Raw
0,1990-01-02,17.239999771118164,17.239999771118164,0.0,17.239999771118164
1,1990-01-03,18.190000534057617,18.190000534057617,0.0,18.190000534057617
2,1990-01-04,19.219999313354492,19.219999313354492,0.0,19.219999313354492
3,1990-01-05,20.110000610351562,20.110000610351562,0.0,20.110000610351562
4,1990-01-08,20.260000228881836,20.260000228881836,0.0,20.260000228881836
5,1990-01-09,22.200000762939453,22.200000762939453,0.0,22.200000762939453
6,1990-01-10,22.440000534057617,22.440000534057617,0.0,22.440000534057617
7,1990-01-11,20.049999237060547,20.049999237060547,0.0,20.049999237060547
8,1990-01-12,24.639999389648438,24.639999389648438,0.0,24.639999389648438
9,1990-01-15,26.34000015258789,26.34000015258789,0.0,26.34000015258789
10,1990-01-16,24.18000030517578,24.18000030517578,0.0,24.18000030517578
11,1990-01-17,24.15999984741211,24.15999984741211,0.0,24.15999984741211
12,1990-01-18,24.34000015258789,24.34000015258789,0.0,24.34000015258789
13,1990-01-19,22.5,22.5,0.0,22.5
14,1990-01-22,26.700000762939453,26.700000762939453,0.0,26.700000762939453
15,1990-01-23,24.719999313354492,24.719999313354492,0.0,24.719999313354492
16,1990-01-24,25.389999389648438,25.389999389648438,0.0,25.389999389648438
17,1990-01-25,25.6299991607666,25.6299991607666,0.0,25.6299991607666
18,1990-01-26,26.280000686645508,26.280000686645508,0.0,26.280000686645508
19,1990-01-29,26.440000534057617,26.440000534057617,0.0,26.440000534057617
20,1990-01-30,27.25,27.25,0.0,27.25
21,1990-01-31,25.360000610351562,25.360000610351562,0.0,25.360000610351562
22,1990-02-01,24.8700008392334,24.8700008392334,0.0,24.8700008392334
23,1990-02-02,24.31999969482422,24.31999969482422,0.0,24.31999969482422
24,1990-02-05,24.540000915527344,24.540000915527344,0.0,24.540000915527344
25,1990-02-06,24.690000534057617,24.690000534057617,0.0,24.690000534057617
26,1990-02-07,24.290000915527344,24.290000915527344,0.0,24.290000915527344
27,1990-02-08,23.770000457763672,23.770000457763672,0.0,23.770000457763672
28,1990-02-09,23.690000534057617,23.690000534057617,0.0,23.690000534057617
29,1990-02-12,24.3799991607666,24.3799991607666,0.0,24.3799991607666
30,1990-02-13,23.760000228881836,23.760000228881836,0.0,23.760000228881836
31,1990-02-14,22.049999237060547,22.049999237060547,0.0,22.049999237060547
32,1990-02-15,19.709999084472656,19.709999084472656,0.0,19.709999084472656
33,1990-02-16,20.780000686645508,20.780000686645508,0.0,20.780000686645508
35,1990-02-20,22.780000686645508,22.780000686645508,0.0,22.780000686645508
36,1990-02-21,23.889999389648438,23.889999389648438,0.0,23.889999389648438
37,1990-02-22,22.540000915527344,22.540000915527344,0.0,22.540000915527344
38,1990-02-23,23.690000534057617,23.690000534057617,0.0,23.690000534057617
39,1990-02-26,23.559999465942383,23.559999465942383,0.0,23.559999465942383
40,1990-02-27,22.690000534057617,22.690000534057617,0.0,22.690000534057617
41,1990-02-28,21.989999771118164,21.989999771118164,0.0,21.989999771118164
42,1990-03-01,21.899999618530273,21.899999618530273,0.0,21.899999618530273
43,1990-03-02,21.34000015258789,21.34000015258789,0.0,21.34000015258789
44,1990-03-05,22.030000686645508,22.030000686645508,0.0,22.030000686645508
45,1990-03-06,20.549999237060547,20.549999237060547,0.0,20.549999237060547
46,1990-03-07,19.100000381469727,19.100000381469727,0.0,19.100000381469727
47,1990-03-08,19.739999771118164,19.739999771118164,0.0,19.739999771118164
48,1990-03-09,20.299999237060547,20.299999237060547,0.0,20.299999237060547
49,1990-03-12,20.06999969482422,20.06999969482422,0.0,20.06999969482422
50,1990-03-13,21.049999237060547,21.049999237060547,0.0,21.049999237060547
51,1990-03-14,19.649999618530273,19.649999618530273,0.0,19.649999618530273
52,1990-03-15,18.809999465942383,18.809999465942383,0.0,18.809999465942383
53,1990-03-16,17.6200008392334,17.6200008392334,0.0,17.6200008392334
54,1990-03-19,18.290000915527344,18.290000915527344,0.0,18.290000915527344
55,1990-03-20,19.059999465942383,19.059999465942383,0.0,19.059999465942383
56,1990-03-21,20.100000381469727,20.100000381469727,0.0,20.100000381469727
57,1990-03-22,22.739999771118164,22.739999771118164,0.0,22.739999771118164
58,1990-03-23,20.459999084472656,20.459999084472656,0.0,20.459999084472656
59,1990-03-26,19.59000015258789,19.59000015258789,0.0,19.59000015258789
60,1990-03-27,21.010000228881836,21.010000228881836,0.0,21.010000228881836
61,1990-03-28,19.770000457763672,19.770000457763672,0.0,19.770000457763672
62,1990-03-29,18.459999084472656,18.459999084472656,0.0,18.459999084472656
63,1990-03-30,19.729999542236328,19.729999542236328,0.0,19.729999542236328
64,1990-04-02,22.84000015258789,22.84000015258789,0.0,22.84000015258789
65,1990-04-03,20.440000534057617,20.440000534057617,0.0,20.440000534057617
66,1990-04-04,22.030000686645508,22.030000686645508,0.0,22.030000686645508
67,1990-04-05,21.209999084472656,21.209999084472656,0.0,21.209999084472656
68,1990-04-06,21.760000228881836,21.760000228881836,0.0,21.760000228881836
69,1990-04-09,22.299999237060547,22.299999237060547,0.0,22.299999237060547
70,1990-04-10,21.690000534057617,21.690000534057617,0.0,21.690000534057617
71,1990-04-11,17.729999542236328,17.729999542236328,0.0,17.729999542236328
72,1990-04-12,19.799999237060547,19.799999237060547,0.0,19.799999237060547
74,1990-04-16,20.75,20.75,0.0,20.75
75,1990-04-17,20.3799991607666,20.3799991607666,0.0,20.3799991607666
76,1990-04-18,22.670000076293945,22.670000076293945,0.0,22.670000076293945
77,1990-04-19,22.459999084472656,22.459999084472656,0.0,22.459999084472656
78,1990-04-20,23.329999923706055,23.329999923706055,0.0,23.329999923706055
79,1990-04-23,24.15999984741211,24.15999984741211,0.0,24.15999984741211
80,1990-04-24,21.700000762939453,21.700000762939453,0.0,21.700000762939453
81,1990-04-25,20.860000610351562,20.860000610351562,0.0,20.860000610351562
82,1990-04-26,20.25,20.25,0.0,20.25
83,1990-04-27,22.190000534057617,22.190000534057617,0.0,22.190000534057617
84,1990-04-30,19.520000457763672,19.520000457763672,0.0,19.520000457763672
85,1990-05-01,18.43000030517578,18.43000030517578,0.0,18.43000030517578
86,1990-05-02,19.31999969482422,19.31999969482422,0.0,19.31999969482422
87,1990-05-03,17.809999465942383,17.809999465942383,0.0,17.809999465942383
88,1990-05-04,17.280000686645508,17.280000686645508,0.0,17.280000686645508
89,1990-05-07,17.649999618530273,17.649999618530273,0.0,17.649999618530273
90,1990-05-08,18.489999771118164,18.489999771118164,0.0,18.489999771118164
91,1990-05-09,18.639999389648438,18.639999389648438,0.0,18.639999389648438
92,1990-05-10,18.59000015258789,18.59000015258789,0.0,18.59000015258789
93,1990-05-11,19.809999465942383,19.809999465942383,0.0,19.809999465942383
94,1990-05-14,20.139999389648438,20.139999389648438,0.0,20.139999389648438
95,1990-05-15,19.489999771118164,19.489999771118164,0.0,19.489999771118164
96,1990-05-16,17.709999084472656,17.709999084472656,0.0,17.709999084472656
97,1990-05-17,17.270000457763672,17.270000457763672,0.0,17.270000457763672
98,1990-05-18,17.200000762939453,17.200000762939453,0.0,17.200000762939453
99,1990-05-21,16.719999313354492,16.719999313354492,0.0,16.719999313354492
100,1990-05-22,17.84000015258789,17.84000015258789,0.0,17.84000015258789
101,1990-05-23,17.18000030517578,17.18000030517578,0.0,17.18000030517578
102,1990-05-24,17.700000762939453,17.700000762939453,0.0,17.700000762939453
103,1990-05-25,17.31999969482422,17.31999969482422,0.0,17.31999969482422
105,1990-05-29,18.75,18.75,0.0,18.75
106,1990-05-30,17.440000534057617,17.440000534057617,0.0,17.440000534057617
107,1990-05-31,17.3700008392334,17.3700008392334,0.0,17.3700008392334
108,1990-06-01,17.09000015258789,17.09000015258789,0.0,17.09000015258789
109,1990-06-04,18.389999389648438,18.389999389648438,0.0,18.389999389648438
110,1990-06-05,18.969999313354492,18.969999313354492,0.0,18.969999313354492
111,1990-06-06,17.420000076293945,17.420000076293945,0.0,17.420000076293945
112,1990-06-07,16.8799991607666,16.8799991607666,0.0,16.8799991607666
113,1990-06-08,17.579999923706055,17.579999923706055,0.0,17.579999923706055
114,1990-06-11,16.34000015258789,16.34000015258789,0.0,16.34000015258789
115,1990-06-12,16.600000381469727,16.600000381469727,0.0,16.600000381469727
116,1990-06-13,17.3799991607666,17.3799991607666,0.0,17.3799991607666
117,1990-06-14,17.399999618530273,17.399999618530273,0.0,17.399999618530273
118,1990-06-15,15.899999618530273,15.899999618530273,0.0,15.899999618530273
119,1990-06-18,17.709999084472656,17.709999084472656,0.0,17.709999084472656
120,1990-06-19,15.229999542236328,15.229999542236328,0.0,15.229999542236328
121,1990-06-20,15.270000457763672,15.270000457763672,0.0,15.270000457763672
122,1990-06-21,14.720000267028809,14.720000267028809,0.0,14.720000267028809
123,1990-06-22,19.360000610351562,19.360000610351562,0.0,19.360000610351562
124,1990-06-25,17.059999465942383,17.059999465942383,0.0,17.059999465942383
125,1990-06-26,16.290000915527344,16.290000915527344,0.0,16.290000915527344
126,1990-06-27,16.0,16.0,0.0,16.0
127,1990-06-28,16.18000030517578,16.18000030517578,0.0,16.18000030517578
128,1990-06-29,15.5,15.5,0.0,15.5
129,1990-07-02,16.260000228881836,16.260000228881836,0.0,16.260000228881836
130,1990-07-03,16.110000610351562,16.110000610351562,0.0,16.110000610351562
132,1990-07-05,17.25,17.25,0.0,17.25
133,1990-07-06,16.40999984741211,16.40999984741211,0.0,16.40999984741211
134,1990-07-09,16.65999984741211,16.65999984741211,0.0,16.65999984741211
135,1990-07-10,16.920000076293945,16.920000076293945,0.0,16.920000076293945
136,1990-07-11,16.68000030517578,16.68000030517578,0.0,16.68000030517578
137,1990-07-12,17.059999465942383,17.059999465942383,0.0,17.059999465942383
138,1990-07-13,17.09000015258789,17.09000015258789,0.0,17.09000015258789
139,1990-07-16,16.75,16.75,0.0,16.75
140,1990-07-17,16.65999984741211,16.65999984741211,0.0,16.65999984741211
141,1990-07-18,18.899999618530273,18.899999618530273,0.0,18.899999618530273
142,1990-07-19,18.559999465942383,18.559999465942383,0.0,18.559999465942383
143,1990-07-20,15.630000114440918,15.630000114440918,0.0,15.630000114440918
144,1990-07-23,23.68000030517578,23.68000030517578,0.0,23.68000030517578
145,1990-07-24,21.790000915527344,21.790000915527344,0.0,21.790000915527344
146,1990-07-25,20.190000534057617,20.190000534057617,0.0,20.190000534057617
147,1990-07-26,20.260000228881836,20.260000228881836,0.0,20.260000228881836
148,1990-07-27,21.1200008392334,21.1200008392334,0.0,21.1200008392334
149,1990-07-30,21.15999984741211,21.15999984741211,0.0,21.15999984741211
150,1990-07-31,21.110000610351562,21.110000610351562,0.0,21.110000610351562
151,1990-08-01,21.639999389648438,21.639999389648438,0.0,21.639999389648438
152,1990-08-02,20.43000030517578,20.43000030517578,0.0,20.43000030517578
153,1990-08-03,28.739999771118164,28.739999771118164,0.0,28.739999771118164
154,1990-08-06,35.90999984741211,35.90999984741211,0.0,35.90999984741211
155,1990-08-07,32.75,32.75,0.0,32.75
156,1990-08-08,28.270000457763672,28.270000457763672,0.0,28.270000457763672
157,1990-08-09,24.389999389648438,24.389999389648438,0.0,24.389999389648438
158,1990-08-10,25.75,25.75,0.0,25.75
159,1990-08-13,25.739999771118164,25.739999771118164,0.0,25.739999771118164
160,1990-08-14,24.18000030517578,24.18000030517578,0.0,24.18000030517578
161,1990-08-15,23.309999465942383,23.309999465942383,0.0,23.309999465942383
162,1990-08-16,27.15999984741211,27.15999984741211,0.0,27.15999984741211
163,1990-08-17,27.530000686645508,27.530000686645508,0.0,27.530000686645508
164,1990-08-20,26.459999084472656,26.459999084472656,0.0,26.459999084472656
165,1990-08-21,28.899999618530273,28.899999618530273,0.0,28.899999618530273
166,1990-08-22,30.549999237060547,30.549999237060547,0.0,30.549999237060547
167,1990-08-23,36.470001220703125,36.470001220703125,0.0,36.470001220703125
168,1990-08-24,33.93000030517578,33.93000030517578,0.0,33.93000030517578
169,1990-08-27,29.6299991607666,29.6299991607666,0.0,29.6299991607666
170,1990-08-28,29.1200008392334,29.1200008392334,0.0,29.1200008392334
171,1990-08-29,27.3799991607666,27.3799991607666,0.0,27.3799991607666
172,1990-08-30,29.889999389648438,29.889999389648438,0.0,29.889999389648438
173,1990-08-31,29.899999618530273,29.899999618530273,0.0,29.899999618530273
175,1990-09-04,29.579999923706055,29.579999923706055,0.0,29.579999923706055
176,1990-09-05,28.520000457763672,28.520000457763672,0.0,28.520000457763672
177,1990-09-06,30.190000534057617,30.190000534057617,0.0,30.190000534057617
178,1990-09-07,28.729999542236328,28.729999542236328,0.0,28.729999542236328
179,1990-09-10,29.34000015258789,29.34000015258789,0.0,29.34000015258789
180,1990-09-11,28.3799991607666,28.3799991607666,0.0,28.3799991607666
181,1990-09-12,28.1200008392334,28.1200008392334,0.0,28.1200008392334
182,1990-09-13,29.329999923706055,29.329999923706055,0.0,29.329999923706055
183,1990-09-14,30.559999465942383,30.559999465942383,0.0,30.559999465942383
184,1990-09-17,29.549999237060547,29.549999237060547,0.0,29.549999237060547
185,1990-09-18,28.81999969482422,28.81999969482422,0.0,28.81999969482422
186,1990-09-19,27.8799991607666,27.8799991607666,0.0,27.8799991607666
187,1990-09-20,28.65999984741211,28.65999984741211,0.0,28.65999984741211
188,1990-09-21,30.040000915527344,30.040000915527344,0.0,30.040000915527344
189,1990-09-24,30.559999465942383,30.559999465942383,0.0,30.559999465942383
190,1990-09-25,28.809999465942383,28.809999465942383,0.0,28.809999465942383
191,1990-09-26,28.190000534057617,28.190000534057617,0.0,28.190000534057617
192,1990-09-27,28.670000076293945,28.670000076293945,0.0,28.670000076293945
193,1990-09-28,29.110000610351562,29.110000610351562,0.0,29.110000610351562
194,1990-10-01,28.059999465942383,28.059999465942383,0.0,28.059999465942383
195,1990-10-02,27.280000686645508,27.280000686645508,0.0,27.280000686645508
196,1990-10-03,27.899999618530273,27.899999618530273,0.0,27.899999618530273
197,1990-10-04,27.510000228881836,27.510000228881836,0.0,27.510000228881836
198,1990-10-05,27.850000381469727,27.850000381469727,0.0,27.850000381469727
199,1990-10-08,28.040000915527344,28.040000915527344,0.0,28.040000915527344
200,1990-10-09,30.709999084472656,30.709999084472656,0.0,30.709999084472656
201,1990-10-10,31.190000534057617,31.190000534057617,0.0,31.190000534057617
202,1990-10-11,33.97999954223633,33.97999954223633,0.0,33.97999954223633
203,1990-10-12,31.940000534057617,31.940000534057617,0.0,31.940000534057617
204,1990-10-15,31.639999389648438,31.639999389648438,0.0,31.639999389648438
205,1990-10-16,31.450000762939453,31.450000762939453,0.0,31.450000762939453
206,1990-10-17,31.3700008392334,31.3700008392334,0.0,31.3700008392334
207,1990-10-18,29.600000381469727,29.600000381469727,0.0,29.600000381469727
208,1990-10-19,27.860000610351562,27.860000610351562,0.0,27.860000610351562
209,1990-10-22,27.270000457763672,27.270000457763672,0.0,27.270000457763672
210,1990-10-23,27.56999969482422,27.56999969482422,0.0,27.56999969482422
211,1990-10-24,28.280000686645508,28.280000686645508,0.0,28.280000686645508
212,1990-10-25,29.040000915527344,29.040000915527344,0.0,29.040000915527344
213,1990-10-26,30.75,30.75,0.0,30.75
214,1990-10-29,31.540000915527344,31.540000915527344,0.0,31.540000915527344
215,1990-10-30,30.520000457763672,30.520000457763672,0.0,30.520000457763672
216,1990-10-31,30.040000915527344,30.040000915527344,0.0,30.040000915527344
217,1990-11-01,30.25,30.25,0.0,30.25
218,1990-11-02,30.030000686645508,30.030000686645508,0.0,30.030000686645508
219,1990-11-05,29.850000381469727,29.850000381469727,0.0,29.850000381469727
220,1990-11-06,29.110000610351562,29.110000610351562,0.0,29.110000610351562
221,1990-11-07,30.8700008392334,30.8700008392334,0.0,30.8700008392334
222,1990-11-08,30.790000915527344,30.790000915527344,0.0,30.790000915527344
223,1990-11-09,26.959999084472656,26.959999084472656,0.0,26.959999084472656
224,1990-11-12,25.600000381469727,25.600000381469727,0.0,25.600000381469727
225,1990-11-13,24.579999923706055,24.579999923706055,0.0,24.579999923706055
226,1990-11-14,22.889999389648438,22.889999389648438,0.0,22.889999389648438
227,1990-11-15,22.56999969482422,22.56999969482422,0.0,22.56999969482422
228,1990-11-16,21.34000015258789,21.34000015258789,0.0,21.34000015258789
229,1990-11-19,20.950000762939453,20.950000762939453,0.0,20.950000762939453
230,1990-11-20,20.09000015258789,20.09000015258789,0.0,20.09000015258789
231,1990-11-21,21.09000015258789,21.09000015258789,0.0,21.09000015258789
233,1990-11-23,20.979999542236328,20.979999542236328,0.0,20.979999542236328
234,1990-11-26,22.760000228881836,22.760000228881836,0.0,22.760000228881836
235,1990-11-27,22.860000610351562,22.860000610351562,0.0,22.860000610351562
236,1990-11-28,22.959999084472656,22.959999084472656,0.0,22.959999084472656
237,1990-11-29,23.90999984741211,23.90999984741211,0.0,23.90999984741211
238,1990-11-30,22.15999984741211,22.15999984741211,0.0,22.15999984741211
239,1990-12-03,22.290000915527344,22.290000915527344,0.0,22.290000915527344
240,1990-12-04,22.030000686645508,22.030000686645508,0.0,22.030000686645508
241,1990-12-05,20.940000534057617,20.940000534057617,0.0,20.940000534057617
242,1990-12-06,22.6200008392334,22.6200008392334,0.0,22.6200008392334
243,1990-12-07,22.59000015258789,22.59000015258789,0.0,22.59000015258789
244,1990-12-10,23.579999923706055,23.579999923706055,0.0,23.579999923706055
245,1990-12-11,23.75,23.75,0.0,23.75
246,1990-12-12,21.280000686645508,21.280000686645508,0.0,21.280000686645508
247,1990-12-13,23.049999237060547,23.049999237060547,0.0,23.049999237060547
248,1990-12-14,23.850000381469727,23.850000381469727,0.0,23.850000381469727
249,1990-12-17,24.850000381469727,24.850000381469727,0.0,24.850000381469727
250,1990-12-18,23.110000610351562,23.110000610351562,0.0,23.110000610351562
251,1990-12-19,23.079999923706055,23.079999923706055,0.0,23.079999923706055
252,1990-12-20,23.1299991607666,23.1299991607666,0.0,23.1299991607666
253,1990-12-21,22.65999984741211,22.65999984741211,0.0,22.65999984741211
254,1990-12-24,24.030000686645508,24.030000686645508,0.0,24.030000686645508
256,1990-12-26,24.18000030517578,24.18000030517578,0.0,24.18000030517578
257,1990-12-27,24.809999465942383,24.809999465942383,0.0,24.809999465942383
258,1990-12-28,25.049999237060547,25.049999237060547,0.0,25.049999237060547
259,1990-12-31,26.3799991607666,26.3799991607666,0.0,26.3799991607666
261,1991-01-02,26.6200008392334,26.6200008392334,0.0,26.6200008392334
262,1991-01-03,27.93000030517578,27.93000030517578,0.0,27.93000030517578
263,1991-01-04,27.190000534057617,27.190000534057617,0.0,27.190000534057617
264,1991-01-07,28.950000762939453,28.950000762939453,0.0,28.950000762939453
265,1991-01-08,30.3799991607666,30.3799991607666,0.0,30.3799991607666
266,1991-01-09,33.29999923706055,33.29999923706055,0.0,33.29999923706055
267,1991-01-10,31.329999923706055,31.329999923706055,0.0,31.329999923706055
268,1991-01-11,32.630001068115234,32.630001068115234,0.0,32.630001068115234
269,1991-01-14,36.20000076293945,36.20000076293945,0.0,36.20000076293945
270,1991-01-15,36.15999984741211,36.15999984741211,0.0,36.15999984741211
271,1991-01-16,33.20000076293945,33.20000076293945,0.0,33.20000076293945
272,1991-01-17,27.450000762939453,27.450000762939453,0.0,27.450000762939453
273,1991-01-18,25.389999389648438,25.389999389648438,0.0,25.389999389648438
274,1991-01-21,24.329999923706055,24.329999923706055,0.0,24.329999923706055
275,1991-01-22,24.899999618530273,24.899999618530273,0.0,24.899999618530273
276,1991-01-23,23.920000076293945,23.920000076293945,0.0,23.920000076293945
277,1991-01-24,22.860000610351562,22.860000610351562,0.0,22.860000610351562
278,1991-01-25,22.200000762939453,22.200000762939453,0.0,22.200000762939453
279,1991-01-28,23.049999237060547,23.049999237060547,0.0,23.049999237060547
280,1991-01-29,23.170000076293945,23.170000076293945,0.0,23.170000076293945
281,1991-01-30,21.3700008392334,21.3700008392334,0.0,21.3700008392334
282,1991-01-31,20.90999984741211,20.90999984741211,0.0,20.90999984741211
283,1991-02-01,21.040000915527344,21.040000915527344,0.0,21.040000915527344
284,1991-02-04,21.860000610351562,21.860000610351562,0.0,21.860000610351562
285,1991-02-05,21.459999084472656,21.459999084472656,0.0,21.459999084472656
286,1991-02-06,22.68000030517578,22.68000030517578,0.0,22.68000030517578
287,1991-02-07,23.600000381469727,23.600000381469727,0.0,23.600000381469727
288,1991-02-08,23.3799991607666,23.3799991607666,0.0,23.3799991607666
289,1991-02-11,22.559999465942383,22.559999465942383,0.0,22.559999465942383
290,1991-02-12,22.260000228881836,22.260000228881836,0.0,22.260000228881836
291,1991-02-13,20.860000610351562,20.860000610351562,0.0,20.860000610351562
292,1991-02-14,21.479999542236328,21.479999542236328,0.0,21.479999542236328
293,1991-02-15,19.56999969482422,19.56999969482422,0.0,19.56999969482422
295,1991-02-19,19.84000015258789,19.84000015258789,0.0,19.84000015258789
296,1991-02-20,22.260000228881836,22.260000228881836,0.0,22.260000228881836
297,1991-02-21,20.780000686645508,20.780000686645508,0.0,20.780000686645508
298,1991-02-22,21.010000228881836,21.010000228881836,0.0,21.010000228881836
299,1991-02-25,22.860000610351562,22.860000610351562,0.0,22.860000610351562
300,1991-02-26,20.3799991607666,20.3799991607666,0.0,20.3799991607666
301,1991-02-27,21.260000228881836,21.260000228881836,0.0,21.260000228881836
302,1991-02-28,21.229999542236328,21.229999542236328,0.0,21.229999542236328
303,1991-03-01,21.229999542236328,21.229999542236328,0.0,21.229999542236328
304,1991-03-04,20.860000610351562,20.860000610351562,0.0,20.860000610351562
305,1991-03-05,20.450000762939453,20.450000762939453,0.0,20.450000762939453
306,1991-03-06,20.549999237060547,20.549999237060547,0.0,20.549999237060547
307,1991-03-07,21.049999237060547,21.049999237060547,0.0,21.049999237060547
308,1991-03-08,20.809999465942383,20.809999465942383,0.0,20.809999465942383
309,1991-03-11,20.8799991607666,20.8799991607666,0.0,20.8799991607666
310,1991-03-12,18.81999969482422,18.81999969482422,0.0,18.81999969482422
311,1991-03-13,16.09000015258789,16.09000015258789,0.0,16.09000015258789
312,1991-03-14,14.9399995803833,14.9399995803833,0.0,14.9399995803833
313,1991-03-15,14.899999618530273,14.899999618530273,0.0,14.899999618530273
314,1991-03-18,15.789999961853027,15.789999961853027,0.0,15.789999961853027
315,1991-03-19,16.110000610351562,16.110000610351562,0.0,16.110000610351562
316,1991-03-20,16.040000915527344,16.040000915527344,0.0,16.040000915527344
317,1991-03-21,16.860000610351562,16.860000610351562,0.0,16.860000610351562
318,1991-03-22,16.489999771118164,16.489999771118164,0.0,16.489999771118164
319,1991-03-25,16.760000228881836,16.760000228881836,0.0,16.760000228881836
320,1991-03-26,16.309999465942383,16.309999465942383,0.0,16.309999465942383
321,1991-03-27,16.549999237060547,16.549999237060547,0.0,16.549999237060547
322,1991-03-28,16.8799991607666,16.8799991607666,0.0,16.8799991607666
324,1991-04-01,17.420000076293945,17.420000076293945,0.0,17.420000076293945
325,1991-04-02,17.399999618530273,17.399999618530273,0.0,17.399999618530273
326,1991-04-03,17.610000610351562,17.610000610351562,0.0,17.610000610351562
327,1991-04-04,18.010000228881836,18.010000228881836,0.0,18.010000228881836
328,1991-04-05,17.6299991607666,17.6299991607666,0.0,17.6299991607666
329,1991-04-08,17.40999984741211,17.40999984741211,0.0,17.40999984741211
330,1991-04-09,20.1200008392334,20.1200008392334,0.0,20.1200008392334
331,1991-04-10,19.729999542236328,19.729999542236328,0.0,19.729999542236328
332,1991-04-11,17.239999771118164,17.239999771118164,0.0,17.239999771118164
333,1991-04-12,18.450000762939453,18.450000762939453,0.0,18.450000762939453
334,1991-04-15,16.5,16.5,0.0,16.5
335,1991-04-16,15.819999694824219,15.819999694824219,0.0,15.819999694824219
336,1991-04-17,15.470000267028809,15.470000267028809,0.0,15.470000267028809
337,1991-04-18,16.260000228881836,16.260000228881836,0.0,16.260000228881836
338,1991-04-19,15.680000305175781,15.680000305175781,0.0,15.680000305175781
339,1991-04-22,16.780000686645508,16.780000686645508,0.0,16.780000686645508
340,1991-04-23,17.020000457763672,17.020000457763672,0.0,17.020000457763672
341,1991-04-24,16.719999313354492,16.719999313354492,0.0,16.719999313354492
342,1991-04-25,17.149999618530273,17.149999618530273,0.0,17.149999618530273
343,1991-04-26,17.270000457763672,17.270000457763672,0.0,17.270000457763672
344,1991-04-29,18.270000457763672,18.270000457763672,0.0,18.270000457763672
345,1991-04-30,18.239999771118164,18.239999771118164,0.0,18.239999771118164
346,1991-05-01,17.770000457763672,17.770000457763672,0.0,17.770000457763672
347,1991-05-02,17.520000457763672,17.520000457763672,0.0,17.520000457763672
348,1991-05-03,17.239999771118164,17.239999771118164,0.0,17.239999771118164
349,1991-05-06,17.920000076293945,17.920000076293945,0.0,17.920000076293945
350,1991-05-07,17.459999084472656,17.459999084472656,0.0,17.459999084472656
351,1991-05-08,17.780000686645508,17.780000686645508,0.0,17.780000686645508
352,1991-05-09,17.170000076293945,17.170000076293945,0.0,17.170000076293945
353,1991-05-10,17.540000915527344,17.540000915527344,0.0,17.540000915527344
354,1991-05-13,17.65999984741211,17.65999984741211,0.0,17.65999984741211
355,1991-05-14,18.0,18.0,0.0,18.0
356,1991-05-15,18.3799991607666,18.3799991607666,0.0,18.3799991607666
357,1991-05-16,17.239999771118164,17.239999771118164,0.0,17.239999771118164
358,1991-05-17,16.639999389648438,16.639999389648438,0.0,16.639999389648438
359,1991-05-20,17.100000381469727,17.100000381469727,0.0,17.100000381469727
360,1991-05-21,16.06999969482422,16.06999969482422,0.0,16.06999969482422
361,1991-05-22,16.15999984741211,16.15999984741211,0.0,16.15999984741211
362,1991-05-23,16.110000610351562,16.110000610351562,0.0,16.110000610351562
363,1991-05-24,15.229999542236328,15.229999542236328,0.0,15.229999542236328
365,1991-05-28,15.670000076293945,15.670000076293945,0.0,15.670000076293945
366,1991-05-29,15.899999618530273,15.899999618530273,0.0,15.899999618530273
367,1991-05-30,16.020000457763672,16.020000457763672,0.0,16.020000457763672
368,1991-05-31,15.930000305175781,15.930000305175781,0.0,15.930000305175781
369,1991-06-03,16.8700008392334,16.8700008392334,0.0,16.8700008392334
370,1991-06-04,16.170000076293945,16.170000076293945,0.0,16.170000076293945
371,1991-06-05,16.399999618530273,16.399999618530273,0.0,16.399999618530273
372,1991-06-06,16.93000030517578,16.93000030517578,0.0,16.93000030517578
373,1991-06-07,16.979999542236328,16.979999542236328,0.0,16.979999542236328
374,1991-06-10,17.469999313354492,17.469999313354492,0.0,17.469999313354492
375,1991-06-11,17.31999969482422,17.31999969482422,0.0,17.31999969482422
376,1991-06-12,17.719999313354492,17.719999313354492,0.0,17.719999313354492
377,1991-06-13,16.989999771118164,16.989999771118164,0.0,16.989999771118164
378,1991-06-14,15.979999542236328,15.979999542236328,0.0,15.979999542236328
379,1991-06-17,15.5,15.5,0.0,15.5
380,1991-06-18,16.139999389648438,16.139999389648438,0.0,16.139999389648438
381,1991-06-19,17.440000534057617,17.440000534057617,0.0,17.440000534057617
382,1991-06-20,16.75,16.75,0.0,16.75
383,1991-06-21,16.510000228881836,16.510000228881836,0.0,16.510000228881836
384,1991-06-24,18.280000686645508,18.280000686645508,0.0,18.280000686645508
385,1991-06-25,17.850000381469727,17.850000381469727,0.0,17.850000381469727
386,1991-06-26,17.979999542236328,17.979999542236328,0.0,17.979999542236328
387,1991-06-27,17.8700008392334,17.8700008392334,0.0,17.8700008392334
388,1991-06-28,19.549999237060547,19.549999237060547,0.0,19.549999237060547
389,1991-07-01,18.639999389648438,18.639999389648438,0.0,18.639999389648438
390,1991-07-02,17.6299991607666,17.6299991607666,0.0,17.6299991607666
391,1991-07-03,19.469999313354492,19.469999313354492,0.0,19.469999313354492
393,1991-07-05,18.350000381469727,18.350000381469727,0.0,18.350000381469727
394,1991-07-08,20.290000915527344,20.290000915527344,0.0,20.290000915527344
395,1991-07-09,19.760000228881836,19.760000228881836,0.0,19.760000228881836
396,1991-07-10,19.190000534057617,19.190000534057617,0.0,19.190000534057617
397,1991-07-11,17.389999389648438,17.389999389648438,0.0,17.389999389648438
398,1991-07-12,18.290000915527344,18.290000915527344,0.0,18.290000915527344
399,1991-07-15,17.780000686645508,17.780000686645508,0.0,17.780000686645508
400,1991-07-16,17.489999771118164,17.489999771118164,0.0,17.489999771118164
401,1991-07-17,17.520000457763672,17.520000457763672,0.0,17.520000457763672
402,1991-07-18,15.770000457763672,15.770000457763672,0.0,15.770000457763672
403,1991-07-19,15.5,15.5,0.0,15.5
404,1991-07-22,16.899999618530273,16.899999618530273,0.0,16.899999618530273
405,1991-07-23,16.579999923706055,16.579999923706055,0.0,16.579999923706055
406,1991-07-24,16.40999984741211,16.40999984741211,0.0,16.40999984741211
407,1991-07-25,15.739999771118164,15.739999771118164,0.0,15.739999771118164
408,1991-07-26,15.449999809265137,15.449999809265137,0.0,15.449999809265137
409,1991-07-29,15.670000076293945,15.670000076293945,0.0,15.670000076293945
410,1991-07-30,15.470000267028809,15.470000267028809,0.0,15.470000267028809
411,1991-07-31,15.180000305175781,15.180000305175781,0.0,15.180000305175781
412,1991-08-01,15.470000267028809,15.470000267028809,0.0,15.470000267028809
413,1991-08-02,15.260000228881836,15.260000228881836,0.0,15.260000228881836
414,1991-08-05,15.920000076293945,15.920000076293945,0.0,15.920000076293945
415,1991-08-06,15.539999961853027,15.539999961853027,0.0,15.539999961853027
416,1991-08-07,15.5600004196167,15.5600004196167,0.0,15.5600004196167
417,1991-08-08,15.979999542236328,15.979999542236328,0.0,15.979999542236328
418,1991-08-09,15.449999809265137,15.449999809265137,0.0,15.449999809265137
419,1991-08-12,15.260000228881836,15.260000228881836,0.0,15.260000228881836
420,1991-08-13,14.729999542236328,14.729999542236328,0.0,14.729999542236328
421,1991-08-14,15.09000015258789,15.09000015258789,0.0,15.09000015258789
422,1991-08-15,15.1899995803833,15.1899995803833,0.0,15.1899995803833
423,1991-08-16,16.010000228881836,16.010000228881836,0.0,16.010000228881836
424,1991-08-19,21.190000534057617,21.190000534057617,0.0,21.190000534057617
425,1991-08-20,18.860000610351562,18.860000610351562,0.0,18.860000610351562
426,1991-08-21,15.619999885559082,15.619999885559082,0.0,15.619999885559082
427,1991-08-22,14.59000015258789,14.59000015258789,0.0,14.59000015258789
428,1991-08-23,14.40999984741211,14.40999984741211,0.0,14.40999984741211
429,1991-08-26,14.8100004196167,14.8100004196167,0.0,14.8100004196167
430,1991-08-27,15.460000038146973,15.460000038146973,0.0,15.460000038146973
431,1991-08-28,15.3100004196167,15.3100004196167,0.0,15.3100004196167
432,1991-08-29,14.819999694824219,14.819999694824219,0.0,14.819999694824219
433,1991-08-30,14.460000038146973,14.460000038146973,0.0,14.460000038146973
435,1991-09-03,16.56999969482422,16.56999969482422,0.0,16.56999969482422
436,1991-09-04,17.18000030517578,17.18000030517578,0.0,17.18000030517578
437,1991-09-05,17.309999465942383,17.309999465942383,0.0,17.309999465942383
438,1991-09-06,16.760000228881836,16.760000228881836,0.0,16.760000228881836
439,1991-09-09,17.729999542236328,17.729999542236328,0.0,17.729999542236328
440,1991-09-10,18.219999313354492,18.219999313354492,0.0,18.219999313354492
441,1991-09-11,17.959999084472656,17.959999084472656,0.0,17.959999084472656
442,1991-09-12,16.209999084472656,16.209999084472656,0.0,16.209999084472656
443,1991-09-13,17.8799991607666,17.8799991607666,0.0,17.8799991607666
444,1991-09-16,17.81999969482422,17.81999969482422,0.0,17.81999969482422
445,1991-09-17,17.68000030517578,17.68000030517578,0.0,17.68000030517578
446,1991-09-18,17.559999465942383,17.559999465942383,0.0,17.559999465942383
447,1991-09-19,17.559999465942383,17.559999465942383,0.0,17.559999465942383
448,1991-09-20,17.079999923706055,17.079999923706055,0.0,17.079999923706055
449,1991-09-23,16.3799991607666,16.3799991607666,0.0,16.3799991607666
450,1991-09-24,16.040000915527344,16.040000915527344,0.0,16.040000915527344
451,1991-09-25,15.680000305175781,15.680000305175781,0.0,15.680000305175781
452,1991-09-26,15.350000381469727,15.350000381469727,0.0,15.350000381469727
453,1991-09-27,16.309999465942383,16.309999465942383,0.0,16.309999465942383
454,1991-09-30,15.850000381469727,15.850000381469727,0.0,15.850000381469727
455,1991-10-01,14.8100004196167,14.8100004196167,0.0,14.8100004196167
456,1991-10-02,15.8100004196167,15.8100004196167,0.0,15.8100004196167
457,1991-10-03,17.040000915527344,17.040000915527344,0.0,17.040000915527344
458,1991-10-04,15.630000114440918,15.630000114440918,0.0,15.630000114440918
459,1991-10-07,18.579999923706055,18.579999923706055,0.0,18.579999923706055
460,1991-10-08,17.809999465942383,17.809999465942383,0.0,17.809999465942383
461,1991-10-09,18.540000915527344,18.540000915527344,0.0,18.540000915527344
462,1991-10-10,17.799999237060547,17.799999237060547,0.0,17.799999237060547
463,1991-10-11,17.600000381469727,17.600000381469727,0.0,17.600000381469727
464,1991-10-14,16.709999084472656,16.709999084472656,0.0,16.709999084472656
465,1991-10-15,16.219999313354492,16.219999313354492,0.0,16.219999313354492
466,1991-10-16,14.850000381469727,14.850000381469727,0.0,14.850000381469727
467,1991-10-17,16.31999969482422,16.31999969482422,0.0,16.31999969482422
468,1991-10-18,15.869999885559082,15.869999885559082,0.0,15.869999885559082
469,1991-10-21,16.65999984741211,16.65999984741211,0.0,16.65999984741211
470,1991-10-22,16.549999237060547,16.549999237060547,0.0,16.549999237060547
471,1991-10-23,16.260000228881836,16.260000228881836,0.0,16.260000228881836
472,1991-10-24,15.619999885559082,15.619999885559082,0.0,15.619999885559082
473,1991-10-25,15.75,15.75,0.0,15.75
474,1991-10-28,15.449999809265137,15.449999809265137,0.0,15.449999809265137
475,1991-10-29,15.550000190734863,15.550000190734863,0.0,15.550000190734863
476,1991-10-30,15.460000038146973,15.460000038146973,0.0,15.460000038146973
477,1991-10-31,15.479999542236328,15.479999542236328,0.0,15.479999542236328
478,1991-11-01,15.600000381469727,15.600000381469727,0.0,15.600000381469727
479,1991-11-04,16.350000381469727,16.350000381469727,0.0,16.350000381469727
480,1991-11-05,16.479999542236328,16.479999542236328,0.0,16.479999542236328
481,1991-11-06,16.469999313354492,16.469999313354492,0.0,16.469999313354492
482,1991-11-07,15.970000267028809,15.970000267028809,0.0,15.970000267028809
483,1991-11-08,15.430000305175781,15.430000305175781,0.0,15.430000305175781
484,1991-11-11,14.890000343322754,14.890000343322754,0.0,14.890000343322754
485,1991-11-12,14.039999961853027,14.039999961853027,0.0,14.039999961853027
486,1991-11-13,13.949999809265137,13.949999809265137,0.0,13.949999809265137
487,1991-11-14,13.960000038146973,13.960000038146973,0.0,13.960000038146973
488,1991-11-15,21.18000030517578,21.18000030517578,0.0,21.18000030517578
489,1991-11-18,18.280000686645508,18.280000686645508,0.0,18.280000686645508
490,1991-11-19,20.34000015258789,20.34000015258789,0.0,20.34000015258789
491,1991-11-20,20.399999618530273,20.399999618530273,0.0,20.399999618530273
492,1991-11-21,19.110000610351562,19.110000610351562,0.0,19.110000610351562
493,1991-11-22,21.200000762939453,21.200000762939453,0.0,21.200000762939453
494,1991-11-25,21.920000076293945,21.920000076293945,0.0,21.920000076293945
495,1991-11-26,19.799999237060547,19.799999237060547,0.0,19.799999237060547
496,1991-11-27,19.84000015258789,19.84000015258789,0.0,19.84000015258789
498,1991-11-29,20.260000228881836,20.260000228881836,0.0,20.260000228881836
499,1991-12-02,20.18000030517578,20.18000030517578,0.0,20.18000030517578
500,1991-12-03,19.700000762939453,19.700000762939453,0.0,19.700000762939453
501,1991-12-04,19.540000915527344,19.540000915527344,0.0,19.540000915527344
502,1991-12-05,20.190000534057617,20.190000534057617,0.0,20.190000534057617
503,1991-12-06,19.040000915527344,19.040000915527344,0.0,19.040000915527344
504,1991-12-09,19.739999771118164,19.739999771118164,0.0,19.739999771118164
505,1991-12-10,19.889999389648438,19.889999389648438,0.0,19.889999389648438
506,1991-12-11,20.56999969482422,20.56999969482422,0.0,20.56999969482422
507,1991-12-12,19.079999923706055,19.079999923706055,0.0,19.079999923706055
508,1991-12-13,17.8799991607666,17.8799991607666,0.0,17.8799991607666
509,1991-12-16,17.6200008392334,17.6200008392334,0.0,17.6200008392334
510,1991-12-17,18.1200008392334,18.1200008392334,0.0,18.1200008392334
511,1991-12-18,17.780000686645508,17.780000686645508,0.0,17.780000686645508
512,1991-12-19,17.959999084472656,17.959999084472656,0.0,17.959999084472656
513,1991-12-20,17.649999618530273,17.649999618530273,0.0,17.649999618530273
514,1991-12-23,16.610000610351562,16.610000610351562,0.0,16.610000610351562
515,1991-12-24,15.670000076293945,15.670000076293945,0.0,15.670000076293945
517,1991-12-26,15.4399995803833,15.4399995803833,0.0,15.4399995803833
518,1991-12-27,15.699999809265137,15.699999809265137,0.0,15.699999809265137
519,1991-12-30,17.6299991607666,17.6299991607666,0.0,17.6299991607666
520,1991-12-31,19.309999465942383,19.309999465942383,0.0,19.309999465942383
522,1992-01-02,19.690000534057617,18.950000762939453,0.0,18.950000762939453
523,1992-01-03,17.040000915527344,18.75,0.0,18.75
524,1992-01-06,16.229999542236328,18.959999084472656,0.0,18.959999084472656
525,1992-01-07,20.299999237060547,19.229999542236328,0.0,19.229999542236328
526,1992-01-08,17.530000686645508,18.719999313354492,0.0,18.719999313354492
527,1992-01-09,17.579999923706055,18.959999084472656,0.0,18.959999084472656
528,1992-01-10,18.5,18.450000762939453,0.0,18.450000762939453
529,1992-01-13,19.049999237060547,18.010000228881836,0.0,18.010000228881836
530,1992-01-14,17.729999542236328,17.010000228881836,0.0,17.010000228881836
531,1992-01-15,17.809999465942383,17.389999389648438,0.0,17.389999389648438
532,1992-01-16,18.43000030517578,17.639999389648438,0.0,17.639999389648438
533,1992-01-17,16.59000015258789,16.31999969482422,0.0,16.31999969482422
534,1992-01-20,16.56999969482422,16.420000076293945,0.0,16.420000076293945
535,1992-01-21,16.739999771118164,17.920000076293945,0.0,17.920000076293945
536,1992-01-22,17.540000915527344,16.75,0.0,16.75
537,1992-01-23,15.479999542236328,16.459999084472656,0.0,16.459999084472656
538,1992-01-24,16.229999542236328,16.239999771118164,0.0,16.239999771118164
539,1992-01-27,16.149999618530273,16.670000076293945,0.0,16.670000076293945
540,1992-01-28,17.06999969482422,17.670000076293945,0.0,17.670000076293945
541,1992-01-29,16.56999969482422,17.6200008392334,0.0,17.6200008392334
542,1992-01-30,16.8700008392334,17.489999771118164,0.0,17.489999771118164
543,1992-01-31,14.15999984741211,17.399999618530273,0.0,17.399999618530273
544,1992-02-03,17.079999923706055,18.200000762939453,0.0,18.200000762939453
545,1992-02-04,17.15999984741211,17.959999084472656,0.0,17.959999084472656
546,1992-02-05,18.149999618530273,18.219999313354492,0.0,18.219999313354492
547,1992-02-06,18.799999237060547,18.790000915527344,0.0,18.790000915527344
548,1992-02-07,18.43000030517578,18.510000228881836,0.0,18.510000228881836
549,1992-02-10,19.239999771118164,18.559999465942383,0.0,18.559999465942383
550,1992-02-11,18.559999465942383,17.700000762939453,0.0,17.700000762939453
551,1992-02-12,18.219999313354492,17.3700008392334,0.0,17.3700008392334
552,1992-02-13,15.420000076293945,17.450000762939453,0.0,17.450000762939453
553,1992-02-14,17.520000457763672,17.030000686645508,0.0,17.030000686645508
555,1992-02-18,17.790000915527344,18.219999313354492,0.0,18.219999313354492
556,1992-02-19,17.690000534057617,17.15999984741211,0.0,17.15999984741211
557,1992-02-20,15.65999984741211,16.719999313354492,0.0,16.719999313354492
558,1992-02-21,15.75,16.8700008392334,0.0,16.8700008392334
559,1992-02-24,17.469999313354492,17.1299991607666,0.0,17.1299991607666
560,1992-02-25,15.859999656677246,16.350000381469727,0.0,16.350000381469727
561,1992-02-26,15.65999984741211,16.639999389648438,0.0,16.639999389648438
562,1992-02-27,16.969999313354492,16.510000228881836,0.0,16.510000228881836
563,1992-02-28,15.34000015258789,16.68000030517578,0.0,16.68000030517578
564,1992-03-02,17.440000534057617,16.8799991607666,0.0,16.8799991607666
565,1992-03-03,17.360000610351562,17.260000228881836,0.0,17.260000228881836
566,1992-03-04,17.81999969482422,17.889999389648438,0.0,17.889999389648438
567,1992-03-05,18.56999969482422,18.469999313354492,0.0,18.469999313354492
568,1992-03-06,18.25,19.75,0.0,19.75
569,1992-03-09,20.670000076293945,19.68000030517578,0.0,19.68000030517578
570,1992-03-10,19.6200008392334,18.68000030517578,0.0,18.68000030517578
571,1992-03-11,19.229999542236328,19.790000915527344,0.0,19.790000915527344
572,1992-03-12,19.469999313354492,19.719999313354492,0.0,19.719999313354492
573,1992-03-13,18.389999389648438,18.350000381469727,0.0,18.350000381469727
574,1992-03-16,19.1299991607666,18.459999084472656,0.0,18.459999084472656
575,1992-03-17,17.780000686645508,16.790000915527344,0.0,16.790000915527344
576,1992-03-18,16.950000762939453,16.690000534057617,0.0,16.690000534057617
577,1992-03-19,16.729999542236328,16.520000457763672,0.0,16.520000457763672
578,1992-03-20,16.729999542236328,16.81999969482422,0.0,16.81999969482422
579,1992-03-23,17.6299991607666,16.729999542236328,0.0,16.729999542236328
580,1992-03-24,16.270000457763672,16.31999969482422,0.0,16.31999969482422
581,1992-03-25,16.40999984741211,16.190000534057617,0.0,16.190000534057617
582,1992-03-26,16.549999237060547,16.290000915527344,0.0,16.290000915527344
583,1992-03-27,15.880000114440918,16.020000457763672,0.0,16.020000457763672
584,1992-03-30,16.43000030517578,15.970000267028809,0.0,15.970000267028809
585,1992-03-31,16.450000762939453,16.18000030517578,0.0,16.18000030517578
586,1992-04-01,16.93000030517578,16.479999542236328,0.0,16.479999542236328
587,1992-04-02,16.25,17.059999465942383,0.0,17.059999465942383
588,1992-04-03,18.219999313354492,16.719999313354492,0.0,16.719999313354492
589,1992-04-06,17.18000030517578,16.719999313354492,0.0,16.719999313354492
590,1992-04-07,17.260000228881836,18.809999465942383,0.0,18.809999465942383
591,1992-04-08,20.059999465942383,20.149999618530273,0.0,20.149999618530273
592,1992-04-09,18.950000762939453,17.889999389648438,0.0,17.889999389648438
593,1992-04-10,17.389999389648438,16.850000381469727,0.0,16.850000381469727
594,1992-04-13,17.420000076293945,16.989999771118164,0.0,16.989999771118164
595,1992-04-14,16.81999969482422,15.979999542236328,0.0,15.979999542236328
596,1992-04-15,16.360000610351562,15.149999618530273,0.0,15.149999618530273
597,1992-04-16,15.170000076293945,14.850000381469727,0.0,14.850000381469727
599,1992-04-20,16.149999618530273,15.930000305175781,0.0,15.930000305175781
600,1992-04-21,16.0,16.530000686645508,0.0,16.530000686645508
601,1992-04-22,16.030000686645508,15.960000038146973,0.0,15.960000038146973
602,1992-04-23,16.100000381469727,15.829999923706055,0.0,15.829999923706055
603,1992-04-24,15.729999542236328,15.710000038146973,0.0,15.710000038146973
604,1992-04-27,16.93000030517578,16.489999771118164,0.0,16.489999771118164
605,1992-04-28,16.559999465942383,16.239999771118164,0.0,16.239999771118164
606,1992-04-29,16.3799991607666,15.949999809265137,0.0,15.949999809265137
607,1992-04-30,15.859999656677246,15.529999732971191,0.0,15.529999732971191
608,1992-05-01,14.869999885559082,16.610000610351562,0.0,16.610000610351562
609,1992-05-04,16.700000762939453,16.920000076293945,0.0,16.920000076293945
610,1992-05-05,15.5600004196167,16.65999984741211,0.0,16.65999984741211
611,1992-05-06,16.110000610351562,16.809999465942383,0.0,16.809999465942383
612,1992-05-07,15.800000190734863,16.540000915527344,0.0,16.540000915527344
613,1992-05-08,16.18000030517578,15.649999618530273,0.0,15.649999618530273
614,1992-05-11,15.869999885559082,15.170000076293945,0.0,15.170000076293945
615,1992-05-12,15.399999618530273,15.680000305175781,0.0,15.680000305175781
616,1992-05-13,15.880000114440918,15.1899995803833,0.0,15.1899995803833
617,1992-05-14,14.380000114440918,15.489999771118164,0.0,15.489999771118164
618,1992-05-15,14.380000114440918,14.819999694824219,0.0,14.819999694824219
619,1992-05-18,15.170000076293945,14.619999885559082,0.0,14.619999885559082
620,1992-05-19,13.949999809265137,13.569999694824219,0.0,13.569999694824219
621,1992-05-20,12.979999542236328,13.619999885559082,0.0,13.619999885559082
622,1992-05-21,14.010000228881836,13.920000076293945,0.0,13.920000076293945
623,1992-05-22,14.029999732971191,13.729999542236328,0.0,13.729999542236328
625,1992-05-26,13.930000305175781,14.920000076293945,0.0,14.920000076293945
626,1992-05-27,13.84000015258789,13.989999771118164,0.0,13.989999771118164
627,1992-05-28,14.25,13.770000457763672,0.0,13.770000457763672
628,1992-05-29,12.770000457763672,13.859999656677246,0.0,13.859999656677246
629,1992-06-01,14.470000267028809,14.430000305175781,0.0,14.430000305175781
630,1992-06-02,12.920000076293945,14.569999694824219,0.0,14.569999694824219
631,1992-06-03,13.239999771118164,14.350000381469727,0.0,14.350000381469727
632,1992-06-04,13.210000038146973,13.65999984741211,0.0,13.65999984741211
633,1992-06-05,14.569999694824219,14.649999618530273,0.0,14.649999618530273
634,1992-06-08,15.600000381469727,15.1899995803833,0.0,15.1899995803833
635,1992-06-09,15.279999732971191,15.970000267028809,0.0,15.970000267028809
636,1992-06-10,15.899999618530273,16.6200008392334,0.0,16.6200008392334
637,1992-06-11,16.90999984741211,16.290000915527344,0.0,16.290000915527344
638,1992-06-12,15.369999885559082,14.949999809265137,0.0,14.949999809265137
639,1992-06-15,16.110000610351562,14.760000228881836,0.0,14.760000228881836
640,1992-06-16,15.119999885559082,15.220000267028809,0.0,15.220000267028809
641,1992-06-17,15.760000228881836,18.079999923706055,0.0,18.079999923706055
642,1992-06-18,18.229999542236328,18.200000762939453,0.0,18.200000762939453
643,1992-06-19,17.43000030517578,16.309999465942383,0.0,16.309999465942383
644,1992-06-22,14.65999984741211,16.65999984741211,0.0,16.65999984741211
645,1992-06-23,14.270000457763672,14.529999732971191,0.0,14.529999732971191
646,1992-06-24,14.260000228881836,14.399999618530273,0.0,14.399999618530273
647,1992-06-25,13.930000305175781,14.399999618530273,0.0,14.399999618530273
648,1992-06-26,14.130000114440918,14.670000076293945,0.0,14.670000076293945
649,1992-06-29,13.9399995803833,13.210000038146973,0.0,13.210000038146973
650,1992-06-30,13.65999984741211,13.350000381469727,0.0,13.350000381469727
651,1992-07-01,13.430000305175781,13.34000015258789,0.0,13.34000015258789
652,1992-07-02,12.6899995803833,13.880000114440918,0.0,13.880000114440918
654,1992-07-06,14.270000457763672,14.869999885559082,0.0,14.869999885559082
655,1992-07-07,14.029999732971191,15.829999923706055,0.0,15.829999923706055
656,1992-07-08,14.170000076293945,15.529999732971191,0.0,15.529999732971191
657,1992-07-09,14.34000015258789,14.600000381469727,0.0,14.600000381469727
658,1992-07-10,13.930000305175781,13.699999809265137,0.0,13.699999809265137
659,1992-07-13,12.470000267028809,14.010000228881836,0.0,14.010000228881836
660,1992-07-14,14.260000228881836,13.5,0.0,13.5
661,1992-07-15,12.40999984741211,12.520000457763672,0.0,12.520000457763672
662,1992-07-16,12.130000114440918,12.270000457763672,0.0,12.270000457763672
663,1992-07-17,13.149999618530273,12.600000381469727,0.0,12.600000381469727
664,1992-07-20,13.539999961853027,12.65999984741211,0.0,12.65999984741211
665,1992-07-21,12.199999809265137,12.600000381469727,0.0,12.600000381469727
666,1992-07-22,11.359999656677246,13.569999694824219,0.0,13.569999694824219
667,1992-07-23,13.329999923706055,13.329999923706055,0.0,13.329999923706055
668,1992-07-24,12.25,13.369999885559082,0.0,13.369999885559082
669,1992-07-27,13.34000015258789,13.899999618530273,0.0,13.899999618530273
670,1992-07-28,11.5,13.050000190734863,0.0,13.050000190734863
671,1992-07-29,12.210000038146973,13.4399995803833,0.0,13.4399995803833
672,1992-07-30,13.449999809265137,13.5,0.0,13.5
673,1992-07-31,12.550000190734863,13.170000076293945,0.0,13.170000076293945
674,1992-08-03,14.050000190734863,13.829999923706055,0.0,13.829999923706055
675,1992-08-04,13.34000015258789,13.579999923706055,0.0,13.579999923706055
676,1992-08-05,12.40999984741211,13.819999694824219,0.0,13.819999694824219
677,1992-08-06,12.399999618530273,14.229999542236328,0.0,14.229999542236328
678,1992-08-07,13.930000305175781,13.9399995803833,0.0,13.9399995803833
679,1992-08-10,13.869999885559082,14.510000228881836,0.0,14.510000228881836
680,1992-08-11,15.319999694824219,15.09000015258789,0.0,15.09000015258789
681,1992-08-12,14.279999732971191,14.880000114440918,0.0,14.880000114440918
682,1992-08-13,13.449999809265137,15.34000015258789,0.0,15.34000015258789
683,1992-08-14,15.630000114440918,14.65999984741211,0.0,14.65999984741211
684,1992-08-17,14.319999694824219,14.609999656677246,0.0,14.609999656677246
685,1992-08-18,14.670000076293945,13.84000015258789,0.0,13.84000015258789
686,1992-08-19,14.670000076293945,14.350000381469727,0.0,14.350000381469727
687,1992-08-20,14.369999885559082,14.479999542236328,0.0,14.479999542236328
688,1992-08-21,13.739999771118164,15.010000228881836,0.0,15.010000228881836
689,1992-08-24,15.210000038146973,16.190000534057617,0.0,16.190000534057617
690,1992-08-25,14.869999885559082,15.619999885559082,0.0,15.619999885559082
691,1992-08-26,14.050000190734863,14.5,0.0,14.5
692,1992-08-27,13.859999656677246,13.65999984741211,0.0,13.65999984741211
693,1992-08-28,12.569999694824219,13.140000343322754,0.0,13.140000343322754
694,1992-08-31,12.65999984741211,13.579999923706055,0.0,13.579999923706055
695,1992-09-01,11.869999885559082,13.399999618530273,0.0,13.399999618530273
696,1992-09-02,12.6899995803833,12.729999542236328,0.0,12.729999542236328
697,1992-09-03,10.770000457763672,12.880000114440918,0.0,12.880000114440918
698,1992-09-04,12.920000076293945,12.979999542236328,0.0,12.979999542236328
700,1992-09-08,13.359999656677246,13.649999618530273,0.0,13.649999618530273
701,1992-09-09,13.029999732971191,13.359999656677246,0.0,13.359999656677246
702,1992-09-10,12.640000343322754,12.920000076293945,0.0,12.920000076293945
703,1992-09-11,12.390000343322754,12.470000267028809,0.0,12.470000267028809
704,1992-09-14,13.369999885559082,13.0,0.0,13.0
705,1992-09-15,11.529999732971191,13.630000114440918,0.0,13.630000114440918
706,1992-09-16,13.630000114440918,14.720000267028809,0.0,14.720000267028809
707,1992-09-17,13.609999656677246,14.3100004196167,0.0,14.3100004196167
708,1992-09-18,13.609999656677246,13.739999771118164,0.0,13.739999771118164
709,1992-09-21,12.989999771118164,13.449999809265137,0.0,13.449999809265137
710,1992-09-22,13.569999694824219,13.880000114440918,0.0,13.880000114440918
711,1992-09-23,13.720000267028809,13.829999923706055,0.0,13.829999923706055
712,1992-09-24,13.760000228881836,13.4399995803833,0.0,13.4399995803833
713,1992-09-25,13.770000457763672,14.800000190734863,0.0,14.800000190734863
714,1992-09-28,15.420000076293945,15.1899995803833,0.0,15.1899995803833
715,1992-09-29,15.229999542236328,14.970000267028809,0.0,14.970000267028809
716,1992-09-30,13.960000038146973,14.279999732971191,0.0,14.279999732971191
717,1992-10-01,15.4399995803833,16.309999465942383,0.0,16.309999465942383
718,1992-10-02,15.329999923706055,17.790000915527344,0.0,17.790000915527344
719,1992-10-05,19.770000457763672,20.010000228881836,0.0,20.010000228881836
720,1992-10-06,20.3700008392334,19.950000762939453,0.0,19.950000762939453
721,1992-10-07,19.06999969482422,21.020000457763672,0.0,21.020000457763672
722,1992-10-08,19.56999969482422,19.260000228881836,0.0,19.260000228881836
723,1992-10-09,19.670000076293945,20.510000228881836,0.0,20.510000228881836
724,1992-10-12,20.610000610351562,19.489999771118164,0.0,19.489999771118164
725,1992-10-13,16.84000015258789,17.899999618530273,0.0,17.899999618530273
726,1992-10-14,15.770000457763672,18.420000076293945,0.0,18.420000076293945
727,1992-10-15,18.110000610351562,17.110000610351562,0.0,17.110000610351562
728,1992-10-16,15.800000190734863,17.010000228881836,0.0,17.010000228881836
729,1992-10-19,16.889999389648438,17.309999465942383,0.0,17.309999465942383
730,1992-10-20,16.0,16.8700008392334,0.0,16.8700008392334
731,1992-10-21,17.079999923706055,16.6200008392334,0.0,16.6200008392334
732,1992-10-22,15.829999923706055,15.84000015258789,0.0,15.84000015258789
733,1992-10-23,17.110000610351562,16.459999084472656,0.0,16.459999084472656
734,1992-10-26,16.93000030517578,16.31999969482422,0.0,16.31999969482422
735,1992-10-27,16.329999923706055,16.239999771118164,0.0,16.239999771118164
736,1992-10-28,16.329999923706055,15.949999809265137,0.0,15.949999809265137
737,1992-10-29,15.680000305175781,15.470000267028809,0.0,15.470000267028809
738,1992-10-30,15.899999618530273,16.149999618530273,0.0,16.149999618530273
739,1992-11-02,17.020000457763672,16.670000076293945,0.0,16.670000076293945
740,1992-11-03,16.010000228881836,17.329999923706055,0.0,17.329999923706055
741,1992-11-04,16.329999923706055,16.280000686645508,0.0,16.280000686645508
742,1992-11-05,16.100000381469727,15.380000114440918,0.0,15.380000114440918
743,1992-11-06,15.65999984741211,14.6899995803833,0.0,14.6899995803833
744,1992-11-09,14.6899995803833,14.229999542236328,0.0,14.229999542236328
745,1992-11-10,14.510000228881836,14.369999885559082,0.0,14.369999885559082
746,1992-11-11,14.600000381469727,13.989999771118164,0.0,13.989999771118164
747,1992-11-12,16.360000610351562,14.369999885559082,0.0,14.369999885559082
748,1992-11-13,14.800000190734863,14.609999656677246,0.0,14.609999656677246
749,1992-11-16,14.680000305175781,14.859999656677246,0.0,14.859999656677246
750,1992-11-17,15.739999771118164,15.010000228881836,0.0,15.010000228881836
751,1992-11-18,14.979999542236328,14.550000190734863,0.0,14.550000190734863
752,1992-11-19,14.979999542236328,14.329999923706055,0.0,14.329999923706055
753,1992-11-20,14.199999809265137,13.670000076293945,0.0,13.670000076293945
754,1992-11-23,12.930000305175781,13.399999618530273,0.0,13.399999618530273
755,1992-11-24,12.539999961853027,12.65999984741211,0.0,12.65999984741211
756,1992-11-25,12.479999542236328,12.5,0.0,12.5
758,1992-11-27,11.630000114440918,12.579999923706055,0.0,12.579999923706055
759,1992-11-30,11.380000114440918,13.010000228881836,0.0,13.010000228881836
760,1992-12-01,12.9399995803833,12.800000190734863,0.0,12.800000190734863
761,1992-12-02,12.0600004196167,12.5600004196167,0.0,12.5600004196167
762,1992-12-03,12.09000015258789,12.029999732971191,0.0,12.029999732971191
763,1992-12-04,11.6899995803833,11.8100004196167,0.0,11.8100004196167
764,1992-12-07,12.0,12.0,0.0,12.0
765,1992-12-08,10.289999961853027,11.729999542236328,0.0,11.729999542236328
766,1992-12-09,11.729999542236328,12.579999923706055,0.0,12.579999923706055
767,1992-12-10,12.359999656677246,12.75,0.0,12.75
768,1992-12-11,12.359999656677246,12.34000015258789,0.0,12.34000015258789
769,1992-12-14,12.609999656677246,12.65999984741211,0.0,12.65999984741211
770,1992-12-15,12.609999656677246,12.40999984741211,0.0,12.40999984741211
771,1992-12-16,12.609999656677246,12.579999923706055,0.0,12.579999923706055
772,1992-12-17,12.029999732971191,12.140000343322754,0.0,12.140000343322754
773,1992-12-18,12.029999732971191,11.65999984741211,0.0,11.65999984741211
774,1992-12-21,11.65999984741211,11.649999618530273,0.0,11.649999618530273
775,1992-12-22,10.569999694824219,11.75,0.0,11.75
776,1992-12-23,11.75,11.510000228881836,0.0,11.510000228881836
777,1992-12-24,11.5,11.569999694824219,0.0,11.569999694824219
779,1992-12-28,12.670000076293945,12.220000267028809,0.0,12.220000267028809
780,1992-12-29,12.270000457763672,12.289999961853027,0.0,12.289999961853027
781,1992-12-30,12.140000343322754,12.600000381469727,0.0,12.600000381469727
782,1992-12-31,11.869999885559082,12.569999694824219,0.0,12.569999694824219
784,1993-01-04,12.960000038146973,13.359999656677246,0.0,13.359999656677246
785,1993-01-05,12.989999771118164,13.350000381469727,0.0,13.350000381469727
786,1993-01-06,12.880000114440918,13.369999885559082,0.0,13.369999885559082
787,1993-01-07,12.899999618530273,14.720000267028809,0.0,14.720000267028809
788,1993-01-08,13.75,13.770000457763672,0.0,13.770000457763672
789,1993-01-11,13.270000457763672,12.859999656677246,0.0,12.859999656677246
790,1993-01-12,11.819999694824219,12.779999732971191,0.0,12.779999732971191
791,1993-01-13,13.020000457763672,12.420000076293945,0.0,12.420000076293945
792,1993-01-14,12.289999961853027,11.989999771118164,0.0,11.989999771118164
793,1993-01-15,11.899999618530273,11.569999694824219,0.0,11.569999694824219
794,1993-01-18,12.149999618530273,11.489999771118164,0.0,11.489999771118164
795,1993-01-19,11.640000343322754,12.0600004196167,0.0,12.0600004196167
796,1993-01-20,12.210000038146973,12.149999618530273,0.0,12.149999618530273
797,1993-01-21,12.40999984741211,11.6899995803833,0.0,11.6899995803833
798,1993-01-22,11.630000114440918,11.300000190734863,0.0,11.300000190734863
799,1993-01-25,11.420000076293945,11.380000114440918,0.0,11.380000114440918
800,1993-01-26,11.079999923706055,11.449999809265137,0.0,11.449999809265137
801,1993-01-27,11.65999984741211,12.010000228881836,0.0,12.010000228881836
802,1993-01-28,12.079999923706055,12.039999961853027,0.0,12.039999961853027
803,1993-01-29,12.489999771118164,12.420000076293945,0.0,12.420000076293945
804,1993-02-01,12.510000228881836,12.329999923706055,0.0,12.329999923706055
805,1993-02-02,12.470000267028809,12.25,0.0,12.25
806,1993-02-03,11.979999542236328,12.119999885559082,0.0,12.119999885559082
807,1993-02-04,11.859999656677246,12.289999961853027,0.0,12.289999961853027
808,1993-02-05,12.5600004196167,12.899999618530273,0.0,12.899999618530273
809,1993-02-08,13.149999618530273,13.220000267028809,0.0,13.220000267028809
810,1993-02-09,13.630000114440918,13.479999542236328,0.0,13.479999542236328
811,1993-02-10,13.579999923706055,13.430000305175781,0.0,13.430000305175781
812,1993-02-11,13.050000190734863,12.6899995803833,0.0,12.6899995803833
813,1993-02-12,13.579999923706055,12.380000114440918,0.0,12.380000114440918
815,1993-02-16,13.4399995803833,15.760000228881836,0.0,15.760000228881836
816,1993-02-17,15.960000038146973,15.899999618530273,0.0,15.899999618530273
817,1993-02-18,14.6899995803833,15.5600004196167,0.0,15.5600004196167
818,1993-02-19,15.739999771118164,15.020000457763672,0.0,15.020000457763672
819,1993-02-22,15.029999732971191,14.699999809265137,0.0,14.699999809265137
820,1993-02-23,15.100000381469727,15.039999961853027,0.0,15.039999961853027
821,1993-02-24,14.0,14.720000267028809,0.0,14.720000267028809
822,1993-02-25,12.989999771118164,13.760000228881836,0.0,13.760000228881836
823,1993-02-26,13.470000267028809,13.15999984741211,0.0,13.15999984741211
824,1993-03-01,13.130000114440918,13.600000381469727,0.0,13.600000381469727
825,1993-03-02,13.760000228881836,12.489999771118164,0.0,12.489999771118164
826,1993-03-03,13.140000343322754,13.130000114440918,0.0,13.130000114440918
827,1993-03-04,12.520000457763672,13.4399995803833,0.0,13.4399995803833
828,1993-03-05,13.199999809265137,14.079999923706055,0.0,14.079999923706055
829,1993-03-08,15.0,16.219999313354492,0.0,16.219999313354492
830,1993-03-09,14.020000457763672,14.170000076293945,0.0,14.170000076293945
831,1993-03-10,14.630000114440918,13.90999984741211,0.0,13.90999984741211
832,1993-03-11,13.970000267028809,14.260000228881836,0.0,14.260000228881836
833,1993-03-12,15.600000381469727,15.65999984741211,0.0,15.65999984741211
834,1993-03-15,15.010000228881836,14.739999771118164,0.0,14.739999771118164
835,1993-03-16,13.050000190734863,14.510000228881836,0.0,14.510000228881836
836,1993-03-17,15.0600004196167,14.529999732971191,0.0,14.529999732971191
837,1993-03-18,14.329999923706055,14.170000076293945,0.0,14.170000076293945
838,1993-03-19,13.890000343322754,13.229999542236328,0.0,13.229999542236328
839,1993-03-22,13.970000267028809,13.65999984741211,0.0,13.65999984741211
840,1993-03-23,12.710000038146973,13.020000457763672,0.0,13.020000457763672
841,1993-03-24,12.229999542236328,12.4399995803833,0.0,12.4399995803833
842,1993-03-25,12.710000038146973,12.079999923706055,0.0,12.079999923706055
843,1993-03-26,10.65999984741211,12.210000038146973,0.0,12.210000038146973
844,1993-03-29,13.039999961853027,12.630000114440918,0.0,12.630000114440918
845,1993-03-30,12.579999923706055,12.229999542236328,0.0,12.229999542236328
846,1993-03-31,12.289999961853027,12.529999732971191,0.0,12.529999732971191
847,1993-04-01,13.039999961853027,13.020000457763672,0.0,13.020000457763672
848,1993-04-02,14.270000457763672,14.5,0.0,14.5
849,1993-04-05,14.430000305175781,14.119999885559082,0.0,14.119999885559082
850,1993-04-06,13.729999542236328,14.239999771118164,0.0,14.239999771118164
851,1993-04-07,13.75,13.640000343322754,0.0,13.640000343322754
852,1993-04-08,12.329999923706055,12.829999923706055,0.0,12.829999923706055
854,1993-04-12,12.329999923706055,11.930000305175781,0.0,11.930000305175781
855,1993-04-13,12.59000015258789,11.699999809265137,0.0,11.699999809265137
856,1993-04-14,12.329999923706055,11.760000228881836,0.0,11.760000228881836
857,1993-04-15,11.960000038146973,10.960000038146973,0.0,10.960000038146973
858,1993-04-16,11.109999656677246,11.289999961853027,0.0,11.289999961853027
859,1993-04-19,11.390000343322754,12.0600004196167,0.0,12.0600004196167
860,1993-04-20,11.819999694824219,11.9399995803833,0.0,11.9399995803833
861,1993-04-21,12.40999984741211,12.109999656677246,0.0,12.109999656677246
862,1993-04-22,11.579999923706055,12.680000305175781,0.0,12.680000305175781
863,1993-04-23,13.199999809265137,13.359999656677246,0.0,13.359999656677246
864,1993-04-26,14.0600004196167,15.25,0.0,15.25
865,1993-04-27,15.390000343322754,13.930000305175781,0.0,13.930000305175781
866,1993-04-28,13.779999732971191,13.119999885559082,0.0,13.119999885559082
867,1993-04-29,13.239999771118164,12.800000190734863,0.0,12.800000190734863
868,1993-04-30,11.260000228881836,12.420000076293945,0.0,12.420000076293945
869,1993-05-03,13.25,12.899999618530273,0.0,12.899999618530273
870,1993-05-04,13.050000190734863,12.140000343322754,0.0,12.140000343322754
871,1993-05-05,12.119999885559082,12.380000114440918,0.0,12.380000114440918
872,1993-05-06,12.829999923706055,13.220000267028809,0.0,13.220000267028809
873,1993-05-07,12.930000305175781,13.010000228881836,0.0,13.010000228881836
874,1993-05-10,13.420000076293945,13.720000267028809,0.0,13.720000267028809
875,1993-05-11,13.619999885559082,13.350000381469727,0.0,13.350000381469727
876,1993-05-12,12.979999542236328,13.5600004196167,0.0,13.5600004196167
877,1993-05-13,14.630000114440918,14.760000228881836,0.0,14.760000228881836
878,1993-05-14,14.630000114440918,14.390000343322754,0.0,14.390000343322754
879,1993-05-17,14.850000381469727,14.130000114440918,0.0,14.130000114440918
880,1993-05-18,14.520000457763672,14.1899995803833,0.0,14.1899995803833
881,1993-05-19,14.460000038146973,14.289999961853027,0.0,14.289999961853027
882,1993-05-20,14.460000038146973,13.979999542236328,0.0,13.979999542236328
883,1993-05-21,14.15999984741211,14.510000228881836,0.0,14.510000228881836
884,1993-05-24,14.15999984741211,14.100000381469727,0.0,14.100000381469727
885,1993-05-25,13.729999542236328,14.039999961853027,0.0,14.039999961853027
886,1993-05-26,13.199999809265137,12.880000114440918,0.0,12.880000114440918
887,1993-05-27,13.579999923706055,13.100000381469727,0.0,13.100000381469727
888,1993-05-28,13.210000038146973,13.470000267028809,0.0,13.470000267028809
890,1993-06-01,13.640000343322754,13.670000076293945,0.0,13.670000076293945
891,1993-06-02,13.59000015258789,13.479999542236328,0.0,13.479999542236328
892,1993-06-03,13.670000076293945,13.539999961853027,0.0,13.539999961853027
893,1993-06-04,12.960000038146973,12.859999656677246,0.0,12.859999656677246
894,1993-06-07,12.760000228881836,14.069999694824219,0.0,14.069999694824219
895,1993-06-08,15.220000267028809,14.739999771118164,0.0,14.739999771118164
896,1993-06-09,15.739999771118164,13.960000038146973,0.0,13.960000038146973
897,1993-06-10,13.59000015258789,13.3100004196167,0.0,13.3100004196167
898,1993-06-11,13.350000381469727,12.710000038146973,0.0,12.710000038146973
899,1993-06-14,12.319999694824219,12.329999923706055,0.0,12.329999923706055
900,1993-06-15,12.319999694824219,11.989999771118164,0.0,11.989999771118164
901,1993-06-16,12.319999694824219,11.869999885559082,0.0,11.869999885559082
902,1993-06-17,12.850000381469727,11.65999984741211,0.0,11.65999984741211
903,1993-06-18,11.729999542236328,12.239999771118164,0.0,12.239999771118164
904,1993-06-21,12.569999694824219,12.25,0.0,12.25
905,1993-06-22,11.670000076293945,11.649999618530273,0.0,11.649999618530273
906,1993-06-23,11.239999771118164,12.039999961853027,0.0,12.039999961853027
907,1993-06-24,12.90999984741211,12.25,0.0,12.25
908,1993-06-25,12.149999618530273,11.25,0.0,11.25
909,1993-06-28,12.130000114440918,11.109999656677246,0.0,11.109999656677246
910,1993-06-29,11.460000038146973,11.289999961853027,0.0,11.289999961853027
911,1993-06-30,11.220000267028809,11.260000228881836,0.0,11.260000228881836
912,1993-07-01,10.489999771118164,11.510000228881836,0.0,11.510000228881836
913,1993-07-02,11.600000381469727,11.329999923706055,0.0,11.329999923706055
915,1993-07-06,13.0,13.869999885559082,0.0,13.869999885559082
916,1993-07-07,13.430000305175781,13.050000190734863,0.0,13.050000190734863
917,1993-07-08,11.1899995803833,12.239999771118164,0.0,12.239999771118164
918,1993-07-09,11.279999732971191,10.800000190734863,0.0,10.800000190734863
919,1993-07-12,9.180000305175781,10.850000381469727,0.0,10.850000381469727
920,1993-07-13,10.850000381469727,11.020000457763672,0.0,11.020000457763672
921,1993-07-14,11.020000457763672,10.779999732971191,0.0,10.779999732971191
922,1993-07-15,10.9399995803833,10.600000381469727,0.0,10.600000381469727
923,1993-07-16,10.65999984741211,10.960000038146973,0.0,10.960000038146973
924,1993-07-19,11.4399995803833,11.460000038146973,0.0,11.460000038146973
925,1993-07-20,11.100000381469727,11.050000190734863,0.0,11.050000190734863
926,1993-07-21,12.050000190734863,11.970000267028809,0.0,11.970000267028809
927,1993-07-22,11.9399995803833,11.6899995803833,0.0,11.6899995803833
928,1993-07-23,11.149999618530273,11.319999694824219,0.0,11.319999694824219
929,1993-07-26,11.649999618530273,11.319999694824219,0.0,11.319999694824219
930,1993-07-27,11.869999885559082,11.34000015258789,0.0,11.34000015258789
931,1993-07-28,11.869999885559082,11.369999885559082,0.0,11.369999885559082
932,1993-07-29,11.539999961853027,11.25,0.0,11.25
933,1993-07-30,11.539999961853027,11.729999542236328,0.0,11.729999542236328
934,1993-08-02,11.8100004196167,11.470000267028809,0.0,11.470000267028809
935,1993-08-03,10.949999809265137,11.489999771118164,0.0,11.489999771118164
936,1993-08-04,10.920000076293945,11.710000038146973,0.0,11.710000038146973
937,1993-08-05,11.9399995803833,12.029999732971191,0.0,12.029999732971191
938,1993-08-06,12.180000305175781,12.329999923706055,0.0,12.329999923706055
939,1993-08-09,12.149999618530273,12.390000343322754,0.0,12.390000343322754
940,1993-08-10,11.970000267028809,12.3100004196167,0.0,12.3100004196167
941,1993-08-11,12.359999656677246,12.069999694824219,0.0,12.069999694824219
942,1993-08-12,12.220000267028809,12.380000114440918,0.0,12.380000114440918
943,1993-08-13,12.800000190734863,12.1899995803833,0.0,12.1899995803833
944,1993-08-16,12.369999885559082,12.010000228881836,0.0,12.010000228881836
945,1993-08-17,11.779999732971191,11.59000015258789,0.0,11.59000015258789
946,1993-08-18,12.0600004196167,11.520000457763672,0.0,11.520000457763672
947,1993-08-19,12.069999694824219,11.630000114440918,0.0,11.630000114440918
948,1993-08-20,11.289999961853027,11.619999885559082,0.0,11.619999885559082
949,1993-08-23,12.359999656677246,12.149999618530273,0.0,12.149999618530273
950,1993-08-24,11.9399995803833,11.800000190734863,0.0,11.800000190734863
951,1993-08-25,11.779999732971191,12.100000381469727,0.0,12.100000381469727
952,1993-08-26,11.850000381469727,12.140000343322754,0.0,12.140000343322754
953,1993-08-27,11.850000381469727,11.90999984741211,0.0,11.90999984741211
954,1993-08-30,11.34000015258789,11.739999771118164,0.0,11.739999771118164
955,1993-08-31,12.550000190734863,11.850000381469727,0.0,11.850000381469727
956,1993-09-01,11.300000190734863,11.479999542236328,0.0,11.479999542236328
957,1993-09-02,11.90999984741211,11.869999885559082,0.0,11.869999885559082
958,1993-09-03,11.5600004196167,11.15999984741211,0.0,11.15999984741211
960,1993-09-07,11.800000190734863,12.899999618530273,0.0,12.899999618530273
961,1993-09-08,12.260000228881836,13.239999771118164,0.0,13.239999771118164
962,1993-09-09,13.380000114440918,12.670000076293945,0.0,12.670000076293945
963,1993-09-10,12.15999984741211,11.699999809265137,0.0,11.699999809265137
964,1993-09-13,11.670000076293945,12.15999984741211,0.0,12.15999984741211
965,1993-09-14,13.489999771118164,13.149999618530273,0.0,13.149999618530273
966,1993-09-15,13.149999618530273,12.699999809265137,0.0,12.699999809265137
967,1993-09-16,13.489999771118164,13.359999656677246,0.0,13.359999656677246
968,1993-09-17,11.319999694824219,13.390000343322754,0.0,13.390000343322754
969,1993-09-20,13.65999984741211,14.600000381469727,0.0,14.600000381469727
970,1993-09-21,14.569999694824219,17.299999237060547,0.0,17.299999237060547
971,1993-09-22,14.779999732971191,13.75,0.0,13.75
972,1993-09-23,13.470000267028809,13.359999656677246,0.0,13.359999656677246
973,1993-09-24,12.579999923706055,12.470000267028809,0.0,12.470000267028809
974,1993-09-27,12.760000228881836,12.489999771118164,0.0,12.489999771118164
975,1993-09-28,11.90999984741211,12.1899995803833,0.0,12.1899995803833
976,1993-09-29,12.0,12.630000114440918,0.0,12.630000114440918
977,1993-09-30,13.079999923706055,12.989999771118164,0.0,12.989999771118164
978,1993-10-01,12.5600004196167,11.829999923706055,0.0,11.829999923706055
979,1993-10-04,13.270000457763672,12.850000381469727,0.0,12.850000381469727
980,1993-10-05,13.149999618530273,12.970000267028809,0.0,12.970000267028809
981,1993-10-06,13.069999694824219,12.680000305175781,0.0,12.680000305175781
982,1993-10-07,12.649999618530273,13.140000343322754,0.0,13.140000343322754
983,1993-10-08,12.649999618530273,12.039999961853027,0.0,12.039999961853027
984,1993-10-11,13.079999923706055,12.260000228881836,0.0,12.260000228881836
985,1993-10-12,14.640000343322754,12.40999984741211,0.0,12.40999984741211
986,1993-10-13,10.619999885559082,11.380000114440918,0.0,11.380000114440918
987,1993-10-14,12.350000381469727,11.0,0.0,11.0
988,1993-10-15,11.0,10.869999885559082,0.0,10.869999885559082
989,1993-10-18,12.270000457763672,11.329999923706055,0.0,11.329999923706055
990,1993-10-19,11.729999542236328,11.609999656677246,0.0,11.609999656677246
991,1993-10-20,11.199999809265137,11.319999694824219,0.0,11.319999694824219
992,1993-10-21,10.699999809265137,11.199999809265137,0.0,11.199999809265137
993,1993-10-22,10.75,11.479999542236328,0.0,11.479999542236328
994,1993-10-25,11.670000076293945,11.829999923706055,0.0,11.829999923706055
995,1993-10-26,10.039999961853027,11.829999923706055,0.0,11.829999923706055
996,1993-10-27,11.829999923706055,12.010000228881836,0.0,12.010000228881836
997,1993-10-28,11.949999809265137,11.880000114440918,0.0,11.880000114440918
998,1993-10-29,11.800000190734863,11.460000038146973,0.0,11.460000038146973
999,1993-11-01,12.020000457763672,11.779999732971191,0.0,11.779999732971191
1000,1993-11-02,11.680000305175781,11.739999771118164,0.0,11.739999771118164
1001,1993-11-03,11.720000267028809,13.260000228881836,0.0,13.260000228881836
1002,1993-11-04,13.520000457763672,14.680000305175781,0.0,14.680000305175781
1003,1993-11-05,14.569999694824219,14.970000267028809,0.0,14.970000267028809
1004,1993-11-08,16.1200008392334,14.3100004196167,0.0,14.3100004196167
1005,1993-11-09,13.920000076293945,13.9399995803833,0.0,13.9399995803833
1006,1993-11-10,13.180000305175781,13.720000267028809,0.0,13.720000267028809
1007,1993-11-11,13.25,13.880000114440918,0.0,13.880000114440918
1008,1993-11-12,14.470000267028809,13.329999923706055,0.0,13.329999923706055
1009,1993-11-15,13.789999961853027,14.460000038146973,0.0,14.460000038146973
1010,1993-11-16,15.029999732971191,15.109999656677246,0.0,15.109999656677246
1011,1993-11-17,15.6899995803833,15.569999694824219,0.0,15.569999694824219
1012,1993-11-18,15.4399995803833,14.649999618530273,0.0,14.649999618530273
1013,1993-11-19,14.989999771118164,15.029999732971191,0.0,15.029999732971191
1014,1993-11-22,16.200000762939453,15.899999618530273,0.0,15.899999618530273
1015,1993-11-23,14.859999656677246,14.270000457763672,0.0,14.270000457763672
1016,1993-11-24,13.890000343322754,13.510000228881836,0.0,13.510000228881836
1018,1993-11-26,13.300000190734863,13.770000457763672,0.0,13.770000457763672
1019,1993-11-29,13.390000343322754,14.119999885559082,0.0,14.119999885559082
1020,1993-11-30,14.119999885559082,13.760000228881836,0.0,13.760000228881836
1021,1993-12-01,12.930000305175781,13.829999923706055,0.0,13.829999923706055
1022,1993-12-02,14.220000267028809,13.510000228881836,0.0,13.510000228881836
1023,1993-12-03,13.34000015258789,12.6899995803833,0.0,12.6899995803833
1024,1993-12-06,14.5,12.84000015258789,0.0,12.84000015258789
1025,1993-12-07,14.760000228881836,12.40999984741211,0.0,12.40999984741211
1026,1993-12-08,14.199999809265137,12.460000038146973,0.0,12.460000038146973
1027,1993-12-09,11.579999923706055,12.430000305175781,0.0,12.430000305175781
1028,1993-12-10,12.619999885559082,12.600000381469727,0.0,12.600000381469727
1029,1993-12-13,9.699999809265137,10.979999542236328,0.0,10.979999542236328
1030,1993-12-14,10.710000038146973,11.130000114440918,0.0,11.130000114440918
1031,1993-12-15,11.489999771118164,11.029999732971191,0.0,11.029999732971191
1032,1993-12-16,11.149999618530273,10.899999618530273,0.0,10.899999618530273
1033,1993-12-17,11.670000076293945,11.079999923706055,0.0,11.079999923706055
1034,1993-12-20,11.109999656677246,10.75,0.0,10.75
1035,1993-12-21,10.529999732971191,10.079999923706055,0.0,10.079999923706055
1036,1993-12-22,10.029999732971191,9.3100004196167,0.0,9.3100004196167
1037,1993-12-23,9.5,9.479999542236328,0.0,9.479999542236328
1039,1993-12-27,9.5,9.699999809265137,0.0,9.699999809265137
1040,1993-12-28,9.8100004196167,9.819999694824219,0.0,9.819999694824219
1041,1993-12-29,10.109999656677246,10.460000038146973,0.0,10.460000038146973
1042,1993-12-30,10.319999694824219,10.6899995803833,0.0,10.6899995803833
1043,1993-12-31,10.59000015258789,11.65999984741211,0.0,11.65999984741211
1044,1994-01-03,11.279999732971191,12.569999694824219,0.0,12.569999694824219
1045,1994-01-04,12.869999885559082,11.90999984741211,0.0,11.90999984741211
1046,1994-01-05,11.470000267028809,10.9399995803833,0.0,10.9399995803833
1047,1994-01-06,11.470000267028809,11.270000457763672,0.0,11.270000457763672
1048,1994-01-07,11.470000267028809,10.960000038146973,0.0,10.960000038146973
1049,1994-01-10,10.640000343322754,10.739999771118164,0.0,10.739999771118164
1050,1994-01-11,12.039999961853027,11.289999961853027,0.0,11.289999961853027
1051,1994-01-12,12.210000038146973,11.649999618530273,0.0,11.649999618530273
1052,1994-01-13,12.75,12.079999923706055,0.0,12.079999923706055
1053,1994-01-14,11.140000343322754,11.149999618530273,0.0,11.149999618530273
1054,1994-01-17,11.989999771118164,11.880000114440918,0.0,11.880000114440918
1055,1994-01-18,11.699999809265137,11.630000114440918,0.0,11.630000114440918
1056,1994-01-19,11.739999771118164,11.760000228881836,0.0,11.760000228881836
1057,1994-01-20,11.8100004196167,11.15999984741211,0.0,11.15999984741211
1058,1994-01-21,10.899999618530273,11.09000015258789,0.0,11.09000015258789
1059,1994-01-24,11.59000015258789,11.600000381469727,0.0,11.600000381469727
1060,1994-01-25,10.9399995803833,11.380000114440918,0.0,11.380000114440918
1061,1994-01-26,11.760000228881836,11.170000076293945,0.0,11.170000076293945
1062,1994-01-27,10.6899995803833,10.300000190734863,0.0,10.300000190734863
1063,1994-01-28,9.859999656677246,9.9399995803833,0.0,9.9399995803833
1064,1994-01-31,10.010000228881836,10.630000114440918,0.0,10.630000114440918
1065,1994-02-01,10.8100004196167,10.649999618530273,0.0,10.649999618530273
1066,1994-02-02,10.539999961853027,10.609999656677246,0.0,10.609999656677246
1067,1994-02-03,10.630000114440918,10.75,0.0,10.75
1068,1994-02-04,10.710000038146973,15.25,0.0,15.25
1069,1994-02-07,15.25,13.960000038146973,0.0,13.960000038146973
1070,1994-02-08,12.489999771118164,13.65999984741211,0.0,13.65999984741211
1071,1994-02-09,12.90999984741211,13.300000190734863,0.0,13.300000190734863
1072,1994-02-10,12.6899995803833,14.239999771118164,0.0,14.239999771118164
1073,1994-02-11,15.180000305175781,14.460000038146973,0.0,14.460000038146973
1074,1994-02-14,14.25,14.279999732971191,0.0,14.279999732971191
1075,1994-02-15,14.149999618530273,13.399999618530273,0.0,13.399999618530273
1076,1994-02-16,13.119999885559082,13.130000114440918,0.0,13.130000114440918
1077,1994-02-17,12.75,13.789999961853027,0.0,13.789999961853027
1078,1994-02-18,13.970000267028809,14.699999809265137,0.0,14.699999809265137
1080,1994-02-22,14.949999809265137,13.520000457763672,0.0,13.520000457763672
1081,1994-02-23,13.520000457763672,13.90999984741211,0.0,13.90999984741211
1082,1994-02-24,15.539999961853027,15.960000038146973,0.0,15.960000038146973
1083,1994-02-25,15.010000228881836,14.800000190734863,0.0,14.800000190734863
1084,1994-02-28,15.010000228881836,14.869999885559082,0.0,14.869999885559082
1085,1994-03-01,12.579999923706055,15.829999923706055,0.0,15.829999923706055
1086,1994-03-02,17.81999969482422,16.079999923706055,0.0,16.079999923706055
1087,1994-03-03,15.989999771118164,16.360000610351562,0.0,16.360000610351562
1088,1994-03-04,15.649999618530273,16.0,0.0,16.0
1089,1994-03-07,12.199999809265137,14.260000228881836,0.0,14.260000228881836
1090,1994-03-08,16.06999969482422,16.229999542236328,0.0,16.229999542236328
1091,1994-03-09,14.680000305175781,14.40999984741211,0.0,14.40999984741211
1092,1994-03-10,16.079999923706055,16.549999237060547,0.0,16.549999237060547
1093,1994-03-11,14.770000457763672,14.869999885559082,0.0,14.869999885559082
1094,1994-03-14,16.520000457763672,16.610000610351562,0.0,16.610000610351562
1095,1994-03-15,14.489999771118164,14.779999732971191,0.0,14.779999732971191
1096,1994-03-16,15.350000381469727,14.510000228881836,0.0,14.510000228881836
1097,1994-03-17,13.229999542236328,12.760000228881836,0.0,12.760000228881836
1098,1994-03-18,13.739999771118164,13.319999694824219,0.0,13.319999694824219
1099,1994-03-21,14.5,14.34000015258789,0.0,14.34000015258789
1100,1994-03-22,13.9399995803833,13.390000343322754,0.0,13.390000343322754
1101,1994-03-23,11.880000114440918,12.3100004196167,0.0,12.3100004196167
1102,1994-03-24,12.220000267028809,13.430000305175781,0.0,13.430000305175781
1103,1994-03-25,13.399999618530273,13.670000076293945,0.0,13.670000076293945
1104,1994-03-28,15.6899995803833,14.899999618530273,0.0,14.899999618530273
1105,1994-03-29,13.65999984741211,16.489999771118164,0.0,16.489999771118164
1106,1994-03-30,17.110000610351562,18.59000015258789,0.0,18.59000015258789
1107,1994-03-31,18.5,20.450000762939453,0.0,20.450000762939453
1109,1994-04-04,23.610000610351562,23.8700008392334,0.0,23.8700008392334
1110,1994-04-05,21.6299991607666,18.1299991607666,0.0,18.1299991607666
1111,1994-04-06,16.84000015258789,17.3799991607666,0.0,17.3799991607666
1112,1994-04-07,17.920000076293945,16.979999542236328,0.0,16.979999542236328
1113,1994-04-08,16.5,16.920000076293945,0.0,16.920000076293945
1114,1994-04-11,16.5,16.610000610351562,0.0,16.610000610351562
1115,1994-04-12,16.5,16.420000076293945,0.0,16.420000076293945
1116,1994-04-13,15.970000267028809,17.020000457763672,0.0,17.020000457763672
1117,1994-04-14,17.1299991607666,16.270000457763672,0.0,16.270000457763672
1118,1994-04-15,15.539999961853027,15.979999542236328,0.0,15.979999542236328
1119,1994-04-18,16.079999923706055,17.219999313354492,0.0,17.219999313354492
1120,1994-04-19,16.690000534057617,16.93000030517578,0.0,16.93000030517578
1121,1994-04-20,16.799999237060547,17.010000228881836,0.0,17.010000228881836
1122,1994-04-21,16.43000030517578,14.930000305175781,0.0,14.930000305175781
1123,1994-04-22,14.15999984741211,14.9399995803833,0.0,14.9399995803833
1124,1994-04-25,15.1899995803833,14.260000228881836,0.0,14.260000228881836
1125,1994-04-26,14.1899995803833,13.800000190734863,0.0,13.800000190734863
1127,1994-04-28,13.229999542236328,14.510000228881836,0.0,14.510000228881836
1128,1994-04-29,13.050000190734863,13.770000457763672,0.0,13.770000457763672
1129,1994-05-02,14.420000076293945,14.109999656677246,0.0,14.109999656677246
1130,1994-05-03,13.029999732971191,13.8100004196167,0.0,13.8100004196167
1131,1994-05-04,13.770000457763672,14.289999961853027,0.0,14.289999961853027
1132,1994-05-05,13.619999885559082,14.5600004196167,0.0,14.5600004196167
1133,1994-05-06,15.109999656677246,15.079999923706055,0.0,15.079999923706055
1134,1994-05-09,16.399999618530273,16.15999984741211,0.0,16.15999984741211
1135,1994-05-10,15.869999885559082,15.1899995803833,0.0,15.1899995803833
1136,1994-05-11,14.930000305175781,15.550000190734863,0.0,15.550000190734863
1137,1994-05-12,15.010000228881836,15.460000038146973,0.0,15.460000038146973
1138,1994-05-13,15.550000190734863,14.539999961853027,0.0,14.539999961853027
1139,1994-05-16,14.850000381469727,14.670000076293945,0.0,14.670000076293945
1140,1994-05-17,14.670000076293945,14.079999923706055,0.0,14.079999923706055
1141,1994-05-18,13.100000381469727,12.550000190734863,0.0,12.550000190734863
1142,1994-05-19,12.09000015258789,12.329999923706055,0.0,12.329999923706055
1143,1994-05-20,11.890000343322754,12.789999961853027,0.0,12.789999961853027
1144,1994-05-23,13.260000228881836,13.489999771118164,0.0,13.489999771118164
1145,1994-05-24,12.59000015258789,12.729999542236328,0.0,12.729999542236328
1146,1994-05-25,13.010000228881836,12.430000305175781,0.0,12.430000305175781
1147,1994-05-26,12.460000038146973,12.5,0.0,12.5
1148,1994-05-27,12.84000015258789,12.489999771118164,0.0,12.489999771118164
1150,1994-05-31,13.390000343322754,13.029999732971191,0.0,13.029999732971191
1151,1994-06-01,13.15999984741211,12.720000267028809,0.0,12.720000267028809
1152,1994-06-02,12.770000457763672,12.729999542236328,0.0,12.729999542236328
1153,1994-06-03,13.279999732971191,12.1899995803833,0.0,12.1899995803833
1154,1994-06-06,11.779999732971191,13.029999732971191,0.0,13.029999732971191
1155,1994-06-07,13.350000381469727,13.050000190734863,0.0,13.050000190734863
1156,1994-06-08,12.8100004196167,13.319999694824219,0.0,13.319999694824219
1157,1994-06-09,13.270000457763672,13.210000038146973,0.0,13.210000038146973
1158,1994-06-10,13.039999961853027,12.6899995803833,0.0,12.6899995803833
1159,1994-06-13,12.34000015258789,11.920000076293945,0.0,11.920000076293945
1160,1994-06-14,11.619999885559082,11.600000381469727,0.0,11.600000381469727
1161,1994-06-15,11.359999656677246,11.520000457763672,0.0,11.520000457763672
1162,1994-06-16,11.359999656677246,11.220000267028809,0.0,11.220000267028809
1163,1994-06-17,10.520000457763672,12.3100004196167,0.0,12.3100004196167
1164,1994-06-20,13.770000457763672,13.960000038146973,0.0,13.960000038146973
1165,1994-06-21,13.699999809265137,14.699999809265137,0.0,14.699999809265137
1166,1994-06-22,14.75,14.020000457763672,0.0,14.020000457763672
1167,1994-06-23,13.3100004196167,14.119999885559082,0.0,14.119999885559082
1168,1994-06-24,15.350000381469727,16.719999313354492,0.0,16.719999313354492
1169,1994-06-27,17.360000610351562,15.529999732971191,0.0,15.529999732971191
1170,1994-06-28,13.390000343322754,15.039999961853027,0.0,15.039999961853027
1171,1994-06-29,14.630000114440918,14.420000076293945,0.0,14.420000076293945
1172,1994-06-30,13.920000076293945,14.970000267028809,0.0,14.970000267028809
1173,1994-07-01,14.890000343322754,14.359999656677246,0.0,14.359999656677246
1175,1994-07-05,14.84000015258789,14.920000076293945,0.0,14.920000076293945
1176,1994-07-06,15.119999885559082,14.699999809265137,0.0,14.699999809265137
1177,1994-07-07,13.239999771118164,14.010000228881836,0.0,14.010000228881836
1178,1994-07-08,14.880000114440918,13.260000228881836,0.0,13.260000228881836
1179,1994-07-11,13.300000190734863,13.829999923706055,0.0,13.829999923706055
1180,1994-07-12,13.899999618530273,13.399999618530273,0.0,13.399999618530273
1181,1994-07-13,12.9399995803833,12.420000076293945,0.0,12.420000076293945
1182,1994-07-14,12.6899995803833,11.640000343322754,0.0,11.640000343322754
1183,1994-07-15,11.130000114440918,11.279999732971191,0.0,11.279999732971191
1184,1994-07-18,11.489999771118164,11.4399995803833,0.0,11.4399995803833
1185,1994-07-19,11.489999771118164,11.649999618530273,0.0,11.649999618530273
1186,1994-07-20,11.510000228881836,11.699999809265137,0.0,11.699999809265137
1187,1994-07-21,12.489999771118164,11.649999618530273,0.0,11.649999618530273
1188,1994-07-22,10.960000038146973,11.220000267028809,0.0,11.220000267028809
1189,1994-07-25,11.869999885559082,11.460000038146973,0.0,11.460000038146973
1190,1994-07-26,11.779999732971191,11.65999984741211,0.0,11.65999984741211
1191,1994-07-27,11.930000305175781,11.930000305175781,0.0,11.930000305175781
1192,1994-07-28,11.989999771118164,12.029999732971191,0.0,12.029999732971191
1193,1994-07-29,11.229999542236328,11.130000114440918,0.0,11.130000114440918
1194,1994-08-01,11.710000038146973,11.170000076293945,0.0,11.170000076293945
1195,1994-08-02,10.90999984741211,11.270000457763672,0.0,11.270000457763672
1196,1994-08-03,11.420000076293945,11.350000381469727,0.0,11.350000381469727
1197,1994-08-04,11.5,12.180000305175781,0.0,12.180000305175781
1198,1994-08-05,12.850000381469727,12.34000015258789,0.0,12.34000015258789
1199,1994-08-08,11.710000038146973,12.40999984741211,0.0,12.40999984741211
1200,1994-08-09,11.119999885559082,12.539999961853027,0.0,12.539999961853027
1201,1994-08-10,12.609999656677246,11.90999984741211,0.0,11.90999984741211
1202,1994-08-11,11.550000190734863,12.130000114440918,0.0,12.130000114440918
1203,1994-08-12,11.979999542236328,11.09000015258789,0.0,11.09000015258789
1204,1994-08-15,11.920000076293945,12.0600004196167,0.0,12.0600004196167
1205,1994-08-16,11.720000267028809,11.390000343322754,0.0,11.390000343322754
1206,1994-08-17,11.170000076293945,11.539999961853027,0.0,11.539999961853027
1207,1994-08-18,11.760000228881836,12.069999694824219,0.0,12.069999694824219
1208,1994-08-19,12.710000038146973,12.829999923706055,0.0,12.829999923706055
1209,1994-08-22,12.869999885559082,12.619999885559082,0.0,12.619999885559082
1210,1994-08-23,11.779999732971191,11.75,0.0,11.75
1211,1994-08-24,12.029999732971191,11.569999694824219,0.0,11.569999694824219
1212,1994-08-25,11.619999885559082,12.020000457763672,0.0,12.020000457763672
1213,1994-08-26,11.15999984741211,12.1899995803833,0.0,12.1899995803833
1214,1994-08-29,12.8100004196167,11.819999694824219,0.0,11.819999694824219
1215,1994-08-30,11.729999542236328,11.229999542236328,0.0,11.229999542236328
1216,1994-08-31,11.180000305175781,11.970000267028809,0.0,11.970000267028809
1217,1994-09-01,12.170000076293945,11.859999656677246,0.0,11.859999656677246
1218,1994-09-02,11.210000038146973,11.399999618530273,0.0,11.399999618530273
1220,1994-09-06,11.5,11.6899995803833,0.0,11.6899995803833
1221,1994-09-07,11.829999923706055,11.8100004196167,0.0,11.8100004196167
1222,1994-09-08,12.010000228881836,11.859999656677246,0.0,11.859999656677246
1223,1994-09-09,11.619999885559082,13.119999885559082,0.0,13.119999885559082
1224,1994-09-12,13.470000267028809,14.010000228881836,0.0,14.010000228881836
1225,1994-09-13,12.960000038146973,13.770000457763672,0.0,13.770000457763672
1226,1994-09-14,13.949999809265137,13.09000015258789,0.0,13.09000015258789
1227,1994-09-15,11.869999885559082,11.880000114440918,0.0,11.880000114440918
1228,1994-09-16,12.0600004196167,12.800000190734863,0.0,12.800000190734863
1229,1994-09-19,12.890000343322754,13.0600004196167,0.0,13.0600004196167
1230,1994-09-20,13.350000381469727,14.449999809265137,0.0,14.449999809265137
1231,1994-09-21,13.649999618530273,14.489999771118164,0.0,14.489999771118164
1232,1994-09-22,13.5600004196167,13.890000343322754,0.0,13.890000343322754
1233,1994-09-23,13.789999961853027,14.529999732971191,0.0,14.529999732971191
1234,1994-09-26,14.9399995803833,14.5600004196167,0.0,14.5600004196167
1235,1994-09-27,14.899999618530273,14.130000114440918,0.0,14.130000114440918
1236,1994-09-28,13.619999885559082,13.25,0.0,13.25
1237,1994-09-29,13.550000190734863,13.970000267028809,0.0,13.970000267028809
1238,1994-09-30,13.329999923706055,14.279999732971191,0.0,14.279999732971191
1239,1994-10-03,15.6899995803833,15.4399995803833,0.0,15.4399995803833
1240,1994-10-04,14.079999923706055,16.65999984741211,0.0,16.65999984741211
1241,1994-10-05,16.260000228881836,15.920000076293945,0.0,15.920000076293945
1242,1994-10-06,15.649999618530273,16.239999771118164,0.0,16.239999771118164
1243,1994-10-07,15.3100004196167,14.920000076293945,0.0,14.920000076293945
1244,1994-10-10,14.260000228881836,14.720000267028809,0.0,14.720000267028809
1245,1994-10-11,13.930000305175781,13.550000190734863,0.0,13.550000190734863
1246,1994-10-12,13.65999984741211,14.510000228881836,0.0,14.510000228881836
1247,1994-10-13,12.75,14.899999618530273,0.0,14.899999618530273
1248,1994-10-14,14.329999923706055,13.319999694824219,0.0,13.319999694824219
1249,1994-10-17,14.25,14.760000228881836,0.0,14.760000228881836
1250,1994-10-18,14.399999618530273,14.59000015258789,0.0,14.59000015258789
1251,1994-10-19,13.90999984741211,15.130000114440918,0.0,15.130000114440918
1252,1994-10-20,15.5,15.989999771118164,0.0,15.989999771118164
1253,1994-10-21,16.139999389648438,15.90999984741211,0.0,15.90999984741211
1254,1994-10-24,15.970000267028809,16.969999313354492,0.0,16.969999313354492
1255,1994-10-25,17.18000030517578,16.1299991607666,0.0,16.1299991607666
1256,1994-10-26,15.699999809265137,15.699999809265137,0.0,15.699999809265137
1257,1994-10-27,15.199999809265137,15.670000076293945,0.0,15.670000076293945
1258,1994-10-28,15.109999656677246,14.5600004196167,0.0,14.5600004196167
1259,1994-10-31,14.729999542236328,14.5600004196167,0.0,14.5600004196167
1260,1994-11-01,14.609999656677246,14.84000015258789,0.0,14.84000015258789
1261,1994-11-02,15.279999732971191,15.34000015258789,0.0,15.34000015258789
1262,1994-11-03,14.319999694824219,15.579999923706055,0.0,15.579999923706055
1263,1994-11-04,14.989999771118164,16.75,0.0,16.75
1264,1994-11-07,16.8799991607666,17.3700008392334,0.0,17.3700008392334
1265,1994-11-08,15.569999694824219,16.299999237060547,0.0,16.299999237060547
1266,1994-11-09,15.949999809265137,16.420000076293945,0.0,16.420000076293945
1267,1994-11-10,16.110000610351562,16.0,0.0,16.0
1268,1994-11-11,15.069999694824219,16.5,0.0,16.5
1269,1994-11-14,16.959999084472656,16.68000030517578,0.0,16.68000030517578
1270,1994-11-15,14.75,16.65999984741211,0.0,16.65999984741211
1271,1994-11-16,15.729999542236328,15.5600004196167,0.0,15.5600004196167
1272,1994-11-17,15.020000457763672,15.90999984741211,0.0,15.90999984741211
1273,1994-11-18,15.770000457763672,16.0,0.0,16.0
1274,1994-11-21,15.470000267028809,16.1299991607666,0.0,16.1299991607666
1275,1994-11-22,16.56999969482422,17.239999771118164,0.0,17.239999771118164
1276,1994-11-23,18.270000457763672,18.40999984741211,0.0,18.40999984741211
1278,1994-11-25,17.639999389648438,17.440000534057617,0.0,17.440000534057617
1279,1994-11-28,17.09000015258789,16.829999923706055,0.0,16.829999923706055
1280,1994-11-29,16.010000228881836,16.149999618530273,0.0,16.149999618530273
1281,1994-11-30,15.989999771118164,15.949999809265137,0.0,15.949999809265137
1282,1994-12-01,15.489999771118164,16.690000534057617,0.0,16.690000534057617
1283,1994-12-02,16.110000610351562,16.549999237060547,0.0,16.549999237060547
1284,1994-12-05,15.880000114440918,16.100000381469727,0.0,16.100000381469727
1285,1994-12-06,15.800000190734863,16.049999237060547,0.0,16.049999237060547
1286,1994-12-07,16.610000610351562,16.280000686645508,0.0,16.280000686645508
1287,1994-12-08,16.1299991607666,18.149999618530273,0.0,18.149999618530273
1288,1994-12-09,17.0,16.040000915527344,0.0,16.040000915527344
1289,1994-12-12,17.440000534057617,15.460000038146973,0.0,15.460000038146973
1290,1994-12-13,15.039999961853027,14.479999542236328,0.0,14.479999542236328
1291,1994-12-14,15.09000015258789,13.029999732971191,0.0,13.029999732971191
1292,1994-12-15,13.789999961853027,12.869999885559082,0.0,12.869999885559082
1293,1994-12-16,12.869999885559082,12.789999961853027,0.0,12.789999961853027
1294,1994-12-19,13.020000457763672,13.020000457763672,0.0,13.020000457763672
1295,1994-12-20,12.9399995803833,12.979999542236328,0.0,12.979999542236328
1296,1994-12-21,12.899999618530273,12.050000190734863,0.0,12.050000190734863
1297,1994-12-22,12.170000076293945,12.420000076293945,0.0,12.420000076293945
1298,1994-12-23,11.960000038146973,11.819999694824219,0.0,11.819999694824219
1300,1994-12-27,11.829999923706055,12.069999694824219,0.0,12.069999694824219
1301,1994-12-28,11.399999618530273,12.8100004196167,0.0,12.8100004196167
1302,1994-12-29,12.869999885559082,12.859999656677246,0.0,12.859999656677246
1303,1994-12-30,12.479999542236328,13.199999809265137,0.0,13.199999809265137
1305,1995-01-03,14.09000015258789,14.25,0.0,14.25
1306,1995-01-04,13.869999885559082,13.529999732971191,0.0,13.529999732971191
1307,1995-01-05,13.699999809265137,13.5,0.0,13.5
1308,1995-01-06,13.670000076293945,13.130000114440918,0.0,13.130000114440918
1309,1995-01-09,13.529999732971191,13.329999923706055,0.0,13.329999923706055
1310,1995-01-10,12.489999771118164,12.520000457763672,0.0,12.520000457763672
1311,1995-01-11,12.029999732971191,12.149999618530273,0.0,12.149999618530273
1312,1995-01-12,12.739999771118164,12.829999923706055,0.0,12.829999923706055
1313,1995-01-13,11.460000038146973,11.100000381469727,0.0,11.100000381469727
1314,1995-01-16,11.449999809265137,11.140000343322754,0.0,11.140000343322754
1315,1995-01-17,12.449999809265137,11.789999961853027,0.0,11.789999961853027
1316,1995-01-18,11.239999771118164,11.569999694824219,0.0,11.569999694824219
1317,1995-01-19,12.079999923706055,11.859999656677246,0.0,11.859999656677246
1318,1995-01-20,12.079999923706055,12.149999618530273,0.0,12.149999618530273
1319,1995-01-23,13.890000343322754,12.789999961853027,0.0,12.789999961853027
1320,1995-01-24,12.130000114440918,11.9399995803833,0.0,11.9399995803833
1321,1995-01-25,11.9399995803833,11.460000038146973,0.0,11.460000038146973
1322,1995-01-26,10.899999618530273,11.25,0.0,11.25
1323,1995-01-27,10.770000457763672,11.25,0.0,11.25
1324,1995-01-30,11.630000114440918,12.260000228881836,0.0,12.260000228881836
1325,1995-01-31,12.119999885559082,11.960000038146973,0.0,11.960000038146973
1326,1995-02-01,11.739999771118164,11.729999542236328,0.0,11.729999542236328
1327,1995-02-02,11.59000015258789,11.130000114440918,0.0,11.130000114440918
1328,1995-02-03,10.5600004196167,10.979999542236328,0.0,10.979999542236328
1329,1995-02-06,11.239999771118164,11.220000267028809,0.0,11.220000267028809
1330,1995-02-07,11.010000228881836,11.170000076293945,0.0,11.170000076293945
1331,1995-02-08,11.289999961853027,11.420000076293945,0.0,11.420000076293945
1332,1995-02-09,11.420000076293945,11.630000114440918,0.0,11.630000114440918
1333,1995-02-10,11.5,11.279999732971191,0.0,11.279999732971191
1334,1995-02-13,11.739999771118164,11.40999984741211,0.0,11.40999984741211
1335,1995-02-14,11.350000381469727,11.430000305175781,0.0,11.430000305175781
1336,1995-02-15,11.489999771118164,11.520000457763672,0.0,11.520000457763672
1337,1995-02-16,11.619999885559082,11.609999656677246,0.0,11.609999656677246
1338,1995-02-17,11.4399995803833,11.710000038146973,0.0,11.710000038146973
1340,1995-02-21,12.050000190734863,12.050000190734863,0.0,12.050000190734863
1341,1995-02-22,11.029999732971191,11.390000343322754,0.0,11.390000343322754
1342,1995-02-23,10.800000190734863,11.149999618530273,0.0,11.149999618530273
1343,1995-02-24,10.949999809265137,10.84000015258789,0.0,10.84000015258789
1344,1995-02-27,10.930000305175781,12.510000228881836,0.0,12.510000228881836
1345,1995-02-28,12.329999923706055,11.75,0.0,11.75
1346,1995-03-01,11.489999771118164,11.649999618530273,0.0,11.649999618530273
1347,1995-03-02,11.65999984741211,12.020000457763672,0.0,12.020000457763672
1348,1995-03-03,11.479999542236328,11.449999809265137,0.0,11.449999809265137
1349,1995-03-06,12.1899995803833,12.170000076293945,0.0,12.170000076293945
1350,1995-03-07,12.390000343322754,14.220000267028809,0.0,14.220000267028809
1351,1995-03-08,13.210000038146973,13.720000267028809,0.0,13.720000267028809
1352,1995-03-09,13.09000015258789,13.359999656677246,0.0,13.359999656677246
1353,1995-03-10,13.270000457763672,12.380000114440918,0.0,12.380000114440918
1354,1995-03-13,12.109999656677246,12.149999618530273,0.0,12.149999618530273
1355,1995-03-14,11.680000305175781,12.100000381469727,0.0,12.100000381469727
1356,1995-03-15,12.270000457763672,12.420000076293945,0.0,12.420000076293945
1357,1995-03-16,12.270000457763672,11.949999809265137,0.0,11.949999809265137
1358,1995-03-17,12.050000190734863,11.800000190734863,0.0,11.800000190734863
1359,1995-03-20,11.880000114440918,11.34000015258789,0.0,11.34000015258789
1360,1995-03-21,11.350000381469727,11.529999732971191,0.0,11.529999732971191
1361,1995-03-22,11.359999656677246,11.289999961853027,0.0,11.289999961853027
1362,1995-03-23,11.390000343322754,11.430000305175781,0.0,11.430000305175781
1363,1995-03-24,11.229999542236328,11.1899995803833,0.0,11.1899995803833
1364,1995-03-27,11.970000267028809,11.829999923706055,0.0,11.829999923706055
1365,1995-03-28,11.510000228881836,11.329999923706055,0.0,11.329999923706055
1366,1995-03-29,11.680000305175781,12.510000228881836,0.0,12.510000228881836
1367,1995-03-30,12.59000015258789,12.619999885559082,0.0,12.619999885559082
1368,1995-03-31,13.600000381469727,13.369999885559082,0.0,13.369999885559082
1369,1995-04-03,12.520000457763672,13.5,0.0,13.5
1370,1995-04-04,12.239999771118164,12.619999885559082,0.0,12.619999885559082
1371,1995-04-05,12.979999542236328,12.960000038146973,0.0,12.960000038146973
1372,1995-04-06,11.720000267028809,12.8100004196167,0.0,12.8100004196167
1373,1995-04-07,13.140000343322754,12.850000381469727,0.0,12.850000381469727
1374,1995-04-10,13.300000190734863,12.789999961853027,0.0,12.789999961853027
1375,1995-04-11,12.59000015258789,12.729999542236328,0.0,12.729999542236328
1376,1995-04-12,12.289999961853027,12.039999961853027,0.0,12.039999961853027
1377,1995-04-13,11.220000267028809,11.479999542236328,0.0,11.479999542236328
1379,1995-04-17,11.489999771118164,12.329999923706055,0.0,12.329999923706055
1380,1995-04-18,12.210000038146973,12.960000038146973,0.0,12.960000038146973
1381,1995-04-19,13.109999656677246,13.09000015258789,0.0,13.09000015258789
1382,1995-04-20,12.15999984741211,12.100000381469727,0.0,12.100000381469727
1383,1995-04-21,11.210000038146973,11.859999656677246,0.0,11.859999656677246
1384,1995-04-24,11.779999732971191,11.920000076293945,0.0,11.920000076293945
1385,1995-04-25,11.930000305175781,12.40999984741211,0.0,12.40999984741211
1386,1995-04-26,12.779999732971191,12.279999732971191,0.0,12.279999732971191
1387,1995-04-27,11.8100004196167,11.930000305175781,0.0,11.930000305175781
1388,1995-04-28,11.539999961853027,11.75,0.0,11.75
1389,1995-05-01,11.210000038146973,12.140000343322754,0.0,12.140000343322754
1390,1995-05-02,12.180000305175781,11.880000114440918,0.0,11.880000114440918
1391,1995-05-03,11.800000190734863,11.6899995803833,0.0,11.6899995803833
1392,1995-05-04,11.460000038146973,12.640000343322754,0.0,12.640000343322754
1393,1995-05-05,11.90999984741211,12.0600004196167,0.0,12.0600004196167
1394,1995-05-08,11.369999885559082,12.220000267028809,0.0,12.220000267028809
1395,1995-05-09,12.260000228881836,12.75,0.0,12.75
1396,1995-05-10,12.9399995803833,13.079999923706055,0.0,13.079999923706055
1397,1995-05-11,13.289999961853027,12.979999542236328,0.0,12.979999542236328
1398,1995-05-12,11.199999809265137,11.84000015258789,0.0,11.84000015258789
1399,1995-05-15,12.09000015258789,12.380000114440918,0.0,12.380000114440918
1400,1995-05-16,12.130000114440918,12.199999809265137,0.0,12.199999809265137
1401,1995-05-17,12.279999732971191,12.359999656677246,0.0,12.359999656677246
1402,1995-05-18,11.890000343322754,13.130000114440918,0.0,13.130000114440918
1403,1995-05-19,12.729999542236328,12.8100004196167,0.0,12.8100004196167
1404,1995-05-22,12.220000267028809,11.680000305175781,0.0,11.680000305175781
1405,1995-05-23,11.140000343322754,11.550000190734863,0.0,11.550000190734863
1406,1995-05-24,10.289999961853027,11.260000228881836,0.0,11.260000228881836
1407,1995-05-25,11.760000228881836,11.630000114440918,0.0,11.630000114440918
1408,1995-05-26,11.630000114440918,12.199999809265137,0.0,12.199999809265137
1410,1995-05-30,12.130000114440918,12.520000457763672,0.0,12.520000457763672
1411,1995-05-31,12.489999771118164,12.850000381469727,0.0,12.850000381469727
1412,1995-06-01,12.15999984741211,12.210000038146973,0.0,12.210000038146973
1413,1995-06-02,12.770000457763672,12.979999542236328,0.0,12.979999542236328
1414,1995-06-05,13.5,13.449999809265137,0.0,13.449999809265137
1415,1995-06-06,12.960000038146973,13.0,0.0,13.0
1416,1995-06-07,13.220000267028809,12.84000015258789,0.0,12.84000015258789
1417,1995-06-08,13.010000228881836,12.890000343322754,0.0,12.890000343322754
1418,1995-06-09,12.619999885559082,12.760000228881836,0.0,12.760000228881836
1419,1995-06-12,12.0,11.90999984741211,0.0,11.90999984741211
1420,1995-06-13,11.350000381469727,11.289999961853027,0.0,11.289999961853027
1421,1995-06-14,12.15999984741211,11.289999961853027,0.0,11.289999961853027
1422,1995-06-15,11.720000267028809,11.229999542236328,0.0,11.229999542236328
1423,1995-06-16,10.359999656677246,10.75,0.0,10.75
1424,1995-06-19,10.600000381469727,11.210000038146973,0.0,11.210000038146973
1425,1995-06-20,11.260000228881836,11.15999984741211,0.0,11.15999984741211
1426,1995-06-21,11.520000457763672,11.319999694824219,0.0,11.319999694824219
1427,1995-06-22,10.920000076293945,11.4399995803833,0.0,11.4399995803833
1428,1995-06-23,11.430000305175781,11.119999885559082,0.0,11.119999885559082
1429,1995-06-26,10.979999542236328,11.800000190734863,0.0,11.800000190734863
1430,1995-06-27,11.850000381469727,12.369999885559082,0.0,12.369999885559082
1431,1995-06-28,12.300000190734863,11.739999771118164,0.0,11.739999771118164
1432,1995-06-29,11.59000015258789,11.59000015258789,0.0,11.59000015258789
1433,1995-06-30,11.069999694824219,11.380000114440918,0.0,11.380000114440918
1434,1995-07-03,11.359999656677246,11.569999694824219,0.0,11.569999694824219
1436,1995-07-05,11.859999656677246,12.100000381469727,0.0,12.100000381469727
1437,1995-07-06,12.350000381469727,11.520000457763672,0.0,11.520000457763672
1438,1995-07-07,11.760000228881836,11.770000457763672,0.0,11.770000457763672
1439,1995-07-10,11.1899995803833,12.1899995803833,0.0,12.1899995803833
1440,1995-07-11,11.970000267028809,12.25,0.0,12.25
1441,1995-07-12,12.25,12.3100004196167,0.0,12.3100004196167
1442,1995-07-13,11.130000114440918,12.5600004196167,0.0,12.5600004196167
1443,1995-07-14,12.729999542236328,12.079999923706055,0.0,12.079999923706055
1444,1995-07-17,12.350000381469727,12.260000228881836,0.0,12.260000228881836
1445,1995-07-18,12.550000190734863,12.680000305175781,0.0,12.680000305175781
1446,1995-07-19,13.479999542236328,13.489999771118164,0.0,13.489999771118164
1447,1995-07-20,13.460000038146973,12.779999732971191,0.0,12.779999732971191
1448,1995-07-21,11.9399995803833,12.369999885559082,0.0,12.369999885559082
1449,1995-07-24,12.640000343322754,12.550000190734863,0.0,12.550000190734863
1450,1995-07-25,12.729999542236328,12.770000457763672,0.0,12.770000457763672
1451,1995-07-26,12.850000381469727,13.180000305175781,0.0,13.180000305175781
1452,1995-07-27,13.34000015258789,13.180000305175781,0.0,13.180000305175781
1453,1995-07-28,13.050000190734863,13.180000305175781,0.0,13.180000305175781
1454,1995-07-31,13.220000267028809,13.489999771118164,0.0,13.489999771118164
1455,1995-08-01,13.4399995803833,13.5600004196167,0.0,13.5600004196167
1456,1995-08-02,13.279999732971191,13.65999984741211,0.0,13.65999984741211
1457,1995-08-03,14.460000038146973,13.779999732971191,0.0,13.779999732971191
1458,1995-08-04,12.899999618530273,13.210000038146973,0.0,13.210000038146973
1459,1995-08-07,13.619999885559082,13.100000381469727,0.0,13.100000381469727
1460,1995-08-08,13.25,13.0600004196167,0.0,13.0600004196167
1461,1995-08-09,12.779999732971191,12.75,0.0,12.75
1462,1995-08-10,12.869999885559082,13.0,0.0,13.0
1463,1995-08-11,12.449999809265137,12.899999618530273,0.0,12.899999618530273
1464,1995-08-14,12.6899995803833,13.239999771118164,0.0,13.239999771118164
1465,1995-08-15,12.3100004196167,12.350000381469727,0.0,12.350000381469727
1466,1995-08-16,11.600000381469727,12.449999809265137,0.0,12.449999809265137
1467,1995-08-17,12.170000076293945,12.130000114440918,0.0,12.130000114440918
1468,1995-08-18,11.470000267028809,12.029999732971191,0.0,12.029999732971191
1469,1995-08-21,12.079999923706055,13.420000076293945,0.0,13.420000076293945
1470,1995-08-22,12.539999961853027,12.600000381469727,0.0,12.600000381469727
1471,1995-08-23,11.819999694824219,13.170000076293945,0.0,13.170000076293945
1472,1995-08-24,13.3100004196167,12.9399995803833,0.0,12.9399995803833
1473,1995-08-25,12.229999542236328,12.329999923706055,0.0,12.329999923706055
1474,1995-08-28,12.149999618530273,12.479999542236328,0.0,12.479999542236328
1475,1995-08-29,11.680000305175781,12.649999618530273,0.0,12.649999618530273
1476,1995-08-30,11.770000457763672,12.029999732971191,0.0,12.029999732971191
1477,1995-08-31,11.609999656677246,11.520000457763672,0.0,11.520000457763672
1478,1995-09-01,11.149999618530273,11.289999961853027,0.0,11.289999961853027
1480,1995-09-05,11.4399995803833,11.649999618530273,0.0,11.649999618530273
1481,1995-09-06,10.3100004196167,11.649999618530273,0.0,11.649999618530273
1482,1995-09-07,10.649999618530273,11.850000381469727,0.0,11.850000381469727
1483,1995-09-08,11.010000228881836,11.15999984741211,0.0,11.15999984741211
1484,1995-09-11,11.789999961853027,11.510000228881836,0.0,11.510000228881836
1485,1995-09-12,11.670000076293945,11.460000038146973,0.0,11.460000038146973
1486,1995-09-13,11.65999984741211,11.350000381469727,0.0,11.350000381469727
1487,1995-09-14,11.289999961853027,11.100000381469727,0.0,11.100000381469727
1488,1995-09-15,11.130000114440918,11.579999923706055,0.0,11.579999923706055
1489,1995-09-18,12.380000114440918,12.34000015258789,0.0,12.34000015258789
1490,1995-09-19,12.5,12.670000076293945,0.0,12.670000076293945
1491,1995-09-20,12.75,12.350000381469727,0.0,12.350000381469727
1492,1995-09-21,11.949999809265137,12.5,0.0,12.5
1493,1995-09-22,12.789999961853027,12.460000038146973,0.0,12.460000038146973
1494,1995-09-25,12.329999923706055,13.220000267028809,0.0,13.220000267028809
1495,1995-09-26,12.210000038146973,12.899999618530273,0.0,12.899999618530273
1496,1995-09-27,12.729999542236328,12.899999618530273,0.0,12.899999618530273
1497,1995-09-28,11.720000267028809,12.460000038146973,0.0,12.460000038146973
1498,1995-09-29,12.199999809265137,12.739999771118164,0.0,12.739999771118164
1499,1995-10-02,12.399999618530273,13.949999809265137,0.0,13.949999809265137
1500,1995-10-03,14.520000457763672,14.5,0.0,14.5
1501,1995-10-04,13.3100004196167,14.859999656677246,0.0,14.859999656677246
1502,1995-10-05,14.149999618530273,15.739999771118164,0.0,15.739999771118164
1503,1995-10-06,13.449999809265137,13.979999542236328,0.0,13.979999542236328
1504,1995-10-09,14.609999656677246,14.850000381469727,0.0,14.850000381469727
1505,1995-10-10,14.970000267028809,14.970000267028809,0.0,14.970000267028809
1506,1995-10-11,14.739999771118164,14.569999694824219,0.0,14.569999694824219
1507,1995-10-12,14.34000015258789,14.239999771118164,0.0,14.239999771118164
1508,1995-10-13,13.949999809265137,13.670000076293945,0.0,13.670000076293945
1509,1995-10-16,15.039999961853027,14.619999885559082,0.0,14.619999885559082
1510,1995-10-17,14.630000114440918,14.029999732971191,0.0,14.029999732971191
1511,1995-10-18,12.569999694824219,14.050000190734863,0.0,14.050000190734863
1512,1995-10-19,14.380000114440918,13.550000190734863,0.0,13.550000190734863
1513,1995-10-20,13.460000038146973,13.460000038146973,0.0,13.460000038146973
1514,1995-10-23,14.630000114440918,14.170000076293945,0.0,14.170000076293945
1515,1995-10-24,14.010000228881836,13.850000381469727,0.0,13.850000381469727
1516,1995-10-25,13.40999984741211,14.489999771118164,0.0,14.489999771118164
1517,1995-10-26,14.470000267028809,15.59000015258789,0.0,15.59000015258789
1518,1995-10-27,15.789999961853027,14.630000114440918,0.0,14.630000114440918
1519,1995-10-30,14.479999542236328,14.260000228881836,0.0,14.260000228881836
1520,1995-10-31,13.899999618530273,13.829999923706055,0.0,13.829999923706055
1521,1995-11-01,13.979999542236328,13.40999984741211,0.0,13.40999984741211
1522,1995-11-02,13.369999885559082,13.1899995803833,0.0,13.1899995803833
1523,1995-11-03,12.119999885559082,12.260000228881836,0.0,12.260000228881836
1524,1995-11-06,13.09000015258789,12.739999771118164,0.0,12.739999771118164
1525,1995-11-07,12.920000076293945,13.050000190734863,0.0,13.050000190734863
1526,1995-11-08,12.850000381469727,12.15999984741211,0.0,12.15999984741211
1527,1995-11-09,12.350000381469727,12.460000038146973,0.0,12.460000038146973
1528,1995-11-10,12.619999885559082,12.970000267028809,0.0,12.970000267028809
1529,1995-11-13,13.520000457763672,13.199999809265137,0.0,13.199999809265137
1530,1995-11-14,13.770000457763672,13.380000114440918,0.0,13.380000114440918
1531,1995-11-15,13.4399995803833,12.949999809265137,0.0,12.949999809265137
1532,1995-11-16,12.880000114440918,12.569999694824219,0.0,12.569999694824219
1533,1995-11-17,12.609999656677246,12.489999771118164,0.0,12.489999771118164
1534,1995-11-20,12.75,12.369999885559082,0.0,12.369999885559082
1535,1995-11-21,11.890000343322754,11.739999771118164,0.0,11.739999771118164
1536,1995-11-22,11.90999984741211,11.8100004196167,0.0,11.8100004196167
1538,1995-11-24,11.90999984741211,11.869999885559082,0.0,11.869999885559082
1539,1995-11-27,10.569999694824219,12.430000305175781,0.0,12.430000305175781
1540,1995-11-28,11.9399995803833,11.569999694824219,0.0,11.569999694824219
1541,1995-11-29,11.0,11.649999618530273,0.0,11.649999618530273
1542,1995-11-30,10.899999618530273,11.579999923706055,0.0,11.579999923706055
1543,1995-12-01,11.119999885559082,11.109999656677246,0.0,11.109999656677246
1544,1995-12-04,11.119999885559082,10.65999984741211,0.0,10.65999984741211
1545,1995-12-05,11.119999885559082,11.649999618530273,0.0,11.649999618530273
1546,1995-12-06,10.84000015258789,12.699999809265137,0.0,12.699999809265137
1547,1995-12-07,12.5,12.739999771118164,0.0,12.739999771118164
1548,1995-12-08,12.5,11.119999885559082,0.0,11.119999885559082
1549,1995-12-11,12.140000343322754,11.0600004196167,0.0,11.0600004196167
1550,1995-12-12,10.380000114440918,10.630000114440918,0.0,10.630000114440918
1551,1995-12-13,11.510000228881836,10.359999656677246,0.0,10.359999656677246
1552,1995-12-14,10.670000076293945,11.069999694824219,0.0,11.069999694824219
1553,1995-12-15,11.220000267028809,11.4399995803833,0.0,11.4399995803833
1554,1995-12-18,11.220000267028809,14.550000190734863,0.0,14.550000190734863
1555,1995-12-19,15.420000076293945,13.15999984741211,0.0,13.15999984741211
1556,1995-12-20,11.84000015258789,12.199999809265137,0.0,12.199999809265137
1557,1995-12-21,13.010000228881836,10.770000457763672,0.0,10.770000457763672
1558,1995-12-22,11.289999961853027,11.510000228881836,0.0,11.510000228881836
1560,1995-12-26,11.720000267028809,11.489999771118164,0.0,11.489999771118164
1561,1995-12-27,11.239999771118164,11.979999542236328,0.0,11.979999542236328
1562,1995-12-28,11.90999984741211,12.25,0.0,12.25
1563,1995-12-29,12.59000015258789,12.520000457763672,0.0,12.520000457763672
1565,1996-01-02,13.390000343322754,12.1899995803833,0.0,12.1899995803833
1566,1996-01-03,11.529999732971191,12.100000381469727,0.0,12.100000381469727
1567,1996-01-04,11.239999771118164,13.779999732971191,0.0,13.779999732971191
1568,1996-01-05,14.020000457763672,13.579999923706055,0.0,13.579999923706055
1569,1996-01-08,13.220000267028809,13.109999656677246,0.0,13.109999656677246
1570,1996-01-09,13.039999961853027,15.210000038146973,0.0,15.210000038146973
1571,1996-01-10,16.549999237060547,16.399999618530273,0.0,16.399999618530273
1572,1996-01-11,15.760000228881836,14.6899995803833,0.0,14.6899995803833
1573,1996-01-12,14.279999732971191,14.229999542236328,0.0,14.229999542236328
1574,1996-01-15,14.119999885559082,14.989999771118164,0.0,14.989999771118164
1575,1996-01-16,14.619999885559082,14.09000015258789,0.0,14.09000015258789
1576,1996-01-17,14.0,14.25,0.0,14.25
1577,1996-01-18,13.720000267028809,13.579999923706055,0.0,13.579999923706055
1578,1996-01-19,13.550000190734863,12.699999809265137,0.0,12.699999809265137
1579,1996-01-22,12.880000114440918,13.34000015258789,0.0,13.34000015258789
1580,1996-01-23,13.5600004196167,13.5600004196167,0.0,13.5600004196167
1581,1996-01-24,12.920000076293945,12.539999961853027,0.0,12.539999961853027
1582,1996-01-25,12.3100004196167,12.9399995803833,0.0,12.9399995803833
1583,1996-01-26,12.640000343322754,12.0,0.0,12.0
1584,1996-01-29,12.069999694824219,12.1899995803833,0.0,12.1899995803833
1585,1996-01-30,11.449999809265137,12.420000076293945,0.0,12.420000076293945
1586,1996-01-31,12.369999885559082,12.529999732971191,0.0,12.529999732971191
1587,1996-02-01,11.4399995803833,12.649999618530273,0.0,12.649999618530273
1588,1996-02-02,12.510000228881836,13.229999542236328,0.0,13.229999542236328
1589,1996-02-05,13.789999961853027,13.460000038146973,0.0,13.460000038146973
1590,1996-02-06,13.989999771118164,14.59000015258789,0.0,14.59000015258789
1591,1996-02-07,14.289999961853027,14.109999656677246,0.0,14.109999656677246
1592,1996-02-08,13.960000038146973,13.890000343322754,0.0,13.890000343322754
1593,1996-02-09,14.270000457763672,14.630000114440918,0.0,14.630000114440918
1594,1996-02-12,14.529999732971191,14.6899995803833,0.0,14.6899995803833
1595,1996-02-13,14.6899995803833,14.9399995803833,0.0,14.9399995803833
1596,1996-02-14,15.020000457763672,15.59000015258789,0.0,15.59000015258789
1597,1996-02-15,15.699999809265137,16.1299991607666,0.0,16.1299991607666
1598,1996-02-16,14.930000305175781,15.369999885559082,0.0,15.369999885559082
1600,1996-02-20,16.229999542236328,16.799999237060547,0.0,16.799999237060547
1601,1996-02-21,15.529999732971191,14.470000267028809,0.0,14.470000267028809
1602,1996-02-22,14.140000343322754,14.5600004196167,0.0,14.5600004196167
1603,1996-02-23,14.930000305175781,14.779999732971191,0.0,14.779999732971191
1604,1996-02-26,15.470000267028809,16.3799991607666,0.0,16.3799991607666
1605,1996-02-27,16.510000228881836,16.6299991607666,0.0,16.6299991607666
1606,1996-02-28,15.510000228881836,16.719999313354492,0.0,16.719999313354492
1607,1996-02-29,16.8799991607666,17.040000915527344,0.0,17.040000915527344
1608,1996-03-01,17.1299991607666,16.719999313354492,0.0,16.719999313354492
1609,1996-03-04,16.780000686645508,16.670000076293945,0.0,16.670000076293945
1610,1996-03-05,16.639999389648438,16.100000381469727,0.0,16.100000381469727
1611,1996-03-06,16.030000686645508,16.559999465942383,0.0,16.559999465942383
1612,1996-03-07,16.850000381469727,16.489999771118164,0.0,16.489999771118164
1613,1996-03-08,18.860000610351562,20.700000762939453,0.0,20.700000762939453
1614,1996-03-11,17.34000015258789,19.399999618530273,0.0,19.399999618530273
1615,1996-03-12,18.3700008392334,19.09000015258789,0.0,19.09000015258789
1616,1996-03-13,18.520000457763672,18.1299991607666,0.0,18.1299991607666
1617,1996-03-14,17.790000915527344,16.93000030517578,0.0,16.93000030517578
1618,1996-03-15,15.149999618530273,16.540000915527344,0.0,16.540000915527344
1619,1996-03-18,16.5,17.309999465942383,0.0,17.309999465942383
1620,1996-03-19,16.93000030517578,18.350000381469727,0.0,18.350000381469727
1621,1996-03-20,18.299999237060547,18.65999984741211,0.0,18.65999984741211
1622,1996-03-21,18.360000610351562,17.739999771118164,0.0,17.739999771118164
1623,1996-03-22,17.40999984741211,17.049999237060547,0.0,17.049999237060547
1624,1996-03-25,17.1299991607666,17.84000015258789,0.0,17.84000015258789
1625,1996-03-26,18.229999542236328,17.799999237060547,0.0,17.799999237060547
1626,1996-03-27,17.309999465942383,17.889999389648438,0.0,17.889999389648438
1627,1996-03-28,17.799999237060547,18.15999984741211,0.0,18.15999984741211
1628,1996-03-29,18.25,18.8799991607666,0.0,18.8799991607666
1629,1996-04-01,18.420000076293945,17.899999618530273,0.0,17.899999618530273
1630,1996-04-02,16.979999542236328,16.450000762939453,0.0,16.450000762939453
1631,1996-04-03,16.360000610351562,16.329999923706055,0.0,16.329999923706055
1632,1996-04-04,16.149999618530273,16.18000030517578,0.0,16.18000030517578
1634,1996-04-08,18.149999618530273,18.719999313354492,0.0,18.719999313354492
1635,1996-04-09,16.959999084472656,17.31999969482422,0.0,17.31999969482422
1636,1996-04-10,17.790000915527344,20.219999313354492,0.0,20.219999313354492
1637,1996-04-11,19.40999984741211,19.649999618530273,0.0,19.649999618530273
1638,1996-04-12,18.690000534057617,17.3799991607666,0.0,17.3799991607666
1639,1996-04-15,17.540000915527344,16.829999923706055,0.0,16.829999923706055
1640,1996-04-16,16.510000228881836,16.450000762939453,0.0,16.450000762939453
1641,1996-04-17,16.5,17.06999969482422,0.0,17.06999969482422
1642,1996-04-18,16.690000534057617,16.40999984741211,0.0,16.40999984741211
1643,1996-04-19,14.5600004196167,15.119999885559082,0.0,15.119999885559082
1644,1996-04-22,14.760000228881836,15.380000114440918,0.0,15.380000114440918
1645,1996-04-23,14.949999809265137,15.010000228881836,0.0,15.010000228881836
1646,1996-04-24,14.010000228881836,14.90999984741211,0.0,14.90999984741211
1647,1996-04-25,14.6899995803833,14.720000267028809,0.0,14.720000267028809
1648,1996-04-26,14.5600004196167,14.75,0.0,14.75
1649,1996-04-29,15.539999961853027,15.449999809265137,0.0,15.449999809265137
1650,1996-04-30,15.75,15.829999923706055,0.0,15.829999923706055
1651,1996-05-01,15.890000343322754,16.06999969482422,0.0,16.06999969482422
1652,1996-05-02,16.75,18.6200008392334,0.0,18.6200008392334
1653,1996-05-03,16.610000610351562,16.700000762939453,0.0,16.700000762939453
1654,1996-05-06,16.889999389648438,16.920000076293945,0.0,16.920000076293945
1655,1996-05-07,16.6200008392334,16.8700008392334,0.0,16.8700008392334
1656,1996-05-08,17.200000762939453,15.779999732971191,0.0,15.779999732971191
1657,1996-05-09,15.479999542236328,16.989999771118164,0.0,16.989999771118164
1658,1996-05-10,16.200000762939453,15.609999656677246,0.0,15.609999656677246
1659,1996-05-13,16.260000228881836,15.15999984741211,0.0,15.15999984741211
1660,1996-05-14,15.010000228881836,14.899999618530273,0.0,14.899999618530273
1661,1996-05-15,14.569999694824219,15.59000015258789,0.0,15.59000015258789
1662,1996-05-16,16.010000228881836,15.710000038146973,0.0,15.710000038146973
1663,1996-05-17,14.739999771118164,15.130000114440918,0.0,15.130000114440918
1664,1996-05-20,15.050000190734863,15.800000190734863,0.0,15.800000190734863
1665,1996-05-21,15.65999984741211,16.0,0.0,16.0
1666,1996-05-22,16.0,15.5,0.0,15.5
1667,1996-05-23,15.789999961853027,16.170000076293945,0.0,16.170000076293945
1668,1996-05-24,15.579999923706055,15.539999961853027,0.0,15.539999961853027
1670,1996-05-28,16.100000381469727,16.920000076293945,0.0,16.920000076293945
1671,1996-05-29,16.969999313354492,17.149999618530273,0.0,17.149999618530273
1672,1996-05-30,17.059999465942383,16.020000457763672,0.0,16.020000457763672
1673,1996-05-31,15.739999771118164,16.06999969482422,0.0,16.06999969482422
1674,1996-06-03,16.799999237060547,16.860000610351562,0.0,16.860000610351562
1675,1996-06-04,16.350000381469727,16.18000030517578,0.0,16.18000030517578
1676,1996-06-05,16.040000915527344,16.040000915527344,0.0,16.040000915527344
1677,1996-06-06,16.34000015258789,16.84000015258789,0.0,16.84000015258789
1678,1996-06-07,17.670000076293945,16.100000381469727,0.0,16.100000381469727
1679,1996-06-10,16.56999969482422,16.780000686645508,0.0,16.780000686645508
1680,1996-06-11,16.3799991607666,16.68000030517578,0.0,16.68000030517578
1681,1996-06-12,16.469999313354492,17.0,0.0,17.0
1682,1996-06-13,16.81999969482422,17.1200008392334,0.0,17.1200008392334
1683,1996-06-14,17.100000381469727,18.639999389648438,0.0,18.639999389648438
1684,1996-06-17,17.270000457763672,17.459999084472656,0.0,17.459999084472656
1685,1996-06-18,16.690000534057617,17.450000762939453,0.0,17.450000762939453
1686,1996-06-19,17.549999237060547,17.540000915527344,0.0,17.540000915527344
1687,1996-06-20,17.079999923706055,16.969999313354492,0.0,16.969999313354492
1688,1996-06-21,14.899999618530273,15.800000190734863,0.0,15.800000190734863
1689,1996-06-24,16.079999923706055,15.90999984741211,0.0,15.90999984741211
1690,1996-06-25,15.5,15.430000305175781,0.0,15.430000305175781
1691,1996-06-26,15.069999694824219,15.229999542236328,0.0,15.229999542236328
1692,1996-06-27,15.079999923706055,14.1899995803833,0.0,14.1899995803833
1693,1996-06-28,13.920000076293945,13.680000305175781,0.0,13.680000305175781
1694,1996-07-01,13.829999923706055,13.779999732971191,0.0,13.779999732971191
1695,1996-07-02,13.930000305175781,14.1899995803833,0.0,14.1899995803833
1696,1996-07-03,13.880000114440918,14.210000038146973,0.0,14.210000038146973
1698,1996-07-05,16.25,16.09000015258789,0.0,16.09000015258789
1699,1996-07-08,16.68000030517578,16.420000076293945,0.0,16.420000076293945
1700,1996-07-09,16.020000457763672,15.489999771118164,0.0,15.489999771118164
1701,1996-07-10,16.059999465942383,15.510000228881836,0.0,15.510000228881836
1702,1996-07-11,15.8100004196167,17.809999465942383,0.0,17.809999465942383
1703,1996-07-12,16.989999771118164,17.09000015258789,0.0,17.09000015258789
1704,1996-07-15,17.139999389648438,20.110000610351562,0.0,20.110000610351562
1705,1996-07-16,20.280000686645508,20.100000381469727,0.0,20.100000381469727
1706,1996-07-17,19.3799991607666,19.219999313354492,0.0,19.219999313354492
1707,1996-07-18,18.780000686645508,17.93000030517578,0.0,17.93000030517578
1708,1996-07-19,16.739999771118164,17.260000228881836,0.0,17.260000228881836
1709,1996-07-22,19.299999237060547,20.40999984741211,0.0,20.40999984741211
1710,1996-07-23,19.299999237060547,21.549999237060547,0.0,21.549999237060547
1711,1996-07-24,23.899999618530273,21.440000534057617,0.0,21.440000534057617
1712,1996-07-25,19.59000015258789,19.389999389648438,0.0,19.389999389648438
1713,1996-07-26,18.690000534057617,17.450000762939453,0.0,17.450000762939453
1714,1996-07-29,18.559999465942383,20.09000015258789,0.0,20.09000015258789
1715,1996-07-30,19.829999923706055,20.530000686645508,0.0,20.530000686645508
1716,1996-07-31,19.8799991607666,19.459999084472656,0.0,19.459999084472656
1717,1996-08-01,19.389999389648438,18.760000228881836,0.0,18.760000228881836
1718,1996-08-02,16.3799991607666,16.190000534057617,0.0,16.190000534057617
1719,1996-08-05,17.1200008392334,17.360000610351562,0.0,17.360000610351562
1720,1996-08-06,17.75,16.93000030517578,0.0,16.93000030517578
1721,1996-08-07,16.8799991607666,16.239999771118164,0.0,16.239999771118164
1722,1996-08-08,16.280000686645508,16.040000915527344,0.0,16.040000915527344
1723,1996-08-09,16.010000228881836,15.770000457763672,0.0,15.770000457763672
1724,1996-08-12,16.139999389648438,15.569999694824219,0.0,15.569999694824219
1725,1996-08-13,16.290000915527344,16.40999984741211,0.0,16.40999984741211
1726,1996-08-14,16.530000686645508,15.960000038146973,0.0,15.960000038146973
1727,1996-08-15,16.09000015258789,15.460000038146973,0.0,15.460000038146973
1728,1996-08-16,15.0,14.8100004196167,0.0,14.8100004196167
1729,1996-08-19,15.270000457763672,15.270000457763672,0.0,15.270000457763672
1730,1996-08-20,15.1899995803833,14.729999542236328,0.0,14.729999542236328
1731,1996-08-21,14.90999984741211,14.520000457763672,0.0,14.520000457763672
1732,1996-08-22,13.899999618530273,13.710000038146973,0.0,13.710000038146973
1733,1996-08-23,13.710000038146973,14.180000305175781,0.0,14.180000305175781
1734,1996-08-26,14.739999771118164,15.380000114440918,0.0,15.380000114440918
1735,1996-08-27,14.569999694824219,15.109999656677246,0.0,15.109999656677246
1736,1996-08-28,14.880000114440918,15.100000381469727,0.0,15.100000381469727
1737,1996-08-29,15.430000305175781,16.219999313354492,0.0,16.219999313354492
1738,1996-08-30,16.09000015258789,17.010000228881836,0.0,17.010000228881836
1740,1996-09-03,19.780000686645508,18.469999313354492,0.0,18.469999313354492
1741,1996-09-04,18.610000610351562,18.639999389648438,0.0,18.639999389648438
1742,1996-09-05,19.06999969482422,20.510000228881836,0.0,20.510000228881836
1743,1996-09-06,18.149999618530273,17.100000381469727,0.0,17.100000381469727
1744,1996-09-09,17.100000381469727,16.360000610351562,0.0,16.360000610351562
1745,1996-09-10,16.420000076293945,16.25,0.0,16.25
1746,1996-09-11,16.559999465942383,16.059999465942383,0.0,16.059999465942383
1747,1996-09-12,15.359999656677246,15.970000267028809,0.0,15.970000267028809
1748,1996-09-13,15.510000228881836,15.199999809265137,0.0,15.199999809265137
1749,1996-09-16,15.399999618530273,15.430000305175781,0.0,15.430000305175781
1750,1996-09-17,15.859999656677246,15.739999771118164,0.0,15.739999771118164
1751,1996-09-18,16.270000457763672,15.859999656677246,0.0,15.859999656677246
1752,1996-09-19,16.09000015258789,16.030000686645508,0.0,16.030000686645508
1753,1996-09-20,14.569999694824219,15.649999618530273,0.0,15.649999618530273
1754,1996-09-23,16.329999923706055,16.459999084472656,0.0,16.459999084472656
1755,1996-09-24,16.549999237060547,16.450000762939453,0.0,16.450000762939453
1756,1996-09-25,15.859999656677246,16.219999313354492,0.0,16.219999313354492
1757,1996-09-26,16.1299991607666,16.110000610351562,0.0,16.110000610351562
1758,1996-09-27,16.56999969482422,16.100000381469727,0.0,16.100000381469727
1759,1996-09-30,16.329999923706055,16.950000762939453,0.0,16.950000762939453
1760,1996-10-01,16.899999618530273,17.049999237060547,0.0,17.049999237060547
1761,1996-10-02,16.920000076293945,16.780000686645508,0.0,16.780000686645508
1762,1996-10-03,16.729999542236328,16.770000457763672,0.0,16.770000457763672
1763,1996-10-04,15.460000038146973,14.800000190734863,0.0,14.800000190734863
1764,1996-10-07,15.0600004196167,15.109999656677246,0.0,15.109999656677246
1765,1996-10-08,15.350000381469727,15.579999923706055,0.0,15.579999923706055
1766,1996-10-09,15.65999984741211,16.09000015258789,0.0,16.09000015258789
1767,1996-10-10,16.329999923706055,16.260000228881836,0.0,16.260000228881836
1768,1996-10-11,15.5,15.069999694824219,0.0,15.069999694824219
1769,1996-10-14,14.770000457763672,15.130000114440918,0.0,15.130000114440918
1770,1996-10-15,14.819999694824219,15.829999923706055,0.0,15.829999923706055
1771,1996-10-16,15.819999694824219,15.600000381469727,0.0,15.600000381469727
1772,1996-10-17,15.25,15.40999984741211,0.0,15.40999984741211
1773,1996-10-18,15.520000457763672,15.079999923706055,0.0,15.079999923706055
1774,1996-10-21,15.529999732971191,15.979999542236328,0.0,15.979999542236328
1775,1996-10-22,16.290000915527344,16.399999618530273,0.0,16.399999618530273
1776,1996-10-23,16.65999984741211,16.450000762939453,0.0,16.450000762939453
1777,1996-10-24,16.170000076293945,16.889999389648438,0.0,16.889999389648438
1778,1996-10-25,17.09000015258789,17.290000915527344,0.0,17.290000915527344
1779,1996-10-28,17.270000457763672,18.34000015258789,0.0,18.34000015258789
1780,1996-10-29,18.440000534057617,18.280000686645508,0.0,18.280000686645508
1781,1996-10-30,18.170000076293945,18.479999542236328,0.0,18.479999542236328
1782,1996-10-31,18.139999389648438,18.110000610351562,0.0,18.110000610351562
1783,1996-11-01,17.290000915527344,17.889999389648438,0.0,17.889999389648438
1784,1996-11-04,18.329999923706055,18.040000915527344,0.0,18.040000915527344
1785,1996-11-05,17.31999969482422,17.649999618530273,0.0,17.649999618530273
1786,1996-11-06,16.739999771118164,16.969999313354492,0.0,16.969999313354492
1787,1996-11-07,16.84000015258789,17.209999084472656,0.0,17.209999084472656
1788,1996-11-08,16.520000457763672,15.779999732971191,0.0,15.779999732971191
1789,1996-11-11,14.729999542236328,14.039999961853027,0.0,14.039999961853027
1790,1996-11-12,15.890000343322754,15.359999656677246,0.0,15.359999656677246
1791,1996-11-13,14.9399995803833,14.890000343322754,0.0,14.890000343322754
1792,1996-11-14,14.619999885559082,13.789999961853027,0.0,13.789999961853027
1793,1996-11-15,13.609999656677246,14.359999656677246,0.0,14.359999656677246
1794,1996-11-18,14.710000038146973,15.119999885559082,0.0,15.119999885559082
1795,1996-11-19,15.039999961853027,15.229999542236328,0.0,15.229999542236328
1796,1996-11-20,15.390000343322754,15.9399995803833,0.0,15.9399995803833
1797,1996-11-21,16.079999923706055,15.770000457763672,0.0,15.770000457763672
1798,1996-11-22,15.0600004196167,14.920000076293945,0.0,14.920000076293945
1799,1996-11-25,15.470000267028809,15.90999984741211,0.0,15.90999984741211
1800,1996-11-26,16.670000076293945,16.969999313354492,0.0,16.969999313354492
1801,1996-11-27,17.0,16.959999084472656,0.0,16.959999084472656
1803,1996-11-29,16.760000228881836,17.139999389648438,0.0,17.139999389648438
1804,1996-12-02,18.65999984741211,17.93000030517578,0.0,17.93000030517578
1805,1996-12-03,17.700000762939453,18.68000030517578,0.0,18.68000030517578
1806,1996-12-04,18.760000228881836,17.93000030517578,0.0,17.93000030517578
1807,1996-12-05,17.59000015258789,18.139999389648438,0.0,18.139999389648438
1808,1996-12-06,20.360000610351562,18.81999969482422,0.0,18.81999969482422
1809,1996-12-09,18.5,17.75,0.0,17.75
1810,1996-12-10,17.360000610351562,17.8799991607666,0.0,17.8799991607666
1811,1996-12-11,18.610000610351562,19.68000030517578,0.0,19.68000030517578
1812,1996-12-12,18.690000534057617,20.450000762939453,0.0,20.450000762939453
1813,1996-12-13,20.850000381469727,21.09000015258789,0.0,21.09000015258789
1814,1996-12-16,21.040000915527344,21.989999771118164,0.0,21.989999771118164
1815,1996-12-17,21.989999771118164,20.770000457763672,0.0,20.770000457763672
1816,1996-12-18,20.06999969482422,19.420000076293945,0.0,19.420000076293945
1817,1996-12-19,18.940000534057617,18.770000457763672,0.0,18.770000457763672
1818,1996-12-20,16.84000015258789,18.850000381469727,0.0,18.850000381469727
1819,1996-12-23,19.270000457763672,19.5,0.0,19.5
1820,1996-12-24,19.219999313354492,18.68000030517578,0.0,18.68000030517578
1822,1996-12-26,18.329999923706055,18.59000015258789,0.0,18.59000015258789
1823,1996-12-27,18.670000076293945,19.1299991607666,0.0,19.1299991607666
1824,1996-12-30,19.700000762939453,19.510000228881836,0.0,19.510000228881836
1825,1996-12-31,19.860000610351562,20.920000076293945,0.0,20.920000076293945
1827,1997-01-02,21.540000915527344,21.139999389648438,0.0,21.139999389648438
1828,1997-01-03,19.81999969482422,19.1299991607666,0.0,19.1299991607666
1829,1997-01-06,19.84000015258789,19.889999389648438,0.0,19.889999389648438
1830,1997-01-07,20.459999084472656,19.350000381469727,0.0,19.350000381469727
1831,1997-01-08,18.600000381469727,20.239999771118164,0.0,20.239999771118164
1832,1997-01-09,19.989999771118164,20.90999984741211,0.0,20.90999984741211
1833,1997-01-10,20.75,19.6299991607666,0.0,19.6299991607666
1834,1997-01-13,19.469999313354492,19.84000015258789,0.0,19.84000015258789
1835,1997-01-14,20.100000381469727,19.270000457763672,0.0,19.270000457763672
1836,1997-01-15,19.389999389648438,19.399999618530273,0.0,19.399999618530273
1837,1997-01-16,19.59000015258789,19.610000610351562,0.0,19.610000610351562
1838,1997-01-17,19.780000686645508,18.6299991607666,0.0,18.6299991607666
1839,1997-01-20,19.18000030517578,18.600000381469727,0.0,18.600000381469727
1840,1997-01-21,18.690000534057617,17.809999465942383,0.0,17.809999465942383
1841,1997-01-22,18.020000457763672,17.09000015258789,0.0,17.09000015258789
1842,1997-01-23,16.670000076293945,18.469999313354492,0.0,18.469999313354492
1843,1997-01-24,18.450000762939453,19.329999923706055,0.0,19.329999923706055
1844,1997-01-27,20.170000076293945,20.15999984741211,0.0,20.15999984741211
1845,1997-01-28,19.959999084472656,20.739999771118164,0.0,20.739999771118164
1846,1997-01-29,20.600000381469727,20.229999542236328,0.0,20.229999542236328
1847,1997-01-30,19.809999465942383,19.469999313354492,0.0,19.469999313354492
1848,1997-01-31,19.469999313354492,19.469999313354492,0.0,19.469999313354492
1849,1997-02-03,19.889999389648438,19.579999923706055,0.0,19.579999923706055
1850,1997-02-04,19.59000015258789,19.43000030517578,0.0,19.43000030517578
1851,1997-02-05,19.549999237060547,21.059999465942383,0.0,21.059999465942383
1852,1997-02-06,20.579999923706055,20.15999984741211,0.0,20.15999984741211
1853,1997-02-07,18.81999969482422,18.899999618530273,0.0,18.899999618530273
1854,1997-02-10,19.649999618530273,20.649999618530273,0.0,20.649999618530273
1855,1997-02-11,20.309999465942383,19.969999313354492,0.0,19.969999313354492
1856,1997-02-12,19.56999969482422,19.479999542236328,0.0,19.479999542236328
1857,1997-02-13,19.299999237060547,19.229999542236328,0.0,19.229999542236328
1858,1997-02-14,19.209999084472656,19.18000030517578,0.0,19.18000030517578
1860,1997-02-18,19.760000228881836,19.700000762939453,0.0,19.700000762939453
1861,1997-02-19,19.940000534057617,20.610000610351562,0.0,20.610000610351562
1862,1997-02-20,20.93000030517578,21.40999984741211,0.0,21.40999984741211
1863,1997-02-21,21.290000915527344,20.549999237060547,0.0,20.549999237060547
1864,1997-02-24,20.940000534057617,19.84000015258789,0.0,19.84000015258789
1865,1997-02-25,20.110000610351562,19.979999542236328,0.0,19.979999542236328
1866,1997-02-26,19.399999618530273,20.739999771118164,0.0,20.739999771118164
1867,1997-02-27,20.43000030517578,21.079999923706055,0.0,21.079999923706055
1868,1997-02-28,21.549999237060547,21.100000381469727,0.0,21.100000381469727
1869,1997-03-03,21.889999389648438,20.889999389648438,0.0,20.889999389648438
1870,1997-03-04,20.75,20.6200008392334,0.0,20.6200008392334
1871,1997-03-05,20.010000228881836,19.489999771118164,0.0,19.489999771118164
1872,1997-03-06,19.479999542236328,20.479999542236328,0.0,20.479999542236328
1873,1997-03-07,19.520000457763672,19.31999969482422,0.0,19.31999969482422
1874,1997-03-10,20.139999389648438,19.0,0.0,19.0
1875,1997-03-11,19.239999771118164,19.25,0.0,19.25
1876,1997-03-12,18.719999313354492,19.610000610351562,0.0,19.610000610351562
1877,1997-03-13,19.31999969482422,19.790000915527344,0.0,19.790000915527344
1878,1997-03-14,19.860000610351562,19.809999465942383,0.0,19.809999465942383
1879,1997-03-17,21.18000030517578,20.950000762939453,0.0,20.950000762939453
1880,1997-03-18,20.850000381469727,21.260000228881836,0.0,21.260000228881836
1881,1997-03-19,21.68000030517578,21.739999771118164,0.0,21.739999771118164
1882,1997-03-20,21.520000457763672,21.219999313354492,0.0,21.219999313354492
1883,1997-03-21,17.540000915527344,19.690000534057617,0.0,19.690000534057617
1884,1997-03-24,20.0,20.059999465942383,0.0,20.059999465942383
1885,1997-03-25,19.75,19.260000228881836,0.0,19.260000228881836
1886,1997-03-26,18.600000381469727,18.31999969482422,0.0,18.31999969482422
1887,1997-03-27,17.3799991607666,20.5,0.0,20.5
1889,1997-03-31,21.540000915527344,22.139999389648438,0.0,22.139999389648438
1890,1997-04-01,22.850000381469727,20.84000015258789,0.0,20.84000015258789
1891,1997-04-02,21.290000915527344,21.299999237060547,0.0,21.299999237060547
1892,1997-04-03,21.239999771118164,21.190000534057617,0.0,21.190000534057617
1893,1997-04-04,20.700000762939453,19.229999542236328,0.0,19.229999542236328
1894,1997-04-07,19.239999771118164,18.510000228881836,0.0,18.510000228881836
1895,1997-04-08,18.649999618530273,18.440000534057617,0.0,18.440000534057617
1896,1997-04-09,18.09000015258789,18.559999465942383,0.0,18.559999465942383
1897,1997-04-10,18.6200008392334,19.010000228881836,0.0,19.010000228881836
1898,1997-04-11,19.510000228881836,19.760000228881836,0.0,19.760000228881836
1899,1997-04-14,19.81999969482422,19.09000015258789,0.0,19.09000015258789
1900,1997-04-15,19.020000457763672,18.25,0.0,18.25
1901,1997-04-16,18.43000030517578,17.639999389648438,0.0,17.639999389648438
1902,1997-04-17,18.3799991607666,18.709999084472656,0.0,18.709999084472656
1903,1997-04-18,18.139999389648438,18.75,0.0,18.75
1904,1997-04-21,19.219999313354492,20.100000381469727,0.0,20.100000381469727
1905,1997-04-22,19.8799991607666,19.520000457763672,0.0,19.520000457763672
1906,1997-04-23,19.84000015258789,20.479999542236328,0.0,20.479999542236328
1907,1997-04-24,20.260000228881836,20.829999923706055,0.0,20.829999923706055
1908,1997-04-25,21.25,21.149999618530273,0.0,21.149999618530273
1909,1997-04-28,22.209999084472656,21.34000015258789,0.0,21.34000015258789
1910,1997-04-29,20.639999389648438,19.809999465942383,0.0,19.809999465942383
1911,1997-04-30,20.0,20.059999465942383,0.0,20.059999465942383
1912,1997-05-01,20.18000030517578,19.8700008392334,0.0,19.8700008392334
1913,1997-05-02,18.8799991607666,17.510000228881836,0.0,17.510000228881836
1914,1997-05-05,18.489999771118164,20.1299991607666,0.0,20.1299991607666
1915,1997-05-06,21.3700008392334,20.850000381469727,0.0,20.850000381469727
1916,1997-05-07,21.190000534057617,21.34000015258789,0.0,21.34000015258789
1917,1997-05-08,21.399999618530273,21.260000228881836,0.0,21.260000228881836
1918,1997-05-09,21.489999771118164,20.110000610351562,0.0,20.110000610351562
1919,1997-05-12,20.440000534057617,20.25,0.0,20.25
1920,1997-05-13,20.530000686645508,20.809999465942383,0.0,20.809999465942383
1921,1997-05-14,20.479999542236328,21.09000015258789,0.0,21.09000015258789
1922,1997-05-15,21.139999389648438,19.90999984741211,0.0,19.90999984741211
1923,1997-05-16,18.729999542236328,21.56999969482422,0.0,21.56999969482422
1924,1997-05-19,21.8799991607666,21.479999542236328,0.0,21.479999542236328
1925,1997-05-20,21.489999771118164,19.260000228881836,0.0,19.260000228881836
1926,1997-05-21,19.190000534057617,19.280000686645508,0.0,19.280000686645508
1927,1997-05-22,19.010000228881836,18.770000457763672,0.0,18.770000457763672
1928,1997-05-23,18.459999084472656,18.079999923706055,0.0,18.079999923706055
1930,1997-05-27,19.260000228881836,19.360000610351562,0.0,19.360000610351562
1931,1997-05-28,19.389999389648438,19.280000686645508,0.0,19.280000686645508
1932,1997-05-29,19.100000381469727,19.020000457763672,0.0,19.020000457763672
1933,1997-05-30,19.479999542236328,19.190000534057617,0.0,19.190000534057617
1934,1997-06-02,21.079999923706055,20.850000381469727,0.0,20.850000381469727
1935,1997-06-03,19.90999984741211,20.010000228881836,0.0,20.010000228881836
1936,1997-06-04,19.989999771118164,20.100000381469727,0.0,20.100000381469727
1937,1997-06-05,20.190000534057617,20.360000610351562,0.0,20.360000610351562
1938,1997-06-06,19.440000534057617,18.940000534057617,0.0,18.940000534057617
1939,1997-06-09,19.65999984741211,19.459999084472656,0.0,19.459999084472656
1940,1997-06-10,19.280000686645508,19.040000915527344,0.0,19.040000915527344
1941,1997-06-11,18.959999084472656,18.850000381469727,0.0,18.850000381469727
1942,1997-06-12,18.700000762939453,18.510000228881836,0.0,18.510000228881836
1943,1997-06-13,19.299999237060547,19.270000457763672,0.0,19.270000457763672
1944,1997-06-16,19.770000457763672,19.770000457763672,0.0,19.770000457763672
1945,1997-06-17,20.65999984741211,20.170000076293945,0.0,20.170000076293945
1946,1997-06-18,20.3799991607666,20.450000762939453,0.0,20.450000762939453
1947,1997-06-19,20.18000030517578,20.100000381469727,0.0,20.100000381469727
1948,1997-06-20,20.239999771118164,20.200000762939453,0.0,20.200000762939453
1949,1997-06-23,20.700000762939453,21.190000534057617,0.0,21.190000534057617
1950,1997-06-24,20.729999542236328,20.739999771118164,0.0,20.739999771118164
1951,1997-06-25,21.010000228881836,21.5,0.0,21.5
1952,1997-06-26,21.75,21.81999969482422,0.0,21.81999969482422
1953,1997-06-27,21.260000228881836,21.219999313354492,0.0,21.219999313354492
1954,1997-06-30,21.469999313354492,21.530000686645508,0.0,21.530000686645508
1955,1997-07-01,21.540000915527344,21.0,0.0,21.0
1956,1997-07-02,20.739999771118164,19.700000762939453,0.0,19.700000762939453
1957,1997-07-03,18.459999084472656,17.81999969482422,0.0,17.81999969482422
1959,1997-07-07,18.709999084472656,19.1299991607666,0.0,19.1299991607666
1960,1997-07-08,19.079999923706055,18.760000228881836,0.0,18.760000228881836
1961,1997-07-09,18.579999923706055,20.399999618530273,0.0,20.399999618530273
1962,1997-07-10,19.889999389648438,19.920000076293945,0.0,19.920000076293945
1963,1997-07-11,19.290000915527344,19.059999465942383,0.0,19.059999465942383
1964,1997-07-14,19.020000457763672,19.579999923706055,0.0,19.579999923706055
1965,1997-07-15,19.510000228881836,19.0,0.0,19.0
1966,1997-07-16,19.799999237060547,19.360000610351562,0.0,19.360000610351562
1967,1997-07-17,19.969999313354492,20.540000915527344,0.0,20.540000915527344
1968,1997-07-18,21.010000228881836,22.280000686645508,0.0,22.280000686645508
1969,1997-07-21,23.549999237060547,23.510000228881836,0.0,23.510000228881836
1970,1997-07-22,23.110000610351562,21.770000457763672,0.0,21.770000457763672
1971,1997-07-23,21.309999465942383,21.299999237060547,0.0,21.299999237060547
1972,1997-07-24,21.56999969482422,20.959999084472656,0.0,20.959999084472656
1973,1997-07-25,20.639999389648438,20.81999969482422,0.0,20.81999969482422
1974,1997-07-28,20.56999969482422,21.84000015258789,0.0,21.84000015258789
1975,1997-07-29,22.280000686645508,22.020000457763672,0.0,22.020000457763672
1976,1997-07-30,21.950000762939453,21.389999389648438,0.0,21.389999389648438
1977,1997-07-31,21.34000015258789,21.479999542236328,0.0,21.479999542236328
1978,1997-08-01,21.290000915527344,22.290000915527344,0.0,22.290000915527344
1979,1997-08-04,23.0,21.940000534057617,0.0,21.940000534057617
1980,1997-08-05,21.780000686645508,20.639999389648438,0.0,20.639999389648438
1981,1997-08-06,20.8700008392334,20.049999237060547,0.0,20.049999237060547
1982,1997-08-07,19.540000915527344,19.770000457763672,0.0,19.770000457763672
1983,1997-08-08,21.3700008392334,22.459999084472656,0.0,22.459999084472656
1984,1997-08-11,22.860000610351562,22.770000457763672,0.0,22.770000457763672
1985,1997-08-12,22.1299991607666,23.75,0.0,23.75
1986,1997-08-13,23.579999923706055,24.520000457763672,0.0,24.520000457763672
1987,1997-08-14,23.700000762939453,23.110000610351562,0.0,23.110000610351562
1988,1997-08-15,23.200000762939453,24.450000762939453,0.0,24.450000762939453
1989,1997-08-18,26.110000610351562,24.3700008392334,0.0,24.3700008392334
1990,1997-08-19,23.309999465942383,22.639999389648438,0.0,22.639999389648438
1991,1997-08-20,22.56999969482422,21.09000015258789,0.0,21.09000015258789
1992,1997-08-21,21.350000381469727,23.829999923706055,0.0,23.829999923706055
1993,1997-08-22,25.299999237060547,24.739999771118164,0.0,24.739999771118164
1994,1997-08-25,24.459999084472656,24.100000381469727,0.0,24.100000381469727
1995,1997-08-26,24.399999618530273,24.729999542236328,0.0,24.729999542236328
1996,1997-08-27,25.059999465942383,24.260000228881836,0.0,24.260000228881836
1997,1997-08-28,24.790000915527344,24.510000228881836,0.0,24.510000228881836
1998,1997-08-29,24.520000457763672,24.760000228881836,0.0,24.760000228881836
2000,1997-09-02,25.850000381469727,24.530000686645508,0.0,24.530000686645508
2001,1997-09-03,24.40999984741211,24.950000762939453,0.0,24.950000762939453
2002,1997-09-04,25.010000228881836,25.270000457763672,0.0,25.270000457763672
2003,1997-09-05,24.170000076293945,24.309999465942383,0.0,24.309999465942383
2004,1997-09-08,24.5,24.399999618530273,0.0,24.399999618530273
2005,1997-09-09,24.760000228881836,23.889999389648438,0.0,23.889999389648438
2006,1997-09-10,24.200000762939453,24.639999389648438,0.0,24.639999389648438
2007,1997-09-11,25.530000686645508,25.989999771118164,0.0,25.989999771118164
2008,1997-09-12,25.600000381469727,25.170000076293945,0.0,25.170000076293945
2009,1997-09-15,25.770000457763672,25.739999771118164,0.0,25.739999771118164
2010,1997-09-16,24.770000457763672,23.770000457763672,0.0,23.770000457763672
2011,1997-09-17,23.8799991607666,24.100000381469727,0.0,24.100000381469727
2012,1997-09-18,23.760000228881836,23.479999542236328,0.0,23.479999542236328
2013,1997-09-19,22.510000228881836,22.739999771118164,0.0,22.739999771118164
2014,1997-09-22,22.8700008392334,22.079999923706055,0.0,22.079999923706055
2015,1997-09-23,22.18000030517578,22.0,0.0,22.0
2016,1997-09-24,22.1299991607666,22.639999389648438,0.0,22.639999389648438
2017,1997-09-25,22.600000381469727,22.959999084472656,0.0,22.959999084472656
2018,1997-09-26,21.959999084472656,22.260000228881836,0.0,22.260000228881836
2019,1997-09-29,23.209999084472656,22.229999542236328,0.0,22.229999542236328
2020,1997-09-30,22.31999969482422,22.90999984741211,0.0,22.90999984741211
2021,1997-10-01,22.950000762939453,22.31999969482422,0.0,22.31999969482422
2022,1997-10-02,22.549999237060547,22.270000457763672,0.0,22.270000457763672
2023,1997-10-03,20.809999465942383,21.540000915527344,0.0,21.540000915527344
2024,1997-10-06,21.979999542236328,21.610000610351562,0.0,21.610000610351562
2025,1997-10-07,21.350000381469727,20.290000915527344,0.0,20.290000915527344
2026,1997-10-08,20.389999389648438,20.770000457763672,0.0,20.770000457763672
2027,1997-10-09,23.350000381469727,22.309999465942383,0.0,22.309999465942383
2028,1997-10-10,20.290000915527344,19.75,0.0,19.75
2029,1997-10-13,19.81999969482422,20.260000228881836,0.0,20.260000228881836
2030,1997-10-14,19.860000610351562,19.989999771118164,0.0,19.989999771118164
2031,1997-10-15,19.610000610351562,20.049999237060547,0.0,20.049999237060547
2032,1997-10-16,19.739999771118164,20.530000686645508,0.0,20.530000686645508
2033,1997-10-17,20.31999969482422,21.690000534057617,0.0,21.690000534057617
2034,1997-10-20,21.399999618530273,20.719999313354492,0.0,20.719999313354492
2035,1997-10-21,20.200000762939453,19.530000686645508,0.0,19.530000686645508
2036,1997-10-22,19.559999465942383,19.860000610351562,0.0,19.860000610351562
2037,1997-10-23,22.549999237060547,22.989999771118164,0.0,22.989999771118164
2038,1997-10-24,20.93000030517578,23.170000076293945,0.0,23.170000076293945
2039,1997-10-27,24.90999984741211,31.1200008392334,0.0,31.1200008392334
2040,1997-10-28,45.689998626708984,31.219999313354492,0.0,31.219999313354492
2041,1997-10-29,29.31999969482422,33.75,0.0,33.75
2042,1997-10-30,36.709999084472656,38.20000076293945,0.0,38.20000076293945
2043,1997-10-31,35.08000183105469,35.09000015258789,0.0,35.09000015258789
2044,1997-11-03,32.18000030517578,32.09000015258789,0.0,32.09000015258789
2045,1997-11-04,31.440000534057617,32.2400016784668,0.0,32.2400016784668
2046,1997-11-05,32.310001373291016,32.18000030517578,0.0,32.18000030517578
2047,1997-11-06,33.060001373291016,32.56999969482422,0.0,32.56999969482422
2048,1997-11-07,36.20000076293945,36.27000045776367,0.0,36.27000045776367
2049,1997-11-10,35.209999084472656,36.630001068115234,0.0,36.630001068115234
2050,1997-11-11,36.91999816894531,36.380001068115234,0.0,36.380001068115234
2051,1997-11-12,37.81999969482422,37.84000015258789,0.0,37.84000015258789
2052,1997-11-13,37.2400016784668,36.63999938964844,0.0,36.63999938964844
2053,1997-11-14,36.189998626708984,33.65999984741211,0.0,33.65999984741211
2054,1997-11-17,32.560001373291016,31.579999923706055,0.0,31.579999923706055
2055,1997-11-18,31.329999923706055,31.549999237060547,0.0,31.549999237060547
2056,1997-11-19,31.1200008392334,29.93000030517578,0.0,29.93000030517578
2057,1997-11-20,28.729999542236328,27.31999969482422,0.0,27.31999969482422
2058,1997-11-21,26.68000030517578,26.649999618530273,0.0,26.649999618530273
2059,1997-11-24,28.90999984741211,29.799999237060547,0.0,29.799999237060547
2060,1997-11-25,28.940000534057617,28.950000762939453,0.0,28.950000762939453
2061,1997-11-26,28.950000762939453,28.950000762939453,0.0,28.950000762939453
2063,1997-11-28,28.040000915527344,27.43000030517578,0.0,27.43000030517578
2064,1997-12-01,27.860000610351562,26.010000228881836,0.0,26.010000228881836
2065,1997-12-02,25.690000534057617,25.65999984741211,0.0,25.65999984741211
2066,1997-12-03,25.209999084472656,23.920000076293945,0.0,23.920000076293945
2067,1997-12-04,22.799999237060547,23.84000015258789,0.0,23.84000015258789
2068,1997-12-05,22.34000015258789,22.649999618530273,0.0,22.649999618530273
2069,1997-12-08,22.8799991607666,23.219999313354492,0.0,23.219999313354492
2070,1997-12-09,23.450000762939453,23.360000610351562,0.0,23.360000610351562
2071,1997-12-10,23.059999465942383,24.549999237060547,0.0,24.549999237060547
2072,1997-12-11,26.81999969482422,27.6299991607666,0.0,27.6299991607666
2073,1997-12-12,26.549999237060547,27.920000076293945,0.0,27.920000076293945
2074,1997-12-15,28.18000030517578,27.3700008392334,0.0,27.3700008392334
2075,1997-12-16,26.030000686645508,26.110000610351562,0.0,26.110000610351562
2076,1997-12-17,25.56999969482422,26.329999923706055,0.0,26.329999923706055
2077,1997-12-18,26.209999084472656,27.190000534057617,0.0,27.190000534057617
2078,1997-12-19,29.229999542236328,29.18000030517578,0.0,29.18000030517578
2079,1997-12-22,28.829999923706055,28.559999465942383,0.0,28.559999465942383
2080,1997-12-23,28.690000534057617,29.860000610351562,0.0,29.860000610351562
2081,1997-12-24,29.940000534057617,30.270000457763672,0.0,30.270000457763672
2083,1997-12-26,29.389999389648438,29.270000457763672,0.0,29.270000457763672
2084,1997-12-29,28.709999084472656,26.790000915527344,0.0,26.790000915527344
2085,1997-12-30,26.270000457763672,24.3799991607666,0.0,24.3799991607666
2086,1997-12-31,24.209999084472656,24.010000228881836,0.0,24.010000228881836
2088,1998-01-02,24.34000015258789,23.420000076293945,0.0,23.420000076293945
2089,1998-01-05,24.110000610351562,24.360000610351562,0.0,24.360000610351562
2090,1998-01-06,25.200000762939453,25.65999984741211,0.0,25.65999984741211
2091,1998-01-07,26.149999618530273,25.06999969482422,0.0,25.06999969482422
2092,1998-01-08,26.239999771118164,26.010000228881836,0.0,26.010000228881836
2093,1998-01-09,25.790000915527344,28.690000534057617,0.0,28.690000534057617
2094,1998-01-12,28.690000534057617,28.020000457763672,0.0,28.020000457763672
2095,1998-01-13,26.700000762939453,25.170000076293945,0.0,25.170000076293945
2096,1998-01-14,25.040000915527344,23.75,0.0,23.75
2097,1998-01-15,23.920000076293945,23.450000762939453,0.0,23.450000762939453
2098,1998-01-16,21.450000762939453,21.649999618530273,0.0,21.649999618530273
2100,1998-01-20,22.209999084472656,21.649999618530273,0.0,21.649999618530273
2101,1998-01-21,22.75,22.530000686645508,0.0,22.530000686645508
2102,1998-01-22,23.219999313354492,23.15999984741211,0.0,23.15999984741211
2103,1998-01-23,22.719999313354492,23.31999969482422,0.0,23.31999969482422
2104,1998-01-26,23.739999771118164,23.969999313354492,0.0,23.969999313354492
2105,1998-01-27,23.15999984741211,22.270000457763672,0.0,22.270000457763672
2106,1998-01-28,21.8799991607666,22.059999465942383,0.0,22.059999465942383
2107,1998-01-29,21.969999313354492,21.649999618530273,0.0,21.649999618530273
2108,1998-01-30,21.670000076293945,21.469999313354492,0.0,21.469999313354492
2109,1998-02-02,21.31999969482422,21.360000610351562,0.0,21.360000610351562
2110,1998-02-03,21.309999465942383,20.670000076293945,0.0,20.670000076293945
2111,1998-02-04,21.0,20.549999237060547,0.0,20.549999237060547
2112,1998-02-05,19.18000030517578,21.290000915527344,0.0,21.290000915527344
2113,1998-02-06,20.969999313354492,20.510000228881836,0.0,20.510000228881836
2114,1998-02-09,21.229999542236328,21.549999237060547,0.0,21.549999237060547
2115,1998-02-10,21.209999084472656,20.65999984741211,0.0,20.65999984741211
2116,1998-02-11,21.040000915527344,20.3799991607666,0.0,20.3799991607666
2117,1998-02-12,20.6200008392334,19.729999542236328,0.0,19.729999542236328
2118,1998-02-13,20.479999542236328,19.84000015258789,0.0,19.84000015258789
2120,1998-02-17,20.43000030517578,20.760000228881836,0.0,20.760000228881836
2121,1998-02-18,20.239999771118164,19.65999984741211,0.0,19.65999984741211
2122,1998-02-19,19.889999389648438,19.8799991607666,0.0,19.8799991607666
2123,1998-02-20,19.559999465942383,19.0,0.0,19.0
2124,1998-02-23,19.139999389648438,18.989999771118164,0.0,18.989999771118164
2125,1998-02-24,19.1299991607666,19.350000381469727,0.0,19.350000381469727
2126,1998-02-25,19.010000228881836,18.6200008392334,0.0,18.6200008392334
2127,1998-02-26,18.959999084472656,18.6299991607666,0.0,18.6299991607666
2128,1998-02-27,18.65999984741211,18.549999237060547,0.0,18.549999237060547
2129,1998-03-02,18.969999313354492,19.190000534057617,0.0,19.190000534057617
2130,1998-03-03,19.43000030517578,19.040000915527344,0.0,19.040000915527344
2131,1998-03-04,19.270000457763672,19.579999923706055,0.0,19.579999923706055
2132,1998-03-05,20.8700008392334,20.93000030517578,0.0,20.93000030517578
2133,1998-03-06,19.969999313354492,19.139999389648438,0.0,19.139999389648438
2134,1998-03-09,20.200000762939453,20.229999542236328,0.0,20.229999542236328
2135,1998-03-10,19.899999618530273,19.43000030517578,0.0,19.43000030517578
2136,1998-03-11,19.40999984741211,18.889999389648438,0.0,18.889999389648438
2137,1998-03-12,18.760000228881836,18.25,0.0,18.25
2138,1998-03-13,17.690000534057617,18.709999084472656,0.0,18.709999084472656
2139,1998-03-16,19.270000457763672,18.510000228881836,0.0,18.510000228881836
2140,1998-03-17,18.420000076293945,18.65999984741211,0.0,18.65999984741211
2141,1998-03-18,18.709999084472656,18.290000915527344,0.0,18.290000915527344
2142,1998-03-19,17.899999618530273,17.760000228881836,0.0,17.760000228881836
2143,1998-03-20,17.610000610351562,18.690000534057617,0.0,18.690000534057617
2144,1998-03-23,19.649999618530273,19.979999542236328,0.0,19.979999542236328
2145,1998-03-24,20.110000610351562,20.510000228881836,0.0,20.510000228881836
2146,1998-03-25,20.59000015258789,22.540000915527344,0.0,22.540000915527344
2147,1998-03-26,23.020000457763672,22.809999465942383,0.0,22.809999465942383
2148,1998-03-27,22.440000534057617,23.469999313354492,0.0,23.469999313354492
2149,1998-03-30,24.31999969482422,24.65999984741211,0.0,24.65999984741211
2150,1998-03-31,24.229999542236328,24.219999313354492,0.0,24.219999313354492
2151,1998-04-01,24.850000381469727,23.3700008392334,0.0,23.3700008392334
2152,1998-04-02,23.06999969482422,21.979999542236328,0.0,21.979999542236328
2153,1998-04-03,21.940000534057617,21.81999969482422,0.0,21.81999969482422
2154,1998-04-06,21.84000015258789,22.469999313354492,0.0,22.469999313354492
2155,1998-04-07,23.309999465942383,23.65999984741211,0.0,23.65999984741211
2156,1998-04-08,23.010000228881836,23.170000076293945,0.0,23.170000076293945
2157,1998-04-09,21.389999389648438,21.510000228881836,0.0,21.510000228881836
2159,1998-04-13,22.989999771118164,22.770000457763672,0.0,22.770000457763672
2160,1998-04-14,23.3700008392334,21.610000610351562,0.0,21.610000610351562
2161,1998-04-15,21.459999084472656,20.889999389648438,0.0,20.889999389648438
2162,1998-04-16,21.440000534057617,22.059999465942383,0.0,22.059999465942383
2163,1998-04-17,22.31999969482422,20.760000228881836,0.0,20.760000228881836
2164,1998-04-20,21.219999313354492,20.389999389648438,0.0,20.389999389648438
2165,1998-04-21,20.510000228881836,19.90999984741211,0.0,19.90999984741211
2166,1998-04-22,19.739999771118164,19.440000534057617,0.0,19.440000534057617
2167,1998-04-23,20.399999618530273,20.600000381469727,0.0,20.600000381469727
2168,1998-04-24,20.280000686645508,21.969999313354492,0.0,21.969999313354492
2169,1998-04-27,24.950000762939453,26.09000015258789,0.0,26.09000015258789
2170,1998-04-28,24.040000915527344,24.170000076293945,0.0,24.170000076293945
2171,1998-04-29,23.360000610351562,22.780000686645508,0.0,22.780000686645508
2172,1998-04-30,21.15999984741211,21.18000030517578,0.0,21.18000030517578
2173,1998-05-01,20.719999313354492,19.34000015258789,0.0,19.34000015258789
2174,1998-05-04,19.56999969482422,20.31999969482422,0.0,20.31999969482422
2175,1998-05-05,20.940000534057617,21.459999084472656,0.0,21.459999084472656
2176,1998-05-06,21.899999618530273,22.790000915527344,0.0,22.790000915527344
2177,1998-05-07,23.649999618530273,23.389999389648438,0.0,23.389999389648438
2178,1998-05-08,20.940000534057617,20.56999969482422,0.0,20.56999969482422
2179,1998-05-11,20.079999923706055,21.049999237060547,0.0,21.049999237060547
2180,1998-05-12,21.229999542236328,20.979999542236328,0.0,20.979999542236328
2181,1998-05-13,20.290000915527344,20.440000534057617,0.0,20.440000534057617
2182,1998-05-14,19.899999618530273,19.639999389648438,0.0,19.639999389648438
2183,1998-05-15,19.610000610351562,20.440000534057617,0.0,20.440000534057617
2184,1998-05-18,20.84000015258789,21.690000534057617,0.0,21.690000534057617
2185,1998-05-19,20.739999771118164,20.389999389648438,0.0,20.389999389648438
2186,1998-05-20,19.65999984741211,19.889999389648438,0.0,19.889999389648438
2187,1998-05-21,19.700000762939453,19.3799991607666,0.0,19.3799991607666
2188,1998-05-22,18.65999984741211,18.989999771118164,0.0,18.989999771118164
2190,1998-05-26,19.65999984741211,22.06999969482422,0.0,22.06999969482422
2191,1998-05-27,24.329999923706055,22.59000015258789,0.0,22.59000015258789
2192,1998-05-28,21.790000915527344,20.739999771118164,0.0,20.739999771118164
2193,1998-05-29,19.93000030517578,21.31999969482422,0.0,21.31999969482422
2194,1998-06-01,22.709999084472656,22.829999923706055,0.0,22.829999923706055
2195,1998-06-02,22.219999313354492,22.0,0.0,22.0
2196,1998-06-03,21.100000381469727,22.850000381469727,0.0,22.850000381469727
2197,1998-06-04,22.81999969482422,21.219999313354492,0.0,21.219999313354492
2198,1998-06-05,20.479999542236328,19.780000686645508,0.0,19.780000686645508
2199,1998-06-08,19.020000457763672,20.579999923706055,0.0,20.579999923706055
2200,1998-06-09,20.450000762939453,20.520000457763672,0.0,20.520000457763672
2201,1998-06-10,21.260000228881836,21.479999542236328,0.0,21.479999542236328
2202,1998-06-11,21.8700008392334,23.56999969482422,0.0,23.56999969482422
2203,1998-06-12,23.56999969482422,22.780000686645508,0.0,22.780000686645508
2204,1998-06-15,24.770000457763672,25.940000534057617,0.0,25.940000534057617
2205,1998-06-16,26.489999771118164,24.799999237060547,0.0,24.799999237060547
2206,1998-06-17,23.3799991607666,22.889999389648438,0.0,22.889999389648438
2207,1998-06-18,22.8700008392334,22.399999618530273,0.0,22.399999618530273
2208,1998-06-19,21.479999542236328,21.920000076293945,0.0,21.920000076293945
2209,1998-06-22,22.959999084472656,21.940000534057617,0.0,21.940000534057617
2210,1998-06-23,21.18000030517578,20.170000076293945,0.0,20.170000076293945
2211,1998-06-24,20.18000030517578,20.020000457763672,0.0,20.020000457763672
2212,1998-06-25,19.5,20.25,0.0,20.25
2213,1998-06-26,19.84000015258789,19.360000610351562,0.0,19.360000610351562
2214,1998-06-29,19.389999389648438,19.56999969482422,0.0,19.56999969482422
2215,1998-06-30,19.850000381469727,19.709999084472656,0.0,19.709999084472656
2216,1998-07-01,18.989999771118164,18.0,0.0,18.0
2217,1998-07-02,18.489999771118164,17.670000076293945,0.0,17.670000076293945
2219,1998-07-06,19.059999465942383,18.6299991607666,0.0,18.6299991607666
2220,1998-07-07,18.399999618530273,18.6200008392334,0.0,18.6200008392334
2221,1998-07-08,18.239999771118164,17.81999969482422,0.0,17.81999969482422
2222,1998-07-09,18.049999237060547,18.15999984741211,0.0,18.15999984741211
2223,1998-07-10,17.860000610351562,17.920000076293945,0.0,17.920000076293945
2224,1998-07-13,18.360000610351562,18.260000228881836,0.0,18.260000228881836
2225,1998-07-14,18.31999969482422,17.8799991607666,0.0,17.8799991607666
2226,1998-07-15,17.8799991607666,17.889999389648438,0.0,17.889999389648438
2227,1998-07-16,17.559999465942383,16.969999313354492,0.0,16.969999313354492
2228,1998-07-17,16.420000076293945,16.229999542236328,0.0,16.229999542236328
2229,1998-07-20,17.729999542236328,17.34000015258789,0.0,17.34000015258789
2230,1998-07-21,17.450000762939453,20.100000381469727,0.0,20.100000381469727
2231,1998-07-22,20.530000686645508,20.31999969482422,0.0,20.31999969482422
2232,1998-07-23,20.540000915527344,23.010000228881836,0.0,23.010000228881836
2233,1998-07-24,22.540000915527344,23.010000228881836,0.0,23.010000228881836
2234,1998-07-27,24.43000030517578,23.1299991607666,0.0,23.1299991607666
2235,1998-07-28,23.690000534057617,25.25,0.0,25.25
2236,1998-07-29,23.290000915527344,24.790000915527344,0.0,24.790000915527344
2237,1998-07-30,23.809999465942383,22.65999984741211,0.0,22.65999984741211
2238,1998-07-31,22.290000915527344,24.799999237060547,0.0,24.799999237060547
2239,1998-08-03,26.149999618530273,25.979999542236328,0.0,25.979999542236328
2240,1998-08-04,25.56999969482422,31.059999465942383,0.0,31.059999465942383
2241,1998-08-05,31.780000686645508,29.829999923706055,0.0,29.829999923706055
2242,1998-08-06,29.450000762939453,28.200000762939453,0.0,28.200000762939453
2243,1998-08-07,27.65999984741211,27.020000457763672,0.0,27.020000457763672
2244,1998-08-10,28.049999237060547,28.75,0.0,28.75
2245,1998-08-11,32.540000915527344,31.90999984741211,0.0,31.90999984741211
2246,1998-08-12,29.40999984741211,28.549999237060547,0.0,28.549999237060547
2247,1998-08-13,28.200000762939453,29.920000076293945,0.0,29.920000076293945
2248,1998-08-14,29.860000610351562,34.34000015258789,0.0,34.34000015258789
2249,1998-08-17,34.77000045776367,31.860000610351562,0.0,31.860000610351562
2250,1998-08-18,30.65999984741211,28.399999618530273,0.0,28.399999618530273
2251,1998-08-19,27.559999465942383,28.690000534057617,0.0,28.690000534057617
2252,1998-08-20,29.270000457763672,30.0,0.0,30.0
2253,1998-08-21,32.59000015258789,33.13999938964844,0.0,33.13999938964844
2254,1998-08-24,31.690000534057617,31.799999237060547,0.0,31.799999237060547
2255,1998-08-25,29.309999465942383,30.329999923706055,0.0,30.329999923706055
2256,1998-08-26,31.950000762939453,31.139999389648438,0.0,31.139999389648438
2257,1998-08-27,33.650001525878906,38.54999923706055,0.0,38.54999923706055
2258,1998-08-28,38.400001525878906,39.599998474121094,0.0,39.599998474121094
2259,1998-08-31,39.7400016784668,44.279998779296875,0.0,44.279998779296875
2260,1998-09-01,41.7400016784668,36.47999954223633,0.0,36.47999954223633
2261,1998-09-02,35.209999084472656,36.7599983215332,0.0,36.7599983215332
2262,1998-09-03,40.959999084472656,41.43000030517578,0.0,41.43000030517578
2263,1998-09-04,40.65999984741211,43.310001373291016,0.0,43.310001373291016
2265,1998-09-08,40.11000061035156,37.900001525878906,0.0,37.900001525878906
2266,1998-09-09,37.86000061035156,39.65999984741211,0.0,39.65999984741211
2267,1998-09-10,43.88999938964844,45.290000915527344,0.0,45.290000915527344
2268,1998-09-11,47.95000076293945,43.7400016784668,0.0,43.7400016784668
2269,1998-09-14,40.88999938964844,38.56999969482422,0.0,38.56999969482422
2270,1998-09-15,38.369998931884766,36.58000183105469,0.0,36.58000183105469
2271,1998-09-16,35.93000030517578,35.939998626708984,0.0,35.939998626708984
2272,1998-09-17,39.43000030517578,39.22999954223633,0.0,39.22999954223633
2273,1998-09-18,39.439998626708984,38.630001068115234,0.0,38.630001068115234
2274,1998-09-21,42.7400016784668,38.58000183105469,0.0,38.58000183105469
2275,1998-09-22,37.849998474121094,36.619998931884766,0.0,36.619998931884766
2276,1998-09-23,35.029998779296875,32.470001220703125,0.0,32.470001220703125
2277,1998-09-24,33.779998779296875,34.65999984741211,0.0,34.65999984741211
2278,1998-09-25,37.13999938964844,34.54999923706055,0.0,34.54999923706055
2279,1998-09-28,34.20000076293945,34.869998931884766,0.0,34.869998931884766
2280,1998-09-29,37.16999816894531,36.08000183105469,0.0,36.08000183105469
2281,1998-09-30,37.15999984741211,40.95000076293945,0.0,40.95000076293945
2282,1998-10-01,41.900001525878906,43.47999954223633,0.0,43.47999954223633
2283,1998-10-02,42.16999816894531,40.470001220703125,0.0,40.470001220703125
2284,1998-10-05,42.650001525878906,42.810001373291016,0.0,42.810001373291016
2285,1998-10-06,40.15999984741211,41.20000076293945,0.0,41.20000076293945
2286,1998-10-07,40.97999954223633,43.5099983215332,0.0,43.5099983215332
2287,1998-10-08,47.06999969482422,45.7400016784668,0.0,45.7400016784668
2288,1998-10-09,43.279998779296875,42.20000076293945,0.0,42.20000076293945
2289,1998-10-12,40.54999923706055,40.06999969482422,0.0,40.06999969482422
2290,1998-10-13,40.970001220703125,40.22999954223633,0.0,40.22999954223633
2291,1998-10-14,40.91999816894531,38.959999084472656,0.0,38.959999084472656
2292,1998-10-15,39.61000061035156,33.34000015258789,0.0,33.34000015258789
2293,1998-10-16,34.0099983215332,34.81999969482422,0.0,34.81999969482422
2294,1998-10-19,35.939998626708984,33.130001068115234,0.0,33.130001068115234
2295,1998-10-20,30.809999465942383,33.11000061035156,0.0,33.11000061035156
2296,1998-10-21,33.27000045776367,33.209999084472656,0.0,33.209999084472656
2297,1998-10-22,33.900001525878906,31.530000686645508,0.0,31.530000686645508
2298,1998-10-23,31.899999618530273,32.27000045776367,0.0,32.27000045776367
2299,1998-10-26,33.25,32.380001068115234,0.0,32.380001068115234
2300,1998-10-27,31.200000762939453,32.95000076293945,0.0,32.95000076293945
2301,1998-10-28,33.77000045776367,32.41999816894531,0.0,32.41999816894531
2302,1998-10-29,32.09000015258789,29.5,0.0,29.5
2303,1998-10-30,28.280000686645508,28.049999237060547,0.0,28.049999237060547
2304,1998-11-02,28.309999465942383,27.260000228881836,0.0,27.260000228881836
2305,1998-11-03,26.600000381469727,27.760000228881836,0.0,27.760000228881836
2306,1998-11-04,26.979999542236328,27.3700008392334,0.0,27.3700008392334
2307,1998-11-05,27.520000457763672,26.010000228881836,0.0,26.010000228881836
2308,1998-11-06,25.90999984741211,25.700000762939453,0.0,25.700000762939453
2309,1998-11-09,26.93000030517578,28.09000015258789,0.0,28.09000015258789
2310,1998-11-10,28.200000762939453,28.170000076293945,0.0,28.170000076293945
2311,1998-11-11,27.280000686645508,28.469999313354492,0.0,28.469999313354492
2312,1998-11-12,28.6299991607666,29.280000686645508,0.0,29.280000686645508
2313,1998-11-13,29.489999771118164,29.030000686645508,0.0,29.030000686645508
2314,1998-11-16,28.790000915527344,28.899999618530273,0.0,28.899999618530273
2315,1998-11-17,29.34000015258789,27.950000762939453,0.0,27.950000762939453
2316,1998-11-18,28.1299991607666,27.1299991607666,0.0,27.1299991607666
2317,1998-11-19,26.100000381469727,25.5,0.0,25.5
2318,1998-11-20,24.010000228881836,22.469999313354492,0.0,22.469999313354492
2319,1998-11-23,22.200000762939453,21.84000015258789,0.0,21.84000015258789
2320,1998-11-24,22.31999969482422,23.280000686645508,0.0,23.280000686645508
2321,1998-11-25,23.479999542236328,22.149999618530273,0.0,22.149999618530273
2323,1998-11-27,22.43000030517578,22.09000015258789,0.0,22.09000015258789
2324,1998-11-30,22.790000915527344,26.010000228881836,0.0,26.010000228881836
2325,1998-12-01,27.3799991607666,24.969999313354492,0.0,24.969999313354492
2326,1998-12-02,25.6299991607666,25.43000030517578,0.0,25.43000030517578
2327,1998-12-03,25.530000686645508,28.700000762939453,0.0,28.700000762939453
2328,1998-12-04,26.280000686645508,25.309999465942383,0.0,25.309999465942383
2329,1998-12-07,25.59000015258789,24.899999618530273,0.0,24.899999618530273
2330,1998-12-08,25.049999237060547,25.579999923706055,0.0,25.579999923706055
2331,1998-12-09,25.780000686645508,25.65999984741211,0.0,25.65999984741211
2332,1998-12-10,25.729999542236328,26.809999465942383,0.0,26.809999465942383
2333,1998-12-11,27.93000030517578,27.719999313354492,0.0,27.719999313354492
2334,1998-12-14,29.860000610351562,31.309999465942383,0.0,31.309999465942383
2335,1998-12-15,31.3799991607666,29.420000076293945,0.0,29.420000076293945
2336,1998-12-16,29.1299991607666,29.959999084472656,0.0,29.959999084472656
2337,1998-12-17,29.420000076293945,27.959999084472656,0.0,27.959999084472656
2338,1998-12-18,26.799999237060547,25.040000915527344,0.0,25.040000915527344
2339,1998-12-21,24.639999389648438,23.860000610351562,0.0,23.860000610351562
2340,1998-12-22,24.049999237060547,22.780000686645508,0.0,22.780000686645508
2341,1998-12-23,21.889999389648438,20.209999084472656,0.0,20.209999084472656
2342,1998-12-24,21.0,21.479999542236328,0.0,21.479999542236328
2344,1998-12-28,22.920000076293945,23.5,0.0,23.5
2345,1998-12-29,23.68000030517578,22.18000030517578,0.0,22.18000030517578
2346,1998-12-30,22.030000686645508,23.34000015258789,0.0,23.34000015258789
2347,1998-12-31,23.739999771118164,24.420000076293945,0.0,24.420000076293945
2349,1999-01-04,25.3799991607666,26.170000076293945,0.0,26.170000076293945
2350,1999-01-05,25.920000076293945,24.459999084472656,0.0,24.459999084472656
2351,1999-01-06,23.360000610351562,23.34000015258789,0.0,23.34000015258789
2352,1999-01-07,24.420000076293945,24.3700008392334,0.0,24.3700008392334
2353,1999-01-08,22.950000762939453,23.280000686645508,0.0,23.280000686645508
2354,1999-01-11,21.40999984741211,25.459999084472656,0.0,25.459999084472656
2355,1999-01-12,25.59000015258789,28.100000381469727,0.0,28.100000381469727
2356,1999-01-13,32.619998931884766,30.110000610351562,0.0,30.110000610351562
2357,1999-01-14,30.459999084472656,32.97999954223633,0.0,32.97999954223633
2358,1999-01-15,32.560001373291016,29.239999771118164,0.0,29.239999771118164
2360,1999-01-19,28.860000610351562,29.239999771118164,0.0,29.239999771118164
2361,1999-01-20,28.6200008392334,28.600000381469727,0.0,28.600000381469727
2362,1999-01-21,29.549999237060547,30.920000076293945,0.0,30.920000076293945
2363,1999-01-22,32.2599983215332,31.950000762939453,0.0,31.950000762939453
2364,1999-01-25,32.220001220703125,31.1299991607666,0.0,31.1299991607666
2365,1999-01-26,30.920000076293945,29.229999542236328,0.0,29.229999542236328
2366,1999-01-27,28.280000686645508,29.729999542236328,0.0,29.729999542236328
2367,1999-01-28,29.25,28.110000610351562,0.0,28.110000610351562
2368,1999-01-29,27.770000457763672,26.25,0.0,26.25
2369,1999-02-01,27.209999084472656,27.670000076293945,0.0,27.670000076293945
2370,1999-02-02,28.190000534057617,28.15999984741211,0.0,28.15999984741211
2371,1999-02-03,28.59000015258789,27.8799991607666,0.0,27.8799991607666
2372,1999-02-04,27.6200008392334,29.479999542236328,0.0,29.479999542236328
2373,1999-02-05,29.690000534057617,29.670000076293945,0.0,29.670000076293945
2374,1999-02-08,29.530000686645508,30.270000457763672,0.0,30.270000457763672
2375,1999-02-09,29.959999084472656,31.360000610351562,0.0,31.360000610351562
2376,1999-02-10,31.59000015258789,30.450000762939453,0.0,30.450000762939453
2377,1999-02-11,30.030000686645508,27.420000076293945,0.0,27.420000076293945
2378,1999-02-12,27.850000381469727,29.760000228881836,0.0,29.760000228881836
2380,1999-02-16,28.8799991607666,29.649999618530273,0.0,29.649999618530273
2381,1999-02-17,30.209999084472656,30.649999618530273,0.0,30.649999618530273
2382,1999-02-18,30.989999771118164,30.450000762939453,0.0,30.450000762939453
2383,1999-02-19,30.010000228881836,29.299999237060547,0.0,29.299999237060547
2384,1999-02-22,28.829999923706055,25.8700008392334,0.0,25.8700008392334
2385,1999-02-23,25.920000076293945,26.489999771118164,0.0,26.489999771118164
2386,1999-02-24,25.700000762939453,27.209999084472656,0.0,27.209999084472656
2387,1999-02-25,27.950000762939453,28.010000228881836,0.0,28.010000228881836
2388,1999-02-26,28.40999984741211,27.8799991607666,0.0,27.8799991607666
2389,1999-03-01,29.34000015258789,28.3700008392334,0.0,28.3700008392334
2390,1999-03-02,27.959999084472656,29.219999313354492,0.0,29.219999313354492
2391,1999-03-03,28.850000381469727,29.040000915527344,0.0,29.040000915527344
2392,1999-03-04,27.809999465942383,26.670000076293945,0.0,26.670000076293945
2393,1999-03-05,24.780000686645508,24.079999923706055,0.0,24.079999923706055
2394,1999-03-08,24.8700008392334,24.540000915527344,0.0,24.540000915527344
2395,1999-03-09,25.280000686645508,25.020000457763672,0.0,25.020000457763672
2396,1999-03-10,24.860000610351562,24.790000915527344,0.0,24.790000915527344
2397,1999-03-11,24.309999465942383,24.3700008392334,0.0,24.3700008392334
2398,1999-03-12,24.790000915527344,24.84000015258789,0.0,24.84000015258789
2399,1999-03-15,25.809999465942383,25.239999771118164,0.0,25.239999771118164
2400,1999-03-16,25.34000015258789,25.149999618530273,0.0,25.149999618530273
2401,1999-03-17,24.93000030517578,25.56999969482422,0.0,25.56999969482422
2402,1999-03-18,25.139999389648438,24.1299991607666,0.0,24.1299991607666
2403,1999-03-19,24.06999969482422,24.31999969482422,0.0,24.31999969482422
2404,1999-03-22,25.299999237060547,25.0,0.0,25.0
2405,1999-03-23,25.969999313354492,27.270000457763672,0.0,27.270000457763672
2406,1999-03-24,26.989999771118164,26.600000381469727,0.0,26.600000381469727
2407,1999-03-25,25.31999969482422,24.329999923706055,0.0,24.329999923706055
2408,1999-03-26,24.790000915527344,24.040000915527344,0.0,24.040000915527344
2409,1999-03-29,23.8700008392334,23.540000915527344,0.0,23.540000915527344
2410,1999-03-30,24.34000015258789,22.729999542236328,0.0,22.729999542236328
2411,1999-03-31,22.030000686645508,23.260000228881836,0.0,23.260000228881836
2412,1999-04-01,22.8700008392334,22.059999465942383,0.0,22.059999465942383
2414,1999-04-05,22.8799991607666,22.190000534057617,0.0,22.190000534057617
2415,1999-04-06,22.530000686645508,22.649999618530273,0.0,22.649999618530273
2416,1999-04-07,22.530000686645508,22.809999465942383,0.0,22.809999465942383
2417,1999-04-08,23.3799991607666,22.59000015258789,0.0,22.59000015258789
2418,1999-04-09,22.15999984741211,21.770000457763672,0.0,21.770000457763672
2419,1999-04-12,21.1299991607666,21.93000030517578,0.0,21.93000030517578
2420,1999-04-13,22.15999984741211,22.729999542236328,0.0,22.729999542236328
2421,1999-04-14,23.329999923706055,24.940000534057617,0.0,24.940000534057617
2422,1999-04-15,25.219999313354492,23.93000030517578,0.0,23.93000030517578
2423,1999-04-16,24.06999969482422,23.899999618530273,0.0,23.899999618530273
2424,1999-04-19,23.59000015258789,26.420000076293945,0.0,26.420000076293945
2425,1999-04-20,25.84000015258789,25.020000457763672,0.0,25.020000457763672
2426,1999-04-21,24.860000610351562,23.309999465942383,0.0,23.309999465942383
2427,1999-04-22,22.420000076293945,22.6200008392334,0.0,22.6200008392334
2428,1999-04-23,22.600000381469727,22.760000228881836,0.0,22.760000228881836
2429,1999-04-26,23.93000030517578,23.530000686645508,0.0,23.530000686645508
2430,1999-04-27,23.040000915527344,23.360000610351562,0.0,23.360000610351562
2431,1999-04-28,23.530000686645508,24.399999618530273,0.0,24.399999618530273
2432,1999-04-29,24.5,25.059999465942383,0.0,25.059999465942383
2433,1999-04-30,24.40999984741211,25.06999969482422,0.0,25.06999969482422
2434,1999-05-03,24.40999984741211,24.149999618530273,0.0,24.149999618530273
2435,1999-05-04,24.229999542236328,25.6200008392334,0.0,25.6200008392334
2436,1999-05-05,25.719999313354492,25.190000534057617,0.0,25.190000534057617
2437,1999-05-06,25.34000015258789,27.440000534057617,0.0,27.440000534057617
2438,1999-05-07,26.149999618530273,25.360000610351562,0.0,25.360000610351562
2439,1999-05-10,26.389999389648438,26.6200008392334,0.0,26.6200008392334
2440,1999-05-11,25.860000610351562,25.6200008392334,0.0,25.6200008392334
2441,1999-05-12,26.709999084472656,26.1299991607666,0.0,26.1299991607666
2442,1999-05-13,25.559999465942383,25.020000457763672,0.0,25.020000457763672
2443,1999-05-14,26.59000015258789,26.860000610351562,0.0,26.860000610351562
2444,1999-05-17,27.979999542236328,27.280000686645508,0.0,27.280000686645508
2445,1999-05-18,27.549999237060547,27.260000228881836,0.0,27.260000228881836
2446,1999-05-19,25.860000610351562,25.079999923706055,0.0,25.079999923706055
2447,1999-05-20,25.100000381469727,24.459999084472656,0.0,24.459999084472656
2448,1999-05-21,24.1200008392334,24.399999618530273,0.0,24.399999618530273
2449,1999-05-24,24.93000030517578,27.6200008392334,0.0,27.6200008392334
2450,1999-05-25,27.709999084472656,28.899999618530273,0.0,28.899999618530273
2451,1999-05-26,28.829999923706055,27.56999969482422,0.0,27.56999969482422
2452,1999-05-27,27.59000015258789,28.1200008392334,0.0,28.1200008392334
2453,1999-05-28,27.260000228881836,25.389999389648438,0.0,25.389999389648438
2455,1999-06-01,27.1200008392334,26.6200008392334,0.0,26.6200008392334
2456,1999-06-02,26.530000686645508,26.209999084472656,0.0,26.209999084472656
2457,1999-06-03,25.81999969482422,26.200000762939453,0.0,26.200000762939453
2458,1999-06-04,25.309999465942383,23.43000030517578,0.0,23.43000030517578
2459,1999-06-07,24.399999618530273,23.780000686645508,0.0,23.780000686645508
2460,1999-06-08,23.559999465942383,24.020000457763672,0.0,24.020000457763672
2461,1999-06-09,23.84000015258789,23.899999618530273,0.0,23.899999618530273
2462,1999-06-10,24.780000686645508,25.31999969482422,0.0,25.31999969482422
2463,1999-06-11,24.8700008392334,25.899999618530273,0.0,25.899999618530273
2464,1999-06-14,26.079999923706055,26.510000228881836,0.0,26.510000228881836
2465,1999-06-15,26.15999984741211,25.90999984741211,0.0,25.90999984741211
2466,1999-06-16,24.389999389648438,22.399999618530273,0.0,22.399999618530273
2467,1999-06-17,22.739999771118164,21.950000762939453,0.0,21.950000762939453
2468,1999-06-18,22.190000534057617,21.75,0.0,21.75
2469,1999-06-21,22.31999969482422,21.809999465942383,0.0,21.809999465942383
2470,1999-06-22,21.68000030517578,21.700000762939453,0.0,21.700000762939453
2471,1999-06-23,22.209999084472656,21.31999969482422,0.0,21.31999969482422
2472,1999-06-24,20.670000076293945,23.059999465942383,0.0,23.059999465942383
2473,1999-06-25,21.360000610351562,21.760000228881836,0.0,21.760000228881836
2474,1999-06-28,22.479999542236328,22.6299991607666,0.0,22.6299991607666
2475,1999-06-29,23.540000915527344,22.510000228881836,0.0,22.510000228881836
2476,1999-06-30,22.989999771118164,21.09000015258789,0.0,21.09000015258789
2477,1999-07-01,20.56999969482422,19.690000534057617,0.0,19.690000534057617
2478,1999-07-02,19.239999771118164,18.65999984741211,0.0,18.65999984741211
2480,1999-07-06,19.93000030517578,20.729999542236328,0.0,20.729999542236328
2481,1999-07-07,21.110000610351562,20.350000381469727,0.0,20.350000381469727
2482,1999-07-08,20.969999313354492,20.239999771118164,0.0,20.239999771118164
2483,1999-07-09,18.549999237060547,17.959999084472656,0.0,17.959999084472656
2484,1999-07-12,19.299999237060547,19.729999542236328,0.0,19.729999542236328
2485,1999-07-13,19.350000381469727,19.950000762939453,0.0,19.950000762939453
2486,1999-07-14,19.440000534057617,19.709999084472656,0.0,19.709999084472656
2487,1999-07-15,18.670000076293945,18.68000030517578,0.0,18.68000030517578
2488,1999-07-16,18.049999237060547,17.420000076293945,0.0,17.420000076293945
2489,1999-07-19,18.5,19.06999969482422,0.0,19.06999969482422
2490,1999-07-20,19.959999084472656,21.790000915527344,0.0,21.790000915527344
2491,1999-07-21,21.260000228881836,21.459999084472656,0.0,21.459999084472656
2492,1999-07-22,21.899999618530273,23.049999237060547,0.0,23.049999237060547
2493,1999-07-23,22.360000610351562,23.31999969482422,0.0,23.31999969482422
2494,1999-07-26,24.760000228881836,24.979999542236328,0.0,24.979999542236328
2495,1999-07-27,24.450000762939453,23.229999542236328,0.0,23.229999542236328
2496,1999-07-28,23.34000015258789,22.850000381469727,0.0,22.850000381469727
2497,1999-07-29,23.510000228881836,24.520000457763672,0.0,24.520000457763672
2498,1999-07-30,23.809999465942383,24.639999389648438,0.0,24.639999389648438
2499,1999-08-02,25.75,25.59000015258789,0.0,25.59000015258789
2500,1999-08-03,25.25,26.270000457763672,0.0,26.270000457763672
2501,1999-08-04,25.6299991607666,27.399999618530273,0.0,27.399999618530273
2502,1999-08-05,28.829999923706055,27.010000228881836,0.0,27.010000228881836
2503,1999-08-06,26.309999465942383,26.600000381469727,0.0,26.600000381469727
2504,1999-08-09,27.40999984741211,27.65999984741211,0.0,27.65999984741211
2505,1999-08-10,27.610000610351562,28.450000762939453,0.0,28.450000762939453
2506,1999-08-11,27.190000534057617,25.389999389648438,0.0,25.389999389648438
2507,1999-08-12,24.579999923706055,25.030000686645508,0.0,25.030000686645508
2508,1999-08-13,23.65999984741211,22.309999465942383,0.0,22.309999465942383
2509,1999-08-16,23.75,23.06999969482422,0.0,23.06999969482422
2510,1999-08-17,22.09000015258789,21.670000076293945,0.0,21.670000076293945
2511,1999-08-18,22.780000686645508,23.299999237060547,0.0,23.299999237060547
2512,1999-08-19,24.56999969482422,24.389999389648438,0.0,24.389999389648438
2513,1999-08-20,24.049999237060547,22.950000762939453,0.0,22.950000762939453
2514,1999-08-23,23.1299991607666,22.549999237060547,0.0,22.549999237060547
2515,1999-08-24,23.40999984741211,22.399999618530273,0.0,22.399999618530273
2516,1999-08-25,21.920000076293945,20.959999084472656,0.0,20.959999084472656
2517,1999-08-26,20.25,21.209999084472656,0.0,21.209999084472656
2518,1999-08-27,20.899999618530273,21.829999923706055,0.0,21.829999923706055
2519,1999-08-30,23.299999237060547,24.6299991607666,0.0,24.6299991607666
2520,1999-08-31,24.40999984741211,24.450000762939453,0.0,24.450000762939453
2521,1999-09-01,23.860000610351562,22.93000030517578,0.0,22.93000030517578
2522,1999-09-02,24.25,24.530000686645508,0.0,24.530000686645508
2523,1999-09-03,21.5,20.979999542236328,0.0,20.979999542236328
2525,1999-09-07,22.399999618530273,23.440000534057617,0.0,23.440000534057617
2526,1999-09-08,24.209999084472656,23.81999969482422,0.0,23.81999969482422
2527,1999-09-09,23.90999984741211,23.010000228881836,0.0,23.010000228881836
2528,1999-09-10,22.190000534057617,22.030000686645508,0.0,22.030000686645508
2529,1999-09-13,22.799999237060547,22.889999389648438,0.0,22.889999389648438
2530,1999-09-14,23.3799991607666,23.770000457763672,0.0,23.770000457763672
2531,1999-09-15,22.969999313354492,24.559999465942383,0.0,24.559999465942383
2532,1999-09-16,25.459999084472656,25.25,0.0,25.25
2533,1999-09-17,24.329999923706055,23.299999237060547,0.0,23.299999237060547
2534,1999-09-20,24.079999923706055,24.030000686645508,0.0,24.030000686645508
2535,1999-09-21,24.510000228881836,25.649999618530273,0.0,25.649999618530273
2536,1999-09-22,25.8799991607666,25.190000534057617,0.0,25.190000534057617
2537,1999-09-23,24.1299991607666,27.84000015258789,0.0,27.84000015258789
2538,1999-09-24,28.200000762939453,27.790000915527344,0.0,27.790000915527344
2539,1999-09-27,27.059999465942383,26.399999618530273,0.0,26.399999618530273
2540,1999-09-28,26.34000015258789,26.059999465942383,0.0,26.059999465942383
2541,1999-09-29,25.510000228881836,26.489999771118164,0.0,26.489999771118164
2542,1999-09-30,26.149999618530273,25.40999984741211,0.0,25.40999984741211
2543,1999-10-01,25.579999923706055,24.93000030517578,0.0,24.93000030517578
2544,1999-10-04,25.260000228881836,24.459999084472656,0.0,24.459999084472656
2545,1999-10-05,24.68000030517578,24.790000915527344,0.0,24.790000915527344
2546,1999-10-06,23.719999313354492,22.059999465942383,0.0,22.059999465942383
2547,1999-10-07,22.440000534057617,23.579999923706055,0.0,23.579999923706055
2548,1999-10-08,22.440000534057617,20.489999771118164,0.0,20.489999771118164
2549,1999-10-11,20.709999084472656,20.6299991607666,0.0,20.6299991607666
2550,1999-10-12,21.559999465942383,22.84000015258789,0.0,22.84000015258789
2551,1999-10-13,22.6200008392334,25.959999084472656,0.0,25.959999084472656
2552,1999-10-14,26.68000030517578,26.049999237060547,0.0,26.049999237060547
2553,1999-10-15,27.309999465942383,28.75,0.0,28.75
2554,1999-10-18,29.34000015258789,28.190000534057617,0.0,28.190000534057617
2555,1999-10-19,26.25,26.559999465942383,0.0,26.559999465942383
2556,1999-10-20,25.149999618530273,23.899999618530273,0.0,23.899999618530273
2557,1999-10-21,25.530000686645508,24.020000457763672,0.0,24.020000457763672
2558,1999-10-22,22.020000457763672,21.639999389648438,0.0,21.639999389648438
2559,1999-10-25,23.780000686645508,23.600000381469727,0.0,23.600000381469727
2560,1999-10-26,22.940000534057617,24.260000228881836,0.0,24.260000228881836
2561,1999-10-27,24.31999969482422,24.200000762939453,0.0,24.200000762939453
2562,1999-10-28,22.3700008392334,21.34000015258789,0.0,21.34000015258789
2563,1999-10-29,20.6299991607666,22.200000762939453,0.0,22.200000762939453
2564,1999-11-01,22.700000762939453,22.09000015258789,0.0,22.09000015258789
2565,1999-11-02,22.09000015258789,23.100000381469727,0.0,23.100000381469727
2566,1999-11-03,23.079999923706055,23.15999984741211,0.0,23.15999984741211
2567,1999-11-04,22.469999313354492,23.0,0.0,23.0
2568,1999-11-05,21.469999313354492,21.65999984741211,0.0,21.65999984741211
2569,1999-11-08,22.56999969482422,21.8700008392334,0.0,21.8700008392334
2570,1999-11-09,22.059999465942383,22.700000762939453,0.0,22.700000762939453
2571,1999-11-10,22.600000381469727,22.260000228881836,0.0,22.260000228881836
2572,1999-11-11,22.239999771118164,22.06999969482422,0.0,22.06999969482422
2573,1999-11-12,21.989999771118164,21.649999618530273,0.0,21.649999618530273
2574,1999-11-15,21.780000686645508,22.739999771118164,0.0,22.739999771118164
2575,1999-11-16,22.1299991607666,20.729999542236328,0.0,20.729999542236328
2576,1999-11-17,20.780000686645508,20.959999084472656,0.0,20.959999084472656
2577,1999-11-18,20.59000015258789,19.760000228881836,0.0,19.760000228881836
2578,1999-11-19,18.799999237060547,19.110000610351562,0.0,19.110000610351562
2579,1999-11-22,20.3700008392334,19.979999542236328,0.0,19.979999542236328
2580,1999-11-23,21.06999969482422,21.0,0.0,21.0
2581,1999-11-24,20.700000762939453,20.260000228881836,0.0,20.260000228881836
2583,1999-11-26,20.350000381469727,22.329999923706055,0.0,22.329999923706055
2584,1999-11-29,24.270000457763672,23.56999969482422,0.0,23.56999969482422
2585,1999-11-30,23.809999465942383,24.18000030517578,0.0,24.18000030517578
2586,1999-12-01,23.40999984741211,22.229999542236328,0.0,22.229999542236328
2587,1999-12-02,21.690000534057617,21.770000457763672,0.0,21.770000457763672
2588,1999-12-03,19.739999771118164,19.31999969482422,0.0,19.31999969482422
2589,1999-12-06,21.1200008392334,20.579999923706055,0.0,20.579999923706055
2590,1999-12-07,20.93000030517578,21.09000015258789,0.0,21.09000015258789
2591,1999-12-08,21.209999084472656,21.25,0.0,21.25
2592,1999-12-09,20.799999237060547,21.190000534057617,0.0,21.190000534057617
2593,1999-12-10,21.610000610351562,21.479999542236328,0.0,21.479999542236328
2594,1999-12-13,21.959999084472656,21.719999313354492,0.0,21.719999313354492
2595,1999-12-14,22.25,23.059999465942383,0.0,23.059999465942383
2596,1999-12-15,23.25,22.030000686645508,0.0,22.030000686645508
2597,1999-12-16,21.360000610351562,21.90999984741211,0.0,21.90999984741211
2598,1999-12-17,21.389999389648438,21.350000381469727,0.0,21.350000381469727
2599,1999-12-20,22.18000030517578,23.780000686645508,0.0,23.780000686645508
2600,1999-12-21,22.979999542236328,22.65999984741211,0.0,22.65999984741211
2601,1999-12-22,22.139999389648438,22.43000030517578,0.0,22.43000030517578
2602,1999-12-23,21.59000015258789,21.1200008392334,0.0,21.1200008392334
2604,1999-12-27,22.8799991607666,23.06999969482422,0.0,23.06999969482422
2605,1999-12-28,23.610000610351562,22.969999313354492,0.0,22.969999313354492
2606,1999-12-29,23.079999923706055,23.09000015258789,0.0,23.09000015258789
2607,1999-12-30,23.510000228881836,24.760000228881836,0.0,24.760000228881836
2608,1999-12-31,25.030000686645508,24.639999389648438,0.0,24.639999389648438
2609,2000-01-03,24.360000610351562,24.209999084472656,0.0,24.209999084472656
2610,2000-01-04,24.940000534057617,27.010000228881836,0.0,27.010000228881836
2611,2000-01-05,27.979999542236328,26.40999984741211,0.0,26.40999984741211
2612,2000-01-06,26.68000030517578,25.729999542236328,0.0,25.729999542236328
2613,2000-01-07,25.139999389648438,21.719999313354492,0.0,21.719999313354492
2614,2000-01-10,21.889999389648438,21.709999084472656,0.0,21.709999084472656
2615,2000-01-11,21.979999542236328,22.5,0.0,22.5
2616,2000-01-12,23.049999237060547,22.84000015258789,0.0,22.84000015258789
2617,2000-01-13,22.729999542236328,21.709999084472656,0.0,21.709999084472656
2618,2000-01-14,19.829999923706055,19.65999984741211,0.0,19.65999984741211
2620,2000-01-18,21.389999389648438,21.5,0.0,21.5
2621,2000-01-19,22.149999618530273,21.719999313354492,0.0,21.719999313354492
2622,2000-01-20,21.309999465942383,21.75,0.0,21.75
2623,2000-01-21,21.549999237060547,20.81999969482422,0.0,20.81999969482422
2624,2000-01-24,21.43000030517578,24.06999969482422,0.0,24.06999969482422
2625,2000-01-25,23.790000915527344,23.020000457763672,0.0,23.020000457763672
2626,2000-01-26,22.90999984741211,23.030000686645508,0.0,23.030000686645508
2627,2000-01-27,22.3700008392334,23.540000915527344,0.0,23.540000915527344
2628,2000-01-28,23.75,26.139999389648438,0.0,26.139999389648438
2629,2000-01-31,26.780000686645508,24.950000762939453,0.0,24.950000762939453
2630,2000-02-01,24.43000030517578,23.450000762939453,0.0,23.450000762939453
2631,2000-02-02,23.020000457763672,23.1200008392334,0.0,23.1200008392334
2632,2000-02-03,22.719999313354492,22.010000228881836,0.0,22.010000228881836
2633,2000-02-04,20.770000457763672,21.540000915527344,0.0,21.540000915527344
2634,2000-02-07,22.969999313354492,22.790000915527344,0.0,22.790000915527344
2635,2000-02-08,21.68000030517578,21.25,0.0,21.25
2636,2000-02-09,21.540000915527344,22.899999618530273,0.0,22.899999618530273
2637,2000-02-10,23.360000610351562,23.06999969482422,0.0,23.06999969482422
2638,2000-02-11,22.940000534057617,24.420000076293945,0.0,24.420000076293945
2639,2000-02-14,24.670000076293945,24.3799991607666,0.0,24.3799991607666
2640,2000-02-15,24.079999923706055,22.920000076293945,0.0,22.920000076293945
2641,2000-02-16,23.200000762939453,23.510000228881836,0.0,23.510000228881836
2642,2000-02-17,22.899999618530273,23.170000076293945,0.0,23.170000076293945
2643,2000-02-18,23.3700008392334,26.0,0.0,26.0
2645,2000-02-22,25.90999984741211,25.860000610351562,0.0,25.860000610351562
2646,2000-02-23,25.200000762939453,23.889999389648438,0.0,23.889999389648438
2647,2000-02-24,24.18000030517578,24.3799991607666,0.0,24.3799991607666
2648,2000-02-25,24.1299991607666,25.200000762939453,0.0,25.200000762939453
2649,2000-02-28,25.899999618530273,24.68000030517578,0.0,24.68000030517578
2650,2000-02-29,23.760000228881836,23.3700008392334,0.0,23.3700008392334
2651,2000-03-01,22.649999618530273,21.639999389648438,0.0,21.639999389648438
2652,2000-03-02,21.6200008392334,21.059999465942383,0.0,21.059999465942383
2653,2000-03-03,19.979999542236328,19.209999084472656,0.0,19.209999084472656
2654,2000-03-06,20.3799991607666,21.5,0.0,21.5
2655,2000-03-07,22.239999771118164,24.309999465942383,0.0,24.309999465942383
2656,2000-03-08,24.56999969482422,23.81999969482422,0.0,23.81999969482422
2657,2000-03-09,24.18000030517578,22.209999084472656,0.0,22.209999084472656
2658,2000-03-10,20.889999389648438,21.239999771118164,0.0,21.239999771118164
2659,2000-03-13,23.030000686645508,22.850000381469727,0.0,22.850000381469727
2660,2000-03-14,22.75,24.40999984741211,0.0,24.40999984741211
2661,2000-03-15,24.65999984741211,22.34000015258789,0.0,22.34000015258789
2662,2000-03-16,21.649999618530273,20.770000457763672,0.0,20.770000457763672
2663,2000-03-17,21.260000228881836,22.3700008392334,0.0,22.3700008392334
2664,2000-03-20,22.309999465942383,22.959999084472656,0.0,22.959999084472656
2665,2000-03-21,23.450000762939453,21.700000762939453,0.0,21.700000762939453
2666,2000-03-22,21.90999984741211,21.489999771118164,0.0,21.489999771118164
2667,2000-03-23,21.81999969482422,22.260000228881836,0.0,22.260000228881836
2668,2000-03-24,22.450000762939453,23.309999465942383,0.0,23.309999465942383
2669,2000-03-27,24.350000381469727,24.530000686645508,0.0,24.530000686645508
2670,2000-03-28,24.989999771118164,24.860000610351562,0.0,24.860000610351562
2671,2000-03-29,24.3700008392334,24.100000381469727,0.0,24.100000381469727
2672,2000-03-30,23.950000762939453,25.469999313354492,0.0,25.469999313354492
2673,2000-03-31,24.780000686645508,24.110000610351562,0.0,24.110000610351562
2674,2000-04-03,24.989999771118164,24.030000686645508,0.0,24.030000686645508
2675,2000-04-04,23.5,27.1200008392334,0.0,27.1200008392334
2676,2000-04-05,28.559999465942383,28.40999984741211,0.0,28.40999984741211
2677,2000-04-06,27.709999084472656,27.149999618530273,0.0,27.149999618530273
2678,2000-04-07,25.639999389648438,24.389999389648438,0.0,24.389999389648438
2679,2000-04-10,25.440000534057617,25.989999771118164,0.0,25.989999771118164
2680,2000-04-11,27.670000076293945,27.25,0.0,27.25
2681,2000-04-12,27.190000534057617,28.979999542236328,0.0,28.979999542236328
2682,2000-04-13,28.459999084472656,29.399999618530273,0.0,29.399999618530273
2683,2000-04-14,30.09000015258789,33.4900016784668,0.0,33.4900016784668
2684,2000-04-17,33.70000076293945,28.950000762939453,0.0,28.950000762939453
2685,2000-04-18,27.93000030517578,26.1200008392334,0.0,26.1200008392334
2686,2000-04-19,26.540000915527344,27.020000457763672,0.0,27.020000457763672
2687,2000-04-20,26.540000915527344,25.850000381469727,0.0,25.850000381469727
2689,2000-04-24,27.790000915527344,27.3700008392334,0.0,27.3700008392334
2690,2000-04-25,26.260000228881836,25.239999771118164,0.0,25.239999771118164
2691,2000-04-26,25.389999389648438,26.969999313354492,0.0,26.969999313354492
2692,2000-04-27,29.43000030517578,26.190000534057617,0.0,26.190000534057617
2693,2000-04-28,25.6200008392334,26.200000762939453,0.0,26.200000762939453
2694,2000-05-01,26.06999969482422,25.8799991607666,0.0,25.8799991607666
2695,2000-05-02,26.809999465942383,28.5,0.0,28.5
2696,2000-05-03,30.0,31.6299991607666,0.0,31.6299991607666
2697,2000-05-04,31.450000762939453,30.770000457763672,0.0,30.770000457763672
2698,2000-05-05,29.489999771118164,27.530000686645508,0.0,27.530000686645508
2699,2000-05-08,28.799999237060547,28.200000762939453,0.0,28.200000762939453
2700,2000-05-09,28.25,28.93000030517578,0.0,28.93000030517578
2701,2000-05-10,29.68000030517578,29.8700008392334,0.0,29.8700008392334
2702,2000-05-11,29.06999969482422,27.760000228881836,0.0,27.760000228881836
2703,2000-05-12,26.329999923706055,26.049999237060547,0.0,26.049999237060547
2704,2000-05-15,26.469999313354492,24.860000610351562,0.0,24.860000610351562
2705,2000-05-16,24.459999084472656,24.34000015258789,0.0,24.34000015258789
2706,2000-05-17,24.6200008392334,23.979999542236328,0.0,23.979999542236328
2707,2000-05-18,23.420000076293945,23.959999084472656,0.0,23.959999084472656
2708,2000-05-19,24.850000381469727,25.440000534057617,0.0,25.440000534057617
2709,2000-05-22,26.25,26.0,0.0,26.0
2710,2000-05-23,25.75,25.8700008392334,0.0,25.8700008392334
2711,2000-05-24,25.959999084472656,24.31999969482422,0.0,24.31999969482422
2712,2000-05-25,23.8700008392334,24.579999923706055,0.0,24.579999923706055
2713,2000-05-26,24.610000610351562,24.469999313354492,0.0,24.469999313354492
2715,2000-05-30,24.59000015258789,23.6200008392334,0.0,23.6200008392334
2716,2000-05-31,24.09000015258789,23.649999618530273,0.0,23.649999618530273
2717,2000-06-01,23.200000762939453,22.360000610351562,0.0,22.360000610351562
2718,2000-06-02,21.31999969482422,21.479999542236328,0.0,21.479999542236328
2719,2000-06-05,23.059999465942383,22.709999084472656,0.0,22.709999084472656
2720,2000-06-06,23.200000762939453,23.049999237060547,0.0,23.049999237060547
2721,2000-06-07,23.170000076293945,22.479999542236328,0.0,22.479999542236328
2722,2000-06-08,23.360000610351562,22.770000457763672,0.0,22.770000457763672
2723,2000-06-09,22.079999923706055,22.139999389648438,0.0,22.139999389648438
2724,2000-06-12,22.219999313354492,22.31999969482422,0.0,22.31999969482422
2725,2000-06-13,23.280000686645508,21.670000076293945,0.0,21.670000076293945
2726,2000-06-14,21.610000610351562,21.479999542236328,0.0,21.479999542236328
2727,2000-06-15,21.420000076293945,20.68000030517578,0.0,20.68000030517578
2728,2000-06-16,20.540000915527344,20.5,0.0,20.5
2729,2000-06-19,21.15999984741211,20.6299991607666,0.0,20.6299991607666
2730,2000-06-20,20.809999465942383,20.8799991607666,0.0,20.8799991607666
2731,2000-06-21,21.059999465942383,20.610000610351562,0.0,20.610000610351562
2732,2000-06-22,21.540000915527344,22.0,0.0,22.0
2733,2000-06-23,22.1299991607666,22.34000015258789,0.0,22.34000015258789
2734,2000-06-26,24.850000381469727,22.450000762939453,0.0,22.450000762939453
2735,2000-06-27,22.100000381469727,21.799999237060547,0.0,21.799999237060547
2736,2000-06-28,21.8700008392334,20.290000915527344,0.0,20.290000915527344
2737,2000-06-29,20.760000228881836,19.700000762939453,0.0,19.700000762939453
2738,2000-06-30,19.68000030517578,19.540000915527344,0.0,19.540000915527344
2739,2000-07-03,20.510000228881836,19.829999923706055,0.0,19.829999923706055
2741,2000-07-05,20.6299991607666,21.15999984741211,0.0,21.15999984741211
2742,2000-07-06,20.770000457763672,20.940000534057617,0.0,20.940000534057617
2743,2000-07-07,19.68000030517578,19.219999313354492,0.0,19.219999313354492
2744,2000-07-10,20.200000762939453,20.329999923706055,0.0,20.329999923706055
2745,2000-07-11,19.639999389648438,20.110000610351562,0.0,20.110000610351562
2746,2000-07-12,20.290000915527344,20.030000686645508,0.0,20.030000686645508
2747,2000-07-13,19.899999618530273,20.030000686645508,0.0,20.030000686645508
2748,2000-07-14,19.209999084472656,19.31999969482422,0.0,19.31999969482422
2749,2000-07-17,20.020000457763672,19.450000762939453,0.0,19.450000762939453
2750,2000-07-18,19.700000762939453,19.75,0.0,19.75
2751,2000-07-19,19.280000686645508,19.649999618530273,0.0,19.649999618530273
2752,2000-07-20,19.049999237060547,18.940000534057617,0.0,18.940000534057617
2753,2000-07-21,19.040000915527344,18.940000534057617,0.0,18.940000534057617
2754,2000-07-24,19.350000381469727,19.920000076293945,0.0,19.920000076293945
2755,2000-07-25,19.459999084472656,19.389999389648438,0.0,19.389999389648438
2756,2000-07-26,19.6299991607666,19.670000076293945,0.0,19.670000076293945
2757,2000-07-27,19.260000228881836,19.600000381469727,0.0,19.600000381469727
2758,2000-07-28,19.329999923706055,20.84000015258789,0.0,20.84000015258789
2759,2000-07-31,20.979999542236328,20.739999771118164,0.0,20.739999771118164
2760,2000-08-01,20.65999984741211,20.549999237060547,0.0,20.549999237060547
2761,2000-08-02,20.200000762939453,20.0,0.0,20.0
2762,2000-08-03,20.290000915527344,19.989999771118164,0.0,19.989999771118164
2763,2000-08-04,18.75,18.6200008392334,0.0,18.6200008392334
2764,2000-08-07,19.309999465942383,19.030000686645508,0.0,19.030000686645508
2765,2000-08-08,18.889999389648438,18.790000915527344,0.0,18.790000915527344
2766,2000-08-09,18.780000686645508,19.18000030517578,0.0,19.18000030517578
2767,2000-08-10,18.969999313354492,19.190000534057617,0.0,19.190000534057617
2768,2000-08-11,19.260000228881836,18.549999237060547,0.0,18.549999237060547
2769,2000-08-14,18.979999542236328,17.8799991607666,0.0,17.8799991607666
2770,2000-08-15,17.969999313354492,17.979999542236328,0.0,17.979999542236328
2771,2000-08-16,17.809999465942383,18.020000457763672,0.0,18.020000457763672
2772,2000-08-17,18.0,17.479999542236328,0.0,17.479999542236328
2773,2000-08-18,17.170000076293945,17.049999237060547,0.0,17.049999237060547
2774,2000-08-21,17.709999084472656,17.350000381469727,0.0,17.350000381469727
2775,2000-08-22,17.829999923706055,17.469999313354492,0.0,17.469999313354492
2776,2000-08-23,17.59000015258789,17.3799991607666,0.0,17.3799991607666
2777,2000-08-24,17.420000076293945,17.040000915527344,0.0,17.040000915527344
2778,2000-08-25,16.959999084472656,16.530000686645508,0.0,16.530000686645508
2779,2000-08-28,17.110000610351562,16.540000915527344,0.0,16.540000915527344
2780,2000-08-29,16.84000015258789,16.889999389648438,0.0,16.889999389648438
2781,2000-08-30,17.1299991607666,17.690000534057617,0.0,17.690000534057617
2782,2000-08-31,17.440000534057617,16.84000015258789,0.0,16.84000015258789
2783,2000-09-01,16.809999465942383,17.530000686645508,0.0,17.530000686645508
2785,2000-09-05,19.18000030517578,19.81999969482422,0.0,19.81999969482422
2786,2000-09-06,19.700000762939453,20.790000915527344,0.0,20.790000915527344
2787,2000-09-07,20.469999313354492,19.420000076293945,0.0,19.420000076293945
2788,2000-09-08,18.809999465942383,18.459999084472656,0.0,18.459999084472656
2789,2000-09-11,19.030000686645508,18.399999618530273,0.0,18.399999618530273
2790,2000-09-12,18.329999923706055,18.59000015258789,0.0,18.59000015258789
2791,2000-09-13,18.760000228881836,18.31999969482422,0.0,18.31999969482422
2792,2000-09-14,18.239999771118164,18.260000228881836,0.0,18.260000228881836
2793,2000-09-15,18.09000015258789,18.520000457763672,0.0,18.520000457763672
2794,2000-09-18,18.8799991607666,20.25,0.0,20.25
2795,2000-09-19,20.219999313354492,19.540000915527344,0.0,19.540000915527344
2796,2000-09-20,19.989999771118164,19.93000030517578,0.0,19.93000030517578
2797,2000-09-21,20.170000076293945,20.18000030517578,0.0,20.18000030517578
2798,2000-09-22,22.09000015258789,20.739999771118164,0.0,20.739999771118164
2799,2000-09-25,20.850000381469727,21.40999984741211,0.0,21.40999984741211
2800,2000-09-26,21.5,21.8799991607666,0.0,21.8799991607666
2801,2000-09-27,21.709999084472656,21.670000076293945,0.0,21.670000076293945
2802,2000-09-28,21.280000686645508,19.469999313354492,0.0,19.469999313354492
2803,2000-09-29,19.8799991607666,20.56999969482422,0.0,20.56999969482422
2804,2000-10-02,20.979999542236328,21.229999542236328,0.0,21.229999542236328
2805,2000-10-03,20.989999771118164,21.850000381469727,0.0,21.850000381469727
2806,2000-10-04,22.18000030517578,21.540000915527344,0.0,21.540000915527344
2807,2000-10-05,21.020000457763672,21.030000686645508,0.0,21.030000686645508
2808,2000-10-06,20.530000686645508,22.709999084472656,0.0,22.709999084472656
2809,2000-10-09,23.920000076293945,24.020000457763672,0.0,24.020000457763672
2810,2000-10-10,23.770000457763672,24.860000610351562,0.0,24.860000610351562
2811,2000-10-11,26.229999542236328,26.56999969482422,0.0,26.56999969482422
2812,2000-10-12,27.209999084472656,30.510000228881836,0.0,30.510000228881836
2813,2000-10-13,29.34000015258789,27.600000381469727,0.0,27.600000381469727
2814,2000-10-16,27.329999923706055,26.790000915527344,0.0,26.790000915527344
2815,2000-10-17,26.190000534057617,27.84000015258789,0.0,27.84000015258789
2816,2000-10-18,30.700000762939453,28.719999313354492,0.0,28.719999313354492
2817,2000-10-19,26.799999237060547,25.09000015258789,0.0,25.09000015258789
2818,2000-10-20,24.6299991607666,24.239999771118164,0.0,24.239999771118164
2819,2000-10-23,24.579999923706055,24.690000534057617,0.0,24.690000534057617
2820,2000-10-24,24.139999389648438,24.280000686645508,0.0,24.280000686645508
2821,2000-10-25,25.579999923706055,26.649999618530273,0.0,26.649999618530273
2822,2000-10-26,26.639999389648438,28.6200008392334,0.0,28.6200008392334
2823,2000-10-27,27.420000076293945,26.469999313354492,0.0,26.469999313354492
2824,2000-10-30,26.229999542236328,25.459999084472656,0.0,25.459999084472656
2825,2000-10-31,24.770000457763672,23.6299991607666,0.0,23.6299991607666
2826,2000-11-01,24.06999969482422,24.280000686645508,0.0,24.280000686645508
2827,2000-11-02,23.709999084472656,23.920000076293945,0.0,23.920000076293945
2828,2000-11-03,24.049999237060547,23.670000076293945,0.0,23.670000076293945
2829,2000-11-06,24.530000686645508,24.520000457763672,0.0,24.520000457763672
2830,2000-11-07,25.1200008392334,24.90999984741211,0.0,24.90999984741211
2831,2000-11-08,24.8700008392334,25.65999984741211,0.0,25.65999984741211
2832,2000-11-09,26.790000915527344,27.200000762939453,0.0,27.200000762939453
2833,2000-11-10,28.06999969482422,28.530000686645508,0.0,28.530000686645508
2834,2000-11-13,29.1299991607666,29.059999465942383,0.0,29.059999465942383
2835,2000-11-14,27.93000030517578,26.809999465942383,0.0,26.809999465942383
2836,2000-11-15,27.239999771118164,26.149999618530273,0.0,26.149999618530273
2837,2000-11-16,25.81999969482422,25.049999237060547,0.0,25.049999237060547
2838,2000-11-17,25.5,24.809999465942383,0.0,24.809999465942383
2839,2000-11-20,26.489999771118164,27.43000030517578,0.0,27.43000030517578
2840,2000-11-21,27.43000030517578,26.6200008392334,0.0,26.6200008392334
2841,2000-11-22,26.90999984741211,27.709999084472656,0.0,27.709999084472656
2843,2000-11-24,27.31999969482422,26.0,0.0,26.0
2844,2000-11-27,26.1200008392334,26.93000030517578,0.0,26.93000030517578
2845,2000-11-28,26.989999771118164,27.639999389648438,0.0,27.639999389648438
2846,2000-11-29,27.8799991607666,27.489999771118164,0.0,27.489999771118164
2847,2000-11-30,28.639999389648438,29.649999618530273,0.0,29.649999618530273
2848,2000-12-01,28.309999465942383,27.479999542236328,0.0,27.479999542236328
2849,2000-12-04,28.549999237060547,27.780000686645508,0.0,27.780000686645508
2850,2000-12-05,27.280000686645508,24.989999771118164,0.0,24.989999771118164
2851,2000-12-06,24.31999969482422,25.06999969482422,0.0,25.06999969482422
2852,2000-12-07,25.459999084472656,25.34000015258789,0.0,25.34000015258789
2853,2000-12-08,23.739999771118164,22.40999984741211,0.0,22.40999984741211
2854,2000-12-11,23.799999237060547,23.510000228881836,0.0,23.510000228881836
2855,2000-12-12,24.030000686645508,24.8799991607666,0.0,24.8799991607666
2856,2000-12-13,23.690000534057617,23.6299991607666,0.0,23.6299991607666
2857,2000-12-14,23.399999618530273,24.860000610351562,0.0,24.860000610351562
2858,2000-12-15,25.43000030517578,26.549999237060547,0.0,26.549999237060547
2859,2000-12-18,26.790000915527344,27.700000762939453,0.0,27.700000762939453
2860,2000-12-19,27.350000381469727,27.170000076293945,0.0,27.170000076293945
2861,2000-12-20,29.950000762939453,31.739999771118164,0.0,31.739999771118164
2862,2000-12-21,31.969999313354492,29.65999984741211,0.0,29.65999984741211
2863,2000-12-22,28.75,27.549999237060547,0.0,27.549999237060547
2865,2000-12-26,28.469999313354492,28.729999542236328,0.0,28.729999542236328
2866,2000-12-27,28.8799991607666,28.139999389648438,0.0,28.139999389648438
2867,2000-12-28,27.989999771118164,26.56999969482422,0.0,26.56999969482422
2868,2000-12-29,26.350000381469727,26.850000381469727,0.0,26.850000381469727
2870,2001-01-02,27.93000030517578,29.989999771118164,0.0,29.989999771118164
2871,2001-01-03,29.6299991607666,26.600000381469727,0.0,26.600000381469727
2872,2001-01-04,26.350000381469727,26.969999313354492,0.0,26.969999313354492
2873,2001-01-05,27.809999465942383,28.670000076293945,0.0,28.670000076293945
2874,2001-01-08,29.979999542236328,29.84000015258789,0.0,29.84000015258789
2875,2001-01-09,29.469999313354492,27.989999771118164,0.0,27.989999771118164
2876,2001-01-10,28.440000534057617,26.799999237060547,0.0,26.799999237060547
2877,2001-01-11,26.68000030517578,25.790000915527344,0.0,25.790000915527344
2878,2001-01-12,25.309999465942383,24.559999465942383,0.0,24.559999465942383
2880,2001-01-16,25.59000015258789,25.280000686645508,0.0,25.280000686645508
2881,2001-01-17,24.399999618530273,24.93000030517578,0.0,24.93000030517578
2882,2001-01-18,24.479999542236328,23.3700008392334,0.0,23.3700008392334
2883,2001-01-19,23.6200008392334,23.239999771118164,0.0,23.239999771118164
2884,2001-01-22,24.270000457763672,23.25,0.0,23.25
2885,2001-01-23,23.0,21.56999969482422,0.0,21.56999969482422
2886,2001-01-24,21.979999542236328,22.030000686645508,0.0,22.030000686645508
2887,2001-01-25,22.440000534057617,22.639999389648438,0.0,22.639999389648438
2888,2001-01-26,22.520000457763672,22.56999969482422,0.0,22.56999969482422
2889,2001-01-29,22.799999237060547,22.610000610351562,0.0,22.610000610351562
2890,2001-01-30,23.06999969482422,22.56999969482422,0.0,22.56999969482422
2891,2001-01-31,22.940000534057617,22.020000457763672,0.0,22.020000457763672
2892,2001-02-01,22.389999389648438,21.65999984741211,0.0,21.65999984741211
2893,2001-02-02,20.8700008392334,21.950000762939453,0.0,21.950000762939453
2894,2001-02-05,22.75,22.190000534057617,0.0,22.190000534057617
2895,2001-02-06,22.040000915527344,21.979999542236328,0.0,21.979999542236328
2896,2001-02-07,21.6299991607666,21.670000076293945,0.0,21.670000076293945
2897,2001-02-08,21.459999084472656,21.459999084472656,0.0,21.459999084472656
2898,2001-02-09,21.670000076293945,22.030000686645508,0.0,22.030000686645508
2899,2001-02-12,23.059999465942383,21.920000076293945,0.0,21.920000076293945
2900,2001-02-13,21.639999389648438,21.3700008392334,0.0,21.3700008392334
2901,2001-02-14,21.84000015258789,21.520000457763672,0.0,21.520000457763672
2902,2001-02-15,21.510000228881836,20.270000457763672,0.0,20.270000457763672
2903,2001-02-16,21.649999618530273,22.1200008392334,0.0,22.1200008392334
2905,2001-02-20,23.43000030517578,24.690000534057617,0.0,24.690000534057617
2906,2001-02-21,24.809999465942383,25.75,0.0,25.75
2907,2001-02-22,25.959999084472656,26.760000228881836,0.0,26.760000228881836
2908,2001-02-23,27.18000030517578,27.209999084472656,0.0,27.209999084472656
2909,2001-02-26,27.18000030517578,25.43000030517578,0.0,25.43000030517578
2910,2001-02-27,25.56999969482422,26.489999771118164,0.0,26.489999771118164
2911,2001-02-28,26.3700008392334,28.350000381469727,0.0,28.350000381469727
2912,2001-03-01,29.65999984741211,28.079999923706055,0.0,28.079999923706055
2913,2001-03-02,29.079999923706055,27.43000030517578,0.0,27.43000030517578
2914,2001-03-05,28.31999969482422,27.1200008392334,0.0,27.1200008392334
2915,2001-03-06,26.260000228881836,25.889999389648438,0.0,25.889999389648438
2916,2001-03-07,25.280000686645508,24.1200008392334,0.0,24.1200008392334
2917,2001-03-08,24.420000076293945,24.290000915527344,0.0,24.290000915527344
2918,2001-03-09,24.469999313354492,25.6200008392334,0.0,25.6200008392334
2919,2001-03-12,27.8799991607666,30.31999969482422,0.0,30.31999969482422
2920,2001-03-13,30.770000457763672,27.549999237060547,0.0,27.549999237060547
2921,2001-03-14,30.3700008392334,29.610000610351562,0.0,29.610000610351562
2922,2001-03-15,28.530000686645508,28.559999465942383,0.0,28.559999465942383
2923,2001-03-16,28.780000686645508,29.90999984741211,0.0,29.90999984741211
2924,2001-03-19,30.610000610351562,29.780000686645508,0.0,29.780000686645508
2925,2001-03-20,30.020000457763672,30.959999084472656,0.0,30.959999084472656
2926,2001-03-21,31.40999984741211,31.93000030517578,0.0,31.93000030517578
2927,2001-03-22,32.40999984741211,32.84000015258789,0.0,32.84000015258789
2928,2001-03-23,33.0,30.450000762939453,0.0,30.450000762939453
2929,2001-03-26,30.0,29.040000915527344,0.0,29.040000915527344
2930,2001-03-27,28.520000457763672,27.040000915527344,0.0,27.040000915527344
2931,2001-03-28,28.260000228881836,28.579999923706055,0.0,28.579999923706055
2932,2001-03-29,29.270000457763672,29.170000076293945,0.0,29.170000076293945
2933,2001-03-30,28.760000228881836,28.639999389648438,0.0,28.639999389648438
2934,2001-04-02,29.399999618530273,31.209999084472656,0.0,31.209999084472656
2935,2001-04-03,32.91999816894531,34.720001220703125,0.0,34.720001220703125
2936,2001-04-04,34.279998779296875,34.06999969482422,0.0,34.06999969482422
2937,2001-04-05,32.5099983215332,29.940000534057617,0.0,29.940000534057617
2938,2001-04-06,30.389999389648438,31.690000534057617,0.0,31.690000534057617
2939,2001-04-09,31.940000534057617,31.90999984741211,0.0,31.90999984741211
2940,2001-04-10,30.670000076293945,29.440000534057617,0.0,29.440000534057617
2941,2001-04-11,28.940000534057617,28.459999084472656,0.0,28.459999084472656
2942,2001-04-12,28.09000015258789,26.1200008392334,0.0,26.1200008392334
2944,2001-04-16,26.850000381469727,26.329999923706055,0.0,26.329999923706055
2945,2001-04-17,26.040000915527344,25.610000610351562,0.0,25.610000610351562
2946,2001-04-18,24.579999923706055,24.1299991607666,0.0,24.1299991607666
2947,2001-04-19,24.510000228881836,24.15999984741211,0.0,24.15999984741211
2948,2001-04-20,24.670000076293945,25.3799991607666,0.0,25.3799991607666
2949,2001-04-23,27.350000381469727,28.15999984741211,0.0,28.15999984741211
2950,2001-04-24,27.700000762939453,28.489999771118164,0.0,28.489999771118164
2951,2001-04-25,28.639999389648438,27.399999618530273,0.0,27.399999618530273
2952,2001-04-26,26.40999984741211,25.959999084472656,0.0,25.959999084472656
2953,2001-04-27,25.0,24.020000457763672,0.0,24.020000457763672
2954,2001-04-30,24.209999084472656,25.479999542236328,0.0,25.479999542236328
2955,2001-05-01,25.459999084472656,24.200000762939453,0.0,24.200000762939453
2956,2001-05-02,24.600000381469727,24.229999542236328,0.0,24.229999542236328
2957,2001-05-03,25.520000457763672,25.780000686645508,0.0,25.780000686645508
2958,2001-05-04,26.489999771118164,23.90999984741211,0.0,23.90999984741211
2959,2001-05-07,25.100000381469727,24.860000610351562,0.0,24.860000610351562
2960,2001-05-08,24.489999771118164,24.440000534057617,0.0,24.440000534057617
2961,2001-05-09,24.940000534057617,24.350000381469727,0.0,24.350000381469727
2962,2001-05-10,23.690000534057617,24.0,0.0,24.0
2963,2001-05-11,23.139999389648438,23.540000915527344,0.0,23.540000915527344
2964,2001-05-14,24.229999542236328,24.260000228881836,0.0,24.260000228881836
2965,2001-05-15,24.40999984741211,23.709999084472656,0.0,23.709999084472656
2966,2001-05-16,23.170000076293945,21.889999389648438,0.0,21.889999389648438
2967,2001-05-17,22.5,21.469999313354492,0.0,21.469999313354492
2968,2001-05-18,21.459999084472656,21.229999542236328,0.0,21.229999542236328
2969,2001-05-21,21.899999618530273,20.760000228881836,0.0,20.760000228881836
2970,2001-05-22,21.530000686645508,21.350000381469727,0.0,21.350000381469727
2971,2001-05-23,21.600000381469727,22.079999923706055,0.0,22.079999923706055
2972,2001-05-24,21.850000381469727,20.56999969482422,0.0,20.56999969482422
2973,2001-05-25,20.600000381469727,20.600000381469727,0.0,20.600000381469727
2975,2001-05-29,22.15999984741211,22.139999389648438,0.0,22.139999389648438
2976,2001-05-30,22.399999618530273,22.760000228881836,0.0,22.760000228881836
2977,2001-05-31,22.959999084472656,22.639999389648438,0.0,22.639999389648438
2978,2001-06-01,23.020000457763672,21.59000015258789,0.0,21.59000015258789
2979,2001-06-04,21.639999389648438,21.3799991607666,0.0,21.3799991607666
2980,2001-06-05,20.799999237060547,19.579999923706055,0.0,19.579999923706055
2981,2001-06-06,20.09000015258789,20.389999389648438,0.0,20.389999389648438
2982,2001-06-07,20.350000381469727,19.670000076293945,0.0,19.670000076293945
2983,2001-06-08,19.6200008392334,19.920000076293945,0.0,19.920000076293945
2984,2001-06-11,20.6200008392334,20.700000762939453,0.0,20.700000762939453
2985,2001-06-12,21.209999084472656,20.700000762939453,0.0,20.700000762939453
2986,2001-06-13,20.790000915527344,21.450000762939453,0.0,21.450000762939453
2987,2001-06-14,22.1299991607666,23.1200008392334,0.0,23.1200008392334
2988,2001-06-15,23.979999542236328,22.809999465942383,0.0,22.809999465942383
2989,2001-06-18,23.260000228881836,23.170000076293945,0.0,23.170000076293945
2990,2001-06-19,22.399999618530273,22.34000015258789,0.0,22.34000015258789
2991,2001-06-20,22.049999237060547,21.709999084472656,0.0,21.709999084472656
2992,2001-06-21,21.309999465942383,19.3799991607666,0.0,19.3799991607666
2993,2001-06-22,19.81999969482422,20.020000457763672,0.0,20.020000457763672
2994,2001-06-25,20.360000610351562,20.670000076293945,0.0,20.670000076293945
2995,2001-06-26,21.450000762939453,21.200000762939453,0.0,21.200000762939453
2996,2001-06-27,21.549999237060547,20.8799991607666,0.0,20.8799991607666
2997,2001-06-28,20.18000030517578,20.010000228881836,0.0,20.010000228881836
2998,2001-06-29,19.899999618530273,19.059999465942383,0.0,19.059999465942383
2999,2001-07-02,19.75,18.760000228881836,0.0,18.760000228881836
3000,2001-07-03,19.209999084472656,18.920000076293945,0.0,18.920000076293945
3002,2001-07-05,20.139999389648438,20.09000015258789,0.0,20.09000015258789
3003,2001-07-06,20.959999084472656,21.6299991607666,0.0,21.6299991607666
3004,2001-07-09,22.709999084472656,22.479999542236328,0.0,22.479999542236328
3005,2001-07-10,22.280000686645508,23.25,0.0,23.25
3006,2001-07-11,24.170000076293945,24.010000228881836,0.0,24.010000228881836
3007,2001-07-12,23.290000915527344,22.09000015258789,0.0,22.09000015258789
3008,2001-07-13,22.030000686645508,21.139999389648438,0.0,21.139999389648438
3009,2001-07-16,21.690000534057617,22.90999984741211,0.0,22.90999984741211
3010,2001-07-17,23.540000915527344,22.610000610351562,0.0,22.610000610351562
3011,2001-07-18,23.190000534057617,23.600000381469727,0.0,23.600000381469727
3012,2001-07-19,22.579999923706055,22.510000228881836,0.0,22.510000228881836
3013,2001-07-20,22.670000076293945,22.34000015258789,0.0,22.34000015258789
3014,2001-07-23,22.639999389648438,23.739999771118164,0.0,23.739999771118164
3015,2001-07-24,24.200000762939453,25.239999771118164,0.0,25.239999771118164
3016,2001-07-25,24.920000076293945,24.0,0.0,24.0
3017,2001-07-26,24.020000457763672,23.010000228881836,0.0,23.010000228881836
3018,2001-07-27,23.020000457763672,22.0,0.0,22.0
3019,2001-07-30,22.479999542236328,22.690000534057617,0.0,22.690000534057617
3020,2001-07-31,22.309999465942383,21.6200008392334,0.0,21.6200008392334
3021,2001-08-01,20.969999313354492,20.559999465942383,0.0,20.559999465942383
3022,2001-08-02,20.329999923706055,20.09000015258789,0.0,20.09000015258789
3023,2001-08-03,20.229999542236328,19.889999389648438,0.0,19.889999389648438
3024,2001-08-06,21.06999969482422,21.889999389648438,0.0,21.889999389648438
3025,2001-08-07,21.43000030517578,21.010000228881836,0.0,21.010000228881836
3026,2001-08-08,21.520000457763672,22.31999969482422,0.0,22.31999969482422
3027,2001-08-09,22.020000457763672,21.75,0.0,21.75
3028,2001-08-10,20.559999465942383,20.549999237060547,0.0,20.549999237060547
3029,2001-08-13,20.579999923706055,20.420000076293945,0.0,20.420000076293945
3030,2001-08-14,19.950000762939453,20.479999542236328,0.0,20.479999542236328
3031,2001-08-15,20.139999389648438,20.90999984741211,0.0,20.90999984741211
3032,2001-08-16,21.260000228881836,21.540000915527344,0.0,21.540000915527344
3033,2001-08-17,21.940000534057617,23.84000015258789,0.0,23.84000015258789
3034,2001-08-20,24.829999923706055,22.8700008392334,0.0,22.8700008392334
3035,2001-08-21,22.549999237060547,24.399999618530273,0.0,24.399999618530273
3036,2001-08-22,22.709999084472656,22.440000534057617,0.0,22.440000534057617
3037,2001-08-23,22.049999237060547,22.229999542236328,0.0,22.229999542236328
3038,2001-08-24,21.299999237060547,19.709999084472656,0.0,19.709999084472656
3039,2001-08-27,20.5,20.559999465942383,0.0,20.559999465942383
3040,2001-08-28,20.899999618530273,22.0,0.0,22.0
3041,2001-08-29,21.850000381469727,23.030000686645508,0.0,23.030000686645508
3042,2001-08-30,23.15999984741211,25.40999984741211,0.0,25.40999984741211
3043,2001-08-31,25.309999465942383,24.920000076293945,0.0,24.920000076293945
3045,2001-09-04,26.110000610351562,25.850000381469727,0.0,25.850000381469727
3046,2001-09-05,26.219999313354492,26.350000381469727,0.0,26.350000381469727
3047,2001-09-06,27.229999542236328,28.610000610351562,0.0,28.610000610351562
3048,2001-09-07,29.889999389648438,30.989999771118164,0.0,30.989999771118164
3049,2001-09-10,33.11000061035156,31.84000015258789,0.0,31.84000015258789
3054,2001-09-17,43.20000076293945,41.7599983215332,0.0,41.7599983215332
3055,2001-09-18,41.06999969482422,38.869998931884766,0.0,38.869998931884766
3056,2001-09-19,37.880001068115234,40.560001373291016,0.0,40.560001373291016
3057,2001-09-20,41.400001525878906,43.7400016784668,0.0,43.7400016784668
3058,2001-09-21,48.93000030517578,42.65999984741211,0.0,42.65999984741211
3059,2001-09-24,41.31999969482422,37.75,0.0,37.75
3060,2001-09-25,37.060001373291016,35.810001373291016,0.0,35.810001373291016
3061,2001-09-26,35.0,35.2599983215332,0.0,35.2599983215332
3062,2001-09-27,35.45000076293945,34.0,0.0,34.0
3063,2001-09-28,33.08000183105469,31.93000030517578,0.0,31.93000030517578
3064,2001-10-01,33.41999816894531,32.31999969482422,0.0,32.31999969482422
3065,2001-10-02,32.40999984741211,31.18000030517578,0.0,31.18000030517578
3066,2001-10-03,32.400001525878906,31.34000015258789,0.0,31.34000015258789
3067,2001-10-04,31.3700008392334,31.969999313354492,0.0,31.969999313354492
3068,2001-10-05,32.68000030517578,33.38999938964844,0.0,33.38999938964844
3069,2001-10-08,35.65999984741211,35.119998931884766,0.0,35.119998931884766
3070,2001-10-09,35.25,34.83000183105469,0.0,34.83000183105469
3071,2001-10-10,34.16999816894531,31.600000381469727,0.0,31.600000381469727
3072,2001-10-11,30.93000030517578,31.5,0.0,31.5
3073,2001-10-12,32.47999954223633,35.27000045776367,0.0,35.27000045776367
3074,2001-10-15,36.75,35.310001373291016,0.0,35.310001373291016
3075,2001-10-16,34.810001373291016,32.880001068115234,0.0,32.880001068115234
3076,2001-10-17,32.439998626708984,35.08000183105469,0.0,35.08000183105469
3077,2001-10-18,35.41999816894531,34.95000076293945,0.0,34.95000076293945
3078,2001-10-19,34.7599983215332,34.11000061035156,0.0,34.11000061035156
3079,2001-10-22,34.470001220703125,32.25,0.0,32.25
3080,2001-10-23,32.2400016784668,32.0,0.0,32.0
3081,2001-10-24,31.739999771118164,30.950000762939453,0.0,30.950000762939453
3082,2001-10-25,32.400001525878906,29.459999084472656,0.0,29.459999084472656
3083,2001-10-26,30.020000457763672,28.420000076293945,0.0,28.420000076293945
3084,2001-10-29,30.43000030517578,31.639999389648438,0.0,31.639999389648438
3085,2001-10-30,33.2400016784668,33.459999084472656,0.0,33.459999084472656
3086,2001-10-31,33.119998931884766,33.560001373291016,0.0,33.560001373291016
3087,2001-11-01,33.970001220703125,32.310001373291016,0.0,32.310001373291016
3088,2001-11-02,32.45000076293945,30.709999084472656,0.0,30.709999084472656
3089,2001-11-05,31.139999389648438,30.5,0.0,30.5
3090,2001-11-06,30.639999389648438,28.799999237060547,0.0,28.799999237060547
3091,2001-11-07,29.40999984741211,29.1299991607666,0.0,29.1299991607666
3092,2001-11-08,28.510000228881836,28.6200008392334,0.0,28.6200008392334
3093,2001-11-09,28.989999771118164,27.440000534057617,0.0,27.440000534057617
3094,2001-11-12,31.940000534057617,29.350000381469727,0.0,29.350000381469727
3095,2001-11-13,27.950000762939453,26.469999313354492,0.0,26.469999313354492
3096,2001-11-14,26.270000457763672,26.559999465942383,0.0,26.559999465942383
3097,2001-11-15,26.329999923706055,25.559999465942383,0.0,25.559999465942383
3098,2001-11-16,25.760000228881836,25.06999969482422,0.0,25.06999969482422
3099,2001-11-19,25.43000030517578,24.459999084472656,0.0,24.459999084472656
3100,2001-11-20,24.350000381469727,24.1200008392334,0.0,24.1200008392334
3101,2001-11-21,23.860000610351562,24.190000534057617,0.0,24.190000534057617
3103,2001-11-23,23.93000030517578,23.25,0.0,23.25
3104,2001-11-26,24.219999313354492,23.790000915527344,0.0,23.790000915527344
3105,2001-11-27,23.600000381469727,24.0,0.0,24.0
3106,2001-11-28,24.56999969482422,25.899999618530273,0.0,25.899999618530273
3107,2001-11-29,26.15999984741211,25.18000030517578,0.0,25.18000030517578
3108,2001-11-30,25.049999237060547,23.84000015258789,0.0,23.84000015258789
3109,2001-12-03,25.920000076293945,25.770000457763672,0.0,25.770000457763672
3110,2001-12-04,25.40999984741211,24.079999923706055,0.0,24.079999923706055
3111,2001-12-05,23.149999618530273,23.020000457763672,0.0,23.020000457763672
3112,2001-12-06,23.5,23.709999084472656,0.0,23.709999084472656
3113,2001-12-07,23.760000228881836,23.489999771118164,0.0,23.489999771118164
3114,2001-12-10,24.969999313354492,25.6200008392334,0.0,25.6200008392334
3115,2001-12-11,25.25,25.299999237060547,0.0,25.299999237060547
3116,2001-12-12,25.0,24.8700008392334,0.0,24.8700008392334
3117,2001-12-13,25.479999542236328,25.90999984741211,0.0,25.90999984741211
3118,2001-12-14,25.280000686645508,24.6299991607666,0.0,24.6299991607666
3119,2001-12-17,25.020000457763672,24.260000228881836,0.0,24.260000228881836
3120,2001-12-18,23.43000030517578,23.290000915527344,0.0,23.290000915527344
3121,2001-12-19,23.34000015258789,22.579999923706055,0.0,22.579999923706055
3122,2001-12-20,22.559999465942383,23.670000076293945,0.0,23.670000076293945
3123,2001-12-21,23.1299991607666,22.5,0.0,22.5
3124,2001-12-24,23.059999465942383,22.6200008392334,0.0,22.6200008392334
3126,2001-12-26,22.360000610351562,22.290000915527344,0.0,22.290000915527344
3127,2001-12-27,22.010000228881836,21.59000015258789,0.0,21.59000015258789
3128,2001-12-28,21.399999618530273,21.399999618530273,0.0,21.399999618530273
3129,2001-12-31,22.5,23.799999237060547,0.0,23.799999237060547
3131,2002-01-02,23.780000686645508,22.709999084472656,0.0,22.709999084472656
3132,2002-01-03,22.219999313354492,21.34000015258789,0.0,21.34000015258789
3133,2002-01-04,20.969999313354492,20.450000762939453,0.0,20.450000762939453
3134,2002-01-07,21.40999984741211,21.940000534057617,0.0,21.940000534057617
3135,2002-01-08,21.6299991607666,21.829999923706055,0.0,21.829999923706055
3136,2002-01-09,21.299999237060547,22.1299991607666,0.0,22.1299991607666
3137,2002-01-10,22.280000686645508,22.360000610351562,0.0,22.360000610351562
3138,2002-01-11,22.290000915527344,22.600000381469727,0.0,22.600000381469727
3139,2002-01-14,23.940000534057617,23.579999923706055,0.0,23.579999923706055
3140,2002-01-15,23.389999389648438,22.700000762939453,0.0,22.700000762939453
3141,2002-01-16,23.420000076293945,23.450000762939453,0.0,23.450000762939453
3142,2002-01-17,23.34000015258789,22.25,0.0,22.25
3143,2002-01-18,22.969999313354492,22.520000457763672,0.0,22.520000457763672
3145,2002-01-22,22.93000030517578,23.610000610351562,0.0,23.610000610351562
3146,2002-01-23,23.350000381469727,21.8799991607666,0.0,21.8799991607666
3147,2002-01-24,21.190000534057617,21.149999618530273,0.0,21.149999618530273
3148,2002-01-25,21.360000610351562,21.010000228881836,0.0,21.010000228881836
3149,2002-01-28,21.239999771118164,21.139999389648438,0.0,21.139999389648438
3150,2002-01-29,20.920000076293945,24.350000381469727,0.0,24.350000381469727
3151,2002-01-30,24.579999923706055,23.219999313354492,0.0,23.219999313354492
3152,2002-01-31,22.450000762939453,21.09000015258789,0.0,21.09000015258789
3153,2002-02-01,21.1200008392334,21.1200008392334,0.0,21.1200008392334
3154,2002-02-04,22.770000457763672,24.8700008392334,0.0,24.8700008392334
3155,2002-02-05,25.260000228881836,25.450000762939453,0.0,25.450000762939453
3156,2002-02-06,25.530000686645508,26.09000015258789,0.0,26.09000015258789
3157,2002-02-07,25.989999771118164,25.110000610351562,0.0,25.110000610351562
3158,2002-02-08,24.559999465942383,23.260000228881836,0.0,23.260000228881836
3159,2002-02-11,24.040000915527344,21.780000686645508,0.0,21.780000686645508
3160,2002-02-12,22.299999237060547,21.6200008392334,0.0,21.6200008392334
3161,2002-02-13,20.920000076293945,20.850000381469727,0.0,20.850000381469727
3162,2002-02-14,21.920000076293945,21.770000457763672,0.0,21.770000457763672
3163,2002-02-15,21.979999542236328,22.3700008392334,0.0,22.3700008392334
3165,2002-02-19,23.920000076293945,24.43000030517578,0.0,24.43000030517578
3166,2002-02-20,23.780000686645508,22.65999984741211,0.0,22.65999984741211
3167,2002-02-21,22.59000015258789,23.799999237060547,0.0,23.799999237060547
3168,2002-02-22,24.040000915527344,22.860000610351562,0.0,22.860000610351562
3169,2002-02-25,23.09000015258789,21.84000015258789,0.0,21.84000015258789
3170,2002-02-26,21.360000610351562,21.68000030517578,0.0,21.68000030517578
3171,2002-02-27,21.18000030517578,21.489999771118164,0.0,21.489999771118164
3172,2002-02-28,21.1200008392334,21.59000015258789,0.0,21.59000015258789
3173,2002-03-01,21.059999465942383,19.959999084472656,0.0,19.959999084472656
3174,2002-03-04,20.690000534057617,20.5,0.0,20.5
3175,2002-03-05,20.760000228881836,20.299999237060547,0.0,20.299999237060547
3176,2002-03-06,20.270000457763672,19.940000534057617,0.0,19.940000534057617
3177,2002-03-07,20.719999313354492,20.040000915527344,0.0,20.040000915527344
3178,2002-03-08,19.760000228881836,19.270000457763672,0.0,19.270000457763672
3179,2002-03-11,20.65999984741211,19.84000015258789,0.0,19.84000015258789
3180,2002-03-12,20.520000457763672,19.59000015258789,0.0,19.59000015258789
3181,2002-03-13,19.829999923706055,19.459999084472656,0.0,19.459999084472656
3182,2002-03-14,19.450000762939453,19.200000762939453,0.0,19.200000762939453
3183,2002-03-15,18.770000457763672,18.420000076293945,0.0,18.420000076293945
3184,2002-03-18,18.790000915527344,18.93000030517578,0.0,18.93000030517578
3185,2002-03-19,18.5,18.15999984741211,0.0,18.15999984741211
3186,2002-03-20,18.700000762939453,18.459999084472656,0.0,18.459999084472656
3187,2002-03-21,18.610000610351562,18.149999618530273,0.0,18.149999618530273
3188,2002-03-22,18.34000015258789,17.770000457763672,0.0,17.770000457763672
3189,2002-03-25,18.18000030517578,18.479999542236328,0.0,18.479999542236328
3190,2002-03-26,18.440000534057617,18.1299991607666,0.0,18.1299991607666
3191,2002-03-27,18.100000381469727,17.700000762939453,0.0,17.700000762939453
3192,2002-03-28,17.229999542236328,17.399999618530273,0.0,17.399999618530273
3194,2002-04-01,18.989999771118164,18.729999542236328,0.0,18.729999542236328
3195,2002-04-02,19.1200008392334,19.15999984741211,0.0,19.15999984741211
3196,2002-04-03,19.40999984741211,20.200000762939453,0.0,20.200000762939453
3197,2002-04-04,19.899999618530273,19.780000686645508,0.0,19.780000686645508
3198,2002-04-05,19.329999923706055,19.1299991607666,0.0,19.1299991607666
3199,2002-04-08,20.350000381469727,19.610000610351562,0.0,19.610000610351562
3200,2002-04-09,19.309999465942383,19.469999313354492,0.0,19.469999313354492
3201,2002-04-10,19.219999313354492,18.190000534057617,0.0,18.190000534057617
3202,2002-04-11,18.719999313354492,20.299999237060547,0.0,20.299999237060547
3203,2002-04-12,19.959999084472656,19.420000076293945,0.0,19.420000076293945
3204,2002-04-15,20.1299991607666,19.81999969482422,0.0,19.81999969482422
3205,2002-04-16,18.579999923706055,18.110000610351562,0.0,18.110000610351562
3206,2002-04-17,18.34000015258789,18.43000030517578,0.0,18.43000030517578
3207,2002-04-18,17.81999969482422,19.290000915527344,0.0,19.290000915527344
3208,2002-04-19,18.40999984741211,18.299999237060547,0.0,18.299999237060547
3209,2002-04-22,19.40999984741211,19.770000457763672,0.0,19.770000457763672
3210,2002-04-23,19.229999542236328,20.280000686645508,0.0,20.280000686645508
3211,2002-04-24,20.010000228881836,20.770000457763672,0.0,20.770000457763672
3212,2002-04-25,21.559999465942383,20.950000762939453,0.0,20.950000762939453
3213,2002-04-26,20.719999313354492,22.139999389648438,0.0,22.139999389648438
3214,2002-04-29,23.229999542236328,24.049999237060547,0.0,24.049999237060547
3215,2002-04-30,24.030000686645508,21.90999984741211,0.0,21.90999984741211
3216,2002-05-01,21.440000534057617,20.059999465942383,0.0,20.059999465942383
3217,2002-05-02,20.110000610351562,20.06999969482422,0.0,20.06999969482422
3218,2002-05-03,20.25,20.190000534057617,0.0,20.190000534057617
3219,2002-05-06,20.989999771118164,22.559999465942383,0.0,22.559999465942383
3220,2002-05-07,22.3799991607666,21.940000534057617,0.0,21.940000534057617
3221,2002-05-08,21.299999237060547,20.389999389648438,0.0,20.389999389648438
3222,2002-05-09,20.84000015258789,21.559999465942383,0.0,21.559999465942383
3223,2002-05-10,21.829999923706055,22.40999984741211,0.0,22.40999984741211
3224,2002-05-13,22.25,20.719999313354492,0.0,20.719999313354492
3225,2002-05-14,19.8700008392334,19.350000381469727,0.0,19.350000381469727
3226,2002-05-15,19.5,19.190000534057617,0.0,19.190000534057617
3227,2002-05-16,19.309999465942383,18.5,0.0,18.5
3228,2002-05-17,18.010000228881836,17.700000762939453,0.0,17.700000762939453
3229,2002-05-20,18.760000228881836,19.239999771118164,0.0,19.239999771118164
3230,2002-05-21,19.040000915527344,20.049999237060547,0.0,20.049999237060547
3231,2002-05-22,20.25,19.579999923706055,0.0,19.579999923706055
3232,2002-05-23,19.049999237060547,18.229999542236328,0.0,18.229999542236328
3233,2002-05-24,18.219999313354492,18.899999618530273,0.0,18.899999618530273
3235,2002-05-28,20.209999084472656,20.309999465942383,0.0,20.309999465942383
3236,2002-05-29,20.40999984741211,20.389999389648438,0.0,20.389999389648438
3237,2002-05-30,20.8799991607666,20.610000610351562,0.0,20.610000610351562
3238,2002-05-31,20.260000228881836,19.979999542236328,0.0,19.979999542236328
3239,2002-06-03,20.979999542236328,23.3700008392334,0.0,23.3700008392334
3240,2002-06-04,23.600000381469727,23.889999389648438,0.0,23.889999389648438
3241,2002-06-05,23.520000457763672,22.610000610351562,0.0,22.610000610351562
3242,2002-06-06,22.969999313354492,24.15999984741211,0.0,24.15999984741211
3243,2002-06-07,25.959999084472656,23.510000228881836,0.0,23.510000228881836
3244,2002-06-10,24.18000030517578,23.719999313354492,0.0,23.719999313354492
3245,2002-06-11,23.110000610351562,24.450000762939453,0.0,24.450000762939453
3246,2002-06-12,24.18000030517578,24.149999618530273,0.0,24.149999618530273
3247,2002-06-13,24.649999618530273,25.020000457763672,0.0,25.020000457763672
3248,2002-06-14,28.43000030517578,25.959999084472656,0.0,25.959999084472656
3249,2002-06-17,25.920000076293945,24.639999389648438,0.0,24.639999389648438
3250,2002-06-18,24.75,24.239999771118164,0.0,24.239999771118164
3251,2002-06-19,25.049999237060547,26.059999465942383,0.0,26.059999465942383
3252,2002-06-20,26.100000381469727,27.479999542236328,0.0,27.479999542236328
3253,2002-06-21,28.3799991607666,27.229999542236328,0.0,27.229999542236328
3254,2002-06-24,27.93000030517578,26.979999542236328,0.0,26.979999542236328
3255,2002-06-25,26.40999984741211,27.84000015258789,0.0,27.84000015258789
3256,2002-06-26,29.989999771118164,28.420000076293945,0.0,28.420000076293945
3257,2002-06-27,27.670000076293945,26.290000915527344,0.0,26.290000915527344
3258,2002-06-28,25.739999771118164,25.399999618530273,0.0,25.399999618530273
3259,2002-07-01,25.709999084472656,27.110000610351562,0.0,27.110000610351562
3260,2002-07-02,27.559999465942383,28.959999084472656,0.0,28.959999084472656
3261,2002-07-03,28.8799991607666,29.420000076293945,0.0,29.420000076293945
3263,2002-07-05,27.299999237060547,27.110000610351562,0.0,27.110000610351562
3264,2002-07-08,28.540000915527344,28.25,0.0,28.25
3265,2002-07-09,27.959999084472656,30.219999313354492,0.0,30.219999313354492
3266,2002-07-10,31.399999618530273,34.099998474121094,0.0,34.099998474121094
3267,2002-07-11,34.41999816894531,33.849998474121094,0.0,33.849998474121094
3268,2002-07-12,34.29999923706055,32.939998626708984,0.0,32.939998626708984
3269,2002-07-15,35.06999969482422,35.029998779296875,0.0,35.029998779296875
3270,2002-07-16,35.970001220703125,36.650001525878906,0.0,36.650001525878906
3271,2002-07-17,34.25,35.45000076293945,0.0,35.45000076293945
3272,2002-07-18,35.20000076293945,35.119998931884766,0.0,35.119998931884766
3273,2002-07-19,36.41999816894531,38.16999816894531,0.0,38.16999816894531
3274,2002-07-22,39.130001068115234,41.869998931884766,0.0,41.869998931884766
3275,2002-07-23,42.27000045776367,44.91999816894531,0.0,44.91999816894531
3276,2002-07-24,48.16999816894531,39.86000061035156,0.0,39.86000061035156
3277,2002-07-25,40.650001525878906,39.27000045776367,0.0,39.27000045776367
3278,2002-07-26,38.61000061035156,35.5099983215332,0.0,35.5099983215332
3279,2002-07-29,33.88999938964844,31.329999923706055,0.0,31.329999923706055
3280,2002-07-30,32.040000915527344,31.920000076293945,0.0,31.920000076293945
3281,2002-07-31,32.779998779296875,32.029998779296875,0.0,32.029998779296875
3282,2002-08-01,32.77000045776367,36.95000076293945,0.0,36.95000076293945
3283,2002-08-02,37.529998779296875,41.290000915527344,0.0,41.290000915527344
3284,2002-08-05,41.95000076293945,45.08000183105469,0.0,45.08000183105469
3285,2002-08-06,43.060001373291016,42.029998779296875,0.0,42.029998779296875
3286,2002-08-07,40.720001220703125,38.72999954223633,0.0,38.72999954223633
3287,2002-08-08,38.529998779296875,36.33000183105469,0.0,36.33000183105469
3288,2002-08-09,37.40999984741211,35.33000183105469,0.0,35.33000183105469
3289,2002-08-12,37.22999954223633,37.04999923706055,0.0,37.04999923706055
3290,2002-08-13,37.2400016784668,35.81999969482422,0.0,35.81999969482422
3291,2002-08-14,35.560001373291016,32.36000061035156,0.0,32.36000061035156
3292,2002-08-15,31.899999618530273,29.43000030517578,0.0,29.43000030517578
3293,2002-08-16,29.8799991607666,28.809999465942383,0.0,28.809999465942383
3294,2002-08-19,29.600000381469727,28.610000610351562,0.0,28.610000610351562
3295,2002-08-20,29.520000457763672,29.59000015258789,0.0,29.59000015258789
3296,2002-08-21,29.18000030517578,28.229999542236328,0.0,28.229999542236328
3297,2002-08-22,28.639999389648438,27.75,0.0,27.75
3298,2002-08-23,28.079999923706055,29.31999969482422,0.0,29.31999969482422
3299,2002-08-26,30.729999542236328,29.889999389648438,0.0,29.889999389648438
3300,2002-08-27,29.889999389648438,30.110000610351562,0.0,30.110000610351562
3301,2002-08-28,31.239999771118164,33.31999969482422,0.0,33.31999969482422
3302,2002-08-29,35.41999816894531,33.66999816894531,0.0,33.66999816894531
3303,2002-08-30,33.63999938964844,32.63999938964844,0.0,32.63999938964844
3305,2002-09-03,37.119998931884766,39.970001220703125,0.0,39.970001220703125
3306,2002-09-04,39.209999084472656,37.439998626708984,0.0,37.439998626708984
3307,2002-09-05,39.58000183105469,38.86000061035156,0.0,38.86000061035156
3308,2002-09-06,36.880001068115234,36.33000183105469,0.0,36.33000183105469
3309,2002-09-09,39.099998474121094,36.45000076293945,0.0,36.45000076293945
3310,2002-09-10,35.97999954223633,35.08000183105469,0.0,35.08000183105469
3311,2002-09-11,34.810001373291016,34.810001373291016,0.0,34.810001373291016
3312,2002-09-12,36.2400016784668,37.5,0.0,37.5
3313,2002-09-13,38.220001220703125,35.81999969482422,0.0,35.81999969482422
3314,2002-09-16,37.34000015258789,36.7400016784668,0.0,36.7400016784668
3315,2002-09-17,35.869998931884766,38.0099983215332,0.0,38.0099983215332
3316,2002-09-18,38.68000030517578,37.52000045776367,0.0,37.52000045776367
3317,2002-09-19,39.91999816894531,40.650001525878906,0.0,40.650001525878906
3318,2002-09-20,39.93000030517578,38.97999954223633,0.0,38.97999954223633
3319,2002-09-23,40.779998779296875,39.68000030517578,0.0,39.68000030517578
3320,2002-09-24,40.95000076293945,40.52000045776367,0.0,40.52000045776367
3321,2002-09-25,39.650001525878906,37.33000183105469,0.0,37.33000183105469
3322,2002-09-26,36.09000015258789,34.599998474121094,0.0,34.599998474121094
3323,2002-09-27,35.06999969482422,36.970001220703125,0.0,36.970001220703125
3324,2002-09-30,41.06999969482422,39.689998626708984,0.0,39.689998626708984
3325,2002-10-01,37.25,34.119998931884766,0.0,34.119998931884766
3326,2002-10-02,35.15999984741211,36.83000183105469,0.0,36.83000183105469
3327,2002-10-03,37.33000183105469,37.310001373291016,0.0,37.310001373291016
3328,2002-10-04,39.18000030517578,39.459999084472656,0.0,39.459999084472656
3329,2002-10-07,41.650001525878906,42.63999938964844,0.0,42.63999938964844
3330,2002-10-08,42.09000015258789,41.02000045776367,0.0,41.02000045776367
3331,2002-10-09,42.25,42.130001068115234,0.0,42.130001068115234
3332,2002-10-10,39.130001068115234,37.54999923706055,0.0,37.54999923706055
3333,2002-10-11,36.36000061035156,35.70000076293945,0.0,35.70000076293945
3334,2002-10-14,36.91999816894531,36.040000915527344,0.0,36.040000915527344
3335,2002-10-15,34.36000061035156,34.02000045776367,0.0,34.02000045776367
3336,2002-10-16,34.90999984741211,36.0,0.0,36.0
3337,2002-10-17,34.77000045776367,34.099998474121094,0.0,34.099998474121094
3338,2002-10-18,34.599998474121094,33.529998779296875,0.0,33.529998779296875
3339,2002-10-21,35.34000015258789,33.11000061035156,0.0,33.11000061035156
3340,2002-10-22,34.38999938964844,34.09000015258789,0.0,34.09000015258789
3341,2002-10-23,34.060001373291016,33.20000076293945,0.0,33.20000076293945
3342,2002-10-24,32.9900016784668,34.029998779296875,0.0,34.029998779296875
3343,2002-10-25,33.369998931884766,30.0,0.0,30.0
3344,2002-10-28,30.780000686645508,31.06999969482422,0.0,31.06999969482422
3345,2002-10-29,31.530000686645508,32.27000045776367,0.0,32.27000045776367
3346,2002-10-30,32.5,31.229999542236328,0.0,31.229999542236328
3347,2002-10-31,31.56999969482422,31.139999389648438,0.0,31.139999389648438
3348,2002-11-01,31.56999969482422,29.299999237060547,0.0,29.299999237060547
3349,2002-11-04,29.809999465942383,30.81999969482422,0.0,30.81999969482422
3350,2002-11-05,31.010000228881836,31.229999542236328,0.0,31.229999542236328
3351,2002-11-06,31.889999389648438,30.729999542236328,0.0,30.729999542236328
3352,2002-11-07,31.420000076293945,31.420000076293945,0.0,31.420000076293945
3353,2002-11-08,30.389999389648438,29.40999984741211,0.0,29.40999984741211
3354,2002-11-11,30.6299991607666,31.299999237060547,0.0,31.299999237060547
3355,2002-11-12,31.09000015258789,30.579999923706055,0.0,30.579999923706055
3356,2002-11-13,31.209999084472656,31.239999771118164,0.0,31.239999771118164
3357,2002-11-14,29.690000534057617,28.670000076293945,0.0,28.670000076293945
3358,2002-11-15,27.920000076293945,26.649999618530273,0.0,26.649999618530273
3359,2002-11-18,27.09000015258789,27.65999984741211,0.0,27.65999984741211
3360,2002-11-19,28.1200008392334,27.40999984741211,0.0,27.40999984741211
3361,2002-11-20,26.93000030517578,25.31999969482422,0.0,25.31999969482422
3362,2002-11-21,24.600000381469727,23.809999465942383,0.0,23.809999465942383
3363,2002-11-22,23.989999771118164,23.15999984741211,0.0,23.15999984741211
3364,2002-11-25,23.920000076293945,24.06999969482422,0.0,24.06999969482422
3365,2002-11-26,24.559999465942383,25.969999313354492,0.0,25.969999313354492
3366,2002-11-27,25.149999618530273,27.25,0.0,27.25
3368,2002-11-29,27.100000381469727,27.5,0.0,27.5
3369,2002-12-02,28.350000381469727,27.459999084472656,0.0,27.459999084472656
3370,2002-12-03,27.790000915527344,28.329999923706055,0.0,28.329999923706055
3371,2002-12-04,29.100000381469727,28.920000076293945,0.0,28.920000076293945
3372,2002-12-05,29.5,30.100000381469727,0.0,30.100000381469727
3373,2002-12-06,30.639999389648438,28.8799991607666,0.0,28.8799991607666
3374,2002-12-09,30.06999969482422,30.780000686645508,0.0,30.780000686645508
3375,2002-12-10,30.440000534057617,28.760000228881836,0.0,28.760000228881836
3376,2002-12-11,28.920000076293945,27.760000228881836,0.0,27.760000228881836
3377,2002-12-12,27.950000762939453,27.290000915527344,0.0,27.290000915527344
3378,2002-12-13,28.010000228881836,28.18000030517578,0.0,28.18000030517578
3379,2002-12-16,28.25,26.239999771118164,0.0,26.239999771118164
3380,2002-12-17,26.25,26.65999984741211,0.0,26.65999984741211
3381,2002-12-18,27.290000915527344,28.290000915527344,0.0,28.290000915527344
3382,2002-12-19,28.260000228881836,30.209999084472656,0.0,30.209999084472656
3383,2002-12-20,28.59000015258789,26.709999084472656,0.0,26.709999084472656
3384,2002-12-23,27.610000610351562,26.200000762939453,0.0,26.200000762939453
3385,2002-12-24,26.389999389648438,26.489999771118164,0.0,26.489999771118164
3387,2002-12-26,26.31999969482422,27.3700008392334,0.0,27.3700008392334
3388,2002-12-27,27.719999313354492,29.549999237060547,0.0,29.549999237060547
3389,2002-12-30,30.690000534057617,29.6200008392334,0.0,29.6200008392334
3390,2002-12-31,29.079999923706055,28.6200008392334,0.0,28.6200008392334
3392,2003-01-02,28.739999771118164,25.389999389648438,0.0,25.389999389648438
3393,2003-01-03,25.549999237060547,24.68000030517578,0.0,24.68000030517578
3394,2003-01-06,25.31999969482422,24.90999984741211,0.0,24.90999984741211
3395,2003-01-07,25.1299991607666,25.1299991607666,0.0,25.1299991607666
3396,2003-01-08,25.6200008392334,25.530000686645508,0.0,25.530000686645508
3397,2003-01-09,24.899999618530273,24.25,0.0,24.25
3398,2003-01-10,24.6200008392334,24.31999969482422,0.0,24.31999969482422
3399,2003-01-13,24.950000762939453,24.899999618530273,0.0,24.899999618530273
3400,2003-01-14,25.010000228881836,24.56999969482422,0.0,24.56999969482422
3401,2003-01-15,24.850000381469727,25.510000228881836,0.0,25.510000228881836
3402,2003-01-16,24.920000076293945,25.010000228881836,0.0,25.010000228881836
3403,2003-01-17,25.389999389648438,25.700000762939453,0.0,25.700000762939453
3405,2003-01-21,26.75,27.59000015258789,0.0,27.59000015258789
3406,2003-01-22,28.15999984741211,29.010000228881836,0.0,29.010000228881836
3407,2003-01-23,28.719999313354492,27.530000686645508,0.0,27.530000686645508
3408,2003-01-24,28.469999313354492,31.510000228881836,0.0,31.510000228881836
3409,2003-01-27,33.310001373291016,34.689998626708984,0.0,34.689998626708984
3410,2003-01-28,34.41999816894531,31.93000030517578,0.0,31.93000030517578
3411,2003-01-29,32.45000076293945,31.260000228881836,0.0,31.260000228881836
3412,2003-01-30,31.3799991607666,31.31999969482422,0.0,31.31999969482422
3413,2003-01-31,31.149999618530273,31.170000076293945,0.0,31.170000076293945
3414,2003-02-03,32.45000076293945,31.020000457763672,0.0,31.020000457763672
3415,2003-02-04,32.7400016784668,32.7599983215332,0.0,32.7599983215332
3416,2003-02-05,32.7599983215332,33.040000915527344,0.0,33.040000915527344
3417,2003-02-06,34.029998779296875,33.349998474121094,0.0,33.349998474121094
3418,2003-02-07,33.29999923706055,34.0099983215332,0.0,34.0099983215332
3419,2003-02-10,35.209999084472656,33.9900016784668,0.0,33.9900016784668
3420,2003-02-11,33.18000030517578,33.68000030517578,0.0,33.68000030517578
3421,2003-02-12,33.880001068115234,34.33000183105469,0.0,34.33000183105469
3422,2003-02-13,34.9900016784668,33.70000076293945,0.0,33.70000076293945
3423,2003-02-14,33.7400016784668,32.619998931884766,0.0,32.619998931884766
3425,2003-02-18,32.119998931884766,31.110000610351562,0.0,31.110000610351562
3426,2003-02-19,31.170000076293945,31.309999465942383,0.0,31.309999465942383
3427,2003-02-20,30.969999313354492,31.15999984741211,0.0,31.15999984741211
3428,2003-02-21,30.979999542236328,30.25,0.0,30.25
3429,2003-02-24,31.459999084472656,31.979999542236328,0.0,31.979999542236328
3430,2003-02-25,32.709999084472656,31.739999771118164,0.0,31.739999771118164
3431,2003-02-26,32.119998931884766,31.940000534057617,0.0,31.940000534057617
3432,2003-02-27,31.760000228881836,30.530000686645508,0.0,30.530000686645508
3433,2003-02-28,29.84000015258789,29.6299991607666,0.0,29.6299991607666
3434,2003-03-03,29.780000686645508,30.43000030517578,0.0,30.43000030517578
3435,2003-03-04,31.049999237060547,31.829999923706055,0.0,31.829999923706055
3436,2003-03-05,31.25,30.3799991607666,0.0,30.3799991607666
3437,2003-03-06,31.040000915527344,31.3700008392334,0.0,31.3700008392334
3438,2003-03-07,32.63999938964844,31.079999923706055,0.0,31.079999923706055
3439,2003-03-10,33.369998931884766,33.310001373291016,0.0,33.310001373291016
3440,2003-03-11,33.31999969482422,33.61000061035156,0.0,33.61000061035156
3441,2003-03-12,33.689998626708984,33.5099983215332,0.0,33.5099983215332
3442,2003-03-13,32.97999954223633,31.760000228881836,0.0,31.760000228881836
3443,2003-03-14,30.850000381469727,30.979999542236328,0.0,30.979999542236328
3444,2003-03-17,31.850000381469727,31.75,0.0,31.75
3445,2003-03-18,31.510000228881836,30.43000030517578,0.0,30.43000030517578
3446,2003-03-19,30.81999969482422,31.540000915527344,0.0,31.540000915527344
3447,2003-03-20,31.809999465942383,30.440000534057617,0.0,30.440000534057617
3448,2003-03-21,29.40999984741211,28.670000076293945,0.0,28.670000076293945
3449,2003-03-24,30.530000686645508,30.389999389648438,0.0,30.389999389648438
3450,2003-03-25,30.270000457763672,28.75,0.0,28.75
3451,2003-03-26,28.6200008392334,28.229999542236328,0.0,28.229999542236328
3452,2003-03-27,28.940000534057617,27.959999084472656,0.0,27.959999084472656
3453,2003-03-28,28.209999084472656,27.75,0.0,27.75
3454,2003-03-31,29.950000762939453,29.149999618530273,0.0,29.149999618530273
3455,2003-04-01,29.579999923706055,28.360000610351562,0.0,28.360000610351562
3456,2003-04-02,27.5,28.020000457763672,0.0,28.020000457763672
3457,2003-04-03,28.31999969482422,28.209999084472656,0.0,28.209999084472656
3458,2003-04-04,28.350000381469727,29.1299991607666,0.0,29.1299991607666
3459,2003-04-07,28.860000610351562,28.450000762939453,0.0,28.450000762939453
3460,2003-04-08,27.8700008392334,27.1299991607666,0.0,27.1299991607666
3461,2003-04-09,27.079999923706055,27.110000610351562,0.0,27.110000610351562
3462,2003-04-10,26.920000076293945,25.600000381469727,0.0,25.600000381469727
3463,2003-04-11,24.420000076293945,24.440000534057617,0.0,24.440000534057617
3464,2003-04-14,24.829999923706055,23.40999984741211,0.0,23.40999984741211
3465,2003-04-15,23.239999771118164,22.559999465942383,0.0,22.559999465942383
3466,2003-04-16,22.5,22.520000457763672,0.0,22.520000457763672
3467,2003-04-17,22.110000610351562,21.5,0.0,21.5
3469,2003-04-21,21.809999465942383,21.950000762939453,0.0,21.950000762939453
3470,2003-04-22,21.829999923706055,20.700000762939453,0.0,20.700000762939453
3471,2003-04-23,20.860000610351562,20.799999237060547,0.0,20.799999237060547
3472,2003-04-24,21.030000686645508,20.329999923706055,0.0,20.329999923706055
3473,2003-04-25,20.510000228881836,20.799999237060547,0.0,20.799999237060547
3474,2003-04-28,20.889999389648438,20.84000015258789,0.0,20.84000015258789
3475,2003-04-29,20.65999984741211,20.760000228881836,0.0,20.760000228881836
3476,2003-04-30,21.040000915527344,21.209999084472656,0.0,21.209999084472656
3477,2003-05-01,21.350000381469727,21.59000015258789,0.0,21.59000015258789
3478,2003-05-02,21.09000015258789,20.6299991607666,0.0,20.6299991607666
3479,2003-05-05,21.31999969482422,21.1299991607666,0.0,21.1299991607666
3480,2003-05-06,21.0,20.799999237060547,0.0,20.799999237060547
3481,2003-05-07,21.450000762939453,21.0,0.0,21.0
3482,2003-05-08,21.65999984741211,21.239999771118164,0.0,21.239999771118164
3483,2003-05-09,20.850000381469727,19.690000534057617,0.0,19.690000534057617
3484,2003-05-12,19.959999084472656,19.520000457763672,0.0,19.520000457763672
3485,2003-05-13,19.510000228881836,19.90999984741211,0.0,19.90999984741211
3486,2003-05-14,20.020000457763672,20.0,0.0,20.0
3487,2003-05-15,19.549999237060547,19.239999771118164,0.0,19.239999771118164
3488,2003-05-16,19.260000228881836,18.399999618530273,0.0,18.399999618530273
3489,2003-05-19,19.489999771118164,20.510000228881836,0.0,20.510000228881836
3490,2003-05-20,20.489999771118164,21.290000915527344,0.0,21.290000915527344
3491,2003-05-21,21.690000534057617,21.209999084472656,0.0,21.209999084472656
3492,2003-05-22,20.989999771118164,19.780000686645508,0.0,19.780000686645508
3493,2003-05-23,20.06999969482422,19.170000076293945,0.0,19.170000076293945
3495,2003-05-27,20.68000030517578,19.989999771118164,0.0,19.989999771118164
3496,2003-05-28,19.790000915527344,20.030000686645508,0.0,20.030000686645508
3497,2003-05-29,19.719999313354492,20.43000030517578,0.0,20.43000030517578
3498,2003-05-30,19.829999923706055,19.469999313354492,0.0,19.469999313354492
3499,2003-06-02,20.350000381469727,20.850000381469727,0.0,20.850000381469727
3500,2003-06-03,20.850000381469727,20.84000015258789,0.0,20.84000015258789
3501,2003-06-04,20.950000762939453,20.6200008392334,0.0,20.6200008392334
3502,2003-06-05,21.209999084472656,20.829999923706055,0.0,20.829999923706055
3503,2003-06-06,20.40999984741211,21.25,0.0,21.25
3504,2003-06-09,22.200000762939453,22.149999618530273,0.0,22.149999618530273
3505,2003-06-10,21.8700008392334,20.639999389648438,0.0,20.639999389648438
3506,2003-06-11,20.610000610351562,20.209999084472656,0.0,20.209999084472656
3507,2003-06-12,20.739999771118164,20.40999984741211,0.0,20.40999984741211
3508,2003-06-13,20.56999969482422,20.65999984741211,0.0,20.65999984741211
3509,2003-06-16,21.280000686645508,20.219999313354492,0.0,20.219999313354492
3510,2003-06-17,20.299999237060547,20.010000228881836,0.0,20.010000228881836
3511,2003-06-18,20.25,19.760000228881836,0.0,19.760000228881836
3512,2003-06-19,19.829999923706055,19.799999237060547,0.0,19.799999237060547
3513,2003-06-20,19.540000915527344,19.139999389648438,0.0,19.139999389648438
3514,2003-06-23,20.15999984741211,20.579999923706055,0.0,20.579999923706055
3515,2003-06-24,20.290000915527344,20.75,0.0,20.75
3516,2003-06-25,21.139999389648438,20.809999465942383,0.0,20.809999465942383
3517,2003-06-26,20.190000534057617,19.399999618530273,0.0,19.399999618530273
3518,2003-06-27,19.399999618530273,19.15999984741211,0.0,19.15999984741211
3519,2003-06-30,19.309999465942383,19.520000457763672,0.0,19.520000457763672
3520,2003-07-01,20.489999771118164,19.459999084472656,0.0,19.459999084472656
3521,2003-07-02,18.90999984741211,19.030000686645508,0.0,19.030000686645508
3522,2003-07-03,19.329999923706055,19.389999389648438,0.0,19.389999389648438
3524,2003-07-07,19.989999771118164,20.059999465942383,0.0,20.059999465942383
3525,2003-07-08,19.959999084472656,19.479999542236328,0.0,19.479999542236328
3526,2003-07-09,19.5,18.93000030517578,0.0,18.93000030517578
3527,2003-07-10,19.260000228881836,19.190000534057617,0.0,19.190000534057617
3528,2003-07-11,18.75,18.469999313354492,0.0,18.469999313354492
3529,2003-07-14,18.8799991607666,19.59000015258789,0.0,19.59000015258789
3530,2003-07-15,19.700000762939453,19.549999237060547,0.0,19.549999237060547
3531,2003-07-16,19.709999084472656,19.760000228881836,0.0,19.760000228881836
3532,2003-07-17,19.799999237060547,20.219999313354492,0.0,20.219999313354492
3533,2003-07-18,20.139999389648438,19.110000610351562,0.0,19.110000610351562
3534,2003-07-21,20.059999465942383,19.780000686645508,0.0,19.780000686645508
3535,2003-07-22,19.850000381469727,19.170000076293945,0.0,19.170000076293945
3536,2003-07-23,19.440000534057617,18.639999389648438,0.0,18.639999389648438
3537,2003-07-24,18.3700008392334,18.600000381469727,0.0,18.600000381469727
3538,2003-07-25,18.600000381469727,17.75,0.0,17.75
3539,2003-07-28,18.690000534057617,18.360000610351562,0.0,18.360000610351562
3540,2003-07-29,18.600000381469727,18.670000076293945,0.0,18.670000076293945
3541,2003-07-30,18.8799991607666,18.850000381469727,0.0,18.850000381469727
3542,2003-07-31,18.81999969482422,19.489999771118164,0.0,19.489999771118164
3543,2003-08-01,20.059999465942383,20.75,0.0,20.75
3544,2003-08-04,22.15999984741211,21.270000457763672,0.0,21.270000457763672
3545,2003-08-05,21.610000610351562,22.68000030517578,0.0,22.68000030517578
3546,2003-08-06,23.260000228881836,21.5,0.0,21.5
3547,2003-08-07,21.510000228881836,20.260000228881836,0.0,20.260000228881836
3548,2003-08-08,19.780000686645508,19.59000015258789,0.0,19.59000015258789
3549,2003-08-11,20.040000915527344,19.75,0.0,19.75
3550,2003-08-12,19.110000610351562,17.940000534057617,0.0,17.940000534057617
3551,2003-08-13,18.309999465942383,18.770000457763672,0.0,18.770000457763672
3552,2003-08-14,18.959999084472656,18.469999313354492,0.0,18.469999313354492
3553,2003-08-15,18.649999618530273,18.270000457763672,0.0,18.270000457763672
3554,2003-08-18,18.719999313354492,18.18000030517578,0.0,18.18000030517578
3555,2003-08-19,17.989999771118164,17.860000610351562,0.0,17.860000610351562
3556,2003-08-20,18.06999969482422,17.81999969482422,0.0,17.81999969482422
3557,2003-08-21,17.639999389648438,17.84000015258789,0.0,17.84000015258789
3558,2003-08-22,17.739999771118164,18.549999237060547,0.0,18.549999237060547
3559,2003-08-25,19.450000762939453,19.530000686645508,0.0,19.530000686645508
3560,2003-08-26,19.770000457763672,19.489999771118164,0.0,19.489999771118164
3561,2003-08-27,19.90999984741211,19.1299991607666,0.0,19.1299991607666
3562,2003-08-28,19.09000015258789,18.479999542236328,0.0,18.479999542236328
3563,2003-08-29,18.530000686645508,18.6299991607666,0.0,18.6299991607666
3565,2003-09-02,19.309999465942383,19.020000457763672,0.0,19.020000457763672
3566,2003-09-03,19.309999465942383,19.440000534057617,0.0,19.440000534057617
3567,2003-09-04,19.579999923706055,18.709999084472656,0.0,18.709999084472656
3568,2003-09-05,18.639999389648438,18.170000076293945,0.0,18.170000076293945
3569,2003-09-08,18.299999237060547,18.260000228881836,0.0,18.260000228881836
3570,2003-09-09,18.479999542236328,18.850000381469727,0.0,18.850000381469727
3571,2003-09-10,19.260000228881836,20.010000228881836,0.0,20.010000228881836
3572,2003-09-11,19.8700008392334,19.25,0.0,19.25
3573,2003-09-12,20.579999923706055,18.68000030517578,0.0,18.68000030517578
3574,2003-09-15,19.149999618530273,19.280000686645508,0.0,19.280000686645508
3575,2003-09-16,18.940000534057617,18.030000686645508,0.0,18.030000686645508
3576,2003-09-17,18.030000686645508,18.149999618530273,0.0,18.149999618530273
3577,2003-09-18,18.139999389648438,17.56999969482422,0.0,17.56999969482422
3578,2003-09-19,17.829999923706055,17.540000915527344,0.0,17.540000915527344
3579,2003-09-22,19.079999923706055,19.649999618530273,0.0,19.649999618530273
3580,2003-09-23,19.90999984741211,19.469999313354492,0.0,19.469999313354492
3581,2003-09-24,19.530000686645508,21.219999313354492,0.0,21.219999313354492
3582,2003-09-25,21.110000610351562,22.260000228881836,0.0,22.260000228881836
3583,2003-09-26,22.280000686645508,22.229999542236328,0.0,22.229999542236328
3584,2003-09-29,22.850000381469727,21.670000076293945,0.0,21.670000076293945
3585,2003-09-30,22.040000915527344,22.719999313354492,0.0,22.719999313354492
3586,2003-10-01,22.809999465942383,21.06999969482422,0.0,21.06999969482422
3587,2003-10-02,21.229999542236328,20.799999237060547,0.0,20.799999237060547
3588,2003-10-03,19.940000534057617,19.5,0.0,19.5
3589,2003-10-06,20.690000534057617,19.510000228881836,0.0,19.510000228881836
3590,2003-10-07,20.139999389648438,19.40999984741211,0.0,19.40999984741211
3591,2003-10-08,19.260000228881836,19.18000030517578,0.0,19.18000030517578
3592,2003-10-09,18.510000228881836,18.81999969482422,0.0,18.81999969482422
3593,2003-10-10,18.920000076293945,18.450000762939453,0.0,18.450000762939453
3594,2003-10-13,17.6200008392334,17.549999237060547,0.0,17.549999237060547
3595,2003-10-14,17.399999618530273,17.3700008392334,0.0,17.3700008392334
3596,2003-10-15,17.729999542236328,17.690000534057617,0.0,17.690000534057617
3597,2003-10-16,17.579999923706055,17.190000534057617,0.0,17.190000534057617
3598,2003-10-17,16.969999313354492,17.6200008392334,0.0,17.6200008392334
3599,2003-10-20,17.84000015258789,17.040000915527344,0.0,17.040000915527344
3600,2003-10-21,17.15999984741211,16.549999237060547,0.0,16.549999237060547
3601,2003-10-22,17.100000381469727,17.670000076293945,0.0,17.670000076293945
3602,2003-10-23,18.510000228881836,17.68000030517578,0.0,17.68000030517578
3603,2003-10-24,18.25,17.709999084472656,0.0,17.709999084472656
3604,2003-10-27,17.969999313354492,18.049999237060547,0.0,18.049999237060547
3605,2003-10-28,17.790000915527344,16.81999969482422,0.0,16.81999969482422
3606,2003-10-29,16.850000381469727,16.43000030517578,0.0,16.43000030517578
3607,2003-10-30,16.040000915527344,16.329999923706055,0.0,16.329999923706055
3608,2003-10-31,16.110000610351562,16.100000381469727,0.0,16.100000381469727
3609,2003-11-03,16.329999923706055,16.549999237060547,0.0,16.549999237060547
3610,2003-11-04,16.56999969482422,16.549999237060547,0.0,16.549999237060547
3611,2003-11-05,16.989999771118164,16.860000610351562,0.0,16.860000610351562
3612,2003-11-06,17.0,16.739999771118164,0.0,16.739999771118164
3613,2003-11-07,16.6299991607666,16.93000030517578,0.0,16.93000030517578
3614,2003-11-10,17.790000915527344,17.6200008392334,0.0,17.6200008392334
3615,2003-11-11,18.139999389648438,17.540000915527344,0.0,17.540000915527344
3616,2003-11-12,17.780000686645508,16.75,0.0,16.75
3617,2003-11-13,17.049999237060547,16.469999313354492,0.0,16.469999313354492
3618,2003-11-14,16.6299991607666,16.940000534057617,0.0,16.940000534057617
3619,2003-11-17,18.139999389648438,18.600000381469727,0.0,18.600000381469727
3620,2003-11-18,18.09000015258789,19.110000610351562,0.0,19.110000610351562
3621,2003-11-19,19.139999389648438,18.799999237060547,0.0,18.799999237060547
3622,2003-11-20,19.09000015258789,19.479999542236328,0.0,19.479999542236328
3623,2003-11-21,19.079999923706055,18.979999542236328,0.0,18.979999542236328
3624,2003-11-24,18.90999984741211,17.440000534057617,0.0,17.440000534057617
3625,2003-11-25,17.399999618530273,16.709999084472656,0.0,16.709999084472656
3626,2003-11-26,16.110000610351562,16.229999542236328,0.0,16.229999542236328
3628,2003-11-28,16.510000228881836,16.31999969482422,0.0,16.31999969482422
3629,2003-12-01,16.739999771118164,16.770000457763672,0.0,16.770000457763672
3630,2003-12-02,16.889999389648438,16.270000457763672,0.0,16.270000457763672
3631,2003-12-03,16.079999923706055,16.6299991607666,0.0,16.6299991607666
3632,2003-12-04,16.479999542236328,16.299999237060547,0.0,16.299999237060547
3633,2003-12-05,16.760000228881836,17.09000015258789,0.0,17.09000015258789
3634,2003-12-08,17.549999237060547,16.540000915527344,0.0,16.540000915527344
3635,2003-12-09,16.6299991607666,17.6299991607666,0.0,17.6299991607666
3636,2003-12-10,17.65999984741211,17.8700008392334,0.0,17.8700008392334
3637,2003-12-11,17.950000762939453,16.729999542236328,0.0,16.729999542236328
3638,2003-12-12,16.190000534057617,16.40999984741211,0.0,16.40999984741211
3639,2003-12-15,15.800000190734863,17.229999542236328,0.0,17.229999542236328
3640,2003-12-16,17.270000457763672,15.930000305175781,0.0,15.930000305175781
3641,2003-12-17,16.1200008392334,15.579999923706055,0.0,15.579999923706055
3642,2003-12-18,15.59000015258789,16.15999984741211,0.0,16.15999984741211
3643,2003-12-19,16.65999984741211,16.420000076293945,0.0,16.420000076293945
3644,2003-12-22,17.059999465942383,16.940000534057617,0.0,16.940000534057617
3645,2003-12-23,17.31999969482422,16.489999771118164,0.0,16.489999771118164
3646,2003-12-24,16.649999618530273,16.65999984741211,0.0,16.65999984741211
3648,2003-12-26,16.760000228881836,17.450000762939453,0.0,17.450000762939453
3649,2003-12-29,17.809999465942383,17.09000015258789,0.0,17.09000015258789
3650,2003-12-30,17.31999969482422,17.68000030517578,0.0,17.68000030517578
3651,2003-12-31,17.489999771118164,18.309999465942383,0.0,18.309999465942383
3653,2004-01-02,17.959999084472656,18.219999313354492,0.0,18.219999313354492
3654,2004-01-05,18.450000762939453,17.489999771118164,0.0,17.489999771118164
3655,2004-01-06,17.65999984741211,16.729999542236328,0.0,16.729999542236328
3656,2004-01-07,16.719999313354492,15.5,0.0,15.5
3657,2004-01-08,15.420000076293945,15.609999656677246,0.0,15.609999656677246
3658,2004-01-09,16.149999618530273,16.75,0.0,16.75
3659,2004-01-12,17.31999969482422,16.81999969482422,0.0,16.81999969482422
3660,2004-01-13,16.600000381469727,18.040000915527344,0.0,18.040000915527344
3661,2004-01-14,17.290000915527344,16.75,0.0,16.75
3662,2004-01-15,17.06999969482422,15.5600004196167,0.0,15.5600004196167
3663,2004-01-16,15.399999618530273,15.0,0.0,15.0
3665,2004-01-20,15.770000457763672,15.210000038146973,0.0,15.210000038146973
3666,2004-01-21,15.630000114440918,14.34000015258789,0.0,14.34000015258789
3667,2004-01-22,14.199999809265137,14.710000038146973,0.0,14.710000038146973
3668,2004-01-23,14.729999542236328,14.84000015258789,0.0,14.84000015258789
3669,2004-01-26,15.779999732971191,14.550000190734863,0.0,14.550000190734863
3670,2004-01-27,15.279999732971191,15.350000381469727,0.0,15.350000381469727
3671,2004-01-28,15.369999885559082,16.780000686645508,0.0,16.780000686645508
3672,2004-01-29,16.8799991607666,17.139999389648438,0.0,17.139999389648438
3673,2004-01-30,16.549999237060547,16.6299991607666,0.0,16.6299991607666
3674,2004-02-02,17.450000762939453,17.110000610351562,0.0,17.110000610351562
3675,2004-02-03,17.290000915527344,17.34000015258789,0.0,17.34000015258789
3676,2004-02-04,17.84000015258789,17.8700008392334,0.0,17.8700008392334
3677,2004-02-05,17.90999984741211,17.709999084472656,0.0,17.709999084472656
3678,2004-02-06,17.709999084472656,16.0,0.0,16.0
3679,2004-02-09,16.540000915527344,16.389999389648438,0.0,16.389999389648438
3680,2004-02-10,16.40999984741211,15.9399995803833,0.0,15.9399995803833
3681,2004-02-11,15.899999618530273,15.390000343322754,0.0,15.390000343322754
3682,2004-02-12,15.359999656677246,15.3100004196167,0.0,15.3100004196167
3683,2004-02-13,15.119999885559082,15.579999923706055,0.0,15.579999923706055
3685,2004-02-17,15.630000114440918,15.399999618530273,0.0,15.399999618530273
3686,2004-02-18,15.510000228881836,15.59000015258789,0.0,15.59000015258789
3687,2004-02-19,15.329999923706055,15.800000190734863,0.0,15.800000190734863
3688,2004-02-20,15.850000381469727,16.040000915527344,0.0,16.040000915527344
3689,2004-02-23,16.5,16.290000915527344,0.0,16.290000915527344
3690,2004-02-24,16.3799991607666,15.899999618530273,0.0,15.899999618530273
3691,2004-02-25,15.579999923706055,14.930000305175781,0.0,14.930000305175781
3692,2004-02-26,15.319999694824219,14.829999923706055,0.0,14.829999923706055
3693,2004-02-27,13.800000190734863,14.550000190734863,0.0,14.550000190734863
3694,2004-03-01,14.90999984741211,14.4399995803833,0.0,14.4399995803833
3695,2004-03-02,14.59000015258789,14.859999656677246,0.0,14.859999656677246
3696,2004-03-03,14.729999542236328,14.550000190734863,0.0,14.550000190734863
3697,2004-03-04,14.449999809265137,14.399999618530273,0.0,14.399999618530273
3698,2004-03-05,14.8100004196167,14.479999542236328,0.0,14.479999542236328
3699,2004-03-08,14.829999923706055,15.789999961853027,0.0,15.789999961853027
3700,2004-03-09,15.569999694824219,16.600000381469727,0.0,16.600000381469727
3701,2004-03-10,16.1200008392334,18.670000076293945,0.0,18.670000076293945
3702,2004-03-11,18.809999465942383,20.670000076293945,0.0,20.670000076293945
3703,2004-03-12,19.940000534057617,18.299999237060547,0.0,18.299999237060547
3704,2004-03-15,18.979999542236328,21.1299991607666,0.0,21.1299991607666
3705,2004-03-16,20.270000457763672,20.34000015258789,0.0,20.34000015258789
3706,2004-03-17,19.540000915527344,18.110000610351562,0.0,18.110000610351562
3707,2004-03-18,18.3799991607666,18.530000686645508,0.0,18.530000686645508
3708,2004-03-19,17.979999542236328,19.149999618530273,0.0,19.149999618530273
3709,2004-03-22,20.610000610351562,21.579999923706055,0.0,21.579999923706055
3710,2004-03-23,21.059999465942383,20.670000076293945,0.0,20.670000076293945
3711,2004-03-24,20.239999771118164,19.809999465942383,0.0,19.809999465942383
3712,2004-03-25,19.579999923706055,17.8799991607666,0.0,17.8799991607666
3713,2004-03-26,18.190000534057617,17.329999923706055,0.0,17.329999923706055
3714,2004-03-29,17.110000610351562,16.5,0.0,16.5
3715,2004-03-30,16.68000030517578,16.280000686645508,0.0,16.280000686645508
3716,2004-03-31,16.329999923706055,16.739999771118164,0.0,16.739999771118164
3717,2004-04-01,16.760000228881836,16.649999618530273,0.0,16.649999618530273
3718,2004-04-02,15.210000038146973,15.640000343322754,0.0,15.640000343322754
3719,2004-04-05,16.170000076293945,14.970000267028809,0.0,14.970000267028809
3720,2004-04-06,15.350000381469727,15.319999694824219,0.0,15.319999694824219
3721,2004-04-07,15.40999984741211,15.760000228881836,0.0,15.760000228881836
3722,2004-04-08,14.960000038146973,16.260000228881836,0.0,16.260000228881836
3724,2004-04-12,15.710000038146973,15.279999732971191,0.0,15.279999732971191
3725,2004-04-13,15.289999961853027,17.260000228881836,0.0,17.260000228881836
3726,2004-04-14,17.290000915527344,15.619999885559082,0.0,15.619999885559082
3727,2004-04-15,16.020000457763672,15.739999771118164,0.0,15.739999771118164
3728,2004-04-16,15.59000015258789,14.9399995803833,0.0,14.9399995803833
3729,2004-04-19,15.729999542236328,15.420000076293945,0.0,15.420000076293945
3730,2004-04-20,15.239999771118164,16.670000076293945,0.0,16.670000076293945
3731,2004-04-21,16.610000610351562,15.600000381469727,0.0,15.600000381469727
3732,2004-04-22,15.890000343322754,14.609999656677246,0.0,14.609999656677246
3733,2004-04-23,14.420000076293945,14.010000228881836,0.0,14.010000228881836
3734,2004-04-26,14.75,14.770000457763672,0.0,14.770000457763672
3735,2004-04-27,15.050000190734863,15.069999694824219,0.0,15.069999694824219
3736,2004-04-28,15.550000190734863,16.290000915527344,0.0,16.290000915527344
3737,2004-04-29,16.360000610351562,16.600000381469727,0.0,16.600000381469727
3738,2004-04-30,16.270000457763672,17.190000534057617,0.0,17.190000534057617
3739,2004-05-03,17.690000534057617,16.6200008392334,0.0,16.6200008392334
3740,2004-05-04,16.799999237060547,16.549999237060547,0.0,16.549999237060547
3741,2004-05-05,16.43000030517578,15.770000457763672,0.0,15.770000457763672
3742,2004-05-06,16.450000762939453,17.049999237060547,0.0,17.049999237060547
3743,2004-05-07,17.219999313354492,18.1299991607666,0.0,18.1299991607666
3744,2004-05-10,19.440000534057617,19.770000457763672,0.0,19.770000457763672
3745,2004-05-11,19.229999542236328,18.56999969482422,0.0,18.56999969482422
3746,2004-05-12,18.790000915527344,18.139999389648438,0.0,18.139999389648438
3747,2004-05-13,18.780000686645508,18.860000610351562,0.0,18.860000610351562
3748,2004-05-14,18.65999984741211,18.469999313354492,0.0,18.469999313354492
3749,2004-05-17,19.700000762939453,19.959999084472656,0.0,19.959999084472656
3750,2004-05-18,19.600000381469727,19.329999923706055,0.0,19.329999923706055
3751,2004-05-19,18.479999542236328,18.93000030517578,0.0,18.93000030517578
3752,2004-05-20,18.600000381469727,18.670000076293945,0.0,18.670000076293945
3753,2004-05-21,18.729999542236328,18.489999771118164,0.0,18.489999771118164
3754,2004-05-24,18.790000915527344,18.079999923706055,0.0,18.079999923706055
3755,2004-05-25,18.40999984741211,15.960000038146973,0.0,15.960000038146973
3756,2004-05-26,16.09000015258789,15.970000267028809,0.0,15.970000267028809
3757,2004-05-27,15.739999771118164,15.279999732971191,0.0,15.279999732971191
3758,2004-05-28,15.4399995803833,15.5,0.0,15.5
3760,2004-06-01,16.600000381469727,16.299999237060547,0.0,16.299999237060547
3761,2004-06-02,16.049999237060547,16.079999923706055,0.0,16.079999923706055
3762,2004-06-03,16.43000030517578,17.030000686645508,0.0,17.030000686645508
3763,2004-06-04,16.239999771118164,16.780000686645508,0.0,16.780000686645508
3764,2004-06-07,16.600000381469727,15.390000343322754,0.0,15.390000343322754
3765,2004-06-08,15.789999961853027,15.010000228881836,0.0,15.010000228881836
3766,2004-06-09,14.5600004196167,15.390000343322754,0.0,15.390000343322754
3767,2004-06-10,15.329999923706055,15.039999961853027,0.0,15.039999961853027
3769,2004-06-14,15.539999961853027,16.06999969482422,0.0,16.06999969482422
3770,2004-06-15,15.34000015258789,15.050000190734863,0.0,15.050000190734863
3771,2004-06-16,14.829999923706055,14.789999961853027,0.0,14.789999961853027
3772,2004-06-17,15.0600004196167,15.149999618530273,0.0,15.149999618530273
3773,2004-06-18,14.739999771118164,14.989999771118164,0.0,14.989999771118164
3774,2004-06-21,15.609999656677246,15.260000228881836,0.0,15.260000228881836
3775,2004-06-22,15.4399995803833,14.3100004196167,0.0,14.3100004196167
3776,2004-06-23,14.600000381469727,13.979999542236328,0.0,13.979999542236328
3777,2004-06-24,14.390000343322754,14.8100004196167,0.0,14.8100004196167
3778,2004-06-25,14.779999732971191,15.1899995803833,0.0,15.1899995803833
3779,2004-06-28,15.279999732971191,16.06999969482422,0.0,16.06999969482422
3780,2004-06-29,15.220000267028809,15.470000267028809,0.0,15.470000267028809
3781,2004-06-30,15.270000457763672,14.34000015258789,0.0,14.34000015258789
3782,2004-07-01,14.739999771118164,15.199999809265137,0.0,15.199999809265137
3783,2004-07-02,15.229999542236328,15.079999923706055,0.0,15.079999923706055
3785,2004-07-06,16.25,16.25,0.0,16.25
3786,2004-07-07,16.360000610351562,15.8100004196167,0.0,15.8100004196167
3787,2004-07-08,15.859999656677246,16.200000762939453,0.0,16.200000762939453
3788,2004-07-09,16.010000228881836,15.779999732971191,0.0,15.779999732971191
3789,2004-07-12,15.25,14.960000038146973,0.0,14.960000038146973
3790,2004-07-13,14.859999656677246,14.460000038146973,0.0,14.460000038146973
3791,2004-07-14,14.899999618530273,13.760000228881836,0.0,13.760000228881836
3792,2004-07-15,13.9399995803833,14.710000038146973,0.0,14.710000038146973
3793,2004-07-16,14.270000457763672,14.34000015258789,0.0,14.34000015258789
3794,2004-07-19,15.170000076293945,15.170000076293945,0.0,15.170000076293945
3795,2004-07-20,15.529999732971191,14.170000076293945,0.0,14.170000076293945
3796,2004-07-21,14.0,16.40999984741211,0.0,16.40999984741211
3797,2004-07-22,16.649999618530273,15.75,0.0,15.75
3798,2004-07-23,15.819999694824219,16.5,0.0,16.5
3799,2004-07-26,17.219999313354492,17.299999237060547,0.0,17.299999237060547
3800,2004-07-27,17.239999771118164,16.549999237060547,0.0,16.549999237060547
3801,2004-07-28,16.770000457763672,16.149999618530273,0.0,16.149999618530273
3802,2004-07-29,16.0,15.680000305175781,0.0,15.680000305175781
3803,2004-07-30,15.850000381469727,15.319999694824219,0.0,15.319999694824219
3804,2004-08-02,16.420000076293945,15.369999885559082,0.0,15.369999885559082
3805,2004-08-03,15.5600004196167,16.030000686645508,0.0,16.030000686645508
3806,2004-08-04,16.329999923706055,16.209999084472656,0.0,16.209999084472656
3807,2004-08-05,16.190000534057617,18.31999969482422,0.0,18.31999969482422
3808,2004-08-06,18.209999084472656,19.34000015258789,0.0,19.34000015258789
3809,2004-08-09,19.969999313354492,18.889999389648438,0.0,18.889999389648438
3810,2004-08-10,18.799999237060547,17.469999313354492,0.0,17.469999313354492
3811,2004-08-11,18.149999618530273,18.040000915527344,0.0,18.040000915527344
3812,2004-08-12,18.610000610351562,19.079999923706055,0.0,19.079999923706055
3813,2004-08-13,18.90999984741211,17.979999542236328,0.0,17.979999542236328
3814,2004-08-16,19.280000686645508,17.56999969482422,0.0,17.56999969482422
3815,2004-08-17,16.579999923706055,17.020000457763672,0.0,17.020000457763672
3816,2004-08-18,17.549999237060547,16.229999542236328,0.0,16.229999542236328
3817,2004-08-19,16.540000915527344,16.959999084472656,0.0,16.959999084472656
3818,2004-08-20,16.989999771118164,16.0,0.0,16.0
3819,2004-08-23,16.68000030517578,15.880000114440918,0.0,15.880000114440918
3820,2004-08-24,15.630000114440918,15.329999923706055,0.0,15.329999923706055
3821,2004-08-25,15.399999618530273,14.979999542236328,0.0,14.979999542236328
3822,2004-08-26,15.220000267028809,14.90999984741211,0.0,14.90999984741211
3823,2004-08-27,14.90999984741211,14.710000038146973,0.0,14.710000038146973
3824,2004-08-30,15.350000381469727,15.4399995803833,0.0,15.4399995803833
3825,2004-08-31,15.640000343322754,15.289999961853027,0.0,15.289999961853027
3826,2004-09-01,15.390000343322754,14.90999984741211,0.0,14.90999984741211
3827,2004-09-02,14.970000267028809,14.279999732971191,0.0,14.279999732971191
3828,2004-09-03,14.359999656677246,13.90999984741211,0.0,13.90999984741211
3830,2004-09-07,14.520000457763672,14.069999694824219,0.0,14.069999694824219
3831,2004-09-08,14.15999984741211,14.0600004196167,0.0,14.0600004196167
3832,2004-09-09,14.119999885559082,14.010000228881836,0.0,14.010000228881836
3833,2004-09-10,13.899999618530273,13.760000228881836,0.0,13.760000228881836
3834,2004-09-13,13.640000343322754,13.170000076293945,0.0,13.170000076293945
3835,2004-09-14,13.5,13.5600004196167,0.0,13.5600004196167
3836,2004-09-15,13.880000114440918,14.640000343322754,0.0,14.640000343322754
3837,2004-09-16,14.289999961853027,14.390000343322754,0.0,14.390000343322754
3838,2004-09-17,14.109999656677246,14.029999732971191,0.0,14.029999732971191
3839,2004-09-20,13.979999542236328,14.430000305175781,0.0,14.430000305175781
3840,2004-09-21,15.979999542236328,13.65999984741211,0.0,13.65999984741211
3841,2004-09-22,15.279999732971191,14.739999771118164,0.0,14.739999771118164
3842,2004-09-23,14.850000381469727,14.800000190734863,0.0,14.800000190734863
3843,2004-09-24,14.930000305175781,14.279999732971191,0.0,14.279999732971191
3844,2004-09-27,14.859999656677246,14.619999885559082,0.0,14.619999885559082
3845,2004-09-28,14.729999542236328,13.829999923706055,0.0,13.829999923706055
3846,2004-09-29,14.09000015258789,13.210000038146973,0.0,13.210000038146973
3847,2004-09-30,13.489999771118164,13.34000015258789,0.0,13.34000015258789
3848,2004-10-01,13.109999656677246,12.75,0.0,12.75
3849,2004-10-04,13.050000190734863,13.40999984741211,0.0,13.40999984741211
3850,2004-10-05,13.510000228881836,13.949999809265137,0.0,13.949999809265137
3851,2004-10-06,14.010000228881836,13.279999732971191,0.0,13.279999732971191
3852,2004-10-07,13.329999923706055,14.5,0.0,14.5
3853,2004-10-08,14.699999809265137,15.050000190734863,0.0,15.050000190734863
3854,2004-10-11,14.6899995803833,14.710000038146973,0.0,14.710000038146973
3855,2004-10-12,15.210000038146973,15.050000190734863,0.0,15.050000190734863
3856,2004-10-13,13.920000076293945,15.420000076293945,0.0,15.420000076293945
3857,2004-10-14,15.220000267028809,16.43000030517578,0.0,16.43000030517578
3858,2004-10-15,16.280000686645508,15.039999961853027,0.0,15.039999961853027
3859,2004-10-18,16.15999984741211,14.710000038146973,0.0,14.710000038146973
3860,2004-10-19,16.31999969482422,15.130000114440918,0.0,15.130000114440918
3861,2004-10-20,15.460000038146973,14.850000381469727,0.0,14.850000381469727
3862,2004-10-21,14.979999542236328,14.539999961853027,0.0,14.539999961853027
3863,2004-10-22,14.59000015258789,15.279999732971191,0.0,15.279999732971191
3864,2004-10-25,16.06999969482422,16.579999923706055,0.0,16.579999923706055
3865,2004-10-26,16.719999313354492,16.389999389648438,0.0,16.389999389648438
3866,2004-10-27,16.479999542236328,15.720000267028809,0.0,15.720000267028809
3867,2004-10-28,16.020000457763672,15.390000343322754,0.0,15.390000343322754
3868,2004-10-29,15.829999923706055,16.270000457763672,0.0,16.270000457763672
3869,2004-11-01,16.43000030517578,16.270000457763672,0.0,16.270000457763672
3870,2004-11-02,15.989999771118164,16.18000030517578,0.0,16.18000030517578
3871,2004-11-03,15.050000190734863,14.039999961853027,0.0,14.039999961853027
3872,2004-11-04,13.829999923706055,13.970000267028809,0.0,13.970000267028809
3873,2004-11-05,13.670000076293945,13.84000015258789,0.0,13.84000015258789
3874,2004-11-08,14.109999656677246,13.800000190734863,0.0,13.800000190734863
3875,2004-11-09,12.890000343322754,13.609999656677246,0.0,13.609999656677246
3876,2004-11-10,13.15999984741211,13.079999923706055,0.0,13.079999923706055
3877,2004-11-11,13.109999656677246,13.039999961853027,0.0,13.039999961853027
3878,2004-11-12,13.239999771118164,13.329999923706055,0.0,13.329999923706055
3879,2004-11-15,14.050000190734863,13.380000114440918,0.0,13.380000114440918
3880,2004-11-16,13.40999984741211,13.210000038146973,0.0,13.210000038146973
3881,2004-11-17,13.199999809265137,13.210000038146973,0.0,13.210000038146973
3882,2004-11-18,13.220000267028809,12.979999542236328,0.0,12.979999542236328
3883,2004-11-19,12.789999961853027,13.5,0.0,13.5
3884,2004-11-22,13.710000038146973,12.970000267028809,0.0,12.970000267028809
3885,2004-11-23,12.779999732971191,12.670000076293945,0.0,12.670000076293945
3886,2004-11-24,12.579999923706055,12.720000267028809,0.0,12.720000267028809
3888,2004-11-26,12.760000228881836,12.779999732971191,0.0,12.779999732971191
3889,2004-11-29,12.989999771118164,13.300000190734863,0.0,13.300000190734863
3890,2004-11-30,13.270000457763672,13.239999771118164,0.0,13.239999771118164
3891,2004-12-01,13.100000381469727,12.970000267028809,0.0,12.970000267028809
3892,2004-12-02,12.970000267028809,12.979999542236328,0.0,12.979999542236328
3893,2004-12-03,13.020000457763672,12.960000038146973,0.0,12.960000038146973
3894,2004-12-06,12.949999809265137,13.1899995803833,0.0,13.1899995803833
3895,2004-12-07,13.069999694824219,13.670000076293945,0.0,13.670000076293945
3896,2004-12-08,13.520000457763672,13.1899995803833,0.0,13.1899995803833
3897,2004-12-09,13.520000457763672,12.880000114440918,0.0,12.880000114440918
3898,2004-12-10,13.050000190734863,12.760000228881836,0.0,12.760000228881836
3899,2004-12-13,12.369999885559082,12.539999961853027,0.0,12.539999961853027
3900,2004-12-14,12.550000190734863,12.729999542236328,0.0,12.729999542236328
3901,2004-12-15,12.40999984741211,12.350000381469727,0.0,12.350000381469727
3902,2004-12-16,12.34000015258789,12.270000457763672,0.0,12.270000457763672
3903,2004-12-17,12.34000015258789,11.949999809265137,0.0,11.949999809265137
3904,2004-12-20,12.260000228881836,11.829999923706055,0.0,11.829999923706055
3905,2004-12-21,11.779999732971191,11.550000190734863,0.0,11.550000190734863
3906,2004-12-22,11.420000076293945,11.449999809265137,0.0,11.449999809265137
3907,2004-12-23,11.40999984741211,11.229999542236328,0.0,11.229999542236328
3909,2004-12-27,11.529999732971191,12.140000343322754,0.0,12.140000343322754
3910,2004-12-28,12.25,12.0,0.0,12.0
3911,2004-12-29,11.609999656677246,11.619999885559082,0.0,11.619999885559082
3912,2004-12-30,12.25,12.5600004196167,0.0,12.5600004196167
3913,2004-12-31,12.420000076293945,13.289999961853027,0.0,13.289999961853027
3914,2005-01-03,13.390000343322754,14.079999923706055,0.0,14.079999923706055
3915,2005-01-04,14.010000228881836,13.979999542236328,0.0,13.979999542236328
3916,2005-01-05,13.979999542236328,14.09000015258789,0.0,14.09000015258789
3917,2005-01-06,14.09000015258789,13.579999923706055,0.0,13.579999923706055
3918,2005-01-07,13.470000267028809,13.489999771118164,0.0,13.489999771118164
3919,2005-01-10,13.920000076293945,13.229999542236328,0.0,13.229999542236328
3920,2005-01-11,13.4399995803833,13.1899995803833,0.0,13.1899995803833
3921,2005-01-12,13.9399995803833,12.5600004196167,0.0,12.5600004196167
3922,2005-01-13,12.699999809265137,12.84000015258789,0.0,12.84000015258789
3923,2005-01-14,12.680000305175781,12.430000305175781,0.0,12.430000305175781
3925,2005-01-18,13.130000114440918,12.470000267028809,0.0,12.470000267028809
3926,2005-01-19,12.470000267028809,13.180000305175781,0.0,13.180000305175781
3927,2005-01-20,13.369999885559082,13.829999923706055,0.0,13.829999923706055
3928,2005-01-21,13.75,14.359999656677246,0.0,14.359999656677246
3929,2005-01-24,14.380000114440918,14.649999618530273,0.0,14.649999618530273
3930,2005-01-25,14.34000015258789,14.0600004196167,0.0,14.0600004196167
3931,2005-01-26,13.84000015258789,13.4399995803833,0.0,13.4399995803833
3932,2005-01-27,13.5,13.239999771118164,0.0,13.239999771118164
3933,2005-01-28,13.149999618530273,13.239999771118164,0.0,13.239999771118164
3934,2005-01-31,13.630000114440918,12.819999694824219,0.0,12.819999694824219
3935,2005-02-01,12.800000190734863,12.029999732971191,0.0,12.029999732971191
3936,2005-02-02,12.010000228881836,11.65999984741211,0.0,11.65999984741211
3937,2005-02-03,12.029999732971191,11.789999961853027,0.0,11.789999961853027
3938,2005-02-04,11.970000267028809,11.210000038146973,0.0,11.210000038146973
3939,2005-02-07,11.529999732971191,11.729999542236328,0.0,11.729999542236328
3940,2005-02-08,11.65999984741211,11.600000381469727,0.0,11.600000381469727
3941,2005-02-09,11.520000457763672,12.0,0.0,12.0
3942,2005-02-10,11.979999542236328,11.510000228881836,0.0,11.510000228881836
3943,2005-02-11,11.640000343322754,11.430000305175781,0.0,11.430000305175781
3944,2005-02-14,11.279999732971191,11.520000457763672,0.0,11.520000457763672
3945,2005-02-15,11.569999694824219,11.270000457763672,0.0,11.270000457763672
3946,2005-02-16,11.399999618530273,11.100000381469727,0.0,11.100000381469727
3947,2005-02-17,11.25,11.770000457763672,0.0,11.770000457763672
3948,2005-02-18,11.989999771118164,11.180000305175781,0.0,11.180000305175781
3950,2005-02-22,12.180000305175781,13.140000343322754,0.0,13.140000343322754
3951,2005-02-23,12.9399995803833,12.390000343322754,0.0,12.390000343322754
3952,2005-02-24,12.510000228881836,11.569999694824219,0.0,11.569999694824219
3953,2005-02-25,11.75,11.489999771118164,0.0,11.489999771118164
3954,2005-02-28,11.890000343322754,12.079999923706055,0.0,12.079999923706055
3955,2005-03-01,11.949999809265137,12.039999961853027,0.0,12.039999961853027
3956,2005-03-02,12.880000114440918,12.5,0.0,12.5
3957,2005-03-03,12.279999732971191,12.930000305175781,0.0,12.930000305175781
3958,2005-03-04,12.489999771118164,11.9399995803833,0.0,11.9399995803833
3959,2005-03-07,12.359999656677246,12.260000228881836,0.0,12.260000228881836
3960,2005-03-08,12.0600004196167,12.399999618530273,0.0,12.399999618530273
3961,2005-03-09,12.229999542236328,12.699999809265137,0.0,12.699999809265137
3962,2005-03-10,12.619999885559082,12.489999771118164,0.0,12.489999771118164
3963,2005-03-11,12.289999961853027,12.800000190734863,0.0,12.800000190734863
3964,2005-03-14,12.819999694824219,12.390000343322754,0.0,12.390000343322754
3965,2005-03-15,12.4399995803833,13.149999618530273,0.0,13.149999618530273
3966,2005-03-16,13.300000190734863,13.489999771118164,0.0,13.489999771118164
3967,2005-03-17,13.25,13.289999961853027,0.0,13.289999961853027
3968,2005-03-18,13.649999618530273,13.140000343322754,0.0,13.140000343322754
3969,2005-03-21,13.619999885559082,13.609999656677246,0.0,13.609999656677246
3970,2005-03-22,13.760000228881836,14.270000457763672,0.0,14.270000457763672
3971,2005-03-23,14.609999656677246,14.0600004196167,0.0,14.0600004196167
3972,2005-03-24,13.859999656677246,13.420000076293945,0.0,13.420000076293945
3974,2005-03-28,14.010000228881836,13.75,0.0,13.75
3975,2005-03-29,13.960000038146973,14.489999771118164,0.0,14.489999771118164
3976,2005-03-30,14.470000267028809,13.640000343322754,0.0,13.640000343322754
3977,2005-03-31,13.710000038146973,14.020000457763672,0.0,14.020000457763672
3978,2005-04-01,13.640000343322754,14.09000015258789,0.0,14.09000015258789
3979,2005-04-04,14.529999732971191,14.109999656677246,0.0,14.109999656677246
3980,2005-04-05,14.100000381469727,13.680000305175781,0.0,13.680000305175781
3981,2005-04-06,13.75,13.149999618530273,0.0,13.149999618530273
3982,2005-04-07,12.920000076293945,12.329999923706055,0.0,12.329999923706055
3983,2005-04-08,12.0600004196167,12.619999885559082,0.0,12.619999885559082
3984,2005-04-11,12.09000015258789,11.979999542236328,0.0,11.979999542236328
3985,2005-04-12,12.119999885559082,11.300000190734863,0.0,11.300000190734863
3986,2005-04-13,11.680000305175781,13.3100004196167,0.0,13.3100004196167
3987,2005-04-14,13.399999618530273,14.529999732971191,0.0,14.529999732971191
3988,2005-04-15,14.920000076293945,17.739999771118164,0.0,17.739999771118164
3989,2005-04-18,18.329999923706055,16.559999465942383,0.0,16.559999465942383
3990,2005-04-19,15.279999732971191,14.960000038146973,0.0,14.960000038146973
3991,2005-04-20,14.859999656677246,16.920000076293945,0.0,16.920000076293945
3992,2005-04-21,16.219999313354492,14.40999984741211,0.0,14.40999984741211
3993,2005-04-22,14.539999961853027,15.380000114440918,0.0,15.380000114440918
3994,2005-04-25,15.289999961853027,14.619999885559082,0.0,14.619999885559082
3995,2005-04-26,14.270000457763672,14.90999984741211,0.0,14.90999984741211
3996,2005-04-27,14.619999885559082,14.869999885559082,0.0,14.869999885559082
3997,2005-04-28,14.1899995803833,16.860000610351562,0.0,16.860000610351562
3998,2005-04-29,15.75,15.3100004196167,0.0,15.3100004196167
3999,2005-05-02,15.449999809265137,15.119999885559082,0.0,15.119999885559082
4000,2005-05-03,15.1899995803833,14.529999732971191,0.0,14.529999732971191
4001,2005-05-04,14.4399995803833,13.850000381469727,0.0,13.850000381469727
4002,2005-05-05,13.479999542236328,13.979999542236328,0.0,13.979999542236328
4003,2005-05-06,13.289999961853027,14.050000190734863,0.0,14.050000190734863
4004,2005-05-09,14.109999656677246,13.75,0.0,13.75
4005,2005-05-10,14.050000190734863,14.90999984741211,0.0,14.90999984741211
4006,2005-05-11,14.6899995803833,14.449999809265137,0.0,14.449999809265137
4007,2005-05-12,14.430000305175781,16.1200008392334,0.0,16.1200008392334
4008,2005-05-13,15.880000114440918,16.31999969482422,0.0,16.31999969482422
4009,2005-05-16,16.8700008392334,15.680000305175781,0.0,15.680000305175781
4010,2005-05-17,15.920000076293945,14.569999694824219,0.0,14.569999694824219
4011,2005-05-18,14.109999656677246,13.630000114440918,0.0,13.630000114440918
4012,2005-05-19,13.350000381469727,13.319999694824219,0.0,13.319999694824219
4013,2005-05-20,13.569999694824219,13.140000343322754,0.0,13.140000343322754
4014,2005-05-23,13.380000114440918,12.949999809265137,0.0,12.949999809265137
4015,2005-05-24,13.119999885559082,12.6899995803833,0.0,12.6899995803833
4016,2005-05-25,12.829999923706055,12.579999923706055,0.0,12.579999923706055
4017,2005-05-26,12.229999542236328,12.239999771118164,0.0,12.239999771118164
4018,2005-05-27,12.0600004196167,12.149999618530273,0.0,12.149999618530273
4020,2005-05-31,12.6899995803833,13.289999961853027,0.0,13.289999961853027
4021,2005-06-01,13.34000015258789,12.359999656677246,0.0,12.359999656677246
4022,2005-06-02,12.350000381469727,11.84000015258789,0.0,11.84000015258789
4023,2005-06-03,11.779999732971191,12.149999618530273,0.0,12.149999618530273
4024,2005-06-06,12.680000305175781,12.279999732971191,0.0,12.279999732971191
4025,2005-06-07,12.220000267028809,12.390000343322754,0.0,12.390000343322754
4026,2005-06-08,12.050000190734863,12.699999809265137,0.0,12.699999809265137
4027,2005-06-09,12.6899995803833,12.079999923706055,0.0,12.079999923706055
4028,2005-06-10,12.15999984741211,11.960000038146973,0.0,11.960000038146973
4029,2005-06-13,12.119999885559082,11.649999618530273,0.0,11.649999618530273
4030,2005-06-14,11.649999618530273,11.789999961853027,0.0,11.789999961853027
4031,2005-06-15,11.220000267028809,11.460000038146973,0.0,11.460000038146973
4032,2005-06-16,11.239999771118164,11.149999618530273,0.0,11.149999618530273
4033,2005-06-17,10.829999923706055,11.479999542236328,0.0,11.479999542236328
4034,2005-06-20,12.510000228881836,11.470000267028809,0.0,11.470000267028809
4035,2005-06-21,11.520000457763672,11.079999923706055,0.0,11.079999923706055
4036,2005-06-22,10.960000038146973,11.050000190734863,0.0,11.050000190734863
4037,2005-06-23,11.1899995803833,12.130000114440918,0.0,12.130000114440918
4038,2005-06-24,12.270000457763672,12.180000305175781,0.0,12.180000305175781
4039,2005-06-27,12.729999542236328,12.520000457763672,0.0,12.520000457763672
4040,2005-06-28,12.3100004196167,11.579999923706055,0.0,11.579999923706055
4041,2005-06-29,11.539999961853027,11.770000457763672,0.0,11.770000457763672
4042,2005-06-30,11.720000267028809,12.039999961853027,0.0,12.039999961853027
4043,2005-07-01,11.75,11.399999618530273,0.0,11.399999618530273
4045,2005-07-05,12.40999984741211,11.680000305175781,0.0,11.680000305175781
4046,2005-07-06,11.670000076293945,12.270000457763672,0.0,12.270000457763672
4047,2005-07-07,13.90999984741211,12.489999771118164,0.0,12.489999771118164
4048,2005-07-08,12.239999771118164,11.449999809265137,0.0,11.449999809265137
4049,2005-07-11,10.960000038146973,11.279999732971191,0.0,11.279999732971191
4050,2005-07-12,11.029999732971191,10.949999809265137,0.0,10.949999809265137
4051,2005-07-13,11.09000015258789,10.84000015258789,0.0,10.84000015258789
4052,2005-07-14,10.869999885559082,10.8100004196167,0.0,10.8100004196167
4053,2005-07-15,10.609999656677246,10.329999923706055,0.0,10.329999923706055
4054,2005-07-18,11.09000015258789,10.770000457763672,0.0,10.770000457763672
4055,2005-07-19,10.630000114440918,10.449999809265137,0.0,10.449999809265137
4056,2005-07-20,10.800000190734863,10.229999542236328,0.0,10.229999542236328
4057,2005-07-21,10.229999542236328,10.970000267028809,0.0,10.970000267028809
4058,2005-07-22,11.010000228881836,10.520000457763672,0.0,10.520000457763672
4059,2005-07-25,11.119999885559082,11.100000381469727,0.0,11.100000381469727
4060,2005-07-26,11.109999656677246,10.989999771118164,0.0,10.989999771118164
4061,2005-07-27,11.029999732971191,10.359999656677246,0.0,10.359999656677246
4062,2005-07-28,10.399999618530273,10.520000457763672,0.0,10.520000457763672
4063,2005-07-29,10.239999771118164,11.569999694824219,0.0,11.569999694824219
4064,2005-08-01,11.75,12.079999923706055,0.0,12.079999923706055
4065,2005-08-02,12.0,11.75,0.0,11.75
4066,2005-08-03,11.899999618530273,11.829999923706055,0.0,11.829999923706055
4067,2005-08-04,12.119999885559082,12.520000457763672,0.0,12.520000457763672
4068,2005-08-05,11.819999694824219,12.479999542236328,0.0,12.479999542236328
4069,2005-08-08,12.5600004196167,13.210000038146973,0.0,13.210000038146973
4070,2005-08-09,12.25,12.399999618530273,0.0,12.399999618530273
4071,2005-08-10,12.029999732971191,12.380000114440918,0.0,12.380000114440918
4072,2005-08-11,12.34000015258789,12.420000076293945,0.0,12.420000076293945
4073,2005-08-12,12.359999656677246,12.739999771118164,0.0,12.739999771118164
4074,2005-08-15,12.869999885559082,12.260000228881836,0.0,12.260000228881836
4075,2005-08-16,12.369999885559082,13.520000457763672,0.0,13.520000457763672
4076,2005-08-17,13.350000381469727,13.300000190734863,0.0,13.300000190734863
4077,2005-08-18,13.470000267028809,13.420000076293945,0.0,13.420000076293945
4078,2005-08-19,12.84000015258789,13.420000076293945,0.0,13.420000076293945
4079,2005-08-22,13.670000076293945,13.420000076293945,0.0,13.420000076293945
4080,2005-08-23,13.630000114440918,13.34000015258789,0.0,13.34000015258789
4081,2005-08-24,13.5600004196167,14.170000076293945,0.0,14.170000076293945
4082,2005-08-25,13.920000076293945,13.729999542236328,0.0,13.729999542236328
4083,2005-08-26,13.789999961853027,13.720000267028809,0.0,13.720000267028809
4084,2005-08-29,14.34000015258789,13.520000457763672,0.0,13.520000457763672
4085,2005-08-30,13.489999771118164,13.649999618530273,0.0,13.649999618530273
4086,2005-08-31,13.369999885559082,12.600000381469727,0.0,12.600000381469727
4087,2005-09-01,12.859999656677246,13.149999618530273,0.0,13.149999618530273
4088,2005-09-02,13.210000038146973,13.569999694824219,0.0,13.569999694824219
4090,2005-09-06,14.170000076293945,12.930000305175781,0.0,12.930000305175781
4091,2005-09-07,13.0600004196167,12.520000457763672,0.0,12.520000457763672
4092,2005-09-08,12.720000267028809,12.930000305175781,0.0,12.930000305175781
4093,2005-09-09,12.460000038146973,11.979999542236328,0.0,11.979999542236328
4094,2005-09-12,11.65999984741211,11.649999618530273,0.0,11.649999618530273
4095,2005-09-13,11.760000228881836,12.390000343322754,0.0,12.390000343322754
4096,2005-09-14,12.789999961853027,12.90999984741211,0.0,12.90999984741211
4097,2005-09-15,12.720000267028809,12.489999771118164,0.0,12.489999771118164
4098,2005-09-16,11.890000343322754,11.220000267028809,0.0,11.220000267028809
4099,2005-09-19,12.170000076293945,12.140000343322754,0.0,12.140000343322754
4100,2005-09-20,12.229999542236328,12.640000343322754,0.0,12.640000343322754
4101,2005-09-21,13.069999694824219,13.789999961853027,0.0,13.789999961853027
4102,2005-09-22,13.850000381469727,13.329999923706055,0.0,13.329999923706055
4103,2005-09-23,13.640000343322754,12.960000038146973,0.0,12.960000038146973
4104,2005-09-26,13.270000457763672,13.039999961853027,0.0,13.039999961853027
4105,2005-09-27,13.0600004196167,12.760000228881836,0.0,12.760000228881836
4106,2005-09-28,12.600000381469727,12.630000114440918,0.0,12.630000114440918
4107,2005-09-29,12.920000076293945,12.239999771118164,0.0,12.239999771118164
4108,2005-09-30,12.420000076293945,11.920000076293945,0.0,11.920000076293945
4109,2005-10-03,12.369999885559082,12.460000038146973,0.0,12.460000038146973
4110,2005-10-04,12.5,13.199999809265137,0.0,13.199999809265137
4111,2005-10-05,13.149999618530273,14.550000190734863,0.0,14.550000190734863
4112,2005-10-06,14.529999732971191,14.960000038146973,0.0,14.960000038146973
4113,2005-10-07,14.5600004196167,14.59000015258789,0.0,14.59000015258789
4114,2005-10-10,14.930000305175781,15.550000190734863,0.0,15.550000190734863
4115,2005-10-11,15.350000381469727,15.630000114440918,0.0,15.630000114440918
4116,2005-10-12,15.5600004196167,16.219999313354492,0.0,16.219999313354492
4117,2005-10-13,16.31999969482422,16.469999313354492,0.0,16.469999313354492
4118,2005-10-14,15.989999771118164,14.869999885559082,0.0,14.869999885559082
4119,2005-10-17,15.300000190734863,14.670000076293945,0.0,14.670000076293945
4120,2005-10-18,14.920000076293945,15.329999923706055,0.0,15.329999923706055
4121,2005-10-19,15.630000114440918,13.5,0.0,13.5
4122,2005-10-20,14.180000305175781,16.110000610351562,0.0,16.110000610351562
4123,2005-10-21,15.529999732971191,16.1299991607666,0.0,16.1299991607666
4124,2005-10-24,16.18000030517578,14.739999771118164,0.0,14.739999771118164
4125,2005-10-25,14.960000038146973,14.529999732971191,0.0,14.529999732971191
4126,2005-10-26,14.800000190734863,14.59000015258789,0.0,14.59000015258789
4127,2005-10-27,14.729999542236328,16.020000457763672,0.0,16.020000457763672
4128,2005-10-28,15.449999809265137,14.25,0.0,14.25
4129,2005-10-31,14.039999961853027,15.319999694824219,0.0,15.319999694824219
4130,2005-11-01,14.850000381469727,14.850000381469727,0.0,14.850000381469727
4131,2005-11-02,14.989999771118164,13.479999542236328,0.0,13.479999542236328
4132,2005-11-03,13.119999885559082,13.0,0.0,13.0
4133,2005-11-04,12.880000114440918,13.170000076293945,0.0,13.170000076293945
4134,2005-11-07,13.109999656677246,13.100000381469727,0.0,13.100000381469727
4135,2005-11-08,13.609999656677246,13.079999923706055,0.0,13.079999923706055
4136,2005-11-09,13.140000343322754,12.800000190734863,0.0,12.800000190734863
4137,2005-11-10,12.680000305175781,11.899999618530273,0.0,11.899999618530273
4138,2005-11-11,11.819999694824219,11.630000114440918,0.0,11.630000114440918
4139,2005-11-14,11.989999771118164,12.180000305175781,0.0,12.180000305175781
4140,2005-11-15,12.15999984741211,12.229999542236328,0.0,12.229999542236328
4141,2005-11-16,12.220000267028809,12.260000228881836,0.0,12.260000228881836
4142,2005-11-17,11.920000076293945,11.25,0.0,11.25
4143,2005-11-18,11.1899995803833,11.119999885559082,0.0,11.119999885559082
4144,2005-11-21,11.180000305175781,10.819999694824219,0.0,10.819999694824219
4145,2005-11-22,11.010000228881836,10.600000381469727,0.0,10.600000381469727
4146,2005-11-23,10.960000038146973,10.960000038146973,0.0,10.960000038146973
4148,2005-11-25,11.039999961853027,10.880000114440918,0.0,10.880000114440918
4149,2005-11-28,11.34000015258789,11.84000015258789,0.0,11.84000015258789
4150,2005-11-29,11.770000457763672,11.890000343322754,0.0,11.890000343322754
4151,2005-11-30,11.84000015258789,12.0600004196167,0.0,12.0600004196167
4152,2005-12-01,12.09000015258789,11.239999771118164,0.0,11.239999771118164
4153,2005-12-02,11.100000381469727,11.010000228881836,0.0,11.010000228881836
4154,2005-12-05,11.449999809265137,11.600000381469727,0.0,11.600000381469727
4155,2005-12-06,11.15999984741211,11.520000457763672,0.0,11.520000457763672
4156,2005-12-07,11.489999771118164,12.180000305175781,0.0,12.180000305175781
4157,2005-12-08,11.880000114440918,12.210000038146973,0.0,12.210000038146973
4158,2005-12-09,11.90999984741211,11.6899995803833,0.0,11.6899995803833
4159,2005-12-12,10.859999656677246,11.470000267028809,0.0,11.470000267028809
4160,2005-12-13,10.569999694824219,11.109999656677246,0.0,11.109999656677246
4161,2005-12-14,10.75,10.479999542236328,0.0,10.479999542236328
4162,2005-12-15,10.65999984741211,10.729999542236328,0.0,10.729999542236328
4163,2005-12-16,10.699999809265137,10.680000305175781,0.0,10.680000305175781
4164,2005-12-19,11.109999656677246,11.380000114440918,0.0,11.380000114440918
4165,2005-12-20,11.319999694824219,11.1899995803833,0.0,11.1899995803833
4166,2005-12-21,10.710000038146973,10.8100004196167,0.0,10.8100004196167
4167,2005-12-22,10.819999694824219,10.289999961853027,0.0,10.289999961853027
4168,2005-12-23,10.369999885559082,10.270000457763672,0.0,10.270000457763672
4170,2005-12-27,10.970000267028809,11.569999694824219,0.0,11.569999694824219
4171,2005-12-28,11.550000190734863,11.350000381469727,0.0,11.350000381469727
4172,2005-12-29,11.359999656677246,11.609999656677246,0.0,11.609999656677246
4173,2005-12-30,11.960000038146973,12.069999694824219,0.0,12.069999694824219
4175,2006-01-03,12.25,11.140000343322754,0.0,11.140000343322754
4176,2006-01-04,11.220000267028809,11.369999885559082,0.0,11.369999885559082
4177,2006-01-05,11.430000305175781,11.3100004196167,0.0,11.3100004196167
4178,2006-01-06,11.229999542236328,11.0,0.0,11.0
4179,2006-01-09,11.350000381469727,11.130000114440918,0.0,11.130000114440918
4180,2006-01-10,11.390000343322754,10.859999656677246,0.0,10.859999656677246
4181,2006-01-11,11.029999732971191,10.9399995803833,0.0,10.9399995803833
4182,2006-01-12,10.979999542236328,11.199999809265137,0.0,11.199999809265137
4183,2006-01-13,11.399999618530273,11.229999542236328,0.0,11.229999542236328
4185,2006-01-17,12.130000114440918,11.90999984741211,0.0,11.90999984741211
4186,2006-01-18,12.619999885559082,12.25,0.0,12.25
4187,2006-01-19,12.119999885559082,11.979999542236328,0.0,11.979999542236328
4188,2006-01-20,12.100000381469727,14.5600004196167,0.0,14.5600004196167
4189,2006-01-23,14.4399995803833,13.930000305175781,0.0,13.930000305175781
4190,2006-01-24,13.789999961853027,13.3100004196167,0.0,13.3100004196167
4191,2006-01-25,12.949999809265137,12.869999885559082,0.0,12.869999885559082
4192,2006-01-26,12.890000343322754,12.420000076293945,0.0,12.420000076293945
4193,2006-01-27,12.270000457763672,11.970000267028809,0.0,11.970000267028809
4194,2006-01-30,12.220000267028809,12.390000343322754,0.0,12.390000343322754
4195,2006-01-31,12.449999809265137,12.949999809265137,0.0,12.949999809265137
4196,2006-02-01,13.029999732971191,12.359999656677246,0.0,12.359999656677246
4197,2006-02-02,12.539999961853027,13.229999542236328,0.0,13.229999542236328
4198,2006-02-03,13.369999885559082,12.960000038146973,0.0,12.960000038146973
4199,2006-02-06,13.430000305175781,13.039999961853027,0.0,13.039999961853027
4200,2006-02-07,13.199999809265137,13.59000015258789,0.0,13.59000015258789
4201,2006-02-08,13.40999984741211,12.829999923706055,0.0,12.829999923706055
4202,2006-02-09,12.5600004196167,13.119999885559082,0.0,13.119999885559082
4203,2006-02-10,13.350000381469727,12.869999885559082,0.0,12.869999885559082
4204,2006-02-13,13.34000015258789,13.350000381469727,0.0,13.350000381469727
4205,2006-02-14,13.09000015258789,12.25,0.0,12.25
4206,2006-02-15,12.430000305175781,12.3100004196167,0.0,12.3100004196167
4207,2006-02-16,12.1899995803833,11.479999542236328,0.0,11.479999542236328
4208,2006-02-17,11.640000343322754,12.010000228881836,0.0,12.010000228881836
4210,2006-02-21,12.359999656677246,12.40999984741211,0.0,12.40999984741211
4211,2006-02-22,12.270000457763672,11.880000114440918,0.0,11.880000114440918
4212,2006-02-23,11.859999656677246,11.869999885559082,0.0,11.869999885559082
4213,2006-02-24,11.9399995803833,11.460000038146973,0.0,11.460000038146973
4214,2006-02-27,11.789999961853027,11.59000015258789,0.0,11.59000015258789
4215,2006-02-28,11.739999771118164,12.34000015258789,0.0,12.34000015258789
4216,2006-03-01,12.050000190734863,11.539999961853027,0.0,11.539999961853027
4217,2006-03-02,11.789999961853027,11.720000267028809,0.0,11.720000267028809
4218,2006-03-03,12.029999732971191,11.960000038146973,0.0,11.960000038146973
4219,2006-03-06,12.220000267028809,12.739999771118164,0.0,12.739999771118164
4220,2006-03-07,12.920000076293945,12.65999984741211,0.0,12.65999984741211
4221,2006-03-08,12.829999923706055,12.319999694824219,0.0,12.319999694824219
4222,2006-03-09,12.210000038146973,12.680000305175781,0.0,12.680000305175781
4223,2006-03-10,12.520000457763672,11.850000381469727,0.0,11.850000381469727
4224,2006-03-13,11.720000267028809,11.369999885559082,0.0,11.369999885559082
4225,2006-03-14,11.609999656677246,10.739999771118164,0.0,10.739999771118164
4226,2006-03-15,11.170000076293945,11.350000381469727,0.0,11.350000381469727
4227,2006-03-16,10.59000015258789,11.979999542236328,0.0,11.979999542236328
4228,2006-03-17,11.5600004196167,12.119999885559082,0.0,12.119999885559082
4229,2006-03-20,12.109999656677246,11.789999961853027,0.0,11.789999961853027
4230,2006-03-21,11.710000038146973,11.619999885559082,0.0,11.619999885559082
4231,2006-03-22,11.710000038146973,11.210000038146973,0.0,11.210000038146973
4232,2006-03-23,11.1899995803833,11.170000076293945,0.0,11.170000076293945
4233,2006-03-24,11.229999542236328,11.1899995803833,0.0,11.1899995803833
4234,2006-03-27,11.460000038146973,11.460000038146973,0.0,11.460000038146973
4235,2006-03-28,11.6899995803833,11.579999923706055,0.0,11.579999923706055
4236,2006-03-29,11.460000038146973,10.949999809265137,0.0,10.949999809265137
4237,2006-03-30,11.029999732971191,11.569999694824219,0.0,11.569999694824219
4238,2006-03-31,11.420000076293945,11.390000343322754,0.0,11.390000343322754
4239,2006-04-03,11.470000267028809,11.569999694824219,0.0,11.569999694824219
4240,2006-04-04,11.65999984741211,11.140000343322754,0.0,11.140000343322754
4241,2006-04-05,11.239999771118164,11.130000114440918,0.0,11.130000114440918
4242,2006-04-06,11.34000015258789,11.449999809265137,0.0,11.449999809265137
4243,2006-04-07,11.4399995803833,12.260000228881836,0.0,12.260000228881836
4244,2006-04-10,12.4399995803833,12.1899995803833,0.0,12.1899995803833
4245,2006-04-11,12.09000015258789,13.0,0.0,13.0
4246,2006-04-12,13.079999923706055,12.760000228881836,0.0,12.760000228881836
4247,2006-04-13,12.930000305175781,12.380000114440918,0.0,12.380000114440918
4249,2006-04-17,12.800000190734863,12.579999923706055,0.0,12.579999923706055
4250,2006-04-18,12.550000190734863,11.399999618530273,0.0,11.399999618530273
4251,2006-04-19,11.520000457763672,11.319999694824219,0.0,11.319999694824219
4252,2006-04-20,11.300000190734863,11.640000343322754,0.0,11.640000343322754
4253,2006-04-21,11.239999771118164,11.59000015258789,0.0,11.59000015258789
4254,2006-04-24,12.260000228881836,11.75,0.0,11.75
4255,2006-04-25,11.710000038146973,11.75,0.0,11.75
4256,2006-04-26,11.760000228881836,11.760000228881836,0.0,11.760000228881836
4257,2006-04-27,12.270000457763672,11.84000015258789,0.0,11.84000015258789
4258,2006-04-28,12.130000114440918,11.59000015258789,0.0,11.59000015258789
4259,2006-05-01,11.829999923706055,12.539999961853027,0.0,12.539999961853027
4260,2006-05-02,12.199999809265137,11.989999771118164,0.0,11.989999771118164
4261,2006-05-03,12.210000038146973,11.989999771118164,0.0,11.989999771118164
4262,2006-05-04,11.920000076293945,11.859999656677246,0.0,11.859999656677246
4263,2006-05-05,11.390000343322754,11.619999885559082,0.0,11.619999885559082
4264,2006-05-08,11.979999542236328,12.0,0.0,12.0
4265,2006-05-09,12.100000381469727,11.989999771118164,0.0,11.989999771118164
4266,2006-05-10,12.220000267028809,11.779999732971191,0.0,11.779999732971191
4267,2006-05-11,12.329999923706055,12.489999771118164,0.0,12.489999771118164
4268,2006-05-12,12.710000038146973,14.1899995803833,0.0,14.1899995803833
4269,2006-05-15,15.119999885559082,13.569999694824219,0.0,13.569999694824219
4270,2006-05-16,13.489999771118164,13.350000381469727,0.0,13.350000381469727
4271,2006-05-17,13.829999923706055,16.260000228881836,0.0,16.260000228881836
4272,2006-05-18,15.539999961853027,16.989999771118164,0.0,16.989999771118164
4273,2006-05-19,16.15999984741211,17.18000030517578,0.0,17.18000030517578
4274,2006-05-22,18.549999237060547,17.719999313354492,0.0,17.719999313354492
4275,2006-05-23,16.700000762939453,18.260000228881836,0.0,18.260000228881836
4276,2006-05-24,17.8700008392334,17.360000610351562,0.0,17.360000610351562
4277,2006-05-25,16.670000076293945,15.5,0.0,15.5
4278,2006-05-26,14.920000076293945,14.260000228881836,0.0,14.260000228881836
4280,2006-05-30,15.390000343322754,18.65999984741211,0.0,18.65999984741211
4281,2006-05-31,18.09000015258789,16.440000534057617,0.0,16.440000534057617
4282,2006-06-01,16.469999313354492,14.520000457763672,0.0,14.520000457763672
4283,2006-06-02,14.170000076293945,14.319999694824219,0.0,14.319999694824219
4284,2006-06-05,14.970000267028809,16.649999618530273,0.0,16.649999618530273
4285,2006-06-06,16.719999313354492,17.34000015258789,0.0,17.34000015258789
4286,2006-06-07,17.209999084472656,17.799999237060547,0.0,17.799999237060547
4287,2006-06-08,17.920000076293945,18.350000381469727,0.0,18.350000381469727
4288,2006-06-09,17.899999618530273,18.1200008392334,0.0,18.1200008392334
4289,2006-06-12,18.1299991607666,20.959999084472656,0.0,20.959999084472656
4290,2006-06-13,20.950000762939453,23.809999465942383,0.0,23.809999465942383
4291,2006-06-14,23.450000762939453,21.459999084472656,0.0,21.459999084472656
4292,2006-06-15,21.049999237060547,15.899999618530273,0.0,15.899999618530273
4293,2006-06-16,16.559999465942383,17.25,0.0,17.25
4294,2006-06-19,16.059999465942383,17.829999923706055,0.0,17.829999923706055
4295,2006-06-20,17.520000457763672,16.690000534057617,0.0,16.690000534057617
4296,2006-06-21,16.670000076293945,15.520000457763672,0.0,15.520000457763672
4297,2006-06-22,15.949999809265137,15.880000114440918,0.0,15.880000114440918
4298,2006-06-23,16.40999984741211,15.890000343322754,0.0,15.890000343322754
4299,2006-06-26,16.549999237060547,15.619999885559082,0.0,15.619999885559082
4300,2006-06-27,15.579999923706055,16.399999618530273,0.0,16.399999618530273
4301,2006-06-28,16.020000457763672,15.789999961853027,0.0,15.789999961853027
4302,2006-06-29,15.279999732971191,13.029999732971191,0.0,13.029999732971191
4303,2006-06-30,12.899999618530273,13.079999923706055,0.0,13.079999923706055
4304,2006-07-03,13.289999961853027,13.050000190734863,0.0,13.050000190734863
4306,2006-07-05,13.920000076293945,14.149999618530273,0.0,14.149999618530273
4307,2006-07-06,14.039999961853027,13.649999618530273,0.0,13.649999618530273
4308,2006-07-07,13.899999618530273,13.970000267028809,0.0,13.970000267028809
4309,2006-07-10,14.170000076293945,14.020000457763672,0.0,14.020000457763672
4310,2006-07-11,14.3100004196167,13.140000343322754,0.0,13.140000343322754
4311,2006-07-12,13.390000343322754,14.489999771118164,0.0,14.489999771118164
4312,2006-07-13,15.170000076293945,17.790000915527344,0.0,17.790000915527344
4313,2006-07-14,17.56999969482422,18.049999237060547,0.0,18.049999237060547
4314,2006-07-17,18.729999542236328,18.639999389648438,0.0,18.639999389648438
4315,2006-07-18,18.200000762939453,17.739999771118164,0.0,17.739999771118164
4316,2006-07-19,17.6200008392334,15.550000190734863,0.0,15.550000190734863
4317,2006-07-20,15.100000381469727,16.209999084472656,0.0,16.209999084472656
4318,2006-07-21,16.229999542236328,17.399999618530273,0.0,17.399999618530273
4319,2006-07-24,17.079999923706055,14.979999542236328,0.0,14.979999542236328
4320,2006-07-25,15.4399995803833,14.850000381469727,0.0,14.850000381469727
4321,2006-07-26,15.039999961853027,14.619999885559082,0.0,14.619999885559082
4322,2006-07-27,14.260000228881836,14.9399995803833,0.0,14.9399995803833
4323,2006-07-28,14.729999542236328,14.329999923706055,0.0,14.329999923706055
4324,2006-07-31,15.010000228881836,14.949999809265137,0.0,14.949999809265137
4325,2006-08-01,15.489999771118164,15.050000190734863,0.0,15.050000190734863
4326,2006-08-02,14.930000305175781,14.34000015258789,0.0,14.34000015258789
4327,2006-08-03,15.100000381469727,14.460000038146973,0.0,14.460000038146973
4328,2006-08-04,14.029999732971191,14.34000015258789,0.0,14.34000015258789
4329,2006-08-07,14.979999542236328,15.229999542236328,0.0,15.229999542236328
4330,2006-08-08,15.199999809265137,15.229999542236328,0.0,15.229999542236328
4331,2006-08-09,14.760000228881836,15.199999809265137,0.0,15.199999809265137
4332,2006-08-10,15.5600004196167,14.460000038146973,0.0,14.460000038146973
4333,2006-08-11,14.720000267028809,14.300000190734863,0.0,14.300000190734863
4334,2006-08-14,14.149999618530273,14.260000228881836,0.0,14.260000228881836
4335,2006-08-15,13.569999694824219,13.420000076293945,0.0,13.420000076293945
4336,2006-08-16,12.6899995803833,12.40999984741211,0.0,12.40999984741211
4337,2006-08-17,12.6899995803833,12.239999771118164,0.0,12.239999771118164
4338,2006-08-18,12.109999656677246,11.640000343322754,0.0,11.640000343322754
4339,2006-08-21,12.399999618530273,12.220000267028809,0.0,12.220000267028809
4340,2006-08-22,12.420000076293945,12.1899995803833,0.0,12.1899995803833
4341,2006-08-23,12.260000228881836,12.399999618530273,0.0,12.399999618530273
4342,2006-08-24,12.239999771118164,12.399999618530273,0.0,12.399999618530273
4343,2006-08-25,12.40999984741211,12.3100004196167,0.0,12.3100004196167
4344,2006-08-28,12.920000076293945,12.180000305175781,0.0,12.180000305175781
4345,2006-08-29,12.270000457763672,12.279999732971191,0.0,12.279999732971191
4346,2006-08-30,12.140000343322754,12.220000267028809,0.0,12.220000267028809
4347,2006-08-31,12.229999542236328,12.3100004196167,0.0,12.3100004196167
4348,2006-09-01,12.140000343322754,11.960000038146973,0.0,11.960000038146973
4350,2006-09-05,12.800000190734863,12.630000114440918,0.0,12.630000114440918
4351,2006-09-06,13.0600004196167,13.739999771118164,0.0,13.739999771118164
4352,2006-09-07,14.069999694824219,13.880000114440918,0.0,13.880000114440918
4353,2006-09-08,13.789999961853027,13.15999984741211,0.0,13.15999984741211
4354,2006-09-11,13.949999809265137,12.989999771118164,0.0,12.989999771118164
4355,2006-09-12,13.039999961853027,11.920000076293945,0.0,11.920000076293945
4356,2006-09-13,11.399999618530273,11.180000305175781,0.0,11.180000305175781
4357,2006-09-14,11.359999656677246,11.550000190734863,0.0,11.550000190734863
4358,2006-09-15,11.489999771118164,11.760000228881836,0.0,11.760000228881836
4359,2006-09-18,12.279999732971191,11.779999732971191,0.0,11.779999732971191
4360,2006-09-19,11.960000038146973,11.979999542236328,0.0,11.979999542236328
4361,2006-09-20,11.75,11.390000343322754,0.0,11.390000343322754
4362,2006-09-21,11.430000305175781,12.25,0.0,12.25
4363,2006-09-22,12.470000267028809,12.59000015258789,0.0,12.59000015258789
4364,2006-09-25,12.970000267028809,12.119999885559082,0.0,12.119999885559082
4365,2006-09-26,12.229999542236328,11.529999732971191,0.0,11.529999732971191
4366,2006-09-27,11.649999618530273,11.579999923706055,0.0,11.579999923706055
4367,2006-09-28,11.640000343322754,11.720000267028809,0.0,11.720000267028809
4368,2006-09-29,11.75,11.979999542236328,0.0,11.979999542236328
4369,2006-10-02,12.449999809265137,12.569999694824219,0.0,12.569999694824219
4370,2006-10-03,12.680000305175781,12.239999771118164,0.0,12.239999771118164
4371,2006-10-04,12.640000343322754,11.859999656677246,0.0,11.859999656677246
4372,2006-10-05,11.9399995803833,11.979999542236328,0.0,11.979999542236328
4373,2006-10-06,11.989999771118164,11.5600004196167,0.0,11.5600004196167
4374,2006-10-09,12.069999694824219,11.680000305175781,0.0,11.680000305175781
4375,2006-10-10,11.770000457763672,11.520000457763672,0.0,11.520000457763672
4376,2006-10-11,11.75,11.619999885559082,0.0,11.619999885559082
4377,2006-10-12,11.5,11.09000015258789,0.0,11.09000015258789
4378,2006-10-13,11.170000076293945,10.75,0.0,10.75
4379,2006-10-16,11.069999694824219,11.09000015258789,0.0,11.09000015258789
4380,2006-10-17,11.359999656677246,11.729999542236328,0.0,11.729999542236328
4381,2006-10-18,11.4399995803833,11.34000015258789,0.0,11.34000015258789
4382,2006-10-19,11.510000228881836,10.899999618530273,0.0,10.899999618530273
4383,2006-10-20,11.0600004196167,10.630000114440918,0.0,10.630000114440918
4384,2006-10-23,11.149999618530273,11.079999923706055,0.0,11.079999923706055
4385,2006-10-24,11.25,10.779999732971191,0.0,10.779999732971191
4386,2006-10-25,10.880000114440918,10.65999984741211,0.0,10.65999984741211
4387,2006-10-26,10.5600004196167,10.5600004196167,0.0,10.5600004196167
4388,2006-10-27,10.65999984741211,10.800000190734863,0.0,10.800000190734863
4389,2006-10-30,11.359999656677246,11.199999809265137,0.0,11.199999809265137
4390,2006-10-31,11.100000381469727,11.100000381469727,0.0,11.100000381469727
4391,2006-11-01,10.930000305175781,11.510000228881836,0.0,11.510000228881836
4392,2006-11-02,11.609999656677246,11.420000076293945,0.0,11.420000076293945
4393,2006-11-03,11.15999984741211,11.15999984741211,0.0,11.15999984741211
4394,2006-11-06,11.390000343322754,11.15999984741211,0.0,11.15999984741211
4395,2006-11-07,11.0600004196167,11.09000015258789,0.0,11.09000015258789
4396,2006-11-08,11.40999984741211,10.75,0.0,10.75
4397,2006-11-09,10.649999618530273,11.010000228881836,0.0,11.010000228881836
4398,2006-11-10,11.010000228881836,10.789999961853027,0.0,10.789999961853027
4399,2006-11-13,11.1899995803833,10.859999656677246,0.0,10.859999656677246
4400,2006-11-14,10.890000343322754,10.5,0.0,10.5
4401,2006-11-15,10.470000267028809,10.3100004196167,0.0,10.3100004196167
4402,2006-11-16,10.130000114440918,10.15999984741211,0.0,10.15999984741211
4403,2006-11-17,10.369999885559082,10.050000190734863,0.0,10.050000190734863
4404,2006-11-20,10.420000076293945,9.970000267028809,0.0,9.970000267028809
4405,2006-11-21,10.050000190734863,9.899999618530273,0.0,9.899999618530273
4406,2006-11-22,10.020000457763672,10.140000343322754,0.0,10.140000343322754
4408,2006-11-24,10.8100004196167,10.729999542236328,0.0,10.729999542236328
4409,2006-11-27,11.260000228881836,12.300000190734863,0.0,12.300000190734863
4410,2006-11-28,12.479999542236328,11.619999885559082,0.0,11.619999885559082
4411,2006-11-29,11.40999984741211,10.829999923706055,0.0,10.829999923706055
4412,2006-11-30,10.880000114440918,10.90999984741211,0.0,10.90999984741211
4413,2006-12-01,11.069999694824219,11.65999984741211,0.0,11.65999984741211
4414,2006-12-04,12.010000228881836,11.229999542236328,0.0,11.229999542236328
4415,2006-12-05,11.130000114440918,11.270000457763672,0.0,11.270000457763672
4416,2006-12-06,11.390000343322754,11.329999923706055,0.0,11.329999923706055
4417,2006-12-07,11.350000381469727,12.670000076293945,0.0,12.670000076293945
4418,2006-12-08,12.579999923706055,12.069999694824219,0.0,12.069999694824219
4419,2006-12-11,11.880000114440918,10.710000038146973,0.0,10.710000038146973
4420,2006-12-12,11.199999809265137,10.649999618530273,0.0,10.649999618530273
4421,2006-12-13,10.449999809265137,10.180000305175781,0.0,10.180000305175781
4422,2006-12-14,10.739999771118164,9.970000267028809,0.0,9.970000267028809
4423,2006-12-15,9.680000305175781,10.050000190734863,0.0,10.050000190734863
4424,2006-12-18,10.640000343322754,10.600000381469727,0.0,10.600000381469727
4425,2006-12-19,11.0600004196167,10.300000190734863,0.0,10.300000190734863
4426,2006-12-20,10.300000190734863,10.260000228881836,0.0,10.260000228881836
4427,2006-12-21,10.359999656677246,10.529999732971191,0.0,10.529999732971191
4428,2006-12-22,10.59000015258789,11.359999656677246,0.0,11.359999656677246
4430,2006-12-26,12.029999732971191,11.260000228881836,0.0,11.260000228881836
4431,2006-12-27,11.119999885559082,10.640000343322754,0.0,10.640000343322754
4432,2006-12-28,10.84000015258789,10.989999771118164,0.0,10.989999771118164
4433,2006-12-29,10.949999809265137,11.5600004196167,0.0,11.5600004196167
4436,2007-01-03,12.15999984741211,12.039999961853027,0.0,12.039999961853027
4437,2007-01-04,12.399999618530273,11.510000228881836,0.0,11.510000228881836
4438,2007-01-05,11.84000015258789,12.140000343322754,0.0,12.140000343322754
4439,2007-01-08,12.479999542236328,12.0,0.0,12.0
4440,2007-01-09,11.859999656677246,11.90999984741211,0.0,11.90999984741211
4441,2007-01-10,12.34000015258789,11.470000267028809,0.0,11.470000267028809
4442,2007-01-11,11.420000076293945,10.869999885559082,0.0,10.869999885559082
4443,2007-01-12,10.930000305175781,10.149999618530273,0.0,10.149999618530273
4445,2007-01-16,10.640000343322754,10.739999771118164,0.0,10.739999771118164
4446,2007-01-17,10.899999618530273,10.59000015258789,0.0,10.59000015258789
4447,2007-01-18,10.649999618530273,10.850000381469727,0.0,10.850000381469727
4448,2007-01-19,10.800000190734863,10.399999618530273,0.0,10.399999618530273
4449,2007-01-22,10.770000457763672,10.770000457763672,0.0,10.770000457763672
4450,2007-01-23,10.770000457763672,10.34000015258789,0.0,10.34000015258789
4451,2007-01-24,10.40999984741211,9.890000343322754,0.0,9.890000343322754
4452,2007-01-25,9.989999771118164,11.220000267028809,0.0,11.220000267028809
4453,2007-01-26,10.949999809265137,11.130000114440918,0.0,11.130000114440918
4454,2007-01-29,11.5,11.449999809265137,0.0,11.449999809265137
4455,2007-01-30,11.279999732971191,10.960000038146973,0.0,10.960000038146973
4456,2007-01-31,11.09000015258789,10.420000076293945,0.0,10.420000076293945
4457,2007-02-01,10.319999694824219,10.3100004196167,0.0,10.3100004196167
4458,2007-02-02,10.300000190734863,10.079999923706055,0.0,10.079999923706055
4459,2007-02-05,10.529999732971191,10.550000190734863,0.0,10.550000190734863
4460,2007-02-06,10.550000190734863,10.649999618530273,0.0,10.649999618530273
4461,2007-02-07,10.3100004196167,10.319999694824219,0.0,10.319999694824219
4462,2007-02-08,10.489999771118164,10.4399995803833,0.0,10.4399995803833
4463,2007-02-09,10.420000076293945,11.100000381469727,0.0,11.100000381469727
4464,2007-02-12,11.329999923706055,11.609999656677246,0.0,11.609999656677246
4465,2007-02-13,11.420000076293945,10.34000015258789,0.0,10.34000015258789
4466,2007-02-14,10.1899995803833,10.229999542236328,0.0,10.229999542236328
4467,2007-02-15,10.279999732971191,10.220000267028809,0.0,10.220000267028809
4468,2007-02-16,10.420000076293945,10.020000457763672,0.0,10.020000457763672
4470,2007-02-20,10.619999885559082,10.239999771118164,0.0,10.239999771118164
4471,2007-02-21,10.479999542236328,10.199999809265137,0.0,10.199999809265137
4472,2007-02-22,10.229999542236328,10.180000305175781,0.0,10.180000305175781
4473,2007-02-23,10.40999984741211,10.579999923706055,0.0,10.579999923706055
4474,2007-02-26,10.59000015258789,11.149999618530273,0.0,11.149999618530273
4475,2007-02-27,12.119999885559082,18.309999465942383,0.0,18.309999465942383
4476,2007-02-28,17.209999084472656,15.420000076293945,0.0,15.420000076293945
4477,2007-03-01,17.760000228881836,15.819999694824219,0.0,15.819999694824219
4478,2007-03-02,16.700000762939453,18.610000610351562,0.0,18.610000610351562
4479,2007-03-05,20.399999618530273,19.6299991607666,0.0,19.6299991607666
4480,2007-03-06,18.309999465942383,15.960000038146973,0.0,15.960000038146973
4481,2007-03-07,16.25,15.239999771118164,0.0,15.239999771118164
4482,2007-03-08,14.34000015258789,14.289999961853027,0.0,14.289999961853027
4483,2007-03-09,13.699999809265137,14.09000015258789,0.0,14.09000015258789
4484,2007-03-12,14.960000038146973,13.989999771118164,0.0,13.989999771118164
4485,2007-03-13,14.869999885559082,18.1299991607666,0.0,18.1299991607666
4486,2007-03-14,17.6299991607666,17.270000457763672,0.0,17.270000457763672
4487,2007-03-15,16.90999984741211,16.43000030517578,0.0,16.43000030517578
4488,2007-03-16,15.380000114440918,16.790000915527344,0.0,16.790000915527344
4489,2007-03-19,15.819999694824219,14.59000015258789,0.0,14.59000015258789
4490,2007-03-20,15.010000228881836,13.270000457763672,0.0,13.270000457763672
4491,2007-03-21,13.270000457763672,12.1899995803833,0.0,12.1899995803833
4492,2007-03-22,12.289999961853027,12.930000305175781,0.0,12.930000305175781
4493,2007-03-23,13.130000114440918,12.949999809265137,0.0,12.949999809265137
4494,2007-03-26,13.390000343322754,13.15999984741211,0.0,13.15999984741211
4495,2007-03-27,13.350000381469727,13.479999542236328,0.0,13.479999542236328
4496,2007-03-28,14.279999732971191,14.979999542236328,0.0,14.979999542236328
4497,2007-03-29,14.449999809265137,15.140000343322754,0.0,15.140000343322754
4498,2007-03-30,14.9399995803833,14.640000343322754,0.0,14.640000343322754
4499,2007-04-02,14.90999984741211,14.529999732971191,0.0,14.529999732971191
4500,2007-04-03,14.020000457763672,13.460000038146973,0.0,13.460000038146973
4501,2007-04-04,13.819999694824219,13.239999771118164,0.0,13.239999771118164
4502,2007-04-05,13.569999694824219,13.229999542236328,0.0,13.229999542236328
4504,2007-04-09,13.260000228881836,13.140000343322754,0.0,13.140000343322754
4505,2007-04-10,13.329999923706055,12.680000305175781,0.0,12.680000305175781
4506,2007-04-11,12.720000267028809,13.489999771118164,0.0,13.489999771118164
4507,2007-04-12,13.649999618530273,12.710000038146973,0.0,12.710000038146973
4508,2007-04-13,12.670000076293945,12.199999809265137,0.0,12.199999809265137
4509,2007-04-16,11.859999656677246,11.979999542236328,0.0,11.979999542236328
4510,2007-04-17,11.699999809265137,12.140000343322754,0.0,12.140000343322754
4511,2007-04-18,12.479999542236328,12.420000076293945,0.0,12.420000076293945
4512,2007-04-19,13.15999984741211,12.539999961853027,0.0,12.539999961853027
4513,2007-04-20,12.029999732971191,12.069999694824219,0.0,12.069999694824219
4514,2007-04-23,12.600000381469727,13.039999961853027,0.0,13.039999961853027
4515,2007-04-24,13.119999885559082,13.119999885559082,0.0,13.119999885559082
4516,2007-04-25,12.739999771118164,13.210000038146973,0.0,13.210000038146973
4517,2007-04-26,13.15999984741211,12.789999961853027,0.0,12.789999961853027
4518,2007-04-27,13.119999885559082,12.449999809265137,0.0,12.449999809265137
4519,2007-04-30,12.899999618530273,14.220000267028809,0.0,14.220000267028809
4520,2007-05-01,14.100000381469727,13.510000228881836,0.0,13.510000228881836
4521,2007-05-02,13.520000457763672,13.079999923706055,0.0,13.079999923706055
4522,2007-05-03,13.010000228881836,13.09000015258789,0.0,13.09000015258789
4523,2007-05-04,12.90999984741211,12.90999984741211,0.0,12.90999984741211
4524,2007-05-07,13.34000015258789,13.149999618530273,0.0,13.149999618530273
4525,2007-05-08,13.479999542236328,13.210000038146973,0.0,13.210000038146973
4526,2007-05-09,13.430000305175781,12.880000114440918,0.0,12.880000114440918
4527,2007-05-10,13.3100004196167,13.600000381469727,0.0,13.600000381469727
4528,2007-05-11,13.470000267028809,12.949999809265137,0.0,12.949999809265137
4529,2007-05-14,13.260000228881836,13.960000038146973,0.0,13.960000038146973
4530,2007-05-15,13.880000114440918,14.010000228881836,0.0,14.010000228881836
4531,2007-05-16,14.020000457763672,13.5,0.0,13.5
4532,2007-05-17,13.619999885559082,13.510000228881836,0.0,13.510000228881836
4533,2007-05-18,13.010000228881836,12.760000228881836,0.0,12.760000228881836
4534,2007-05-21,13.239999771118164,13.300000190734863,0.0,13.300000190734863
4535,2007-05-22,12.09000015258789,13.0600004196167,0.0,13.0600004196167
4536,2007-05-23,12.770000457763672,13.239999771118164,0.0,13.239999771118164
4537,2007-05-24,13.149999618530273,14.079999923706055,0.0,14.079999923706055
4538,2007-05-25,13.8100004196167,13.34000015258789,0.0,13.34000015258789
4540,2007-05-29,13.859999656677246,13.529999732971191,0.0,13.529999732971191
4541,2007-05-30,14.180000305175781,12.829999923706055,0.0,12.829999923706055
4542,2007-05-31,12.779999732971191,13.050000190734863,0.0,13.050000190734863
4543,2007-06-01,12.770000457763672,12.779999732971191,0.0,12.779999732971191
4544,2007-06-04,13.470000267028809,13.289999961853027,0.0,13.289999961853027
4545,2007-06-05,13.579999923706055,13.630000114440918,0.0,13.630000114440918
4546,2007-06-06,14.069999694824219,14.869999885559082,0.0,14.869999885559082
4547,2007-06-07,15.079999923706055,17.059999465942383,0.0,17.059999465942383
4548,2007-06-08,16.75,14.84000015258789,0.0,14.84000015258789
4549,2007-06-11,15.3100004196167,14.710000038146973,0.0,14.710000038146973
4550,2007-06-12,15.460000038146973,16.670000076293945,0.0,16.670000076293945
4551,2007-06-13,16.049999237060547,14.729999542236328,0.0,14.729999542236328
4552,2007-06-14,14.760000228881836,13.640000343322754,0.0,13.640000343322754
4553,2007-06-15,13.010000228881836,13.9399995803833,0.0,13.9399995803833
4554,2007-06-18,14.420000076293945,13.420000076293945,0.0,13.420000076293945
4555,2007-06-19,13.779999732971191,12.850000381469727,0.0,12.850000381469727
4556,2007-06-20,12.770000457763672,14.670000076293945,0.0,14.670000076293945
4557,2007-06-21,14.800000190734863,14.210000038146973,0.0,14.210000038146973
4558,2007-06-22,14.449999809265137,15.75,0.0,15.75
4559,2007-06-25,16.5,16.649999618530273,0.0,16.649999618530273
4560,2007-06-26,16.459999084472656,18.889999389648438,0.0,18.889999389648438
4561,2007-06-27,18.8700008392334,15.529999732971191,0.0,15.529999732971191
4562,2007-06-28,15.699999809265137,15.539999961853027,0.0,15.539999961853027
4563,2007-06-29,15.25,16.229999542236328,0.0,16.229999542236328
4564,2007-07-02,16.479999542236328,15.399999618530273,0.0,15.399999618530273
4565,2007-07-03,14.960000038146973,14.920000076293945,0.0,14.920000076293945
4567,2007-07-05,15.369999885559082,15.479999542236328,0.0,15.479999542236328
4568,2007-07-06,15.359999656677246,14.720000267028809,0.0,14.720000267028809
4569,2007-07-09,15.34000015258789,15.15999984741211,0.0,15.15999984741211
4570,2007-07-10,15.880000114440918,17.56999969482422,0.0,17.56999969482422
4571,2007-07-11,17.690000534057617,16.639999389648438,0.0,16.639999389648438
4572,2007-07-12,16.389999389648438,15.539999961853027,0.0,15.539999961853027
4573,2007-07-13,15.390000343322754,15.149999618530273,0.0,15.149999618530273
4574,2007-07-16,15.569999694824219,15.59000015258789,0.0,15.59000015258789
4575,2007-07-17,15.579999923706055,15.630000114440918,0.0,15.630000114440918
4576,2007-07-18,16.3799991607666,16.0,0.0,16.0
4577,2007-07-19,15.430000305175781,15.229999542236328,0.0,15.229999542236328
4578,2007-07-20,15.390000343322754,16.950000762939453,0.0,16.950000762939453
4579,2007-07-23,16.6200008392334,16.809999465942383,0.0,16.809999465942383
4580,2007-07-24,17.6299991607666,18.549999237060547,0.0,18.549999237060547
4581,2007-07-25,17.770000457763672,18.100000381469727,0.0,18.100000381469727
4582,2007-07-26,19.40999984741211,20.739999771118164,0.0,20.739999771118164
4583,2007-07-27,20.34000015258789,24.170000076293945,0.0,24.170000076293945
4584,2007-07-30,23.639999389648438,20.8700008392334,0.0,20.8700008392334
4585,2007-07-31,20.079999923706055,23.520000457763672,0.0,23.520000457763672
4586,2007-08-01,23.709999084472656,23.670000076293945,0.0,23.670000076293945
4587,2007-08-02,22.940000534057617,21.219999313354492,0.0,21.219999313354492
4588,2007-08-03,21.520000457763672,25.15999984741211,0.0,25.15999984741211
4589,2007-08-06,25.31999969482422,22.940000534057617,0.0,22.940000534057617
4590,2007-08-07,23.329999923706055,21.559999465942383,0.0,21.559999465942383
4591,2007-08-08,20.969999313354492,21.450000762939453,0.0,21.450000762939453
4592,2007-08-09,24.459999084472656,26.479999542236328,0.0,26.479999542236328
4593,2007-08-10,28.040000915527344,28.299999237060547,0.0,28.299999237060547
4594,2007-08-13,28.020000457763672,26.56999969482422,0.0,26.56999969482422
4595,2007-08-14,25.559999465942383,27.68000030517578,0.0,27.68000030517578
4596,2007-08-15,28.219999313354492,30.670000076293945,0.0,30.670000076293945
4597,2007-08-16,32.68000030517578,30.829999923706055,0.0,30.829999923706055
4598,2007-08-17,25.25,29.989999771118164,0.0,29.989999771118164
4599,2007-08-20,29.8700008392334,26.329999923706055,0.0,26.329999923706055
4600,2007-08-21,26.389999389648438,25.25,0.0,25.25
4601,2007-08-22,24.329999923706055,22.889999389648438,0.0,22.889999389648438
4602,2007-08-23,22.469999313354492,22.6200008392334,0.0,22.6200008392334
4603,2007-08-24,22.75,20.719999313354492,0.0,20.719999313354492
4604,2007-08-27,22.239999771118164,22.719999313354492,0.0,22.719999313354492
4605,2007-08-28,23.8700008392334,26.299999237060547,0.0,26.299999237060547
4606,2007-08-29,25.8700008392334,23.809999465942383,0.0,23.809999465942383
4607,2007-08-30,25.399999618530273,25.059999465942383,0.0,25.059999465942383
4608,2007-08-31,23.530000686645508,23.3799991607666,0.0,23.3799991607666
4610,2007-09-04,21.93000030517578,22.780000686645508,0.0,22.780000686645508
4611,2007-09-05,24.030000686645508,24.579999923706055,0.0,24.579999923706055
4612,2007-09-06,24.43000030517578,23.989999771118164,0.0,23.989999771118164
4613,2007-09-07,25.979999542236328,26.229999542236328,0.0,26.229999542236328
4614,2007-09-10,26.90999984741211,27.3799991607666,0.0,27.3799991607666
4615,2007-09-11,27.110000610351562,25.270000457763672,0.0,25.270000457763672
4616,2007-09-12,25.969999313354492,24.959999084472656,0.0,24.959999084472656
4617,2007-09-13,25.010000228881836,24.760000228881836,0.0,24.760000228881836
4618,2007-09-14,26.3799991607666,24.920000076293945,0.0,24.920000076293945
4619,2007-09-17,26.450000762939453,26.479999542236328,0.0,26.479999542236328
4620,2007-09-18,25.790000915527344,20.350000381469727,0.0,20.350000381469727
4621,2007-09-19,19.959999084472656,20.030000686645508,0.0,20.030000686645508
4622,2007-09-20,20.469999313354492,20.450000762939453,0.0,20.450000762939453
4623,2007-09-21,19.440000534057617,19.0,0.0,19.0
4624,2007-09-24,19.040000915527344,19.3700008392334,0.0,19.3700008392334
4625,2007-09-25,20.25,18.600000381469727,0.0,18.600000381469727
4626,2007-09-26,17.920000076293945,17.6299991607666,0.0,17.6299991607666
4627,2007-09-27,17.1200008392334,17.0,0.0,17.0
4628,2007-09-28,17.229999542236328,18.0,0.0,18.0
4629,2007-10-01,18.440000534057617,17.84000015258789,0.0,17.84000015258789
4630,2007-10-02,17.670000076293945,18.489999771118164,0.0,18.489999771118164
4631,2007-10-03,18.8799991607666,18.799999237060547,0.0,18.799999237060547
4632,2007-10-04,18.649999618530273,18.440000534057617,0.0,18.440000534057617
4633,2007-10-05,17.549999237060547,16.90999984741211,0.0,16.90999984741211
4634,2007-10-08,17.729999542236328,17.459999084472656,0.0,17.459999084472656
4635,2007-10-09,17.149999618530273,16.1200008392334,0.0,16.1200008392334
4636,2007-10-10,16.420000076293945,16.670000076293945,0.0,16.670000076293945
4637,2007-10-11,16.149999618530273,18.8799991607666,0.0,18.8799991607666
4638,2007-10-12,18.68000030517578,17.729999542236328,0.0,17.729999542236328
4639,2007-10-15,18.139999389648438,19.25,0.0,19.25
4640,2007-10-16,20.06999969482422,20.020000457763672,0.0,20.020000457763672
4641,2007-10-17,18.760000228881836,18.540000915527344,0.0,18.540000915527344
4642,2007-10-18,19.15999984741211,18.5,0.0,18.5
4643,2007-10-19,19.149999618530273,22.959999084472656,0.0,22.959999084472656
4644,2007-10-22,23.889999389648438,21.639999389648438,0.0,21.639999389648438
4645,2007-10-23,21.290000915527344,20.40999984741211,0.0,20.40999984741211
4646,2007-10-24,21.15999984741211,20.799999237060547,0.0,20.799999237060547
4647,2007-10-25,20.84000015258789,21.170000076293945,0.0,21.170000076293945
4648,2007-10-26,19.84000015258789,19.559999465942383,0.0,19.559999465942383
4649,2007-10-29,19.93000030517578,19.8700008392334,0.0,19.8700008392334
4650,2007-10-30,20.459999084472656,21.06999969482422,0.0,21.06999969482422
4651,2007-10-31,20.530000686645508,18.530000686645508,0.0,18.530000686645508
4652,2007-11-01,19.889999389648438,23.209999084472656,0.0,23.209999084472656
4653,2007-11-02,22.559999465942383,23.010000228881836,0.0,23.010000228881836
4654,2007-11-05,25.25,24.309999465942383,0.0,24.309999465942383
4655,2007-11-06,23.5,21.389999389648438,0.0,21.389999389648438
4656,2007-11-07,23.149999618530273,26.489999771118164,0.0,26.489999771118164
4657,2007-11-08,26.450000762939453,26.15999984741211,0.0,26.15999984741211
4658,2007-11-09,27.959999084472656,28.5,0.0,28.5
4659,2007-11-12,30.56999969482422,31.09000015258789,0.0,31.09000015258789
4660,2007-11-13,27.469999313354492,24.100000381469727,0.0,24.100000381469727
4661,2007-11-14,23.350000381469727,25.940000534057617,0.0,25.940000534057617
4662,2007-11-15,26.959999084472656,28.059999465942383,0.0,28.059999465942383
4663,2007-11-16,27.040000915527344,25.489999771118164,0.0,25.489999771118164
4664,2007-11-19,26.739999771118164,26.010000228881836,0.0,26.010000228881836
4665,2007-11-20,26.1200008392334,24.8799991607666,0.0,24.8799991607666
4666,2007-11-21,26.299999237060547,26.84000015258789,0.0,26.84000015258789
4668,2007-11-23,26.420000076293945,25.610000610351562,0.0,25.610000610351562
4669,2007-11-26,26.459999084472656,28.90999984741211,0.0,28.90999984741211
4670,2007-11-27,28.139999389648438,26.280000686645508,0.0,26.280000686645508
4671,2007-11-28,25.139999389648438,24.110000610351562,0.0,24.110000610351562
4672,2007-11-29,24.59000015258789,23.969999313354492,0.0,23.969999313354492
4673,2007-11-30,22.670000076293945,22.8700008392334,0.0,22.8700008392334
4674,2007-12-03,23.59000015258789,23.610000610351562,0.0,23.610000610351562
4675,2007-12-04,24.299999237060547,23.790000915527344,0.0,23.790000915527344
4676,2007-12-05,22.719999313354492,22.530000686645508,0.0,22.530000686645508
4677,2007-12-06,22.68000030517578,20.959999084472656,0.0,20.959999084472656
4678,2007-12-07,20.690000534057617,20.850000381469727,0.0,20.850000381469727
4679,2007-12-10,21.15999984741211,20.739999771118164,0.0,20.739999771118164
4680,2007-12-11,20.690000534057617,23.59000015258789,0.0,23.59000015258789
4681,2007-12-12,20.81999969482422,22.469999313354492,0.0,22.469999313354492
4682,2007-12-13,23.530000686645508,22.559999465942383,0.0,22.559999465942383
4683,2007-12-14,23.530000686645508,23.270000457763672,0.0,23.270000457763672
4684,2007-12-17,24.1299991607666,24.520000457763672,0.0,24.520000457763672
4685,2007-12-18,23.700000762939453,22.639999389648438,0.0,22.639999389648438
4686,2007-12-19,22.6200008392334,21.68000030517578,0.0,21.68000030517578
4687,2007-12-20,21.020000457763672,20.579999923706055,0.0,20.579999923706055
4688,2007-12-21,19.81999969482422,18.469999313354492,0.0,18.469999313354492
4689,2007-12-24,19.079999923706055,18.600000381469727,0.0,18.600000381469727
4691,2007-12-26,19.3700008392334,18.65999984741211,0.0,18.65999984741211
4692,2007-12-27,19.149999618530273,20.260000228881836,0.0,20.260000228881836
4693,2007-12-28,19.59000015258789,20.739999771118164,0.0,20.739999771118164
4694,2007-12-31,21.8700008392334,22.5,0.0,22.5
4696,2008-01-02,22.579999923706055,23.170000076293945,0.0,23.170000076293945
4697,2008-01-03,23.110000610351562,22.489999771118164,0.0,22.489999771118164
4698,2008-01-04,23.5,23.940000534057617,0.0,23.940000534057617
4699,2008-01-07,24.6200008392334,23.790000915527344,0.0,23.790000915527344
4700,2008-01-08,23.270000457763672,25.43000030517578,0.0,25.43000030517578
4701,2008-01-09,25.610000610351562,24.1200008392334,0.0,24.1200008392334
4702,2008-01-10,24.559999465942383,23.450000762939453,0.0,23.450000762939453
4703,2008-01-11,24.040000915527344,23.68000030517578,0.0,23.68000030517578
4704,2008-01-14,23.760000228881836,22.899999618530273,0.0,22.899999618530273
4705,2008-01-15,24.100000381469727,23.34000015258789,0.0,23.34000015258789
4706,2008-01-16,23.899999618530273,24.3799991607666,0.0,24.3799991607666
4707,2008-01-17,24.110000610351562,28.459999084472656,0.0,28.459999084472656
4708,2008-01-18,27.549999237060547,27.18000030517578,0.0,27.18000030517578
4710,2008-01-22,35.119998931884766,31.010000228881836,0.0,31.010000228881836
4711,2008-01-23,33.84000015258789,29.020000457763672,0.0,29.020000457763672
4712,2008-01-24,28.06999969482422,27.780000686645508,0.0,27.780000686645508
4713,2008-01-25,26.190000534057617,29.079999923706055,0.0,29.079999923706055
4714,2008-01-28,29.670000076293945,27.780000686645508,0.0,27.780000686645508
4715,2008-01-29,26.610000610351562,27.31999969482422,0.0,27.31999969482422
4716,2008-01-30,27.530000686645508,27.6200008392334,0.0,27.6200008392334
4717,2008-01-31,28.780000686645508,26.200000762939453,0.0,26.200000762939453
4718,2008-02-01,25.65999984741211,24.020000457763672,0.0,24.020000457763672
4719,2008-02-04,25.09000015258789,25.989999771118164,0.0,25.989999771118164
4720,2008-02-05,27.200000762939453,28.239999771118164,0.0,28.239999771118164
4721,2008-02-06,27.75,28.969999313354492,0.0,28.969999313354492
4722,2008-02-07,29.510000228881836,27.65999984741211,0.0,27.65999984741211
4723,2008-02-08,27.979999542236328,28.010000228881836,0.0,28.010000228881836
4724,2008-02-11,29.139999389648438,27.600000381469727,0.0,27.600000381469727
4725,2008-02-12,26.559999465942383,26.329999923706055,0.0,26.329999923706055
4726,2008-02-13,25.670000076293945,24.8799991607666,0.0,24.8799991607666
4727,2008-02-14,24.639999389648438,25.540000915527344,0.0,25.540000915527344
4728,2008-02-15,25.579999923706055,25.020000457763672,0.0,25.020000457763672
4730,2008-02-19,25.389999389648438,25.59000015258789,0.0,25.59000015258789
4731,2008-02-20,25.600000381469727,24.399999618530273,0.0,24.399999618530273
4732,2008-02-21,24.420000076293945,25.1200008392334,0.0,25.1200008392334
4733,2008-02-22,24.989999771118164,24.059999465942383,0.0,24.059999465942383
4734,2008-02-25,24.059999465942383,23.030000686645508,0.0,23.030000686645508
4735,2008-02-26,23.440000534057617,21.899999618530273,0.0,21.899999618530273
4736,2008-02-27,21.899999618530273,22.690000534057617,0.0,22.690000534057617
4737,2008-02-28,22.690000534057617,23.530000686645508,0.0,23.530000686645508
4738,2008-02-29,23.540000915527344,26.540000915527344,0.0,26.540000915527344
4739,2008-03-03,27.540000915527344,26.280000686645508,0.0,26.280000686645508
4740,2008-03-04,27.190000534057617,25.520000457763672,0.0,25.520000457763672
4741,2008-03-05,25.520000457763672,24.600000381469727,0.0,24.600000381469727
4742,2008-03-06,25.450000762939453,27.549999237060547,0.0,27.549999237060547
4743,2008-03-07,28.520000457763672,27.489999771118164,0.0,27.489999771118164
4744,2008-03-10,28.1299991607666,29.3799991607666,0.0,29.3799991607666
4745,2008-03-11,27.25,26.360000610351562,0.0,26.360000610351562
4746,2008-03-12,26.389999389648438,27.219999313354492,0.0,27.219999313354492
4747,2008-03-13,27.219999313354492,27.290000915527344,0.0,27.290000915527344
4748,2008-03-14,27.309999465942383,31.15999984741211,0.0,31.15999984741211
4749,2008-03-17,35.13999938964844,32.2400016784668,0.0,32.2400016784668
4750,2008-03-18,32.2400016784668,25.790000915527344,0.0,25.790000915527344
4751,2008-03-19,25.780000686645508,29.84000015258789,0.0,29.84000015258789
4752,2008-03-20,29.84000015258789,26.6200008392334,0.0,26.6200008392334
4754,2008-03-24,26.639999389648438,25.729999542236328,0.0,25.729999542236328
4755,2008-03-25,25.75,25.719999313354492,0.0,25.719999313354492
4756,2008-03-26,25.75,26.079999923706055,0.0,26.079999923706055
4757,2008-03-27,25.549999237060547,25.8799991607666,0.0,25.8799991607666
4758,2008-03-28,25.809999465942383,25.709999084472656,0.0,25.709999084472656
4759,2008-03-31,25.709999084472656,25.610000610351562,0.0,25.610000610351562
4760,2008-04-01,25.610000610351562,22.68000030517578,0.0,22.68000030517578
4761,2008-04-02,22.639999389648438,23.43000030517578,0.0,23.43000030517578
4762,2008-04-03,23.84000015258789,23.209999084472656,0.0,23.209999084472656
4763,2008-04-04,23.0,22.450000762939453,0.0,22.450000762939453
4764,2008-04-07,22.450000762939453,22.420000076293945,0.0,22.420000076293945
4765,2008-04-08,22.420000076293945,22.360000610351562,0.0,22.360000610351562
4766,2008-04-09,22.360000610351562,22.809999465942383,0.0,22.809999465942383
4767,2008-04-10,22.799999237060547,21.979999542236328,0.0,21.979999542236328
4768,2008-04-11,23.030000686645508,23.459999084472656,0.0,23.459999084472656
4769,2008-04-14,23.459999084472656,23.81999969482422,0.0,23.81999969482422
4770,2008-04-15,23.84000015258789,22.780000686645508,0.0,22.780000686645508
4771,2008-04-16,22.030000686645508,20.530000686645508,0.0,20.530000686645508
4772,2008-04-17,21.1299991607666,20.3700008392334,0.0,20.3700008392334
4773,2008-04-18,20.3700008392334,20.1299991607666,0.0,20.1299991607666
4774,2008-04-21,20.149999618530273,20.5,0.0,20.5
4775,2008-04-22,20.469999313354492,20.8700008392334,0.0,20.8700008392334
4776,2008-04-23,20.6299991607666,20.260000228881836,0.0,20.260000228881836
4777,2008-04-24,20.260000228881836,20.059999465942383,0.0,20.059999465942383
4778,2008-04-25,19.600000381469727,19.59000015258789,0.0,19.59000015258789
4779,2008-04-28,20.139999389648438,19.639999389648438,0.0,19.639999389648438
4780,2008-04-29,19.860000610351562,20.239999771118164,0.0,20.239999771118164
4781,2008-04-30,20.239999771118164,20.790000915527344,0.0,20.790000915527344
4782,2008-05-01,20.780000686645508,18.8799991607666,0.0,18.8799991607666
4783,2008-05-02,18.8700008392334,18.18000030517578,0.0,18.18000030517578
4784,2008-05-05,18.68000030517578,18.899999618530273,0.0,18.899999618530273
4785,2008-05-06,18.899999618530273,18.209999084472656,0.0,18.209999084472656
4786,2008-05-07,18.479999542236328,19.729999542236328,0.0,19.729999542236328
4787,2008-05-08,19.729999542236328,19.399999618530273,0.0,19.399999618530273
4788,2008-05-09,19.979999542236328,19.40999984741211,0.0,19.40999984741211
4789,2008-05-12,19.170000076293945,17.790000915527344,0.0,17.790000915527344
4790,2008-05-13,17.790000915527344,17.979999542236328,0.0,17.979999542236328
4791,2008-05-14,17.979999542236328,17.65999984741211,0.0,17.65999984741211
4792,2008-05-15,17.649999618530273,16.299999237060547,0.0,16.299999237060547
4793,2008-05-16,16.299999237060547,16.469999313354492,0.0,16.469999313354492
4794,2008-05-19,16.469999313354492,17.010000228881836,0.0,17.010000228881836
4795,2008-05-20,17.020000457763672,17.579999923706055,0.0,17.579999923706055
4796,2008-05-21,17.639999389648438,18.59000015258789,0.0,18.59000015258789
4797,2008-05-22,18.920000076293945,18.049999237060547,0.0,18.049999237060547
4798,2008-05-23,18.579999923706055,19.549999237060547,0.0,19.549999237060547
4800,2008-05-27,20.780000686645508,19.639999389648438,0.0,19.639999389648438
4801,2008-05-28,19.639999389648438,19.06999969482422,0.0,19.06999969482422
4802,2008-05-29,19.079999923706055,18.139999389648438,0.0,18.139999389648438
4803,2008-05-30,18.139999389648438,17.829999923706055,0.0,17.829999923706055
4804,2008-06-02,17.829999923706055,19.829999923706055,0.0,19.829999923706055
4805,2008-06-03,19.799999237060547,20.239999771118164,0.0,20.239999771118164
4806,2008-06-04,20.639999389648438,20.799999237060547,0.0,20.799999237060547
4807,2008-06-05,20.540000915527344,18.6299991607666,0.0,18.6299991607666
4808,2008-06-06,18.6299991607666,23.559999465942383,0.0,23.559999465942383
4809,2008-06-09,23.559999465942383,23.1200008392334,0.0,23.1200008392334
4810,2008-06-10,24.3700008392334,23.18000030517578,0.0,23.18000030517578
4811,2008-06-11,23.440000534057617,24.1200008392334,0.0,24.1200008392334
4812,2008-06-12,23.610000610351562,23.329999923706055,0.0,23.329999923706055
4813,2008-06-13,23.020000457763672,21.219999313354492,0.0,21.219999313354492
4814,2008-06-16,21.219999313354492,20.950000762939453,0.0,20.950000762939453
4815,2008-06-17,20.959999084472656,21.1299991607666,0.0,21.1299991607666
4816,2008-06-18,21.670000076293945,22.239999771118164,0.0,22.239999771118164
4817,2008-06-19,22.239999771118164,21.579999923706055,0.0,21.579999923706055
4818,2008-06-20,21.579999923706055,22.8700008392334,0.0,22.8700008392334
4819,2008-06-23,22.889999389648438,22.639999389648438,0.0,22.639999389648438
4820,2008-06-24,22.690000534057617,22.420000076293945,0.0,22.420000076293945
4821,2008-06-25,22.420000076293945,21.139999389648438,0.0,21.139999389648438
4822,2008-06-26,22.229999542236328,23.93000030517578,0.0,23.93000030517578
4823,2008-06-27,23.75,23.440000534057617,0.0,23.440000534057617
4824,2008-06-30,24.25,23.950000762939453,0.0,23.950000762939453
4825,2008-07-01,25.139999389648438,23.649999618530273,0.0,23.649999618530273
4826,2008-07-02,23.399999618530273,25.920000076293945,0.0,25.920000076293945
4827,2008-07-03,25.920000076293945,24.780000686645508,0.0,24.780000686645508
4829,2008-07-07,25.479999542236328,25.780000686645508,0.0,25.780000686645508
4830,2008-07-08,25.719999313354492,23.149999618530273,0.0,23.149999618530273
4831,2008-07-09,23.15999984741211,25.229999542236328,0.0,25.229999542236328
4832,2008-07-10,25.219999313354492,25.59000015258789,0.0,25.59000015258789
4833,2008-07-11,25.559999465942383,27.489999771118164,0.0,27.489999771118164
4834,2008-07-14,27.489999771118164,28.479999542236328,0.0,28.479999542236328
4835,2008-07-15,28.469999313354492,28.540000915527344,0.0,28.540000915527344
4836,2008-07-16,28.190000534057617,25.100000381469727,0.0,25.100000381469727
4837,2008-07-17,24.579999923706055,25.010000228881836,0.0,25.010000228881836
4838,2008-07-18,25.010000228881836,24.049999237060547,0.0,24.049999237060547
4839,2008-07-21,24.049999237060547,23.049999237060547,0.0,23.049999237060547
4840,2008-07-22,24.020000457763672,21.18000030517578,0.0,21.18000030517578
4841,2008-07-23,21.229999542236328,21.309999465942383,0.0,21.309999465942383
4842,2008-07-24,21.309999465942383,23.440000534057617,0.0,23.440000534057617
4843,2008-07-25,23.450000762939453,22.90999984741211,0.0,22.90999984741211
4844,2008-07-28,22.90999984741211,24.229999542236328,0.0,24.229999542236328
4845,2008-07-29,24.200000762939453,22.030000686645508,0.0,22.030000686645508
4846,2008-07-30,22.030000686645508,21.209999084472656,0.0,21.209999084472656
4847,2008-07-31,22.329999923706055,22.940000534057617,0.0,22.940000534057617
4848,2008-08-01,22.65999984741211,22.56999969482422,0.0,22.56999969482422
4849,2008-08-04,23.530000686645508,23.489999771118164,0.0,23.489999771118164
4850,2008-08-05,22.989999771118164,21.139999389648438,0.0,21.139999389648438
4851,2008-08-06,21.65999984741211,20.229999542236328,0.0,20.229999542236328
4852,2008-08-07,20.229999542236328,21.149999618530273,0.0,21.149999618530273
4853,2008-08-08,21.149999618530273,20.65999984741211,0.0,20.65999984741211
4854,2008-08-11,20.65999984741211,20.1200008392334,0.0,20.1200008392334
4855,2008-08-12,20.639999389648438,21.170000076293945,0.0,21.170000076293945
4856,2008-08-13,21.56999969482422,21.549999237060547,0.0,21.549999237060547
4857,2008-08-14,22.299999237060547,20.34000015258789,0.0,20.34000015258789
4858,2008-08-15,20.239999771118164,19.579999923706055,0.0,19.579999923706055
4859,2008-08-18,19.579999923706055,20.979999542236328,0.0,20.979999542236328
4860,2008-08-19,21.760000228881836,21.280000686645508,0.0,21.280000686645508
4861,2008-08-20,21.299999237060547,20.420000076293945,0.0,20.420000076293945
4862,2008-08-21,20.43000030517578,19.81999969482422,0.0,19.81999969482422
4863,2008-08-22,19.829999923706055,18.809999465942383,0.0,18.809999465942383
4864,2008-08-25,18.780000686645508,20.969999313354492,0.0,20.969999313354492
4865,2008-08-26,20.979999542236328,20.489999771118164,0.0,20.489999771118164
4866,2008-08-27,20.479999542236328,19.760000228881836,0.0,19.760000228881836
4867,2008-08-28,19.360000610351562,19.43000030517578,0.0,19.43000030517578
4868,2008-08-29,19.43000030517578,20.649999618530273,0.0,20.649999618530273
4870,2008-09-02,20.649999618530273,21.989999771118164,0.0,21.989999771118164
4871,2008-09-03,21.989999771118164,21.43000030517578,0.0,21.43000030517578
4872,2008-09-04,22.020000457763672,24.030000686645508,0.0,24.030000686645508
4873,2008-09-05,24.540000915527344,23.059999465942383,0.0,23.059999465942383
4874,2008-09-08,22.219999313354492,22.639999389648438,0.0,22.639999389648438
4875,2008-09-09,22.690000534057617,25.469999313354492,0.0,25.469999313354492
4876,2008-09-10,25.469999313354492,24.520000457763672,0.0,24.520000457763672
4877,2008-09-11,25.3799991607666,24.389999389648438,0.0,24.389999389648438
4878,2008-09-12,24.799999237060547,25.65999984741211,0.0,25.65999984741211
4879,2008-09-15,25.65999984741211,31.700000762939453,0.0,31.700000762939453
4880,2008-09-16,31.700000762939453,30.299999237060547,0.0,30.299999237060547
4881,2008-09-17,31.959999084472656,36.220001220703125,0.0,36.220001220703125
4882,2008-09-18,36.099998474121094,33.099998474121094,0.0,33.099998474121094
4883,2008-09-19,33.06999969482422,32.06999969482422,0.0,32.06999969482422
4884,2008-09-22,32.400001525878906,33.849998474121094,0.0,33.849998474121094
4885,2008-09-23,33.849998474121094,35.720001220703125,0.0,35.720001220703125
4886,2008-09-24,35.70000076293945,35.189998626708984,0.0,35.189998626708984
4887,2008-09-25,35.189998626708984,32.81999969482422,0.0,32.81999969482422
4888,2008-09-26,32.81999969482422,34.7400016784668,0.0,34.7400016784668
4889,2008-09-29,36.91999816894531,46.720001220703125,0.0,46.720001220703125
4890,2008-09-30,43.77000045776367,39.38999938964844,0.0,39.38999938964844
4891,2008-10-01,39.38999938964844,39.810001373291016,0.0,39.810001373291016
4892,2008-10-02,39.81999969482422,45.2599983215332,0.0,45.2599983215332
4893,2008-10-03,45.220001220703125,45.13999938964844,0.0,45.13999938964844
4894,2008-10-06,45.119998931884766,52.04999923706055,0.0,52.04999923706055
4895,2008-10-07,52.04999923706055,53.68000030517578,0.0,53.68000030517578
4896,2008-10-08,53.68000030517578,57.529998779296875,0.0,57.529998779296875
4897,2008-10-09,57.56999969482422,63.91999816894531,0.0,63.91999816894531
4898,2008-10-10,65.8499984741211,69.94999694824219,0.0,69.94999694824219
4899,2008-10-13,69.94999694824219,54.9900016784668,0.0,54.9900016784668
4900,2008-10-14,55.099998474121094,55.130001068115234,0.0,55.130001068115234
4901,2008-10-15,55.689998626708984,69.25,0.0,69.25
4902,2008-10-16,69.20999908447266,67.61000061035156,0.0,67.61000061035156
4903,2008-10-17,67.6500015258789,70.33000183105469,0.0,70.33000183105469
4904,2008-10-20,70.4000015258789,52.970001220703125,0.0,52.970001220703125
4905,2008-10-21,52.95000076293945,53.11000061035156,0.0,53.11000061035156
4906,2008-10-22,63.119998931884766,69.6500015258789,0.0,69.6500015258789
4907,2008-10-23,68.02999877929688,67.80000305175781,0.0,67.80000305175781
4908,2008-10-24,67.80000305175781,79.12999725341797,0.0,79.12999725341797
4909,2008-10-27,79.12999725341797,80.05999755859375,0.0,80.05999755859375
4910,2008-10-28,73.30000305175781,66.95999908447266,0.0,66.95999908447266
4911,2008-10-29,66.95999908447266,69.95999908447266,0.0,69.95999908447266
4912,2008-10-30,69.83000183105469,62.900001525878906,0.0,62.900001525878906
4913,2008-10-31,62.93000030517578,59.88999938964844,0.0,59.88999938964844
4914,2008-11-03,60.16999816894531,53.68000030517578,0.0,53.68000030517578
4915,2008-11-04,53.68000030517578,47.72999954223633,0.0,47.72999954223633
4916,2008-11-05,47.72999954223633,54.560001373291016,0.0,54.560001373291016
4917,2008-11-06,56.709999084472656,63.68000030517578,0.0,63.68000030517578
4918,2008-11-07,63.68000030517578,56.099998474121094,0.0,56.099998474121094
4919,2008-11-10,56.09000015258789,59.97999954223633,0.0,59.97999954223633
4920,2008-11-11,59.97999954223633,61.439998626708984,0.0,61.439998626708984
4921,2008-11-12,61.52000045776367,66.45999908447266,0.0,66.45999908447266
4922,2008-11-13,66.44999694824219,59.83000183105469,0.0,59.83000183105469
4923,2008-11-14,62.599998474121094,66.30999755859375,0.0,66.30999755859375
4924,2008-11-17,69.56999969482422,69.1500015258789,0.0,69.1500015258789
4925,2008-11-18,70.08999633789062,67.63999938964844,0.0,67.63999938964844
4926,2008-11-19,68.45999908447266,74.26000213623047,0.0,74.26000213623047
4927,2008-11-20,74.26000213623047,80.86000061035156,0.0,80.86000061035156
4928,2008-11-21,80.73999786376953,72.66999816894531,0.0,72.66999816894531
4929,2008-11-24,71.19000244140625,64.69999694824219,0.0,64.69999694824219
4930,2008-11-25,64.76000213623047,60.900001525878906,0.0,60.900001525878906
4931,2008-11-26,60.900001525878906,54.91999816894531,0.0,54.91999816894531
4933,2008-11-28,56.02000045776367,55.279998779296875,0.0,55.279998779296875
4934,2008-12-01,60.470001220703125,68.51000213623047,0.0,68.51000213623047
4935,2008-12-02,66.68000030517578,62.97999954223633,0.0,62.97999954223633
4936,2008-12-03,62.97999954223633,60.720001220703125,0.0,60.720001220703125
4937,2008-12-04,62.189998626708984,63.63999938964844,0.0,63.63999938964844
4938,2008-12-05,63.63999938964844,59.93000030517578,0.0,59.93000030517578
4939,2008-12-08,58.86000061035156,58.4900016784668,0.0,58.4900016784668
4940,2008-12-09,59.47999954223633,58.90999984741211,0.0,58.90999984741211
4941,2008-12-10,58.90999984741211,55.72999954223633,0.0,55.72999954223633
4942,2008-12-11,55.08000183105469,55.779998779296875,0.0,55.779998779296875
4943,2008-12-12,55.779998779296875,54.279998779296875,0.0,54.279998779296875
4944,2008-12-15,55.68000030517578,56.7599983215332,0.0,56.7599983215332
4945,2008-12-16,56.7599983215332,52.369998931884766,0.0,52.369998931884766
4946,2008-12-17,52.0,49.84000015258789,0.0,49.84000015258789
4947,2008-12-18,49.84000015258789,47.34000015258789,0.0,47.34000015258789
4948,2008-12-19,46.0099983215332,44.93000030517578,0.0,44.93000030517578
4949,2008-12-22,44.93000030517578,44.560001373291016,0.0,44.560001373291016
4950,2008-12-23,43.189998626708984,45.02000045776367,0.0,45.02000045776367
4951,2008-12-24,45.02000045776367,44.209999084472656,0.0,44.209999084472656
4953,2008-12-26,44.27000045776367,43.380001068115234,0.0,43.380001068115234
4954,2008-12-29,43.349998474121094,43.900001525878906,0.0,43.900001525878906
4955,2008-12-30,43.9900016784668,41.630001068115234,0.0,41.630001068115234
4956,2008-12-31,41.630001068115234,40.0,0.0,40.0
4958,2009-01-02,39.58000183105469,39.189998626708984,0.0,39.189998626708984
4959,2009-01-05,39.2400016784668,39.08000183105469,0.0,39.08000183105469
4960,2009-01-06,38.060001373291016,38.560001373291016,0.0,38.560001373291016
4961,2009-01-07,40.290000915527344,43.38999938964844,0.0,43.38999938964844
4962,2009-01-08,43.380001068115234,42.560001373291016,0.0,42.560001373291016
4963,2009-01-09,41.18000030517578,42.81999969482422,0.0,42.81999969482422
4964,2009-01-12,42.060001373291016,45.84000015258789,0.0,45.84000015258789
4965,2009-01-13,45.84000015258789,43.27000045776367,0.0,43.27000045776367
4966,2009-01-14,46.2400016784668,49.13999938964844,0.0,49.13999938964844
4967,2009-01-15,49.13999938964844,51.0,0.0,51.0
4968,2009-01-16,51.0,46.11000061035156,0.0,46.11000061035156
4970,2009-01-20,50.119998931884766,56.650001525878906,0.0,56.650001525878906
4971,2009-01-21,51.52000045776367,46.41999816894531,0.0,46.41999816894531
4972,2009-01-22,50.650001525878906,47.290000915527344,0.0,47.290000915527344
4973,2009-01-23,50.38999938964844,47.27000045776367,0.0,47.27000045776367
4974,2009-01-26,47.88999938964844,45.689998626708984,0.0,45.689998626708984
4975,2009-01-27,45.11000061035156,42.25,0.0,42.25
4976,2009-01-28,42.25,39.65999984741211,0.0,39.65999984741211
4977,2009-01-29,41.34000015258789,42.630001068115234,0.0,42.630001068115234
4978,2009-01-30,42.630001068115234,44.84000015258789,0.0,44.84000015258789
4979,2009-02-02,49.41999816894531,45.52000045776367,0.0,45.52000045776367
4980,2009-02-03,45.52000045776367,43.060001373291016,0.0,43.060001373291016
4981,2009-02-04,43.060001373291016,43.849998474121094,0.0,43.849998474121094
4982,2009-02-05,43.83000183105469,43.72999954223633,0.0,43.72999954223633
4983,2009-02-06,43.709999084472656,43.369998931884766,0.0,43.369998931884766
4984,2009-02-09,45.400001525878906,43.63999938964844,0.0,43.63999938964844
4985,2009-02-10,45.13999938964844,46.66999816894531,0.0,46.66999816894531
4986,2009-02-11,46.66999816894531,44.529998779296875,0.0,44.529998779296875
4987,2009-02-12,44.52000045776367,41.25,0.0,41.25
4988,2009-02-13,41.599998474121094,42.93000030517578,0.0,42.93000030517578
4990,2009-02-17,48.13999938964844,48.65999984741211,0.0,48.65999984741211
4991,2009-02-18,48.65999984741211,48.459999084472656,0.0,48.459999084472656
4992,2009-02-19,48.540000915527344,47.08000183105469,0.0,47.08000183105469
4993,2009-02-20,47.08000183105469,49.29999923706055,0.0,49.29999923706055
4994,2009-02-23,49.29999923706055,52.619998931884766,0.0,52.619998931884766
4995,2009-02-24,52.5,45.4900016784668,0.0,45.4900016784668
4996,2009-02-25,45.72999954223633,44.66999816894531,0.0,44.66999816894531
4997,2009-02-26,43.75,44.65999984741211,0.0,44.65999984741211
4998,2009-02-27,44.65999984741211,46.349998474121094,0.0,46.349998474121094
4999,2009-03-02,49.959999084472656,52.650001525878906,0.0,52.650001525878906
5000,2009-03-03,52.650001525878906,50.93000030517578,0.0,50.93000030517578
5001,2009-03-04,48.02000045776367,47.560001373291016,0.0,47.560001373291016
5002,2009-03-05,47.560001373291016,50.16999816894531,0.0,50.16999816894531
5003,2009-03-06,50.16999816894531,49.33000183105469,0.0,49.33000183105469
5004,2009-03-09,49.349998474121094,49.68000030517578,0.0,49.68000030517578
5005,2009-03-10,49.68000030517578,44.369998931884766,0.0,44.369998931884766
5006,2009-03-11,43.349998474121094,43.61000061035156,0.0,43.61000061035156
5007,2009-03-12,43.529998779296875,41.18000030517578,0.0,41.18000030517578
5008,2009-03-13,40.9900016784668,42.36000061035156,0.0,42.36000061035156
5009,2009-03-16,42.36000061035156,43.7400016784668,0.0,43.7400016784668
5010,2009-03-17,44.22999954223633,40.79999923706055,0.0,40.79999923706055
5011,2009-03-18,41.13999938964844,40.060001373291016,0.0,40.060001373291016
5012,2009-03-19,40.060001373291016,43.68000030517578,0.0,43.68000030517578
5013,2009-03-20,43.599998474121094,45.88999938964844,0.0,45.88999938964844
5014,2009-03-23,45.88999938964844,43.22999954223633,0.0,43.22999954223633
5015,2009-03-24,43.2400016784668,42.93000030517578,0.0,42.93000030517578
5016,2009-03-25,42.349998474121094,42.25,0.0,42.25
5017,2009-03-26,42.25,40.36000061035156,0.0,40.36000061035156
5018,2009-03-27,40.36000061035156,41.040000915527344,0.0,41.040000915527344
5019,2009-03-30,44.86000061035156,45.540000915527344,0.0,45.540000915527344
5020,2009-03-31,45.540000915527344,44.13999938964844,0.0,44.13999938964844
5021,2009-04-01,45.41999816894531,42.279998779296875,0.0,42.279998779296875
5022,2009-04-02,42.279998779296875,42.040000915527344,0.0,42.040000915527344
5023,2009-04-03,42.029998779296875,39.70000076293945,0.0,39.70000076293945
5024,2009-04-06,41.959999084472656,40.93000030517578,0.0,40.93000030517578
5025,2009-04-07,41.47999954223633,40.38999938964844,0.0,40.38999938964844
5026,2009-04-08,40.38999938964844,38.849998474121094,0.0,38.849998474121094
5027,2009-04-09,37.220001220703125,36.529998779296875,0.0,36.529998779296875
5029,2009-04-13,38.31999969482422,37.810001373291016,0.0,37.810001373291016
5030,2009-04-14,37.95000076293945,37.66999816894531,0.0,37.66999816894531
5031,2009-04-15,37.849998474121094,36.16999816894531,0.0,36.16999816894531
5032,2009-04-16,36.040000915527344,35.790000915527344,0.0,35.790000915527344
5033,2009-04-17,35.36000061035156,33.939998626708984,0.0,33.939998626708984
5034,2009-04-20,33.939998626708984,39.18000030517578,0.0,39.18000030517578
5035,2009-04-21,40.27000045776367,37.13999938964844,0.0,37.13999938964844
5036,2009-04-22,37.13999938964844,38.099998474121094,0.0,38.099998474121094
5037,2009-04-23,38.099998474121094,37.150001525878906,0.0,37.150001525878906
5038,2009-04-24,36.86000061035156,36.81999969482422,0.0,36.81999969482422
5039,2009-04-27,39.459999084472656,38.31999969482422,0.0,38.31999969482422
5040,2009-04-28,39.43000030517578,37.95000076293945,0.0,37.95000076293945
5041,2009-04-29,37.95000076293945,36.08000183105469,0.0,36.08000183105469
5042,2009-04-30,36.09000015258789,36.5,0.0,36.5
5043,2009-05-01,36.5,35.29999923706055,0.0,35.29999923706055
5044,2009-05-04,35.29999923706055,34.529998779296875,0.0,34.529998779296875
5045,2009-05-05,34.540000915527344,33.36000061035156,0.0,33.36000061035156
5046,2009-05-06,33.36000061035156,32.45000076293945,0.0,32.45000076293945
5047,2009-05-07,32.099998474121094,33.439998626708984,0.0,33.439998626708984
5048,2009-05-08,32.36000061035156,32.04999923706055,0.0,32.04999923706055
5049,2009-05-11,32.04999923706055,32.869998931884766,0.0,32.869998931884766
5050,2009-05-12,32.68000030517578,31.799999237060547,0.0,31.799999237060547
5051,2009-05-13,32.970001220703125,33.650001525878906,0.0,33.650001525878906
5052,2009-05-14,33.650001525878906,31.3700008392334,0.0,31.3700008392334
5053,2009-05-15,31.360000610351562,33.119998931884766,0.0,33.119998931884766
5054,2009-05-18,32.90999984741211,30.239999771118164,0.0,30.239999771118164
5055,2009-05-19,30.229999542236328,28.799999237060547,0.0,28.799999237060547
5056,2009-05-20,27.469999313354492,29.030000686645508,0.0,29.030000686645508
5057,2009-05-21,29.030000686645508,31.350000381469727,0.0,31.350000381469727
5058,2009-05-22,31.360000610351562,32.630001068115234,0.0,32.630001068115234
5060,2009-05-26,34.56999969482422,30.6200008392334,0.0,30.6200008392334
5061,2009-05-27,30.799999237060547,32.36000061035156,0.0,32.36000061035156
5062,2009-05-28,31.540000915527344,31.670000076293945,0.0,31.670000076293945
5063,2009-05-29,31.670000076293945,28.920000076293945,0.0,28.920000076293945
5064,2009-06-01,28.700000762939453,30.040000915527344,0.0,30.040000915527344
5065,2009-06-02,30.040000915527344,29.6299991607666,0.0,29.6299991607666
5066,2009-06-03,29.6200008392334,31.020000457763672,0.0,31.020000457763672
5067,2009-06-04,31.020000457763672,30.18000030517578,0.0,30.18000030517578
5068,2009-06-05,29.389999389648438,29.6200008392334,0.0,29.6200008392334
5069,2009-06-08,30.8799991607666,29.770000457763672,0.0,29.770000457763672
5070,2009-06-09,29.770000457763672,28.270000457763672,0.0,28.270000457763672
5071,2009-06-10,26.899999618530273,28.459999084472656,0.0,28.459999084472656
5072,2009-06-11,27.360000610351562,28.110000610351562,0.0,28.110000610351562
5073,2009-06-12,28.079999923706055,28.149999618530273,0.0,28.149999618530273
5074,2009-06-15,29.700000762939453,30.809999465942383,0.0,30.809999465942383
5075,2009-06-16,30.809999465942383,32.68000030517578,0.0,32.68000030517578
5076,2009-06-17,31.190000534057617,31.540000915527344,0.0,31.540000915527344
5077,2009-06-18,31.540000915527344,30.030000686645508,0.0,30.030000686645508
5078,2009-06-19,29.15999984741211,27.989999771118164,0.0,27.989999771118164
5079,2009-06-22,30.399999618530273,31.170000076293945,0.0,31.170000076293945
5080,2009-06-23,31.299999237060547,30.579999923706055,0.0,30.579999923706055
5081,2009-06-24,30.579999923706055,29.049999237060547,0.0,29.049999237060547
5082,2009-06-25,29.450000762939453,26.360000610351562,0.0,26.360000610351562
5083,2009-06-26,27.09000015258789,25.93000030517578,0.0,25.93000030517578
5084,2009-06-29,25.93000030517578,25.350000381469727,0.0,25.350000381469727
5085,2009-06-30,25.360000610351562,26.350000381469727,0.0,26.350000381469727
5086,2009-07-01,25.729999542236328,26.219999313354492,0.0,26.219999313354492
5087,2009-07-02,26.219999313354492,27.950000762939453,0.0,27.950000762939453
5089,2009-07-06,30.31999969482422,29.0,0.0,29.0
5090,2009-07-07,29.0,30.850000381469727,0.0,30.850000381469727
5091,2009-07-08,30.850000381469727,31.299999237060547,0.0,31.299999237060547
5092,2009-07-09,30.229999542236328,29.780000686645508,0.0,29.780000686645508
5093,2009-07-10,29.780000686645508,29.020000457763672,0.0,29.020000457763672
5094,2009-07-13,28.360000610351562,26.309999465942383,0.0,26.309999465942383
5095,2009-07-14,26.309999465942383,25.020000457763672,0.0,25.020000457763672
5096,2009-07-15,25.049999237060547,25.889999389648438,0.0,25.889999389648438
5097,2009-07-16,25.959999084472656,25.420000076293945,0.0,25.420000076293945
5098,2009-07-17,25.420000076293945,24.34000015258789,0.0,24.34000015258789
5099,2009-07-20,25.059999465942383,24.399999618530273,0.0,24.399999618530273
5100,2009-07-21,24.280000686645508,23.8700008392334,0.0,23.8700008392334
5101,2009-07-22,24.049999237060547,23.469999313354492,0.0,23.469999313354492
5102,2009-07-23,23.709999084472656,23.43000030517578,0.0,23.43000030517578
5103,2009-07-24,23.8700008392334,23.09000015258789,0.0,23.09000015258789
5104,2009-07-27,24.059999465942383,24.280000686645508,0.0,24.280000686645508
5105,2009-07-28,24.280000686645508,25.010000228881836,0.0,25.010000228881836
5106,2009-07-29,25.469999313354492,25.610000610351562,0.0,25.610000610351562
5107,2009-07-30,25.399999618530273,25.399999618530273,0.0,25.399999618530273
5108,2009-07-31,25.399999618530273,25.920000076293945,0.0,25.920000076293945
5109,2009-08-03,25.920000076293945,25.559999465942383,0.0,25.559999465942383
5110,2009-08-04,25.549999237060547,24.889999389648438,0.0,24.889999389648438
5111,2009-08-05,24.90999984741211,24.899999618530273,0.0,24.899999618530273
5112,2009-08-06,24.899999618530273,25.670000076293945,0.0,25.670000076293945
5113,2009-08-07,24.709999084472656,24.760000228881836,0.0,24.760000228881836
5114,2009-08-10,24.760000228881836,24.989999771118164,0.0,24.989999771118164
5115,2009-08-11,24.979999542236328,25.989999771118164,0.0,25.989999771118164
5116,2009-08-12,25.989999771118164,25.450000762939453,0.0,25.450000762939453
5117,2009-08-13,25.34000015258789,24.709999084472656,0.0,24.709999084472656
5118,2009-08-14,24.770000457763672,24.270000457763672,0.0,24.270000457763672
5119,2009-08-17,24.270000457763672,27.889999389648438,0.0,27.889999389648438
5120,2009-08-18,27.889999389648438,26.18000030517578,0.0,26.18000030517578
5121,2009-08-19,28.079999923706055,26.260000228881836,0.0,26.260000228881836
5122,2009-08-20,26.450000762939453,25.09000015258789,0.0,25.09000015258789
5123,2009-08-21,24.489999771118164,25.010000228881836,0.0,25.010000228881836
5124,2009-08-24,25.010000228881836,25.139999389648438,0.0,25.139999389648438
5125,2009-08-25,25.1299991607666,24.920000076293945,0.0,24.920000076293945
5126,2009-08-26,24.90999984741211,24.950000762939453,0.0,24.950000762939453
5127,2009-08-27,25.1299991607666,24.68000030517578,0.0,24.68000030517578
5128,2009-08-28,24.440000534057617,24.760000228881836,0.0,24.760000228881836
5129,2009-08-31,24.760000228881836,26.010000228881836,0.0,26.010000228881836
5130,2009-09-01,26.010000228881836,29.149999618530273,0.0,29.149999618530273
5131,2009-09-02,29.139999389648438,28.899999618530273,0.0,28.899999618530273
5132,2009-09-03,28.899999618530273,27.100000381469727,0.0,27.100000381469727
5133,2009-09-04,26.979999542236328,25.260000228881836,0.0,25.260000228881836
5135,2009-09-08,25.260000228881836,25.6200008392334,0.0,25.6200008392334
5136,2009-09-09,25.65999984741211,24.31999969482422,0.0,24.31999969482422
5137,2009-09-10,24.399999618530273,23.549999237060547,0.0,23.549999237060547
5138,2009-09-11,23.489999771118164,24.149999618530273,0.0,24.149999618530273
5139,2009-09-14,25.389999389648438,23.860000610351562,0.0,23.860000610351562
5140,2009-09-15,23.899999618530273,23.420000076293945,0.0,23.420000076293945
5141,2009-09-16,23.290000915527344,23.690000534057617,0.0,23.690000534057617
5142,2009-09-17,23.989999771118164,23.649999618530273,0.0,23.649999618530273
5143,2009-09-18,23.649999618530273,23.920000076293945,0.0,23.920000076293945
5144,2009-09-21,25.34000015258789,24.059999465942383,0.0,24.059999465942383
5145,2009-09-22,23.809999465942383,23.079999923706055,0.0,23.079999923706055
5146,2009-09-23,22.899999618530273,23.489999771118164,0.0,23.489999771118164
5147,2009-09-24,23.670000076293945,24.950000762939453,0.0,24.950000762939453
5148,2009-09-25,25.18000030517578,25.610000610351562,0.0,25.610000610351562
5149,2009-09-28,26.260000228881836,24.8799991607666,0.0,24.8799991607666
5150,2009-09-29,24.8799991607666,25.190000534057617,0.0,25.190000534057617
5151,2009-09-30,25.190000534057617,25.610000610351562,0.0,25.610000610351562
5152,2009-10-01,25.979999542236328,28.270000457763672,0.0,28.270000457763672
5153,2009-10-02,29.34000015258789,28.68000030517578,0.0,28.68000030517578
5154,2009-10-05,29.34000015258789,26.84000015258789,0.0,26.84000015258789
5155,2009-10-06,26.389999389648438,25.700000762939453,0.0,25.700000762939453
5156,2009-10-07,25.780000686645508,24.68000030517578,0.0,24.68000030517578
5157,2009-10-08,24.68000030517578,24.18000030517578,0.0,24.18000030517578
5158,2009-10-09,24.389999389648438,23.1200008392334,0.0,23.1200008392334
5159,2009-10-12,23.1200008392334,23.010000228881836,0.0,23.010000228881836
5160,2009-10-13,23.0,22.989999771118164,0.0,22.989999771118164
5161,2009-10-14,22.079999923706055,22.860000610351562,0.0,22.860000610351562
5162,2009-10-15,23.510000228881836,21.719999313354492,0.0,21.719999313354492
5163,2009-10-16,21.719999313354492,21.43000030517578,0.0,21.43000030517578
5164,2009-10-19,21.40999984741211,21.489999771118164,0.0,21.489999771118164
5165,2009-10-20,21.549999237060547,20.899999618530273,0.0,20.899999618530273
5166,2009-10-21,20.899999618530273,22.219999313354492,0.0,22.219999313354492
5167,2009-10-22,22.219999313354492,20.690000534057617,0.0,20.690000534057617
5168,2009-10-23,20.700000762939453,22.270000457763672,0.0,22.270000457763672
5169,2009-10-26,23.059999465942383,24.309999465942383,0.0,24.309999465942383
5170,2009-10-27,24.3799991607666,24.829999923706055,0.0,24.829999923706055
5171,2009-10-28,24.829999923706055,27.90999984741211,0.0,27.90999984741211
5172,2009-10-29,27.15999984741211,24.760000228881836,0.0,24.760000228881836
5173,2009-10-30,24.760000228881836,30.690000534057617,0.0,30.690000534057617
5174,2009-11-02,30.700000762939453,29.780000686645508,0.0,29.780000686645508
5175,2009-11-03,30.6200008392334,28.809999465942383,0.0,28.809999465942383
5176,2009-11-04,28.809999465942383,27.719999313354492,0.0,27.719999313354492
5177,2009-11-05,27.280000686645508,25.43000030517578,0.0,25.43000030517578
5178,2009-11-06,26.170000076293945,24.190000534057617,0.0,24.190000534057617
5179,2009-11-09,24.190000534057617,23.149999618530273,0.0,23.149999618530273
5180,2009-11-10,23.149999618530273,22.84000015258789,0.0,22.84000015258789
5181,2009-11-11,22.84000015258789,23.040000915527344,0.0,23.040000915527344
5182,2009-11-12,23.040000915527344,24.239999771118164,0.0,24.239999771118164
5183,2009-11-13,24.25,23.360000610351562,0.0,23.360000610351562
5184,2009-11-16,23.360000610351562,22.889999389648438,0.0,22.889999389648438
5185,2009-11-17,22.809999465942383,22.40999984741211,0.0,22.40999984741211
5186,2009-11-18,22.350000381469727,21.6299991607666,0.0,21.6299991607666
5187,2009-11-19,21.6299991607666,22.6299991607666,0.0,22.6299991607666
5188,2009-11-20,23.450000762939453,22.190000534057617,0.0,22.190000534057617
5189,2009-11-23,21.979999542236328,21.15999984741211,0.0,21.15999984741211
5190,2009-11-24,21.280000686645508,20.469999313354492,0.0,20.469999313354492
5191,2009-11-25,20.229999542236328,20.479999542236328,0.0,20.479999542236328
5193,2009-11-27,25.75,24.739999771118164,0.0,24.739999771118164
5194,2009-11-30,24.950000762939453,24.510000228881836,0.0,24.510000228881836
5195,2009-12-01,24.510000228881836,21.920000076293945,0.0,21.920000076293945
5196,2009-12-02,21.889999389648438,21.1200008392334,0.0,21.1200008392334
5197,2009-12-03,21.149999618530273,22.459999084472656,0.0,22.459999084472656
5198,2009-12-04,21.18000030517578,21.25,0.0,21.25
5199,2009-12-07,22.31999969482422,22.100000381469727,0.0,22.100000381469727
5200,2009-12-08,23.280000686645508,23.690000534057617,0.0,23.690000534057617
5201,2009-12-09,23.209999084472656,22.65999984741211,0.0,22.65999984741211
5202,2009-12-10,22.65999984741211,22.31999969482422,0.0,22.31999969482422
5203,2009-12-11,21.450000762939453,21.59000015258789,0.0,21.59000015258789
5204,2009-12-14,21.59000015258789,21.149999618530273,0.0,21.149999618530273
5205,2009-12-15,21.09000015258789,21.489999771118164,0.0,21.489999771118164
5206,2009-12-16,20.889999389648438,20.540000915527344,0.0,20.540000915527344
5207,2009-12-17,21.889999389648438,22.510000228881836,0.0,22.510000228881836
5208,2009-12-18,21.84000015258789,21.68000030517578,0.0,21.68000030517578
5209,2009-12-21,21.459999084472656,20.489999771118164,0.0,20.489999771118164
5210,2009-12-22,20.389999389648438,19.540000915527344,0.0,19.540000915527344
5211,2009-12-23,19.540000915527344,19.709999084472656,0.0,19.709999084472656
5212,2009-12-24,19.670000076293945,19.469999313354492,0.0,19.469999313354492
5214,2009-12-28,20.290000915527344,19.93000030517578,0.0,19.93000030517578
5215,2009-12-29,19.8700008392334,20.010000228881836,0.0,20.010000228881836
5216,2009-12-30,20.360000610351562,19.959999084472656,0.0,19.959999084472656
5217,2009-12-31,19.959999084472656,21.68000030517578,0.0,21.68000030517578
5219,2010-01-04,21.68000030517578,20.040000915527344,0.0,20.040000915527344
5220,2010-01-05,20.049999237060547,19.350000381469727,0.0,19.350000381469727
5221,2010-01-06,19.59000015258789,19.15999984741211,0.0,19.15999984741211
5222,2010-01-07,19.68000030517578,19.059999465942383,0.0,19.059999465942383
5223,2010-01-08,19.270000457763672,18.1299991607666,0.0,18.1299991607666
5224,2010-01-11,16.93000030517578,17.549999237060547,0.0,17.549999237060547
5225,2010-01-12,17.950000762939453,18.25,0.0,18.25
5226,2010-01-13,17.940000534057617,17.850000381469727,0.0,17.850000381469727
5227,2010-01-14,18.15999984741211,17.6299991607666,0.0,17.6299991607666
5228,2010-01-15,17.6299991607666,17.90999984741211,0.0,17.90999984741211
5230,2010-01-19,18.6299991607666,17.579999923706055,0.0,17.579999923706055
5231,2010-01-20,18.510000228881836,18.68000030517578,0.0,18.68000030517578
5232,2010-01-21,18.59000015258789,22.270000457763672,0.0,22.270000457763672
5233,2010-01-22,22.270000457763672,27.309999465942383,0.0,27.309999465942383
5234,2010-01-25,27.31999969482422,25.40999984741211,0.0,25.40999984741211
5235,2010-01-26,26.030000686645508,24.549999237060547,0.0,24.549999237060547
5236,2010-01-27,24.809999465942383,23.139999389648438,0.0,23.139999389648438
5237,2010-01-28,22.790000915527344,23.729999542236328,0.0,23.729999542236328
5238,2010-01-29,23.729999542236328,24.6200008392334,0.0,24.6200008392334
5239,2010-02-01,24.329999923706055,22.59000015258789,0.0,22.59000015258789
5240,2010-02-02,22.59000015258789,21.479999542236328,0.0,21.479999542236328
5241,2010-02-03,22.110000610351562,21.600000381469727,0.0,21.600000381469727
5242,2010-02-04,22.6299991607666,26.079999923706055,0.0,26.079999923706055
5243,2010-02-05,25.690000534057617,26.110000610351562,0.0,26.110000610351562
5244,2010-02-08,26.110000610351562,26.510000228881836,0.0,26.510000228881836
5245,2010-02-09,26.510000228881836,26.0,0.0,26.0
5246,2010-02-10,26.360000610351562,25.399999618530273,0.0,25.399999618530273
5247,2010-02-11,25.81999969482422,23.959999084472656,0.0,23.959999084472656
5248,2010-02-12,23.959999084472656,22.729999542236328,0.0,22.729999542236328
5250,2010-02-16,23.510000228881836,22.25,0.0,22.25
5251,2010-02-17,22.25,21.719999313354492,0.0,21.719999313354492
5252,2010-02-18,21.719999313354492,20.6299991607666,0.0,20.6299991607666
5253,2010-02-19,21.06999969482422,20.020000457763672,0.0,20.020000457763672
5254,2010-02-22,20.15999984741211,19.940000534057617,0.0,19.940000534057617
5255,2010-02-23,20.389999389648438,21.3700008392334,0.0,21.3700008392334
5256,2010-02-24,21.229999542236328,20.270000457763672,0.0,20.270000457763672
5257,2010-02-25,22.030000686645508,20.100000381469727,0.0,20.100000381469727
5258,2010-02-26,19.8799991607666,19.5,0.0,19.5
5259,2010-03-01,19.93000030517578,19.260000228881836,0.0,19.260000228881836
5260,2010-03-02,18.829999923706055,19.059999465942383,0.0,19.059999465942383
5261,2010-03-03,18.950000762939453,18.829999923706055,0.0,18.829999923706055
5262,2010-03-04,18.860000610351562,18.719999313354492,0.0,18.719999313354492
5263,2010-03-05,18.059999465942383,17.420000076293945,0.0,17.420000076293945
5264,2010-03-08,17.950000762939453,17.790000915527344,0.0,17.790000915527344
5265,2010-03-09,18.18000030517578,17.920000076293945,0.0,17.920000076293945
5266,2010-03-10,18.0,18.56999969482422,0.0,18.56999969482422
5267,2010-03-11,18.899999618530273,18.059999465942383,0.0,18.059999465942383
5268,2010-03-12,17.969999313354492,17.579999923706055,0.0,17.579999923706055
5269,2010-03-15,18.280000686645508,18.0,0.0,18.0
5270,2010-03-16,17.780000686645508,17.690000534057617,0.0,17.690000534057617
5271,2010-03-17,16.969999313354492,16.90999984741211,0.0,16.90999984741211
5272,2010-03-18,16.959999084472656,16.6200008392334,0.0,16.6200008392334
5273,2010-03-19,16.170000076293945,16.969999313354492,0.0,16.969999313354492
5274,2010-03-22,18.299999237060547,16.8700008392334,0.0,16.8700008392334
5275,2010-03-23,16.84000015258789,16.350000381469727,0.0,16.350000381469727
5276,2010-03-24,16.850000381469727,17.549999237060547,0.0,17.549999237060547
5277,2010-03-25,17.06999969482422,18.399999618530273,0.0,18.399999618530273
5278,2010-03-26,18.270000457763672,17.770000457763672,0.0,17.770000457763672
5279,2010-03-29,18.170000076293945,17.59000015258789,0.0,17.59000015258789
5280,2010-03-30,17.639999389648438,17.1299991607666,0.0,17.1299991607666
5281,2010-03-31,17.65999984741211,17.59000015258789,0.0,17.59000015258789
5282,2010-04-01,17.010000228881836,17.469999313354492,0.0,17.469999313354492
5284,2010-04-05,17.959999084472656,17.020000457763672,0.0,17.020000457763672
5285,2010-04-06,17.389999389648438,16.229999542236328,0.0,16.229999542236328
5286,2010-04-07,16.719999313354492,16.6200008392334,0.0,16.6200008392334
5287,2010-04-08,17.209999084472656,16.479999542236328,0.0,16.479999542236328
5288,2010-04-09,16.31999969482422,16.139999389648438,0.0,16.139999389648438
5289,2010-04-12,15.670000076293945,15.579999923706055,0.0,15.579999923706055
5290,2010-04-13,15.979999542236328,16.200000762939453,0.0,16.200000762939453
5291,2010-04-14,15.800000190734863,15.59000015258789,0.0,15.59000015258789
5292,2010-04-15,15.869999885559082,15.890000343322754,0.0,15.890000343322754
5293,2010-04-16,16.190000534057617,18.360000610351562,0.0,18.360000610351562
5294,2010-04-19,19.139999389648438,17.34000015258789,0.0,17.34000015258789
5295,2010-04-20,16.84000015258789,15.729999542236328,0.0,15.729999542236328
5296,2010-04-21,15.9399995803833,16.31999969482422,0.0,16.31999969482422
5297,2010-04-22,17.479999542236328,16.469999313354492,0.0,16.469999313354492
5298,2010-04-23,16.6200008392334,16.6200008392334,0.0,16.6200008392334
5299,2010-04-26,17.520000457763672,17.469999313354492,0.0,17.469999313354492
5300,2010-04-27,18.1299991607666,22.809999465942383,0.0,22.809999465942383
5301,2010-04-28,22.079999923706055,21.079999923706055,0.0,21.079999923706055
5302,2010-04-29,20.3700008392334,18.440000534057617,0.0,18.440000534057617
5303,2010-04-30,18.75,22.049999237060547,0.0,22.049999237060547
5304,2010-05-03,22.40999984741211,20.190000534057617,0.0,20.190000534057617
5305,2010-05-04,22.459999084472656,23.84000015258789,0.0,23.84000015258789
5306,2010-05-05,25.959999084472656,24.90999984741211,0.0,24.90999984741211
5307,2010-05-06,25.8799991607666,32.79999923706055,0.0,32.79999923706055
5308,2010-05-07,32.7599983215332,40.95000076293945,0.0,40.95000076293945
5309,2010-05-10,28.649999618530273,28.84000015258789,0.0,28.84000015258789
5310,2010-05-11,31.040000915527344,28.31999969482422,0.0,28.31999969482422
5311,2010-05-12,26.559999465942383,25.520000457763672,0.0,25.520000457763672
5312,2010-05-13,26.170000076293945,26.68000030517578,0.0,26.68000030517578
5313,2010-05-14,28.399999618530273,31.239999771118164,0.0,31.239999771118164
5314,2010-05-17,31.329999923706055,30.84000015258789,0.0,30.84000015258789
5315,2010-05-18,28.670000076293945,33.54999923706055,0.0,33.54999923706055
5316,2010-05-19,34.650001525878906,35.31999969482422,0.0,35.31999969482422
5317,2010-05-20,41.790000915527344,45.790000915527344,0.0,45.790000915527344
5318,2010-05-21,47.65999984741211,40.099998474121094,0.0,40.099998474121094
5319,2010-05-24,41.7400016784668,38.31999969482422,0.0,38.31999969482422
5320,2010-05-25,43.150001525878906,34.61000061035156,0.0,34.61000061035156
5321,2010-05-26,32.540000915527344,35.02000045776367,0.0,35.02000045776367
5322,2010-05-27,30.239999771118164,29.68000030517578,0.0,29.68000030517578
5323,2010-05-28,30.229999542236328,32.06999969482422,0.0,32.06999969482422
5325,2010-06-01,34.869998931884766,35.540000915527344,0.0,35.540000915527344
5326,2010-06-02,34.38999938964844,30.170000076293945,0.0,30.170000076293945
5327,2010-06-03,29.649999618530273,29.459999084472656,0.0,29.459999084472656
5328,2010-06-04,32.93000030517578,35.47999954223633,0.0,35.47999954223633
5329,2010-06-07,35.65999984741211,36.56999969482422,0.0,36.56999969482422
5330,2010-06-08,36.529998779296875,33.70000076293945,0.0,33.70000076293945
5331,2010-06-09,32.33000183105469,33.72999954223633,0.0,33.72999954223633
5332,2010-06-10,31.0,30.56999969482422,0.0,30.56999969482422
5333,2010-06-11,31.790000915527344,28.790000915527344,0.0,28.790000915527344
5334,2010-06-14,27.940000534057617,28.579999923706055,0.0,28.579999923706055
5335,2010-06-15,27.68000030517578,25.8700008392334,0.0,25.8700008392334
5336,2010-06-16,26.719999313354492,25.920000076293945,0.0,25.920000076293945
5337,2010-06-17,25.59000015258789,25.049999237060547,0.0,25.049999237060547
5338,2010-06-18,24.8700008392334,23.950000762939453,0.0,23.950000762939453
5339,2010-06-21,22.899999618530273,24.8799991607666,0.0,24.8799991607666
5340,2010-06-22,25.139999389648438,27.049999237060547,0.0,27.049999237060547
5341,2010-06-23,26.93000030517578,26.90999984741211,0.0,26.90999984741211
5342,2010-06-24,27.610000610351562,29.739999771118164,0.0,29.739999771118164
5343,2010-06-25,29.639999389648438,28.530000686645508,0.0,28.530000686645508
5344,2010-06-28,29.200000762939453,29.0,0.0,29.0
5345,2010-06-29,31.219999313354492,34.130001068115234,0.0,34.130001068115234
5346,2010-06-30,33.95000076293945,34.540000915527344,0.0,34.540000915527344
5347,2010-07-01,34.40999984741211,32.86000061035156,0.0,32.86000061035156
5348,2010-07-02,31.709999084472656,30.1200008392334,0.0,30.1200008392334
5350,2010-07-06,28.81999969482422,29.649999618530273,0.0,29.649999618530273
5351,2010-07-07,29.559999465942383,26.84000015258789,0.0,26.84000015258789
5352,2010-07-08,26.5,25.709999084472656,0.0,25.709999084472656
5353,2010-07-09,25.350000381469727,24.979999542236328,0.0,24.979999542236328
5354,2010-07-12,24.65999984741211,24.43000030517578,0.0,24.43000030517578
5355,2010-07-13,23.290000915527344,24.559999465942383,0.0,24.559999465942383
5356,2010-07-14,24.610000610351562,24.889999389648438,0.0,24.889999389648438
5357,2010-07-15,25.079999923706055,25.139999389648438,0.0,25.139999389648438
5358,2010-07-16,25.770000457763672,26.25,0.0,26.25
5359,2010-07-19,27.020000457763672,25.969999313354492,0.0,25.969999313354492
5360,2010-07-20,27.350000381469727,23.93000030517578,0.0,23.93000030517578
5361,2010-07-21,23.610000610351562,25.639999389648438,0.0,25.639999389648438
5362,2010-07-22,24.3700008392334,24.6299991607666,0.0,24.6299991607666
5363,2010-07-23,24.790000915527344,23.469999313354492,0.0,23.469999313354492
5364,2010-07-26,24.3700008392334,22.729999542236328,0.0,22.729999542236328
5365,2010-07-27,21.889999389648438,23.190000534057617,0.0,23.190000534057617
5366,2010-07-28,23.93000030517578,24.25,0.0,24.25
5367,2010-07-29,23.399999618530273,24.1299991607666,0.0,24.1299991607666
5368,2010-07-30,25.469999313354492,23.5,0.0,23.5
5369,2010-08-02,23.06999969482422,22.010000228881836,0.0,22.010000228881836
5370,2010-08-03,22.440000534057617,22.6299991607666,0.0,22.6299991607666
5371,2010-08-04,22.690000534057617,22.209999084472656,0.0,22.209999084472656
5372,2010-08-05,23.040000915527344,22.100000381469727,0.0,22.100000381469727
5373,2010-08-06,23.34000015258789,21.739999771118164,0.0,21.739999771118164
5374,2010-08-09,21.850000381469727,22.139999389648438,0.0,22.139999389648438
5375,2010-08-10,23.299999237060547,22.3700008392334,0.0,22.3700008392334
5376,2010-08-11,24.959999084472656,25.389999389648438,0.0,25.389999389648438
5377,2010-08-12,27.209999084472656,25.729999542236328,0.0,25.729999542236328
5378,2010-08-13,26.079999923706055,26.239999771118164,0.0,26.239999771118164
5379,2010-08-16,27.40999984741211,26.100000381469727,0.0,26.100000381469727
5380,2010-08-17,24.719999313354492,24.329999923706055,0.0,24.329999923706055
5381,2010-08-18,24.299999237060547,24.59000015258789,0.0,24.59000015258789
5382,2010-08-19,24.479999542236328,26.440000534057617,0.0,26.440000534057617
5383,2010-08-20,26.729999542236328,25.489999771118164,0.0,25.489999771118164
5384,2010-08-23,25.969999313354492,25.65999984741211,0.0,25.65999984741211
5385,2010-08-24,27.90999984741211,27.459999084472656,0.0,27.459999084472656
5386,2010-08-25,28.299999237060547,26.700000762939453,0.0,26.700000762939453
5387,2010-08-26,26.450000762939453,27.3700008392334,0.0,27.3700008392334
5388,2010-08-27,26.5,24.450000762939453,0.0,24.450000762939453
5389,2010-08-30,25.8799991607666,27.209999084472656,0.0,27.209999084472656
5390,2010-08-31,27.579999923706055,26.049999237060547,0.0,26.049999237060547
5391,2010-09-01,25.1299991607666,23.889999389648438,0.0,23.889999389648438
5392,2010-09-02,24.229999542236328,23.190000534057617,0.0,23.190000534057617
5393,2010-09-03,21.989999771118164,21.309999465942383,0.0,21.309999465942383
5395,2010-09-07,22.770000457763672,23.799999237060547,0.0,23.799999237060547
5396,2010-09-08,23.510000228881836,23.25,0.0,23.25
5397,2010-09-09,22.219999313354492,22.809999465942383,0.0,22.809999465942383
5398,2010-09-10,22.639999389648438,21.989999771118164,0.0,21.989999771118164
5399,2010-09-13,21.059999465942383,21.209999084472656,0.0,21.209999084472656
5400,2010-09-14,21.690000534057617,21.559999465942383,0.0,21.559999465942383
5401,2010-09-15,22.549999237060547,22.100000381469727,0.0,22.100000381469727
5402,2010-09-16,22.649999618530273,21.719999313354492,0.0,21.719999313354492
5403,2010-09-17,21.649999618530273,22.010000228881836,0.0,22.010000228881836
5404,2010-09-20,22.469999313354492,21.5,0.0,21.5
5405,2010-09-21,21.540000915527344,22.350000381469727,0.0,22.350000381469727
5406,2010-09-22,22.559999465942383,22.510000228881836,0.0,22.510000228881836
5407,2010-09-23,23.90999984741211,23.8700008392334,0.0,23.8700008392334
5408,2010-09-24,22.610000610351562,21.709999084472656,0.0,21.709999084472656
5409,2010-09-27,22.579999923706055,22.540000915527344,0.0,22.540000915527344
5410,2010-09-28,22.920000076293945,22.600000381469727,0.0,22.600000381469727
5411,2010-09-29,23.139999389648438,23.25,0.0,23.25
5412,2010-09-30,22.850000381469727,23.700000762939453,0.0,23.700000762939453
5413,2010-10-01,22.899999618530273,22.5,0.0,22.5
5414,2010-10-04,23.6299991607666,23.530000686645508,0.0,23.530000686645508
5415,2010-10-05,22.520000457763672,21.760000228881836,0.0,21.760000228881836
5416,2010-10-06,21.81999969482422,21.489999771118164,0.0,21.489999771118164
5417,2010-10-07,21.309999465942383,21.559999465942383,0.0,21.559999465942383
5418,2010-10-08,21.579999923706055,20.709999084472656,0.0,20.709999084472656
5419,2010-10-11,19.329999923706055,18.959999084472656,0.0,18.959999084472656
5420,2010-10-12,20.0,18.93000030517578,0.0,18.93000030517578
5421,2010-10-13,17.920000076293945,19.06999969482422,0.0,19.06999969482422
5422,2010-10-14,19.59000015258789,19.8799991607666,0.0,19.8799991607666
5423,2010-10-15,20.200000762939453,19.030000686645508,0.0,19.030000686645508
5424,2010-10-18,20.43000030517578,19.09000015258789,0.0,19.09000015258789
5425,2010-10-19,20.700000762939453,20.6299991607666,0.0,20.6299991607666
5426,2010-10-20,21.200000762939453,19.790000915527344,0.0,19.790000915527344
5427,2010-10-21,19.700000762939453,19.270000457763672,0.0,19.270000457763672
5428,2010-10-22,19.360000610351562,18.780000686645508,0.0,18.780000686645508
5429,2010-10-25,19.219999313354492,19.850000381469727,0.0,19.850000381469727
5430,2010-10-26,20.520000457763672,20.219999313354492,0.0,20.219999313354492
5431,2010-10-27,21.110000610351562,20.709999084472656,0.0,20.709999084472656
5432,2010-10-28,20.280000686645508,20.8799991607666,0.0,20.8799991607666
5433,2010-10-29,21.200000762939453,21.200000762939453,0.0,21.200000762939453
5434,2010-11-01,21.649999618530273,21.829999923706055,0.0,21.829999923706055
5435,2010-11-02,21.34000015258789,21.56999969482422,0.0,21.56999969482422
5436,2010-11-03,21.65999984741211,19.559999465942383,0.0,19.559999465942383
5437,2010-11-04,18.030000686645508,18.520000457763672,0.0,18.520000457763672
5438,2010-11-05,18.06999969482422,18.260000228881836,0.0,18.260000228881836
5439,2010-11-08,19.329999923706055,18.290000915527344,0.0,18.290000915527344
5440,2010-11-09,18.510000228881836,19.079999923706055,0.0,19.079999923706055
5441,2010-11-10,18.940000534057617,18.469999313354492,0.0,18.469999313354492
5442,2010-11-11,19.440000534057617,18.639999389648438,0.0,18.639999389648438
5443,2010-11-12,19.59000015258789,20.610000610351562,0.0,20.610000610351562
5444,2010-11-15,20.329999923706055,20.200000762939453,0.0,20.200000762939453
5445,2010-11-16,21.260000228881836,22.579999923706055,0.0,22.579999923706055
5446,2010-11-17,22.190000534057617,21.760000228881836,0.0,21.760000228881836
5447,2010-11-18,20.309999465942383,18.75,0.0,18.75
5448,2010-11-19,19.149999618530273,18.040000915527344,0.0,18.040000915527344
5449,2010-11-22,19.450000762939453,18.3700008392334,0.0,18.3700008392334
5450,2010-11-23,20.25,20.6299991607666,0.0,20.6299991607666
5451,2010-11-24,19.420000076293945,19.559999465942383,0.0,19.559999465942383
5453,2010-11-26,21.170000076293945,22.219999313354492,0.0,22.219999313354492
5454,2010-11-29,23.149999618530273,21.530000686645508,0.0,21.530000686645508
5455,2010-11-30,23.270000457763672,23.540000915527344,0.0,23.540000915527344
5456,2010-12-01,21.190000534057617,21.360000610351562,0.0,21.360000610351562
5457,2010-12-02,21.1299991607666,19.389999389648438,0.0,19.389999389648438
5458,2010-12-03,19.260000228881836,18.010000228881836,0.0,18.010000228881836
5459,2010-12-06,18.799999237060547,18.020000457763672,0.0,18.020000457763672
5460,2010-12-07,17.1299991607666,17.989999771118164,0.0,17.989999771118164
5461,2010-12-08,17.969999313354492,17.739999771118164,0.0,17.739999771118164
5462,2010-12-09,17.31999969482422,17.25,0.0,17.25
5463,2010-12-10,17.059999465942383,17.610000610351562,0.0,17.610000610351562
5464,2010-12-13,16.81999969482422,17.549999237060547,0.0,17.549999237060547
5465,2010-12-14,17.600000381469727,17.610000610351562,0.0,17.610000610351562
5466,2010-12-15,17.989999771118164,17.940000534057617,0.0,17.940000534057617
5467,2010-12-16,18.030000686645508,17.389999389648438,0.0,17.389999389648438
5468,2010-12-17,17.6200008392334,16.110000610351562,0.0,16.110000610351562
5469,2010-12-20,16.219999313354492,16.40999984741211,0.0,16.40999984741211
5470,2010-12-21,16.200000762939453,16.489999771118164,0.0,16.489999771118164
5471,2010-12-22,16.520000457763672,15.449999809265137,0.0,15.449999809265137
5472,2010-12-23,15.4399995803833,16.469999313354492,0.0,16.469999313354492
5474,2010-12-27,18.260000228881836,17.670000076293945,0.0,17.670000076293945
5475,2010-12-28,17.299999237060547,17.520000457763672,0.0,17.520000457763672
5476,2010-12-29,17.489999771118164,17.280000686645508,0.0,17.280000686645508
5477,2010-12-30,17.649999618530273,17.520000457763672,0.0,17.520000457763672
5478,2010-12-31,17.90999984741211,17.75,0.0,17.75
5479,2011-01-03,17.940000534057617,17.610000610351562,0.0,17.610000610351562
5480,2011-01-04,17.34000015258789,17.3799991607666,0.0,17.3799991607666
5481,2011-01-05,17.809999465942383,17.020000457763672,0.0,17.020000457763672
5482,2011-01-06,16.799999237060547,17.399999618530273,0.0,17.399999618530273
5483,2011-01-07,17.309999465942383,17.139999389648438,0.0,17.139999389648438
5484,2011-01-10,18.350000381469727,17.540000915527344,0.0,17.540000915527344
5485,2011-01-11,16.610000610351562,16.889999389648438,0.0,16.889999389648438
5486,2011-01-12,16.260000228881836,16.239999771118164,0.0,16.239999771118164
5487,2011-01-13,16.510000228881836,16.389999389648438,0.0,16.389999389648438
5488,2011-01-14,16.670000076293945,15.460000038146973,0.0,15.460000038146973
5490,2011-01-18,16.190000534057617,15.869999885559082,0.0,15.869999885559082
5491,2011-01-19,15.890000343322754,17.309999465942383,0.0,17.309999465942383
5492,2011-01-20,17.809999465942383,17.989999771118164,0.0,17.989999771118164
5493,2011-01-21,17.030000686645508,18.469999313354492,0.0,18.469999313354492
5494,2011-01-24,18.780000686645508,17.649999618530273,0.0,17.649999618530273
5495,2011-01-25,18.219999313354492,17.59000015258789,0.0,17.59000015258789
5496,2011-01-26,17.0,16.639999389648438,0.0,16.639999389648438
5497,2011-01-27,16.84000015258789,16.149999618530273,0.0,16.149999618530273
5498,2011-01-28,15.9399995803833,20.040000915527344,0.0,20.040000915527344
5499,2011-01-31,19.610000610351562,19.530000686645508,0.0,19.530000686645508
5500,2011-02-01,18.59000015258789,17.6299991607666,0.0,17.6299991607666
5501,2011-02-02,17.81999969482422,17.299999237060547,0.0,17.299999237060547
5502,2011-02-03,17.530000686645508,16.690000534057617,0.0,16.690000534057617
5503,2011-02-04,16.639999389648438,15.930000305175781,0.0,15.930000305175781
5504,2011-02-07,16.139999389648438,16.280000686645508,0.0,16.280000686645508
5505,2011-02-08,16.290000915527344,15.8100004196167,0.0,15.8100004196167
5506,2011-02-09,16.270000457763672,15.869999885559082,0.0,15.869999885559082
5507,2011-02-10,16.739999771118164,16.09000015258789,0.0,16.09000015258789
5508,2011-02-11,16.530000686645508,15.6899995803833,0.0,15.6899995803833
5509,2011-02-14,16.06999969482422,15.949999809265137,0.0,15.949999809265137
5510,2011-02-15,16.299999237060547,16.3700008392334,0.0,16.3700008392334
5511,2011-02-16,16.309999465942383,16.719999313354492,0.0,16.719999313354492
5512,2011-02-17,17.010000228881836,16.59000015258789,0.0,16.59000015258789
5513,2011-02-18,16.59000015258789,16.43000030517578,0.0,16.43000030517578
5515,2011-02-22,19.459999084472656,20.799999237060547,0.0,20.799999237060547
5516,2011-02-23,20.84000015258789,22.1299991607666,0.0,22.1299991607666
5517,2011-02-24,22.280000686645508,21.31999969482422,0.0,21.31999969482422
5518,2011-02-25,20.40999984741211,19.219999313354492,0.0,19.219999313354492
5519,2011-02-28,19.1200008392334,18.350000381469727,0.0,18.350000381469727
5520,2011-03-01,17.6299991607666,21.010000228881836,0.0,21.010000228881836
5521,2011-03-02,20.729999542236328,20.700000762939453,0.0,20.700000762939453
5522,2011-03-03,19.270000457763672,18.600000381469727,0.0,18.600000381469727
5523,2011-03-04,18.559999465942383,19.059999465942383,0.0,19.059999465942383
5524,2011-03-07,19.3700008392334,20.65999984741211,0.0,20.65999984741211
5525,2011-03-08,20.579999923706055,19.81999969482422,0.0,19.81999969482422
5526,2011-03-09,20.049999237060547,20.219999313354492,0.0,20.219999313354492
5527,2011-03-10,21.3700008392334,21.8799991607666,0.0,21.8799991607666
5528,2011-03-11,21.719999313354492,20.079999923706055,0.0,20.079999923706055
5529,2011-03-14,21.790000915527344,21.1299991607666,0.0,21.1299991607666
5530,2011-03-15,25.65999984741211,24.31999969482422,0.0,24.31999969482422
5531,2011-03-16,24.649999618530273,29.399999618530273,0.0,29.399999618530273
5532,2011-03-17,26.940000534057617,26.3700008392334,0.0,26.3700008392334
5533,2011-03-18,23.899999618530273,24.440000534057617,0.0,24.440000534057617
5534,2011-03-21,22.100000381469727,20.610000610351562,0.0,20.610000610351562
5535,2011-03-22,20.530000686645508,20.209999084472656,0.0,20.209999084472656
5536,2011-03-23,20.59000015258789,19.170000076293945,0.0,19.170000076293945
5537,2011-03-24,18.450000762939453,18.0,0.0,18.0
5538,2011-03-25,17.8700008392334,17.90999984741211,0.0,17.90999984741211
5539,2011-03-28,18.309999465942383,19.440000534057617,0.0,19.440000534057617
5540,2011-03-29,19.170000076293945,18.15999984741211,0.0,18.15999984741211
5541,2011-03-30,17.81999969482422,17.709999084472656,0.0,17.709999084472656
5542,2011-03-31,17.899999618530273,17.739999771118164,0.0,17.739999771118164
5543,2011-04-01,16.68000030517578,17.399999618530273,0.0,17.399999618530273
5544,2011-04-04,17.6299991607666,17.5,0.0,17.5
5545,2011-04-05,17.8700008392334,17.25,0.0,17.25
5546,2011-04-06,16.75,16.899999618530273,0.0,16.899999618530273
5547,2011-04-07,16.920000076293945,17.110000610351562,0.0,17.110000610351562
5548,2011-04-08,16.510000228881836,17.8700008392334,0.0,17.8700008392334
5549,2011-04-11,16.739999771118164,16.59000015258789,0.0,16.59000015258789
5550,2011-04-12,17.579999923706055,17.09000015258789,0.0,17.09000015258789
5551,2011-04-13,16.329999923706055,16.920000076293945,0.0,16.920000076293945
5552,2011-04-14,17.770000457763672,16.270000457763672,0.0,16.270000457763672
5553,2011-04-15,15.970000267028809,15.319999694824219,0.0,15.319999694824219
5554,2011-04-18,18.299999237060547,16.959999084472656,0.0,16.959999084472656
5555,2011-04-19,16.6200008392334,15.829999923706055,0.0,15.829999923706055
5556,2011-04-20,14.3100004196167,15.069999694824219,0.0,15.069999694824219
5557,2011-04-21,14.710000038146973,14.6899995803833,0.0,14.6899995803833
5559,2011-04-25,15.640000343322754,15.770000457763672,0.0,15.770000457763672
5560,2011-04-26,15.359999656677246,15.619999885559082,0.0,15.619999885559082
5561,2011-04-27,15.369999885559082,15.350000381469727,0.0,15.350000381469727
5562,2011-04-28,15.539999961853027,14.619999885559082,0.0,14.619999885559082
5563,2011-04-29,14.5600004196167,14.75,0.0,14.75
5564,2011-05-02,15.069999694824219,15.989999771118164,0.0,15.989999771118164
5565,2011-05-03,16.350000381469727,16.700000762939453,0.0,16.700000762939453
5566,2011-05-04,16.84000015258789,17.079999923706055,0.0,17.079999923706055
5567,2011-05-05,17.68000030517578,18.200000762939453,0.0,18.200000762939453
5568,2011-05-06,17.170000076293945,18.399999618530273,0.0,18.399999618530273
5569,2011-05-09,18.59000015258789,17.15999984741211,0.0,17.15999984741211
5570,2011-05-10,16.84000015258789,15.90999984741211,0.0,15.90999984741211
5571,2011-05-11,16.270000457763672,16.950000762939453,0.0,16.950000762939453
5572,2011-05-12,17.270000457763672,16.030000686645508,0.0,16.030000686645508
5573,2011-05-13,16.020000457763672,17.06999969482422,0.0,17.06999969482422
5574,2011-05-16,17.860000610351562,18.239999771118164,0.0,18.239999771118164
5575,2011-05-17,18.540000915527344,17.549999237060547,0.0,17.549999237060547
5576,2011-05-18,17.559999465942383,16.229999542236328,0.0,16.229999542236328
5577,2011-05-19,15.899999618530273,15.520000457763672,0.0,15.520000457763672
5578,2011-05-20,15.880000114440918,17.43000030517578,0.0,17.43000030517578
5579,2011-05-23,20.030000686645508,18.270000457763672,0.0,18.270000457763672
5580,2011-05-24,18.06999969482422,17.81999969482422,0.0,17.81999969482422
5581,2011-05-25,18.260000228881836,17.06999969482422,0.0,17.06999969482422
5582,2011-05-26,17.170000076293945,16.09000015258789,0.0,16.09000015258789
5583,2011-05-27,16.110000610351562,15.979999542236328,0.0,15.979999542236328
5585,2011-05-31,15.850000381469727,15.449999809265137,0.0,15.449999809265137
5586,2011-06-01,15.949999809265137,18.299999237060547,0.0,18.299999237060547
5587,2011-06-02,17.920000076293945,18.09000015258789,0.0,18.09000015258789
5588,2011-06-03,18.229999542236328,17.950000762939453,0.0,17.950000762939453
5589,2011-06-06,18.420000076293945,18.489999771118164,0.0,18.489999771118164
5590,2011-06-07,18.1299991607666,18.06999969482422,0.0,18.06999969482422
5591,2011-06-08,18.149999618530273,18.790000915527344,0.0,18.790000915527344
5592,2011-06-09,18.200000762939453,17.770000457763672,0.0,17.770000457763672
5593,2011-06-10,17.93000030517578,18.860000610351562,0.0,18.860000610351562
5594,2011-06-13,19.100000381469727,19.610000610351562,0.0,19.610000610351562
5595,2011-06-14,18.559999465942383,18.260000228881836,0.0,18.260000228881836
5596,2011-06-15,19.309999465942383,21.31999969482422,0.0,21.31999969482422
5597,2011-06-16,21.3700008392334,22.729999542236328,0.0,22.729999542236328
5598,2011-06-17,21.559999465942383,21.850000381469727,0.0,21.850000381469727
5599,2011-06-20,22.989999771118164,19.989999771118164,0.0,19.989999771118164
5600,2011-06-21,19.459999084472656,18.860000610351562,0.0,18.860000610351562
5601,2011-06-22,18.860000610351562,18.520000457763672,0.0,18.520000457763672
5602,2011-06-23,20.229999542236328,19.290000915527344,0.0,19.290000915527344
5603,2011-06-24,19.200000762939453,21.100000381469727,0.0,21.100000381469727
5604,2011-06-27,21.600000381469727,20.559999465942383,0.0,20.559999465942383
5605,2011-06-28,20.299999237060547,19.170000076293945,0.0,19.170000076293945
5606,2011-06-29,18.6200008392334,17.270000457763672,0.0,17.270000457763672
5607,2011-06-30,16.670000076293945,16.520000457763672,0.0,16.520000457763672
5608,2011-07-01,16.059999465942383,15.869999885559082,0.0,15.869999885559082
5610,2011-07-05,16.31999969482422,16.059999465942383,0.0,16.059999465942383
5611,2011-07-06,16.459999084472656,16.34000015258789,0.0,16.34000015258789
5612,2011-07-07,15.300000190734863,15.949999809265137,0.0,15.949999809265137
5613,2011-07-08,17.139999389648438,15.949999809265137,0.0,15.949999809265137
5614,2011-07-11,17.440000534057617,18.389999389648438,0.0,18.389999389648438
5615,2011-07-12,19.549999237060547,19.8700008392334,0.0,19.8700008392334
5616,2011-07-13,19.079999923706055,19.90999984741211,0.0,19.90999984741211
5617,2011-07-14,20.079999923706055,20.799999237060547,0.0,20.799999237060547
5618,2011-07-15,20.25,19.530000686645508,0.0,19.530000686645508
5619,2011-07-18,21.25,20.950000762939453,0.0,20.950000762939453
5620,2011-07-19,20.139999389648438,19.209999084472656,0.0,19.209999084472656
5621,2011-07-20,18.809999465942383,19.09000015258789,0.0,19.09000015258789
5622,2011-07-21,18.610000610351562,17.559999465942383,0.0,17.559999465942383
5623,2011-07-22,17.219999313354492,17.520000457763672,0.0,17.520000457763672
5624,2011-07-25,19.260000228881836,19.350000381469727,0.0,19.350000381469727
5625,2011-07-26,19.75,20.229999542236328,0.0,20.229999542236328
5626,2011-07-27,20.8700008392334,22.979999542236328,0.0,22.979999542236328
5627,2011-07-28,22.829999923706055,23.739999771118164,0.0,23.739999771118164
5628,2011-07-29,25.280000686645508,25.25,0.0,25.25
5629,2011-08-01,22.6299991607666,23.65999984741211,0.0,23.65999984741211
5630,2011-08-02,24.219999313354492,24.790000915527344,0.0,24.790000915527344
5631,2011-08-03,23.579999923706055,23.3799991607666,0.0,23.3799991607666
5632,2011-08-04,24.56999969482422,31.65999984741211,0.0,31.65999984741211
5633,2011-08-05,28.479999542236328,32.0,0.0,32.0
5634,2011-08-08,36.900001525878906,48.0,0.0,48.0
5635,2011-08-09,42.119998931884766,35.060001373291016,0.0,35.060001373291016
5636,2011-08-10,39.33000183105469,42.9900016784668,0.0,42.9900016784668
5637,2011-08-11,41.939998626708984,39.0,0.0,39.0
5638,2011-08-12,37.08000183105469,36.36000061035156,0.0,36.36000061035156
5639,2011-08-15,34.72999954223633,31.8700008392334,0.0,31.8700008392334
5640,2011-08-16,33.36000061035156,32.849998474121094,0.0,32.849998474121094
5641,2011-08-17,32.09000015258789,31.579999923706055,0.0,31.579999923706055
5642,2011-08-18,36.77000045776367,42.66999816894531,0.0,42.66999816894531
5643,2011-08-19,45.34000015258789,43.04999923706055,0.0,43.04999923706055
5644,2011-08-22,38.79999923706055,42.439998626708984,0.0,42.439998626708984
5645,2011-08-23,41.88999938964844,36.27000045776367,0.0,36.27000045776367
5646,2011-08-24,37.119998931884766,35.900001525878906,0.0,35.900001525878906
5647,2011-08-25,34.43000030517578,39.7599983215332,0.0,39.7599983215332
5648,2011-08-26,41.18000030517578,35.59000015258789,0.0,35.59000015258789
5649,2011-08-29,33.810001373291016,32.279998779296875,0.0,32.279998779296875
5650,2011-08-30,32.970001220703125,32.88999938964844,0.0,32.88999938964844
5651,2011-08-31,31.200000762939453,31.6200008392334,0.0,31.6200008392334
5652,2011-09-01,31.90999984741211,31.81999969482422,0.0,31.81999969482422
5653,2011-09-02,34.290000915527344,33.91999816894531,0.0,33.91999816894531
5655,2011-09-06,39.84000015258789,37.0,0.0,37.0
5656,2011-09-07,34.2400016784668,33.380001068115234,0.0,33.380001068115234
5657,2011-09-08,34.40999984741211,34.31999969482422,0.0,34.31999969482422
5658,2011-09-09,35.529998779296875,38.52000045776367,0.0,38.52000045776367
5659,2011-09-12,42.560001373291016,38.59000015258789,0.0,38.59000015258789
5660,2011-09-13,38.68000030517578,36.90999984741211,0.0,36.90999984741211
5661,2011-09-14,36.59000015258789,34.599998474121094,0.0,34.599998474121094
5662,2011-09-15,33.43000030517578,31.969999313354492,0.0,31.969999313354492
5663,2011-09-16,31.809999465942383,30.979999542236328,0.0,30.979999542236328
5664,2011-09-19,34.79999923706055,32.72999954223633,0.0,32.72999954223633
5665,2011-09-20,32.41999816894531,32.86000061035156,0.0,32.86000061035156
5666,2011-09-21,33.0,37.31999969482422,0.0,37.31999969482422
5667,2011-09-22,41.0,41.349998474121094,0.0,41.349998474121094
5668,2011-09-23,42.16999816894531,41.25,0.0,41.25
5669,2011-09-26,40.9900016784668,39.02000045776367,0.0,39.02000045776367
5670,2011-09-27,36.59000015258789,37.709999084472656,0.0,37.709999084472656
5671,2011-09-28,37.70000076293945,41.08000183105469,0.0,41.08000183105469
5672,2011-09-29,38.619998931884766,38.84000015258789,0.0,38.84000015258789
5673,2011-09-30,40.93000030517578,42.959999084472656,0.0,42.959999084472656
5674,2011-10-03,44.25,45.45000076293945,0.0,45.45000076293945
5675,2011-10-04,46.18000030517578,40.81999969482422,0.0,40.81999969482422
5676,2011-10-05,40.72999954223633,37.810001373291016,0.0,37.810001373291016
5677,2011-10-06,38.2400016784668,36.27000045776367,0.0,36.27000045776367
5678,2011-10-07,35.66999816894531,36.20000076293945,0.0,36.20000076293945
5679,2011-10-10,35.45000076293945,33.02000045776367,0.0,33.02000045776367
5680,2011-10-11,33.95000076293945,32.86000061035156,0.0,32.86000061035156
5681,2011-10-12,31.56999969482422,31.260000228881836,0.0,31.260000228881836
5682,2011-10-13,31.989999771118164,30.700000762939453,0.0,30.700000762939453
5683,2011-10-14,29.06999969482422,28.239999771118164,0.0,28.239999771118164
5684,2011-10-17,30.350000381469727,33.38999938964844,0.0,33.38999938964844
5685,2011-10-18,33.369998931884766,31.559999465942383,0.0,31.559999465942383
5686,2011-10-19,32.91999816894531,34.439998626708984,0.0,34.439998626708984
5687,2011-10-20,34.439998626708984,34.779998779296875,0.0,34.779998779296875
5688,2011-10-21,32.7599983215332,31.31999969482422,0.0,31.31999969482422
5689,2011-10-24,31.670000076293945,29.260000228881836,0.0,29.260000228881836
5690,2011-10-25,30.68000030517578,32.220001220703125,0.0,32.220001220703125
5691,2011-10-26,30.440000534057617,29.860000610351562,0.0,29.860000610351562
5692,2011-10-27,24.719999313354492,25.459999084472656,0.0,25.459999084472656
5693,2011-10-28,26.020000457763672,24.530000686645508,0.0,24.530000686645508
5694,2011-10-31,27.09000015258789,29.959999084472656,0.0,29.959999084472656
5695,2011-11-01,36.029998779296875,34.77000045776367,0.0,34.77000045776367
5696,2011-11-02,33.529998779296875,32.7400016784668,0.0,32.7400016784668
5697,2011-11-03,31.3799991607666,30.5,0.0,30.5
5698,2011-11-04,31.459999084472656,30.15999984741211,0.0,30.15999984741211
5699,2011-11-07,31.399999618530273,29.850000381469727,0.0,29.850000381469727
5700,2011-11-08,29.34000015258789,27.479999542236328,0.0,27.479999542236328
5701,2011-11-09,31.31999969482422,36.15999984741211,0.0,36.15999984741211
5702,2011-11-10,33.09000015258789,32.810001373291016,0.0,32.810001373291016
5703,2011-11-11,29.90999984741211,30.040000915527344,0.0,30.040000915527344
5704,2011-11-14,31.420000076293945,31.1299991607666,0.0,31.1299991607666
5705,2011-11-15,31.739999771118164,31.219999313354492,0.0,31.219999313354492
5706,2011-11-16,32.65999984741211,33.5099983215332,0.0,33.5099983215332
5707,2011-11-17,33.150001525878906,34.5099983215332,0.0,34.5099983215332
5708,2011-11-18,33.15999984741211,32.0,0.0,32.0
5709,2011-11-21,34.59000015258789,32.90999984741211,0.0,32.90999984741211
5710,2011-11-22,33.119998931884766,31.969999313354492,0.0,31.969999313354492
5711,2011-11-23,32.90999984741211,33.97999954223633,0.0,33.97999954223633
5713,2011-11-25,34.61000061035156,34.470001220703125,0.0,34.470001220703125
5714,2011-11-28,31.93000030517578,32.130001068115234,0.0,32.130001068115234
5715,2011-11-29,31.760000228881836,30.639999389648438,0.0,30.639999389648438
5716,2011-11-30,27.719999313354492,27.799999237060547,0.0,27.799999237060547
5717,2011-12-01,27.6299991607666,27.40999984741211,0.0,27.40999984741211
5718,2011-12-02,26.260000228881836,27.520000457763672,0.0,27.520000457763672
5719,2011-12-05,26.739999771118164,27.84000015258789,0.0,27.84000015258789
5720,2011-12-06,27.90999984741211,28.1299991607666,0.0,28.1299991607666
5721,2011-12-07,28.610000610351562,28.670000076293945,0.0,28.670000076293945
5722,2011-12-08,29.6299991607666,30.59000015258789,0.0,30.59000015258789
5723,2011-12-09,29.610000610351562,26.3799991607666,0.0,26.3799991607666
5724,2011-12-12,26.780000686645508,25.670000076293945,0.0,25.670000076293945
5725,2011-12-13,24.719999313354492,25.40999984741211,0.0,25.40999984741211
5726,2011-12-14,26.15999984741211,26.040000915527344,0.0,26.040000915527344
5727,2011-12-15,24.3799991607666,25.110000610351562,0.0,25.110000610351562
5728,2011-12-16,24.15999984741211,24.290000915527344,0.0,24.290000915527344
5729,2011-12-19,25.139999389648438,24.920000076293945,0.0,24.920000076293945
5730,2011-12-20,23.559999465942383,23.219999313354492,0.0,23.219999313354492
5731,2011-12-21,22.520000457763672,21.43000030517578,0.0,21.43000030517578
5732,2011-12-22,21.079999923706055,21.15999984741211,0.0,21.15999984741211
5733,2011-12-23,21.100000381469727,20.729999542236328,0.0,20.729999542236328
5735,2011-12-27,22.579999923706055,21.90999984741211,0.0,21.90999984741211
5736,2011-12-28,22.1200008392334,23.520000457763672,0.0,23.520000457763672
5737,2011-12-29,23.520000457763672,22.649999618530273,0.0,22.649999618530273
5738,2011-12-30,22.860000610351562,23.399999618530273,0.0,23.399999618530273
5740,2012-01-03,22.950000762939453,22.969999313354492,0.0,22.969999313354492
5741,2012-01-04,23.440000534057617,22.219999313354492,0.0,22.219999313354492
5742,2012-01-05,22.75,21.479999542236328,0.0,21.479999542236328
5743,2012-01-06,21.239999771118164,20.6299991607666,0.0,20.6299991607666
5744,2012-01-09,21.670000076293945,21.06999969482422,0.0,21.06999969482422
5745,2012-01-10,20.139999389648438,20.690000534057617,0.0,20.690000534057617
5746,2012-01-11,21.18000030517578,21.049999237060547,0.0,21.049999237060547
5747,2012-01-12,21.010000228881836,20.469999313354492,0.0,20.469999313354492
5748,2012-01-13,21.40999984741211,20.90999984741211,0.0,20.90999984741211
5750,2012-01-17,20.899999618530273,22.200000762939453,0.0,22.200000762939453
5751,2012-01-18,23.200000762939453,20.889999389648438,0.0,20.889999389648438
5752,2012-01-19,20.489999771118164,19.8700008392334,0.0,19.8700008392334
5753,2012-01-20,19.90999984741211,18.280000686645508,0.0,18.280000686645508
5754,2012-01-23,19.219999313354492,18.670000076293945,0.0,18.670000076293945
5755,2012-01-24,19.760000228881836,18.90999984741211,0.0,18.90999984741211
5756,2012-01-25,19.350000381469727,18.309999465942383,0.0,18.309999465942383
5757,2012-01-26,17.959999084472656,18.56999969482422,0.0,18.56999969482422
5758,2012-01-27,19.15999984741211,18.530000686645508,0.0,18.530000686645508
5759,2012-01-30,20.329999923706055,19.399999618530273,0.0,19.399999618530273
5760,2012-01-31,19.06999969482422,19.440000534057617,0.0,19.440000534057617
5761,2012-02-01,18.68000030517578,18.549999237060547,0.0,18.549999237060547
5762,2012-02-02,18.3799991607666,17.979999542236328,0.0,17.979999542236328
5763,2012-02-03,16.84000015258789,17.100000381469727,0.0,17.100000381469727
5764,2012-02-06,17.979999542236328,17.760000228881836,0.0,17.760000228881836
5765,2012-02-07,17.93000030517578,17.649999618530273,0.0,17.649999618530273
5766,2012-02-08,17.790000915527344,18.15999984741211,0.0,18.15999984741211
5767,2012-02-09,18.1200008392334,18.6299991607666,0.0,18.6299991607666
5768,2012-02-10,20.100000381469727,20.790000915527344,0.0,20.790000915527344
5769,2012-02-13,19.639999389648438,19.040000915527344,0.0,19.040000915527344
5770,2012-02-14,19.450000762939453,19.540000915527344,0.0,19.540000915527344
5771,2012-02-15,19.739999771118164,21.139999389648438,0.0,21.139999389648438
5772,2012-02-16,21.59000015258789,19.219999313354492,0.0,19.219999313354492
5773,2012-02-17,18.729999542236328,17.780000686645508,0.0,17.780000686645508
5775,2012-02-21,18.40999984741211,18.190000534057617,0.0,18.190000534057617
5776,2012-02-22,18.850000381469727,18.190000534057617,0.0,18.190000534057617
5777,2012-02-23,18.729999542236328,16.799999237060547,0.0,16.799999237060547
5778,2012-02-24,16.68000030517578,17.309999465942383,0.0,17.309999465942383
5779,2012-02-27,19.100000381469727,18.190000534057617,0.0,18.190000534057617
5780,2012-02-28,18.670000076293945,17.959999084472656,0.0,17.959999084472656
5781,2012-02-29,17.799999237060547,18.43000030517578,0.0,18.43000030517578
5782,2012-03-01,18.020000457763672,17.260000228881836,0.0,17.260000228881836
5783,2012-03-02,17.649999618530273,17.290000915527344,0.0,17.290000915527344
5784,2012-03-05,18.270000457763672,18.049999237060547,0.0,18.049999237060547
5785,2012-03-06,20.56999969482422,20.8700008392334,0.0,20.8700008392334
5786,2012-03-07,20.43000030517578,19.06999969482422,0.0,19.06999969482422
5787,2012-03-08,18.079999923706055,17.950000762939453,0.0,17.950000762939453
5788,2012-03-09,17.15999984741211,17.110000610351562,0.0,17.110000610351562
5789,2012-03-12,15.789999961853027,15.640000343322754,0.0,15.640000343322754
5790,2012-03-13,14.0,14.800000190734863,0.0,14.800000190734863
5791,2012-03-14,14.420000076293945,15.3100004196167,0.0,15.3100004196167
5792,2012-03-15,15.319999694824219,15.420000076293945,0.0,15.420000076293945
5793,2012-03-16,14.430000305175781,14.470000267028809,0.0,14.470000267028809
5794,2012-03-19,15.420000076293945,15.039999961853027,0.0,15.039999961853027
5795,2012-03-20,15.819999694824219,15.579999923706055,0.0,15.579999923706055
5796,2012-03-21,14.720000267028809,15.130000114440918,0.0,15.130000114440918
5797,2012-03-22,16.040000915527344,15.569999694824219,0.0,15.569999694824219
5798,2012-03-23,15.649999618530273,14.819999694824219,0.0,14.819999694824219
5799,2012-03-26,14.510000228881836,14.260000228881836,0.0,14.260000228881836
5800,2012-03-27,14.520000457763672,15.59000015258789,0.0,15.59000015258789
5801,2012-03-28,15.579999923706055,15.470000267028809,0.0,15.470000267028809
5802,2012-03-29,16.84000015258789,15.479999542236328,0.0,15.479999542236328
5803,2012-03-30,14.880000114440918,15.5,0.0,15.5
5804,2012-04-02,16.350000381469727,15.640000343322754,0.0,15.640000343322754
5805,2012-04-03,15.609999656677246,15.65999984741211,0.0,15.65999984741211
5806,2012-04-04,17.06999969482422,16.440000534057617,0.0,16.440000534057617
5807,2012-04-05,17.020000457763672,16.700000762939453,0.0,16.700000762939453
5809,2012-04-09,18.940000534057617,18.809999465942383,0.0,18.809999465942383
5810,2012-04-10,19.100000381469727,20.389999389648438,0.0,20.389999389648438
5811,2012-04-11,19.219999313354492,20.020000457763672,0.0,20.020000457763672
5812,2012-04-12,19.6299991607666,17.200000762939453,0.0,17.200000762939453
5813,2012-04-13,17.950000762939453,19.549999237060547,0.0,19.549999237060547
5814,2012-04-16,18.8700008392334,19.549999237060547,0.0,19.549999237060547
5815,2012-04-17,18.65999984741211,18.459999084472656,0.0,18.459999084472656
5816,2012-04-18,19.020000457763672,18.639999389648438,0.0,18.639999389648438
5817,2012-04-19,18.510000228881836,18.360000610351562,0.0,18.360000610351562
5818,2012-04-20,17.920000076293945,17.440000534057617,0.0,17.440000534057617
5819,2012-04-23,20.219999313354492,18.969999313354492,0.0,18.969999313354492
5820,2012-04-24,19.219999313354492,18.100000381469727,0.0,18.100000381469727
5821,2012-04-25,17.049999237060547,16.81999969482422,0.0,16.81999969482422
5822,2012-04-26,16.969999313354492,16.239999771118164,0.0,16.239999771118164
5823,2012-04-27,15.829999923706055,16.31999969482422,0.0,16.31999969482422
5824,2012-04-30,17.040000915527344,17.149999618530273,0.0,17.149999618530273
5825,2012-05-01,17.270000457763672,16.600000381469727,0.0,16.600000381469727
5826,2012-05-02,17.25,16.8799991607666,0.0,16.8799991607666
5827,2012-05-03,16.899999618530273,17.559999465942383,0.0,17.559999465942383
5828,2012-05-04,18.030000686645508,19.15999984741211,0.0,19.15999984741211
5829,2012-05-07,19.799999237060547,18.940000534057617,0.0,18.940000534057617
5830,2012-05-08,19.440000534057617,19.049999237060547,0.0,19.049999237060547
5831,2012-05-09,20.649999618530273,20.079999923706055,0.0,20.079999923706055
5832,2012-05-10,19.25,18.829999923706055,0.0,18.829999923706055
5833,2012-05-11,19.93000030517578,19.889999389648438,0.0,19.889999389648438
5834,2012-05-14,21.469999313354492,21.8700008392334,0.0,21.8700008392334
5835,2012-05-15,21.43000030517578,21.969999313354492,0.0,21.969999313354492
5836,2012-05-16,21.540000915527344,22.270000457763672,0.0,22.270000457763672
5837,2012-05-17,21.989999771118164,24.489999771118164,0.0,24.489999771118164
5838,2012-05-18,23.270000457763672,25.100000381469727,0.0,25.100000381469727
5839,2012-05-21,24.8799991607666,22.010000228881836,0.0,22.010000228881836
5840,2012-05-22,21.760000228881836,22.479999542236328,0.0,22.479999542236328
5841,2012-05-23,23.31999969482422,22.329999923706055,0.0,22.329999923706055
5842,2012-05-24,22.0,21.540000915527344,0.0,21.540000915527344
5843,2012-05-25,22.049999237060547,21.760000228881836,0.0,21.760000228881836
5845,2012-05-29,21.700000762939453,21.030000686645508,0.0,21.030000686645508
5846,2012-05-30,22.68000030517578,24.139999389648438,0.0,24.139999389648438
5847,2012-05-31,23.829999923706055,24.059999465942383,0.0,24.059999465942383
5848,2012-06-01,25.8700008392334,26.65999984741211,0.0,26.65999984741211
5849,2012-06-04,26.350000381469727,26.1200008392334,0.0,26.1200008392334
5850,2012-06-05,25.899999618530273,24.68000030517578,0.0,24.68000030517578
5851,2012-06-06,23.760000228881836,22.15999984741211,0.0,22.15999984741211
5852,2012-06-07,21.0,21.719999313354492,0.0,21.719999313354492
5853,2012-06-08,22.540000915527344,21.229999542236328,0.0,21.229999542236328
5854,2012-06-11,19.8700008392334,23.559999465942383,0.0,23.559999465942383
5855,2012-06-12,23.149999618530273,22.09000015258789,0.0,22.09000015258789
5856,2012-06-13,22.93000030517578,24.270000457763672,0.0,24.270000457763672
5857,2012-06-14,24.190000534057617,21.68000030517578,0.0,21.68000030517578
5858,2012-06-15,22.469999313354492,21.110000610351562,0.0,21.110000610351562
5859,2012-06-18,21.760000228881836,18.31999969482422,0.0,18.31999969482422
5860,2012-06-19,17.65999984741211,18.3799991607666,0.0,18.3799991607666
5861,2012-06-20,17.959999084472656,17.239999771118164,0.0,17.239999771118164
5862,2012-06-21,16.889999389648438,20.079999923706055,0.0,20.079999923706055
5863,2012-06-22,18.649999618530273,18.110000610351562,0.0,18.110000610351562
5864,2012-06-25,20.469999313354492,20.3799991607666,0.0,20.3799991607666
5865,2012-06-26,20.010000228881836,19.719999313354492,0.0,19.719999313354492
5866,2012-06-27,19.549999237060547,19.450000762939453,0.0,19.450000762939453
5867,2012-06-28,20.329999923706055,19.709999084472656,0.0,19.709999084472656
5868,2012-06-29,17.520000457763672,17.079999923706055,0.0,17.079999923706055
5869,2012-07-02,17.6200008392334,16.799999237060547,0.0,16.799999237060547
5870,2012-07-03,16.670000076293945,16.65999984741211,0.0,16.65999984741211
5872,2012-07-05,17.610000610351562,17.5,0.0,17.5
5873,2012-07-06,18.200000762939453,17.100000381469727,0.0,17.100000381469727
5874,2012-07-09,18.170000076293945,17.979999542236328,0.0,17.979999542236328
5875,2012-07-10,17.510000228881836,18.719999313354492,0.0,18.719999313354492
5876,2012-07-11,17.979999542236328,17.950000762939453,0.0,17.950000762939453
5877,2012-07-12,18.81999969482422,18.329999923706055,0.0,18.329999923706055
5878,2012-07-13,17.780000686645508,16.739999771118164,0.0,16.739999771118164
5879,2012-07-16,17.309999465942383,17.110000610351562,0.0,17.110000610351562
5880,2012-07-17,16.719999313354492,16.479999542236328,0.0,16.479999542236328
5881,2012-07-18,16.809999465942383,16.15999984741211,0.0,16.15999984741211
5882,2012-07-19,16.059999465942383,15.449999809265137,0.0,15.449999809265137
5883,2012-07-20,16.649999618530273,16.270000457763672,0.0,16.270000457763672
5884,2012-07-23,20.40999984741211,18.6200008392334,0.0,18.6200008392334
5885,2012-07-24,18.3799991607666,20.469999313354492,0.0,20.469999313354492
5886,2012-07-25,19.790000915527344,19.34000015258789,0.0,19.34000015258789
5887,2012-07-26,17.68000030517578,17.530000686645508,0.0,17.530000686645508
5888,2012-07-27,17.110000610351562,16.700000762939453,0.0,16.700000762939453
5889,2012-07-30,17.549999237060547,18.030000686645508,0.0,18.030000686645508
5890,2012-07-31,18.399999618530273,18.93000030517578,0.0,18.93000030517578
5891,2012-08-01,18.799999237060547,18.959999084472656,0.0,18.959999084472656
5892,2012-08-02,19.049999237060547,17.56999969482422,0.0,17.56999969482422
5893,2012-08-03,16.049999237060547,15.640000343322754,0.0,15.640000343322754
5894,2012-08-06,15.850000381469727,15.949999809265137,0.0,15.949999809265137
5895,2012-08-07,15.550000190734863,15.989999771118164,0.0,15.989999771118164
5896,2012-08-08,16.459999084472656,15.319999694824219,0.0,15.319999694824219
5897,2012-08-09,15.390000343322754,15.279999732971191,0.0,15.279999732971191
5898,2012-08-10,15.34000015258789,14.739999771118164,0.0,14.739999771118164
5899,2012-08-13,14.09000015258789,13.699999809265137,0.0,13.699999809265137
5900,2012-08-14,13.90999984741211,14.850000381469727,0.0,14.850000381469727
5901,2012-08-15,14.819999694824219,14.630000114440918,0.0,14.630000114440918
5902,2012-08-16,14.880000114440918,14.289999961853027,0.0,14.289999961853027
5903,2012-08-17,14.229999542236328,13.449999809265137,0.0,13.449999809265137
5904,2012-08-20,14.109999656677246,14.020000457763672,0.0,14.020000457763672
5905,2012-08-21,14.100000381469727,15.020000457763672,0.0,15.020000457763672
5906,2012-08-22,15.319999694824219,15.109999656677246,0.0,15.109999656677246
5907,2012-08-23,15.0,15.960000038146973,0.0,15.960000038146973
5908,2012-08-24,15.989999771118164,15.180000305175781,0.0,15.180000305175781
5909,2012-08-27,16.149999618530273,16.350000381469727,0.0,16.350000381469727
5910,2012-08-28,16.31999969482422,16.489999771118164,0.0,16.489999771118164
5911,2012-08-29,16.610000610351562,17.059999465942383,0.0,17.059999465942383
5912,2012-08-30,17.479999542236328,17.829999923706055,0.0,17.829999923706055
5913,2012-08-31,17.25,17.469999313354492,0.0,17.469999313354492
5915,2012-09-04,18.649999618530273,17.979999542236328,0.0,17.979999542236328
5916,2012-09-05,17.3799991607666,17.739999771118164,0.0,17.739999771118164
5917,2012-09-06,17.299999237060547,15.600000381469727,0.0,15.600000381469727
5918,2012-09-07,15.600000381469727,14.380000114440918,0.0,14.380000114440918
5919,2012-09-10,14.270000457763672,16.280000686645508,0.0,16.280000686645508
5920,2012-09-11,16.110000610351562,16.40999984741211,0.0,16.40999984741211
5921,2012-09-12,15.59000015258789,15.800000190734863,0.0,15.800000190734863
5922,2012-09-13,15.600000381469727,14.050000190734863,0.0,14.050000190734863
5923,2012-09-14,13.819999694824219,14.510000228881836,0.0,14.510000228881836
5924,2012-09-17,14.670000076293945,14.59000015258789,0.0,14.59000015258789
5925,2012-09-18,14.510000228881836,14.180000305175781,0.0,14.180000305175781
5926,2012-09-19,13.949999809265137,13.880000114440918,0.0,13.880000114440918
5927,2012-09-20,14.630000114440918,14.069999694824219,0.0,14.069999694824219
5928,2012-09-21,13.9399995803833,13.979999542236328,0.0,13.979999542236328
5929,2012-09-24,15.0600004196167,14.149999618530273,0.0,14.149999618530273
5930,2012-09-25,14.1899995803833,15.430000305175781,0.0,15.430000305175781
5931,2012-09-26,15.829999923706055,16.809999465942383,0.0,16.809999465942383
5932,2012-09-27,16.3799991607666,14.84000015258789,0.0,14.84000015258789
5933,2012-09-28,15.229999542236328,15.729999542236328,0.0,15.729999542236328
5934,2012-10-01,16.030000686645508,16.31999969482422,0.0,16.31999969482422
5935,2012-10-02,15.850000381469727,15.710000038146973,0.0,15.710000038146973
5936,2012-10-03,15.630000114440918,15.430000305175781,0.0,15.430000305175781
5937,2012-10-04,15.229999542236328,14.550000190734863,0.0,14.550000190734863
5938,2012-10-05,13.680000305175781,14.329999923706055,0.0,14.329999923706055
5939,2012-10-08,15.1899995803833,15.109999656677246,0.0,15.109999656677246
5940,2012-10-09,15.279999732971191,16.3700008392334,0.0,16.3700008392334
5941,2012-10-10,16.520000457763672,16.290000915527344,0.0,16.290000915527344
5942,2012-10-11,15.329999923706055,15.59000015258789,0.0,15.59000015258789
5943,2012-10-12,15.40999984741211,16.139999389648438,0.0,16.139999389648438
5944,2012-10-15,16.049999237060547,15.270000457763672,0.0,15.270000457763672
5945,2012-10-16,14.84000015258789,15.220000267028809,0.0,15.220000267028809
5946,2012-10-17,15.430000305175781,15.069999694824219,0.0,15.069999694824219
5947,2012-10-18,15.25,15.029999732971191,0.0,15.029999732971191
5948,2012-10-19,14.90999984741211,17.059999465942383,0.0,17.059999465942383
5949,2012-10-22,17.440000534057617,16.6200008392334,0.0,16.6200008392334
5950,2012-10-23,18.229999542236328,18.829999923706055,0.0,18.829999923706055
5951,2012-10-24,18.219999313354492,18.329999923706055,0.0,18.329999923706055
5952,2012-10-25,17.559999465942383,18.1200008392334,0.0,18.1200008392334
5953,2012-10-26,18.030000686645508,17.809999465942383,0.0,17.809999465942383
5956,2012-10-31,17.68000030517578,18.600000381469727,0.0,18.600000381469727
5957,2012-11-01,17.770000457763672,16.690000534057617,0.0,16.690000534057617
5958,2012-11-02,16.059999465942383,17.59000015258789,0.0,17.59000015258789
5959,2012-11-05,18.329999923706055,18.420000076293945,0.0,18.420000076293945
5960,2012-11-06,18.15999984741211,17.579999923706055,0.0,17.579999923706055
5961,2012-11-07,17.719999313354492,19.079999923706055,0.0,19.079999923706055
5962,2012-11-08,18.690000534057617,18.489999771118164,0.0,18.489999771118164
5963,2012-11-09,18.799999237060547,18.610000610351562,0.0,18.610000610351562
5964,2012-11-12,18.149999618530273,16.68000030517578,0.0,16.68000030517578
5965,2012-11-13,17.360000610351562,16.649999618530273,0.0,16.649999618530273
5966,2012-11-14,16.31999969482422,17.920000076293945,0.0,17.920000076293945
5967,2012-11-15,17.739999771118164,17.989999771118164,0.0,17.989999771118164
5968,2012-11-16,17.649999618530273,16.40999984741211,0.0,16.40999984741211
5969,2012-11-19,15.880000114440918,15.239999771118164,0.0,15.239999771118164
5970,2012-11-20,15.109999656677246,15.079999923706055,0.0,15.079999923706055
5971,2012-11-21,14.960000038146973,15.3100004196167,0.0,15.3100004196167
5973,2012-11-23,15.0,15.140000343322754,0.0,15.140000343322754
5974,2012-11-26,15.630000114440918,15.5,0.0,15.5
5975,2012-11-27,15.300000190734863,15.920000076293945,0.0,15.920000076293945
5976,2012-11-28,16.43000030517578,15.510000228881836,0.0,15.510000228881836
5977,2012-11-29,15.210000038146973,15.0600004196167,0.0,15.0600004196167
5978,2012-11-30,15.260000228881836,15.869999885559082,0.0,15.869999885559082
5979,2012-12-03,15.8100004196167,16.639999389648438,0.0,16.639999389648438
5980,2012-12-04,16.65999984741211,17.1200008392334,0.0,17.1200008392334
5981,2012-12-05,16.950000762939453,16.459999084472656,0.0,16.459999084472656
5982,2012-12-06,16.59000015258789,16.579999923706055,0.0,16.579999923706055
5983,2012-12-07,16.1200008392334,15.899999618530273,0.0,15.899999618530273
5984,2012-12-10,16.469999313354492,16.049999237060547,0.0,16.049999237060547
5985,2012-12-11,15.9399995803833,15.569999694824219,0.0,15.569999694824219
5986,2012-12-12,15.600000381469727,15.949999809265137,0.0,15.949999809265137
5987,2012-12-13,15.869999885559082,16.559999465942383,0.0,16.559999465942383
5988,2012-12-14,16.68000030517578,17.0,0.0,17.0
5989,2012-12-17,17.200000762939453,16.34000015258789,0.0,16.34000015258789
5990,2012-12-18,16.389999389648438,15.569999694824219,0.0,15.569999694824219
5991,2012-12-19,16.049999237060547,17.360000610351562,0.0,17.360000610351562
5992,2012-12-20,17.260000228881836,17.670000076293945,0.0,17.670000076293945
5993,2012-12-21,19.850000381469727,17.84000015258789,0.0,17.84000015258789
5994,2012-12-24,18.459999084472656,17.84000015258789,0.0,17.84000015258789
5996,2012-12-26,18.709999084472656,19.479999542236328,0.0,19.479999542236328
5997,2012-12-27,19.389999389648438,19.469999313354492,0.0,19.469999313354492
5998,2012-12-28,20.31999969482422,22.719999313354492,0.0,22.719999313354492
5999,2012-12-31,22.139999389648438,18.020000457763672,0.0,18.020000457763672
6001,2013-01-02,15.239999771118164,14.680000305175781,0.0,14.680000305175781
6002,2013-01-03,14.770000457763672,14.5600004196167,0.0,14.5600004196167
6003,2013-01-04,14.229999542236328,13.829999923706055,0.0,13.829999923706055
6004,2013-01-07,14.529999732971191,13.789999961853027,0.0,13.789999961853027
6005,2013-01-08,13.880000114440918,13.619999885559082,0.0,13.619999885559082
6006,2013-01-09,13.319999694824219,13.8100004196167,0.0,13.8100004196167
6007,2013-01-10,13.329999923706055,13.489999771118164,0.0,13.489999771118164
6008,2013-01-11,13.550000190734863,13.359999656677246,0.0,13.359999656677246
6009,2013-01-14,13.65999984741211,13.520000457763672,0.0,13.520000457763672
6010,2013-01-15,13.970000267028809,13.550000190734863,0.0,13.550000190734863
6011,2013-01-16,13.699999809265137,13.420000076293945,0.0,13.420000076293945
6012,2013-01-17,13.449999809265137,13.569999694824219,0.0,13.569999694824219
6013,2013-01-18,13.520000457763672,12.460000038146973,0.0,12.460000038146973
6015,2013-01-22,13.279999732971191,12.430000305175781,0.0,12.430000305175781
6016,2013-01-23,12.670000076293945,12.460000038146973,0.0,12.460000038146973
6017,2013-01-24,12.729999542236328,12.6899995803833,0.0,12.6899995803833
6018,2013-01-25,12.630000114440918,12.890000343322754,0.0,12.890000343322754
6019,2013-01-28,13.289999961853027,13.569999694824219,0.0,13.569999694824219
6020,2013-01-29,13.869999885559082,13.3100004196167,0.0,13.3100004196167
6021,2013-01-30,13.640000343322754,14.319999694824219,0.0,14.319999694824219
6022,2013-01-31,14.430000305175781,14.279999732971191,0.0,14.279999732971191
6023,2013-02-01,13.369999885559082,12.899999618530273,0.0,12.899999618530273
6024,2013-02-04,14.0,14.670000076293945,0.0,14.670000076293945
6025,2013-02-05,14.210000038146973,13.720000267028809,0.0,13.720000267028809
6026,2013-02-06,14.0600004196167,13.40999984741211,0.0,13.40999984741211
6027,2013-02-07,13.470000267028809,13.5,0.0,13.5
6028,2013-02-08,13.199999809265137,13.020000457763672,0.0,13.020000457763672
6029,2013-02-11,13.369999885559082,12.9399995803833,0.0,12.9399995803833
6030,2013-02-12,12.819999694824219,12.640000343322754,0.0,12.640000343322754
6031,2013-02-13,12.880000114440918,12.979999542236328,0.0,12.979999542236328
6032,2013-02-14,13.300000190734863,12.65999984741211,0.0,12.65999984741211
6033,2013-02-15,12.470000267028809,12.460000038146973,0.0,12.460000038146973
6035,2013-02-19,12.8100004196167,12.3100004196167,0.0,12.3100004196167
6036,2013-02-20,12.319999694824219,14.680000305175781,0.0,14.680000305175781
6037,2013-02-21,14.680000305175781,15.220000267028809,0.0,15.220000267028809
6038,2013-02-22,14.600000381469727,14.170000076293945,0.0,14.170000076293945
6039,2013-02-25,13.6899995803833,18.989999771118164,0.0,18.989999771118164
6040,2013-02-26,17.5,16.8700008392334,0.0,16.8700008392334
6041,2013-02-27,16.56999969482422,14.729999542236328,0.0,14.729999542236328
6042,2013-02-28,15.0,15.510000228881836,0.0,15.510000228881836
6043,2013-03-01,16.100000381469727,15.359999656677246,0.0,15.359999656677246
6044,2013-03-04,16.15999984741211,14.010000228881836,0.0,14.010000228881836
6045,2013-03-05,13.4399995803833,13.479999542236328,0.0,13.479999542236328
6046,2013-03-06,13.180000305175781,13.529999732971191,0.0,13.529999732971191
6047,2013-03-07,13.449999809265137,13.0600004196167,0.0,13.0600004196167
6048,2013-03-08,12.670000076293945,12.59000015258789,0.0,12.59000015258789
6049,2013-03-11,12.3100004196167,11.5600004196167,0.0,11.5600004196167
6050,2013-03-12,11.789999961853027,12.270000457763672,0.0,12.270000457763672
6051,2013-03-13,12.180000305175781,11.829999923706055,0.0,11.829999923706055
6052,2013-03-14,11.699999809265137,11.300000190734863,0.0,11.300000190734863
6053,2013-03-15,11.520000457763672,11.300000190734863,0.0,11.300000190734863
6054,2013-03-18,13.470000267028809,13.359999656677246,0.0,13.359999656677246
6055,2013-03-19,13.029999732971191,14.390000343322754,0.0,14.390000343322754
6056,2013-03-20,13.180000305175781,12.670000076293945,0.0,12.670000076293945
6057,2013-03-21,13.069999694824219,13.989999771118164,0.0,13.989999771118164
6058,2013-03-22,13.34000015258789,13.569999694824219,0.0,13.569999694824219
6059,2013-03-25,12.850000381469727,13.739999771118164,0.0,13.739999771118164
6060,2013-03-26,12.949999809265137,12.770000457763672,0.0,12.770000457763672
6061,2013-03-27,13.720000267028809,13.149999618530273,0.0,13.149999618530273
6062,2013-03-28,12.90999984741211,12.699999809265137,0.0,12.699999809265137
6064,2013-04-01,13.460000038146973,13.579999923706055,0.0,13.579999923706055
6065,2013-04-02,13.109999656677246,12.779999732971191,0.0,12.779999732971191
6066,2013-04-03,12.649999618530273,14.210000038146973,0.0,14.210000038146973
6067,2013-04-04,14.100000381469727,13.890000343322754,0.0,13.890000343322754
6068,2013-04-05,15.640000343322754,13.920000076293945,0.0,13.920000076293945
6069,2013-04-08,14.039999961853027,13.1899995803833,0.0,13.1899995803833
6070,2013-04-09,13.109999656677246,12.84000015258789,0.0,12.84000015258789
6071,2013-04-10,12.65999984741211,12.359999656677246,0.0,12.359999656677246
6072,2013-04-11,12.550000190734863,12.239999771118164,0.0,12.239999771118164
6073,2013-04-12,12.609999656677246,12.0600004196167,0.0,12.0600004196167
6074,2013-04-15,13.119999885559082,17.270000457763672,0.0,17.270000457763672
6075,2013-04-16,14.720000267028809,13.960000038146973,0.0,13.960000038146973
6076,2013-04-17,15.350000381469727,16.510000228881836,0.0,16.510000228881836
6077,2013-04-18,16.34000015258789,17.559999465942383,0.0,17.559999465942383
6078,2013-04-19,16.670000076293945,14.970000267028809,0.0,14.970000267028809
6079,2013-04-22,15.079999923706055,14.390000343322754,0.0,14.390000343322754
6080,2013-04-23,13.8100004196167,13.479999542236328,0.0,13.479999542236328
6081,2013-04-24,13.569999694824219,13.609999656677246,0.0,13.609999656677246
6082,2013-04-25,13.609999656677246,13.619999885559082,0.0,13.619999885559082
6083,2013-04-26,13.9399995803833,13.609999656677246,0.0,13.609999656677246
6084,2013-04-29,13.720000267028809,13.710000038146973,0.0,13.710000038146973
6085,2013-04-30,13.710000038146973,13.520000457763672,0.0,13.520000457763672
6086,2013-05-01,13.880000114440918,14.489999771118164,0.0,14.489999771118164
6087,2013-05-02,14.479999542236328,13.59000015258789,0.0,13.59000015258789
6088,2013-05-03,12.920000076293945,12.850000381469727,0.0,12.850000381469727
6089,2013-05-06,13.0600004196167,12.65999984741211,0.0,12.65999984741211
6090,2013-05-07,12.630000114440918,12.829999923706055,0.0,12.829999923706055
6091,2013-05-08,12.869999885559082,12.65999984741211,0.0,12.65999984741211
6092,2013-05-09,12.90999984741211,13.130000114440918,0.0,13.130000114440918
6093,2013-05-10,13.079999923706055,12.59000015258789,0.0,12.59000015258789
6094,2013-05-13,12.569999694824219,12.550000190734863,0.0,12.550000190734863
6095,2013-05-14,12.609999656677246,12.770000457763672,0.0,12.770000457763672
6096,2013-05-15,12.979999542236328,12.8100004196167,0.0,12.8100004196167
6097,2013-05-16,13.069999694824219,13.069999694824219,0.0,13.069999694824219
6098,2013-05-17,12.729999542236328,12.449999809265137,0.0,12.449999809265137
6099,2013-05-20,13.279999732971191,13.020000457763672,0.0,13.020000457763672
6100,2013-05-21,13.079999923706055,13.369999885559082,0.0,13.369999885559082
6101,2013-05-22,13.449999809265137,13.819999694824219,0.0,13.819999694824219
6102,2013-05-23,14.9399995803833,14.069999694824219,0.0,14.069999694824219
6103,2013-05-24,14.59000015258789,13.989999771118164,0.0,13.989999771118164
6105,2013-05-28,13.670000076293945,14.479999542236328,0.0,14.479999542236328
6106,2013-05-29,15.300000190734863,14.829999923706055,0.0,14.829999923706055
6107,2013-05-30,14.899999618530273,14.529999732971191,0.0,14.529999732971191
6108,2013-05-31,15.020000457763672,16.299999237060547,0.0,16.299999237060547
6109,2013-06-03,16.399999618530273,16.280000686645508,0.0,16.280000686645508
6110,2013-06-04,16.15999984741211,16.270000457763672,0.0,16.270000457763672
6111,2013-06-05,16.860000610351562,17.5,0.0,17.5
6112,2013-06-06,17.700000762939453,16.6299991607666,0.0,16.6299991607666
6113,2013-06-07,15.899999618530273,15.140000343322754,0.0,15.140000343322754
6114,2013-06-10,15.15999984741211,15.4399995803833,0.0,15.4399995803833
6115,2013-06-11,16.90999984741211,17.06999969482422,0.0,17.06999969482422
6116,2013-06-12,16.510000228881836,18.59000015258789,0.0,18.59000015258789
6117,2013-06-13,18.3799991607666,16.40999984741211,0.0,16.40999984741211
6118,2013-06-14,16.6299991607666,17.149999618530273,0.0,17.149999618530273
6119,2013-06-17,16.530000686645508,16.799999237060547,0.0,16.799999237060547
6120,2013-06-18,16.809999465942383,16.610000610351562,0.0,16.610000610351562
6121,2013-06-19,16.889999389648438,16.639999389648438,0.0,16.639999389648438
6122,2013-06-20,18.399999618530273,20.489999771118164,0.0,20.489999771118164
6123,2013-06-21,18.969999313354492,18.899999618530273,0.0,18.899999618530273
6124,2013-06-24,20.8700008392334,20.110000610351562,0.0,20.110000610351562
6125,2013-06-25,18.649999618530273,18.469999313354492,0.0,18.469999313354492
6126,2013-06-26,17.229999542236328,17.209999084472656,0.0,17.209999084472656
6127,2013-06-27,16.600000381469727,16.860000610351562,0.0,16.860000610351562
6128,2013-06-28,17.25,16.860000610351562,0.0,16.860000610351562
6129,2013-07-01,16.899999618530273,16.3700008392334,0.0,16.3700008392334
6130,2013-07-02,16.489999771118164,16.440000534057617,0.0,16.440000534057617
6131,2013-07-03,17.219999313354492,16.200000762939453,0.0,16.200000762939453
6133,2013-07-05,15.59000015258789,14.890000343322754,0.0,14.890000343322754
6134,2013-07-08,14.65999984741211,14.779999732971191,0.0,14.779999732971191
6135,2013-07-09,14.329999923706055,14.350000381469727,0.0,14.350000381469727
6136,2013-07-10,14.460000038146973,14.210000038146973,0.0,14.210000038146973
6137,2013-07-11,13.569999694824219,14.010000228881836,0.0,14.010000228881836
6138,2013-07-12,13.899999618530273,13.84000015258789,0.0,13.84000015258789
6139,2013-07-15,13.979999542236328,13.789999961853027,0.0,13.789999961853027
6140,2013-07-16,13.779999732971191,14.420000076293945,0.0,14.420000076293945
6141,2013-07-17,14.199999809265137,13.779999732971191,0.0,13.779999732971191
6142,2013-07-18,13.630000114440918,13.770000457763672,0.0,13.770000457763672
6143,2013-07-19,13.890000343322754,12.539999961853027,0.0,12.539999961853027
6144,2013-07-22,13.229999542236328,12.289999961853027,0.0,12.289999961853027
6145,2013-07-23,12.149999618530273,12.65999984741211,0.0,12.65999984741211
6146,2013-07-24,12.6899995803833,13.180000305175781,0.0,13.180000305175781
6147,2013-07-25,13.470000267028809,12.970000267028809,0.0,12.970000267028809
6148,2013-07-26,13.40999984741211,12.720000267028809,0.0,12.720000267028809
6149,2013-07-29,13.539999961853027,13.390000343322754,0.0,13.390000343322754
6150,2013-07-30,13.449999809265137,13.390000343322754,0.0,13.390000343322754
6151,2013-07-31,13.550000190734863,13.449999809265137,0.0,13.449999809265137
6152,2013-08-01,12.890000343322754,12.9399995803833,0.0,12.9399995803833
6153,2013-08-02,12.65999984741211,11.979999542236328,0.0,11.979999542236328
6154,2013-08-05,12.289999961853027,11.84000015258789,0.0,11.84000015258789
6155,2013-08-06,12.1899995803833,12.720000267028809,0.0,12.720000267028809
6156,2013-08-07,13.170000076293945,12.979999542236328,0.0,12.979999542236328
6157,2013-08-08,12.5,12.729999542236328,0.0,12.729999542236328
6158,2013-08-09,12.880000114440918,13.40999984741211,0.0,13.40999984741211
6159,2013-08-12,13.520000457763672,12.8100004196167,0.0,12.8100004196167
6160,2013-08-13,12.859999656677246,12.3100004196167,0.0,12.3100004196167
6161,2013-08-14,12.479999542236328,13.039999961853027,0.0,13.039999961853027
6162,2013-08-15,14.140000343322754,14.729999542236328,0.0,14.729999542236328
6163,2013-08-16,14.5600004196167,14.369999885559082,0.0,14.369999885559082
6164,2013-08-19,14.9399995803833,15.100000381469727,0.0,15.100000381469727
6165,2013-08-20,15.220000267028809,14.90999984741211,0.0,14.90999984741211
6166,2013-08-21,16.0,15.9399995803833,0.0,15.9399995803833
6167,2013-08-22,15.260000228881836,14.760000228881836,0.0,14.760000228881836
6168,2013-08-23,14.289999961853027,13.979999542236328,0.0,13.979999542236328
6169,2013-08-26,14.369999885559082,14.989999771118164,0.0,14.989999771118164
6170,2013-08-27,16.559999465942383,16.770000457763672,0.0,16.770000457763672
6171,2013-08-28,16.959999084472656,16.489999771118164,0.0,16.489999771118164
6172,2013-08-29,16.790000915527344,16.809999465942383,0.0,16.809999465942383
6173,2013-08-30,16.75,17.010000228881836,0.0,17.010000228881836
6175,2013-09-03,16.469999313354492,16.610000610351562,0.0,16.610000610351562
6176,2013-09-04,16.8799991607666,15.880000114440918,0.0,15.880000114440918
6177,2013-09-05,16.1200008392334,15.770000457763672,0.0,15.770000457763672
6178,2013-09-06,15.350000381469727,15.850000381469727,0.0,15.850000381469727
6179,2013-09-09,15.859999656677246,15.630000114440918,0.0,15.630000114440918
6180,2013-09-10,14.890000343322754,14.529999732971191,0.0,14.529999732971191
6181,2013-09-11,14.739999771118164,13.819999694824219,0.0,13.819999694824219
6182,2013-09-12,13.930000305175781,14.289999961853027,0.0,14.289999961853027
6183,2013-09-13,14.270000457763672,14.15999984741211,0.0,14.15999984741211
6184,2013-09-16,14.100000381469727,14.380000114440918,0.0,14.380000114440918
6185,2013-09-17,14.4399995803833,14.529999732971191,0.0,14.529999732971191
6186,2013-09-18,14.680000305175781,13.59000015258789,0.0,13.59000015258789
6187,2013-09-19,13.020000457763672,13.15999984741211,0.0,13.15999984741211
6188,2013-09-20,13.300000190734863,13.119999885559082,0.0,13.119999885559082
6189,2013-09-23,14.039999961853027,14.3100004196167,0.0,14.3100004196167
6190,2013-09-24,14.170000076293945,14.079999923706055,0.0,14.079999923706055
6191,2013-09-25,14.239999771118164,14.010000228881836,0.0,14.010000228881836
6192,2013-09-26,13.800000190734863,14.0600004196167,0.0,14.0600004196167
6193,2013-09-27,14.619999885559082,15.460000038146973,0.0,15.460000038146973
6194,2013-09-30,17.489999771118164,16.600000381469727,0.0,16.600000381469727
6195,2013-10-01,16.309999465942383,15.539999961853027,0.0,15.539999961853027
6196,2013-10-02,16.399999618530273,16.600000381469727,0.0,16.600000381469727
6197,2013-10-03,16.6299991607666,17.670000076293945,0.0,17.670000076293945
6198,2013-10-04,17.719999313354492,16.739999771118164,0.0,16.739999771118164
6199,2013-10-07,18.760000228881836,19.40999984741211,0.0,19.40999984741211
6200,2013-10-08,19.010000228881836,20.34000015258789,0.0,20.34000015258789
6201,2013-10-09,20.190000534057617,19.600000381469727,0.0,19.600000381469727
6202,2013-10-10,17.65999984741211,16.479999542236328,0.0,16.479999542236328
6203,2013-10-11,16.309999465942383,15.720000267028809,0.0,15.720000267028809
6204,2013-10-14,17.079999923706055,16.06999969482422,0.0,16.06999969482422
6205,2013-10-15,16.40999984741211,18.65999984741211,0.0,18.65999984741211
6206,2013-10-16,17.139999389648438,14.710000038146973,0.0,14.710000038146973
6207,2013-10-17,14.520000457763672,13.479999542236328,0.0,13.479999542236328
6208,2013-10-18,12.859999656677246,13.039999961853027,0.0,13.039999961853027
6209,2013-10-21,13.34000015258789,13.15999984741211,0.0,13.15999984741211
6210,2013-10-22,12.989999771118164,13.329999923706055,0.0,13.329999923706055
6211,2013-10-23,13.710000038146973,13.420000076293945,0.0,13.420000076293945
6212,2013-10-24,13.5,13.199999809265137,0.0,13.199999809265137
6213,2013-10-25,13.15999984741211,13.09000015258789,0.0,13.09000015258789
6214,2013-10-28,13.619999885559082,13.3100004196167,0.0,13.3100004196167
6215,2013-10-29,13.25,13.40999984741211,0.0,13.40999984741211
6216,2013-10-30,13.720000267028809,13.649999618530273,0.0,13.649999618530273
6217,2013-10-31,13.829999923706055,13.75,0.0,13.75
6218,2013-11-01,13.460000038146973,13.279999732971191,0.0,13.279999732971191
6219,2013-11-04,13.350000381469727,12.930000305175781,0.0,12.930000305175781
6220,2013-11-05,13.220000267028809,13.270000457763672,0.0,13.270000457763672
6221,2013-11-06,13.010000228881836,12.670000076293945,0.0,12.670000076293945
6222,2013-11-07,12.989999771118164,13.90999984741211,0.0,13.90999984741211
6223,2013-11-08,13.760000228881836,12.899999618530273,0.0,12.899999618530273
6224,2013-11-11,12.850000381469727,12.529999732971191,0.0,12.529999732971191
6225,2013-11-12,12.800000190734863,12.819999694824219,0.0,12.819999694824219
6226,2013-11-13,13.350000381469727,12.520000457763672,0.0,12.520000457763672
6227,2013-11-14,12.800000190734863,12.369999885559082,0.0,12.369999885559082
6228,2013-11-15,12.119999885559082,12.1899995803833,0.0,12.1899995803833
6229,2013-11-18,12.40999984741211,13.100000381469727,0.0,13.100000381469727
6230,2013-11-19,13.029999732971191,13.390000343322754,0.0,13.390000343322754
6231,2013-11-20,13.5600004196167,13.399999618530273,0.0,13.399999618530273
6232,2013-11-21,13.09000015258789,12.65999984741211,0.0,12.65999984741211
6233,2013-11-22,12.6899995803833,12.260000228881836,0.0,12.260000228881836
6234,2013-11-25,12.550000190734863,12.789999961853027,0.0,12.789999961853027
6235,2013-11-26,12.84000015258789,12.8100004196167,0.0,12.8100004196167
6236,2013-11-27,12.8100004196167,12.979999542236328,0.0,12.979999542236328
6238,2013-11-29,13.0600004196167,13.699999809265137,0.0,13.699999809265137
6239,2013-12-02,13.90999984741211,14.229999542236328,0.0,14.229999542236328
6240,2013-12-03,14.739999771118164,14.550000190734863,0.0,14.550000190734863
6241,2013-12-04,15.029999732971191,14.699999809265137,0.0,14.699999809265137
6242,2013-12-05,14.819999694824219,15.079999923706055,0.0,15.079999923706055
6243,2013-12-06,13.970000267028809,13.789999961853027,0.0,13.789999961853027
6244,2013-12-09,13.970000267028809,13.489999771118164,0.0,13.489999771118164
6245,2013-12-10,14.140000343322754,13.90999984741211,0.0,13.90999984741211
6246,2013-12-11,13.979999542236328,15.420000076293945,0.0,15.420000076293945
6247,2013-12-12,15.4399995803833,15.539999961853027,0.0,15.539999961853027
6248,2013-12-13,15.170000076293945,15.760000228881836,0.0,15.760000228881836
6249,2013-12-16,15.640000343322754,16.030000686645508,0.0,16.030000686645508
6250,2013-12-17,16.040000915527344,16.209999084472656,0.0,16.209999084472656
6251,2013-12-18,15.949999809265137,13.800000190734863,0.0,13.800000190734863
6252,2013-12-19,13.59000015258789,14.149999618530273,0.0,14.149999618530273
6253,2013-12-20,13.609999656677246,13.789999961853027,0.0,13.789999961853027
6254,2013-12-23,13.369999885559082,13.039999961853027,0.0,13.039999961853027
6255,2013-12-24,12.850000381469727,12.479999542236328,0.0,12.479999542236328
6257,2013-12-26,12.479999542236328,12.329999923706055,0.0,12.329999923706055
6258,2013-12-27,12.210000038146973,12.460000038146973,0.0,12.460000038146973
6259,2013-12-30,12.869999885559082,13.5600004196167,0.0,13.5600004196167
6260,2013-12-31,13.430000305175781,13.720000267028809,0.0,13.720000267028809
6262,2014-01-02,14.319999694824219,14.229999542236328,0.0,14.229999542236328
6263,2014-01-03,14.0600004196167,13.760000228881836,0.0,13.760000228881836
6264,2014-01-06,13.40999984741211,13.550000190734863,0.0,13.550000190734863
6265,2014-01-07,12.380000114440918,12.920000076293945,0.0,12.920000076293945
6266,2014-01-08,13.039999961853027,12.869999885559082,0.0,12.869999885559082
6267,2014-01-09,12.829999923706055,12.890000343322754,0.0,12.890000343322754
6268,2014-01-10,12.600000381469727,12.140000343322754,0.0,12.140000343322754
6269,2014-01-13,12.180000305175781,13.279999732971191,0.0,13.279999732971191
6270,2014-01-14,12.890000343322754,12.279999732971191,0.0,12.279999732971191
6271,2014-01-15,12.149999618530273,12.279999732971191,0.0,12.279999732971191
6272,2014-01-16,12.319999694824219,12.529999732971191,0.0,12.529999732971191
6273,2014-01-17,12.34000015258789,12.4399995803833,0.0,12.4399995803833
6275,2014-01-21,12.630000114440918,12.869999885559082,0.0,12.869999885559082
6276,2014-01-22,12.569999694824219,12.84000015258789,0.0,12.84000015258789
6277,2014-01-23,13.670000076293945,13.770000457763672,0.0,13.770000457763672
6278,2014-01-24,14.949999809265137,18.139999389648438,0.0,18.139999389648438
6279,2014-01-27,17.290000915527344,17.420000076293945,0.0,17.420000076293945
6280,2014-01-28,17.270000457763672,15.800000190734863,0.0,15.800000190734863
6281,2014-01-29,17.950000762939453,17.350000381469727,0.0,17.350000381469727
6282,2014-01-30,16.3700008392334,17.290000915527344,0.0,17.290000915527344
6283,2014-01-31,18.709999084472656,18.40999984741211,0.0,18.40999984741211
6284,2014-02-03,18.56999969482422,21.440000534057617,0.0,21.440000534057617
6285,2014-02-04,19.989999771118164,19.110000610351562,0.0,19.110000610351562
6286,2014-02-05,19.59000015258789,19.950000762939453,0.0,19.950000762939453
6287,2014-02-06,19.09000015258789,17.229999542236328,0.0,17.229999542236328
6288,2014-02-07,16.149999618530273,15.289999961853027,0.0,15.289999961853027
6289,2014-02-10,15.630000114440918,15.260000228881836,0.0,15.260000228881836
6290,2014-02-11,15.289999961853027,14.510000228881836,0.0,14.510000228881836
6291,2014-02-12,14.3100004196167,14.300000190734863,0.0,14.300000190734863
6292,2014-02-13,15.239999771118164,14.140000343322754,0.0,14.140000343322754
6293,2014-02-14,14.210000038146973,13.569999694824219,0.0,13.569999694824219
6295,2014-02-18,13.949999809265137,13.869999885559082,0.0,13.869999885559082
6296,2014-02-19,14.850000381469727,15.5,0.0,15.5
6297,2014-02-20,15.279999732971191,14.789999961853027,0.0,14.789999961853027
6298,2014-02-21,14.739999771118164,14.680000305175781,0.0,14.680000305175781
6299,2014-02-24,14.829999923706055,14.229999542236328,0.0,14.229999542236328
6300,2014-02-25,14.170000076293945,13.670000076293945,0.0,13.670000076293945
6301,2014-02-26,13.829999923706055,14.350000381469727,0.0,14.350000381469727
6302,2014-02-27,14.5600004196167,14.039999961853027,0.0,14.039999961853027
6303,2014-02-28,14.220000267028809,14.0,0.0,14.0
6304,2014-03-03,16.469999313354492,16.0,0.0,16.0
6305,2014-03-04,14.529999732971191,14.100000381469727,0.0,14.100000381469727
6306,2014-03-05,14.130000114440918,13.890000343322754,0.0,13.890000343322754
6307,2014-03-06,13.819999694824219,14.210000038146973,0.0,14.210000038146973
6308,2014-03-07,13.510000228881836,14.109999656677246,0.0,14.109999656677246
6309,2014-03-10,14.760000228881836,14.199999809265137,0.0,14.199999809265137
6310,2014-03-11,14.220000267028809,14.800000190734863,0.0,14.800000190734863
6311,2014-03-12,15.369999885559082,14.470000267028809,0.0,14.470000267028809
6312,2014-03-13,14.279999732971191,16.219999313354492,0.0,16.219999313354492
6313,2014-03-14,16.739999771118164,17.81999969482422,0.0,17.81999969482422
6314,2014-03-17,16.389999389648438,15.640000343322754,0.0,15.640000343322754
6315,2014-03-18,15.420000076293945,14.520000457763672,0.0,14.520000457763672
6316,2014-03-19,14.5600004196167,15.119999885559082,0.0,15.119999885559082
6317,2014-03-20,15.579999923706055,14.520000457763672,0.0,14.520000457763672
6318,2014-03-21,13.960000038146973,15.0,0.0,15.0
6319,2014-03-24,14.699999809265137,15.09000015258789,0.0,15.09000015258789
6320,2014-03-25,14.15999984741211,14.020000457763672,0.0,14.020000457763672
6321,2014-03-26,13.640000343322754,14.930000305175781,0.0,14.930000305175781
6322,2014-03-27,15.0,14.619999885559082,0.0,14.619999885559082
6323,2014-03-28,14.149999618530273,14.40999984741211,0.0,14.40999984741211
6324,2014-03-31,13.880000114440918,13.880000114440918,0.0,13.880000114440918
6325,2014-04-01,13.430000305175781,13.100000381469727,0.0,13.100000381469727
6326,2014-04-02,13.170000076293945,13.09000015258789,0.0,13.09000015258789
6327,2014-04-03,13.020000457763672,13.369999885559082,0.0,13.369999885559082
6328,2014-04-04,12.880000114440918,13.960000038146973,0.0,13.960000038146973
6329,2014-04-07,14.960000038146973,15.569999694824219,0.0,15.569999694824219
6330,2014-04-08,15.59000015258789,14.890000343322754,0.0,14.890000343322754
6331,2014-04-09,14.579999923706055,13.819999694824219,0.0,13.819999694824219
6332,2014-04-10,13.979999542236328,15.890000343322754,0.0,15.890000343322754
6333,2014-04-11,16.65999984741211,17.030000686645508,0.0,17.030000686645508
6334,2014-04-14,16.139999389648438,16.110000610351562,0.0,16.110000610351562
6335,2014-04-15,16.139999389648438,15.609999656677246,0.0,15.609999656677246
6336,2014-04-16,14.890000343322754,14.180000305175781,0.0,14.180000305175781
6337,2014-04-17,14.09000015258789,13.359999656677246,0.0,13.359999656677246
6339,2014-04-21,14.100000381469727,13.25,0.0,13.25
6340,2014-04-22,13.130000114440918,13.1899995803833,0.0,13.1899995803833
6341,2014-04-23,13.350000381469727,13.270000457763672,0.0,13.270000457763672
6342,2014-04-24,13.359999656677246,13.319999694824219,0.0,13.319999694824219
6343,2014-04-25,13.930000305175781,14.0600004196167,0.0,14.0600004196167
6344,2014-04-28,14.270000457763672,13.970000267028809,0.0,13.970000267028809
6345,2014-04-29,13.880000114440918,13.710000038146973,0.0,13.710000038146973
6346,2014-04-30,14.050000190734863,13.40999984741211,0.0,13.40999984741211
6347,2014-05-01,13.640000343322754,13.25,0.0,13.25
6348,2014-05-02,13.149999618530273,12.90999984741211,0.0,12.90999984741211
6349,2014-05-05,13.949999809265137,13.289999961853027,0.0,13.289999961853027
6350,2014-05-06,13.649999618530273,13.800000190734863,0.0,13.800000190734863
6351,2014-05-07,13.640000343322754,13.399999618530273,0.0,13.399999618530273
6352,2014-05-08,13.6899995803833,13.430000305175781,0.0,13.430000305175781
6353,2014-05-09,13.550000190734863,12.920000076293945,0.0,12.920000076293945
6354,2014-05-12,12.460000038146973,12.229999542236328,0.0,12.229999542236328
6355,2014-05-13,12.359999656677246,12.130000114440918,0.0,12.130000114440918
6356,2014-05-14,12.420000076293945,12.170000076293945,0.0,12.170000076293945
6357,2014-05-15,12.729999542236328,13.170000076293945,0.0,13.170000076293945
6358,2014-05-16,13.3100004196167,12.4399995803833,0.0,12.4399995803833
6359,2014-05-19,13.170000076293945,12.420000076293945,0.0,12.420000076293945
6360,2014-05-20,12.6899995803833,12.960000038146973,0.0,12.960000038146973
6361,2014-05-21,12.380000114440918,11.90999984741211,0.0,11.90999984741211
6362,2014-05-22,11.930000305175781,12.029999732971191,0.0,12.029999732971191
6363,2014-05-23,11.960000038146973,11.359999656677246,0.0,11.359999656677246
6365,2014-05-27,11.6899995803833,11.510000228881836,0.0,11.510000228881836
6366,2014-05-28,11.600000381469727,11.680000305175781,0.0,11.680000305175781
6367,2014-05-29,11.579999923706055,11.569999694824219,0.0,11.569999694824219
6368,2014-05-30,11.65999984741211,11.399999618530273,0.0,11.399999618530273
6369,2014-06-02,11.6899995803833,11.579999923706055,0.0,11.579999923706055
6370,2014-06-03,12.029999732971191,11.869999885559082,0.0,11.869999885559082
6371,2014-06-04,12.149999618530273,12.079999923706055,0.0,12.079999923706055
6372,2014-06-05,12.09000015258789,11.680000305175781,0.0,11.680000305175781
6373,2014-06-06,11.319999694824219,10.729999542236328,0.0,10.729999542236328
6374,2014-06-09,11.229999542236328,11.149999618530273,0.0,11.149999618530273
6375,2014-06-10,11.300000190734863,10.989999771118164,0.0,10.989999771118164
6376,2014-06-11,11.420000076293945,11.600000381469727,0.0,11.600000381469727
6377,2014-06-12,11.8100004196167,12.5600004196167,0.0,12.5600004196167
6378,2014-06-13,12.449999809265137,12.180000305175781,0.0,12.180000305175781
6379,2014-06-16,12.649999618530273,12.649999618530273,0.0,12.649999618530273
6380,2014-06-17,12.8100004196167,12.0600004196167,0.0,12.0600004196167
6381,2014-06-18,11.800000190734863,10.609999656677246,0.0,10.609999656677246
6382,2014-06-19,10.529999732971191,10.619999885559082,0.0,10.619999885559082
6383,2014-06-20,10.399999618530273,10.850000381469727,0.0,10.850000381469727
6384,2014-06-23,11.260000228881836,10.979999542236328,0.0,10.979999542236328
6385,2014-06-24,11.020000457763672,12.130000114440918,0.0,12.130000114440918
6386,2014-06-25,12.3100004196167,11.59000015258789,0.0,11.59000015258789
6387,2014-06-26,11.510000228881836,11.630000114440918,0.0,11.630000114440918
6388,2014-06-27,11.720000267028809,11.260000228881836,0.0,11.260000228881836
6389,2014-06-30,11.75,11.569999694824219,0.0,11.569999694824219
6390,2014-07-01,11.279999732971191,11.149999618530273,0.0,11.149999618530273
6391,2014-07-02,11.180000305175781,10.819999694824219,0.0,10.819999694824219
6392,2014-07-03,10.470000267028809,10.319999694824219,0.0,10.319999694824219
6394,2014-07-07,11.149999618530273,11.329999923706055,0.0,11.329999923706055
6395,2014-07-08,11.720000267028809,11.979999542236328,0.0,11.979999542236328
6396,2014-07-09,11.739999771118164,11.649999618530273,0.0,11.649999618530273
6397,2014-07-10,13.220000267028809,12.59000015258789,0.0,12.59000015258789
6398,2014-07-11,12.5,12.079999923706055,0.0,12.079999923706055
6399,2014-07-14,11.600000381469727,11.819999694824219,0.0,11.819999694824219
6400,2014-07-15,11.529999732971191,11.960000038146973,0.0,11.960000038146973
6401,2014-07-16,10.8100004196167,11.0,0.0,11.0
6402,2014-07-17,11.350000381469727,14.539999961853027,0.0,14.539999961853027
6403,2014-07-18,13.34000015258789,12.0600004196167,0.0,12.0600004196167
6404,2014-07-21,12.850000381469727,12.8100004196167,0.0,12.8100004196167
6405,2014-07-22,11.970000267028809,12.239999771118164,0.0,12.239999771118164
6406,2014-07-23,11.539999961853027,11.520000457763672,0.0,11.520000457763672
6407,2014-07-24,11.430000305175781,11.84000015258789,0.0,11.84000015258789
6408,2014-07-25,12.029999732971191,12.6899995803833,0.0,12.6899995803833
6409,2014-07-28,12.930000305175781,12.5600004196167,0.0,12.5600004196167
6410,2014-07-29,12.350000381469727,13.279999732971191,0.0,13.279999732971191
6411,2014-07-30,12.630000114440918,13.329999923706055,0.0,13.329999923706055
6412,2014-07-31,14.350000381469727,16.950000762939453,0.0,16.950000762939453
6413,2014-08-01,16.670000076293945,17.030000686645508,0.0,17.030000686645508
6414,2014-08-04,16.639999389648438,15.119999885559082,0.0,15.119999885559082
6415,2014-08-05,15.539999961853027,16.8700008392334,0.0,16.8700008392334
6416,2014-08-06,17.219999313354492,16.3700008392334,0.0,16.3700008392334
6417,2014-08-07,15.5,16.65999984741211,0.0,16.65999984741211
6418,2014-08-08,16.43000030517578,15.770000457763672,0.0,15.770000457763672
6419,2014-08-11,15.15999984741211,14.229999542236328,0.0,14.229999542236328
6420,2014-08-12,14.420000076293945,14.130000114440918,0.0,14.130000114440918
6421,2014-08-13,13.569999694824219,12.899999618530273,0.0,12.899999618530273
6422,2014-08-14,13.050000190734863,12.420000076293945,0.0,12.420000076293945
6423,2014-08-15,11.90999984741211,13.149999618530273,0.0,13.149999618530273
6424,2014-08-18,12.850000381469727,12.319999694824219,0.0,12.319999694824219
6425,2014-08-19,12.140000343322754,12.210000038146973,0.0,12.210000038146973
6426,2014-08-20,12.229999542236328,11.779999732971191,0.0,11.779999732971191
6427,2014-08-21,11.930000305175781,11.760000228881836,0.0,11.760000228881836
6428,2014-08-22,11.880000114440918,11.470000267028809,0.0,11.470000267028809
6429,2014-08-25,11.579999923706055,11.699999809265137,0.0,11.699999809265137
6430,2014-08-26,11.329999923706055,11.630000114440918,0.0,11.630000114440918
6431,2014-08-27,11.6899995803833,11.779999732971191,0.0,11.779999732971191
6432,2014-08-28,12.380000114440918,12.050000190734863,0.0,12.050000190734863
6433,2014-08-29,11.859999656677246,12.09000015258789,0.0,12.09000015258789
6435,2014-09-02,12.319999694824219,12.25,0.0,12.25
6436,2014-09-03,12.029999732971191,12.359999656677246,0.0,12.359999656677246
6437,2014-09-04,12.399999618530273,12.640000343322754,0.0,12.640000343322754
6438,2014-09-05,12.369999885559082,12.09000015258789,0.0,12.09000015258789
6439,2014-09-08,12.640000343322754,12.65999984741211,0.0,12.65999984741211
6440,2014-09-09,12.699999809265137,13.5,0.0,13.5
6441,2014-09-10,13.359999656677246,12.880000114440918,0.0,12.880000114440918
6442,2014-09-11,13.529999732971191,12.800000190734863,0.0,12.800000190734863
6443,2014-09-12,12.850000381469727,13.3100004196167,0.0,13.3100004196167
6444,2014-09-15,13.539999961853027,14.119999885559082,0.0,14.119999885559082
6445,2014-09-16,14.479999542236328,12.729999542236328,0.0,12.729999542236328
6446,2014-09-17,13.0600004196167,12.649999618530273,0.0,12.649999618530273
6447,2014-09-18,12.550000190734863,12.029999732971191,0.0,12.029999732971191
6448,2014-09-19,11.729999542236328,12.109999656677246,0.0,12.109999656677246
6449,2014-09-22,13.140000343322754,13.6899995803833,0.0,13.6899995803833
6450,2014-09-23,14.819999694824219,14.930000305175781,0.0,14.930000305175781
6451,2014-09-24,14.619999885559082,13.270000457763672,0.0,13.270000457763672
6452,2014-09-25,14.109999656677246,15.640000343322754,0.0,15.640000343322754
6453,2014-09-26,15.770000457763672,14.850000381469727,0.0,14.850000381469727
6454,2014-09-29,16.959999084472656,15.979999542236328,0.0,15.979999542236328
6455,2014-09-30,15.489999771118164,16.309999465942383,0.0,16.309999465942383
6456,2014-10-01,16.440000534057617,16.709999084472656,0.0,16.709999084472656
6457,2014-10-02,16.700000762939453,16.15999984741211,0.0,16.15999984741211
6458,2014-10-03,15.15999984741211,14.550000190734863,0.0,14.550000190734863
6459,2014-10-06,14.460000038146973,15.460000038146973,0.0,15.460000038146973
6460,2014-10-07,16.18000030517578,17.200000762939453,0.0,17.200000762939453
6461,2014-10-08,17.350000381469727,15.109999656677246,0.0,15.109999656677246
6462,2014-10-09,15.640000343322754,18.760000228881836,0.0,18.760000228881836
6463,2014-10-10,19.110000610351562,21.239999771118164,0.0,21.239999771118164
6464,2014-10-13,21.15999984741211,24.639999389648438,0.0,24.639999389648438
6465,2014-10-14,23.770000457763672,22.790000915527344,0.0,22.790000915527344
6466,2014-10-15,26.360000610351562,25.270000457763672,0.0,25.270000457763672
6467,2014-10-16,29.260000228881836,25.200000762939453,0.0,25.200000762939453
6468,2014-10-17,21.68000030517578,21.989999771118164,0.0,21.989999771118164
6469,2014-10-20,22.110000610351562,18.56999969482422,0.0,18.56999969482422
6470,2014-10-21,17.719999313354492,16.079999923706055,0.0,16.079999923706055
6471,2014-10-22,16.059999465942383,17.8700008392334,0.0,17.8700008392334
6472,2014-10-23,16.06999969482422,16.530000686645508,0.0,16.530000686645508
6473,2014-10-24,16.43000030517578,16.110000610351562,0.0,16.110000610351562
6474,2014-10-27,17.239999771118164,16.040000915527344,0.0,16.040000915527344
6475,2014-10-28,15.6899995803833,14.390000343322754,0.0,14.390000343322754
6476,2014-10-29,14.609999656677246,15.149999618530273,0.0,15.149999618530273
6477,2014-10-30,15.3100004196167,14.520000457763672,0.0,14.520000457763672
6478,2014-10-31,13.84000015258789,14.029999732971191,0.0,14.029999732971191
6479,2014-11-03,14.40999984741211,14.729999542236328,0.0,14.729999542236328
6480,2014-11-04,15.050000190734863,14.890000343322754,0.0,14.890000343322754
6481,2014-11-05,14.149999618530273,14.170000076293945,0.0,14.170000076293945
6482,2014-11-06,14.460000038146973,13.670000076293945,0.0,13.670000076293945
6483,2014-11-07,13.710000038146973,13.119999885559082,0.0,13.119999885559082
6484,2014-11-10,13.15999984741211,12.670000076293945,0.0,12.670000076293945
6485,2014-11-11,12.710000038146973,12.920000076293945,0.0,12.920000076293945
6486,2014-11-12,13.760000228881836,13.020000457763672,0.0,13.020000457763672
6487,2014-11-13,13.329999923706055,13.789999961853027,0.0,13.789999961853027
6488,2014-11-14,13.789999961853027,13.3100004196167,0.0,13.3100004196167
6489,2014-11-17,14.699999809265137,13.989999771118164,0.0,13.989999771118164
6490,2014-11-18,13.859999656677246,13.859999656677246,0.0,13.859999656677246
6491,2014-11-19,14.010000228881836,13.960000038146973,0.0,13.960000038146973
6492,2014-11-20,14.65999984741211,13.579999923706055,0.0,13.579999923706055
6493,2014-11-21,13.15999984741211,12.899999618530273,0.0,12.899999618530273
6494,2014-11-24,12.920000076293945,12.619999885559082,0.0,12.619999885559082
6495,2014-11-25,12.550000190734863,12.25,0.0,12.25
6496,2014-11-26,12.270000457763672,12.069999694824219,0.0,12.069999694824219
6498,2014-11-28,12.640000343322754,13.329999923706055,0.0,13.329999923706055
6499,2014-12-01,14.15999984741211,14.15999984741211,0.0,14.15999984741211
6500,2014-12-02,14.100000381469727,12.850000381469727,0.0,12.850000381469727
6501,2014-12-03,12.75,12.5,0.0,12.5
6502,2014-12-04,12.699999809265137,12.380000114440918,0.0,12.380000114440918
6503,2014-12-05,12.079999923706055,11.890000343322754,0.0,11.890000343322754
6504,2014-12-08,13.050000190734863,14.210000038146973,0.0,14.210000038146973
6505,2014-12-09,16.229999542236328,15.350000381469727,0.0,15.350000381469727
6506,2014-12-10,15.5600004196167,18.530000686645508,0.0,18.530000686645508
6507,2014-12-11,17.68000030517578,20.079999923706055,0.0,20.079999923706055
6508,2014-12-12,20.510000228881836,21.079999923706055,0.0,21.079999923706055
6509,2014-12-15,19.59000015258789,20.420000076293945,0.0,20.420000076293945
6510,2014-12-16,23.549999237060547,23.56999969482422,0.0,23.56999969482422
6511,2014-12-17,23.899999618530273,19.440000534057617,0.0,19.440000534057617
6512,2014-12-18,17.139999389648438,16.809999465942383,0.0,16.809999465942383
6513,2014-12-19,16.56999969482422,16.489999771118164,0.0,16.489999771118164
6514,2014-12-22,16.31999969482422,15.25,0.0,15.25
6515,2014-12-23,14.470000267028809,14.800000190734863,0.0,14.800000190734863
6516,2014-12-24,14.520000457763672,14.369999885559082,0.0,14.369999885559082
6518,2014-12-26,14.600000381469727,14.5,0.0,14.5
6519,2014-12-29,16.040000915527344,15.0600004196167,0.0,15.0600004196167
6520,2014-12-30,15.899999618530273,15.920000076293945,0.0,15.920000076293945
6521,2014-12-31,15.90999984741211,19.200000762939453,0.0,19.200000762939453
6523,2015-01-02,17.760000228881836,17.790000915527344,0.0,17.790000915527344
6524,2015-01-05,19.190000534057617,19.920000076293945,0.0,19.920000076293945
6525,2015-01-06,20.329999923706055,21.1200008392334,0.0,21.1200008392334
6526,2015-01-07,20.149999618530273,19.309999465942383,0.0,19.309999465942383
6527,2015-01-08,17.93000030517578,17.010000228881836,0.0,17.010000228881836
6528,2015-01-09,16.440000534057617,17.549999237060547,0.0,17.549999237060547
6529,2015-01-12,18.020000457763672,19.600000381469727,0.0,19.600000381469727
6530,2015-01-13,18.209999084472656,20.559999465942383,0.0,20.559999465942383
6531,2015-01-14,22.8700008392334,21.479999542236328,0.0,21.479999542236328
6532,2015-01-15,21.229999542236328,22.389999389648438,0.0,22.389999389648438
6533,2015-01-16,22.799999237060547,20.950000762939453,0.0,20.950000762939453
6535,2015-01-20,20.06999969482422,19.889999389648438,0.0,19.889999389648438
6536,2015-01-21,20.920000076293945,18.850000381469727,0.0,18.850000381469727
6537,2015-01-22,17.979999542236328,16.399999618530273,0.0,16.399999618530273
6538,2015-01-23,16.790000915527344,16.65999984741211,0.0,16.65999984741211
6539,2015-01-26,16.959999084472656,15.520000457763672,0.0,15.520000457763672
6540,2015-01-27,17.600000381469727,17.219999313354492,0.0,17.219999313354492
6541,2015-01-28,16.969999313354492,20.440000534057617,0.0,20.440000534057617
6542,2015-01-29,20.459999084472656,18.760000228881836,0.0,18.760000228881836
6543,2015-01-30,20.229999542236328,20.969999313354492,0.0,20.969999313354492
6544,2015-02-02,20.889999389648438,19.43000030517578,0.0,19.43000030517578
6545,2015-02-03,18.40999984741211,17.329999923706055,0.0,17.329999923706055
6546,2015-02-04,17.81999969482422,18.329999923706055,0.0,18.329999923706055
6547,2015-02-05,17.290000915527344,16.850000381469727,0.0,16.850000381469727
6548,2015-02-06,16.290000915527344,17.290000915527344,0.0,17.290000915527344
6549,2015-02-09,19.15999984741211,18.549999237060547,0.0,18.549999237060547
6550,2015-02-10,17.719999313354492,17.229999542236328,0.0,17.229999542236328
6551,2015-02-11,17.43000030517578,16.959999084472656,0.0,16.959999084472656
6552,2015-02-12,16.389999389648438,15.34000015258789,0.0,15.34000015258789
6553,2015-02-13,15.109999656677246,14.6899995803833,0.0,14.6899995803833
6555,2015-02-17,15.850000381469727,15.800000190734863,0.0,15.800000190734863
6556,2015-02-18,16.739999771118164,15.449999809265137,0.0,15.449999809265137
6557,2015-02-19,16.110000610351562,15.289999961853027,0.0,15.289999961853027
6558,2015-02-20,15.729999542236328,14.300000190734863,0.0,14.300000190734863
6559,2015-02-23,15.050000190734863,14.5600004196167,0.0,14.5600004196167
6560,2015-02-24,14.5,13.6899995803833,0.0,13.6899995803833
6561,2015-02-25,13.640000343322754,13.84000015258789,0.0,13.84000015258789
6562,2015-02-26,13.550000190734863,13.90999984741211,0.0,13.90999984741211
6563,2015-02-27,14.069999694824219,13.34000015258789,0.0,13.34000015258789
6564,2015-03-02,13.899999618530273,13.039999961853027,0.0,13.039999961853027
6565,2015-03-03,13.350000381469727,13.859999656677246,0.0,13.859999656677246
6566,2015-03-04,14.279999732971191,14.229999542236328,0.0,14.229999542236328
6567,2015-03-05,14.010000228881836,14.039999961853027,0.0,14.039999961853027
6568,2015-03-06,14.609999656677246,15.199999809265137,0.0,15.199999809265137
6569,2015-03-09,15.720000267028809,15.0600004196167,0.0,15.0600004196167
6570,2015-03-10,16.469999313354492,16.690000534057617,0.0,16.690000534057617
6571,2015-03-11,16.440000534057617,16.8700008392334,0.0,16.8700008392334
6572,2015-03-12,16.450000762939453,15.420000076293945,0.0,15.420000076293945
6573,2015-03-13,15.470000267028809,16.0,0.0,16.0
6574,2015-03-16,15.779999732971191,15.609999656677246,0.0,15.609999656677246
6575,2015-03-17,16.309999465942383,15.65999984741211,0.0,15.65999984741211
6576,2015-03-18,14.600000381469727,13.970000267028809,0.0,13.970000267028809
6577,2015-03-19,14.680000305175781,14.069999694824219,0.0,14.069999694824219
6578,2015-03-20,13.520000457763672,13.020000457763672,0.0,13.020000457763672
6579,2015-03-23,13.520000457763672,13.40999984741211,0.0,13.40999984741211
6580,2015-03-24,13.359999656677246,13.619999885559082,0.0,13.619999885559082
6581,2015-03-25,13.260000228881836,15.4399995803833,0.0,15.4399995803833
6582,2015-03-26,16.639999389648438,15.800000190734863,0.0,15.800000190734863
6583,2015-03-27,15.729999542236328,15.069999694824219,0.0,15.069999694824219
6584,2015-03-30,14.760000228881836,14.510000228881836,0.0,14.510000228881836
6585,2015-03-31,14.970000267028809,15.289999961853027,0.0,15.289999961853027
6586,2015-04-01,15.319999694824219,15.109999656677246,0.0,15.109999656677246
6587,2015-04-02,15.300000190734863,14.670000076293945,0.0,14.670000076293945
6589,2015-04-06,15.75,14.739999771118164,0.0,14.739999771118164
6590,2015-04-07,14.569999694824219,14.779999732971191,0.0,14.779999732971191
6591,2015-04-08,14.59000015258789,13.979999542236328,0.0,13.979999542236328
6592,2015-04-09,14.140000343322754,13.09000015258789,0.0,13.09000015258789
6593,2015-04-10,13.199999809265137,12.579999923706055,0.0,12.579999923706055
6594,2015-04-13,13.170000076293945,13.9399995803833,0.0,13.9399995803833
6595,2015-04-14,14.34000015258789,13.670000076293945,0.0,13.670000076293945
6596,2015-04-15,13.579999923706055,12.84000015258789,0.0,12.84000015258789
6597,2015-04-16,13.270000457763672,12.600000381469727,0.0,12.600000381469727
6598,2015-04-17,13.970000267028809,13.890000343322754,0.0,13.890000343322754
6599,2015-04-20,13.670000076293945,13.300000190734863,0.0,13.300000190734863
6600,2015-04-21,12.75,13.25,0.0,13.25
6601,2015-04-22,12.970000267028809,12.710000038146973,0.0,12.710000038146973
6602,2015-04-23,12.960000038146973,12.479999542236328,0.0,12.479999542236328
6603,2015-04-24,12.210000038146973,12.289999961853027,0.0,12.289999961853027
6604,2015-04-27,12.34000015258789,13.119999885559082,0.0,13.119999885559082
6605,2015-04-28,13.260000228881836,12.40999984741211,0.0,12.40999984741211
6606,2015-04-29,13.4399995803833,13.390000343322754,0.0,13.390000343322754
6607,2015-04-30,13.890000343322754,14.550000190734863,0.0,14.550000190734863
6608,2015-05-01,13.979999542236328,12.699999809265137,0.0,12.699999809265137
6609,2015-05-04,13.119999885559082,12.850000381469727,0.0,12.850000381469727
6610,2015-05-05,13.210000038146973,14.3100004196167,0.0,14.3100004196167
6611,2015-05-06,13.930000305175781,15.149999618530273,0.0,15.149999618530273
6612,2015-05-07,15.479999542236328,15.130000114440918,0.0,15.130000114440918
6613,2015-05-08,13.359999656677246,12.859999656677246,0.0,12.859999656677246
6614,2015-05-11,13.350000381469727,13.850000381469727,0.0,13.850000381469727
6615,2015-05-12,14.729999542236328,13.859999656677246,0.0,13.859999656677246
6616,2015-05-13,13.630000114440918,13.760000228881836,0.0,13.760000228881836
6617,2015-05-14,13.140000343322754,12.739999771118164,0.0,12.739999771118164
6618,2015-05-15,12.460000038146973,12.380000114440918,0.0,12.380000114440918
6619,2015-05-18,13.079999923706055,12.729999542236328,0.0,12.729999542236328
6620,2015-05-19,12.949999809265137,12.850000381469727,0.0,12.850000381469727
6621,2015-05-20,12.899999618530273,12.880000114440918,0.0,12.880000114440918
6622,2015-05-21,13.029999732971191,12.109999656677246,0.0,12.109999656677246
6623,2015-05-22,12.369999885559082,12.130000114440918,0.0,12.130000114440918
6625,2015-05-26,13.449999809265137,14.0600004196167,0.0,14.0600004196167
6626,2015-05-27,14.15999984741211,13.270000457763672,0.0,13.270000457763672
6627,2015-05-28,13.489999771118164,13.3100004196167,0.0,13.3100004196167
6628,2015-05-29,13.59000015258789,13.84000015258789,0.0,13.84000015258789
6629,2015-06-01,13.920000076293945,13.970000267028809,0.0,13.970000267028809
6630,2015-06-02,14.720000267028809,14.239999771118164,0.0,14.239999771118164
6631,2015-06-03,13.729999542236328,13.65999984741211,0.0,13.65999984741211
6632,2015-06-04,14.569999694824219,14.710000038146973,0.0,14.710000038146973
6633,2015-06-05,15.010000228881836,14.210000038146973,0.0,14.210000038146973
6634,2015-06-08,14.84000015258789,15.289999961853027,0.0,15.289999961853027
6635,2015-06-09,15.180000305175781,14.470000267028809,0.0,14.470000267028809
6636,2015-06-10,14.239999771118164,13.220000267028809,0.0,13.220000267028809
6637,2015-06-11,13.039999961853027,12.850000381469727,0.0,12.850000381469727
6638,2015-06-12,13.3100004196167,13.779999732971191,0.0,13.779999732971191
6639,2015-06-15,15.479999542236328,15.390000343322754,0.0,15.390000343322754
6640,2015-06-16,15.619999885559082,14.8100004196167,0.0,14.8100004196167
6641,2015-06-17,14.65999984741211,14.5,0.0,14.5
6642,2015-06-18,14.029999732971191,13.1899995803833,0.0,13.1899995803833
6643,2015-06-19,13.350000381469727,13.960000038146973,0.0,13.960000038146973
6644,2015-06-22,13.420000076293945,12.739999771118164,0.0,12.739999771118164
6645,2015-06-23,12.5,12.109999656677246,0.0,12.109999656677246
6646,2015-06-24,12.569999694824219,13.260000228881836,0.0,13.260000228881836
6647,2015-06-25,12.960000038146973,14.010000228881836,0.0,14.010000228881836
6648,2015-06-26,14.130000114440918,14.020000457763672,0.0,14.020000457763672
6649,2015-06-29,16.700000762939453,18.850000381469727,0.0,18.850000381469727
6650,2015-06-30,17.600000381469727,18.229999542236328,0.0,18.229999542236328
6651,2015-07-01,16.6299991607666,16.09000015258789,0.0,16.09000015258789
6652,2015-07-02,15.430000305175781,16.790000915527344,0.0,16.790000915527344
6654,2015-07-06,18.649999618530273,17.010000228881836,0.0,17.010000228881836
6655,2015-07-07,17.219999313354492,16.09000015258789,0.0,16.09000015258789
6656,2015-07-08,17.3799991607666,19.65999984741211,0.0,19.65999984741211
6657,2015-07-09,17.459999084472656,19.969999313354492,0.0,19.969999313354492
6658,2015-07-10,17.450000762939453,16.829999923706055,0.0,16.829999923706055
6659,2015-07-13,15.289999961853027,13.899999618530273,0.0,13.899999618530273
6660,2015-07-14,13.90999984741211,13.369999885559082,0.0,13.369999885559082
6661,2015-07-15,13.350000381469727,13.229999542236328,0.0,13.229999542236328
6662,2015-07-16,12.59000015258789,12.109999656677246,0.0,12.109999656677246
6663,2015-07-17,11.770000457763672,11.949999809265137,0.0,11.949999809265137
6664,2015-07-20,12.25,12.25,0.0,12.25
6665,2015-07-21,12.420000076293945,12.220000267028809,0.0,12.220000267028809
6666,2015-07-22,12.770000457763672,12.119999885559082,0.0,12.119999885559082
6667,2015-07-23,12.0600004196167,12.640000343322754,0.0,12.640000343322754
6668,2015-07-24,12.869999885559082,13.739999771118164,0.0,13.739999771118164
6669,2015-07-27,15.600000381469727,15.600000381469727,0.0,15.600000381469727
6670,2015-07-28,14.869999885559082,13.4399995803833,0.0,13.4399995803833
6671,2015-07-29,13.569999694824219,12.5,0.0,12.5
6672,2015-07-30,12.720000267028809,12.130000114440918,0.0,12.130000114440918
6673,2015-07-31,12.029999732971191,12.119999885559082,0.0,12.119999885559082
6674,2015-08-03,12.850000381469727,12.5600004196167,0.0,12.5600004196167
6675,2015-08-04,12.65999984741211,13.0,0.0,13.0
6676,2015-08-05,12.020000457763672,12.510000228881836,0.0,12.510000228881836
6677,2015-08-06,12.199999809265137,13.770000457763672,0.0,13.770000457763672
6678,2015-08-07,13.569999694824219,13.390000343322754,0.0,13.390000343322754
6679,2015-08-10,12.729999542236328,12.229999542236328,0.0,12.229999542236328
6680,2015-08-11,13.239999771118164,13.710000038146973,0.0,13.710000038146973
6681,2015-08-12,15.1899995803833,13.609999656677246,0.0,13.609999656677246
6682,2015-08-13,13.869999885559082,13.489999771118164,0.0,13.489999771118164
6683,2015-08-14,13.6899995803833,12.829999923706055,0.0,12.829999923706055
6684,2015-08-17,14.319999694824219,13.020000457763672,0.0,13.020000457763672
6685,2015-08-18,13.40999984741211,13.789999961853027,0.0,13.789999961853027
6686,2015-08-19,14.84000015258789,15.25,0.0,15.25
6687,2015-08-20,16.549999237060547,19.139999389648438,0.0,19.139999389648438
6688,2015-08-21,22.549999237060547,28.030000686645508,0.0,28.030000686645508
6689,2015-08-24,28.030000686645508,40.7400016784668,0.0,40.7400016784668
6690,2015-08-25,31.1299991607666,36.02000045776367,0.0,36.02000045776367
6691,2015-08-26,31.1299991607666,30.31999969482422,0.0,30.31999969482422
6692,2015-08-27,27.110000610351562,26.100000381469727,0.0,26.100000381469727
6693,2015-08-28,26.690000534057617,26.049999237060547,0.0,26.049999237060547
6694,2015-08-31,27.030000686645508,28.43000030517578,0.0,28.43000030517578
6695,2015-09-01,31.90999984741211,31.399999618530273,0.0,31.399999618530273
6696,2015-09-02,29.139999389648438,26.09000015258789,0.0,26.09000015258789
6697,2015-09-03,25.209999084472656,25.610000610351562,0.0,25.610000610351562
6698,2015-09-04,27.43000030517578,27.799999237060547,0.0,27.799999237060547
6700,2015-09-08,25.049999237060547,24.899999618530273,0.0,24.899999618530273
6701,2015-09-09,22.389999389648438,26.229999542236328,0.0,26.229999542236328
6702,2015-09-10,26.8700008392334,24.3700008392334,0.0,24.3700008392334
6703,2015-09-11,25.3799991607666,23.200000762939453,0.0,23.200000762939453
6704,2015-09-14,24.030000686645508,24.25,0.0,24.25
6705,2015-09-15,23.280000686645508,22.540000915527344,0.0,22.540000915527344
6706,2015-09-16,22.56999969482422,21.350000381469727,0.0,21.350000381469727
6707,2015-09-17,21.540000915527344,21.139999389648438,0.0,21.139999389648438
6708,2015-09-18,23.06999969482422,22.280000686645508,0.0,22.280000686645508
6709,2015-09-21,21.969999313354492,20.139999389648438,0.0,20.139999389648438
6710,2015-09-22,22.969999313354492,22.440000534057617,0.0,22.440000534057617
6711,2015-09-23,22.09000015258789,22.1299991607666,0.0,22.1299991607666
6712,2015-09-24,23.530000686645508,23.469999313354492,0.0,23.469999313354492
6713,2015-09-25,21.1200008392334,23.6200008392334,0.0,23.6200008392334
6714,2015-09-28,25.020000457763672,27.6299991607666,0.0,27.6299991607666
6715,2015-09-29,26.56999969482422,26.829999923706055,0.0,26.829999923706055
6716,2015-09-30,24.639999389648438,24.5,0.0,24.5
6717,2015-10-01,23.139999389648438,22.549999237060547,0.0,22.549999237060547
6718,2015-10-02,23.989999771118164,20.940000534057617,0.0,20.940000534057617
6719,2015-10-05,20.309999465942383,19.540000915527344,0.0,19.540000915527344
6720,2015-10-06,19.540000915527344,19.399999618530273,0.0,19.399999618530273
6721,2015-10-07,18.959999084472656,18.399999618530273,0.0,18.399999618530273
6722,2015-10-08,18.6200008392334,17.420000076293945,0.0,17.420000076293945
6723,2015-10-09,17.149999618530273,17.079999923706055,0.0,17.079999923706055
6724,2015-10-12,17.68000030517578,16.170000076293945,0.0,16.170000076293945
6725,2015-10-13,17.079999923706055,17.670000076293945,0.0,17.670000076293945
6726,2015-10-14,17.670000076293945,18.030000686645508,0.0,18.030000686645508
6727,2015-10-15,17.6200008392334,16.049999237060547,0.0,16.049999237060547
6728,2015-10-16,15.640000343322754,15.050000190734863,0.0,15.050000190734863
6729,2015-10-19,15.680000305175781,14.979999542236328,0.0,14.979999542236328
6730,2015-10-20,15.170000076293945,15.75,0.0,15.75
6731,2015-10-21,14.979999542236328,16.700000762939453,0.0,16.700000762939453
6732,2015-10-22,15.020000457763672,14.449999809265137,0.0,14.449999809265137
6733,2015-10-23,13.460000038146973,14.460000038146973,0.0,14.460000038146973
6734,2015-10-26,14.760000228881836,15.289999961853027,0.0,15.289999961853027
6735,2015-10-27,15.75,15.430000305175781,0.0,15.430000305175781
6736,2015-10-28,15.140000343322754,14.329999923706055,0.0,14.329999923706055
6737,2015-10-29,14.800000190734863,14.609999656677246,0.0,14.609999656677246
6738,2015-10-30,14.600000381469727,15.069999694824219,0.0,15.069999694824219
6739,2015-11-02,15.40999984741211,14.149999618530273,0.0,14.149999618530273
6740,2015-11-03,14.329999923706055,14.539999961853027,0.0,14.539999961853027
6741,2015-11-04,14.039999961853027,15.510000228881836,0.0,15.510000228881836
6742,2015-11-05,15.390000343322754,15.050000190734863,0.0,15.050000190734863
6743,2015-11-06,14.90999984741211,14.329999923706055,0.0,14.329999923706055
6744,2015-11-09,15.34000015258789,16.520000457763672,0.0,16.520000457763672
6745,2015-11-10,16.690000534057617,15.289999961853027,0.0,15.289999961853027
6746,2015-11-11,15.069999694824219,16.059999465942383,0.0,16.059999465942383
6747,2015-11-12,17.059999465942383,18.3700008392334,0.0,18.3700008392334
6748,2015-11-13,18.68000030517578,20.079999923706055,0.0,20.079999923706055
6749,2015-11-16,20.510000228881836,18.15999984741211,0.0,18.15999984741211
6750,2015-11-17,17.81999969482422,18.84000015258789,0.0,18.84000015258789
6751,2015-11-18,19.010000228881836,16.850000381469727,0.0,16.850000381469727
6752,2015-11-19,16.25,16.989999771118164,0.0,16.989999771118164
6753,2015-11-20,16.1299991607666,15.470000267028809,0.0,15.470000267028809
6754,2015-11-23,16.149999618530273,15.619999885559082,0.0,15.619999885559082
6755,2015-11-24,16.530000686645508,15.930000305175781,0.0,15.930000305175781
6756,2015-11-25,15.550000190734863,15.1899995803833,0.0,15.1899995803833
6758,2015-11-27,15.3100004196167,15.119999885559082,0.0,15.119999885559082
6759,2015-11-30,15.550000190734863,16.1299991607666,0.0,16.1299991607666
6760,2015-12-01,15.609999656677246,14.670000076293945,0.0,14.670000076293945
6761,2015-12-02,15.039999961853027,15.90999984741211,0.0,15.90999984741211
6762,2015-12-03,15.869999885559082,18.110000610351562,0.0,18.110000610351562
6763,2015-12-04,17.43000030517578,14.8100004196167,0.0,14.8100004196167
6764,2015-12-07,15.649999618530273,15.84000015258789,0.0,15.84000015258789
6765,2015-12-08,17.690000534057617,17.600000381469727,0.0,17.600000381469727
6766,2015-12-09,18.049999237060547,19.610000610351562,0.0,19.610000610351562
6767,2015-12-10,19.25,19.34000015258789,0.0,19.34000015258789
6768,2015-12-11,21.360000610351562,24.389999389648438,0.0,24.389999389648438
6769,2015-12-14,24.700000762939453,22.729999542236328,0.0,22.729999542236328
6770,2015-12-15,20.760000228881836,20.950000762939453,0.0,20.950000762939453
6771,2015-12-16,19.25,17.860000610351562,0.0,17.860000610351562
6772,2015-12-17,16.18000030517578,18.940000534057617,0.0,18.940000534057617
6773,2015-12-18,19.34000015258789,20.700000762939453,0.0,20.700000762939453
6774,2015-12-21,19.639999389648438,18.700000762939453,0.0,18.700000762939453
6775,2015-12-22,17.610000610351562,16.600000381469727,0.0,16.600000381469727
6776,2015-12-23,15.859999656677246,15.569999694824219,0.0,15.569999694824219
6777,2015-12-24,15.4399995803833,15.739999771118164,0.0,15.739999771118164
6779,2015-12-28,17.649999618530273,16.90999984741211,0.0,16.90999984741211
6780,2015-12-29,15.90999984741211,16.079999923706055,0.0,16.079999923706055
6781,2015-12-30,16.5,17.290000915527344,0.0,17.290000915527344
6782,2015-12-31,17.969999313354492,18.209999084472656,0.0,18.209999084472656
6784,2016-01-04,22.479999542236328,20.700000762939453,0.0,20.700000762939453
6785,2016-01-05,20.75,19.34000015258789,0.0,19.34000015258789
6786,2016-01-06,21.670000076293945,20.59000015258789,0.0,20.59000015258789
6787,2016-01-07,23.219999313354492,24.989999771118164,0.0,24.989999771118164
6788,2016-01-08,22.959999084472656,27.010000228881836,0.0,27.010000228881836
6789,2016-01-11,25.579999923706055,24.299999237060547,0.0,24.299999237060547
6790,2016-01-12,22.969999313354492,22.469999313354492,0.0,22.469999313354492
6791,2016-01-13,21.719999313354492,25.219999313354492,0.0,25.219999313354492
6792,2016-01-14,24.75,23.950000762939453,0.0,23.950000762939453
6793,2016-01-15,28.959999084472656,27.020000457763672,0.0,27.020000457763672
6795,2016-01-19,25.399999618530273,26.049999237060547,0.0,26.049999237060547
6796,2016-01-20,27.780000686645508,27.59000015258789,0.0,27.59000015258789
6797,2016-01-21,27.790000915527344,26.690000534057617,0.0,26.690000534057617
6798,2016-01-22,24.209999084472656,22.34000015258789,0.0,22.34000015258789
6799,2016-01-25,23.299999237060547,24.149999618530273,0.0,24.149999618530273
6800,2016-01-26,23.75,22.5,0.0,22.5
6801,2016-01-27,22.8799991607666,23.110000610351562,0.0,23.110000610351562
6802,2016-01-28,22.149999618530273,22.420000076293945,0.0,22.420000076293945
6803,2016-01-29,21.59000015258789,20.200000762939453,0.0,20.200000762939453
6804,2016-02-01,21.31999969482422,19.979999542236328,0.0,19.979999542236328
6805,2016-02-02,21.34000015258789,21.979999542236328,0.0,21.979999542236328
6806,2016-02-03,21.489999771118164,21.649999618530273,0.0,21.649999618530273
6807,2016-02-04,22.290000915527344,21.84000015258789,0.0,21.84000015258789
6808,2016-02-05,22.09000015258789,23.3799991607666,0.0,23.3799991607666
6809,2016-02-08,25.889999389648438,26.0,0.0,26.0
6810,2016-02-09,28.299999237060547,26.540000915527344,0.0,26.540000915527344
6811,2016-02-10,25.75,26.290000915527344,0.0,26.290000915527344
6812,2016-02-11,29.010000228881836,28.139999389648438,0.0,28.139999389648438
6813,2016-02-12,27.15999984741211,25.399999618530273,0.0,25.399999618530273
6815,2016-02-16,24.959999084472656,24.110000610351562,0.0,24.110000610351562
6816,2016-02-17,23.399999618530273,22.309999465942383,0.0,22.309999465942383
6817,2016-02-18,22.15999984741211,21.639999389648438,0.0,21.639999389648438
6818,2016-02-19,22.389999389648438,20.530000686645508,0.0,20.530000686645508
6819,2016-02-22,20.139999389648438,19.3799991607666,0.0,19.3799991607666
6820,2016-02-23,19.75,20.979999542236328,0.0,20.979999542236328
6821,2016-02-24,22.280000686645508,20.719999313354492,0.0,20.719999313354492
6822,2016-02-25,20.540000915527344,19.110000610351562,0.0,19.110000610351562
6823,2016-02-26,18.889999389648438,19.809999465942383,0.0,19.809999465942383
6824,2016-02-29,20.489999771118164,20.549999237060547,0.0,20.549999237060547
6825,2016-03-01,19.84000015258789,17.700000762939453,0.0,17.700000762939453
6826,2016-03-02,17.979999542236328,17.09000015258789,0.0,17.09000015258789
6827,2016-03-03,17.25,16.700000762939453,0.0,16.700000762939453
6828,2016-03-04,16.479999542236328,16.860000610351562,0.0,16.860000610351562
6829,2016-03-07,17.979999542236328,17.350000381469727,0.0,17.350000381469727
6830,2016-03-08,18.3799991607666,18.670000076293945,0.0,18.670000076293945
6831,2016-03-09,18.559999465942383,18.34000015258789,0.0,18.34000015258789
6832,2016-03-10,18.170000076293945,18.049999237060547,0.0,18.049999237060547
6833,2016-03-11,17.09000015258789,16.5,0.0,16.5
6834,2016-03-14,17.010000228881836,16.920000076293945,0.0,16.920000076293945
6835,2016-03-15,17.600000381469727,16.84000015258789,0.0,16.84000015258789
6836,2016-03-16,15.960000038146973,14.989999771118164,0.0,14.989999771118164
6837,2016-03-17,15.34000015258789,14.4399995803833,0.0,14.4399995803833
6838,2016-03-18,14.050000190734863,14.020000457763672,0.0,14.020000457763672
6839,2016-03-21,14.569999694824219,13.789999961853027,0.0,13.789999961853027
6840,2016-03-22,14.569999694824219,14.170000076293945,0.0,14.170000076293945
6841,2016-03-23,14.569999694824219,14.9399995803833,0.0,14.9399995803833
6842,2016-03-24,16.299999237060547,14.739999771118164,0.0,14.739999771118164
6844,2016-03-28,15.649999618530273,15.239999771118164,0.0,15.239999771118164
6845,2016-03-29,15.739999771118164,13.819999694824219,0.0,13.819999694824219
6846,2016-03-30,13.6899995803833,13.5600004196167,0.0,13.5600004196167
6847,2016-03-31,13.729999542236328,13.949999809265137,0.0,13.949999809265137
6848,2016-04-01,15.229999542236328,13.100000381469727,0.0,13.100000381469727
6849,2016-04-04,13.880000114440918,14.119999885559082,0.0,14.119999885559082
6850,2016-04-05,15.390000343322754,15.420000076293945,0.0,15.420000076293945
6851,2016-04-06,15.609999656677246,14.09000015258789,0.0,14.09000015258789
6852,2016-04-07,15.140000343322754,16.15999984741211,0.0,16.15999984741211
6853,2016-04-08,15.34000015258789,15.359999656677246,0.0,15.359999656677246
6854,2016-04-11,15.34000015258789,16.260000228881836,0.0,16.260000228881836
6855,2016-04-12,15.979999542236328,14.850000381469727,0.0,14.850000381469727
6856,2016-04-13,14.489999771118164,13.84000015258789,0.0,13.84000015258789
6857,2016-04-14,13.899999618530273,13.720000267028809,0.0,13.720000267028809
6858,2016-04-15,13.770000457763672,13.619999885559082,0.0,13.619999885559082
6859,2016-04-18,14.869999885559082,13.350000381469727,0.0,13.350000381469727
6860,2016-04-19,13.180000305175781,13.239999771118164,0.0,13.239999771118164
6861,2016-04-20,13.390000343322754,13.279999732971191,0.0,13.279999732971191
6862,2016-04-21,13.199999809265137,13.949999809265137,0.0,13.949999809265137
6863,2016-04-22,13.699999809265137,13.220000267028809,0.0,13.220000267028809
6864,2016-04-25,14.069999694824219,14.079999923706055,0.0,14.079999923706055
6865,2016-04-26,14.010000228881836,13.960000038146973,0.0,13.960000038146973
6866,2016-04-27,14.149999618530273,13.770000457763672,0.0,13.770000457763672
6867,2016-04-28,14.529999732971191,15.220000267028809,0.0,15.220000267028809
6868,2016-04-29,15.210000038146973,15.699999809265137,0.0,15.699999809265137
6869,2016-05-02,16.329999923706055,14.680000305175781,0.0,14.680000305175781
6870,2016-05-03,14.920000076293945,15.600000381469727,0.0,15.600000381469727
6871,2016-05-04,15.470000267028809,16.049999237060547,0.0,16.049999237060547
6872,2016-05-05,15.539999961853027,15.90999984741211,0.0,15.90999984741211
6873,2016-05-06,16.200000762939453,14.720000267028809,0.0,14.720000267028809
6874,2016-05-09,15.199999809265137,14.569999694824219,0.0,14.569999694824219
6875,2016-05-10,13.979999542236328,13.630000114440918,0.0,13.630000114440918
6876,2016-05-11,13.920000076293945,14.6899995803833,0.0,14.6899995803833
6877,2016-05-12,14.550000190734863,14.40999984741211,0.0,14.40999984741211
6878,2016-05-13,15.149999618530273,15.039999961853027,0.0,15.039999961853027
6879,2016-05-16,15.720000267028809,14.680000305175781,0.0,14.680000305175781
6880,2016-05-17,14.569999694824219,15.569999694824219,0.0,15.569999694824219
6881,2016-05-18,15.720000267028809,15.949999809265137,0.0,15.949999809265137
6882,2016-05-19,16.3700008392334,16.329999923706055,0.0,16.329999923706055
6883,2016-05-20,16.1299991607666,15.199999809265137,0.0,15.199999809265137
6884,2016-05-23,16.329999923706055,15.819999694824219,0.0,15.819999694824219
6885,2016-05-24,16.030000686645508,14.420000076293945,0.0,14.420000076293945
6886,2016-05-25,14.1899995803833,13.899999618530273,0.0,13.899999618530273
6887,2016-05-26,13.800000190734863,13.430000305175781,0.0,13.430000305175781
6888,2016-05-27,13.489999771118164,13.119999885559082,0.0,13.119999885559082
6890,2016-05-31,13.9399995803833,14.1899995803833,0.0,14.1899995803833
6891,2016-06-01,14.449999809265137,14.199999809265137,0.0,14.199999809265137
6892,2016-06-02,14.420000076293945,13.630000114440918,0.0,13.630000114440918
6893,2016-06-03,13.779999732971191,13.470000267028809,0.0,13.470000267028809
6894,2016-06-06,13.84000015258789,13.649999618530273,0.0,13.649999618530273
6895,2016-06-07,12.770000457763672,14.050000190734863,0.0,14.050000190734863
6896,2016-06-08,13.84000015258789,14.079999923706055,0.0,14.079999923706055
6897,2016-06-09,14.010000228881836,14.640000343322754,0.0,14.640000343322754
6898,2016-06-10,14.890000343322754,17.030000686645508,0.0,17.030000686645508
6899,2016-06-13,18.239999771118164,20.969999313354492,0.0,20.969999313354492
6900,2016-06-14,21.280000686645508,20.5,0.0,20.5
6901,2016-06-15,20.25,20.139999389648438,0.0,20.139999389648438
6902,2016-06-16,20.799999237060547,19.3700008392334,0.0,19.3700008392334
6903,2016-06-17,19.420000076293945,19.40999984741211,0.0,19.40999984741211
6904,2016-06-20,17.420000076293945,18.3700008392334,0.0,18.3700008392334
6905,2016-06-21,17.670000076293945,18.479999542236328,0.0,18.479999542236328
6906,2016-06-22,18.260000228881836,21.170000076293945,0.0,21.170000076293945
6907,2016-06-23,19.540000915527344,17.25,0.0,17.25
6908,2016-06-24,26.059999465942383,25.760000228881836,0.0,25.760000228881836
6909,2016-06-27,24.3799991607666,23.850000381469727,0.0,23.850000381469727
6910,2016-06-28,21.760000228881836,18.75,0.0,18.75
6911,2016-06-29,18.1200008392334,16.639999389648438,0.0,16.639999389648438
6912,2016-06-30,16.90999984741211,15.630000114440918,0.0,15.630000114440918
6913,2016-07-01,15.59000015258789,14.770000457763672,0.0,14.770000457763672
6915,2016-07-05,16.049999237060547,15.579999923706055,0.0,15.579999923706055
6916,2016-07-06,15.869999885559082,14.960000038146973,0.0,14.960000038146973
6917,2016-07-07,14.800000190734863,14.760000228881836,0.0,14.760000228881836
6918,2016-07-08,14.640000343322754,13.199999809265137,0.0,13.199999809265137
6919,2016-07-11,13.25,13.539999961853027,0.0,13.539999961853027
6920,2016-07-12,12.930000305175781,13.550000190734863,0.0,13.550000190734863
6921,2016-07-13,13.319999694824219,13.039999961853027,0.0,13.039999961853027
6922,2016-07-14,12.5,12.819999694824219,0.0,12.819999694824219
6923,2016-07-15,13.119999885559082,12.670000076293945,0.0,12.670000076293945
6924,2016-07-18,12.75,12.4399995803833,0.0,12.4399995803833
6925,2016-07-19,12.529999732971191,11.970000267028809,0.0,11.970000267028809
6926,2016-07-20,11.9399995803833,11.770000457763672,0.0,11.770000457763672
6927,2016-07-21,11.800000190734863,12.739999771118164,0.0,12.739999771118164
6928,2016-07-22,12.800000190734863,12.020000457763672,0.0,12.020000457763672
6929,2016-07-25,12.640000343322754,12.869999885559082,0.0,12.869999885559082
6930,2016-07-26,12.880000114440918,13.050000190734863,0.0,13.050000190734863
6931,2016-07-27,12.609999656677246,12.829999923706055,0.0,12.829999923706055
6932,2016-07-28,12.510000228881836,12.720000267028809,0.0,12.720000267028809
6933,2016-07-29,12.850000381469727,11.869999885559082,0.0,11.869999885559082
6934,2016-08-01,11.890000343322754,12.4399995803833,0.0,12.4399995803833
6935,2016-08-02,12.390000343322754,13.369999885559082,0.0,13.369999885559082
6936,2016-08-03,13.529999732971191,12.859999656677246,0.0,12.859999656677246
6937,2016-08-04,12.729999542236328,12.420000076293945,0.0,12.420000076293945
6938,2016-08-05,12.079999923706055,11.390000343322754,0.0,11.390000343322754
6939,2016-08-08,11.65999984741211,11.5,0.0,11.5
6940,2016-08-09,11.399999618530273,11.65999984741211,0.0,11.65999984741211
6941,2016-08-10,11.550000190734863,12.050000190734863,0.0,12.050000190734863
6942,2016-08-11,11.930000305175781,11.680000305175781,0.0,11.680000305175781
6943,2016-08-12,11.609999656677246,11.550000190734863,0.0,11.550000190734863
6944,2016-08-15,11.8100004196167,11.8100004196167,0.0,11.8100004196167
6945,2016-08-16,12.039999961853027,12.640000343322754,0.0,12.640000343322754
6946,2016-08-17,12.569999694824219,12.1899995803833,0.0,12.1899995803833
6947,2016-08-18,12.199999809265137,11.430000305175781,0.0,11.430000305175781
6948,2016-08-19,11.670000076293945,11.34000015258789,0.0,11.34000015258789
6949,2016-08-22,12.529999732971191,12.270000457763672,0.0,12.270000457763672
6950,2016-08-23,12.149999618530273,12.380000114440918,0.0,12.380000114440918
6951,2016-08-24,12.699999809265137,13.449999809265137,0.0,13.449999809265137
6952,2016-08-25,13.619999885559082,13.630000114440918,0.0,13.630000114440918
6953,2016-08-26,13.539999961853027,13.649999618530273,0.0,13.649999618530273
6954,2016-08-29,14.09000015258789,12.9399995803833,0.0,12.9399995803833
6955,2016-08-30,12.9399995803833,13.119999885559082,0.0,13.119999885559082
6956,2016-08-31,13.140000343322754,13.420000076293945,0.0,13.420000076293945
6957,2016-09-01,13.069999694824219,13.479999542236328,0.0,13.479999542236328
6958,2016-09-02,13.470000267028809,11.979999542236328,0.0,11.979999542236328
6960,2016-09-06,12.420000076293945,12.020000457763672,0.0,12.020000457763672
6961,2016-09-07,11.890000343322754,11.9399995803833,0.0,11.9399995803833
6962,2016-09-08,11.739999771118164,12.510000228881836,0.0,12.510000228881836
6963,2016-09-09,12.520000457763672,17.5,0.0,17.5
6964,2016-09-12,20.1299991607666,15.15999984741211,0.0,15.15999984741211
6965,2016-09-13,15.979999542236328,17.850000381469727,0.0,17.850000381469727
6966,2016-09-14,17.6299991607666,18.139999389648438,0.0,18.139999389648438
6967,2016-09-15,17.969999313354492,16.299999237060547,0.0,16.299999237060547
6968,2016-09-16,16.40999984741211,15.369999885559082,0.0,15.369999885559082
6969,2016-09-19,15.140000343322754,15.529999732971191,0.0,15.529999732971191
6970,2016-09-20,14.979999542236328,15.920000076293945,0.0,15.920000076293945
6971,2016-09-21,15.069999694824219,13.300000190734863,0.0,13.300000190734863
6972,2016-09-22,13.390000343322754,12.020000457763672,0.0,12.020000457763672
6973,2016-09-23,12.0,12.289999961853027,0.0,12.289999961853027
6974,2016-09-26,13.260000228881836,14.5,0.0,14.5
6975,2016-09-27,13.359999656677246,13.100000381469727,0.0,13.100000381469727
6976,2016-09-28,12.899999618530273,12.390000343322754,0.0,12.390000343322754
6977,2016-09-29,12.529999732971191,14.020000457763672,0.0,14.020000457763672
6978,2016-09-30,14.90999984741211,13.289999961853027,0.0,13.289999961853027
6979,2016-10-03,13.75,13.569999694824219,0.0,13.569999694824219
6980,2016-10-04,13.399999618530273,13.630000114440918,0.0,13.630000114440918
6981,2016-10-05,13.5600004196167,12.989999771118164,0.0,12.989999771118164
6982,2016-10-06,13.109999656677246,12.84000015258789,0.0,12.84000015258789
6983,2016-10-07,13.520000457763672,13.479999542236328,0.0,13.479999542236328
6984,2016-10-10,14.1899995803833,13.380000114440918,0.0,13.380000114440918
6985,2016-10-11,13.710000038146973,15.359999656677246,0.0,15.359999656677246
6986,2016-10-12,15.529999732971191,15.90999984741211,0.0,15.90999984741211
6987,2016-10-13,16.8799991607666,16.690000534057617,0.0,16.690000534057617
6988,2016-10-14,16.489999771118164,16.1200008392334,0.0,16.1200008392334
6989,2016-10-17,17.010000228881836,16.209999084472656,0.0,16.209999084472656
6990,2016-10-18,15.819999694824219,15.279999732971191,0.0,15.279999732971191
6991,2016-10-19,15.449999809265137,14.40999984741211,0.0,14.40999984741211
6992,2016-10-20,14.430000305175781,13.75,0.0,13.75
6993,2016-10-21,14.039999961853027,13.34000015258789,0.0,13.34000015258789
6994,2016-10-24,13.1899995803833,13.020000457763672,0.0,13.020000457763672
6995,2016-10-25,12.90999984741211,13.460000038146973,0.0,13.460000038146973
6996,2016-10-26,13.65999984741211,14.239999771118164,0.0,14.239999771118164
6997,2016-10-27,14.369999885559082,15.359999656677246,0.0,15.359999656677246
6998,2016-10-28,15.670000076293945,16.190000534057617,0.0,16.190000534057617
6999,2016-10-31,16.309999465942383,17.059999465942383,0.0,17.059999465942383
7000,2016-11-01,16.540000915527344,18.559999465942383,0.0,18.559999465942383
7001,2016-11-02,19.09000015258789,19.31999969482422,0.0,19.31999969482422
7002,2016-11-03,19.850000381469727,22.079999923706055,0.0,22.079999923706055
7003,2016-11-04,21.860000610351562,22.510000228881836,0.0,22.510000228881836
7004,2016-11-07,19.780000686645508,18.709999084472656,0.0,18.709999084472656
7005,2016-11-08,18.920000076293945,18.739999771118164,0.0,18.739999771118164
7006,2016-11-09,20.700000762939453,14.380000114440918,0.0,14.380000114440918
7007,2016-11-10,14.010000228881836,14.739999771118164,0.0,14.739999771118164
7008,2016-11-11,14.829999923706055,14.170000076293945,0.0,14.170000076293945
7009,2016-11-14,14.6899995803833,14.479999542236328,0.0,14.479999542236328
7010,2016-11-15,14.15999984741211,13.369999885559082,0.0,13.369999885559082
7011,2016-11-16,13.510000228881836,13.720000267028809,0.0,13.720000267028809
7012,2016-11-17,13.369999885559082,13.350000381469727,0.0,13.350000381469727
7013,2016-11-18,13.5600004196167,12.850000381469727,0.0,12.850000381469727
7014,2016-11-21,13.270000457763672,12.420000076293945,0.0,12.420000076293945
7015,2016-11-22,12.260000228881836,12.40999984741211,0.0,12.40999984741211
7016,2016-11-23,12.34000015258789,12.430000305175781,0.0,12.430000305175781
7018,2016-11-25,12.520000457763672,12.34000015258789,0.0,12.34000015258789
7019,2016-11-28,13.399999618530273,13.149999618530273,0.0,13.149999618530273
7020,2016-11-29,13.069999694824219,12.899999618530273,0.0,12.899999618530273
7021,2016-11-30,12.600000381469727,13.329999923706055,0.0,13.329999923706055
7022,2016-12-01,13.399999618530273,14.069999694824219,0.0,14.069999694824219
7023,2016-12-02,14.15999984741211,14.119999885559082,0.0,14.119999885559082
7024,2016-12-05,13.75,12.140000343322754,0.0,12.140000343322754
7025,2016-12-06,12.1899995803833,11.789999961853027,0.0,11.789999961853027
7026,2016-12-07,11.59000015258789,12.220000267028809,0.0,12.220000267028809
7027,2016-12-08,12.100000381469727,12.640000343322754,0.0,12.640000343322754
7028,2016-12-09,12.59000015258789,11.75,0.0,11.75
7029,2016-12-12,12.229999542236328,12.640000343322754,0.0,12.640000343322754
7030,2016-12-13,12.460000038146973,12.720000267028809,0.0,12.720000267028809
7031,2016-12-14,12.880000114440918,13.1899995803833,0.0,13.1899995803833
7032,2016-12-15,13.069999694824219,12.789999961853027,0.0,12.789999961853027
7033,2016-12-16,12.880000114440918,12.199999809265137,0.0,12.199999809265137
7034,2016-12-19,12.5,11.710000038146973,0.0,11.710000038146973
7035,2016-12-20,11.649999618530273,11.449999809265137,0.0,11.449999809265137
7036,2016-12-21,11.4399995803833,11.270000457763672,0.0,11.270000457763672
7037,2016-12-22,11.319999694824219,11.430000305175781,0.0,11.430000305175781
7038,2016-12-23,11.380000114440918,11.4399995803833,0.0,11.4399995803833
7040,2016-12-27,12.260000228881836,11.989999771118164,0.0,11.989999771118164
7041,2016-12-28,11.890000343322754,12.949999809265137,0.0,12.949999809265137
7042,2016-12-29,13.149999618530273,13.369999885559082,0.0,13.369999885559082
7043,2016-12-30,13.199999809265137,14.039999961853027,0.0,14.039999961853027
7045,2017-01-03,14.069999694824219,12.850000381469727,0.0,12.850000381469727
7046,2017-01-04,12.779999732971191,11.850000381469727,0.0,11.850000381469727
7047,2017-01-05,11.960000038146973,11.670000076293945,0.0,11.670000076293945
7048,2017-01-06,11.699999809265137,11.319999694824219,0.0,11.319999694824219
7049,2017-01-09,11.710000038146973,11.5600004196167,0.0,11.5600004196167
7050,2017-01-10,11.59000015258789,11.489999771118164,0.0,11.489999771118164
7051,2017-01-11,11.5600004196167,11.260000228881836,0.0,11.260000228881836
7052,2017-01-12,11.479999542236328,11.539999961853027,0.0,11.539999961853027
7053,2017-01-13,11.449999809265137,11.229999542236328,0.0,11.229999542236328
7055,2017-01-17,12.199999809265137,11.869999885559082,0.0,11.869999885559082
7056,2017-01-18,11.789999961853027,12.479999542236328,0.0,12.479999542236328
7057,2017-01-19,12.579999923706055,12.779999732971191,0.0,12.779999732971191
7058,2017-01-20,12.579999923706055,11.539999961853027,0.0,11.539999961853027
7059,2017-01-23,12.300000190734863,11.770000457763672,0.0,11.770000457763672
7060,2017-01-24,11.819999694824219,11.069999694824219,0.0,11.069999694824219
7061,2017-01-25,10.789999961853027,10.8100004196167,0.0,10.8100004196167
7062,2017-01-26,10.609999656677246,10.630000114440918,0.0,10.630000114440918
7063,2017-01-27,10.569999694824219,10.579999923706055,0.0,10.579999923706055
7064,2017-01-30,11.100000381469727,11.880000114440918,0.0,11.880000114440918
7065,2017-01-31,12.289999961853027,11.989999771118164,0.0,11.989999771118164
7066,2017-02-01,11.789999961853027,11.8100004196167,0.0,11.8100004196167
7067,2017-02-02,12.369999885559082,11.930000305175781,0.0,11.930000305175781
7068,2017-02-03,11.84000015258789,10.970000267028809,0.0,10.970000267028809
7069,2017-02-06,11.369999885559082,11.369999885559082,0.0,11.369999885559082
7070,2017-02-07,11.390000343322754,11.289999961853027,0.0,11.289999961853027
7071,2017-02-08,11.1899995803833,11.449999809265137,0.0,11.449999809265137
7072,2017-02-09,11.4399995803833,10.880000114440918,0.0,10.880000114440918
7073,2017-02-10,10.850000381469727,10.850000381469727,0.0,10.850000381469727
7074,2017-02-13,11.359999656677246,11.069999694824219,0.0,11.069999694824219
7075,2017-02-14,11.170000076293945,10.739999771118164,0.0,10.739999771118164
7076,2017-02-15,10.84000015258789,11.970000267028809,0.0,11.970000267028809
7077,2017-02-16,12.020000457763672,11.760000228881836,0.0,11.760000228881836
7078,2017-02-17,11.84000015258789,11.489999771118164,0.0,11.489999771118164
7080,2017-02-21,12.050000190734863,11.569999694824219,0.0,11.569999694824219
7081,2017-02-22,11.479999542236328,11.739999771118164,0.0,11.739999771118164
7082,2017-02-23,11.65999984741211,11.710000038146973,0.0,11.710000038146973
7083,2017-02-24,11.8100004196167,11.470000267028809,0.0,11.470000267028809
7084,2017-02-27,11.779999732971191,12.09000015258789,0.0,12.09000015258789
7085,2017-02-28,12.1899995803833,12.920000076293945,0.0,12.920000076293945
7086,2017-03-01,12.3100004196167,12.539999961853027,0.0,12.539999961853027
7087,2017-03-02,12.430000305175781,11.8100004196167,0.0,11.8100004196167
7088,2017-03-03,11.960000038146973,10.960000038146973,0.0,10.960000038146973
7089,2017-03-06,11.59000015258789,11.239999771118164,0.0,11.239999771118164
7090,2017-03-07,11.270000457763672,11.449999809265137,0.0,11.449999809265137
7091,2017-03-08,11.489999771118164,11.859999656677246,0.0,11.859999656677246
7092,2017-03-09,11.75,12.300000190734863,0.0,12.300000190734863
7093,2017-03-10,11.970000267028809,11.65999984741211,0.0,11.65999984741211
7094,2017-03-13,12.15999984741211,11.350000381469727,0.0,11.350000381469727
7095,2017-03-14,11.390000343322754,12.300000190734863,0.0,12.300000190734863
7096,2017-03-15,12.119999885559082,11.630000114440918,0.0,11.630000114440918
7097,2017-03-16,11.289999961853027,11.210000038146973,0.0,11.210000038146973
7098,2017-03-17,11.380000114440918,11.279999732971191,0.0,11.279999732971191
7099,2017-03-20,11.710000038146973,11.34000015258789,0.0,11.34000015258789
7100,2017-03-21,11.149999618530273,12.470000267028809,0.0,12.470000267028809
7101,2017-03-22,12.949999809265137,12.8100004196167,0.0,12.8100004196167
7102,2017-03-23,12.649999618530273,13.119999885559082,0.0,13.119999885559082
7103,2017-03-24,12.859999656677246,12.960000038146973,0.0,12.960000038146973
7104,2017-03-27,14.779999732971191,12.5,0.0,12.5
7105,2017-03-28,12.4399995803833,11.529999732971191,0.0,11.529999732971191
7106,2017-03-29,11.539999961853027,11.420000076293945,0.0,11.420000076293945
7107,2017-03-30,11.369999885559082,11.539999961853027,0.0,11.539999961853027
7108,2017-03-31,11.609999656677246,12.369999885559082,0.0,12.369999885559082
7109,2017-04-03,12.59000015258789,12.380000114440918,0.0,12.380000114440918
7110,2017-04-04,12.710000038146973,11.789999961853027,0.0,11.789999961853027
7111,2017-04-05,11.890000343322754,12.890000343322754,0.0,12.890000343322754
7112,2017-04-06,13.109999656677246,12.390000343322754,0.0,12.390000343322754
7113,2017-04-07,13.170000076293945,12.869999885559082,0.0,12.869999885559082
7114,2017-04-10,13.239999771118164,14.050000190734863,0.0,14.050000190734863
7115,2017-04-11,14.319999694824219,15.069999694824219,0.0,15.069999694824219
7116,2017-04-12,15.15999984741211,15.770000457763672,0.0,15.770000457763672
7117,2017-04-13,15.890000343322754,15.960000038146973,0.0,15.960000038146973
7119,2017-04-17,16.190000534057617,14.65999984741211,0.0,14.65999984741211
7120,2017-04-18,14.5,14.420000076293945,0.0,14.420000076293945
7121,2017-04-19,14.0,14.930000305175781,0.0,14.930000305175781
7122,2017-04-20,14.59000015258789,14.149999618530273,0.0,14.149999618530273
7123,2017-04-21,13.850000381469727,14.630000114440918,0.0,14.630000114440918
7124,2017-04-24,11.5600004196167,10.84000015258789,0.0,10.84000015258789
7125,2017-04-25,10.8100004196167,10.760000228881836,0.0,10.760000228881836
7126,2017-04-26,10.609999656677246,10.850000381469727,0.0,10.850000381469727
7127,2017-04-27,10.720000267028809,10.359999656677246,0.0,10.359999656677246
7128,2017-04-28,10.390000343322754,10.819999694824219,0.0,10.819999694824219
7129,2017-05-01,10.920000076293945,10.109999656677246,0.0,10.109999656677246
7130,2017-05-02,10.149999618530273,10.59000015258789,0.0,10.59000015258789
7131,2017-05-03,10.5600004196167,10.680000305175781,0.0,10.680000305175781
7132,2017-05-04,10.710000038146973,10.460000038146973,0.0,10.460000038146973
7133,2017-05-05,10.510000228881836,10.569999694824219,0.0,10.569999694824219
7134,2017-05-08,10.529999732971191,9.770000457763672,0.0,9.770000457763672
7135,2017-05-09,9.869999885559082,9.960000038146973,0.0,9.960000038146973
7136,2017-05-10,9.75,10.210000038146973,0.0,10.210000038146973
7137,2017-05-11,10.34000015258789,10.600000381469727,0.0,10.600000381469727
7138,2017-05-12,10.720000267028809,10.399999618530273,0.0,10.399999618530273
7139,2017-05-15,10.539999961853027,10.420000076293945,0.0,10.420000076293945
7140,2017-05-16,10.460000038146973,10.649999618530273,0.0,10.649999618530273
7141,2017-05-17,11.890000343322754,15.59000015258789,0.0,15.59000015258789
7142,2017-05-18,14.0600004196167,14.65999984741211,0.0,14.65999984741211
7143,2017-05-19,14.229999542236328,12.039999961853027,0.0,12.039999961853027
7144,2017-05-22,12.289999961853027,10.930000305175781,0.0,10.930000305175781
7145,2017-05-23,11.0,10.720000267028809,0.0,10.720000267028809
7146,2017-05-24,10.609999656677246,10.020000457763672,0.0,10.020000457763672
7147,2017-05-25,9.819999694824219,9.989999771118164,0.0,9.989999771118164
7148,2017-05-26,9.930000305175781,9.8100004196167,0.0,9.8100004196167
7150,2017-05-30,10.609999656677246,10.380000114440918,0.0,10.380000114440918
7151,2017-05-31,10.100000381469727,10.40999984741211,0.0,10.40999984741211
7152,2017-06-01,10.420000076293945,9.890000343322754,0.0,9.890000343322754
7153,2017-06-02,10.079999923706055,9.75,0.0,9.75
7154,2017-06-05,10.079999923706055,10.069999694824219,0.0,10.069999694824219
7155,2017-06-06,10.1899995803833,10.449999809265137,0.0,10.449999809265137
7156,2017-06-07,10.479999542236328,10.390000343322754,0.0,10.390000343322754
7157,2017-06-08,10.270000457763672,10.15999984741211,0.0,10.15999984741211
7158,2017-06-09,9.930000305175781,10.699999809265137,0.0,10.699999809265137
7159,2017-06-12,11.1899995803833,11.460000038146973,0.0,11.460000038146973
7160,2017-06-13,11.119999885559082,10.420000076293945,0.0,10.420000076293945
7161,2017-06-14,10.329999923706055,10.640000343322754,0.0,10.640000343322754
7162,2017-06-15,11.0600004196167,10.899999618530273,0.0,10.899999618530273
7163,2017-06-16,10.630000114440918,10.380000114440918,0.0,10.380000114440918
7164,2017-06-19,10.569999694824219,10.369999885559082,0.0,10.369999885559082
7165,2017-06-20,10.279999732971191,10.859999656677246,0.0,10.859999656677246
7166,2017-06-21,11.029999732971191,10.75,0.0,10.75
7167,2017-06-22,10.8100004196167,10.479999542236328,0.0,10.479999542236328
7168,2017-06-23,10.25,10.020000457763672,0.0,10.020000457763672
7169,2017-06-26,10.130000114440918,9.899999618530273,0.0,9.899999618530273
7170,2017-06-27,10.039999961853027,11.0600004196167,0.0,11.0600004196167
7171,2017-06-28,11.170000076293945,10.029999732971191,0.0,10.029999732971191
7172,2017-06-29,9.789999961853027,11.4399995803833,0.0,11.4399995803833
7173,2017-06-30,11.739999771118164,11.180000305175781,0.0,11.180000305175781
7174,2017-07-03,11.069999694824219,11.220000267028809,0.0,11.220000267028809
7176,2017-07-05,11.199999809265137,11.069999694824219,0.0,11.069999694824219
7177,2017-07-06,11.199999809265137,12.539999961853027,0.0,12.539999961853027
7178,2017-07-07,12.479999542236328,11.1899995803833,0.0,11.1899995803833
7179,2017-07-10,11.260000228881836,11.109999656677246,0.0,11.109999656677246
7180,2017-07-11,10.789999961853027,10.890000343322754,0.0,10.890000343322754
7181,2017-07-12,10.850000381469727,10.300000190734863,0.0,10.300000190734863
7182,2017-07-13,10.069999694824219,9.899999618530273,0.0,9.899999618530273
7183,2017-07-14,10.09000015258789,9.510000228881836,0.0,9.510000228881836
7184,2017-07-17,9.770000457763672,9.819999694824219,0.0,9.819999694824219
7185,2017-07-18,9.859999656677246,9.890000343322754,0.0,9.890000343322754
7186,2017-07-19,9.6899995803833,9.789999961853027,0.0,9.789999961853027
7187,2017-07-20,9.65999984741211,9.579999923706055,0.0,9.579999923706055
7188,2017-07-21,9.520000457763672,9.359999656677246,0.0,9.359999656677246
7189,2017-07-24,9.9399995803833,9.430000305175781,0.0,9.430000305175781
7190,2017-07-25,9.399999618530273,9.430000305175781,0.0,9.430000305175781
7191,2017-07-26,9.25,9.600000381469727,0.0,9.600000381469727
7192,2017-07-27,9.329999923706055,10.109999656677246,0.0,10.109999656677246
7193,2017-07-28,10.619999885559082,10.289999961853027,0.0,10.289999961853027
7194,2017-07-31,10.529999732971191,10.260000228881836,0.0,10.260000228881836
7195,2017-08-01,10.1899995803833,10.09000015258789,0.0,10.09000015258789
7196,2017-08-02,10.079999923706055,10.279999732971191,0.0,10.279999732971191
7197,2017-08-03,10.470000267028809,10.4399995803833,0.0,10.4399995803833
7198,2017-08-04,10.479999542236328,10.029999732971191,0.0,10.029999732971191
7199,2017-08-07,10.1899995803833,9.930000305175781,0.0,9.930000305175781
7200,2017-08-08,10.039999961853027,10.960000038146973,0.0,10.960000038146973
7201,2017-08-09,11.489999771118164,11.109999656677246,0.0,11.109999656677246
7202,2017-08-10,11.569999694824219,16.040000915527344,0.0,16.040000915527344
7203,2017-08-11,16.170000076293945,15.510000228881836,0.0,15.510000228881836
7204,2017-08-14,14.050000190734863,12.329999923706055,0.0,12.329999923706055
7205,2017-08-15,11.779999732971191,12.039999961853027,0.0,12.039999961853027
7206,2017-08-16,11.59000015258789,11.739999771118164,0.0,11.739999771118164
7207,2017-08-17,11.8100004196167,15.550000190734863,0.0,15.550000190734863
7208,2017-08-18,15.380000114440918,14.260000228881836,0.0,14.260000228881836
7209,2017-08-21,14.59000015258789,13.1899995803833,0.0,13.1899995803833
7210,2017-08-22,12.600000381469727,11.350000381469727,0.0,11.350000381469727
7211,2017-08-23,11.510000228881836,12.25,0.0,12.25
7212,2017-08-24,12.0600004196167,12.229999542236328,0.0,12.229999542236328
7213,2017-08-25,12.199999809265137,11.279999732971191,0.0,11.279999732971191
7214,2017-08-28,12.09000015258789,11.319999694824219,0.0,11.319999694824219
7215,2017-08-29,13.329999923706055,11.699999809265137,0.0,11.699999809265137
7216,2017-08-30,11.399999618530273,11.220000267028809,0.0,11.220000267028809
7217,2017-08-31,11.069999694824219,10.59000015258789,0.0,10.59000015258789
7218,2017-09-01,10.329999923706055,10.130000114440918,0.0,10.130000114440918
7220,2017-09-05,11.75,12.229999542236328,0.0,12.229999542236328
7221,2017-09-06,12.270000457763672,11.630000114440918,0.0,11.630000114440918
7222,2017-09-07,11.930000305175781,11.550000190734863,0.0,11.550000190734863
7223,2017-09-08,11.869999885559082,12.119999885559082,0.0,12.119999885559082
7224,2017-09-11,11.380000114440918,10.729999542236328,0.0,10.729999542236328
7225,2017-09-12,10.65999984741211,10.579999923706055,0.0,10.579999923706055
7226,2017-09-13,10.720000267028809,10.5,0.0,10.5
7227,2017-09-14,10.569999694824219,10.4399995803833,0.0,10.4399995803833
7228,2017-09-15,10.510000228881836,10.170000076293945,0.0,10.170000076293945
7229,2017-09-18,10.180000305175781,10.149999618530273,0.0,10.149999618530273
7230,2017-09-19,10.15999984741211,10.180000305175781,0.0,10.180000305175781
7231,2017-09-20,10.039999961853027,9.779999732971191,0.0,9.779999732971191
7232,2017-09-21,9.739999771118164,9.670000076293945,0.0,9.670000076293945
7233,2017-09-22,9.899999618530273,9.59000015258789,0.0,9.59000015258789
7234,2017-09-25,10.079999923706055,10.210000038146973,0.0,10.210000038146973
7235,2017-09-26,10.420000076293945,10.170000076293945,0.0,10.170000076293945
7236,2017-09-27,9.899999618530273,9.869999885559082,0.0,9.869999885559082
7237,2017-09-28,9.739999771118164,9.550000190734863,0.0,9.550000190734863
7238,2017-09-29,9.59000015258789,9.510000228881836,0.0,9.510000228881836
7239,2017-10-02,9.59000015258789,9.449999809265137,0.0,9.449999809265137
7240,2017-10-03,9.300000190734863,9.510000228881836,0.0,9.510000228881836
7241,2017-10-04,9.529999732971191,9.630000114440918,0.0,9.630000114440918
7242,2017-10-05,9.479999542236328,9.1899995803833,0.0,9.1899995803833
7243,2017-10-06,9.229999542236328,9.649999618530273,0.0,9.649999618530273
7244,2017-10-09,9.920000076293945,10.329999923706055,0.0,10.329999923706055
7245,2017-10-10,10.149999618530273,10.079999923706055,0.0,10.079999923706055
7246,2017-10-11,9.949999809265137,9.850000381469727,0.0,9.850000381469727
7247,2017-10-12,9.9399995803833,9.90999984741211,0.0,9.90999984741211
7248,2017-10-13,9.949999809265137,9.609999656677246,0.0,9.609999656677246
7249,2017-10-16,9.949999809265137,9.90999984741211,0.0,9.90999984741211
7250,2017-10-17,9.850000381469727,10.3100004196167,0.0,10.3100004196167
7251,2017-10-18,10.34000015258789,10.069999694824219,0.0,10.069999694824219
7252,2017-10-19,10.220000267028809,10.050000190734863,0.0,10.050000190734863
7253,2017-10-20,9.920000076293945,9.970000267028809,0.0,9.970000267028809
7254,2017-10-23,10.25,11.069999694824219,0.0,11.069999694824219
7255,2017-10-24,10.890000343322754,11.15999984741211,0.0,11.15999984741211
7256,2017-10-25,11.34000015258789,11.229999542236328,0.0,11.229999542236328
7257,2017-10-26,11.170000076293945,11.300000190734863,0.0,11.300000190734863
7258,2017-10-27,11.119999885559082,9.800000190734863,0.0,9.800000190734863
7259,2017-10-30,10.279999732971191,10.5,0.0,10.5
7260,2017-10-31,10.34000015258789,10.180000305175781,0.0,10.180000305175781
7261,2017-11-01,9.789999961853027,10.199999809265137,0.0,10.199999809265137
7262,2017-11-02,10.4399995803833,9.930000305175781,0.0,9.930000305175781
7263,2017-11-03,9.829999923706055,9.140000343322754,0.0,9.140000343322754
7264,2017-11-06,9.630000114440918,9.399999618530273,0.0,9.399999618530273
7265,2017-11-07,9.3100004196167,9.890000343322754,0.0,9.890000343322754
7266,2017-11-08,9.789999961853027,9.779999732971191,0.0,9.779999732971191
7267,2017-11-09,9.9399995803833,10.5,0.0,10.5
7268,2017-11-10,10.779999732971191,11.289999961853027,0.0,11.289999961853027
7269,2017-11-13,11.430000305175781,11.5,0.0,11.5
7270,2017-11-14,11.529999732971191,11.59000015258789,0.0,11.59000015258789
7271,2017-11-15,12.520000457763672,13.130000114440918,0.0,13.130000114440918
7272,2017-11-16,12.470000267028809,11.760000228881836,0.0,11.760000228881836
7273,2017-11-17,11.75,11.430000305175781,0.0,11.430000305175781
7274,2017-11-20,11.960000038146973,10.649999618530273,0.0,10.649999618530273
7275,2017-11-21,10.739999771118164,9.729999542236328,0.0,9.729999542236328
7276,2017-11-22,9.600000381469727,9.880000114440918,0.0,9.880000114440918
7278,2017-11-24,9.819999694824219,9.670000076293945,0.0,9.670000076293945
7279,2017-11-27,10.069999694824219,9.869999885559082,0.0,9.869999885559082
7280,2017-11-28,9.720000267028809,10.029999732971191,0.0,10.029999732971191
7281,2017-11-29,9.90999984741211,10.699999809265137,0.0,10.699999809265137
7282,2017-11-30,10.489999771118164,11.279999732971191,0.0,11.279999732971191
7283,2017-12-01,11.1899995803833,11.430000305175781,0.0,11.430000305175781
7284,2017-12-04,11.050000190734863,11.680000305175781,0.0,11.680000305175781
7285,2017-12-05,11.380000114440918,11.329999923706055,0.0,11.329999923706055
7286,2017-12-06,11.630000114440918,11.020000457763672,0.0,11.020000457763672
7287,2017-12-07,10.899999618530273,10.15999984741211,0.0,10.15999984741211
7288,2017-12-08,10.0,9.579999923706055,0.0,9.579999923706055
7289,2017-12-11,9.739999771118164,9.34000015258789,0.0,9.34000015258789
7290,2017-12-12,9.359999656677246,9.920000076293945,0.0,9.920000076293945
7291,2017-12-13,9.779999732971191,10.180000305175781,0.0,10.180000305175781
7292,2017-12-14,9.979999542236328,10.489999771118164,0.0,10.489999771118164
7293,2017-12-15,10.119999885559082,9.420000076293945,0.0,9.420000076293945
7294,2017-12-18,9.460000038146973,9.529999732971191,0.0,9.529999732971191
7295,2017-12-19,9.399999618530273,10.029999732971191,0.0,10.029999732971191
7296,2017-12-20,9.6899995803833,9.720000267028809,0.0,9.720000267028809
7297,2017-12-21,9.59000015258789,9.619999885559082,0.0,9.619999885559082
7298,2017-12-22,9.369999885559082,9.899999618530273,0.0,9.899999618530273
7300,2017-12-26,10.1899995803833,10.25,0.0,10.25
7301,2017-12-27,10.039999961853027,10.470000267028809,0.0,10.470000267028809
7302,2017-12-28,10.289999961853027,10.180000305175781,0.0,10.180000305175781
7303,2017-12-29,10.029999732971191,11.039999961853027,0.0,11.039999961853027
7305,2018-01-02,10.949999809265137,9.770000457763672,0.0,9.770000457763672
7306,2018-01-03,9.5600004196167,9.149999618530273,0.0,9.149999618530273
7307,2018-01-04,9.010000228881836,9.220000267028809,0.0,9.220000267028809
7308,2018-01-05,9.100000381469727,9.220000267028809,0.0,9.220000267028809
7309,2018-01-08,9.609999656677246,9.520000457763672,0.0,9.520000457763672
7310,2018-01-09,9.40999984741211,10.079999923706055,0.0,10.079999923706055
7311,2018-01-10,10.109999656677246,9.819999694824219,0.0,9.819999694824219
7312,2018-01-11,9.6899995803833,9.880000114440918,0.0,9.880000114440918
7313,2018-01-12,9.739999771118164,10.15999984741211,0.0,10.15999984741211
7315,2018-01-16,10.420000076293945,11.65999984741211,0.0,11.65999984741211
7316,2018-01-17,11.350000381469727,11.90999984741211,0.0,11.90999984741211
7317,2018-01-18,12.010000228881836,12.220000267028809,0.0,12.220000267028809
7318,2018-01-19,12.300000190734863,11.270000457763672,0.0,11.270000457763672
7319,2018-01-22,11.59000015258789,11.029999732971191,0.0,11.029999732971191
7320,2018-01-23,10.770000457763672,11.100000381469727,0.0,11.100000381469727
7321,2018-01-24,11.0,11.470000267028809,0.0,11.470000267028809
7322,2018-01-25,11.270000457763672,11.579999923706055,0.0,11.579999923706055
7323,2018-01-26,11.399999618530273,11.079999923706055,0.0,11.079999923706055
7324,2018-01-29,11.710000038146973,13.84000015258789,0.0,13.84000015258789
7325,2018-01-30,13.930000305175781,14.789999961853027,0.0,14.789999961853027
7326,2018-01-31,14.229999542236328,13.539999961853027,0.0,13.539999961853027
7327,2018-02-01,13.050000190734863,13.470000267028809,0.0,13.470000267028809
7328,2018-02-02,13.640000343322754,17.309999465942383,0.0,17.309999465942383
7329,2018-02-05,18.440000534057617,37.31999969482422,0.0,37.31999969482422
7330,2018-02-06,37.31999969482422,29.979999542236328,0.0,29.979999542236328
7331,2018-02-07,31.3799991607666,27.729999542236328,0.0,27.729999542236328
7332,2018-02-08,27.290000915527344,33.459999084472656,0.0,33.459999084472656
7333,2018-02-09,32.18000030517578,29.059999465942383,0.0,29.059999465942383
7334,2018-02-12,27.25,25.610000610351562,0.0,25.610000610351562
7335,2018-02-13,26.940000534057617,24.969999313354492,0.0,24.969999313354492
7336,2018-02-14,23.479999542236328,19.260000228881836,0.0,19.260000228881836
7337,2018-02-15,18.389999389648438,19.1299991607666,0.0,19.1299991607666
7338,2018-02-16,18.739999771118164,19.459999084472656,0.0,19.459999084472656
7340,2018-02-20,20.530000686645508,20.600000381469727,0.0,20.600000381469727
7341,2018-02-21,20.760000228881836,20.020000457763672,0.0,20.020000457763672
7342,2018-02-22,20.56999969482422,18.719999313354492,0.0,18.719999313354492
7343,2018-02-23,17.959999084472656,16.489999771118164,0.0,16.489999771118164
7344,2018-02-26,16.530000686645508,15.800000190734863,0.0,15.800000190734863
7345,2018-02-27,15.829999923706055,18.59000015258789,0.0,18.59000015258789
7346,2018-02-28,18.079999923706055,19.850000381469727,0.0,19.850000381469727
7347,2018-03-01,19.959999084472656,22.469999313354492,0.0,22.469999313354492
7348,2018-03-02,22.469999313354492,19.59000015258789,0.0,19.59000015258789
7349,2018-03-05,21.549999237060547,18.729999542236328,0.0,18.729999542236328
7350,2018-03-06,18.25,18.360000610351562,0.0,18.360000610351562
7351,2018-03-07,20.110000610351562,17.760000228881836,0.0,17.760000228881836
7352,2018-03-08,17.559999465942383,16.540000915527344,0.0,16.540000915527344
7353,2018-03-09,16.40999984741211,14.640000343322754,0.0,14.640000343322754
7354,2018-03-12,15.279999732971191,15.779999732971191,0.0,15.779999732971191
7355,2018-03-13,15.699999809265137,16.350000381469727,0.0,16.350000381469727
7356,2018-03-14,16.59000015258789,17.229999542236328,0.0,17.229999542236328
7357,2018-03-15,16.989999771118164,16.59000015258789,0.0,16.59000015258789
7358,2018-03-16,16.600000381469727,15.800000190734863,0.0,15.800000190734863
7359,2018-03-19,16.6299991607666,19.020000457763672,0.0,19.020000457763672
7360,2018-03-20,18.3799991607666,18.200000762939453,0.0,18.200000762939453
7361,2018-03-21,17.760000228881836,17.860000610351562,0.0,17.860000610351562
7362,2018-03-22,18.1299991607666,23.34000015258789,0.0,23.34000015258789
7363,2018-03-23,24.020000457763672,24.8700008392334,0.0,24.8700008392334
7364,2018-03-26,23.40999984741211,21.030000686645508,0.0,21.030000686645508
7365,2018-03-27,20.329999923706055,22.5,0.0,22.5
7366,2018-03-28,22.520000457763672,22.8700008392334,0.0,22.8700008392334
7367,2018-03-29,22.8700008392334,19.969999313354492,0.0,19.969999313354492
7369,2018-04-02,21.06999969482422,23.6200008392334,0.0,23.6200008392334
7370,2018-04-03,23.030000686645508,21.100000381469727,0.0,21.100000381469727
7371,2018-04-04,21.68000030517578,20.059999465942383,0.0,20.059999465942383
7372,2018-04-05,19.760000228881836,18.940000534057617,0.0,18.940000534057617
7373,2018-04-06,20.329999923706055,21.489999771118164,0.0,21.489999771118164
7374,2018-04-09,21.270000457763672,21.770000457763672,0.0,21.770000457763672
7375,2018-04-10,20.510000228881836,20.469999313354492,0.0,20.469999313354492
7376,2018-04-11,20.950000762939453,20.239999771118164,0.0,20.239999771118164
7377,2018-04-12,19.829999923706055,18.489999771118164,0.0,18.489999771118164
7378,2018-04-13,18.270000457763672,17.40999984741211,0.0,17.40999984741211
7379,2018-04-16,17.59000015258789,16.559999465942383,0.0,16.559999465942383
7380,2018-04-17,16.15999984741211,15.25,0.0,15.25
7381,2018-04-18,15.300000190734863,15.600000381469727,0.0,15.600000381469727
7382,2018-04-19,15.550000190734863,15.960000038146973,0.0,15.960000038146973
7383,2018-04-20,16.15999984741211,16.8799991607666,0.0,16.8799991607666
7384,2018-04-23,17.290000915527344,16.34000015258789,0.0,16.34000015258789
7385,2018-04-24,16.15999984741211,18.020000457763672,0.0,18.020000457763672
7386,2018-04-25,18.139999389648438,17.84000015258789,0.0,17.84000015258789
7387,2018-04-26,18.06999969482422,16.239999771118164,0.0,16.239999771118164
7388,2018-04-27,16.219999313354492,15.40999984741211,0.0,15.40999984741211
7389,2018-04-30,15.3100004196167,15.930000305175781,0.0,15.930000305175781
7390,2018-05-01,16.0,15.489999771118164,0.0,15.489999771118164
7391,2018-05-02,15.479999542236328,15.970000267028809,0.0,15.970000267028809
7392,2018-05-03,15.779999732971191,15.899999618530273,0.0,15.899999618530273
7393,2018-05-04,15.9399995803833,14.770000457763672,0.0,14.770000457763672
7394,2018-05-07,15.050000190734863,14.75,0.0,14.75
7395,2018-05-08,14.529999732971191,14.710000038146973,0.0,14.710000038146973
7396,2018-05-09,14.539999961853027,13.420000076293945,0.0,13.420000076293945
7397,2018-05-10,13.359999656677246,13.229999542236328,0.0,13.229999542236328
7398,2018-05-11,13.220000267028809,12.649999618530273,0.0,12.649999618530273
7399,2018-05-14,13.09000015258789,12.930000305175781,0.0,12.930000305175781
7400,2018-05-15,13.130000114440918,14.630000114440918,0.0,14.630000114440918
7401,2018-05-16,14.380000114440918,13.420000076293945,0.0,13.420000076293945
7402,2018-05-17,13.539999961853027,13.430000305175781,0.0,13.430000305175781
7403,2018-05-18,13.180000305175781,13.420000076293945,0.0,13.420000076293945
7404,2018-05-21,12.989999771118164,13.079999923706055,0.0,13.079999923706055
7405,2018-05-22,13.029999732971191,13.220000267028809,0.0,13.220000267028809
7406,2018-05-23,13.5,12.579999923706055,0.0,12.579999923706055
7407,2018-05-24,12.729999542236328,12.529999732971191,0.0,12.529999732971191
7408,2018-05-25,12.4399995803833,13.220000267028809,0.0,13.220000267028809
7410,2018-05-29,14.390000343322754,17.020000457763672,0.0,17.020000457763672
7411,2018-05-30,16.600000381469727,14.9399995803833,0.0,14.9399995803833
7412,2018-05-31,14.930000305175781,15.430000305175781,0.0,15.430000305175781
7413,2018-06-01,14.920000076293945,13.460000038146973,0.0,13.460000038146973
7414,2018-06-04,13.90999984741211,12.739999771118164,0.0,12.739999771118164
7415,2018-06-05,12.90999984741211,12.399999618530273,0.0,12.399999618530273
7416,2018-06-06,12.100000381469727,11.640000343322754,0.0,11.640000343322754
7417,2018-06-07,11.65999984741211,12.130000114440918,0.0,12.130000114440918
7418,2018-06-08,12.539999961853027,12.180000305175781,0.0,12.180000305175781
7419,2018-06-11,12.520000457763672,12.350000381469727,0.0,12.350000381469727
7420,2018-06-12,12.289999961853027,12.34000015258789,0.0,12.34000015258789
7421,2018-06-13,12.130000114440918,12.9399995803833,0.0,12.9399995803833
7422,2018-06-14,12.979999542236328,12.119999885559082,0.0,12.119999885559082
7423,2018-06-15,12.1899995803833,11.979999542236328,0.0,11.979999542236328
7424,2018-06-18,12.789999961853027,12.3100004196167,0.0,12.3100004196167
7425,2018-06-19,14.609999656677246,13.350000381469727,0.0,13.350000381469727
7426,2018-06-20,12.899999618530273,12.789999961853027,0.0,12.789999961853027
7427,2018-06-21,12.539999961853027,14.640000343322754,0.0,14.640000343322754
7428,2018-06-22,14.600000381469727,13.770000457763672,0.0,13.770000457763672
7429,2018-06-25,15.069999694824219,17.329999923706055,0.0,17.329999923706055
7430,2018-06-26,16.709999084472656,15.920000076293945,0.0,15.920000076293945
7431,2018-06-27,16.520000457763672,17.90999984741211,0.0,17.90999984741211
7432,2018-06-28,17.540000915527344,16.850000381469727,0.0,16.850000381469727
7433,2018-06-29,15.729999542236328,16.09000015258789,0.0,16.09000015258789
7434,2018-07-02,17.700000762939453,15.600000381469727,0.0,15.600000381469727
7435,2018-07-03,15.369999885559082,16.139999389648438,0.0,16.139999389648438
7437,2018-07-05,15.619999885559082,14.970000267028809,0.0,14.970000267028809
7438,2018-07-06,14.989999771118164,13.369999885559082,0.0,13.369999885559082
7439,2018-07-09,13.020000457763672,12.6899995803833,0.0,12.6899995803833
7440,2018-07-10,12.520000457763672,12.640000343322754,0.0,12.640000343322754
7441,2018-07-11,14.050000190734863,13.630000114440918,0.0,13.630000114440918
7442,2018-07-12,13.069999694824219,12.579999923706055,0.0,12.579999923706055
7443,2018-07-13,12.390000343322754,12.180000305175781,0.0,12.180000305175781
7444,2018-07-16,12.770000457763672,12.829999923706055,0.0,12.829999923706055
7445,2018-07-17,12.90999984741211,12.0600004196167,0.0,12.0600004196167
7446,2018-07-18,11.869999885559082,12.100000381469727,0.0,12.100000381469727
7447,2018-07-19,12.199999809265137,12.869999885559082,0.0,12.869999885559082
7448,2018-07-20,13.0,12.859999656677246,0.0,12.859999656677246
7449,2018-07-23,13.470000267028809,12.619999885559082,0.0,12.619999885559082
7450,2018-07-24,12.609999656677246,12.40999984741211,0.0,12.40999984741211
7451,2018-07-25,12.369999885559082,12.289999961853027,0.0,12.289999961853027
7452,2018-07-26,12.449999809265137,12.140000343322754,0.0,12.140000343322754
7453,2018-07-27,12.170000076293945,13.029999732971191,0.0,13.029999732971191
7454,2018-07-30,13.630000114440918,14.260000228881836,0.0,14.260000228881836
7455,2018-07-31,13.979999542236328,12.829999923706055,0.0,12.829999923706055
7456,2018-08-01,13.09000015258789,13.149999618530273,0.0,13.149999618530273
7457,2018-08-02,13.569999694824219,12.1899995803833,0.0,12.1899995803833
7458,2018-08-03,12.430000305175781,11.640000343322754,0.0,11.640000343322754
7459,2018-08-06,11.90999984741211,11.270000457763672,0.0,11.270000457763672
7460,2018-08-07,11.119999885559082,10.930000305175781,0.0,10.930000305175781
7461,2018-08-08,10.930000305175781,10.850000381469727,0.0,10.850000381469727
7462,2018-08-09,10.9399995803833,11.270000457763672,0.0,11.270000457763672
7463,2018-08-10,12.34000015258789,13.15999984741211,0.0,13.15999984741211
7464,2018-08-13,14.5,14.779999732971191,0.0,14.779999732971191
7465,2018-08-14,13.930000305175781,13.3100004196167,0.0,13.3100004196167
7466,2018-08-15,13.520000457763672,14.640000343322754,0.0,14.640000343322754
7467,2018-08-16,14.180000305175781,13.449999809265137,0.0,13.449999809265137
7468,2018-08-17,13.180000305175781,12.640000343322754,0.0,12.640000343322754
7469,2018-08-20,12.569999694824219,12.489999771118164,0.0,12.489999771118164
7470,2018-08-21,12.470000267028809,12.859999656677246,0.0,12.859999656677246
7471,2018-08-22,13.09000015258789,12.25,0.0,12.25
7472,2018-08-23,12.029999732971191,12.40999984741211,0.0,12.40999984741211
7473,2018-08-24,12.130000114440918,11.989999771118164,0.0,11.989999771118164
7474,2018-08-27,12.369999885559082,12.15999984741211,0.0,12.15999984741211
7475,2018-08-28,12.010000228881836,12.5,0.0,12.5
7476,2018-08-29,12.34000015258789,12.25,0.0,12.25
7477,2018-08-30,12.25,13.529999732971191,0.0,13.529999732971191
7478,2018-08-31,13.539999961853027,12.859999656677246,0.0,12.859999656677246
7480,2018-09-04,13.130000114440918,13.15999984741211,0.0,13.15999984741211
7481,2018-09-05,13.6899995803833,13.90999984741211,0.0,13.90999984741211
7482,2018-09-06,14.210000038146973,14.649999618530273,0.0,14.649999618530273
7483,2018-09-07,14.720000267028809,14.880000114440918,0.0,14.880000114440918
7484,2018-09-10,15.09000015258789,14.15999984741211,0.0,14.15999984741211
7485,2018-09-11,13.960000038146973,13.220000267028809,0.0,13.220000267028809
7486,2018-09-12,13.069999694824219,13.140000343322754,0.0,13.140000343322754
7487,2018-09-13,12.90999984741211,12.369999885559082,0.0,12.369999885559082
7488,2018-09-14,12.130000114440918,12.069999694824219,0.0,12.069999694824219
7489,2018-09-17,12.720000267028809,13.680000305175781,0.0,13.680000305175781
7490,2018-09-18,13.479999542236328,12.789999961853027,0.0,12.789999961853027
7491,2018-09-19,12.609999656677246,11.75,0.0,11.75
7492,2018-09-20,11.819999694824219,11.800000190734863,0.0,11.800000190734863
7493,2018-09-21,11.760000228881836,11.680000305175781,0.0,11.680000305175781
7494,2018-09-24,12.460000038146973,12.199999809265137,0.0,12.199999809265137
7495,2018-09-25,12.279999732971191,12.420000076293945,0.0,12.420000076293945
7496,2018-09-26,12.210000038146973,12.890000343322754,0.0,12.890000343322754
7497,2018-09-27,12.770000457763672,12.40999984741211,0.0,12.40999984741211
7498,2018-09-28,12.59000015258789,12.119999885559082,0.0,12.119999885559082
7499,2018-10-01,11.989999771118164,12.0,0.0,12.0
7500,2018-10-02,12.470000267028809,12.050000190734863,0.0,12.050000190734863
7501,2018-10-03,11.65999984741211,11.609999656677246,0.0,11.609999656677246
7502,2018-10-04,12.84000015258789,14.220000267028809,0.0,14.220000267028809
7503,2018-10-05,14.289999961853027,14.819999694824219,0.0,14.819999694824219
7504,2018-10-08,16.049999237060547,15.6899995803833,0.0,15.6899995803833
7505,2018-10-09,16.1200008392334,15.949999809265137,0.0,15.949999809265137
7506,2018-10-10,16.030000686645508,22.959999084472656,0.0,22.959999084472656
7507,2018-10-11,23.06999969482422,24.979999542236328,0.0,24.979999542236328
7508,2018-10-12,21.6299991607666,21.309999465942383,0.0,21.309999465942383
7509,2018-10-15,21.969999313354492,21.299999237060547,0.0,21.299999237060547
7510,2018-10-16,20.280000686645508,17.6200008392334,0.0,17.6200008392334
7511,2018-10-17,17.059999465942383,17.399999618530273,0.0,17.399999618530273
7512,2018-10-18,18.020000457763672,20.059999465942383,0.0,20.059999465942383
7513,2018-10-19,19.239999771118164,19.889999389648438,0.0,19.889999389648438
7514,2018-10-22,19.3799991607666,19.639999389648438,0.0,19.639999389648438
7515,2018-10-23,22.18000030517578,20.709999084472656,0.0,20.709999084472656
7516,2018-10-24,21.600000381469727,25.229999542236328,0.0,25.229999542236328
7517,2018-10-25,24.780000686645508,24.219999313354492,0.0,24.219999313354492
7518,2018-10-26,24.510000228881836,24.15999984741211,0.0,24.15999984741211
7519,2018-10-29,24.479999542236328,24.700000762939453,0.0,24.700000762939453
7520,2018-10-30,23.940000534057617,23.350000381469727,0.0,23.350000381469727
7521,2018-10-31,22.719999313354492,21.229999542236328,0.0,21.229999542236328
7522,2018-11-01,20.959999084472656,19.34000015258789,0.0,19.34000015258789
7523,2018-11-02,18.520000457763672,19.510000228881836,0.0,19.510000228881836
7524,2018-11-05,20.579999923706055,19.959999084472656,0.0,19.959999084472656
7525,2018-11-06,19.84000015258789,19.90999984741211,0.0,19.90999984741211
7526,2018-11-07,18.030000686645508,16.360000610351562,0.0,16.360000610351562
7527,2018-11-08,16.18000030517578,16.719999313354492,0.0,16.719999313354492
7528,2018-11-09,16.8700008392334,17.360000610351562,0.0,17.360000610351562
7529,2018-11-12,17.260000228881836,20.450000762939453,0.0,20.450000762939453
7530,2018-11-13,19.450000762939453,20.020000457763672,0.0,20.020000457763672
7531,2018-11-14,20.520000457763672,21.25,0.0,21.25
7532,2018-11-15,20.40999984741211,19.979999542236328,0.0,19.979999542236328
7533,2018-11-16,20.040000915527344,18.139999389648438,0.0,18.139999389648438
7534,2018-11-19,18.780000686645508,20.100000381469727,0.0,20.100000381469727
7535,2018-11-20,20.760000228881836,22.479999542236328,0.0,22.479999542236328
7536,2018-11-21,21.65999984741211,20.799999237060547,0.0,20.799999237060547
7538,2018-11-23,21.229999542236328,21.520000457763672,0.0,21.520000457763672
7539,2018-11-26,20.780000686645508,18.899999618530273,0.0,18.899999618530273
7540,2018-11-27,19.40999984741211,19.020000457763672,0.0,19.020000457763672
7541,2018-11-28,18.8700008392334,18.489999771118164,0.0,18.489999771118164
7542,2018-11-29,18.649999618530273,18.790000915527344,0.0,18.790000915527344
7543,2018-11-30,19.18000030517578,18.06999969482422,0.0,18.06999969482422
7544,2018-12-03,16.040000915527344,16.440000534057617,0.0,16.440000534057617
7545,2018-12-04,16.84000015258789,20.739999771118164,0.0,20.739999771118164
7547,2018-12-06,23.530000686645508,21.190000534057617,0.0,21.190000534057617
7548,2018-12-07,22.420000076293945,23.229999542236328,0.0,23.229999542236328
7549,2018-12-10,23.950000762939453,22.639999389648438,0.0,22.639999389648438
7550,2018-12-11,22.959999084472656,21.760000228881836,0.0,21.760000228881836
7551,2018-12-12,21.90999984741211,21.459999084472656,0.0,21.459999084472656
7552,2018-12-13,21.0,20.649999618530273,0.0,20.649999618530273
7553,2018-12-14,21.56999969482422,21.6299991607666,0.0,21.6299991607666
7554,2018-12-17,22.360000610351562,24.520000457763672,0.0,24.520000457763672
7555,2018-12-18,24.68000030517578,25.579999923706055,0.0,25.579999923706055
7556,2018-12-19,25.149999618530273,25.579999923706055,0.0,25.579999923706055
7557,2018-12-20,26.09000015258789,28.3799991607666,0.0,28.3799991607666
7558,2018-12-21,28.239999771118164,30.110000610351562,0.0,30.110000610351562
7559,2018-12-24,29.290000915527344,36.06999969482422,0.0,36.06999969482422
7561,2018-12-26,35.5,30.40999984741211,0.0,30.40999984741211
7562,2018-12-27,31.200000762939453,29.959999084472656,0.0,29.959999084472656
7563,2018-12-28,29.969999313354492,28.34000015258789,0.0,28.34000015258789
7564,2018-12-31,27.59000015258789,25.420000076293945,0.0,25.420000076293945
7566,2019-01-02,27.540000915527344,23.219999313354492,0.0,23.219999313354492
7567,2019-01-03,25.68000030517578,25.450000762939453,0.0,25.450000762939453
7568,2019-01-04,24.360000610351562,21.3799991607666,0.0,21.3799991607666
7569,2019-01-07,22.059999465942383,21.399999618530273,0.0,21.399999618530273
7570,2019-01-08,20.959999084472656,20.469999313354492,0.0,20.469999313354492
7571,2019-01-09,20.440000534057617,19.979999542236328,0.0,19.979999542236328
7572,2019-01-10,20.979999542236328,19.5,0.0,19.5
7573,2019-01-11,19.68000030517578,18.190000534057617,0.0,18.190000534057617
7574,2019-01-14,19.84000015258789,19.06999969482422,0.0,19.06999969482422
7575,2019-01-15,18.530000686645508,18.600000381469727,0.0,18.600000381469727
7576,2019-01-16,18.079999923706055,19.040000915527344,0.0,19.040000915527344
7577,2019-01-17,19.510000228881836,18.059999465942383,0.0,18.059999465942383
7578,2019-01-18,17.799999237060547,17.799999237060547,0.0,17.799999237060547
7580,2019-01-22,18.530000686645508,20.799999237060547,0.0,20.799999237060547
7581,2019-01-23,20.850000381469727,19.520000457763672,0.0,19.520000457763672
7582,2019-01-24,19.690000534057617,18.889999389648438,0.0,18.889999389648438
7583,2019-01-25,18.43000030517578,17.420000076293945,0.0,17.420000076293945
7584,2019-01-28,18.559999465942383,18.8700008392334,0.0,18.8700008392334
7585,2019-01-29,19.450000762939453,19.1299991607666,0.0,19.1299991607666
7586,2019-01-30,19.149999618530273,17.65999984741211,0.0,17.65999984741211
7587,2019-01-31,17.389999389648438,16.56999969482422,0.0,16.56999969482422
7588,2019-02-01,16.6299991607666,16.139999389648438,0.0,16.139999389648438
7589,2019-02-04,16.719999313354492,15.729999542236328,0.0,15.729999542236328
7590,2019-02-05,15.789999961853027,15.569999694824219,0.0,15.569999694824219
7591,2019-02-06,15.4399995803833,15.380000114440918,0.0,15.380000114440918
7592,2019-02-07,15.65999984741211,16.3700008392334,0.0,16.3700008392334
7593,2019-02-08,16.809999465942383,15.720000267028809,0.0,15.720000267028809
7594,2019-02-11,16.170000076293945,15.970000267028809,0.0,15.970000267028809
7595,2019-02-12,15.229999542236328,15.430000305175781,0.0,15.430000305175781
7596,2019-02-13,15.460000038146973,15.649999618530273,0.0,15.649999618530273
7597,2019-02-14,15.609999656677246,16.219999313354492,0.0,16.219999313354492
7598,2019-02-15,16.81999969482422,14.90999984741211,0.0,14.90999984741211
7600,2019-02-19,15.649999618530273,14.880000114440918,0.0,14.880000114440918
7601,2019-02-20,14.920000076293945,14.020000457763672,0.0,14.020000457763672
7602,2019-02-21,14.0,14.460000038146973,0.0,14.460000038146973
7603,2019-02-22,14.460000038146973,13.510000228881836,0.0,13.510000228881836
7604,2019-02-25,13.90999984741211,14.850000381469727,0.0,14.850000381469727
7605,2019-02-26,15.15999984741211,15.170000076293945,0.0,15.170000076293945
7606,2019-02-27,15.529999732971191,14.699999809265137,0.0,14.699999809265137
7607,2019-02-28,15.170000076293945,14.779999732971191,0.0,14.779999732971191
7608,2019-03-01,14.569999694824219,13.569999694824219,0.0,13.569999694824219
7609,2019-03-04,13.770000457763672,14.630000114440918,0.0,14.630000114440918
7610,2019-03-05,14.520000457763672,14.739999771118164,0.0,14.739999771118164
7611,2019-03-06,14.90999984741211,15.739999771118164,0.0,15.739999771118164
7612,2019-03-07,16.329999923706055,16.59000015258789,0.0,16.59000015258789
7613,2019-03-08,17.3799991607666,16.049999237060547,0.0,16.049999237060547
7614,2019-03-11,16.280000686645508,14.329999923706055,0.0,14.329999923706055
7615,2019-03-12,13.970000267028809,13.770000457763672,0.0,13.770000457763672
7616,2019-03-13,14.0,13.40999984741211,0.0,13.40999984741211
7617,2019-03-14,13.350000381469727,13.5,0.0,13.5
7618,2019-03-15,13.210000038146973,12.880000114440918,0.0,12.880000114440918
7619,2019-03-18,13.130000114440918,13.100000381469727,0.0,13.100000381469727
7620,2019-03-19,12.890000343322754,13.5600004196167,0.0,13.5600004196167
7621,2019-03-20,13.539999961853027,13.90999984741211,0.0,13.90999984741211
7622,2019-03-21,14.109999656677246,13.630000114440918,0.0,13.630000114440918
7623,2019-03-22,13.770000457763672,16.479999542236328,0.0,16.479999542236328
7624,2019-03-25,17.760000228881836,16.329999923706055,0.0,16.329999923706055
7625,2019-03-26,16.219999313354492,14.680000305175781,0.0,14.680000305175781
7626,2019-03-27,14.520000457763672,15.149999618530273,0.0,15.149999618530273
7627,2019-03-28,15.380000114440918,14.430000305175781,0.0,14.430000305175781
7628,2019-03-29,14.1899995803833,13.710000038146973,0.0,13.710000038146973
7629,2019-04-01,13.899999618530273,13.399999618530273,0.0,13.399999618530273
7630,2019-04-02,13.619999885559082,13.359999656677246,0.0,13.359999656677246
7631,2019-04-03,13.0600004196167,13.739999771118164,0.0,13.739999771118164
7632,2019-04-04,13.84000015258789,13.579999923706055,0.0,13.579999923706055
7633,2019-04-05,13.460000038146973,12.819999694824219,0.0,12.819999694824219
7634,2019-04-08,13.550000190734863,13.180000305175781,0.0,13.180000305175781
7635,2019-04-09,13.460000038146973,14.279999732971191,0.0,14.279999732971191
7636,2019-04-10,14.09000015258789,13.300000190734863,0.0,13.300000190734863
7637,2019-04-11,13.369999885559082,13.020000457763672,0.0,13.020000457763672
7638,2019-04-12,12.960000038146973,12.010000228881836,0.0,12.010000228881836
7639,2019-04-15,12.460000038146973,12.319999694824219,0.0,12.319999694824219
7640,2019-04-16,12.260000228881836,12.180000305175781,0.0,12.180000305175781
7641,2019-04-17,12.119999885559082,12.600000381469727,0.0,12.600000381469727
7642,2019-04-18,12.800000190734863,12.09000015258789,0.0,12.09000015258789
7644,2019-04-22,13.210000038146973,12.420000076293945,0.0,12.420000076293945
7645,2019-04-23,12.65999984741211,12.279999732971191,0.0,12.279999732971191
7646,2019-04-24,12.529999732971191,13.140000343322754,0.0,13.140000343322754
7647,2019-04-25,13.289999961853027,13.25,0.0,13.25
7648,2019-04-26,13.4399995803833,12.729999542236328,0.0,12.729999542236328
7649,2019-04-29,13.039999961853027,13.109999656677246,0.0,13.109999656677246
7650,2019-04-30,13.109999656677246,13.119999885559082,0.0,13.119999885559082
7651,2019-05-01,12.859999656677246,14.800000190734863,0.0,14.800000190734863
7652,2019-05-02,14.350000381469727,14.420000076293945,0.0,14.420000076293945
7653,2019-05-03,14.109999656677246,12.869999885559082,0.0,12.869999885559082
7654,2019-05-06,12.890000343322754,15.4399995803833,0.0,15.4399995803833
7655,2019-05-07,15.899999618530273,19.31999969482422,0.0,19.31999969482422
7656,2019-05-08,18.950000762939453,19.399999618530273,0.0,19.399999618530273
7657,2019-05-09,21.399999618530273,19.100000381469727,0.0,19.100000381469727
7658,2019-05-10,18.790000915527344,16.040000915527344,0.0,16.040000915527344
7659,2019-05-13,18.6200008392334,20.549999237060547,0.0,20.549999237060547
7660,2019-05-14,19.399999618530273,18.059999465942383,0.0,18.059999465942383
7661,2019-05-15,17.56999969482422,16.440000534057617,0.0,16.440000534057617
7662,2019-05-16,16.690000534057617,15.289999961853027,0.0,15.289999961853027
7663,2019-05-17,15.890000343322754,15.960000038146973,0.0,15.960000038146973
7664,2019-05-20,15.880000114440918,16.309999465942383,0.0,16.309999465942383
7665,2019-05-21,15.859999656677246,14.949999809265137,0.0,14.949999809265137
7666,2019-05-22,15.0600004196167,14.75,0.0,14.75
7667,2019-05-23,15.930000305175781,16.920000076293945,0.0,16.920000076293945
7668,2019-05-24,16.34000015258789,15.850000381469727,0.0,15.850000381469727
7670,2019-05-28,16.549999237060547,17.5,0.0,17.5
7671,2019-05-29,18.549999237060547,17.899999618530273,0.0,17.899999618530273
7672,2019-05-30,17.469999313354492,17.299999237060547,0.0,17.299999237060547
7673,2019-05-31,19.049999237060547,18.709999084472656,0.0,18.709999084472656
7674,2019-06-03,19.40999984741211,18.860000610351562,0.0,18.860000610351562
7675,2019-06-04,18.739999771118164,16.969999313354492,0.0,16.969999313354492
7676,2019-06-05,17.059999465942383,16.09000015258789,0.0,16.09000015258789
7677,2019-06-06,16.25,15.930000305175781,0.0,15.930000305175781
7678,2019-06-07,15.649999618530273,16.299999237060547,0.0,16.299999237060547
7679,2019-06-10,16.299999237060547,15.9399995803833,0.0,15.9399995803833
7680,2019-06-11,15.84000015258789,15.989999771118164,0.0,15.989999771118164
7681,2019-06-12,16.260000228881836,15.90999984741211,0.0,15.90999984741211
7682,2019-06-13,16.15999984741211,15.819999694824219,0.0,15.819999694824219
7683,2019-06-14,16.0,15.279999732971191,0.0,15.279999732971191
7684,2019-06-17,15.649999618530273,15.350000381469727,0.0,15.350000381469727
7685,2019-06-18,14.890000343322754,15.149999618530273,0.0,15.149999618530273
7686,2019-06-19,15.050000190734863,14.329999923706055,0.0,14.329999923706055
7687,2019-06-20,14.039999961853027,14.75,0.0,14.75
7688,2019-06-21,14.739999771118164,15.399999618530273,0.0,15.399999618530273
7689,2019-06-24,15.460000038146973,15.260000228881836,0.0,15.260000228881836
7690,2019-06-25,15.430000305175781,16.280000686645508,0.0,16.280000686645508
7691,2019-06-26,16.100000381469727,16.209999084472656,0.0,16.209999084472656
7692,2019-06-27,15.65999984741211,15.819999694824219,0.0,15.819999694824219
7693,2019-06-28,15.699999809265137,15.079999923706055,0.0,15.079999923706055
7694,2019-07-01,13.850000381469727,14.0600004196167,0.0,14.0600004196167
7695,2019-07-02,14.15999984741211,12.930000305175781,0.0,12.930000305175781
7696,2019-07-03,13.180000305175781,12.569999694824219,0.0,12.569999694824219
7698,2019-07-05,13.0,13.279999732971191,0.0,13.279999732971191
7699,2019-07-08,13.729999542236328,13.960000038146973,0.0,13.960000038146973
7700,2019-07-09,14.470000267028809,14.09000015258789,0.0,14.09000015258789
7701,2019-07-10,14.380000114440918,13.029999732971191,0.0,13.029999732971191
7702,2019-07-11,13.010000228881836,12.930000305175781,0.0,12.930000305175781
7703,2019-07-12,12.760000228881836,12.390000343322754,0.0,12.390000343322754
7704,2019-07-15,12.579999923706055,12.680000305175781,0.0,12.680000305175781
7705,2019-07-16,12.609999656677246,12.859999656677246,0.0,12.859999656677246
7706,2019-07-17,12.619999885559082,13.970000267028809,0.0,13.970000267028809
7707,2019-07-18,14.449999809265137,13.529999732971191,0.0,13.529999732971191
7708,2019-07-19,13.3100004196167,14.449999809265137,0.0,14.449999809265137
7709,2019-07-22,14.550000190734863,13.529999732971191,0.0,13.529999732971191
7710,2019-07-23,13.420000076293945,12.609999656677246,0.0,12.609999656677246
7711,2019-07-24,12.800000190734863,12.069999694824219,0.0,12.069999694824219
7712,2019-07-25,12.239999771118164,12.739999771118164,0.0,12.739999771118164
7713,2019-07-26,12.579999923706055,12.15999984741211,0.0,12.15999984741211
7714,2019-07-29,12.149999618530273,12.829999923706055,0.0,12.829999923706055
7715,2019-07-30,12.869999885559082,13.9399995803833,0.0,13.9399995803833
7716,2019-07-31,13.829999923706055,16.1200008392334,0.0,16.1200008392334
7717,2019-08-01,15.40999984741211,17.8700008392334,0.0,17.8700008392334
7718,2019-08-02,17.690000534057617,17.610000610351562,0.0,17.610000610351562
7719,2019-08-05,19.959999084472656,24.59000015258789,0.0,24.59000015258789
7720,2019-08-06,22.290000915527344,20.170000076293945,0.0,20.170000076293945
7721,2019-08-07,20.700000762939453,19.489999771118164,0.0,19.489999771118164
7722,2019-08-08,19.360000610351562,16.90999984741211,0.0,16.90999984741211
7723,2019-08-09,18.139999389648438,17.969999313354492,0.0,17.969999313354492
7724,2019-08-12,17.8700008392334,21.09000015258789,0.0,21.09000015258789
7725,2019-08-13,21.280000686645508,17.520000457763672,0.0,17.520000457763672
7726,2019-08-14,17.809999465942383,22.100000381469727,0.0,22.100000381469727
7727,2019-08-15,21.579999923706055,21.18000030517578,0.0,21.18000030517578
7728,2019-08-16,20.479999542236328,18.469999313354492,0.0,18.469999313354492
7729,2019-08-19,17.93000030517578,16.8799991607666,0.0,16.8799991607666
7730,2019-08-20,16.780000686645508,17.5,0.0,17.5
7731,2019-08-21,17.010000228881836,15.800000190734863,0.0,15.800000190734863
7732,2019-08-22,16.1200008392334,16.68000030517578,0.0,16.68000030517578
7733,2019-08-23,16.149999618530273,19.8700008392334,0.0,19.8700008392334
7734,2019-08-26,20.34000015258789,19.31999969482422,0.0,19.31999969482422
7735,2019-08-27,20.18000030517578,20.309999465942383,0.0,20.309999465942383
7736,2019-08-28,20.549999237060547,19.350000381469727,0.0,19.350000381469727
7737,2019-08-29,19.020000457763672,17.8799991607666,0.0,17.8799991607666
7738,2019-08-30,17.940000534057617,18.979999542236328,0.0,18.979999542236328
7740,2019-09-03,20.959999084472656,19.65999984741211,0.0,19.65999984741211
7741,2019-09-04,18.229999542236328,17.329999923706055,0.0,17.329999923706055
7742,2019-09-05,16.920000076293945,16.270000457763672,0.0,16.270000457763672
7743,2019-09-06,15.920000076293945,15.0,0.0,15.0
7744,2019-09-09,15.260000228881836,15.270000457763672,0.0,15.270000457763672
7745,2019-09-10,15.529999732971191,15.199999809265137,0.0,15.199999809265137
7746,2019-09-11,15.329999923706055,14.609999656677246,0.0,14.609999656677246
7747,2019-09-12,14.6899995803833,14.220000267028809,0.0,14.220000267028809
7748,2019-09-13,14.15999984741211,13.739999771118164,0.0,13.739999771118164
7749,2019-09-16,14.890000343322754,14.670000076293945,0.0,14.670000076293945
7750,2019-09-17,14.920000076293945,14.4399995803833,0.0,14.4399995803833
7751,2019-09-18,14.609999656677246,13.949999809265137,0.0,13.949999809265137
7752,2019-09-19,14.65999984741211,14.050000190734863,0.0,14.050000190734863
7753,2019-09-20,13.9399995803833,15.319999694824219,0.0,15.319999694824219
7754,2019-09-23,15.350000381469727,14.90999984741211,0.0,14.90999984741211
7755,2019-09-24,14.770000457763672,17.049999237060547,0.0,17.049999237060547
7756,2019-09-25,17.049999237060547,15.960000038146973,0.0,15.960000038146973
7757,2019-09-26,16.229999542236328,16.06999969482422,0.0,16.06999969482422
7758,2019-09-27,15.770000457763672,17.219999313354492,0.0,17.219999313354492
7759,2019-09-30,17.229999542236328,16.239999771118164,0.0,16.239999771118164
7760,2019-10-01,16.020000457763672,18.559999465942383,0.0,18.559999465942383
7761,2019-10-02,18.75,20.559999465942383,0.0,20.559999465942383
7762,2019-10-03,20.110000610351562,19.1200008392334,0.0,19.1200008392334
7763,2019-10-04,19.420000076293945,17.040000915527344,0.0,17.040000915527344
7764,2019-10-07,18.270000457763672,17.860000610351562,0.0,17.860000610351562
7765,2019-10-08,17.610000610351562,20.280000686645508,0.0,20.280000686645508
7766,2019-10-09,19.940000534057617,18.639999389648438,0.0,18.639999389648438
7767,2019-10-10,19.280000686645508,17.56999969482422,0.0,17.56999969482422
7768,2019-10-11,17.350000381469727,15.579999923706055,0.0,15.579999923706055
7769,2019-10-14,15.65999984741211,14.569999694824219,0.0,14.569999694824219
7770,2019-10-15,13.9399995803833,13.539999961853027,0.0,13.539999961853027
7771,2019-10-16,13.9399995803833,13.680000305175781,0.0,13.680000305175781
7772,2019-10-17,13.789999961853027,13.789999961853027,0.0,13.789999961853027
7773,2019-10-18,14.199999809265137,14.25,0.0,14.25
7774,2019-10-21,14.239999771118164,14.0,0.0,14.0
7775,2019-10-22,13.989999771118164,14.460000038146973,0.0,14.460000038146973
7776,2019-10-23,14.829999923706055,14.010000228881836,0.0,14.010000228881836
7777,2019-10-24,13.979999542236328,13.710000038146973,0.0,13.710000038146973
7778,2019-10-25,13.529999732971191,12.649999618530273,0.0,12.649999618530273
7779,2019-10-28,13.010000228881836,13.109999656677246,0.0,13.109999656677246
7780,2019-10-29,13.15999984741211,13.199999809265137,0.0,13.199999809265137
7781,2019-10-30,13.079999923706055,12.329999923706055,0.0,12.329999923706055
7782,2019-10-31,13.510000228881836,13.220000267028809,0.0,13.220000267028809
7783,2019-11-01,12.5,12.300000190734863,0.0,12.300000190734863
7784,2019-11-04,12.680000305175781,12.829999923706055,0.0,12.829999923706055
7785,2019-11-05,12.850000381469727,13.100000381469727,0.0,13.100000381469727
7786,2019-11-06,13.180000305175781,12.619999885559082,0.0,12.619999885559082
7787,2019-11-07,12.59000015258789,12.729999542236328,0.0,12.729999542236328
7788,2019-11-08,12.979999542236328,12.069999694824219,0.0,12.069999694824219
7789,2019-11-11,13.149999618530273,12.6899995803833,0.0,12.6899995803833
7790,2019-11-12,12.640000343322754,12.680000305175781,0.0,12.680000305175781
7791,2019-11-13,12.90999984741211,13.0,0.0,13.0
7792,2019-11-14,13.15999984741211,13.050000190734863,0.0,13.050000190734863
7793,2019-11-15,12.949999809265137,12.050000190734863,0.0,12.050000190734863
7794,2019-11-18,12.390000343322754,12.460000038146973,0.0,12.460000038146973
7795,2019-11-19,12.329999923706055,12.859999656677246,0.0,12.859999656677246
7796,2019-11-20,13.420000076293945,12.779999732971191,0.0,12.779999732971191
7797,2019-11-21,13.350000381469727,13.130000114440918,0.0,13.130000114440918
7798,2019-11-22,12.819999694824219,12.34000015258789,0.0,12.34000015258789
7799,2019-11-25,12.510000228881836,11.869999885559082,0.0,11.869999885559082
7800,2019-11-26,11.880000114440918,11.539999961853027,0.0,11.539999961853027
7801,2019-11-27,11.550000190734863,11.75,0.0,11.75
7803,2019-11-29,12.5,12.619999885559082,0.0,12.619999885559082
7804,2019-12-02,12.6899995803833,14.90999984741211,0.0,14.90999984741211
7805,2019-12-03,14.680000305175781,15.960000038146973,0.0,15.960000038146973
7806,2019-12-04,16.3799991607666,14.800000190734863,0.0,14.800000190734863
7807,2019-12-05,14.460000038146973,14.520000457763672,0.0,14.520000457763672
7808,2019-12-06,14.369999885559082,13.619999885559082,0.0,13.619999885559082
7809,2019-12-09,14.25,15.859999656677246,0.0,15.859999656677246
7810,2019-12-10,15.800000190734863,15.680000305175781,0.0,15.680000305175781
7811,2019-12-11,15.569999694824219,14.989999771118164,0.0,14.989999771118164
7812,2019-12-12,14.9399995803833,13.9399995803833,0.0,13.9399995803833
7813,2019-12-13,13.180000305175781,12.630000114440918,0.0,12.630000114440918
7814,2019-12-16,12.470000267028809,12.140000343322754,0.0,12.140000343322754
7815,2019-12-17,12.229999542236328,12.289999961853027,0.0,12.289999961853027
7816,2019-12-18,12.239999771118164,12.579999923706055,0.0,12.579999923706055
7817,2019-12-19,12.550000190734863,12.5,0.0,12.5
7818,2019-12-20,12.550000190734863,12.510000228881836,0.0,12.510000228881836
7819,2019-12-23,12.8100004196167,12.609999656677246,0.0,12.609999656677246
7820,2019-12-24,12.649999618530273,12.670000076293945,0.0,12.670000076293945
7822,2019-12-26,12.739999771118164,12.649999618530273,0.0,12.649999618530273
7823,2019-12-27,12.609999656677246,13.430000305175781,0.0,13.430000305175781
7824,2019-12-30,13.739999771118164,14.819999694824219,0.0,14.819999694824219
7825,2019-12-31,14.84000015258789,13.779999732971191,0.0,13.779999732971191
7827,2020-01-02,13.460000038146973,12.470000267028809,0.0,12.470000267028809
7828,2020-01-03,15.010000228881836,14.020000457763672,0.0,14.020000457763672
7829,2020-01-06,15.449999809265137,13.850000381469727,0.0,13.850000381469727
7830,2020-01-07,13.84000015258789,13.789999961853027,0.0,13.789999961853027
7831,2020-01-08,15.15999984741211,13.449999809265137,0.0,13.449999809265137
7832,2020-01-09,12.949999809265137,12.539999961853027,0.0,12.539999961853027
7833,2020-01-10,12.420000076293945,12.5600004196167,0.0,12.5600004196167
7834,2020-01-13,12.84000015258789,12.319999694824219,0.0,12.319999694824219
7835,2020-01-14,12.720000267028809,12.390000343322754,0.0,12.390000343322754
7836,2020-01-15,12.789999961853027,12.420000076293945,0.0,12.420000076293945
7837,2020-01-16,12.199999809265137,12.319999694824219,0.0,12.319999694824219
7838,2020-01-17,12.210000038146973,12.100000381469727,0.0,12.100000381469727
7840,2020-01-21,13.229999542236328,12.850000381469727,0.0,12.850000381469727
7841,2020-01-22,12.449999809265137,12.90999984741211,0.0,12.90999984741211
7842,2020-01-23,13.260000228881836,12.979999542236328,0.0,12.979999542236328
7843,2020-01-24,12.75,14.5600004196167,0.0,14.5600004196167
7844,2020-01-27,17.420000076293945,18.229999542236328,0.0,18.229999542236328
7845,2020-01-28,16.940000534057617,16.280000686645508,0.0,16.280000686645508
7846,2020-01-29,15.680000305175781,16.389999389648438,0.0,16.389999389648438
7847,2020-01-30,17.81999969482422,15.489999771118164,0.0,15.489999771118164
7848,2020-01-31,16.25,18.84000015258789,0.0,18.84000015258789
7849,2020-02-03,18.639999389648438,17.969999313354492,0.0,17.969999313354492
7850,2020-02-04,16.450000762939453,16.049999237060547,0.0,16.049999237060547
7851,2020-02-05,16.290000915527344,15.149999618530273,0.0,15.149999618530273
7852,2020-02-06,15.130000114440918,14.960000038146973,0.0,14.960000038146973
7853,2020-02-07,15.069999694824219,15.470000267028809,0.0,15.470000267028809
7854,2020-02-10,15.880000114440918,15.039999961853027,0.0,15.039999961853027
7855,2020-02-11,14.90999984741211,15.180000305175781,0.0,15.180000305175781
7856,2020-02-12,14.859999656677246,13.739999771118164,0.0,13.739999771118164
7857,2020-02-13,14.430000305175781,14.149999618530273,0.0,14.149999618530273
7858,2020-02-14,14.119999885559082,13.680000305175781,0.0,13.680000305175781
7860,2020-02-18,14.979999542236328,14.829999923706055,0.0,14.829999923706055
7861,2020-02-19,14.65999984741211,14.380000114440918,0.0,14.380000114440918
7862,2020-02-20,14.539999961853027,15.5600004196167,0.0,15.5600004196167
7863,2020-02-21,17.329999923706055,17.079999923706055,0.0,17.079999923706055
7864,2020-02-24,22.25,25.030000686645508,0.0,25.030000686645508
7865,2020-02-25,22.190000534057617,27.850000381469727,0.0,27.850000381469727
7866,2020-02-26,26.6299991607666,27.559999465942383,0.0,27.559999465942383
7867,2020-02-27,28.950000762939453,39.15999984741211,0.0,39.15999984741211
7868,2020-02-28,42.02000045776367,40.11000061035156,0.0,40.11000061035156
7869,2020-03-02,38.540000915527344,33.41999816894531,0.0,33.41999816894531
7870,2020-03-03,33.650001525878906,36.81999969482422,0.0,36.81999969482422
7871,2020-03-04,34.439998626708984,31.989999771118164,0.0,31.989999771118164
7872,2020-03-05,33.61000061035156,39.619998931884766,0.0,39.619998931884766
7873,2020-03-06,48.93000030517578,41.939998626708984,0.0,41.939998626708984
7874,2020-03-09,41.939998626708984,54.459999084472656,0.0,54.459999084472656
7875,2020-03-10,49.68000030517578,47.29999923706055,0.0,47.29999923706055
7876,2020-03-11,52.2400016784668,53.900001525878906,0.0,53.900001525878906
7877,2020-03-12,61.459999084472656,75.47000122070312,0.0,75.47000122070312
7878,2020-03-13,71.30999755859375,57.83000183105469,0.0,57.83000183105469
7879,2020-03-16,57.83000183105469,82.69000244140625,0.0,82.69000244140625
7880,2020-03-17,82.69000244140625,75.91000366210938,0.0,75.91000366210938
7881,2020-03-18,69.37000274658203,76.44999694824219,0.0,76.44999694824219
7882,2020-03-19,80.62000274658203,72.0,0.0,72.0
7883,2020-03-20,67.86000061035156,66.04000091552734,0.0,66.04000091552734
7884,2020-03-23,74.08000183105469,61.59000015258789,0.0,61.59000015258789
7885,2020-03-24,58.7599983215332,61.66999816894531,0.0,61.66999816894531
7886,2020-03-25,61.439998626708984,63.95000076293945,0.0,63.95000076293945
7887,2020-03-26,65.66999816894531,61.0,0.0,61.0
7888,2020-03-27,64.94999694824219,65.54000091552734,0.0,65.54000091552734
7889,2020-03-30,66.30000305175781,57.08000183105469,0.0,57.08000183105469
7890,2020-03-31,56.689998626708984,53.540000915527344,0.0,53.540000915527344
7891,2020-04-01,57.380001068115234,57.060001373291016,0.0,57.060001373291016
7892,2020-04-02,54.459999084472656,50.90999984741211,0.0,50.90999984741211
7893,2020-04-03,51.11000061035156,46.79999923706055,0.0,46.79999923706055
7894,2020-04-06,44.16999816894531,45.2400016784668,0.0,45.2400016784668
7895,2020-04-07,44.83000183105469,46.70000076293945,0.0,46.70000076293945
7896,2020-04-08,45.900001525878906,43.349998474121094,0.0,43.349998474121094
7897,2020-04-09,43.0,41.66999816894531,0.0,41.66999816894531
7899,2020-04-13,44.599998474121094,41.16999816894531,0.0,41.16999816894531
7900,2020-04-14,40.2400016784668,37.7599983215332,0.0,37.7599983215332
7901,2020-04-15,42.56999969482422,40.84000015258789,0.0,40.84000015258789
7902,2020-04-16,41.91999816894531,40.11000061035156,0.0,40.11000061035156
7903,2020-04-17,39.5,38.150001525878906,0.0,38.150001525878906
7904,2020-04-20,40.68000030517578,43.83000183105469,0.0,43.83000183105469
7905,2020-04-21,44.279998779296875,45.40999984741211,0.0,45.40999984741211
7906,2020-04-22,44.90999984741211,41.97999954223633,0.0,41.97999954223633
7907,2020-04-23,41.29999923706055,41.380001068115234,0.0,41.380001068115234
7908,2020-04-24,38.79999923706055,35.93000030517578,0.0,35.93000030517578
7909,2020-04-27,36.290000915527344,33.290000915527344,0.0,33.290000915527344
7910,2020-04-28,33.209999084472656,33.56999969482422,0.0,33.56999969482422
7911,2020-04-29,32.47999954223633,31.229999542236328,0.0,31.229999542236328
7912,2020-04-30,30.989999771118164,34.150001525878906,0.0,34.150001525878906
7913,2020-05-01,38.16999816894531,37.189998626708984,0.0,37.189998626708984
7914,2020-05-04,39.130001068115234,35.970001220703125,0.0,35.970001220703125
7915,2020-05-05,34.81999969482422,33.61000061035156,0.0,33.61000061035156
7916,2020-05-06,32.689998626708984,34.119998931884766,0.0,34.119998931884766
7917,2020-05-07,32.119998931884766,31.440000534057617,0.0,31.440000534057617
7918,2020-05-08,30.139999389648438,27.979999542236328,0.0,27.979999542236328
7919,2020-05-11,28.459999084472656,27.56999969482422,0.0,27.56999969482422
7920,2020-05-12,28.469999313354492,33.040000915527344,0.0,33.040000915527344
7921,2020-05-13,32.7400016784668,35.279998779296875,0.0,35.279998779296875
7922,2020-05-14,35.15999984741211,32.61000061035156,0.0,32.61000061035156
7923,2020-05-15,32.5,31.889999389648438,0.0,31.889999389648438
7924,2020-05-18,30.709999084472656,29.299999237060547,0.0,29.299999237060547
7925,2020-05-19,28.729999542236328,30.530000686645508,0.0,30.530000686645508
7926,2020-05-20,29.520000457763672,27.989999771118164,0.0,27.989999771118164
7927,2020-05-21,28.969999313354492,29.530000686645508,0.0,29.530000686645508
7928,2020-05-22,31.360000610351562,28.15999984741211,0.0,28.15999984741211
7930,2020-05-26,27.719999313354492,28.010000228881836,0.0,28.010000228881836
7931,2020-05-27,27.6200008392334,27.6200008392334,0.0,27.6200008392334
7932,2020-05-28,27.81999969482422,28.59000015258789,0.0,28.59000015258789
7933,2020-05-29,29.299999237060547,27.510000228881836,0.0,27.510000228881836
7934,2020-06-01,28.940000534057617,28.229999542236328,0.0,28.229999542236328
7935,2020-06-02,28.399999618530273,26.84000015258789,0.0,26.84000015258789
7936,2020-06-03,26.75,25.65999984741211,0.0,25.65999984741211
7937,2020-06-04,26.229999542236328,25.809999465942383,0.0,25.809999465942383
7938,2020-06-05,24.790000915527344,24.520000457763672,0.0,24.520000457763672
7939,2020-06-08,25.559999465942383,25.809999465942383,0.0,25.809999465942383
7940,2020-06-09,25.93000030517578,27.56999969482422,0.0,27.56999969482422
7941,2020-06-10,26.729999542236328,27.56999969482422,0.0,27.56999969482422
7942,2020-06-11,30.450000762939453,40.790000915527344,0.0,40.790000915527344
7943,2020-06-12,37.68000030517578,36.09000015258789,0.0,36.09000015258789
7944,2020-06-15,44.09000015258789,34.400001525878906,0.0,34.400001525878906
7945,2020-06-16,34.279998779296875,33.66999816894531,0.0,33.66999816894531
7946,2020-06-17,33.279998779296875,33.470001220703125,0.0,33.470001220703125
7947,2020-06-18,33.83000183105469,32.939998626708984,0.0,32.939998626708984
7948,2020-06-19,32.06999969482422,35.119998931884766,0.0,35.119998931884766
7949,2020-06-22,35.220001220703125,31.770000457763672,0.0,31.770000457763672
7950,2020-06-23,31.709999084472656,31.3700008392334,0.0,31.3700008392334
7951,2020-06-24,31.049999237060547,33.84000015258789,0.0,33.84000015258789
7952,2020-06-25,36.59000015258789,32.220001220703125,0.0,32.220001220703125
7953,2020-06-26,33.0099983215332,34.72999954223633,0.0,34.72999954223633
7954,2020-06-29,35.04999923706055,31.780000686645508,0.0,31.780000686645508
7955,2020-06-30,32.540000915527344,30.43000030517578,0.0,30.43000030517578
7956,2020-07-01,30.959999084472656,28.6200008392334,0.0,28.6200008392334
7957,2020-07-02,28.329999923706055,27.68000030517578,0.0,27.68000030517578
7959,2020-07-06,27.760000228881836,27.940000534057617,0.0,27.940000534057617
7960,2020-07-07,28.770000457763672,29.43000030517578,0.0,29.43000030517578
7961,2020-07-08,28.950000762939453,28.079999923706055,0.0,28.079999923706055
7962,2020-07-09,28.18000030517578,29.260000228881836,0.0,29.260000228881836
7963,2020-07-10,30.860000610351562,27.290000915527344,0.0,27.290000915527344
7964,2020-07-13,27.850000381469727,32.189998626708984,0.0,32.189998626708984
7965,2020-07-14,31.139999389648438,29.520000457763672,0.0,29.520000457763672
7966,2020-07-15,29.149999618530273,27.760000228881836,0.0,27.760000228881836
7967,2020-07-16,28.40999984741211,28.0,0.0,28.0
7968,2020-07-17,27.149999618530273,25.68000030517578,0.0,25.68000030517578
7969,2020-07-20,26.940000534057617,24.459999084472656,0.0,24.459999084472656
7970,2020-07-21,24.079999923706055,24.84000015258789,0.0,24.84000015258789
7971,2020-07-22,24.559999465942383,24.31999969482422,0.0,24.31999969482422
7972,2020-07-23,23.969999313354492,26.079999923706055,0.0,26.079999923706055
7973,2020-07-24,27.959999084472656,25.84000015258789,0.0,25.84000015258789
7974,2020-07-27,26.600000381469727,24.739999771118164,0.0,24.739999771118164
7975,2020-07-28,24.860000610351562,25.440000534057617,0.0,25.440000534057617
7976,2020-07-29,25.15999984741211,24.100000381469727,0.0,24.100000381469727
7977,2020-07-30,25.040000915527344,24.760000228881836,0.0,24.760000228881836
7978,2020-07-31,24.790000915527344,24.459999084472656,0.0,24.459999084472656
7979,2020-08-03,25.75,24.280000686645508,0.0,24.280000686645508
7980,2020-08-04,24.010000228881836,23.760000228881836,0.0,23.760000228881836
7981,2020-08-05,23.440000534057617,22.989999771118164,0.0,22.989999771118164
7982,2020-08-06,23.030000686645508,22.649999618530273,0.0,22.649999618530273
7983,2020-08-07,23.450000762939453,22.209999084472656,0.0,22.209999084472656
7984,2020-08-10,22.8799991607666,22.1299991607666,0.0,22.1299991607666
7985,2020-08-11,21.850000381469727,24.030000686645508,0.0,24.030000686645508
7986,2020-08-12,22.81999969482422,22.280000686645508,0.0,22.280000686645508
7987,2020-08-13,22.200000762939453,22.1299991607666,0.0,22.1299991607666
7988,2020-08-14,22.270000457763672,22.049999237060547,0.0,22.049999237060547
7989,2020-08-17,22.520000457763672,21.350000381469727,0.0,21.350000381469727
7990,2020-08-18,21.690000534057617,21.510000228881836,0.0,21.510000228881836
7991,2020-08-19,21.600000381469727,22.540000915527344,0.0,22.540000915527344
7992,2020-08-20,24.100000381469727,22.719999313354492,0.0,22.719999313354492
7993,2020-08-21,22.579999923706055,22.540000915527344,0.0,22.540000915527344
7994,2020-08-24,22.8700008392334,22.3700008392334,0.0,22.3700008392334
7995,2020-08-25,22.15999984741211,22.030000686645508,0.0,22.030000686645508
7996,2020-08-26,22.139999389648438,23.270000457763672,0.0,23.270000457763672
7997,2020-08-27,23.420000076293945,24.469999313354492,0.0,24.469999313354492
7998,2020-08-28,24.59000015258789,22.959999084472656,0.0,22.959999084472656
7999,2020-08-31,23.90999984741211,26.40999984741211,0.0,26.40999984741211
8000,2020-09-01,25.860000610351562,26.1200008392334,0.0,26.1200008392334
8001,2020-09-02,26.010000228881836,26.56999969482422,0.0,26.56999969482422
8002,2020-09-03,26.280000686645508,33.599998474121094,0.0,33.599998474121094
8003,2020-09-04,34.619998931884766,30.75,0.0,30.75
8005,2020-09-08,30.610000610351562,31.459999084472656,0.0,31.459999084472656
8006,2020-09-09,31.68000030517578,28.809999465942383,0.0,28.809999465942383
8007,2020-09-10,28.670000076293945,29.709999084472656,0.0,29.709999084472656
8008,2020-09-11,28.6299991607666,26.8700008392334,0.0,26.8700008392334
8009,2020-09-14,25.860000610351562,25.850000381469727,0.0,25.850000381469727
8010,2020-09-15,25.920000076293945,25.59000015258789,0.0,25.59000015258789
8011,2020-09-16,25.309999465942383,26.040000915527344,0.0,26.040000915527344
8012,2020-09-17,28.219999313354492,26.459999084472656,0.0,26.459999084472656
8013,2020-09-18,26.649999618530273,25.829999923706055,0.0,25.829999923706055
8014,2020-09-21,28.040000915527344,27.780000686645508,0.0,27.780000686645508
8015,2020-09-22,28.610000610351562,26.860000610351562,0.0,26.860000610351562
8016,2020-09-23,27.020000457763672,28.579999923706055,0.0,28.579999923706055
8017,2020-09-24,29.540000915527344,28.510000228881836,0.0,28.510000228881836
8018,2020-09-25,28.170000076293945,26.3799991607666,0.0,26.3799991607666
8019,2020-09-28,27.149999618530273,26.190000534057617,0.0,26.190000534057617
8020,2020-09-29,26.809999465942383,26.270000457763672,0.0,26.270000457763672
8021,2020-09-30,26.690000534057617,26.3700008392334,0.0,26.3700008392334
8022,2020-10-01,25.780000686645508,26.700000762939453,0.0,26.700000762939453
8023,2020-10-02,28.8700008392334,27.6299991607666,0.0,27.6299991607666
8024,2020-10-05,29.520000457763672,27.959999084472656,0.0,27.959999084472656
8025,2020-10-06,28.049999237060547,29.479999542236328,0.0,29.479999542236328
8026,2020-10-07,29.260000228881836,28.059999465942383,0.0,28.059999465942383
8027,2020-10-08,27.649999618530273,26.360000610351562,0.0,26.360000610351562
8028,2020-10-09,26.200000762939453,25.0,0.0,25.0
8029,2020-10-12,25.649999618530273,25.06999969482422,0.0,25.06999969482422
8030,2020-10-13,25.670000076293945,26.06999969482422,0.0,26.06999969482422
8031,2020-10-14,25.719999313354492,26.399999618530273,0.0,26.399999618530273
8032,2020-10-15,27.100000381469727,26.969999313354492,0.0,26.969999313354492
8033,2020-10-16,27.15999984741211,27.40999984741211,0.0,27.40999984741211
8034,2020-10-19,27.360000610351562,29.18000030517578,0.0,29.18000030517578
8035,2020-10-20,28.809999465942383,29.350000381469727,0.0,29.350000381469727
8036,2020-10-21,29.1200008392334,28.649999618530273,0.0,28.649999618530273
8037,2020-10-22,30.100000381469727,28.110000610351562,0.0,28.110000610351562
8038,2020-10-23,28.469999313354492,27.549999237060547,0.0,27.549999237060547
8039,2020-10-26,29.3799991607666,32.459999084472656,0.0,32.459999084472656
8040,2020-10-27,32.040000915527344,33.349998474121094,0.0,33.349998474121094
8041,2020-10-28,34.689998626708984,40.279998779296875,0.0,40.279998779296875
8042,2020-10-29,38.79999923706055,37.59000015258789,0.0,37.59000015258789
8043,2020-10-30,40.810001373291016,38.02000045776367,0.0,38.02000045776367
8044,2020-11-02,38.56999969482422,37.130001068115234,0.0,37.130001068115234
8045,2020-11-03,36.439998626708984,35.54999923706055,0.0,35.54999923706055
8046,2020-11-04,36.790000915527344,29.56999969482422,0.0,29.56999969482422
8047,2020-11-05,27.559999465942383,27.579999923706055,0.0,27.579999923706055
8048,2020-11-06,27.8700008392334,24.860000610351562,0.0,24.860000610351562
8049,2020-11-09,24.799999237060547,25.75,0.0,25.75
8050,2020-11-10,25.360000610351562,24.799999237060547,0.0,24.799999237060547
8051,2020-11-11,25.010000228881836,23.450000762939453,0.0,23.450000762939453
8052,2020-11-12,24.389999389648438,25.350000381469727,0.0,25.350000381469727
8053,2020-11-13,24.940000534057617,23.100000381469727,0.0,23.100000381469727
8054,2020-11-16,23.65999984741211,22.450000762939453,0.0,22.450000762939453
8055,2020-11-17,22.84000015258789,22.709999084472656,0.0,22.709999084472656
8056,2020-11-18,22.860000610351562,23.84000015258789,0.0,23.84000015258789
8057,2020-11-19,23.6200008392334,23.110000610351562,0.0,23.110000610351562
8058,2020-11-20,23.43000030517578,23.700000762939453,0.0,23.700000762939453
8059,2020-11-23,23.65999984741211,22.65999984741211,0.0,22.65999984741211
8060,2020-11-24,22.040000915527344,21.639999389648438,0.0,21.639999389648438
8061,2020-11-25,21.649999618530273,21.25,0.0,21.25
8063,2020-11-27,21.520000457763672,20.84000015258789,0.0,20.84000015258789
8064,2020-11-30,22.639999389648438,20.56999969482422,0.0,20.56999969482422
8065,2020-12-01,20.209999084472656,20.770000457763672,0.0,20.770000457763672
8066,2020-12-02,21.0,21.170000076293945,0.0,21.170000076293945
8067,2020-12-03,21.239999771118164,21.280000686645508,0.0,21.280000686645508
8068,2020-12-04,21.049999237060547,20.790000915527344,0.0,20.790000915527344
8069,2020-12-07,22.040000915527344,21.299999237060547,0.0,21.299999237060547
8070,2020-12-08,21.649999618530273,20.68000030517578,0.0,20.68000030517578
8071,2020-12-09,20.65999984741211,22.270000457763672,0.0,22.270000457763672
8072,2020-12-10,22.1200008392334,22.520000457763672,0.0,22.520000457763672
8073,2020-12-11,22.489999771118164,23.309999465942383,0.0,23.309999465942383
8074,2020-12-14,22.670000076293945,24.719999313354492,0.0,24.719999313354492
8075,2020-12-15,24.0,22.889999389648438,0.0,22.889999389648438
8076,2020-12-16,22.510000228881836,22.5,0.0,22.5
8077,2020-12-17,21.979999542236328,21.93000030517578,0.0,21.93000030517578
8078,2020-12-18,22.149999618530273,21.56999969482422,0.0,21.56999969482422
8079,2020-12-21,24.25,25.15999984741211,0.0,25.15999984741211
8080,2020-12-22,25.239999771118164,24.229999542236328,0.0,24.229999542236328
8081,2020-12-23,23.489999771118164,23.309999465942383,0.0,23.309999465942383
8082,2020-12-24,22.469999313354492,21.530000686645508,0.0,21.530000686645508
8084,2020-12-28,22.110000610351562,21.700000762939453,0.0,21.700000762939453
8085,2020-12-29,21.610000610351562,23.079999923706055,0.0,23.079999923706055
8086,2020-12-30,22.579999923706055,22.770000457763672,0.0,22.770000457763672
8087,2020-12-31,22.989999771118164,22.75,0.0,22.75
8089,2021-01-04,23.040000915527344,26.969999313354492,0.0,26.969999313354492
8090,2021-01-05,26.940000534057617,25.34000015258789,0.0,25.34000015258789
8091,2021-01-06,25.479999542236328,25.06999969482422,0.0,25.06999969482422
8092,2021-01-07,23.670000076293945,22.3700008392334,0.0,22.3700008392334
8093,2021-01-08,22.43000030517578,21.559999465942383,0.0,21.559999465942383
8094,2021-01-11,23.309999465942383,24.079999923706055,0.0,24.079999923706055
8095,2021-01-12,23.489999771118164,23.329999923706055,0.0,23.329999923706055
8096,2021-01-13,23.06999969482422,22.209999084472656,0.0,22.209999084472656
8097,2021-01-14,22.219999313354492,23.25,0.0,23.25
8098,2021-01-15,23.520000457763672,24.34000015258789,0.0,24.34000015258789
8100,2021-01-19,23.030000686645508,23.239999771118164,0.0,23.239999771118164
8101,2021-01-20,22.81999969482422,21.579999923706055,0.0,21.579999923706055
8102,2021-01-21,21.34000015258789,21.31999969482422,0.0,21.31999969482422
8103,2021-01-22,22.239999771118164,21.90999984741211,0.0,21.90999984741211
8104,2021-01-25,22.309999465942383,23.190000534057617,0.0,23.190000534057617
8105,2021-01-26,23.90999984741211,23.020000457763672,0.0,23.020000457763672
8106,2021-01-27,23.81999969482422,37.209999084472656,0.0,37.209999084472656
8107,2021-01-28,33.25,30.209999084472656,0.0,30.209999084472656
8108,2021-01-29,35.15999984741211,33.09000015258789,0.0,33.09000015258789
8109,2021-02-01,31.450000762939453,30.239999771118164,0.0,30.239999771118164
8110,2021-02-02,28.010000228881836,25.559999465942383,0.0,25.559999465942383
8111,2021-02-03,24.59000015258789,22.90999984741211,0.0,22.90999984741211
8112,2021-02-04,23.440000534057617,21.770000457763672,0.0,21.770000457763672
8113,2021-02-05,21.989999771118164,20.8700008392334,0.0,20.8700008392334
8114,2021-02-08,21.889999389648438,21.239999771118164,0.0,21.239999771118164
8115,2021-02-09,21.56999969482422,21.6299991607666,0.0,21.6299991607666
8116,2021-02-10,21.639999389648438,21.989999771118164,0.0,21.989999771118164
8117,2021-02-11,22.09000015258789,21.25,0.0,21.25
8118,2021-02-12,21.600000381469727,19.969999313354492,0.0,19.969999313354492
8120,2021-02-16,21.1299991607666,21.459999084472656,0.0,21.459999084472656
8121,2021-02-17,22.020000457763672,21.5,0.0,21.5
8122,2021-02-18,21.979999542236328,22.489999771118164,0.0,22.489999771118164
8123,2021-02-19,23.100000381469727,22.049999237060547,0.0,22.049999237060547
8124,2021-02-22,24.459999084472656,23.450000762939453,0.0,23.450000762939453
8125,2021-02-23,22.81999969482422,23.110000610351562,0.0,23.110000610351562
8126,2021-02-24,23.760000228881836,21.34000015258789,0.0,21.34000015258789
8127,2021-02-25,21.729999542236328,28.889999389648438,0.0,28.889999389648438
8128,2021-02-26,28.729999542236328,27.950000762939453,0.0,27.950000762939453
8129,2021-03-01,25.200000762939453,23.350000381469727,0.0,23.350000381469727
8130,2021-03-02,23.579999923706055,24.100000381469727,0.0,24.100000381469727
8131,2021-03-03,22.799999237060547,26.670000076293945,0.0,26.670000076293945
8132,2021-03-04,26.520000457763672,28.56999969482422,0.0,28.56999969482422
8133,2021-03-05,29.479999542236328,24.65999984741211,0.0,24.65999984741211
8134,2021-03-08,27.610000610351562,25.469999313354492,0.0,25.469999313354492
8135,2021-03-09,25.110000610351562,24.030000686645508,0.0,24.030000686645508
8136,2021-03-10,23.760000228881836,22.559999465942383,0.0,22.559999465942383
8137,2021-03-11,22.5,21.90999984741211,0.0,21.90999984741211
8138,2021-03-12,22.56999969482422,20.690000534057617,0.0,20.690000534057617
8139,2021-03-15,21.84000015258789,20.030000686645508,0.0,20.030000686645508
8140,2021-03-16,20.139999389648438,19.790000915527344,0.0,19.790000915527344
8141,2021-03-17,20.100000381469727,19.229999542236328,0.0,19.229999542236328
8142,2021-03-18,18.950000762939453,21.579999923706055,0.0,21.579999923706055
8143,2021-03-19,21.43000030517578,20.950000762939453,0.0,20.950000762939453
8144,2021-03-22,21.90999984741211,18.8799991607666,0.0,18.8799991607666
8145,2021-03-23,19.459999084472656,20.299999237060547,0.0,20.299999237060547
8146,2021-03-24,20.639999389648438,21.200000762939453,0.0,21.200000762939453
8147,2021-03-25,20.799999237060547,19.809999465942383,0.0,19.809999465942383
8148,2021-03-26,19.31999969482422,18.860000610351562,0.0,18.860000610351562
8149,2021-03-29,20.399999618530273,20.739999771118164,0.0,20.739999771118164
8150,2021-03-30,20.760000228881836,19.610000610351562,0.0,19.610000610351562
8151,2021-03-31,19.799999237060547,19.399999618530273,0.0,19.399999618530273
8152,2021-04-01,18.600000381469727,17.329999923706055,0.0,17.329999923706055
8154,2021-04-05,18.15999984741211,17.90999984741211,0.0,17.90999984741211
8155,2021-04-06,18.06999969482422,18.1200008392334,0.0,18.1200008392334
8156,2021-04-07,17.989999771118164,17.15999984741211,0.0,17.15999984741211
8157,2021-04-08,16.920000076293945,16.950000762939453,0.0,16.950000762939453
8158,2021-04-09,17.049999237060547,16.690000534057617,0.0,16.690000534057617
8159,2021-04-12,17.43000030517578,16.90999984741211,0.0,16.90999984741211
8160,2021-04-13,16.989999771118164,16.649999618530273,0.0,16.649999618530273
8161,2021-04-14,16.709999084472656,16.989999771118164,0.0,16.989999771118164
8162,2021-04-15,16.780000686645508,16.56999969482422,0.0,16.56999969482422
8163,2021-04-16,16.649999618530273,16.25,0.0,16.25
8164,2021-04-19,17.040000915527344,17.290000915527344,0.0,17.290000915527344
8165,2021-04-20,17.360000610351562,18.68000030517578,0.0,18.68000030517578
8166,2021-04-21,18.479999542236328,17.5,0.0,17.5
8167,2021-04-22,17.280000686645508,18.709999084472656,0.0,18.709999084472656
8168,2021-04-23,18.559999465942383,17.329999923706055,0.0,17.329999923706055
8169,2021-04-26,17.940000534057617,17.639999389648438,0.0,17.639999389648438
8170,2021-04-27,17.6200008392334,17.559999465942383,0.0,17.559999465942383
8171,2021-04-28,17.469999313354492,17.280000686645508,0.0,17.280000686645508
8172,2021-04-29,16.8799991607666,17.610000610351562,0.0,17.610000610351562
8173,2021-04-30,17.670000076293945,18.610000610351562,0.0,18.610000610351562
8174,2021-05-03,18.649999618530273,18.309999465942383,0.0,18.309999465942383
8175,2021-05-04,18.15999984741211,19.479999542236328,0.0,19.479999542236328
8176,2021-05-05,18.84000015258789,19.149999618530273,0.0,19.149999618530273
8177,2021-05-06,18.40999984741211,18.389999389648438,0.0,18.389999389648438
8178,2021-05-07,18.450000762939453,16.690000534057617,0.0,16.690000534057617
8179,2021-05-10,17.34000015258789,19.65999984741211,0.0,19.65999984741211
8180,2021-05-11,21.170000076293945,21.84000015258789,0.0,21.84000015258789
8181,2021-05-12,22.420000076293945,27.59000015258789,0.0,27.59000015258789
8182,2021-05-13,26.030000686645508,23.1299991607666,0.0,23.1299991607666
8183,2021-05-14,21.770000457763672,18.809999465942383,0.0,18.809999465942383
8184,2021-05-17,19.889999389648438,19.719999313354492,0.0,19.719999313354492
8185,2021-05-18,18.889999389648438,21.34000015258789,0.0,21.34000015258789
8186,2021-05-19,22.459999084472656,22.18000030517578,0.0,22.18000030517578
8187,2021-05-20,22.329999923706055,20.670000076293945,0.0,20.670000076293945
8188,2021-05-21,20.420000076293945,20.149999618530273,0.0,20.149999618530273
8189,2021-05-24,20.5,18.399999618530273,0.0,18.399999618530273
8190,2021-05-25,18.350000381469727,18.84000015258789,0.0,18.84000015258789
8191,2021-05-26,18.3700008392334,17.360000610351562,0.0,17.360000610351562
8192,2021-05-27,18.030000686645508,16.739999771118164,0.0,16.739999771118164
8193,2021-05-28,16.799999237060547,16.760000228881836,0.0,16.760000228881836
8195,2021-06-01,17.239999771118164,17.899999618530273,0.0,17.899999618530273
8196,2021-06-02,17.860000610351562,17.479999542236328,0.0,17.479999542236328
8197,2021-06-03,17.729999542236328,18.040000915527344,0.0,18.040000915527344
8198,2021-06-04,18.09000015258789,16.420000076293945,0.0,16.420000076293945
8199,2021-06-07,17.34000015258789,16.420000076293945,0.0,16.420000076293945
8200,2021-06-08,16.579999923706055,17.06999969482422,0.0,17.06999969482422
8201,2021-06-09,17.18000030517578,17.889999389648438,0.0,17.889999389648438
8202,2021-06-10,18.18000030517578,16.100000381469727,0.0,16.100000381469727
8203,2021-06-11,16.18000030517578,15.649999618530273,0.0,15.649999618530273
8204,2021-06-14,16.040000915527344,16.389999389648438,0.0,16.389999389648438
8205,2021-06-15,16.270000457763672,17.020000457763672,0.0,17.020000457763672
8206,2021-06-16,16.989999771118164,18.149999618530273,0.0,18.149999618530273
8207,2021-06-17,18.489999771118164,17.75,0.0,17.75
8208,2021-06-18,16.959999084472656,20.700000762939453,0.0,20.700000762939453
8209,2021-06-21,21.739999771118164,17.889999389648438,0.0,17.889999389648438
8210,2021-06-22,17.90999984741211,16.65999984741211,0.0,16.65999984741211
8211,2021-06-23,16.25,16.31999969482422,0.0,16.31999969482422
8212,2021-06-24,15.989999771118164,15.970000267028809,0.0,15.970000267028809
8213,2021-06-25,16.040000915527344,15.619999885559082,0.0,15.619999885559082
8214,2021-06-28,16.06999969482422,15.760000228881836,0.0,15.760000228881836
8215,2021-06-29,15.6899995803833,16.020000457763672,0.0,16.020000457763672
8216,2021-06-30,16.18000030517578,15.829999923706055,0.0,15.829999923706055
8217,2021-07-01,15.619999885559082,15.479999542236328,0.0,15.479999542236328
8218,2021-07-02,15.529999732971191,15.069999694824219,0.0,15.069999694824219
8220,2021-07-06,15.770000457763672,16.440000534057617,0.0,16.440000534057617
8221,2021-07-07,16.43000030517578,16.200000762939453,0.0,16.200000762939453
8222,2021-07-08,17.739999771118164,19.0,0.0,19.0
8223,2021-07-09,17.8799991607666,16.18000030517578,0.0,16.18000030517578
8224,2021-07-12,16.850000381469727,16.170000076293945,0.0,16.170000076293945
8225,2021-07-13,16.389999389648438,17.1200008392334,0.0,17.1200008392334
8226,2021-07-14,17.34000015258789,16.329999923706055,0.0,16.329999923706055
8227,2021-07-15,16.700000762939453,17.010000228881836,0.0,17.010000228881836
8228,2021-07-16,16.799999237060547,18.450000762939453,0.0,18.450000762939453
8229,2021-07-19,19.610000610351562,22.5,0.0,22.5
8230,2021-07-20,20.889999389648438,19.729999542236328,0.0,19.729999542236328
8231,2021-07-21,19.729999542236328,17.90999984741211,0.0,17.90999984741211
8232,2021-07-22,17.59000015258789,17.690000534057617,0.0,17.690000534057617
8233,2021-07-23,16.979999542236328,17.200000762939453,0.0,17.200000762939453
8234,2021-07-26,18.670000076293945,17.579999923706055,0.0,17.579999923706055
8235,2021-07-27,18.6200008392334,19.360000610351562,0.0,19.360000610351562
8236,2021-07-28,19.40999984741211,18.309999465942383,0.0,18.309999465942383
8237,2021-07-29,17.90999984741211,17.700000762939453,0.0,17.700000762939453
8238,2021-07-30,19.690000534057617,18.239999771118164,0.0,18.239999771118164
8239,2021-08-02,18.15999984741211,19.459999084472656,0.0,19.459999084472656
8240,2021-08-03,19.170000076293945,18.040000915527344,0.0,18.040000915527344
8241,2021-08-04,18.229999542236328,17.969999313354492,0.0,17.969999313354492
8242,2021-08-05,17.729999542236328,17.280000686645508,0.0,17.280000686645508
8243,2021-08-06,17.459999084472656,16.149999618530273,0.0,16.149999618530273
8244,2021-08-09,17.1200008392334,16.719999313354492,0.0,16.719999313354492
8245,2021-08-10,16.81999969482422,16.790000915527344,0.0,16.790000915527344
8246,2021-08-11,16.809999465942383,16.170000076293945,0.0,16.170000076293945
8247,2021-08-12,16.329999923706055,15.59000015258789,0.0,15.59000015258789
8248,2021-08-13,15.680000305175781,15.449999809265137,0.0,15.449999809265137
8249,2021-08-16,17.049999237060547,16.1200008392334,0.0,16.1200008392334
8250,2021-08-17,17.309999465942383,17.90999984741211,0.0,17.90999984741211
8251,2021-08-18,17.559999465942383,21.56999969482422,0.0,21.56999969482422
8252,2021-08-19,23.1200008392334,21.670000076293945,0.0,21.670000076293945
8253,2021-08-20,22.739999771118164,18.559999465942383,0.0,18.559999465942383
8254,2021-08-23,18.829999923706055,17.149999618530273,0.0,17.149999618530273
8255,2021-08-24,16.959999084472656,17.219999313354492,0.0,17.219999313354492
8256,2021-08-25,17.420000076293945,16.790000915527344,0.0,16.790000915527344
8257,2021-08-26,17.459999084472656,18.84000015258789,0.0,18.84000015258789
8258,2021-08-27,17.950000762939453,16.389999389648438,0.0,16.389999389648438
8259,2021-08-30,16.770000457763672,16.190000534057617,0.0,16.190000534057617
8260,2021-08-31,15.979999542236328,16.479999542236328,0.0,16.479999542236328
8261,2021-09-01,16.059999465942383,16.110000610351562,0.0,16.110000610351562
8262,2021-09-02,16.270000457763672,16.40999984741211,0.0,16.40999984741211
8263,2021-09-03,16.270000457763672,16.40999984741211,0.0,16.40999984741211
8265,2021-09-07,16.940000534057617,18.139999389648438,0.0,18.139999389648438
8266,2021-09-08,18.969999313354492,17.959999084472656,0.0,17.959999084472656
8267,2021-09-09,19.440000534057617,18.799999237060547,0.0,18.799999237060547
8268,2021-09-10,17.940000534057617,20.950000762939453,0.0,20.950000762939453
8269,2021-09-13,19.639999389648438,19.3700008392334,0.0,19.3700008392334
8270,2021-09-14,19.579999923706055,19.459999084472656,0.0,19.459999084472656
8271,2021-09-15,19.299999237060547,18.18000030517578,0.0,18.18000030517578
8272,2021-09-16,18.40999984741211,18.690000534057617,0.0,18.690000534057617
8273,2021-09-17,18.3700008392334,20.809999465942383,0.0,20.809999465942383
8274,2021-09-20,24.25,25.709999084472656,0.0,25.709999084472656
8275,2021-09-21,23.40999984741211,24.360000610351562,0.0,24.360000610351562
8276,2021-09-22,22.719999313354492,20.8700008392334,0.0,20.8700008392334
8277,2021-09-23,19.90999984741211,18.6299991607666,0.0,18.6299991607666
8278,2021-09-24,19.329999923706055,17.75,0.0,17.75
8279,2021-09-27,17.780000686645508,18.760000228881836,0.0,18.760000228881836
8280,2021-09-28,19.739999771118164,23.25,0.0,23.25
8281,2021-09-29,22.06999969482422,22.559999465942383,0.0,22.559999465942383
8282,2021-09-30,21.479999542236328,23.139999389648438,0.0,23.139999389648438
8283,2021-10-01,24.780000686645508,21.100000381469727,0.0,21.100000381469727
8284,2021-10-04,22.899999618530273,22.959999084472656,0.0,22.959999084472656
8285,2021-10-05,22.920000076293945,21.299999237060547,0.0,21.299999237060547
8286,2021-10-06,22.950000762939453,21.0,0.0,21.0
8287,2021-10-07,20.540000915527344,19.540000915527344,0.0,19.540000915527344
8288,2021-10-08,19.459999084472656,18.770000457763672,0.0,18.770000457763672
8289,2021-10-11,19.93000030517578,20.0,0.0,20.0
8290,2021-10-12,20.6200008392334,19.850000381469727,0.0,19.850000381469727
8291,2021-10-13,20.139999389648438,18.639999389648438,0.0,18.639999389648438
8292,2021-10-14,18.010000228881836,16.860000610351562,0.0,16.860000610351562
8293,2021-10-15,16.639999389648438,16.299999237060547,0.0,16.299999237060547
8294,2021-10-18,17.290000915527344,16.309999465942383,0.0,16.309999465942383
8295,2021-10-19,16.09000015258789,15.699999809265137,0.0,15.699999809265137
8296,2021-10-20,15.819999694824219,15.489999771118164,0.0,15.489999771118164
8297,2021-10-21,16.059999465942383,15.010000228881836,0.0,15.010000228881836
8298,2021-10-22,15.350000381469727,15.430000305175781,0.0,15.430000305175781
8299,2021-10-25,16.139999389648438,15.239999771118164,0.0,15.239999771118164
8300,2021-10-26,15.020000457763672,15.979999542236328,0.0,15.979999542236328
8301,2021-10-27,15.789999961853027,16.979999542236328,0.0,16.979999542236328
8302,2021-10-28,17.059999465942383,16.530000686645508,0.0,16.530000686645508
8303,2021-10-29,17.399999618530273,16.260000228881836,0.0,16.260000228881836
8304,2021-11-01,16.850000381469727,16.40999984741211,0.0,16.40999984741211
8305,2021-11-02,16.540000915527344,16.030000686645508,0.0,16.030000686645508
8306,2021-11-03,16.110000610351562,15.100000381469727,0.0,15.100000381469727
8307,2021-11-04,15.0600004196167,15.4399995803833,0.0,15.4399995803833
8308,2021-11-05,15.59000015258789,16.479999542236328,0.0,16.479999542236328
8309,2021-11-08,17.229999542236328,17.219999313354492,0.0,17.219999313354492
8310,2021-11-09,17.43000030517578,17.780000686645508,0.0,17.780000686645508
8311,2021-11-10,17.739999771118164,18.729999542236328,0.0,18.729999542236328
8312,2021-11-11,18.34000015258789,17.65999984741211,0.0,17.65999984741211
8313,2021-11-12,17.489999771118164,16.290000915527344,0.0,16.290000915527344
8314,2021-11-15,17.030000686645508,16.489999771118164,0.0,16.489999771118164
8315,2021-11-16,16.860000610351562,16.3700008392334,0.0,16.3700008392334
8316,2021-11-17,16.360000610351562,17.110000610351562,0.0,17.110000610351562
8317,2021-11-18,16.809999465942383,17.59000015258789,0.0,17.59000015258789
8318,2021-11-19,17.360000610351562,17.90999984741211,0.0,17.90999984741211
8319,2021-11-22,18.200000762939453,19.170000076293945,0.0,19.170000076293945
8320,2021-11-23,20.239999771118164,19.3799991607666,0.0,19.3799991607666
8321,2021-11-24,19.170000076293945,18.579999923706055,0.0,18.579999923706055
8323,2021-11-26,26.6200008392334,28.6200008392334,0.0,28.6200008392334
8324,2021-11-29,25.309999465942383,22.959999084472656,0.0,22.959999084472656
8325,2021-11-30,26.229999542236328,27.190000534057617,0.0,27.190000534057617
8326,2021-12-01,24.920000076293945,31.1200008392334,0.0,31.1200008392334
8327,2021-12-02,29.440000534057617,27.950000762939453,0.0,27.950000762939453
8328,2021-12-03,26.950000762939453,30.670000076293945,0.0,30.670000076293945
8329,2021-12-06,28.989999771118164,27.18000030517578,0.0,27.18000030517578
8330,2021-12-07,24.579999923706055,21.889999389648438,0.0,21.889999389648438
8331,2021-12-08,21.739999771118164,19.899999618530273,0.0,19.899999618530273
8332,2021-12-09,20.309999465942383,21.579999923706055,0.0,21.579999923706055
8333,2021-12-10,21.270000457763672,18.690000534057617,0.0,18.690000534057617
8334,2021-12-13,19.290000915527344,20.309999465942383,0.0,20.309999465942383
8335,2021-12-14,19.670000076293945,21.889999389648438,0.0,21.889999389648438
8336,2021-12-15,21.600000381469727,19.290000915527344,0.0,19.290000915527344
8337,2021-12-16,18.559999465942383,20.56999969482422,0.0,20.56999969482422
8338,2021-12-17,20.700000762939453,21.56999969482422,0.0,21.56999969482422
8339,2021-12-20,25.889999389648438,22.8700008392334,0.0,22.8700008392334
8340,2021-12-21,22.280000686645508,21.010000228881836,0.0,21.010000228881836
8341,2021-12-22,21.040000915527344,18.6299991607666,0.0,18.6299991607666
8342,2021-12-23,18.809999465942383,17.959999084472656,0.0,17.959999084472656
8344,2021-12-27,19.3700008392334,17.68000030517578,0.0,17.68000030517578
8345,2021-12-28,17.780000686645508,17.540000915527344,0.0,17.540000915527344
8346,2021-12-29,17.6299991607666,16.950000762939453,0.0,16.950000762939453
8347,2021-12-30,17.299999237060547,17.329999923706055,0.0,17.329999923706055
8348,2021-12-31,17.6299991607666,17.219999313354492,0.0,17.219999313354492
8349,2022-01-03,17.600000381469727,16.600000381469727,0.0,16.600000381469727
8350,2022-01-04,16.56999969482422,16.90999984741211,0.0,16.90999984741211
8351,2022-01-05,17.06999969482422,19.729999542236328,0.0,19.729999542236328
8352,2022-01-06,20.290000915527344,19.610000610351562,0.0,19.610000610351562
8353,2022-01-07,19.850000381469727,18.760000228881836,0.0,18.760000228881836
8354,2022-01-10,19.579999923706055,19.399999618530273,0.0,19.399999618530273
8355,2022-01-11,19.6200008392334,18.40999984741211,0.0,18.40999984741211
8356,2022-01-12,18.170000076293945,17.6200008392334,0.0,17.6200008392334
8357,2022-01-13,18.059999465942383,20.309999465942383,0.0,20.309999465942383
8358,2022-01-14,20.110000610351562,19.190000534057617,0.0,19.190000534057617
8360,2022-01-18,21.18000030517578,22.790000915527344,0.0,22.790000915527344
8361,2022-01-19,23.1200008392334,23.850000381469727,0.0,23.850000381469727
8362,2022-01-20,23.459999084472656,25.59000015258789,0.0,25.59000015258789
8363,2022-01-21,25.3799991607666,28.850000381469727,0.0,28.850000381469727
8364,2022-01-24,28.200000762939453,29.899999618530273,0.0,29.899999618530273
8365,2022-01-25,32.290000915527344,31.15999984741211,0.0,31.15999984741211
8366,2022-01-26,29.350000381469727,31.959999084472656,0.0,31.959999084472656
8367,2022-01-27,32.189998626708984,30.489999771118164,0.0,30.489999771118164
8368,2022-01-28,30.270000457763672,27.65999984741211,0.0,27.65999984741211
8369,2022-01-31,28.360000610351562,24.829999923706055,0.0,24.829999923706055
8370,2022-02-01,24.56999969482422,21.959999084472656,0.0,21.959999084472656
8371,2022-02-02,21.559999465942383,22.09000015258789,0.0,22.09000015258789
8372,2022-02-03,22.6299991607666,24.350000381469727,0.0,24.350000381469727
8373,2022-02-04,23.770000457763672,23.219999313354492,0.0,23.219999313354492
8374,2022-02-07,24.09000015258789,22.860000610351562,0.0,22.860000610351562
8375,2022-02-08,23.09000015258789,21.440000534057617,0.0,21.440000534057617
8376,2022-02-09,21.270000457763672,19.959999084472656,0.0,19.959999084472656
8377,2022-02-10,20.3700008392334,23.90999984741211,0.0,23.90999984741211
8378,2022-02-11,24.389999389648438,27.360000610351562,0.0,27.360000610351562
8379,2022-02-14,29.170000076293945,28.329999923706055,0.0,28.329999923706055
8380,2022-02-15,28.09000015258789,25.700000762939453,0.0,25.700000762939453
8381,2022-02-16,25.190000534057617,24.290000915527344,0.0,24.290000915527344
8382,2022-02-17,24.829999923706055,28.110000610351562,0.0,28.110000610351562
8383,2022-02-18,26.65999984741211,27.75,0.0,27.75
8385,2022-02-22,31.799999237060547,28.809999465942383,0.0,28.809999465942383
8386,2022-02-23,28.040000915527344,31.020000457763672,0.0,31.020000457763672
8387,2022-02-24,37.5,30.31999969482422,0.0,30.31999969482422
8388,2022-02-25,31.68000030517578,27.59000015258789,0.0,27.59000015258789
8389,2022-02-28,32.439998626708984,30.149999618530273,0.0,30.149999618530273
8390,2022-03-01,29.450000762939453,33.31999969482422,0.0,33.31999969482422
8391,2022-03-02,34.20000076293945,30.739999771118164,0.0,30.739999771118164
8392,2022-03-03,30.520000457763672,30.479999542236328,0.0,30.479999542236328
8393,2022-03-04,31.899999618530273,31.979999542236328,0.0,31.979999542236328
8394,2022-03-07,35.880001068115234,36.45000076293945,0.0,36.45000076293945
8395,2022-03-08,36.189998626708984,35.130001068115234,0.0,35.130001068115234
8396,2022-03-09,33.7400016784668,32.45000076293945,0.0,32.45000076293945
8397,2022-03-10,33.029998779296875,30.229999542236328,0.0,30.229999542236328
8398,2022-03-11,30.43000030517578,30.75,0.0,30.75
8399,2022-03-14,31.030000686645508,31.770000457763672,0.0,31.770000457763672
8400,2022-03-15,33.130001068115234,29.829999923706055,0.0,29.829999923706055
8401,2022-03-16,29.020000457763672,26.670000076293945,0.0,26.670000076293945
8402,2022-03-17,26.510000228881836,25.670000076293945,0.0,25.670000076293945
8403,2022-03-18,26.360000610351562,23.8700008392334,0.0,23.8700008392334
8404,2022-03-21,25.139999389648438,23.530000686645508,0.0,23.530000686645508
8405,2022-03-22,24.020000457763672,22.940000534057617,0.0,22.940000534057617
8406,2022-03-23,23.040000915527344,23.56999969482422,0.0,23.56999969482422
8407,2022-03-24,23.610000610351562,21.670000076293945,0.0,21.670000076293945
8408,2022-03-25,21.8700008392334,20.809999465942383,0.0,20.809999465942383
8409,2022-03-28,22.139999389648438,19.6299991607666,0.0,19.6299991607666
8410,2022-03-29,19.700000762939453,18.899999618530273,0.0,18.899999618530273
8411,2022-03-30,19.3799991607666,19.329999923706055,0.0,19.329999923706055
8412,2022-03-31,19.68000030517578,20.559999465942383,0.0,20.559999465942383
8413,2022-04-01,20.6200008392334,19.6299991607666,0.0,19.6299991607666
8414,2022-04-04,20.75,18.56999969482422,0.0,18.56999969482422
8415,2022-04-05,18.790000915527344,21.030000686645508,0.0,21.030000686645508
8416,2022-04-06,21.270000457763672,22.100000381469727,0.0,22.100000381469727
8417,2022-04-07,21.969999313354492,21.549999237060547,0.0,21.549999237060547
8418,2022-04-08,21.25,21.15999984741211,0.0,21.15999984741211
8419,2022-04-11,23.09000015258789,24.3700008392334,0.0,24.3700008392334
8420,2022-04-12,24.940000534057617,24.260000228881836,0.0,24.260000228881836
8421,2022-04-13,23.520000457763672,21.81999969482422,0.0,21.81999969482422
8422,2022-04-14,21.719999313354492,22.700000762939453,0.0,22.700000762939453
8424,2022-04-18,24.520000457763672,22.170000076293945,0.0,22.170000076293945
8425,2022-04-19,22.549999237060547,21.3700008392334,0.0,21.3700008392334
8426,2022-04-20,21.1299991607666,20.31999969482422,0.0,20.31999969482422
8427,2022-04-21,20.239999771118164,22.68000030517578,0.0,22.68000030517578
8428,2022-04-22,22.709999084472656,28.209999084472656,0.0,28.209999084472656
8429,2022-04-25,30.040000915527344,27.020000457763672,0.0,27.020000457763672
8430,2022-04-26,27.3799991607666,33.52000045776367,0.0,33.52000045776367
8431,2022-04-27,31.110000610351562,31.600000381469727,0.0,31.600000381469727
8432,2022-04-28,29.90999984741211,29.989999771118164,0.0,29.989999771118164
8433,2022-04-29,28.969999313354492,33.400001525878906,0.0,33.400001525878906
8434,2022-05-02,33.349998474121094,32.34000015258789,0.0,32.34000015258789
8435,2022-05-03,31.760000228881836,29.25,0.0,29.25
8436,2022-05-04,29.1200008392334,25.420000076293945,0.0,25.420000076293945
8437,2022-05-05,25.969999313354492,31.200000762939453,0.0,31.200000762939453
8438,2022-05-06,32.22999954223633,30.190000534057617,0.0,30.190000534057617
8439,2022-05-09,31.899999618530273,34.75,0.0,34.75
8440,2022-05-10,33.65999984741211,32.9900016784668,0.0,32.9900016784668
8441,2022-05-11,32.869998931884766,32.560001373291016,0.0,32.560001373291016
8442,2022-05-12,33.7400016784668,31.770000457763672,0.0,31.770000457763672
8443,2022-05-13,31.09000015258789,28.8700008392334,0.0,28.8700008392334
8444,2022-05-16,30.010000228881836,27.469999313354492,0.0,27.469999313354492
8445,2022-05-17,27.06999969482422,26.100000381469727,0.0,26.100000381469727
8446,2022-05-18,26.739999771118164,30.959999084472656,0.0,30.959999084472656
8447,2022-05-19,31.239999771118164,29.350000381469727,0.0,29.350000381469727
8448,2022-05-20,28.780000686645508,29.43000030517578,0.0,29.43000030517578
8449,2022-05-23,28.979999542236328,28.479999542236328,0.0,28.479999542236328
8450,2022-05-24,29.43000030517578,29.450000762939453,0.0,29.450000762939453
8451,2022-05-25,29.329999923706055,28.3700008392334,0.0,28.3700008392334
8452,2022-05-26,28.420000076293945,27.5,0.0,27.5
8453,2022-05-27,27.5,25.719999313354492,0.0,25.719999313354492
8455,2022-05-31,27.469999313354492,26.190000534057617,0.0,26.190000534057617
8456,2022-06-01,26.049999237060547,25.690000534057617,0.0,25.690000534057617
8457,2022-06-02,25.729999542236328,24.719999313354492,0.0,24.719999313354492
8458,2022-06-03,24.90999984741211,24.790000915527344,0.0,24.790000915527344
8459,2022-06-06,25.3700008392334,25.06999969482422,0.0,25.06999969482422
8460,2022-06-07,25.540000915527344,24.020000457763672,0.0,24.020000457763672
8461,2022-06-08,24.3700008392334,23.959999084472656,0.0,23.959999084472656
8462,2022-06-09,24.290000915527344,26.09000015258789,0.0,26.09000015258789
8463,2022-06-10,26.260000228881836,27.75,0.0,27.75
8464,2022-06-13,31.3700008392334,34.02000045776367,0.0,34.02000045776367
8465,2022-06-14,33.0099983215332,32.689998626708984,0.0,32.689998626708984
8466,2022-06-15,32.38999938964844,29.6200008392334,0.0,29.6200008392334
8467,2022-06-16,30.350000381469727,32.95000076293945,0.0,32.95000076293945
8468,2022-06-17,32.84000015258789,31.1299991607666,0.0,31.1299991607666
8470,2022-06-21,30.6299991607666,30.190000534057617,0.0,30.190000534057617
8471,2022-06-22,31.450000762939453,28.950000762939453,0.0,28.950000762939453
8472,2022-06-23,29.290000915527344,29.049999237060547,0.0,29.049999237060547
8473,2022-06-24,29.06999969482422,27.229999542236328,0.0,27.229999542236328
8474,2022-06-27,28.299999237060547,26.950000762939453,0.0,26.950000762939453
8475,2022-06-28,26.899999618530273,28.360000610351562,0.0,28.360000610351562
8476,2022-06-29,28.799999237060547,28.15999984741211,0.0,28.15999984741211
8477,2022-06-30,29.420000076293945,28.709999084472656,0.0,28.709999084472656
8478,2022-07-01,29.530000686645508,26.700000762939453,0.0,26.700000762939453
8480,2022-07-05,27.3700008392334,27.540000915527344,0.0,27.540000915527344
8481,2022-07-06,27.84000015258789,26.729999542236328,0.0,26.729999542236328
8482,2022-07-07,26.729999542236328,26.079999923706055,0.0,26.079999923706055
8483,2022-07-08,26.40999984741211,24.639999389648438,0.0,24.639999389648438
8484,2022-07-11,26.420000076293945,26.170000076293945,0.0,26.170000076293945
8485,2022-07-12,27.139999389648438,27.290000915527344,0.0,27.290000915527344
8486,2022-07-13,27.350000381469727,26.81999969482422,0.0,26.81999969482422
8487,2022-07-14,27.469999313354492,26.399999618530273,0.0,26.399999618530273
8488,2022-07-15,26.719999313354492,24.229999542236328,0.0,24.229999542236328
8489,2022-07-18,24.829999923706055,25.299999237060547,0.0,25.299999237060547
8490,2022-07-19,25.1200008392334,24.5,0.0,24.5
8491,2022-07-20,24.229999542236328,23.8799991607666,0.0,23.8799991607666
8492,2022-07-21,24.06999969482422,23.110000610351562,0.0,23.110000610351562
8493,2022-07-22,23.299999237060547,23.030000686645508,0.0,23.030000686645508
8494,2022-07-25,24.329999923706055,23.360000610351562,0.0,23.360000610351562
8495,2022-07-26,23.950000762939453,24.690000534057617,0.0,24.690000534057617
8496,2022-07-27,24.270000457763672,23.239999771118164,0.0,23.239999771118164
8497,2022-07-28,23.329999923706055,22.329999923706055,0.0,22.329999923706055
8498,2022-07-29,22.1299991607666,21.329999923706055,0.0,21.329999923706055
8499,2022-08-01,22.40999984741211,22.84000015258789,0.0,22.84000015258789
8500,2022-08-02,24.079999923706055,23.93000030517578,0.0,23.93000030517578
8501,2022-08-03,23.860000610351562,21.950000762939453,0.0,21.950000762939453
8502,2022-08-04,22.059999465942383,21.440000534057617,0.0,21.440000534057617
8503,2022-08-05,21.5,21.149999618530273,0.0,21.149999618530273
8504,2022-08-08,21.739999771118164,21.290000915527344,0.0,21.290000915527344
8505,2022-08-09,21.40999984741211,21.770000457763672,0.0,21.770000457763672
8506,2022-08-10,22.280000686645508,19.739999771118164,0.0,19.739999771118164
8507,2022-08-11,19.84000015258789,20.200000762939453,0.0,20.200000762939453
8508,2022-08-12,20.34000015258789,19.530000686645508,0.0,19.530000686645508
8509,2022-08-15,20.739999771118164,19.950000762939453,0.0,19.950000762939453
8510,2022-08-16,20.229999542236328,19.690000534057617,0.0,19.690000534057617
8511,2022-08-17,19.739999771118164,19.899999618530273,0.0,19.899999618530273
8512,2022-08-18,20.510000228881836,19.559999465942383,0.0,19.559999465942383
8513,2022-08-19,20.15999984741211,20.600000381469727,0.0,20.600000381469727
8514,2022-08-22,22.40999984741211,23.799999237060547,0.0,23.799999237060547
8515,2022-08-23,24.1299991607666,24.110000610351562,0.0,24.110000610351562
8516,2022-08-24,24.3700008392334,22.81999969482422,0.0,22.81999969482422
8517,2022-08-25,22.40999984741211,21.780000686645508,0.0,21.780000686645508
8518,2022-08-26,22.06999969482422,25.559999465942383,0.0,25.559999465942383
8519,2022-08-29,26.860000610351562,26.209999084472656,0.0,26.209999084472656
8520,2022-08-30,25.75,26.209999084472656,0.0,26.209999084472656
8521,2022-08-31,25.860000610351562,25.8700008392334,0.0,25.8700008392334
8522,2022-09-01,26.8799991607666,25.559999465942383,0.0,25.559999465942383
8523,2022-09-02,25.510000228881836,25.469999313354492,0.0,25.469999313354492
8525,2022-09-06,25.459999084472656,26.90999984741211,0.0,26.90999984741211
8526,2022-09-07,26.93000030517578,24.639999389648438,0.0,24.639999389648438
8527,2022-09-08,24.700000762939453,23.610000610351562,0.0,23.610000610351562
8528,2022-09-09,23.489999771118164,22.790000915527344,0.0,22.790000915527344
8529,2022-09-12,23.579999923706055,23.8700008392334,0.0,23.8700008392334
8530,2022-09-13,23.670000076293945,27.270000457763672,0.0,27.270000457763672
8531,2022-09-14,26.729999542236328,26.15999984741211,0.0,26.15999984741211
8532,2022-09-15,26.100000381469727,26.270000457763672,0.0,26.270000457763672
8533,2022-09-16,27.469999313354492,26.299999237060547,0.0,26.299999237060547
8534,2022-09-19,27.690000534057617,25.760000228881836,0.0,25.760000228881836
8535,2022-09-20,25.649999618530273,27.15999984741211,0.0,27.15999984741211
8536,2022-09-21,28.030000686645508,27.989999771118164,0.0,27.989999771118164
8537,2022-09-22,28.15999984741211,27.350000381469727,0.0,27.350000381469727
8538,2022-09-23,27.68000030517578,29.920000076293945,0.0,29.920000076293945
8539,2022-09-26,31.739999771118164,32.2599983215332,0.0,32.2599983215332
8540,2022-09-27,31.200000762939453,32.599998474121094,0.0,32.599998474121094
8541,2022-09-28,34.5,30.18000030517578,0.0,30.18000030517578
8542,2022-09-29,31.670000076293945,31.84000015258789,0.0,31.84000015258789
8543,2022-09-30,31.610000610351562,31.6200008392334,0.0,31.6200008392334
8544,2022-10-03,33.0,30.100000381469727,0.0,30.100000381469727
8545,2022-10-04,29.520000457763672,29.06999969482422,0.0,29.06999969482422
8546,2022-10-05,29.360000610351562,28.549999237060547,0.0,28.549999237060547
8547,2022-10-06,28.600000381469727,30.520000457763672,0.0,30.520000457763672
8548,2022-10-07,30.3700008392334,31.360000610351562,0.0,31.360000610351562
8549,2022-10-10,32.93000030517578,32.45000076293945,0.0,32.45000076293945
8550,2022-10-11,33.560001373291016,33.630001068115234,0.0,33.630001068115234
8551,2022-10-12,33.540000915527344,33.56999969482422,0.0,33.56999969482422
8552,2022-10-13,33.599998474121094,31.940000534057617,0.0,31.940000534057617
8553,2022-10-14,31.889999389648438,32.02000045776367,0.0,32.02000045776367
8554,2022-10-17,32.27000045776367,31.3700008392334,0.0,31.3700008392334
8555,2022-10-18,31.100000381469727,30.5,0.0,30.5
8556,2022-10-19,30.940000534057617,30.760000228881836,0.0,30.760000228881836
8557,2022-10-20,31.299999237060547,29.979999542236328,0.0,29.979999542236328
8558,2022-10-21,30.209999084472656,29.690000534057617,0.0,29.690000534057617
8559,2022-10-24,30.649999618530273,29.850000381469727,0.0,29.850000381469727
8560,2022-10-25,29.799999237060547,28.459999084472656,0.0,28.459999084472656
8561,2022-10-26,28.440000534057617,27.280000686645508,0.0,27.280000686645508
8562,2022-10-27,27.510000228881836,27.389999389648438,0.0,27.389999389648438
8563,2022-10-28,27.43000030517578,25.75,0.0,25.75
8564,2022-10-31,26.90999984741211,25.8799991607666,0.0,25.8799991607666
8565,2022-11-01,25.959999084472656,25.809999465942383,0.0,25.809999465942383
8566,2022-11-02,26.040000915527344,25.860000610351562,0.0,25.860000610351562
8567,2022-11-03,25.979999542236328,25.299999237060547,0.0,25.299999237060547
8568,2022-11-04,25.6299991607666,24.549999237060547,0.0,24.549999237060547
8569,2022-11-07,25.670000076293945,24.350000381469727,0.0,24.350000381469727
8570,2022-11-08,24.709999084472656,25.540000915527344,0.0,25.540000915527344
8571,2022-11-09,25.34000015258789,26.09000015258789,0.0,26.09000015258789
8572,2022-11-10,26.510000228881836,23.530000686645508,0.0,23.530000686645508
8573,2022-11-11,23.889999389648438,22.520000457763672,0.0,22.520000457763672
8574,2022-11-14,23.989999771118164,23.729999542236328,0.0,23.729999542236328
8575,2022-11-15,23.770000457763672,24.540000915527344,0.0,24.540000915527344
8576,2022-11-16,24.290000915527344,24.110000610351562,0.0,24.110000610351562
8577,2022-11-17,24.049999237060547,23.93000030517578,0.0,23.93000030517578
8578,2022-11-18,24.030000686645508,23.1200008392334,0.0,23.1200008392334
8579,2022-11-21,24.049999237060547,22.360000610351562,0.0,22.360000610351562
8580,2022-11-22,22.59000015258789,21.290000915527344,0.0,21.290000915527344
8581,2022-11-23,21.489999771118164,20.350000381469727,0.0,20.350000381469727
8583,2022-11-25,20.610000610351562,20.5,0.0,20.5
8584,2022-11-28,22.09000015258789,22.209999084472656,0.0,22.209999084472656
8585,2022-11-29,22.09000015258789,21.889999389648438,0.0,21.889999389648438
8586,2022-11-30,21.700000762939453,20.579999923706055,0.0,20.579999923706055
8587,2022-12-01,20.829999923706055,19.84000015258789,0.0,19.84000015258789
8588,2022-12-02,20.420000076293945,19.059999465942383,0.0,19.059999465942383
8589,2022-12-05,20.299999237060547,20.75,0.0,20.75
8590,2022-12-06,20.690000534057617,22.170000076293945,0.0,22.170000076293945
8591,2022-12-07,22.31999969482422,22.68000030517578,0.0,22.68000030517578
8592,2022-12-08,22.809999465942383,22.290000915527344,0.0,22.290000915527344
8593,2022-12-09,22.549999237060547,22.829999923706055,0.0,22.829999923706055
8594,2022-12-12,24.399999618530273,25.0,0.0,25.0
8595,2022-12-13,25.239999771118164,22.549999237060547,0.0,22.549999237060547
8596,2022-12-14,22.829999923706055,21.139999389648438,0.0,21.139999389648438
8597,2022-12-15,21.520000457763672,22.829999923706055,0.0,22.829999923706055
8598,2022-12-16,23.260000228881836,22.6200008392334,0.0,22.6200008392334
8599,2022-12-19,22.6299991607666,22.420000076293945,0.0,22.420000076293945
8600,2022-12-20,23.170000076293945,21.479999542236328,0.0,21.479999542236328
8601,2022-12-21,21.25,20.06999969482422,0.0,20.06999969482422
8602,2022-12-22,20.079999923706055,21.969999313354492,0.0,21.969999313354492
8603,2022-12-23,22.170000076293945,20.8700008392334,0.0,20.8700008392334
8605,2022-12-27,21.670000076293945,21.649999618530273,0.0,21.649999618530273
8606,2022-12-28,21.469999313354492,22.139999389648438,0.0,22.139999389648438
8607,2022-12-29,22.25,21.440000534057617,0.0,21.440000534057617
8608,2022-12-30,21.829999923706055,21.670000076293945,0.0,21.670000076293945
8610,2023-01-03,23.09000015258789,22.899999618530273,0.0,22.899999618530273
8611,2023-01-04,22.93000030517578,22.010000228881836,0.0,22.010000228881836
8612,2023-01-05,22.200000762939453,22.459999084472656,0.0,22.459999084472656
8613,2023-01-06,22.690000534057617,21.1299991607666,0.0,21.1299991607666
8614,2023-01-09,21.75,21.969999313354492,0.0,21.969999313354492
8615,2023-01-10,22.219999313354492,20.579999923706055,0.0,20.579999923706055
8616,2023-01-11,20.799999237060547,21.09000015258789,0.0,21.09000015258789
8617,2023-01-12,21.559999465942383,18.829999923706055,0.0,18.829999923706055
8618,2023-01-13,19.0,18.350000381469727,0.0,18.350000381469727
8620,2023-01-17,19.889999389648438,19.360000610351562,0.0,19.360000610351562
8621,2023-01-18,19.280000686645508,20.34000015258789,0.0,20.34000015258789
8622,2023-01-19,20.43000030517578,20.520000457763672,0.0,20.520000457763672
8623,2023-01-20,20.280000686645508,19.850000381469727,0.0,19.850000381469727
8624,2023-01-23,20.209999084472656,19.809999465942383,0.0,19.809999465942383
8625,2023-01-24,19.889999389648438,19.200000762939453,0.0,19.200000762939453
8626,2023-01-25,19.559999465942383,19.079999923706055,0.0,19.079999923706055
8627,2023-01-26,19.049999237060547,18.729999542236328,0.0,18.729999542236328
8628,2023-01-27,18.899999618530273,18.510000228881836,0.0,18.510000228881836
8629,2023-01-30,19.760000228881836,19.940000534057617,0.0,19.940000534057617
8630,2023-01-31,20.1200008392334,19.399999618530273,0.0,19.399999618530273
8631,2023-02-01,19.6200008392334,17.8700008392334,0.0,17.8700008392334
8632,2023-02-02,17.739999771118164,18.729999542236328,0.0,18.729999542236328
8633,2023-02-03,18.56999969482422,18.329999923706055,0.0,18.329999923706055
8634,2023-02-06,19.229999542236328,19.43000030517578,0.0,19.43000030517578
8635,2023-02-07,19.540000915527344,18.65999984741211,0.0,18.65999984741211
8636,2023-02-08,18.8799991607666,19.6299991607666,0.0,19.6299991607666
8637,2023-02-09,19.239999771118164,20.709999084472656,0.0,20.709999084472656
8638,2023-02-10,20.739999771118164,20.530000686645508,0.0,20.530000686645508
8639,2023-02-13,21.65999984741211,20.34000015258789,0.0,20.34000015258789
8640,2023-02-14,20.719999313354492,18.90999984741211,0.0,18.90999984741211
8641,2023-02-15,19.3700008392334,18.229999542236328,0.0,18.229999542236328
8642,2023-02-16,18.260000228881836,20.170000076293945,0.0,20.170000076293945
8643,2023-02-17,20.940000534057617,20.020000457763672,0.0,20.020000457763672
8645,2023-02-21,21.799999237060547,22.8700008392334,0.0,22.8700008392334
8646,2023-02-22,23.030000686645508,22.290000915527344,0.0,22.290000915527344
8647,2023-02-23,21.959999084472656,21.139999389648438,0.0,21.139999389648438
8648,2023-02-24,21.350000381469727,21.670000076293945,0.0,21.670000076293945
8649,2023-02-27,21.989999771118164,20.950000762939453,0.0,20.950000762939453
8650,2023-02-28,21.299999237060547,20.700000762939453,0.0,20.700000762939453
8651,2023-03-01,20.389999389648438,20.579999923706055,0.0,20.579999923706055
8652,2023-03-02,21.40999984741211,19.59000015258789,0.0,19.59000015258789
8653,2023-03-03,19.760000228881836,18.489999771118164,0.0,18.489999771118164
8654,2023-03-06,19.049999237060547,18.610000610351562,0.0,18.610000610351562
8655,2023-03-07,18.639999389648438,19.59000015258789,0.0,19.59000015258789
8656,2023-03-08,19.709999084472656,19.110000610351562,0.0,19.110000610351562
8657,2023-03-09,19.329999923706055,22.610000610351562,0.0,22.610000610351562
8658,2023-03-10,23.34000015258789,24.799999237060547,0.0,24.799999237060547
8659,2023-03-13,24.049999237060547,26.520000457763672,0.0,26.520000457763672
8660,2023-03-14,26.850000381469727,23.729999542236328,0.0,23.729999542236328
8661,2023-03-15,23.209999084472656,26.139999389648438,0.0,26.139999389648438
8662,2023-03-16,26.190000534057617,22.989999771118164,0.0,22.989999771118164
8663,2023-03-17,22.920000076293945,25.510000228881836,0.0,25.510000228881836
8664,2023-03-20,27.770000457763672,24.149999618530273,0.0,24.149999618530273
8665,2023-03-21,24.15999984741211,21.3799991607666,0.0,21.3799991607666
8666,2023-03-22,21.799999237060547,22.260000228881836,0.0,22.260000228881836
8667,2023-03-23,21.540000915527344,22.610000610351562,0.0,22.610000610351562
8668,2023-03-24,22.110000610351562,21.739999771118164,0.0,21.739999771118164
8669,2023-03-27,22.049999237060547,20.600000381469727,0.0,20.600000381469727
8670,2023-03-28,20.530000686645508,19.969999313354492,0.0,19.969999313354492
8671,2023-03-29,19.389999389648438,19.1200008392334,0.0,19.1200008392334
8672,2023-03-30,19.1200008392334,19.020000457763672,0.0,19.020000457763672
8673,2023-03-31,19.209999084472656,18.700000762939453,0.0,18.700000762939453
8674,2023-04-03,19.790000915527344,18.549999237060547,0.0,18.549999237060547
8675,2023-04-04,18.790000915527344,19.0,0.0,19.0
8676,2023-04-05,19.420000076293945,19.079999923706055,0.0,19.079999923706055
8677,2023-04-06,19.299999237060547,18.399999618530273,0.0,18.399999618530273
8679,2023-04-10,19.389999389648438,18.969999313354492,0.0,18.969999313354492
8680,2023-04-11,19.079999923706055,19.100000381469727,0.0,19.100000381469727
8681,2023-04-12,19.3799991607666,19.09000015258789,0.0,19.09000015258789
8682,2023-04-13,18.829999923706055,17.799999237060547,0.0,17.799999237060547
8683,2023-04-14,17.940000534057617,17.06999969482422,0.0,17.06999969482422
8684,2023-04-17,17.579999923706055,16.950000762939453,0.0,16.950000762939453
8685,2023-04-18,16.940000534057617,16.829999923706055,0.0,16.829999923706055
8686,2023-04-19,17.299999237060547,16.459999084472656,0.0,16.459999084472656
8687,2023-04-20,16.850000381469727,17.170000076293945,0.0,17.170000076293945
8688,2023-04-21,17.510000228881836,16.770000457763672,0.0,16.770000457763672
8689,2023-04-24,18.219999313354492,16.889999389648438,0.0,16.889999389648438
8690,2023-04-25,17.6200008392334,18.760000228881836,0.0,18.760000228881836
8691,2023-04-26,18.65999984741211,18.84000015258789,0.0,18.84000015258789
8692,2023-04-27,18.43000030517578,17.030000686645508,0.0,17.030000686645508
8693,2023-04-28,17.209999084472656,15.779999732971191,0.0,15.779999732971191
8694,2023-05-01,16.40999984741211,16.079999923706055,0.0,16.079999923706055
8695,2023-05-02,16.270000457763672,17.780000686645508,0.0,17.780000686645508
8696,2023-05-03,17.81999969482422,18.34000015258789,0.0,18.34000015258789
8697,2023-05-04,19.170000076293945,20.09000015258789,0.0,20.09000015258789
8698,2023-05-05,19.5,17.190000534057617,0.0,17.190000534057617
8699,2023-05-08,17.729999542236328,16.979999542236328,0.0,16.979999542236328
8700,2023-05-09,17.290000915527344,17.709999084472656,0.0,17.709999084472656
8701,2023-05-10,17.579999923706055,16.940000534057617,0.0,16.940000534057617
8702,2023-05-11,16.799999237060547,16.93000030517578,0.0,16.93000030517578
8703,2023-05-12,16.829999923706055,17.030000686645508,0.0,17.030000686645508
8704,2023-05-15,17.440000534057617,17.1200008392334,0.0,17.1200008392334
8705,2023-05-16,17.540000915527344,17.989999771118164,0.0,17.989999771118164
8706,2023-05-17,17.959999084472656,16.8700008392334,0.0,16.8700008392334
8707,2023-05-18,16.920000076293945,16.049999237060547,0.0,16.049999237060547
8708,2023-05-19,16.1299991607666,16.809999465942383,0.0,16.809999465942383
8709,2023-05-22,17.450000762939453,17.209999084472656,0.0,17.209999084472656
8710,2023-05-23,17.350000381469727,18.530000686645508,0.0,18.530000686645508
8711,2023-05-24,18.799999237060547,20.030000686645508,0.0,20.030000686645508
8712,2023-05-25,19.540000915527344,19.139999389648438,0.0,19.139999389648438
8713,2023-05-26,19.06999969482422,17.950000762939453,0.0,17.950000762939453
8715,2023-05-30,17.559999465942383,17.459999084472656,0.0,17.459999084472656
8716,2023-05-31,18.040000915527344,17.940000534057617,0.0,17.940000534057617
8717,2023-06-01,17.239999771118164,15.649999618530273,0.0,15.649999618530273
8718,2023-06-02,15.649999618530273,14.600000381469727,0.0,14.600000381469727
8719,2023-06-05,15.279999732971191,14.729999542236328,0.0,14.729999542236328
8720,2023-06-06,14.90999984741211,13.960000038146973,0.0,13.960000038146973
8721,2023-06-07,14.140000343322754,13.9399995803833,0.0,13.9399995803833
8722,2023-06-08,14.140000343322754,13.649999618530273,0.0,13.649999618530273
8723,2023-06-09,13.779999732971191,13.829999923706055,0.0,13.829999923706055
8724,2023-06-12,14.4399995803833,15.010000228881836,0.0,15.010000228881836
8725,2023-06-13,14.989999771118164,14.609999656677246,0.0,14.609999656677246
8726,2023-06-14,14.479999542236328,13.880000114440918,0.0,13.880000114440918
8727,2023-06-15,14.09000015258789,14.5,0.0,14.5
8728,2023-06-16,14.489999771118164,13.539999961853027,0.0,13.539999961853027
8730,2023-06-20,14.359999656677246,13.880000114440918,0.0,13.880000114440918
8731,2023-06-21,13.880000114440918,13.199999809265137,0.0,13.199999809265137
8732,2023-06-22,13.880000114440918,12.90999984741211,0.0,12.90999984741211
8733,2023-06-23,13.239999771118164,13.4399995803833,0.0,13.4399995803833
8734,2023-06-26,14.430000305175781,14.25,0.0,14.25
8735,2023-06-27,14.109999656677246,13.739999771118164,0.0,13.739999771118164
8736,2023-06-28,13.899999618530273,13.430000305175781,0.0,13.430000305175781
8737,2023-06-29,13.640000343322754,13.539999961853027,0.0,13.539999961853027
8738,2023-06-30,13.510000228881836,13.59000015258789,0.0,13.59000015258789
8739,2023-07-03,13.850000381469727,13.569999694824219,0.0,13.569999694824219
8741,2023-07-05,14.1899995803833,14.180000305175781,0.0,14.180000305175781
8742,2023-07-06,14.850000381469727,15.4399995803833,0.0,15.4399995803833
8743,2023-07-07,15.970000267028809,14.829999923706055,0.0,14.829999923706055
8744,2023-07-10,16.079999923706055,15.069999694824219,0.0,15.069999694824219
8745,2023-07-11,15.020000457763672,14.84000015258789,0.0,14.84000015258789
8746,2023-07-12,14.819999694824219,13.539999961853027,0.0,13.539999961853027
8747,2023-07-13,13.4399995803833,13.609999656677246,0.0,13.609999656677246
8748,2023-07-14,13.720000267028809,13.34000015258789,0.0,13.34000015258789
8749,2023-07-17,13.779999732971191,13.479999542236328,0.0,13.479999542236328
8750,2023-07-18,13.609999656677246,13.300000190734863,0.0,13.300000190734863
8751,2023-07-19,13.319999694824219,13.760000228881836,0.0,13.760000228881836
8752,2023-07-20,13.960000038146973,13.989999771118164,0.0,13.989999771118164
8753,2023-07-21,13.869999885559082,13.600000381469727,0.0,13.600000381469727
8754,2023-07-24,14.289999961853027,13.90999984741211,0.0,13.90999984741211
8755,2023-07-25,14.020000457763672,13.859999656677246,0.0,13.859999656677246
8756,2023-07-26,13.859999656677246,13.1899995803833,0.0,13.1899995803833
8757,2023-07-27,13.140000343322754,14.40999984741211,0.0,14.40999984741211
8758,2023-07-28,14.029999732971191,13.329999923706055,0.0,13.329999923706055
8759,2023-07-31,13.979999542236328,13.630000114440918,0.0,13.630000114440918
8760,2023-08-01,13.75,13.930000305175781,0.0,13.930000305175781
8761,2023-08-02,15.699999809265137,16.09000015258789,0.0,16.09000015258789
8762,2023-08-03,16.770000457763672,15.920000076293945,0.0,15.920000076293945
8763,2023-08-04,16.010000228881836,17.100000381469727,0.0,17.100000381469727
8764,2023-08-07,16.899999618530273,15.770000457763672,0.0,15.770000457763672
8765,2023-08-08,16.280000686645508,15.989999771118164,0.0,15.989999771118164
8766,2023-08-09,15.8100004196167,15.960000038146973,0.0,15.960000038146973
8767,2023-08-10,15.579999923706055,15.850000381469727,0.0,15.850000381469727
8768,2023-08-11,15.529999732971191,14.84000015258789,0.0,14.84000015258789
8769,2023-08-14,15.880000114440918,14.819999694824219,0.0,14.819999694824219
8770,2023-08-15,14.949999809265137,16.459999084472656,0.0,16.459999084472656
8771,2023-08-16,16.540000915527344,16.780000686645508,0.0,16.780000686645508
8772,2023-08-17,16.959999084472656,17.889999389648438,0.0,17.889999389648438
8773,2023-08-18,17.799999237060547,17.299999237060547,0.0,17.299999237060547
8774,2023-08-21,18.030000686645508,17.1299991607666,0.0,17.1299991607666
8775,2023-08-22,16.959999084472656,16.969999313354492,0.0,16.969999313354492
8776,2023-08-23,16.639999389648438,15.979999542236328,0.0,15.979999542236328
8777,2023-08-24,15.569999694824219,17.200000762939453,0.0,17.200000762939453
8778,2023-08-25,17.209999084472656,15.680000305175781,0.0,15.680000305175781
8779,2023-08-28,16.239999771118164,15.079999923706055,0.0,15.079999923706055
8780,2023-08-29,15.079999923706055,14.449999809265137,0.0,14.449999809265137
8781,2023-08-30,14.529999732971191,13.880000114440918,0.0,13.880000114440918
8782,2023-08-31,13.979999542236328,13.569999694824219,0.0,13.569999694824219
8783,2023-09-01,13.5600004196167,13.09000015258789,0.0,13.09000015258789
8785,2023-09-05,14.149999618530273,14.010000228881836,0.0,14.010000228881836
8786,2023-09-06,14.270000457763672,14.449999809265137,0.0,14.449999809265137
8787,2023-09-07,14.8100004196167,14.399999618530273,0.0,14.399999618530273
8788,2023-09-08,14.220000267028809,13.84000015258789,0.0,13.84000015258789
8789,2023-09-11,14.170000076293945,13.800000190734863,0.0,13.800000190734863
8790,2023-09-12,14.020000457763672,14.229999542236328,0.0,14.229999542236328
8791,2023-09-13,14.420000076293945,13.479999542236328,0.0,13.479999542236328
8792,2023-09-14,13.390000343322754,12.819999694824219,0.0,12.819999694824219
8793,2023-09-15,12.699999809265137,13.789999961853027,0.0,13.789999961853027
8794,2023-09-18,14.399999618530273,14.0,0.0,14.0
8795,2023-09-19,14.109999656677246,14.109999656677246,0.0,14.109999656677246
8796,2023-09-20,14.180000305175781,15.140000343322754,0.0,15.140000343322754
8797,2023-09-21,15.489999771118164,17.540000915527344,0.0,17.540000915527344
8798,2023-09-22,17.309999465942383,17.200000762939453,0.0,17.200000762939453
8799,2023-09-25,17.25,16.899999618530273,0.0,16.899999618530273
8800,2023-09-26,18.030000686645508,18.940000534057617,0.0,18.940000534057617
8801,2023-09-27,18.290000915527344,18.219999313354492,0.0,18.219999313354492
8802,2023-09-28,18.219999313354492,17.34000015258789,0.0,17.34000015258789
8803,2023-09-29,16.8700008392334,17.520000457763672,0.0,17.520000457763672
8804,2023-10-02,17.309999465942383,17.610000610351562,0.0,17.610000610351562
8805,2023-10-03,17.809999465942383,19.780000686645508,0.0,19.780000686645508
8806,2023-10-04,20.719999313354492,18.579999923706055,0.0,18.579999923706055
8807,2023-10-05,18.670000076293945,18.489999771118164,0.0,18.489999771118164
8808,2023-10-06,18.729999542236328,17.450000762939453,0.0,17.450000762939453
8809,2023-10-09,19.540000915527344,17.700000762939453,0.0,17.700000762939453
8810,2023-10-10,17.700000762939453,17.030000686645508,0.0,17.030000686645508
8811,2023-10-11,16.950000762939453,16.09000015258789,0.0,16.09000015258789
8812,2023-10-12,16.079999923706055,16.690000534057617,0.0,16.690000534057617
8813,2023-10-13,16.530000686645508,19.31999969482422,0.0,19.31999969482422
8814,2023-10-16,19.100000381469727,17.209999084472656,0.0,17.209999084472656
8815,2023-10-17,17.40999984741211,17.8799991607666,0.0,17.8799991607666
8816,2023-10-18,18.360000610351562,19.219999313354492,0.0,19.219999313354492
8817,2023-10-19,19.729999542236328,21.399999618530273,0.0,21.399999618530273
8818,2023-10-20,21.59000015258789,21.709999084472656,0.0,21.709999084472656
8819,2023-10-23,21.829999923706055,20.3700008392334,0.0,20.3700008392334
8820,2023-10-24,20.030000686645508,18.969999313354492,0.0,18.969999313354492
8821,2023-10-25,19.389999389648438,20.190000534057617,0.0,20.190000534057617
8822,2023-10-26,21.780000686645508,20.68000030517578,0.0,20.68000030517578
8823,2023-10-27,20.389999389648438,21.270000457763672,0.0,21.270000457763672
8824,2023-10-30,21.1299991607666,19.75,0.0,19.75
8825,2023-10-31,19.860000610351562,18.139999389648438,0.0,18.139999389648438
8826,2023-11-01,18.020000457763672,16.8700008392334,0.0,16.8700008392334
8827,2023-11-02,16.59000015258789,15.65999984741211,0.0,15.65999984741211
8828,2023-11-03,15.699999809265137,14.90999984741211,0.0,14.90999984741211
8829,2023-11-06,15.390000343322754,14.890000343322754,0.0,14.890000343322754
8830,2023-11-07,15.100000381469727,14.8100004196167,0.0,14.8100004196167
8831,2023-11-08,14.90999984741211,14.449999809265137,0.0,14.449999809265137
8832,2023-11-09,14.609999656677246,15.289999961853027,0.0,15.289999961853027
8833,2023-11-10,15.09000015258789,14.170000076293945,0.0,14.170000076293945
8834,2023-11-13,15.15999984741211,14.760000228881836,0.0,14.760000228881836
8835,2023-11-14,14.829999923706055,14.15999984741211,0.0,14.15999984741211
8836,2023-11-15,14.210000038146973,14.180000305175781,0.0,14.180000305175781
8837,2023-11-16,14.119999885559082,14.319999694824219,0.0,14.319999694824219
8838,2023-11-17,14.180000305175781,13.800000190734863,0.0,13.800000190734863
8839,2023-11-20,14.260000228881836,13.40999984741211,0.0,13.40999984741211
8840,2023-11-21,13.449999809265137,13.350000381469727,0.0,13.350000381469727
8841,2023-11-22,13.079999923706055,12.850000381469727,0.0,12.850000381469727
8843,2023-11-24,13.029999732971191,12.460000038146973,0.0,12.460000038146973
8844,2023-11-27,13.140000343322754,12.6899995803833,0.0,12.6899995803833
8845,2023-11-28,12.779999732971191,12.6899995803833,0.0,12.6899995803833
8846,2023-11-29,12.710000038146973,12.979999542236328,0.0,12.979999542236328
8847,2023-11-30,13.069999694824219,12.920000076293945,0.0,12.920000076293945
8848,2023-12-01,12.9399995803833,12.630000114440918,0.0,12.630000114440918
8849,2023-12-04,13.279999732971191,13.079999923706055,0.0,13.079999923706055
8850,2023-12-05,13.260000228881836,12.850000381469727,0.0,12.850000381469727
8851,2023-12-06,12.779999732971191,12.970000267028809,0.0,12.970000267028809
8852,2023-12-07,13.170000076293945,13.0600004196167,0.0,13.0600004196167
8853,2023-12-08,13.140000343322754,12.350000381469727,0.0,12.350000381469727
8854,2023-12-11,13.050000190734863,12.630000114440918,0.0,12.630000114440918
8855,2023-12-12,12.6899995803833,12.069999694824219,0.0,12.069999694824219
8856,2023-12-13,12.199999809265137,12.1899995803833,0.0,12.1899995803833
8857,2023-12-14,11.960000038146973,12.479999542236328,0.0,12.479999542236328
8858,2023-12-15,12.119999885559082,12.279999732971191,0.0,12.279999732971191
8859,2023-12-18,12.619999885559082,12.5600004196167,0.0,12.5600004196167
8860,2023-12-19,12.600000381469727,12.529999732971191,0.0,12.529999732971191
8861,2023-12-20,12.630000114440918,13.670000076293945,0.0,13.670000076293945
8862,2023-12-21,13.399999618530273,13.649999618530273,0.0,13.649999618530273
8863,2023-12-22,13.720000267028809,13.029999732971191,0.0,13.029999732971191
8865,2023-12-26,13.770000457763672,12.989999771118164,0.0,12.989999771118164
8866,2023-12-27,13.020000457763672,12.430000305175781,0.0,12.430000305175781
8867,2023-12-28,12.4399995803833,12.470000267028809,0.0,12.470000267028809
8868,2023-12-29,12.550000190734863,12.449999809265137,0.0,12.449999809265137
8870,2024-01-02,13.220000267028809,13.199999809265137,0.0,13.199999809265137
8871,2024-01-03,13.350000381469727,14.039999961853027,0.0,14.039999961853027
8872,2024-01-04,13.930000305175781,14.130000114440918,0.0,14.130000114440918
8873,2024-01-05,14.239999771118164,13.350000381469727,0.0,13.350000381469727
8874,2024-01-08,14.0,13.079999923706055,0.0,13.079999923706055
8875,2024-01-09,13.199999809265137,12.760000228881836,0.0,12.760000228881836
8876,2024-01-10,12.859999656677246,12.6899995803833,0.0,12.6899995803833
8877,2024-01-11,12.640000343322754,12.4399995803833,0.0,12.4399995803833
8878,2024-01-12,12.65999984741211,12.699999809265137,0.0,12.699999809265137
8880,2024-01-16,14.119999885559082,13.84000015258789,0.0,13.84000015258789
8881,2024-01-17,14.59000015258789,14.789999961853027,0.0,14.789999961853027
8882,2024-01-18,14.850000381469727,14.130000114440918,0.0,14.130000114440918
8883,2024-01-19,13.800000190734863,13.300000190734863,0.0,13.300000190734863
8884,2024-01-22,13.770000457763672,13.1899995803833,0.0,13.1899995803833
8885,2024-01-23,13.199999809265137,12.550000190734863,0.0,12.550000190734863
8886,2024-01-24,12.65999984741211,13.140000343322754,0.0,13.140000343322754
8887,2024-01-25,13.180000305175781,13.449999809265137,0.0,13.449999809265137
8888,2024-01-26,13.729999542236328,13.260000228881836,0.0,13.260000228881836
8889,2024-01-29,13.979999542236328,13.600000381469727,0.0,13.600000381469727
8890,2024-01-30,13.6899995803833,13.3100004196167,0.0,13.3100004196167
8891,2024-01-31,13.420000076293945,14.350000381469727,0.0,14.350000381469727
8892,2024-02-01,14.210000038146973,13.880000114440918,0.0,13.880000114440918
8893,2024-02-02,13.949999809265137,13.850000381469727,0.0,13.850000381469727
8894,2024-02-05,14.369999885559082,13.670000076293945,0.0,13.670000076293945
8895,2024-02-06,13.569999694824219,13.0600004196167,0.0,13.0600004196167
8896,2024-02-07,13.0600004196167,12.829999923706055,0.0,12.829999923706055
8897,2024-02-08,12.949999809265137,12.789999961853027,0.0,12.789999961853027
8898,2024-02-09,12.789999961853027,12.930000305175781,0.0,12.930000305175781
8899,2024-02-12,13.479999542236328,13.930000305175781,0.0,13.930000305175781
8900,2024-02-13,13.960000038146973,15.850000381469727,0.0,15.850000381469727
8901,2024-02-14,15.380000114440918,14.380000114440918,0.0,14.380000114440918
8902,2024-02-15,14.270000457763672,14.010000228881836,0.0,14.010000228881836
8903,2024-02-16,13.9399995803833,14.239999771118164,0.0,14.239999771118164
8905,2024-02-20,15.09000015258789,15.420000076293945,0.0,15.420000076293945
8906,2024-02-21,15.539999961853027,15.34000015258789,0.0,15.34000015258789
8907,2024-02-22,14.279999732971191,14.539999961853027,0.0,14.539999961853027
8908,2024-02-23,14.3100004196167,13.75,0.0,13.75
8909,2024-02-26,14.170000076293945,13.739999771118164,0.0,13.739999771118164
8910,2024-02-27,13.630000114440918,13.430000305175781,0.0,13.430000305175781
8911,2024-02-28,13.520000457763672,13.84000015258789,0.0,13.84000015258789
8912,2024-02-29,14.140000343322754,13.399999618530273,0.0,13.399999618530273
8913,2024-03-01,13.34000015258789,13.109999656677246,0.0,13.109999656677246
8914,2024-03-04,13.489999771118164,13.489999771118164,0.0,13.489999771118164
8915,2024-03-05,13.75,14.460000038146973,0.0,14.460000038146973
8916,2024-03-06,14.270000457763672,14.5,0.0,14.5
8917,2024-03-07,14.979999542236328,14.4399995803833,0.0,14.4399995803833
8918,2024-03-08,14.220000267028809,14.739999771118164,0.0,14.739999771118164
8919,2024-03-11,15.510000228881836,15.220000267028809,0.0,15.220000267028809
8920,2024-03-12,14.970000267028809,13.84000015258789,0.0,13.84000015258789
8921,2024-03-13,13.890000343322754,13.75,0.0,13.75
8922,2024-03-14,13.619999885559082,14.399999618530273,0.0,14.399999618530273
8923,2024-03-15,14.329999923706055,14.40999984741211,0.0,14.40999984741211
8924,2024-03-18,14.75,14.329999923706055,0.0,14.329999923706055
8925,2024-03-19,14.5,13.819999694824219,0.0,13.819999694824219
8926,2024-03-20,13.829999923706055,13.039999961853027,0.0,13.039999961853027
8927,2024-03-21,12.979999542236328,12.920000076293945,0.0,12.920000076293945
8928,2024-03-22,12.920000076293945,13.0600004196167,0.0,13.0600004196167
8929,2024-03-25,13.670000076293945,13.1899995803833,0.0,13.1899995803833
8930,2024-03-26,13.119999885559082,13.239999771118164,0.0,13.239999771118164
8931,2024-03-27,13.130000114440918,12.779999732971191,0.0,12.779999732971191
8932,2024-03-28,12.930000305175781,13.010000228881836,0.0,13.010000228881836
8934,2024-04-01,13.609999656677246,13.649999618530273,0.0,13.649999618530273
8935,2024-04-02,13.739999771118164,14.609999656677246,0.0,14.609999656677246
8936,2024-04-03,15.0,14.329999923706055,0.0,14.329999923706055
8937,2024-04-04,14.289999961853027,16.350000381469727,0.0,16.350000381469727
8938,2024-04-05,16.450000762939453,16.030000686645508,0.0,16.030000686645508
8939,2024-04-08,16.239999771118164,15.1899995803833,0.0,15.1899995803833
8940,2024-04-09,15.34000015258789,14.979999542236328,0.0,14.979999542236328
8941,2024-04-10,15.239999771118164,15.800000190734863,0.0,15.800000190734863
8942,2024-04-11,16.020000457763672,14.90999984741211,0.0,14.90999984741211
8943,2024-04-12,14.90999984741211,17.309999465942383,0.0,17.309999465942383
8944,2024-04-15,16.940000534057617,19.229999542236328,0.0,19.229999542236328
8945,2024-04-16,19.489999771118164,18.399999618530273,0.0,18.399999618530273
8946,2024-04-17,18.239999771118164,18.209999084472656,0.0,18.209999084472656
8947,2024-04-18,17.90999984741211,18.0,0.0,18.0
8948,2024-04-19,21.329999923706055,18.709999084472656,0.0,18.709999084472656
8949,2024-04-22,18.59000015258789,16.940000534057617,0.0,16.940000534057617
8950,2024-04-23,16.719999313354492,15.6899995803833,0.0,15.6899995803833
8951,2024-04-24,15.760000228881836,15.970000267028809,0.0,15.970000267028809
8952,2024-04-25,16.25,15.369999885559082,0.0,15.369999885559082
8953,2024-04-26,15.489999771118164,15.029999732971191,0.0,15.029999732971191
8954,2024-04-29,15.369999885559082,14.670000076293945,0.0,14.670000076293945
8955,2024-04-30,14.819999694824219,15.649999618530273,0.0,15.649999618530273
8956,2024-05-01,15.75,15.390000343322754,0.0,15.390000343322754
8957,2024-05-02,15.140000343322754,14.680000305175781,0.0,14.680000305175781
8958,2024-05-03,14.510000228881836,13.489999771118164,0.0,13.489999771118164
8959,2024-05-06,13.979999542236328,13.489999771118164,0.0,13.489999771118164
8960,2024-05-07,13.520000457763672,13.229999542236328,0.0,13.229999542236328
8961,2024-05-08,13.239999771118164,13.0,0.0,13.0
8962,2024-05-09,13.079999923706055,12.6899995803833,0.0,12.6899995803833
8963,2024-05-10,12.770000457763672,12.550000190734863,0.0,12.550000190734863
8964,2024-05-13,13.260000228881836,13.600000381469727,0.0,13.600000381469727
8965,2024-05-14,13.710000038146973,13.420000076293945,0.0,13.420000076293945
8966,2024-05-15,13.729999542236328,12.449999809265137,0.0,12.449999809265137
8967,2024-05-16,12.520000457763672,12.420000076293945,0.0,12.420000076293945
8968,2024-05-17,12.279999732971191,11.989999771118164,0.0,11.989999771118164
8969,2024-05-20,12.270000457763672,12.149999618530273,0.0,12.149999618530273
8970,2024-05-21,12.300000190734863,11.859999656677246,0.0,11.859999656677246
8971,2024-05-22,12.050000190734863,12.289999961853027,0.0,12.289999961853027
8972,2024-05-23,11.529999732971191,12.770000457763672,0.0,12.770000457763672
8973,2024-05-24,12.859999656677246,11.930000305175781,0.0,11.930000305175781
8975,2024-05-28,12.510000228881836,12.920000076293945,0.0,12.920000076293945
8976,2024-05-29,13.75,14.279999732971191,0.0,14.279999732971191
8977,2024-05-30,14.819999694824219,14.470000267028809,0.0,14.470000267028809
8978,2024-05-31,14.5,12.920000076293945,0.0,12.920000076293945
8979,2024-06-03,13.079999923706055,13.109999656677246,0.0,13.109999656677246
8980,2024-06-04,13.510000228881836,13.15999984741211,0.0,13.15999984741211
8981,2024-06-05,13.140000343322754,12.630000114440918,0.0,12.630000114440918
8982,2024-06-06,12.75,12.579999923706055,0.0,12.579999923706055
8983,2024-06-07,12.6899995803833,12.220000267028809,0.0,12.220000267028809
8984,2024-06-10,13.09000015258789,12.739999771118164,0.0,12.739999771118164
8985,2024-06-11,12.850000381469727,12.850000381469727,0.0,12.850000381469727
8986,2024-06-12,13.100000381469727,12.039999961853027,0.0,12.039999961853027
8987,2024-06-13,12.050000190734863,11.9399995803833,0.0,11.9399995803833
8988,2024-06-14,12.220000267028809,12.65999984741211,0.0,12.65999984741211
8989,2024-06-17,13.069999694824219,12.75,0.0,12.75
8990,2024-06-18,12.699999809265137,12.300000190734863,0.0,12.300000190734863
8992,2024-06-20,12.5,13.279999732971191,0.0,13.279999732971191
8993,2024-06-21,13.220000267028809,13.199999809265137,0.0,13.199999809265137
8994,2024-06-24,13.850000381469727,13.329999923706055,0.0,13.329999923706055
8995,2024-06-25,13.479999542236328,12.84000015258789,0.0,12.84000015258789
8996,2024-06-26,12.8100004196167,12.550000190734863,0.0,12.550000190734863
8997,2024-06-27,12.6899995803833,12.239999771118164,0.0,12.239999771118164
8998,2024-06-28,12.239999771118164,12.4399995803833,0.0,12.4399995803833
8999,2024-07-01,12.979999542236328,12.220000267028809,0.0,12.220000267028809
9000,2024-07-02,12.670000076293945,12.029999732971191,0.0,12.029999732971191
9001,2024-07-03,12.130000114440918,12.09000015258789,0.0,12.09000015258789
9003,2024-07-05,12.369999885559082,12.479999542236328,0.0,12.479999542236328
9004,2024-07-08,12.90999984741211,12.369999885559082,0.0,12.369999885559082
9005,2024-07-09,12.479999542236328,12.510000228881836,0.0,12.510000228881836
9006,2024-07-10,12.510000228881836,12.850000381469727,0.0,12.850000381469727
9007,2024-07-11,12.880000114440918,12.920000076293945,0.0,12.920000076293945
9008,2024-07-12,12.869999885559082,12.460000038146973,0.0,12.460000038146973
9009,2024-07-15,12.779999732971191,13.119999885559082,0.0,13.119999885559082
9010,2024-07-16,13.380000114440918,13.1899995803833,0.0,13.1899995803833
9011,2024-07-17,13.600000381469727,14.479999542236328,0.0,14.479999542236328
9012,2024-07-18,14.270000457763672,15.930000305175781,0.0,15.930000305175781
9013,2024-07-19,16.440000534057617,16.520000457763672,0.0,16.520000457763672
9014,2024-07-22,16.790000915527344,14.90999984741211,0.0,14.90999984741211
9015,2024-07-23,15.210000038146973,14.720000267028809,0.0,14.720000267028809
9016,2024-07-24,15.350000381469727,18.040000915527344,0.0,18.040000915527344
9017,2024-07-25,18.40999984741211,18.459999084472656,0.0,18.459999084472656
9018,2024-07-26,17.969999313354492,16.389999389648438,0.0,16.389999389648438
9019,2024-07-29,16.59000015258789,16.600000381469727,0.0,16.600000381469727
9020,2024-07-30,16.639999389648438,17.690000534057617,0.0,17.690000534057617
9021,2024-07-31,16.65999984741211,16.360000610351562,0.0,16.360000610351562
9022,2024-08-01,16.200000762939453,18.59000015258789,0.0,18.59000015258789
9023,2024-08-02,20.520000457763672,23.389999389648438,0.0,23.389999389648438
9024,2024-08-05,23.389999389648438,38.56999969482422,0.0,38.56999969482422
9025,2024-08-06,33.709999084472656,27.709999084472656,0.0,27.709999084472656
9026,2024-08-07,24.770000457763672,27.850000381469727,0.0,27.850000381469727
9027,2024-08-08,28.34000015258789,23.790000915527344,0.0,23.790000915527344
9028,2024-08-09,23.780000686645508,20.3700008392334,0.0,20.3700008392334
9029,2024-08-12,20.790000915527344,20.709999084472656,0.0,20.709999084472656
9030,2024-08-13,20.059999465942383,18.1200008392334,0.0,18.1200008392334
9031,2024-08-14,18.40999984741211,16.190000534057617,0.0,16.190000534057617
9032,2024-08-15,16.270000457763672,15.229999542236328,0.0,15.229999542236328
9033,2024-08-16,15.289999961853027,14.800000190734863,0.0,14.800000190734863
9034,2024-08-19,15.9399995803833,14.649999618530273,0.0,14.649999618530273
9035,2024-08-20,14.890000343322754,15.880000114440918,0.0,15.880000114440918
9036,2024-08-21,16.25,16.270000457763672,0.0,16.270000457763672
9037,2024-08-22,16.270000457763672,17.549999237060547,0.0,17.549999237060547
9038,2024-08-23,17.1200008392334,15.859999656677246,0.0,15.859999656677246
9039,2024-08-26,16.270000457763672,16.149999618530273,0.0,16.149999618530273
9040,2024-08-27,16.209999084472656,15.430000305175781,0.0,15.430000305175781
9041,2024-08-28,15.510000228881836,17.110000610351562,0.0,17.110000610351562
9042,2024-08-29,16.540000915527344,15.649999618530273,0.0,15.649999618530273
9043,2024-08-30,15.670000076293945,15.0,0.0,15.0
9045,2024-09-03,15.760000228881836,20.719999313354492,0.0,20.719999313354492
9046,2024-09-04,23.200000762939453,21.31999969482422,0.0,21.31999969482422
9047,2024-09-05,20.75,19.899999618530273,0.0,19.899999618530273
9048,2024-09-06,21.979999542236328,22.3799991607666,0.0,22.3799991607666
9049,2024-09-09,21.31999969482422,19.450000762939453,0.0,19.450000762939453
9050,2024-09-10,19.860000610351562,19.079999923706055,0.0,19.079999923706055
9051,2024-09-11,19.40999984741211,17.690000534057617,0.0,17.690000534057617
9052,2024-09-12,17.6200008392334,17.06999969482422,0.0,17.06999969482422
9053,2024-09-13,17.030000686645508,16.559999465942383,0.0,16.559999465942383
9054,2024-09-16,17.15999984741211,17.139999389648438,0.0,17.139999389648438
9055,2024-09-17,17.15999984741211,17.610000610351562,0.0,17.610000610351562
9056,2024-09-18,17.579999923706055,18.229999542236328,0.0,18.229999542236328
9057,2024-09-19,17.209999084472656,16.329999923706055,0.0,16.329999923706055
9058,2024-09-20,16.350000381469727,16.149999618530273,0.0,16.149999618530273
9059,2024-09-23,16.709999084472656,15.890000343322754,0.0,15.890000343322754
9060,2024-09-24,15.869999885559082,15.390000343322754,0.0,15.390000343322754
9061,2024-09-25,15.819999694824219,15.40999984741211,0.0,15.40999984741211
9062,2024-09-26,15.0600004196167,15.369999885559082,0.0,15.369999885559082
9063,2024-09-27,15.640000343322754,16.959999084472656,0.0,16.959999084472656
9064,2024-09-30,17.010000228881836,16.729999542236328,0.0,16.729999542236328
9065,2024-10-01,16.959999084472656,19.260000228881836,0.0,19.260000228881836
9066,2024-10-02,19.649999618530273,18.899999618530273,0.0,18.899999618530273
9067,2024-10-03,19.6299991607666,20.489999771118164,0.0,20.489999771118164
9068,2024-10-04,20.479999542236328,19.209999084472656,0.0,19.209999084472656
9069,2024-10-07,20.760000228881836,22.639999389648438,0.0,22.639999389648438
9070,2024-10-08,22.920000076293945,21.420000076293945,0.0,21.420000076293945
9071,2024-10-09,21.979999542236328,20.860000610351562,0.0,20.860000610351562
9072,2024-10-10,20.90999984741211,20.93000030517578,0.0,20.93000030517578
9073,2024-10-11,20.8700008392334,20.459999084472656,0.0,20.459999084472656
9074,2024-10-14,20.860000610351562,19.700000762939453,0.0,19.700000762939453
9075,2024-10-15,19.610000610351562,20.639999389648438,0.0,20.639999389648438
9076,2024-10-16,20.770000457763672,19.579999923706055,0.0,19.579999923706055
9077,2024-10-17,19.549999237060547,19.110000610351562,0.0,19.110000610351562
9078,2024-10-18,19.299999237060547,18.030000686645508,0.0,18.030000686645508
9079,2024-10-21,18.780000686645508,18.3700008392334,0.0,18.3700008392334
9080,2024-10-22,18.790000915527344,18.200000762939453,0.0,18.200000762939453
9081,2024-10-23,18.209999084472656,19.239999771118164,0.0,19.239999771118164
9082,2024-10-24,18.8700008392334,19.079999923706055,0.0,19.079999923706055
9083,2024-10-25,19.219999313354492,20.329999923706055,0.0,20.329999923706055
9084,2024-10-28,19.110000610351562,19.799999237060547,0.0,19.799999237060547
9085,2024-10-29,19.75,19.34000015258789,0.0,19.34000015258789
9086,2024-10-30,19.329999923706055,20.350000381469727,0.0,20.350000381469727
9087,2024-10-31,21.440000534057617,23.15999984741211,0.0,23.15999984741211
9088,2024-11-01,22.959999084472656,21.8799991607666,0.0,21.8799991607666
9089,2024-11-04,22.5,21.979999542236328,0.0,21.979999542236328
9090,2024-11-05,21.979999542236328,20.489999771118164,0.0,20.489999771118164
9091,2024-11-06,16.059999465942383,16.270000457763672,0.0,16.270000457763672
9092,2024-11-07,15.859999656677246,15.199999809265137,0.0,15.199999809265137
9093,2024-11-08,15.130000114440918,14.9399995803833,0.0,14.9399995803833
9094,2024-11-11,15.329999923706055,14.970000267028809,0.0,14.970000267028809
9095,2024-11-12,15.09000015258789,14.710000038146973,0.0,14.710000038146973
9096,2024-11-13,15.09000015258789,14.020000457763672,0.0,14.020000457763672
9097,2024-11-14,14.170000076293945,14.3100004196167,0.0,14.3100004196167
9098,2024-11-15,15.020000457763672,16.139999389648438,0.0,16.139999389648438
9099,2024-11-18,16.600000381469727,15.579999923706055,0.0,15.579999923706055
9100,2024-11-19,15.4399995803833,16.350000381469727,0.0,16.350000381469727
9101,2024-11-20,16.190000534057617,17.15999984741211,0.0,17.15999984741211
9102,2024-11-21,17.100000381469727,16.8700008392334,0.0,16.8700008392334
9103,2024-11-22,16.670000076293945,15.239999771118164,0.0,15.239999771118164
9104,2024-11-25,15.229999542236328,14.600000381469727,0.0,14.600000381469727
9105,2024-11-26,14.949999809265137,14.100000381469727,0.0,14.100000381469727
9106,2024-11-27,14.279999732971191,14.100000381469727,0.0,14.100000381469727
9108,2024-11-29,14.0,13.510000228881836,0.0,13.510000228881836
9109,2024-12-02,14.079999923706055,13.34000015258789,0.0,13.34000015258789
9110,2024-12-03,13.380000114440918,13.300000190734863,0.0,13.300000190734863
9111,2024-12-04,13.15999984741211,13.449999809265137,0.0,13.449999809265137
9112,2024-12-05,13.460000038146973,13.539999961853027,0.0,13.539999961853027
9113,2024-12-06,13.619999885559082,12.770000457763672,0.0,12.770000457763672
9114,2024-12-09,13.359999656677246,14.1899995803833,0.0,14.1899995803833
9115,2024-12-10,14.300000190734863,14.180000305175781,0.0,14.180000305175781
9116,2024-12-11,14.420000076293945,13.579999923706055,0.0,13.579999923706055
9117,2024-12-12,13.729999542236328,13.920000076293945,0.0,13.920000076293945
9118,2024-12-13,13.569999694824219,13.8100004196167,0.0,13.8100004196167
9119,2024-12-16,14.369999885559082,14.6899995803833,0.0,14.6899995803833
9120,2024-12-17,14.979999542236328,15.869999885559082,0.0,15.869999885559082
9121,2024-12-18,15.569999694824219,27.6200008392334,0.0,27.6200008392334
9122,2024-12-19,21.610000610351562,24.09000015258789,0.0,24.09000015258789
9123,2024-12-20,24.139999389648438,18.360000610351562,0.0,18.360000610351562
9124,2024-12-23,18.09000015258789,16.780000686645508,0.0,16.780000686645508
9125,2024-12-24,16.969999313354492,14.270000457763672,0.0,14.270000457763672
9127,2024-12-26,14.989999771118164,14.729999542236328,0.0,14.729999542236328
9128,2024-12-27,15.380000114440918,15.949999809265137,0.0,15.949999809265137
9129,2024-12-30,17.209999084472656,17.399999618530273,0.0,17.399999618530273
9130,2024-12-31,17.389999389648438,17.350000381469727,0.0,17.350000381469727
9132,2025-01-02,17.209999084472656,17.93000030517578,0.0,17.93000030517578
9133,2025-01-03,17.65999984741211,16.1299991607666,0.0,16.1299991607666
9134,2025-01-06,16.770000457763672,16.040000915527344,0.0,16.040000915527344
9135,2025-01-07,16.479999542236328,17.81999969482422,0.0,17.81999969482422
9136,2025-01-08,17.90999984741211,17.700000762939453,0.0,17.700000762939453
9138,2025-01-10,18.290000915527344,19.540000915527344,0.0,19.540000915527344
9139,2025-01-13,21.18000030517578,19.190000534057617,0.0,19.190000534057617
9140,2025-01-14,18.790000915527344,18.709999084472656,0.0,18.709999084472656
9141,2025-01-15,19.079999923706055,16.1200008392334,0.0,16.1200008392334
9142,2025-01-16,15.869999885559082,16.600000381469727,0.0,16.600000381469727
9143,2025-01-17,16.190000534057617,15.970000267028809,0.0,15.970000267028809
9145,2025-01-21,16.290000915527344,15.0600004196167,0.0,15.0600004196167
9146,2025-01-22,14.890000343322754,15.100000381469727,0.0,15.100000381469727
9147,2025-01-23,15.279999732971191,15.020000457763672,0.0,15.020000457763672
9148,2025-01-24,15.020000457763672,14.850000381469727,0.0,14.850000381469727
9149,2025-01-27,18.829999923706055,17.899999618530273,0.0,17.899999618530273
9150,2025-01-28,18.290000915527344,16.40999984741211,0.0,16.40999984741211
9151,2025-01-29,16.420000076293945,16.559999465942383,0.0,16.559999465942383
9152,2025-01-30,15.930000305175781,15.84000015258789,0.0,15.84000015258789
9153,2025-01-31,15.449999809265137,16.43000030517578,0.0,16.43000030517578
9154,2025-02-03,20.360000610351562,18.6200008392334,0.0,18.6200008392334
9155,2025-02-04,18.780000686645508,17.209999084472656,0.0,17.209999084472656
9156,2025-02-05,17.540000915527344,15.770000457763672,0.0,15.770000457763672
9157,2025-02-06,15.880000114440918,15.5,0.0,15.5
9158,2025-02-07,15.380000114440918,16.540000915527344,0.0,16.540000915527344
9159,2025-02-10,16.579999923706055,15.8100004196167,0.0,15.8100004196167
9160,2025-02-11,16.1299991607666,16.020000457763672,0.0,16.020000457763672
9161,2025-02-12,15.90999984741211,15.890000343322754,0.0,15.890000343322754
9162,2025-02-13,15.970000267028809,15.100000381469727,0.0,15.100000381469727
9163,2025-02-14,15.079999923706055,14.770000457763672,0.0,14.770000457763672
9165,2025-02-18,15.569999694824219,15.350000381469727,0.0,15.350000381469727
9166,2025-02-19,15.140000343322754,15.270000457763672,0.0,15.270000457763672
9167,2025-02-20,15.609999656677246,15.65999984741211,0.0,15.65999984741211
9168,2025-02-21,15.630000114440918,18.209999084472656,0.0,18.209999084472656
9169,2025-02-24,18.079999923706055,18.979999542236328,0.0,18.979999542236328
9170,2025-02-25,19.09000015258789,19.43000030517578,0.0,19.43000030517578
9171,2025-02-26,18.959999084472656,19.100000381469727,0.0,19.100000381469727
9172,2025-02-27,18.25,21.1299991607666,0.0,21.1299991607666
9173,2025-02-28,21.209999084472656,19.6299991607666,0.0,19.6299991607666
9174,2025-03-03,19.829999923706055,22.780000686645508,0.0,22.780000686645508
9175,2025-03-04,22.959999084472656,23.510000228881836,0.0,23.510000228881836
9176,2025-03-05,23.030000686645508,21.93000030517578,0.0,21.93000030517578
9177,2025-03-06,22.600000381469727,24.8700008392334,0.0,24.8700008392334
9178,2025-03-07,24.850000381469727,23.3700008392334,0.0,23.3700008392334
9179,2025-03-10,24.700000762939453,27.860000610351562,0.0,27.860000610351562
9180,2025-03-11,27.940000534057617,26.920000076293945,0.0,26.920000076293945
9181,2025-03-12,26.8799991607666,24.229999542236328,0.0,24.229999542236328
9182,2025-03-13,24.920000076293945,24.65999984741211,0.0,24.65999984741211
9183,2025-03-14,24.350000381469727,21.770000457763672,0.0,21.770000457763672
9184,2025-03-17,22.889999389648438,20.510000228881836,0.0,20.510000228881836
9185,2025-03-18,20.829999923706055,21.700000762939453,0.0,21.700000762939453
9186,2025-03-19,21.84000015258789,19.899999618530273,0.0,19.899999618530273
9187,2025-03-20,19.520000457763672,19.799999237060547,0.0,19.799999237060547
9188,2025-03-21,20.020000457763672,19.280000686645508,0.0,19.280000686645508
9189,2025-03-24,19.1299991607666,17.479999542236328,0.0,17.479999542236328
9190,2025-03-25,17.579999923706055,17.149999618530273,0.0,17.149999618530273
9191,2025-03-26,17.229999542236328,18.329999923706055,0.0,18.329999923706055
9192,2025-03-27,18.360000610351562,18.690000534057617,0.0,18.690000534057617
9193,2025-03-28,19.079999923706055,21.649999618530273,0.0,21.649999618530273
9194,2025-03-31,24.110000610351562,22.280000686645508,0.0,22.280000686645508
9195,2025-04-01,22.059999465942383,21.770000457763672,0.0,21.770000457763672
9196,2025-04-02,22.299999237060547,21.510000228881836,0.0,21.510000228881836
9197,2025-04-03,26.3799991607666,30.020000457763672,0.0,30.020000457763672
9198,2025-04-04,30.1200008392334,45.310001373291016,0.0,45.310001373291016
9199,2025-04-07,60.130001068115234,46.97999954223633,0.0,46.97999954223633
9200,2025-04-08,44.040000915527344,52.33000183105469,0.0,52.33000183105469
9201,2025-04-09,50.97999954223633,33.619998931884766,0.0,33.619998931884766
9202,2025-04-10,34.439998626708984,40.720001220703125,0.0,40.720001220703125
9203,2025-04-11,40.79999923706055,37.560001373291016,0.0,37.560001373291016
9204,2025-04-14,34.7599983215332,30.889999389648438,0.0,30.889999389648438
9205,2025-04-15,30.010000228881836,30.1200008392334,0.0,30.1200008392334
9206,2025-04-16,33.2400016784668,32.63999938964844,0.0,32.63999938964844
9207,2025-04-17,30.790000915527344,29.649999618530273,0.0,29.649999618530273
9209,2025-04-21,32.75,33.81999969482422,0.0,33.81999969482422
9210,2025-04-22,32.61000061035156,30.56999969482422,0.0,30.56999969482422
9211,2025-04-23,28.75,28.450000762939453,0.0,28.450000762939453
9212,2025-04-24,28.690000534057617,26.469999313354492,0.0,26.469999313354492
9213,2025-04-25,26.219999313354492,24.84000015258789,0.0,24.84000015258789
9214,2025-04-28,25.75,25.149999618530273,0.0,25.149999618530273
9215,2025-04-29,24.760000228881836,24.170000076293945,0.0,24.170000076293945
9216,2025-04-30,24.350000381469727,24.700000762939453,0.0,24.700000762939453
9217,2025-05-01,23.940000534057617,24.600000381469727,0.0,24.600000381469727
9218,2025-05-02,23.6299991607666,22.68000030517578,0.0,22.68000030517578
9219,2025-05-05,24.25,23.639999389648438,0.0,23.639999389648438
9220,2025-05-06,23.969999313354492,24.760000228881836,0.0,24.760000228881836
9221,2025-05-07,24.559999465942383,23.549999237060547,0.0,23.549999237060547
9222,2025-05-08,22.84000015258789,22.479999542236328,0.0,22.479999542236328
9223,2025-05-09,22.399999618530273,21.899999618530273,0.0,21.899999618530273
9224,2025-05-12,19.84000015258789,18.389999389648438,0.0,18.389999389648438
9225,2025-05-13,18.690000534057617,18.219999313354492,0.0,18.219999313354492
9226,2025-05-14,18.100000381469727,18.6200008392334,0.0,18.6200008392334
9227,2025-05-15,19.190000534057617,17.829999923706055,0.0,17.829999923706055
9228,2025-05-16,17.959999084472656,17.239999771118164,0.0,17.239999771118164
9229,2025-05-19,19.84000015258789,18.139999389648438,0.0,18.139999389648438
9230,2025-05-20,18.459999084472656,18.09000015258789,0.0,18.09000015258789
9231,2025-05-21,18.770000457763672,20.8700008392334,0.0,20.8700008392334
9232,2025-05-22,20.6200008392334,20.280000686645508,0.0,20.280000686645508
9233,2025-05-23,20.139999389648438,22.290000915527344,0.0,22.290000915527344
9235,2025-05-27,20.6299991607666,18.959999084472656,0.0,18.959999084472656
9236,2025-05-28,19.209999084472656,19.309999465942383,0.0,19.309999465942383
9237,2025-05-29,18.25,19.18000030517578,0.0,19.18000030517578
9238,2025-05-30,19.610000610351562,18.56999969482422,0.0,18.56999969482422
9239,2025-06-02,19.809999465942383,18.360000610351562,0.0,18.360000610351562
9240,2025-06-03,18.829999923706055,17.690000534057617,0.0,17.690000534057617
9241,2025-06-04,17.68000030517578,17.610000610351562,0.0,17.610000610351562
9242,2025-06-05,17.68000030517578,18.479999542236328,0.0,18.479999542236328
9243,2025-06-06,18.15999984741211,16.770000457763672,0.0,16.770000457763672
9244,2025-06-09,17.690000534057617,17.15999984741211,0.0,17.15999984741211
9245,2025-06-10,17.5,16.950000762939453,0.0,16.950000762939453
9246,2025-06-11,17.040000915527344,17.260000228881836,0.0,17.260000228881836
9247,2025-06-12,17.8700008392334,18.020000457763672,0.0,18.020000457763672
9248,2025-06-13,21.760000228881836,20.81999969482422,0.0,20.81999969482422
9249,2025-06-16,19.780000686645508,19.110000610351562,0.0,19.110000610351562
9250,2025-06-17,20.530000686645508,21.600000381469727,0.0,21.600000381469727
9251,2025-06-18,20.899999618530273,20.139999389648438,0.0,20.139999389648438
9253,2025-06-20,20.739999771118164,20.6200008392334,0.0,20.6200008392334
9254,2025-06-23,21.149999618530273,19.829999923706055,0.0,19.829999923706055
9255,2025-06-24,18.190000534057617,17.479999542236328,0.0,17.479999542236328
9256,2025-06-25,17.280000686645508,16.760000228881836,0.0,16.760000228881836
9257,2025-06-26,16.670000076293945,16.59000015258789,0.0,16.59000015258789
9258,2025-06-27,16.309999465942383,16.31999969482422,0.0,16.31999969482422
9259,2025-06-30,17.190000534057617,16.729999542236328,0.0,16.729999542236328
9260,2025-07-01,16.979999542236328,16.829999923706055,0.0,16.829999923706055
9261,2025-07-02,16.75,16.639999389648438,0.0,16.639999389648438
9262,2025-07-03,16.649999618530273,16.3799991607666,0.0,16.3799991607666
9264,2025-07-07,17.829999923706055,17.790000915527344,0.0,17.790000915527344
9265,2025-07-08,17.40999984741211,16.809999465942383,0.0,16.809999465942383
9266,2025-07-09,16.760000228881836,15.9399995803833,0.0,15.9399995803833
9267,2025-07-10,16.229999542236328,15.779999732971191,0.0,15.779999732971191
9268,2025-07-11,16.40999984741211,16.399999618530273,0.0,16.399999618530273
9269,2025-07-14,17.729999542236328,17.200000762939453,0.0,17.200000762939453
9270,2025-07-15,16.889999389648438,17.3799991607666,0.0,17.3799991607666
9271,2025-07-16,17.65999984741211,17.15999984741211,0.0,17.15999984741211
9272,2025-07-17,17.15999984741211,16.520000457763672,0.0,16.520000457763672
9273,2025-07-18,16.43000030517578,16.40999984741211,0.0,16.40999984741211
9274,2025-07-21,16.8700008392334,16.649999618530273,0.0,16.649999618530273
9275,2025-07-22,16.75,16.5,0.0,16.5
9276,2025-07-23,16.229999542236328,15.369999885559082,0.0,15.369999885559082
9277,2025-07-24,15.390000343322754,15.390000343322754,0.0,15.390000343322754
9278,2025-07-25,15.329999923706055,14.930000305175781,0.0,14.930000305175781
9279,2025-07-28,15.149999618530273,15.029999732971191,0.0,15.029999732971191
9280,2025-07-29,14.949999809265137,15.979999542236328,0.0,15.979999542236328
9281,2025-07-30,15.869999885559082,15.479999542236328,0.0,15.479999542236328
9282,2025-07-31,14.989999771118164,16.719999313354492,0.0,16.719999313354492
9283,2025-08-01,17.399999618530273,20.3799991607666,0.0,20.3799991607666
9284,2025-08-04,19.559999465942383,17.520000457763672,0.0,17.520000457763672
9285,2025-08-05,17.209999084472656,17.850000381469727,0.0,17.850000381469727
9286,2025-08-06,17.219999313354492,16.770000457763672,0.0,16.770000457763672
9287,2025-08-07,16.40999984741211,16.56999969482422,0.0,16.56999969482422
9288,2025-08-08,16.479999542236328,15.149999618530273,0.0,15.149999618530273
9289,2025-08-11,15.8100004196167,16.25,0.0,16.25
9290,2025-08-12,16.09000015258789,14.729999542236328,0.0,14.729999542236328
9291,2025-08-13,14.619999885559082,14.489999771118164,0.0,14.489999771118164
9292,2025-08-14,14.65999984741211,14.829999923706055,0.0,14.829999923706055
9293,2025-08-15,14.430000305175781,15.09000015258789,0.0,15.09000015258789
9294,2025-08-18,15.729999542236328,14.989999771118164,0.0,14.989999771118164
9295,2025-08-19,15.229999542236328,15.569999694824219,0.0,15.569999694824219
9296,2025-08-20,15.949999809265137,15.6899995803833,0.0,15.6899995803833
9297,2025-08-21,15.720000267028809,16.600000381469727,0.0,16.600000381469727
9298,2025-08-22,16.809999465942383,14.220000267028809,0.0,14.220000267028809
9299,2025-08-25,15.050000190734863,14.789999961853027,0.0,14.789999961853027
9300,2025-08-26,15.75,14.619999885559082,0.0,14.619999885559082
9301,2025-08-27,14.65999984741211,14.850000381469727,0.0,14.850000381469727
9302,2025-08-28,14.420000076293945,14.430000305175781,0.0,14.430000305175781
9303,2025-08-29,14.3100004196167,15.359999656677246,0.0,15.359999656677246
9305,2025-09-02,16.649999618530273,17.170000076293945,0.0,17.170000076293945
9306,2025-09-03,17.399999618530273,16.350000381469727,0.0,16.350000381469727
9307,2025-09-04,16.219999313354492,15.300000190734863,0.0,15.300000190734863
9308,2025-09-05,15.229999542236328,15.180000305175781,0.0,15.180000305175781
9309,2025-09-08,15.579999923706055,15.109999656677246,0.0,15.109999656677246
9310,2025-09-09,15.020000457763672,15.039999961853027,0.0,15.039999961853027
9311,2025-09-10,14.979999542236328,15.350000381469727,0.0,15.350000381469727
9312,2025-09-11,15.1899995803833,14.710000038146973,0.0,14.710000038146973
9313,2025-09-12,14.619999885559082,14.760000228881836,0.0,14.760000228881836
9314,2025-09-15,15.140000343322754,15.6899995803833,0.0,15.6899995803833
9315,2025-09-16,15.600000381469727,16.360000610351562,0.0,16.360000610351562
9316,2025-09-17,16.420000076293945,15.720000267028809,0.0,15.720000267028809
9317,2025-09-18,14.930000305175781,15.699999809265137,0.0,15.699999809265137
9318,2025-09-19,15.760000228881836,15.449999809265137,0.0,15.449999809265137
9319,2025-09-22,16.139999389648438,16.100000381469727,0.0,16.100000381469727
9320,2025-09-23,16.100000381469727,16.639999389648438,0.0,16.639999389648438
9321,2025-09-24,16.56999969482422,16.18000030517578,0.0,16.18000030517578
9322,2025-09-25,16.549999237060547,16.739999771118164,0.0,16.739999771118164
9323,2025-09-26,16.889999389648438,15.289999961853027,0.0,15.289999961853027
9324,2025-09-29,15.84000015258789,16.1200008392334,0.0,16.1200008392334
9325,2025-09-30,16.489999771118164,16.280000686645508,0.0,16.280000686645508
9326,2025-10-01,17.280000686645508,16.290000915527344,0.0,16.290000915527344
9327,2025-10-02,16.1200008392334,16.6299991607666,0.0,16.6299991607666
9328,2025-10-03,16.350000381469727,16.649999618530273,0.0,16.649999618530273
9329,2025-10-06,16.739999771118164,16.3700008392334,0.0,16.3700008392334
9330,2025-10-07,16.579999923706055,17.239999771118164,0.0,17.239999771118164
9331,2025-10-08,17.170000076293945,16.299999237060547,0.0,16.299999237060547
9332,2025-10-09,16.309999465942383,16.43000030517578,0.0,16.43000030517578
9333,2025-10-10,16.360000610351562,21.65999984741211,0.0,21.65999984741211
9334,2025-10-13,19.450000762939453,19.030000686645508,0.0,19.030000686645508
9335,2025-10-14,21.459999084472656,20.809999465942383,0.0,20.809999465942383
9336,2025-10-15,20.020000457763672,20.639999389648438,0.0,20.639999389648438
9337,2025-10-16,20.489999771118164,25.309999465942383,0.0,25.309999465942383
9338,2025-10-17,28.40999984741211,20.780000686645508,0.0,20.780000686645508
9339,2025-10-20,20.530000686645508,18.229999542236328,0.0,18.229999542236328
9340,2025-10-21,18.649999618530273,17.8700008392334,0.0,17.8700008392334
9341,2025-10-22,17.84000015258789,18.600000381469727,0.0,18.600000381469727
9342,2025-10-23,18.360000610351562,17.299999237060547,0.0,17.299999237060547
9343,2025-10-24,17.020000457763672,16.3700008392334,0.0,16.3700008392334
9344,2025-10-27,15.729999542236328,15.789999961853027,0.0,15.789999961853027
9345,2025-10-28,15.949999809265137,16.420000076293945,0.0,16.420000076293945
9346,2025-10-29,16.34000015258789,16.920000076293945,0.0,16.920000076293945
9347,2025-10-30,16.260000228881836,16.90999984741211,0.0,16.90999984741211
9348,2025-10-31,16.43000030517578,17.440000534057617,0.0,17.440000534057617
9349,2025-11-03,18.059999465942383,17.170000076293945,0.0,17.170000076293945
9350,2025-11-04,19.729999542236328,19.0,0.0,19.0
9351,2025-11-05,19.3700008392334,18.010000228881836,0.0,18.010000228881836
9352,2025-11-06,18.360000610351562,19.5,0.0,19.5
9353,2025-11-07,19.520000457763672,19.079999923706055,0.0,19.079999923706055
9354,2025-11-10,18.579999923706055,17.600000381469727,0.0,17.600000381469727
9355,2025-11-11,17.899999618530273,17.280000686645508,0.0,17.280000686645508
9356,2025-11-12,17.209999084472656,17.510000228881836,0.0,17.510000228881836
9357,2025-11-13,17.610000610351562,20.0,0.0,20.0
9358,2025-11-14,21.329999923706055,19.829999923706055,0.0,19.829999923706055
9359,2025-11-17,19.579999923706055,22.3799991607666,0.0,22.3799991607666
9360,2025-11-18,23.540000915527344,24.690000534057617,0.0,24.690000534057617
9361,2025-11-19,24.520000457763672,23.65999984741211,0.0,23.65999984741211
9362,2025-11-20,20.780000686645508,26.420000076293945,0.0,26.420000076293945
9363,2025-11-21,25.969999313354492,23.43000030517578,0.0,23.43000030517578
9364,2025-11-24,22.690000534057617,20.520000457763672,0.0,20.520000457763672
9365,2025-11-25,20.549999237060547,18.559999465942383,0.0,18.559999465942383
9366,2025-11-26,18.25,17.190000534057617,0.0,17.190000534057617
9368,2025-11-28,17.40999984741211,16.350000381469727,0.0,16.350000381469727
9369,2025-12-01,18.049999237060547,17.239999771118164,0.0,17.239999771118164
9370,2025-12-02,17.280000686645508,16.59000015258789,0.0,16.59000015258789
9371,2025-12-03,16.43000030517578,16.079999923706055,0.0,16.079999923706055
9372,2025-12-04,16.229999542236328,15.779999732971191,0.0,15.779999732971191
9373,2025-12-05,15.579999923706055,15.40999984741211,0.0,15.40999984741211
9374,2025-12-08,16.149999618530273,16.65999984741211,0.0,16.65999984741211
9375,2025-12-09,16.65999984741211,16.93000030517578,0.0,16.93000030517578
9376,2025-12-10,16.940000534057617,15.770000457763672,0.0,15.770000457763672
9377,2025-12-11,16.84000015258789,14.850000381469727,0.0,14.850000381469727
9378,2025-12-12,14.989999771118164,15.739999771118164,0.0,15.739999771118164
9379,2025-12-15,16.510000228881836,16.5,0.0,16.5
9380,2025-12-16,17.280000686645508,16.479999542236328,0.0,16.479999542236328
9381,2025-12-17,16.450000762939453,17.6200008392334,0.0,17.6200008392334
9382,2025-12-18,17.610000610351562,16.8700008392334,0.0,16.8700008392334
9383,2025-12-19,16.309999465942383,14.90999984741211,0.0,14.90999984741211
9384,2025-12-22,15.15999984741211,14.079999923706055,0.0,14.079999923706055
9385,2025-12-23,14.09000015258789,14.0,0.0,14.0
9386,2025-12-24,14.09000015258789,13.470000267028809,0.0,13.470000267028809
9388,2025-12-26,14.119999885559082,13.600000381469727,0.0,13.600000381469727
9389,2025-12-29,14.6899995803833,14.199999809265137,0.0,14.199999809265137
9390,2025-12-30,14.430000305175781,14.329999923706055,0.0,14.329999923706055
9391,2025-12-31,14.770000457763672,14.949999809265137,0.0,14.949999809265137
9393,2026-01-02,14.850000381469727,14.510000228881836,0.0,14.510000228881836
9394,2026-01-05,15.140000343322754,14.899999618530273,0.0,14.899999618530273
9395,2026-01-06,15.0,14.75,0.0,14.75
9396,2026-01-07,14.949999809265137,15.380000114440918,0.0,15.380000114440918
9397,2026-01-08,15.6899995803833,15.449999809265137,0.0,15.449999809265137
9398,2026-01-09,15.680000305175781,14.489999771118164,0.0,14.489999771118164
9399,2026-01-12,16.059999465942383,15.119999885559082,0.0,15.119999885559082
9400,2026-01-13,15.359999656677246,15.979999542236328,0.0,15.979999542236328
9401,2026-01-14,16.329999923706055,16.75,0.0,16.75
9402,2026-01-15,16.520000457763672,15.84000015258789,0.0,15.84000015258789
9403,2026-01-16,15.4399995803833,15.859999656677246,0.0,15.859999656677246
9405,2026-01-20,19.940000534057617,20.09000015258789,0.0,20.09000015258789
9406,2026-01-21,19.309999465942383,16.899999618530273,0.0,16.899999618530273
9407,2026-01-22,16.649999618530273,15.640000343322754,0.0,15.640000343322754
9408,2026-01-23,15.680000305175781,16.09000015258789,0.0,16.09000015258789
9409,2026-01-26,16.899999618530273,16.149999618530273,0.0,16.149999618530273
9410,2026-01-27,16.020000457763672,16.350000381469727,0.0,16.350000381469727
9411,2026-01-28,16.09000015258789,16.350000381469727,0.0,16.350000381469727
9412,2026-01-29,16.040000915527344,16.8799991607666,0.0,16.8799991607666
9413,2026-01-30,18.719999313354492,17.440000534057617,0.0,17.440000534057617
9414,2026-02-02,19.950000762939453,16.34000015258789,0.0,16.34000015258789
9415,2026-02-03,16.15999984741211,18.0,0.0,18.0
9416,2026-02-04,17.6299991607666,18.639999389648438,0.0,18.639999389648438
9417,2026-02-05,19.239999771118164,21.770000457763672,0.0,21.770000457763672
9418,2026-02-06,21.239999771118164,20.3700008392334,0.0,20.3700008392334
9419,2026-02-09,17.950000762939453,17.360000610351562,0.0,17.360000610351562
9420,2026-02-10,17.469999313354492,17.790000915527344,0.0,17.790000915527344
9421,2026-02-11,17.8700008392334,17.649999618530273,0.0,17.649999618530273
9422,2026-02-12,17.440000534057617,20.81999969482422,0.0,20.81999969482422
9423,2026-02-13,21.479999542236328,20.600000381469727,0.0,20.600000381469727
9425,2026-02-17,21.739999771118164,20.290000915527344,0.0,20.290000915527344
9426,2026-02-18,19.780000686645508,19.6200008392334,0.0,19.6200008392334
9427,2026-02-19,19.34000015258789,20.229999542236328,0.0,20.229999542236328
9428,2026-02-20,20.040000915527344,19.09000015258789,0.0,19.09000015258789
9429,2026-02-23,20.489999771118164,21.010000228881836,0.0,21.010000228881836
9430,2026-02-24,21.239999771118164,19.549999237060547,0.0,19.549999237060547
9431,2026-02-25,19.59000015258789,17.93000030517578,0.0,17.93000030517578
9432,2026-02-26,18.06999969482422,18.6299991607666,0.0,18.6299991607666
9433,2026-02-27,19.280000686645508,19.860000610351562,0.0,19.860000610351562
9434,2026-03-02,24.65999984741211,21.440000534057617,0.0,21.440000534057617
9435,2026-03-03,24.56999969482422,23.56999969482422,0.0,23.56999969482422
9436,2026-03-04,24.389999389648438,21.149999618530273,0.0,21.149999618530273
9437,2026-03-05,22.110000610351562,23.75,0.0,23.75
9438,2026-03-06,23.200000762939453,29.489999771118164,0.0,29.489999771118164
9439,2026-03-09,35.119998931884766,25.5,0.0,25.5
9440,2026-03-10,24.389999389648438,24.93000030517578,0.0,24.93000030517578
9441,2026-03-11,24.899999618530273,24.229999542236328,0.0,24.229999542236328
9442,2026-03-12,25.479999542236328,27.290000915527344,0.0,27.290000915527344
9443,2026-03-13,27.850000381469727,27.190000534057617,0.0,27.190000534057617
9444,2026-03-16,25.8799991607666,23.510000228881836,0.0,23.510000228881836
9445,2026-03-17,24.559999465942383,22.3700008392334,0.0,22.3700008392334
9446,2026-03-18,21.510000228881836,25.09000015258789,0.0,25.09000015258789
9447,2026-03-19,25.600000381469727,24.059999465942383,0.0,24.059999465942383
9448,2026-03-20,24.459999084472656,26.780000686645508,0.0,26.780000686645508
9449,2026-03-23,30.040000915527344,26.149999618530273,0.0,26.149999618530273
9450,2026-03-24,25.90999984741211,26.950000762939453,0.0,26.950000762939453
9451,2026-03-25,25.790000915527344,25.329999923706055,0.0,25.329999923706055
9452,2026-03-26,26.489999771118164,27.440000534057617,0.0,27.440000534057617
9453,2026-03-27,27.540000915527344,31.049999237060547,0.0,31.049999237060547
9454,2026-03-30,30.790000915527344,30.610000610351562,0.0,30.610000610351562
9455,2026-03-31,29.530000686645508,25.25,0.0,25.25
9456,2026-04-01,24.299999237060547,24.540000915527344,0.0,24.540000915527344
9457,2026-04-02,26.780000686645508,23.8700008392334,0.0,23.8700008392334
9459,2026-04-06,24.93000030517578,24.170000076293945,0.0,24.170000076293945
9460,2026-04-07,25.09000015258789,25.780000686645508,0.0,25.780000686645508
9461,2026-04-08,20.969999313354492,21.040000915527344,0.0,21.040000915527344
9462,2026-04-09,21.25,19.489999771118164,0.0,19.489999771118164
9463,2026-04-10,19.709999084472656,19.229999542236328,0.0,19.229999542236328
9464,2026-04-13,21.170000076293945,19.1200008392334,0.0,19.1200008392334
9465,2026-04-14,18.729999542236328,18.360000610351562,0.0,18.360000610351562
9466,2026-04-15,18.18000030517578,18.170000076293945,0.0,18.170000076293945
9467,2026-04-16,18.040000915527344,17.940000534057617,0.0,17.940000534057617
9468,2026-04-17,18.18000030517578,17.479999542236328,0.0,17.479999542236328
9469,2026-04-20,19.579999923706055,18.8700008392334,0.0,18.8700008392334
9470,2026-04-21,19.18000030517578,19.5,0.0,19.5
9471,2026-04-22,19.030000686645508,18.920000076293945,0.0,18.920000076293945
9472,2026-04-23,19.420000076293945,19.309999465942383,0.0,19.309999465942383
9473,2026-04-24,18.889999389648438,18.709999084472656,0.0,18.709999084472656
9474,2026-04-27,19.209999084472656,18.020000457763672,0.0,18.020000457763672
9475,2026-04-28,18.299999237060547,17.829999923706055,0.0,17.829999923706055
9476,2026-04-29,17.829999923706055,18.809999465942383,0.0,18.809999465942383
9477,2026-04-30,18.68000030517578,16.889999389648438,0.0,16.889999389648438
9478,2026-05-01,17.010000228881836,16.989999771118164,0.0,16.989999771118164
9479,2026-05-04,17.3799991607666,18.290000915527344,0.0,18.290000915527344
9480,2026-05-05,17.950000762939453,17.3799991607666,0.0,17.3799991607666
9481,2026-05-06,17.149999618530273,17.389999389648438,0.0,17.389999389648438
9482,2026-05-07,17.530000686645508,17.079999923706055,0.0,17.079999923706055
9483,2026-05-08,17.3700008392334,17.190000534057617,0.0,17.190000534057617
9484,2026-05-11,18.209999084472656,18.3799991607666,0.0,18.3799991607666
9485,2026-05-12,18.770000457763672,17.989999771118164,0.0,17.989999771118164
9486,2026-05-13,17.979999542236328,17.8700008392334,0.0,17.8700008392334
9487,2026-05-14,17.860000610351562,17.260000228881836,0.0,17.260000228881836
9488,2026-05-15,18.06999969482422,18.43000030517578,0.0,18.43000030517578
9489,2026-05-18,19.25,17.81999969482422,0.0,17.81999969482422
9490,2026-05-19,18.010000228881836,18.059999465942383,0.0,18.059999465942383
9491,2026-05-20,18.170000076293945,17.440000534057617,0.0,17.440000534057617
9492,2026-05-21,17.579999923706055,16.760000228881836,0.0,16.760000228881836
9493,2026-05-22,16.829999923706055,16.700000762939453,0.0,16.700000762939453
9494,2026-05-25,16.809999465942383,16.59000015258789,0.0,16.59000015258789
9495,2026-05-26,16.920000076293945,17.010000228881836,0.0,17.010000228881836
9496,2026-05-27,17.010000228881836,16.290000915527344,0.0,16.290000915527344
9497,2026-05-28,16.760000228881836,15.739999771118164,0.0,15.739999771118164
9498,2026-05-29,15.8100004196167,15.319999694824219,0.0,15.319999694824219
9499,2026-06-01,15.880000114440918,16.049999237060547,0.0,16.049999237060547
9500,2026-06-02,16.280000686645508,15.770000457763672,0.0,15.770000457763672
9501,2026-06-03,15.970000267028809,16.059999465942383,0.0,16.059999465942383
9502,2026-06-04,16.329999923706055,15.399999618530273,0.0,15.399999618530273
9503,2026-06-05,15.869999885559082,21.510000228881836,0.0,21.510000228881836
9504,2026-06-08,20.290000915527344,18.920000076293945,0.0,18.920000076293945
9505,2026-06-09,18.190000534057617,19.8700008392334,0.0,19.8700008392334
9506,2026-06-10,20.100000381469727,22.219999313354492,0.0,22.219999313354492
9507,2026-06-11,21.25,19.440000534057617,0.0,19.440000534057617
9508,2026-06-12,19.510000228881836,17.68000030517578,0.0,17.68000030517578
9509,2026-06-15,16.780000686645508,16.200000762939453,0.0,16.200000762939453
9510,2026-06-16,16.200000762939453,16.40999984741211,0.0,16.40999984741211
9511,2026-06-17,16.079999923706055,18.440000534057617,0.0,18.440000534057617
9512,2026-06-18,17.229999542236328,16.399999618530273,0.0,16.399999618530273
9514,2026-06-22,17.479999542236328,17.280000686645508,0.0,17.280000686645508
9515,2026-06-23,19.670000076293945,19.489999771118164,0.0,19.489999771118164
9516,2026-06-24,19.1299991607666,18.6299991607666,0.0,18.6299991607666
9517,2026-06-25,18.110000610351562,18.889999389648438,0.0,18.889999389648438
9518,2026-06-26,19.700000762939453,18.40999984741211,0.0,18.40999984741211
9519,2026-06-29,18.600000381469727,17.649999618530273,0.0,17.649999618530273
9520,2026-06-30,17.540000915527344,16.450000762939453,0.0,16.450000762939453
9521,2026-07-01,17.110000610351562,16.59000015258789,0.0,16.59000015258789
9522,2026-07-02,17.049999237060547,16.149999618530273,0.0,16.149999618530273
9524,2026-07-06,16.399999618530273,15.569999694824219,0.0,15.569999694824219
9525,2026-07-07,15.869999885559082,16.1299991607666,0.0,16.1299991607666
9526,2026-07-08,16.549999237060547,16.899999618530273,0.0,16.899999618530273
9527,2026-07-09,16.579999923706055,15.84000015258789,0.0,15.84000015258789
9528,2026-07-10,16.059999465942383,15.029999732971191,0.0,15.029999732971191
9529,2026-07-13,16.31999969482422,17.15999984741211,0.0,17.15999984741211
9530,2026-07-14,17.209999084472656,16.5,0.0,16.5
9531,2026-07-15,16.200000762939453,15.670000076293945,0.0,15.670000076293945
9532,2026-07-16,15.819999694824219,16.729999542236328,0.0,16.729999542236328
9533,2026-07-17,18.010000228881836,18.770000457763672,0.0,18.770000457763672
9534,2026-07-20,18.899999618530273,18.649999618530273,0.0,18.649999618530273
9535,2026-07-21,17.479999542236328,17.049999237060547,0.0,17.049999237060547
9536,2026-07-22,17.420000076293945,16.639999389648438,0.0,16.639999389648438
9537,2026-07-23,17.670000076293945,18.700000762939453,0.0,18.700000762939453
9538,2026-07-24,18.959999084472656,18.579999923706055,0.0,18.579999923706055
9539,2026-07-27,17.6200008392334,18.670000076293945,0.0,18.670000076293945
9540,2026-07-28,19.049999237060547,18.209999084472656,0.0,18.209999084472656
9541,2026-07-29,18.270000457763672,20.65999984741211,0.0,20.65999984741211
9542,2026-07-30,19.559999465942383,17.09000015258789,0.0,17.09000015258789
9543,2026-07-31,16.81999969482422,15.989999771118164,0.0,15.989999771118164
9544,2026-08-03,16.030000686645508,15.859999656677246,0.0,15.859999656677246
9545,2026-08-04,15.760000228881836,16.5,0.0,16.5
9546,2026-08-05,16.149999618530273,15.8100004196167,0.0,15.8100004196167
9547,2026-08-06,15.829999923706055,15.149999618530273,0.0,15.149999618530273
9548,2026-08-07,15.300000190734863,14.899999618530273,0.0,14.899999618530273
9549,2026-08-10,15.399999618530273,15.460000038146973,0.0,15.460000038146973
9550,2026-08-11,15.420000076293945,15.279999732971191,0.0,15.279999732971191
9551,2026-08-12,15.279999732971191,14.550000190734863,0.0,14.550000190734863
9552,2026-08-13,14.680000305175781,14.630000114440918,0.0,14.630000114440918
9553,2026-08-14,14.640000343322754,14.25,0.0,14.25
9554,2026-08-17,14.979999542236328,15.1899995803833,0.0,15.1899995803833
9555,2026-08-18,15.8100004196167,15.84000015258789,0.0,15.84000015258789
9556,2026-08-19,15.920000076293945,14.890000343322754,0.0,14.890000343322754
9557,2026-08-20,14.90999984741211,16.010000228881836,0.0,16.010000228881836
9558,2026-08-21,15.819999694824219,15.130000114440918,0.0,15.130000114440918
9559,2026-08-24,15.899999618530273,15.850000381469727,0.0,15.850000381469727
9560,2026-08-25,15.710000038146973,15.449999809265137,0.0,15.449999809265137
9561,2026-08-26,15.649999618530273,15.4399995803833,0.0,15.4399995803833
