Date,Close
2006-08-21,44365.36328125
2006-08-22,44365.36328125
2006-08-23,44365.36328125
2006-08-24,44365.36328125
2006-08-25,44365.36328125
2006-08-28,44365.36328125
2006-08-29,44365.36328125
2006-08-30,44365.36328125
2006-08-31,44365.36328125
2006-09-01,44365.36328125
2006-09-04,44365.36328125
2006-09-05,44365.36328125
2006-09-06,44365.36328125
2006-09-07,44365.36328125
2006-09-08,44365.36328125
2006-09-11,44365.36328125
2006-09-12,44365.36328125
2006-09-13,44365.36328125
2006-09-14,44365.36328125
2006-09-15,44365.36328125
2006-09-18,44365.36328125
2006-09-19,44365.36328125
2006-09-20,44365.36328125
2006-09-21,44365.36328125
2006-09-22,44365.36328125
2006-09-25,44365.36328125
2006-09-26,44365.36328125
2006-09-27,44365.36328125
2006-09-28,44365.36328125
2006-09-29,44365.36328125
2006-10-02,44365.36328125
2006-10-04,42428.99609375
2006-10-09,42030.328125
2006-10-10,42030.328125
2006-10-11,42030.328125
2006-10-12,42030.328125
2006-10-13,42030.328125
2006-10-16,42030.328125
2006-10-17,42030.328125
2006-10-18,42030.328125
2006-10-19,42030.328125
2006-10-20,42030.328125
2006-10-23,42030.328125
2006-10-24,42030.328125
2006-10-25,42030.328125
2006-10-26,42030.328125
2006-10-27,42030.328125
2006-10-30,42030.328125
2006-10-31,42030.328125
2006-11-01,42030.328125
2006-11-02,42030.328125
2006-11-03,42030.328125
2006-11-06,42030.328125
2006-11-07,42030.328125
2006-11-08,42030.328125
2006-11-09,42030.328125
2006-11-10,42030.328125
2006-11-13,42030.328125
2006-11-14,42030.328125
2006-11-15,42030.328125
2006-11-16,42030.328125
2006-11-17,42030.328125
2006-11-20,42030.328125
2006-11-21,42030.328125
2006-11-22,42030.328125
2006-11-23,42030.328125
2006-11-24,42030.328125
2006-11-27,42030.328125
2006-11-28,42030.328125
2006-11-29,42030.328125
2006-11-30,42030.328125
2006-12-01,42030.328125
2006-12-04,42030.328125
2006-12-05,42030.328125
2006-12-06,42030.328125
2006-12-07,42030.328125
2006-12-08,42030.328125
2006-12-11,42030.328125
2006-12-12,42030.328125
2006-12-13,42030.328125
2006-12-14,42030.328125
2006-12-15,42030.328125
2006-12-18,42030.328125
2006-12-19,42030.328125
2006-12-20,42030.328125
2006-12-21,42030.328125
2006-12-22,42030.328125
2006-12-26,42372.0546875
2006-12-27,42372.0546875
2006-12-28,42372.0546875
2007-01-02,42656.8125
2007-01-03,42656.8125
2007-01-04,42656.8125
2007-01-05,42656.8125
2007-01-08,42656.8125
2007-01-09,42656.8125
2007-01-10,42656.8125
2007-01-11,42656.8125
2007-01-12,42656.8125
2007-01-15,42656.8125
2007-01-16,42656.8125
2007-01-17,42656.8125
2007-01-18,42656.8125
2007-01-19,42656.8125
2007-01-22,42656.8125
2007-01-23,42656.8125
2007-01-24,42656.8125
2007-01-25,42656.8125
2007-01-26,42656.8125
2007-01-29,42656.8125
2007-01-30,42656.8125
2007-01-31,42656.8125
2007-02-01,42656.8125
2007-02-02,42656.8125
2007-02-05,42656.8125
2007-02-06,42656.8125
2007-02-07,42656.8125
2007-02-08,42656.8125
2007-02-09,42656.8125
2007-02-12,42656.8125
2007-02-13,42656.8125
2007-02-14,42656.8125
2007-02-15,42656.8125
2007-02-16,42656.8125
2007-02-20,49889.671875
2007-02-21,49889.671875
2007-02-22,49889.671875
2007-02-23,49889.671875
2007-02-26,49889.671875
2007-02-27,49889.671875
2007-02-28,49889.671875
2007-03-01,48295.0390625
2007-03-05,48295.0390625
2007-03-06,48295.0390625
2007-03-07,48295.0390625
2007-03-08,48295.0390625
2007-03-09,48295.0390625
2007-03-12,48295.0390625
2007-03-13,48295.0390625
2007-03-14,48295.0390625
2007-03-15,48295.0390625
2007-03-16,48295.0390625
2007-03-19,48295.0390625
2007-03-20,48295.0390625
2007-03-21,48295.0390625
2007-03-22,48295.0390625
2007-03-23,48295.0390625
2007-03-26,48295.0390625
2007-03-27,48295.0390625
2007-03-28,48295.0390625
2007-03-29,48295.0390625
2007-03-30,48295.0390625
2007-04-02,48295.0390625
2007-04-03,48295.0390625
2007-04-04,48295.0390625
2007-04-05,48295.0390625
2007-04-06,48295.0390625
2007-04-09,48295.0390625
2007-04-10,48295.0390625
2007-04-11,48295.0390625
2007-04-12,48295.0390625
2007-04-13,48295.0390625
2007-04-16,48295.0390625
2007-04-17,48295.0390625
2007-04-18,48295.0390625
2007-04-19,48295.0390625
2007-04-20,48295.0390625
2007-04-23,48295.0390625
2007-04-24,48295.0390625
2007-04-25,48295.0390625
2007-04-26,48295.0390625
2007-04-27,48295.0390625
2007-04-30,48295.0390625
2007-05-02,47554.65625
2007-05-03,47554.65625
2007-05-04,47554.65625
2007-05-07,47554.65625
2007-05-08,47554.65625
2007-05-09,47554.65625
2007-05-10,47554.65625
2007-05-11,47554.65625
2007-05-14,47554.65625
2007-05-15,47554.65625
2007-05-16,47554.65625
2007-05-17,47554.65625
2007-05-18,47554.65625
2007-05-21,47554.65625
2007-05-22,47554.65625
2007-05-23,47554.65625
2007-05-25,47326.8515625
2007-05-28,47326.8515625
2007-05-29,47326.8515625
2007-05-30,47326.8515625
2007-05-31,47326.8515625
2007-06-01,47326.8515625
2007-06-04,47326.8515625
2007-06-05,47326.8515625
2007-06-07,50914.8046875
2007-06-08,50914.8046875
2007-06-11,50914.8046875
2007-06-12,50914.8046875
2007-06-13,50914.8046875
2007-06-14,50914.8046875
2007-06-15,50914.8046875
2007-06-18,50914.8046875
2007-06-19,50914.8046875
2007-06-20,50914.8046875
2007-06-21,50914.8046875
2007-06-22,50914.8046875
2007-06-25,50914.8046875
2007-06-26,50914.8046875
2007-06-27,50914.8046875
2007-06-28,50914.8046875
2007-06-29,50914.8046875
2007-07-02,50914.8046875
2007-07-03,50914.8046875
2007-07-04,50914.8046875
2007-07-05,50914.8046875
2007-07-06,50914.8046875
2007-07-09,50914.8046875
2007-07-10,50914.8046875
2007-07-11,50914.8046875
2007-07-12,50914.8046875
2007-07-13,50914.8046875
2007-07-16,50914.8046875
2007-07-18,49491.0
2007-07-19,49491.0
2007-07-20,49491.0
2007-07-23,49491.0
2007-07-24,49491.0
2007-07-25,49491.0
2007-07-26,49491.0
2007-07-27,49491.0
2007-07-30,49491.0
2007-07-31,49491.0
2007-08-01,49491.0
2007-08-02,49491.0
2007-08-03,49491.0
2007-08-06,49491.0
2007-08-07,49491.0
2007-08-08,49491.0
2007-08-09,49491.0
2007-08-10,49491.0
2007-08-13,41005.21484375
2007-08-14,41005.21484375
2007-08-16,43112.42578125
2007-08-17,43112.42578125
2007-08-20,43112.42578125
2007-08-21,43112.42578125
2007-08-22,43112.42578125
2007-08-23,43112.42578125
2007-08-24,43112.42578125
2007-08-27,43112.42578125
2007-08-28,43112.42578125
2007-08-29,43112.42578125
2007-08-30,43112.42578125
2007-08-31,43112.42578125
2007-09-03,43112.42578125
2007-09-04,43112.42578125
2007-09-05,43112.42578125
2007-09-06,43112.42578125
2007-09-07,43112.42578125
2007-09-10,43112.42578125
2007-09-11,43112.42578125
2007-09-12,43112.42578125
2007-09-13,43112.42578125
2007-09-14,43112.42578125
2007-09-17,43112.42578125
2007-09-18,43112.42578125
2007-09-19,43112.42578125
2007-09-20,43112.42578125
2007-09-21,43112.42578125
2007-09-27,41973.3984375
2007-09-28,41973.3984375
2007-10-01,41973.3984375
2007-10-02,41973.3984375
2007-10-04,46472.5859375
2007-10-05,46472.5859375
2007-10-08,46472.5859375
2007-10-09,46472.5859375
2007-10-10,46472.5859375
2007-10-11,46472.5859375
2007-10-12,46472.5859375
2007-10-15,46472.5859375
2007-10-16,46472.5859375
2007-10-17,46472.5859375
2007-10-18,46472.5859375
2007-10-19,46472.5859375
2007-10-22,46472.5859375
2007-10-23,46472.5859375
2007-10-24,46472.5859375
2007-10-25,46472.5859375
2007-10-26,46472.5859375
2007-10-29,46472.5859375
2007-10-30,46472.5859375
2007-10-31,46472.5859375
2007-11-01,46472.5859375
2007-11-02,46472.5859375
2007-11-05,46472.5859375
2007-11-06,46472.5859375
2007-11-07,46472.5859375
2007-11-08,46472.5859375
2007-11-09,46472.5859375
2007-11-12,46472.5859375
2007-11-13,46472.5859375
2007-11-14,46472.5859375
2007-11-15,46472.5859375
2007-11-16,46472.5859375
2007-11-19,46472.5859375
2007-11-20,46472.5859375
2007-11-21,46472.5859375
2007-11-22,46472.5859375
2007-11-23,46472.5859375
2007-11-26,46472.5859375
2007-11-27,46472.5859375
2007-11-28,46472.5859375
2007-11-29,46472.5859375
2007-11-30,46472.5859375
2007-12-03,46472.5859375
2007-12-04,46472.5859375
2007-12-05,46472.5859375
2007-12-06,46472.5859375
2007-12-07,46472.5859375
2007-12-10,46472.5859375
2007-12-11,46472.5859375
2007-12-12,46472.5859375
2007-12-13,46472.5859375
2007-12-14,46472.5859375
2007-12-17,46472.5859375
2007-12-18,46472.5859375
2007-12-20,38385.4296875
2007-12-21,38385.4296875
2007-12-24,38385.4296875
2007-12-26,41346.91796875
2007-12-27,41346.91796875
2007-12-28,41346.91796875
2008-01-02,39296.65625
2008-01-03,39296.65625
2008-01-04,39296.65625
2008-01-07,39296.65625
2008-01-08,39296.65625
2008-01-09,39296.65625
2008-01-10,39296.65625
2008-01-11,39296.65625
2008-01-14,39296.65625
2008-01-15,39296.65625
2008-01-16,39296.65625
2008-01-17,39296.65625
2008-01-18,39296.65625
2008-01-21,39296.65625
2008-01-22,39296.65625
2008-01-23,39296.65625
2008-01-24,39296.65625
2008-01-25,39296.65625
2008-01-28,39296.65625
2008-01-29,39296.65625
2008-01-30,39296.65625
2008-01-31,39296.65625
2008-02-01,39296.65625
2008-02-04,39296.65625
2008-02-05,39296.65625
2008-02-11,35310.03515625
2008-02-12,35310.03515625
2008-02-13,35310.03515625
2008-02-14,35310.03515625
2008-02-15,35310.03515625
2008-02-18,35310.03515625
2008-02-19,35310.03515625
2008-02-20,35310.03515625
2008-02-21,35310.03515625
2008-02-22,35310.03515625
2008-02-25,35310.03515625
2008-02-26,35310.03515625
2008-02-27,35310.03515625
2008-02-28,35310.03515625
2008-02-29,35310.03515625
2008-03-03,35310.03515625
2008-03-04,35310.03515625
2008-03-05,35310.03515625
2008-03-06,35310.03515625
2008-03-07,35310.03515625
2008-03-10,35310.03515625
2008-03-11,35310.03515625
2008-03-12,35310.03515625
2008-03-13,35310.03515625
2008-03-14,35310.03515625
2008-03-17,35310.03515625
2008-03-18,35310.03515625
2008-03-19,35310.03515625
2008-03-20,35310.03515625
2008-03-21,35310.03515625
2008-03-24,35310.03515625
2008-03-25,35310.03515625
2008-03-26,35310.03515625
2008-03-27,35310.03515625
2008-03-28,35310.03515625
2008-03-31,35310.03515625
2008-04-01,35310.03515625
2008-04-02,35310.03515625
2008-04-03,35310.03515625
2008-04-04,35310.03515625
2008-04-07,35310.03515625
2008-04-08,35310.03515625
2008-04-10,35082.23046875
2008-04-11,35082.23046875
2008-04-14,35082.23046875
2008-04-15,35082.23046875
2008-04-16,35082.23046875
2008-04-17,35082.23046875
2008-04-18,35082.23046875
2008-04-21,35082.23046875
2008-04-22,35082.23046875
2008-04-23,35082.23046875
2008-04-24,35082.23046875
2008-04-25,35082.23046875
2008-04-28,35082.23046875
2008-04-29,35082.23046875
2008-04-30,35082.23046875
2008-05-01,39809.22265625
2008-05-02,39809.22265625
2008-05-05,40720.44921875
2008-05-06,40720.44921875
2008-05-07,40720.44921875
2008-05-08,40720.44921875
2008-05-09,40720.44921875
2008-05-12,37132.50390625
2008-05-13,37132.50390625
2008-05-14,37132.50390625
2008-05-15,37132.50390625
2008-05-16,37132.50390625
2008-05-19,37132.50390625
2008-05-20,37132.50390625
2008-05-21,37132.50390625
2008-05-22,37132.50390625
2008-05-23,37132.50390625
2008-05-26,37132.50390625
2008-05-27,37132.50390625
2008-05-28,37132.50390625
2008-05-29,37132.50390625
2008-05-30,37132.50390625
2008-06-02,37132.50390625
2008-06-03,37132.50390625
2008-06-04,37132.50390625
2008-06-05,37132.50390625
2008-06-06,36449.078125
2008-06-09,36449.078125
2008-06-10,36449.078125
2008-06-11,36449.078125
2008-06-12,36449.078125
2008-06-13,36449.078125
2008-06-16,36449.078125
2008-06-17,36449.078125
2008-06-18,36449.078125
2008-06-19,36449.078125
2008-06-20,36449.078125
2008-06-23,36449.078125
2008-06-24,36449.078125
2008-06-25,36449.078125
2008-06-26,36449.078125
2008-06-27,36449.078125
2008-06-30,36449.078125
2008-07-01,36449.078125
2008-07-02,36449.078125
2008-07-03,36449.078125
2008-07-04,36449.078125
2008-07-07,36449.078125
2008-07-08,36449.078125
2008-07-09,36449.078125
2008-07-10,36449.078125
2008-07-11,36449.078125
2008-07-14,36449.078125
2008-07-15,36449.078125
2008-07-16,36449.078125
2008-07-17,36449.078125
2008-07-18,36449.078125
2008-07-21,36449.078125
2008-07-22,36449.078125
2008-07-23,36449.078125
2008-07-24,36449.078125
2008-07-25,36449.078125
2008-07-28,36449.078125
2008-07-29,36449.078125
2008-07-30,36449.078125
2008-07-31,36449.078125
2008-08-01,36449.078125
2008-08-04,36449.078125
2008-08-05,36449.078125
2008-08-06,36449.078125
2008-08-07,36449.078125
2008-08-08,36449.078125
2008-08-11,36449.078125
2008-08-12,36449.078125
2008-08-13,36449.078125
2008-08-14,36449.078125
2008-08-15,34057.10546875
2008-08-18,34057.10546875
2008-08-19,34057.10546875
2008-08-20,34057.10546875
2008-08-21,34057.10546875
2008-08-22,34057.10546875
2008-08-25,34057.10546875
2008-08-26,34057.10546875
2008-08-27,34057.10546875
2008-08-28,34057.10546875
2008-08-29,34057.10546875
2008-09-01,34057.10546875
2008-09-02,34057.10546875
2008-09-03,34057.10546875
2008-09-04,34057.10546875
2008-09-05,34057.10546875
2008-09-08,34057.10546875
2008-09-09,34057.10546875
2008-09-10,34057.10546875
2008-09-11,34057.10546875
2008-09-12,34057.10546875
2008-09-15,34227.95703125
2008-09-16,34227.95703125
2008-09-17,34227.95703125
2008-09-18,34227.95703125
2008-09-19,34227.95703125
2008-09-22,34227.95703125
2008-09-23,34227.95703125
2008-09-24,34227.95703125
2008-09-25,31038.6640625
2008-09-26,31038.6640625
2008-09-29,31038.6640625
2008-09-30,31038.6640625
2008-10-01,31038.6640625
2008-10-02,31038.6640625
2008-10-03,31038.6640625
2008-10-06,31038.6640625
2008-10-07,31038.6640625
2008-10-08,31038.6640625
2008-10-09,31038.6640625
2008-10-10,26767.29296875
2008-10-13,28874.4921875
2008-10-14,29956.587890625
2008-10-15,29045.365234375
2008-10-16,24717.03125
2008-10-17,21470.779296875
2008-10-20,22239.634765625
2008-10-21,22325.064453125
2008-10-22,21926.3984375
2008-10-23,20844.31640625
2008-10-24,19961.568359375
2008-10-27,21926.3984375
2008-10-28,21413.83203125
2008-10-29,18224.5390625
2008-10-30,19933.08984375
2008-10-31,17455.69140625
2008-11-03,18822.529296875
2008-11-04,20388.69921875
2008-11-05,20787.365234375
2008-11-06,17711.97265625
2008-11-07,18196.0625
2008-11-10,19135.759765625
2008-11-11,19135.759765625
2008-11-12,18281.49609375
2008-11-13,17256.359375
2008-11-14,18082.16015625
2008-11-17,18452.34375
2008-11-18,17142.455078125
2008-11-19,16430.564453125
2008-11-20,13981.6337890625
2008-11-21,14408.779296875
2008-11-24,12984.982421875
2008-11-25,13668.4052734375
2008-11-26,15718.6630859375
2008-11-27,17085.501953125
2008-11-28,17199.408203125
2008-12-01,16515.986328125
2008-12-02,15946.46875
2008-12-03,16686.84375
2008-12-04,16629.892578125
2008-12-05,17341.7890625
2008-12-08,18794.0546875
2008-12-09,18907.95703125
2008-12-10,20217.845703125
2008-12-11,20901.265625
2008-12-12,17768.921875
2008-12-15,18794.0546875
2008-12-16,19448.99609375
2008-12-17,20644.98046875
2008-12-18,20644.98046875
2008-12-19,20559.560546875
2008-12-22,20815.8359375
2008-12-23,19676.806640625
2008-12-24,18794.0546875
2008-12-25,18794.0546875
2008-12-26,19448.99609375
2008-12-29,19648.328125
2008-12-30,19192.71484375
2008-12-31,19192.71484375
2009-01-02,19306.62109375
2009-01-05,22097.251953125
2009-01-06,22780.6796875
2009-01-07,22837.62109375
2009-01-08,21755.546875
2009-01-09,21072.125
2009-01-12,20274.796875
2009-01-13,20986.69921875
2009-01-14,22068.775390625
2009-01-15,20046.990234375
2009-01-16,20132.419921875
2009-01-19,20274.796875
2009-01-20,19192.71484375
2009-01-21,18281.49609375
2009-01-22,19050.33984375
2009-01-23,18167.5859375
2009-01-28,20160.892578125
2009-01-29,20958.220703125
2009-01-30,21100.603515625
2009-02-02,20018.515625
2009-02-03,20502.607421875
2009-02-04,20388.69921875
2009-02-05,19363.568359375
2009-02-06,20246.322265625
2009-02-09,20360.224609375
2009-02-10,20445.65625
2009-02-11,19676.806640625
2009-02-12,18623.205078125
2009-02-13,19135.759765625
2009-02-16,18309.962890625
2009-02-17,17427.21875
2009-02-18,16231.2265625
2009-02-19,16117.3251953125
2009-02-20,15576.2822265625
2009-02-23,16202.7568359375
2009-02-24,15462.3837890625
2009-02-25,15747.1416015625
2009-02-26,15832.5634765625
2009-02-27,16743.794921875
2009-03-02,16003.421875
2009-03-03,15974.947265625
2009-03-04,16459.037109375
2009-03-05,15946.46875
2009-03-06,15320.0
2009-03-09,15291.53125
2009-03-10,17085.501953125
2009-03-11,18338.439453125
2009-03-12,18224.5390625
2009-03-13,18082.16015625
2009-03-16,18509.296875
2009-03-17,19762.232421875
2009-03-18,19306.62109375
2009-03-19,18281.49609375
2009-03-20,18224.5390625
2009-03-23,18708.62890625
2009-03-24,19961.568359375
2009-03-25,20046.990234375
2009-03-26,20901.265625
2009-03-27,20616.505859375
2009-03-30,19249.666015625
2009-03-31,18765.578125
2009-04-01,19619.857421875
2009-04-02,20958.220703125
2009-04-03,21527.740234375
2009-04-06,21584.6875
2009-04-07,21100.603515625
2009-04-08,20132.419921875
2009-04-09,21584.6875
2009-04-10,21727.064453125
2009-04-13,22268.109375
2009-04-14,22353.533203125
2009-04-15,21356.8828125
2009-04-16,21072.125
2009-04-17,21072.125
2009-04-20,21926.3984375
2009-04-21,21242.982421875
2009-04-22,21499.259765625
2009-04-23,21328.40625
2009-04-24,21641.642578125
2009-04-27,21072.125
2009-04-28,20160.892578125
2009-04-29,21328.40625
2009-04-30,22638.29296875
2009-05-04,26026.919921875
2009-05-06,25827.587890625
2009-05-07,26368.63671875
2009-05-08,25941.486328125
2009-05-11,26169.296875
2009-05-12,24944.8359375
2009-05-13,25428.931640625
2009-05-14,24204.470703125
2009-05-15,25229.595703125
2009-05-18,25628.255859375
2009-05-19,27222.90625
2009-05-20,26767.29296875
2009-05-21,26653.384765625
2009-05-22,25856.06640625
2009-05-25,25628.255859375
2009-05-26,24546.171875
2009-05-27,24403.796875
2009-05-28,23691.900390625
2009-05-29,22780.6796875
2009-06-01,24289.8984375
2009-06-02,24489.22265625
2009-06-03,24119.041015625
2009-06-04,22951.52734375
2009-06-05,23492.56640625
2009-06-08,22866.099609375
2009-06-09,22211.154296875
2009-06-10,23634.947265625
2009-06-11,24204.470703125
2009-06-12,24090.5625
2009-06-15,23919.7109375
2009-06-16,23805.802734375
2009-06-17,22951.52734375
2009-06-18,22410.484375
2009-06-19,22780.6796875
2009-06-22,24175.986328125
2009-06-23,23293.240234375
2009-06-24,23691.900390625
2009-06-25,24346.837890625
2009-06-26,24346.837890625
2009-06-29,24062.083984375
2009-06-30,24375.3203125
2009-07-01,26482.53125
2009-07-02,26283.20703125
2009-07-03,26283.20703125
2009-07-06,25742.16796875
2009-07-07,25315.0234375
2009-07-08,25172.638671875
2009-07-09,26026.919921875
2009-07-10,26738.814453125
2009-07-13,25428.931640625
2009-07-14,26083.876953125
2009-07-15,27906.333984375
2009-07-16,28333.455078125
2009-07-17,28646.701171875
2009-07-20,30412.201171875
2009-07-21,30640.0
2009-07-22,30298.298828125
2009-07-23,30298.298828125
2009-07-24,29570.525390625
2009-07-27,30851.138671875
2009-07-28,31898.916015625
2009-07-29,32248.16796875
2009-07-30,31724.28125
2009-07-31,30909.353515625
2009-08-03,31200.3984375
2009-08-04,30676.501953125
2009-08-05,31375.021484375
2009-08-06,32131.74609375
2009-08-07,32888.46875
2009-08-10,32713.845703125
2009-08-11,32481.0078125
2009-08-12,31200.3984375
2009-08-13,30618.302734375
2009-08-14,31433.23046875
2009-08-17,29919.779296875
2009-08-18,29512.306640625
2009-08-19,29512.306640625
2009-08-20,31316.8125
2009-08-21,31724.28125
2009-08-24,32597.42578125
2009-08-25,31666.0703125
2009-08-26,31840.69140625
2009-08-27,31316.8125
2009-08-28,30967.552734375
2009-08-31,29977.990234375
2009-09-01,30851.138671875
2009-09-02,30792.923828125
2009-09-03,32015.326171875
2009-09-04,32481.0078125
2009-09-07,31607.857421875
2009-09-08,31666.0703125
2009-09-09,31666.0703125
2009-09-10,32888.46875
2009-09-11,34227.29296875
2009-09-14,33878.04296875
2009-09-15,34343.71484375
2009-09-16,35507.89453125
2009-09-17,36031.80078125
2009-09-18,35216.87109375
2009-09-21,35507.89453125
2009-09-22,35216.87109375
2009-09-23,35740.75390625
2009-09-24,35275.07421875
2009-09-25,34634.765625
2009-09-28,33936.25390625
2009-09-29,34809.3984375
2009-09-30,35216.87109375
2009-10-01,35275.07421875
2009-10-05,34110.87890625
2009-10-06,33586.98828125
2009-10-07,34751.19140625
2009-10-08,35216.87109375
2009-10-09,35857.16015625
2009-10-12,35100.4375
2009-10-13,34984.0234375
2009-10-14,35158.65234375
2009-10-15,35507.89453125
2009-10-16,35624.3359375
2009-10-19,36031.80078125
2009-10-20,36672.10546875
2009-10-21,36613.90625
2009-10-22,35915.3828125
2009-10-23,36089.99609375
2009-10-26,36322.8359375
2009-10-27,36381.05859375
2009-10-28,35682.53515625
2009-10-29,34751.19140625
2009-10-30,34227.29296875
2009-11-02,33994.4609375
2009-11-03,33237.73828125
2009-11-04,33819.828125
2009-11-05,33703.4140625
2009-11-06,34285.50390625
2009-11-09,34343.71484375
2009-11-10,34518.34375
2009-11-11,34460.125
2009-11-12,33645.19921875
2009-11-13,34634.765625
2009-11-16,34751.19140625
2009-11-17,35275.07421875
2009-11-18,35682.53515625
2009-11-19,36322.8359375
2009-11-20,36264.6328125
2009-11-23,36788.5234375
2009-11-24,36555.68359375
2009-11-25,35915.3828125
2009-11-26,35333.28515625
2009-11-27,32830.2734375
2009-11-30,33761.62890625
2009-12-01,34343.71484375
2009-12-02,35100.4375
2009-12-03,35391.4921875
2009-12-04,35333.28515625
2009-12-07,35507.89453125
2009-12-08,35507.89453125
2009-12-09,35391.4921875
2009-12-10,36439.265625
2009-12-11,35915.3828125
2009-12-14,35624.3359375
2009-12-15,36322.8359375
2009-12-16,36206.42578125
2009-12-17,35391.4921875
2009-12-18,34343.71484375
2009-12-21,33994.4609375
2009-12-22,34285.50390625
2009-12-23,34169.0859375
2009-12-24,34751.19140625
2009-12-28,35100.4375
2009-12-29,34634.765625
2009-12-30,34751.19140625
2010-01-04,34576.55078125
2010-01-05,34169.0859375
2010-01-06,34052.6640625
2010-01-07,33645.19921875
2010-01-08,33703.4140625
2010-01-11,34401.921875
2010-01-12,34227.29296875
2010-01-13,33586.98828125
2010-01-14,33412.359375
2010-01-15,33354.15234375
2010-01-18,32539.208984375
2010-01-19,32888.46875
2010-01-20,32539.208984375
2010-01-21,32713.845703125
2010-01-22,31491.447265625
2010-01-25,30676.501953125
2010-01-26,30152.619140625
2010-01-27,28901.111328125
2010-01-28,30443.671875
2010-01-29,29454.1015625
2010-02-01,30210.828125
2010-02-02,30385.45703125
2010-02-03,30327.259765625
2010-02-04,29337.681640625
2010-02-05,27358.552734375
2010-02-08,26718.2421875
2010-02-09,28144.38671875
2010-02-10,28435.44140625
2010-02-11,29686.947265625
2010-02-12,29686.947265625
2010-02-16,29104.841796875
2010-02-17,30560.0859375
2010-02-18,30269.0390625
2010-02-19,29221.2578125
2010-02-22,30036.193359375
2010-02-23,30094.408203125
2010-02-24,29686.947265625
2010-02-25,28493.64453125
2010-02-26,28377.224609375
2010-03-02,28580.953125
2010-03-03,29046.638671875
2010-03-04,29395.888671875
2010-03-05,29512.306640625
2010-03-08,30560.0859375
2010-03-09,30734.724609375
2010-03-10,30327.259765625
2010-03-11,30210.828125
2010-03-12,30269.0390625
2010-03-15,29745.154296875
2010-03-16,29861.5703125
2010-03-17,31025.763671875
2010-03-18,30618.302734375
2010-03-19,30792.923828125
2010-03-22,30269.0390625
2010-03-23,30501.87109375
2010-03-24,30269.0390625
2010-03-25,30734.724609375
2010-03-26,31083.966796875
2010-03-29,30734.724609375
2010-03-30,31607.857421875
2010-03-31,31782.48046875
2010-04-01,31957.111328125
2010-04-02,31898.916015625
2010-04-05,31666.0703125
2010-04-06,31782.48046875
2010-04-07,30851.138671875
2010-04-08,30443.671875
2010-04-09,30443.671875
2010-04-12,31200.3984375
2010-04-13,31025.763671875
2010-04-14,32422.796875
2010-04-15,33412.359375
2010-04-16,33470.56640625
2010-04-19,32772.046875
2010-04-20,32655.634765625
2010-04-21,33004.8984375
2010-04-22,32189.9609375
2010-04-23,32306.376953125
2010-04-26,33121.31640625
2010-04-27,32888.46875
2010-04-28,31782.48046875
2010-04-29,31433.23046875
2010-04-30,31724.28125
2010-05-03,31840.69140625
2010-05-04,31433.23046875
2010-05-06,29803.359375
2010-05-07,28289.90625
2010-05-10,29803.359375
2010-05-11,28959.310546875
2010-05-12,28522.751953125
2010-05-13,29803.359375
2010-05-14,29454.1015625
2010-05-17,27911.546875
2010-05-18,28348.115234375
2010-05-19,28784.69140625
2010-05-20,28784.69140625
2010-05-24,29628.73046875
2010-05-25,28144.38671875
2010-05-26,27213.029296875
2010-05-27,27940.65234375
2010-05-28,28522.751953125
2010-05-31,28697.373046875
2010-06-01,28639.162109375
2010-06-03,30734.724609375
2010-06-04,30152.619140625
2010-06-07,29163.0546875
2010-06-08,29919.779296875
2010-06-09,30036.193359375
2010-06-10,29977.990234375
2010-06-11,30501.87109375
2010-06-14,30734.724609375
2010-06-15,29803.359375
2010-06-16,28959.310546875
2010-06-17,28726.474609375
2010-06-18,28930.21484375
2010-06-21,29512.306640625
2010-06-22,28639.162109375
2010-06-23,28551.8515625
2010-06-24,28784.69140625
2010-06-25,28842.900390625
2010-06-28,28755.58984375
2010-06-29,28027.958984375
2010-06-30,27649.607421875
2010-07-01,27096.6015625
2010-07-02,27358.552734375
2010-07-05,27213.029296875
2010-07-06,27649.607421875
2010-07-07,27096.6015625
2010-07-08,28377.224609375
2010-07-09,29628.73046875
2010-07-12,29512.306640625
2010-07-13,29861.5703125
2010-07-14,30327.259765625
2010-07-15,29977.990234375
2010-07-16,28930.21484375
2010-07-19,28580.953125
2010-07-20,28610.0625
2010-07-21,28115.283203125
2010-07-22,27824.232421875
2010-07-23,29977.990234375
2010-07-26,29686.947265625
2010-07-27,29395.888671875
2010-07-28,30269.0390625
2010-07-29,30443.671875
2010-07-30,29977.990234375
2010-08-02,30385.45703125
2010-08-03,30560.0859375
2010-08-04,29803.359375
2010-08-05,29395.888671875
2010-08-06,29454.1015625
2010-08-09,29861.5703125
2010-08-10,29803.359375
2010-08-11,29163.0546875
2010-08-12,28377.224609375
2010-08-13,28377.224609375
2010-08-16,27940.65234375
2010-08-17,28057.0703125
2010-08-18,28144.38671875
2010-08-19,28493.64453125
2010-08-20,28027.958984375
2010-08-23,27998.859375
2010-08-24,27853.341796875
2010-08-25,27474.970703125
2010-08-26,27358.552734375
2010-08-27,27940.65234375
2010-08-30,28813.798828125
2010-08-31,28289.90625
2010-09-01,28551.8515625
2010-09-02,28173.490234375
2010-09-03,28115.283203125
2010-09-06,28464.529296875
2010-09-07,28406.32421875
2010-09-08,27998.859375
2010-09-09,28231.6953125
2010-09-10,28580.953125
2010-09-13,28755.58984375
2010-09-14,29104.841796875
2010-09-15,29337.681640625
2010-09-16,28988.427734375
2010-09-17,29075.734375
2010-09-20,29803.359375
2010-09-24,29745.154296875
2010-09-27,29075.734375
2010-09-28,28813.798828125
2010-09-29,28813.798828125
2010-09-30,28522.751953125
2010-10-01,29075.734375
2010-10-04,29919.779296875
2010-10-05,30210.828125
2010-10-06,29977.990234375
2010-10-07,30269.0390625
2010-10-08,30385.45703125
2010-10-11,30443.671875
2010-10-12,30676.501953125
2010-10-13,31200.3984375
2010-10-14,31491.447265625
2010-10-15,31607.857421875
2010-10-18,31025.763671875
2010-10-19,30210.828125
2010-10-20,30967.552734375
2010-10-21,30560.0859375
2010-10-22,30327.259765625
2010-10-25,30501.87109375
2010-10-26,30152.619140625
2010-10-27,29512.306640625
2010-10-28,29512.306640625
2010-10-29,29104.841796875
2010-11-01,29686.947265625
2010-11-02,29686.947265625
2010-11-03,29745.154296875
2010-11-04,30036.193359375
2010-11-05,30676.501953125
2010-11-08,30560.0859375
2010-11-09,30676.501953125
2010-11-10,30560.0859375
2010-11-11,29104.841796875
2010-11-12,29745.154296875
2010-11-15,30327.259765625
2010-11-16,29803.359375
2010-11-17,29686.947265625
2010-11-18,29628.73046875
2010-11-19,29512.306640625
2010-11-22,29686.947265625
2010-11-23,30094.408203125
2010-11-24,31083.966796875
2010-11-25,31607.857421875
2010-11-26,31375.021484375
2010-11-29,31666.0703125
2010-11-30,31491.447265625
2010-12-01,31491.447265625
2010-12-02,31898.916015625
2010-12-03,31898.916015625
2010-12-06,32597.42578125
2010-12-07,32306.376953125
2010-12-08,32539.208984375
2010-12-09,32888.46875
2010-12-10,33063.10546875
2010-12-13,34227.29296875
2010-12-14,34518.34375
2010-12-15,34460.125
2010-12-16,33819.828125
2010-12-17,34634.765625
2010-12-20,35158.65234375
2010-12-21,34343.71484375
2010-12-22,34401.921875
2010-12-23,34343.71484375
2010-12-24,34052.6640625
2010-12-27,34634.765625
2010-12-28,34285.50390625
2010-12-29,34705.47265625
2010-12-30,34997.109375
2011-01-03,36047.0234375
2011-01-04,36222.01171875
2011-01-05,35405.4140625
2011-01-06,34297.16796875
2011-01-07,34588.80859375
2011-01-10,33888.8671875
2011-01-11,34355.5
2011-01-12,34063.85546875
2011-01-13,35113.76953125
2011-01-14,35522.0703125
2011-01-17,35755.3828125
2011-01-18,34880.4609375
2011-01-19,34822.1328125
2011-01-20,34355.5
2011-01-21,33188.93359375
2011-01-24,33247.26171875
2011-01-25,33422.24609375
2011-01-26,34005.53125
2011-01-27,33713.890625
2011-01-28,33830.55078125
2011-01-31,33538.8984375
2011-02-01,33947.203125
2011-02-07,34297.16796875
2011-02-08,34122.1875
2011-02-09,34005.53125
2011-02-10,33247.26171875
2011-02-11,33305.59375
2011-02-14,34180.515625
2011-02-15,33538.8984375
2011-02-16,33772.2109375
2011-02-17,33013.9453125
2011-02-18,33538.8984375
2011-02-21,33013.9453125
2011-02-22,33422.24609375
2011-02-23,33247.26171875
2011-02-24,32663.978515625
2011-02-25,32372.33203125
2011-02-28,32197.33984375
2011-03-02,31847.3671875
2011-03-03,32838.95703125
2011-03-04,33830.55078125
2011-03-07,33480.5703125
2011-03-08,33713.890625
2011-03-09,33830.55078125
2011-03-10,33188.93359375
2011-03-11,32722.306640625
2011-03-14,32197.33984375
2011-03-15,31497.404296875
2011-03-16,32605.634765625
2011-03-17,32897.29296875
2011-03-18,32955.609375
2011-03-21,32838.95703125
2011-03-22,32430.65625
2011-03-23,32372.33203125
2011-03-24,32430.65625
2011-03-25,32955.609375
2011-03-28,33188.93359375
2011-03-29,32663.978515625
2011-03-30,33188.93359375
2011-03-31,33538.8984375
2011-04-01,33072.2734375
2011-04-04,34122.1875
2011-04-05,34005.53125
2011-04-06,33655.55859375
2011-04-07,33947.203125
2011-04-08,33597.234375
2011-04-11,33247.26171875
2011-04-12,33013.9453125
2011-04-13,33072.2734375
2011-04-14,32430.65625
2011-04-15,32139.013671875
2011-04-18,31205.763671875
2011-04-19,31264.091796875
2011-04-20,31964.03515625
2011-04-21,31322.421875
2011-04-22,31847.3671875
2011-04-25,31847.3671875
2011-04-26,31555.73046875
2011-04-27,32314.001953125
2011-04-28,31905.697265625
2011-04-29,33538.8984375
2011-05-02,33188.93359375
2011-05-03,33188.93359375
2011-05-04,32547.3203125
2011-05-06,32314.001953125
2011-05-09,32430.65625
2011-05-11,32605.634765625
2011-05-12,32255.68359375
2011-05-13,31672.38671875
2011-05-16,31380.744140625
2011-05-17,31380.744140625
2011-05-18,31322.421875
2011-05-19,30622.48046875
2011-05-20,30680.8046875
2011-05-23,30447.49609375
2011-05-24,30330.830078125
2011-05-25,30214.169921875
2011-05-26,30155.8515625
2011-05-27,29980.859375
2011-05-30,29689.216796875
2011-05-31,30039.193359375
2011-06-01,30914.1171875
2011-06-02,30214.169921875
2011-06-03,31147.42578125
2011-06-07,31089.09765625
2011-06-08,30914.1171875
2011-06-09,30272.498046875
2011-06-10,29805.87890625
2011-06-13,30330.830078125
2011-06-14,30097.51171875
2011-06-15,30039.193359375
2011-06-16,29280.9140625
2011-06-17,28289.33203125
2011-06-20,28231.009765625
2011-06-21,29747.55078125
2011-06-22,29339.25390625
2011-06-23,28814.291015625
2011-06-24,29747.55078125
2011-06-27,29339.25390625
2011-06-28,29455.90234375
2011-06-29,29572.564453125
2011-06-30,29455.90234375
2011-07-01,29747.55078125
2011-07-04,30272.498046875
2011-07-05,30447.49609375
2011-07-06,31614.05859375
2011-07-07,31205.763671875
2011-07-08,31497.404296875
2011-07-11,31789.0390625
2011-07-12,31030.7734375
2011-07-13,31030.7734375
2011-07-14,31030.7734375
2011-07-15,30447.49609375
2011-07-18,30330.830078125
2011-07-19,30155.8515625
2011-07-20,31030.7734375
2011-07-21,31730.71875
2011-07-22,31847.3671875
2011-07-25,31439.07421875
2011-07-26,31789.0390625
2011-07-27,31730.71875
2011-07-28,31380.744140625
2011-07-29,30622.48046875
2011-08-01,30622.48046875
2011-08-02,29339.25390625
2011-08-03,28347.6640625
2011-08-04,28172.681640625
2011-08-05,27501.90234375
2011-08-08,25431.23828125
2011-08-09,24322.994140625
2011-08-10,24031.3515625
2011-08-11,23331.41015625
2011-08-12,23389.73828125
2011-08-16,25781.2109375
2011-08-17,25722.880859375
2011-08-18,25227.08984375
2011-08-19,24118.8515625
2011-08-22,24614.63671875
2011-08-23,24760.45703125
2011-08-24,23739.705078125
2011-08-25,23739.705078125
2011-08-26,24148.013671875
2011-08-29,24556.306640625
2011-08-30,25256.251953125
2011-08-31,25722.880859375
2011-09-01,25314.578125
2011-09-02,24847.951171875
2011-09-05,23593.888671875
2011-09-06,23127.251953125
2011-09-07,23856.359375
2011-09-08,24556.306640625
2011-09-09,23418.900390625
2011-09-14,21727.375
2011-09-15,21289.916015625
2011-09-16,22485.642578125
2011-09-19,22864.779296875
2011-09-20,22806.455078125
2011-09-21,23039.765625
2011-09-22,21756.537109375
2011-09-23,20181.669921875
2011-09-26,20356.658203125
2011-09-27,22223.17578125
2011-09-28,22718.958984375
2011-09-29,23564.724609375
2011-09-30,23535.564453125
2011-10-04,22806.455078125
2011-10-05,22514.806640625
2011-10-06,24322.994140625
2011-10-07,24468.818359375
2011-10-10,24031.3515625
2011-10-11,24439.65234375
2011-10-12,24789.626953125
2011-10-13,25110.4296875
2011-10-14,25460.390625
2011-10-17,25372.90625
2011-10-18,24381.318359375
2011-10-19,24497.978515625
2011-10-20,23564.724609375
2011-10-21,23943.865234375
2011-10-24,24993.7734375
2011-10-25,25168.76171875
2011-10-26,24585.46875
2011-10-27,25197.921875
2011-10-28,26247.837890625
2011-10-31,25314.578125
2011-11-01,24906.28125
2011-11-02,24468.818359375
2011-11-03,23535.564453125
2011-11-04,24322.994140625
2011-11-07,24497.978515625
2011-11-08,24118.8515625
2011-11-09,23973.021484375
2011-11-10,22048.177734375
2011-11-11,22660.634765625
2011-11-14,23273.078125
2011-11-15,22777.291015625
2011-11-16,22164.833984375
2011-11-17,22310.658203125
2011-11-18,21960.69140625
2011-11-21,21756.537109375
2011-11-22,21989.853515625
2011-11-23,21231.580078125
2011-11-24,21085.76171875
2011-11-25,21377.400390625
2011-11-28,21989.853515625
2011-11-29,22252.333984375
2011-11-30,22019.01953125
2011-12-01,23273.078125
2011-12-02,23156.4296875
2011-12-05,22777.291015625
2011-12-06,22427.31640625
2011-12-07,22310.658203125
2011-12-08,22048.177734375
2011-12-09,21464.904296875
2011-12-12,21319.072265625
2011-12-13,20998.2734375
2011-12-14,21056.595703125
2011-12-15,20852.4453125
2011-12-16,21144.08984375
2011-12-19,20794.119140625
2011-12-20,20852.4453125
2011-12-21,21756.537109375
2011-12-22,21669.048828125
2011-12-23,21727.375
2011-12-26,21523.2265625
2011-12-27,21610.716796875
2011-12-28,21830.814453125
2011-12-29,21592.873046875
2012-01-02,21473.904296875
2012-01-03,22187.71484375
2012-01-04,21830.814453125
2012-01-05,21890.298828125
2012-01-06,21533.388671875
2012-01-09,21265.70703125
2012-01-10,21563.12890625
2012-01-11,21503.6484375
2012-01-12,21920.0390625
2012-01-13,22485.13671875
2012-01-16,22395.91796875
2012-01-17,23585.59375
2012-01-18,23674.8359375
2012-01-19,23883.0234375
2012-01-20,24983.48828125
2012-01-25,24507.61328125
2012-01-26,24567.095703125
2012-01-27,25251.16796875
2012-01-30,25459.3671875
2012-01-31,25340.396484375
2012-02-01,25072.7109375
2012-02-02,25816.271484375
2012-02-03,26113.693359375
2012-02-06,26232.6640625
2012-02-07,25846.013671875
2012-02-08,26351.634765625
2012-02-09,26768.02734375
2012-02-10,26173.18359375
2012-02-13,25964.9765625
2012-02-14,26173.18359375
2012-02-15,26113.693359375
2012-02-16,25161.943359375
2012-02-17,25399.884765625
2012-02-20,25072.7109375
2012-02-21,24596.84765625
2012-02-22,24210.19140625
2012-02-23,24180.4453125
2012-02-24,24567.095703125
2012-02-27,24329.15625
2012-02-28,24596.84765625
2012-02-29,24507.61328125
2012-03-02,24656.3203125
2012-03-05,24358.904296875
2012-03-06,24061.48046875
2012-03-07,24001.998046875
2012-03-08,24507.61328125
2012-03-09,24269.673828125
2012-03-12,24001.998046875
2012-03-13,24715.8125
2012-03-14,25667.5625
2012-03-15,25964.9765625
2012-03-16,25816.271484375
2012-03-19,25756.791015625
2012-03-20,25429.625
2012-03-21,25964.9765625
2012-03-22,26232.6640625
2012-03-23,25875.75
2012-03-26,25964.9765625
2012-03-27,25875.75
2012-03-28,25578.3359375
2012-03-29,25132.201171875
2012-03-30,24596.84765625
2012-04-02,25280.91015625
2012-04-03,25161.943359375
2012-04-04,25578.3359375
2012-04-05,25875.75
2012-04-06,25399.884765625
2012-04-09,24745.5546875
2012-04-10,24686.0625
2012-04-12,25072.7109375
2012-04-13,25667.5625
2012-04-16,25102.462890625
2012-04-17,25280.91015625
2012-04-18,25191.68359375
2012-04-19,24864.517578125
2012-04-20,24329.15625
2012-04-23,24686.0625
2012-04-24,24388.638671875
2012-04-25,24091.2265625
2012-04-26,23853.28125
2012-04-27,23793.802734375
2012-04-30,22901.529296875
2012-05-02,23079.982421875
2012-05-03,23198.95703125
2012-05-04,23198.95703125
2012-05-07,22604.107421875
2012-05-08,23228.69921875
2012-05-09,23020.505859375
2012-05-10,22842.05078125
2012-05-11,22514.8828125
2012-05-14,22455.40234375
2012-05-15,22128.23046875
2012-05-16,21830.814453125
2012-05-17,21801.06640625
2012-05-18,21057.51171875
2012-05-21,20998.025390625
2012-05-22,21533.388671875
2012-05-23,21384.681640625
2012-05-24,21563.12890625
2012-05-25,21563.12890625
2012-05-29,21741.58203125
2012-05-30,21801.06640625
2012-05-31,21949.783203125
2012-06-01,21920.0390625
2012-06-04,21414.419921875
2012-06-05,21860.548828125
2012-06-07,22663.599609375
2012-06-08,22485.13671875
2012-06-11,23288.181640625
2012-06-12,22901.529296875
2012-06-13,22901.529296875
2012-06-14,23139.474609375
2012-06-15,23407.1484375
2012-06-18,23912.767578125
2012-06-19,23555.865234375
2012-06-20,23764.060546875
2012-06-21,23139.474609375
2012-06-22,22276.939453125
2012-06-25,22187.71484375
2012-06-26,21860.548828125
2012-06-27,21473.904296875
2012-06-28,21295.451171875
2012-06-29,21949.783203125
2012-07-02,21920.0390625
2012-07-03,22723.078125
2012-07-04,22574.365234375
2012-07-05,22336.431640625
2012-07-06,22247.205078125
2012-07-09,21949.783203125
2012-07-10,21890.298828125
2012-07-11,21801.06640625
2012-07-12,21325.19140625
2012-07-13,21325.19140625
2012-07-16,21206.224609375
2012-07-17,21473.904296875
2012-07-18,20998.025390625
2012-07-19,20700.60546875
2012-07-20,20611.376953125
2012-07-23,19867.822265625
2012-07-24,19867.822265625
2012-07-25,19629.884765625
2012-07-26,20105.765625
2012-07-27,20522.150390625
2012-07-30,21027.7734375
2012-07-31,21503.6484375
2012-08-01,21087.2578125
2012-08-02,21176.48046875
2012-08-03,20789.833984375
2012-08-06,21087.2578125
2012-08-07,21146.7421875
2012-08-08,21533.388671875
2012-08-09,22217.458984375
2012-08-10,22366.171875
2012-08-13,22128.23046875
2012-08-14,22336.431640625
2012-08-16,22395.91796875
2012-08-17,22068.748046875
2012-08-20,22306.68359375
2012-08-21,22276.939453125
2012-08-22,22247.205078125
2012-08-23,22871.79296875
2012-08-24,21890.298828125
2012-08-27,22693.3359375
2012-08-28,22604.107421875
2012-08-29,22633.853515625
2012-08-30,22485.13671875
2012-08-31,21860.548828125
2012-09-03,21801.06640625
2012-09-04,21979.51953125
2012-09-05,21592.873046875
2012-09-06,21711.84765625
2012-09-07,22752.81640625
2012-09-10,22812.302734375
2012-09-11,22693.3359375
2012-09-12,23198.95703125
2012-09-13,23109.732421875
2012-09-14,24091.2265625
2012-09-17,24507.61328125
2012-09-18,24477.869140625
2012-09-19,24775.30078125
2012-09-20,24626.583984375
2012-09-21,24418.390625
2012-09-24,23734.310546875
2012-09-25,23674.8359375
2012-09-26,23496.376953125
2012-09-27,23496.376953125
2012-09-28,23615.349609375
2012-10-02,23347.6640625
2012-10-04,22961.009765625
2012-10-05,22901.529296875
2012-10-08,22663.599609375
2012-10-09,22663.599609375
2012-10-10,22247.205078125
2012-10-11,22098.490234375
2012-10-12,22306.68359375
2012-10-15,22455.40234375
2012-10-16,22723.078125
2012-10-17,23050.240234375
2012-10-18,23347.6640625
2012-10-19,23198.95703125
2012-10-22,23198.95703125
2012-10-23,22663.599609375
2012-10-24,22455.40234375
2012-10-25,22187.71484375
2012-10-26,22009.265625
2012-10-29,22514.8828125
2012-10-30,22039.0078125
2012-10-31,22068.748046875
2012-11-01,21533.388671875
2012-11-02,22128.23046875
2012-11-05,22009.265625
2012-11-06,22157.98046875
2012-11-07,21949.783203125
2012-11-08,21503.6484375
2012-11-09,21354.9296875
2012-11-12,21235.96484375
2012-11-13,21057.51171875
2012-11-14,20908.798828125
2012-11-15,20789.833984375
2012-11-16,20730.34375
2012-11-19,20700.60546875
2012-11-20,20760.091796875
2012-11-21,20432.92578125
2012-11-22,20760.091796875
2012-11-23,20730.34375
2012-11-26,20522.150390625
2012-11-27,20849.318359375
2012-11-28,20432.92578125
2012-11-29,21027.7734375
2012-11-30,21206.224609375
2012-12-03,21235.96484375
2012-12-04,20968.28515625
2012-12-05,21206.224609375
2012-12-06,21414.419921875
2012-12-07,21503.6484375
2012-12-10,21384.681640625
2012-12-11,21622.61328125
2012-12-12,21830.814453125
2012-12-13,22425.65625
2012-12-14,22425.65625
2012-12-17,22336.431640625
2012-12-18,22723.078125
2012-12-20,22812.302734375
2012-12-21,22723.078125
2012-12-24,22485.13671875
2012-12-26,22485.13671875
2012-12-27,22726.916015625
2012-12-28,22908.248046875
2013-01-02,23452.240234375
2013-01-03,23754.46875
2013-01-04,23663.796875
2013-01-07,24086.90234375
2013-01-08,23422.015625
2013-01-09,23089.58203125
2013-01-10,23119.802734375
2013-01-11,22878.029296875
2013-01-14,23452.240234375
2013-01-15,23089.58203125
2013-01-16,23270.91015625
2013-01-17,23482.470703125
2013-01-18,23814.91015625
2013-01-21,24177.572265625
2013-01-22,24238.013671875
2013-01-23,23875.3515625
2013-01-24,23814.91015625
2013-01-25,23875.3515625
2013-01-28,24630.896484375
2013-01-29,24117.123046875
2013-01-30,24086.90234375
2013-01-31,23512.689453125
2013-02-01,23452.240234375
2013-02-04,23391.8046875
2013-02-05,23059.359375
2013-02-06,22847.802734375
2013-02-07,22545.580078125
2013-02-08,22696.69921875
2013-02-12,22787.361328125
2013-02-13,23089.58203125
2013-02-14,22968.6875
2013-02-15,22485.13671875
2013-02-18,22575.806640625
2013-02-19,22696.69921875
2013-02-20,23391.8046875
2013-02-21,23270.91015625
2013-02-22,23361.576171875
2013-02-25,23573.1328125
2013-02-26,23422.015625
2013-02-27,23482.470703125
2013-02-28,23875.3515625
2013-03-04,23694.017578125
2013-03-05,23482.470703125
2013-03-06,23724.236328125
2013-03-07,23573.1328125
2013-03-08,23573.1328125
2013-03-11,23391.8046875
2013-03-12,23210.470703125
2013-03-13,22998.916015625
2013-03-14,23089.58203125
2013-03-15,22968.6875
2013-03-18,22787.361328125
2013-03-19,22606.029296875
2013-03-20,22092.251953125
2013-03-21,21850.478515625
2013-03-22,21910.919921875
2013-03-25,22243.37109375
2013-03-26,22213.140625
2013-03-27,22364.251953125
2013-03-28,22364.251953125
2013-03-29,22666.47265625
2013-04-01,22575.806640625
2013-04-02,22545.580078125
2013-04-03,22606.029296875
2013-04-04,22364.251953125
2013-04-05,21880.703125
2013-04-08,21850.478515625
2013-04-09,21759.814453125
2013-04-10,22031.80859375
2013-04-11,22273.5859375
2013-04-12,21941.142578125
2013-04-15,21638.921875
2013-04-16,21487.81640625
2013-04-17,21276.259765625
2013-04-18,21064.705078125
2013-04-19,21246.0390625
2013-04-22,21608.701171875
2013-04-23,21608.701171875
2013-04-24,21638.921875
2013-04-25,21487.81640625
2013-04-26,21366.927734375
2013-04-29,21246.0390625
2013-04-30,21759.814453125
2013-05-02,21276.259765625
2013-05-03,21094.931640625
2013-05-06,21276.259765625
2013-05-07,21306.48046875
2013-05-08,21246.0390625
2013-05-09,21910.919921875
2013-05-10,21850.478515625
2013-05-13,21699.361328125
2013-05-14,21880.703125
2013-05-15,22092.251953125
2013-05-16,22303.810546875
2013-05-20,22575.806640625
2013-05-21,22364.251953125
2013-05-22,22575.806640625
2013-05-23,22273.5859375
2013-05-24,22545.580078125
2013-05-27,22606.029296875
2013-05-28,22636.25
2013-05-29,22726.916015625
2013-05-30,22666.47265625
2013-05-31,22334.02734375
2013-06-03,22485.13671875
2013-06-04,22273.5859375
2013-06-05,21880.703125
2013-06-07,21910.919921875
2013-06-10,22122.4765625
2013-06-11,22062.03515625
2013-06-12,21910.919921875
2013-06-13,21548.259765625
2013-06-14,21608.701171875
2013-06-17,21608.701171875
2013-06-18,21548.259765625
2013-06-19,21487.81640625
2013-06-20,21185.59765625
2013-06-21,20792.7109375
2013-06-24,20550.935546875
2013-06-25,20550.935546875
2013-06-26,20339.3828125
2013-06-27,20460.265625
2013-06-28,20671.8203125
2013-07-01,20460.265625
2013-07-02,20430.05078125
2013-07-03,19825.611328125
2013-07-04,19704.716796875
2013-07-05,19946.494140625
2013-07-08,20611.376953125
2013-07-09,20581.16015625
2013-07-10,20702.044921875
2013-07-11,21336.703125
2013-07-12,21427.373046875
2013-07-15,21276.259765625
2013-07-16,21125.15234375
2013-07-17,20853.154296875
2013-07-18,20611.376953125
2013-07-19,20913.599609375
2013-07-22,21064.705078125
2013-07-23,21759.814453125
2013-07-24,21850.478515625
2013-07-25,21608.701171875
2013-07-26,21548.259765625
2013-07-29,21457.58984375
2013-07-30,21669.146484375
2013-07-31,21518.033203125
2013-08-01,21910.919921875
2013-08-02,22243.37109375
2013-08-05,22182.923828125
2013-08-06,22092.251953125
2013-08-07,21699.361328125
2013-08-08,22001.5859375
2013-08-09,22092.251953125
2013-08-12,21850.478515625
2013-08-13,21850.478515625
2013-08-14,21820.2578125
2013-08-16,21729.59375
2013-08-19,21548.259765625
2013-08-20,21548.259765625
2013-08-21,21397.150390625
2013-08-22,21034.486328125
2013-08-23,21094.931640625
2013-08-26,20974.046875
2013-08-27,20822.935546875
2013-08-28,20641.603515625
2013-08-29,21155.37109375
2013-08-30,21578.4765625
2013-09-02,21457.58984375
2013-09-03,21880.703125
2013-09-04,21759.814453125
2013-09-05,21820.2578125
2013-09-06,21638.921875
2013-09-09,22092.251953125
2013-09-10,22334.02734375
2013-09-11,22515.36328125
2013-09-12,22303.810546875
2013-09-13,22424.697265625
2013-09-16,22757.140625
2013-09-17,22998.916015625
2013-09-23,23452.240234375
2013-09-24,23331.3515625
2013-09-25,22998.916015625
2013-09-26,23331.3515625
2013-09-27,23301.12890625
2013-09-30,22726.916015625
2013-10-01,22968.6875
2013-10-02,23089.58203125
2013-10-04,23240.693359375
2013-10-07,23361.576171875
2013-10-08,23180.24609375
2013-10-10,22787.361328125
2013-10-11,24147.349609375
2013-10-14,23996.2421875
2013-10-15,24238.013671875
2013-10-16,25174.904296875
2013-10-17,25930.4375
2013-10-18,26565.103515625
2013-10-21,26172.22265625
2013-10-22,25930.4375
2013-10-23,25023.7890625
2013-10-24,25507.337890625
2013-10-25,25386.44921875
2013-10-28,25144.67578125
2013-10-29,25084.22265625
2013-10-30,25628.220703125
2013-10-31,25386.44921875
2013-11-01,24872.673828125
2013-11-04,24328.681640625
2013-11-05,24147.349609375
2013-11-06,24147.349609375
2013-11-07,23996.2421875
2013-11-08,23845.126953125
2013-11-11,23663.796875
2013-11-12,23845.126953125
2013-11-13,23422.015625
2013-11-14,23210.470703125
2013-11-15,24147.349609375
2013-11-18,24238.013671875
2013-11-19,24358.904296875
2013-11-20,24298.458984375
2013-11-21,24086.90234375
2013-11-22,24147.349609375
2013-11-25,24238.013671875
2013-11-26,24026.46484375
2013-11-27,23845.126953125
2013-11-28,23996.2421875
2013-11-29,23996.2421875
2013-12-02,24177.572265625
2013-12-03,24117.123046875
2013-12-04,23966.009765625
2013-12-05,23814.91015625
2013-12-06,23814.91015625
2013-12-09,24328.681640625
2013-12-10,24389.126953125
2013-12-11,23784.681640625
2013-12-12,23754.46875
2013-12-13,23784.681640625
2013-12-16,23452.240234375
2013-12-17,23724.236328125
2013-12-18,24147.349609375
2013-12-19,24147.349609375
2013-12-20,24479.791015625
2013-12-23,24782.0078125
2013-12-24,24751.791015625
2013-12-26,24933.1171875
2013-12-27,25300.234375
2013-12-30,25850.904296875
2014-01-02,25759.123046875
2014-01-03,24902.5234375
2014-01-06,24627.19140625
2014-01-07,24657.7890625
2014-01-08,24933.1171875
2014-01-09,24841.341796875
2014-01-10,24229.48828125
2014-01-13,24382.451171875
2014-01-14,24045.923828125
2014-01-15,24474.22265625
2014-01-16,24168.30078125
2014-01-17,23923.552734375
2014-01-20,23892.966796875
2014-01-21,24015.333984375
2014-01-22,23678.818359375
2014-01-23,23128.14453125
2014-01-24,23128.14453125
2014-01-27,22546.88671875
2014-01-28,21965.6171875
2014-01-29,22761.03125
2014-02-03,22118.587890625
2014-02-04,22057.3984375
2014-02-05,22210.361328125
2014-02-06,22546.88671875
2014-02-07,22699.849609375
2014-02-10,22210.361328125
2014-02-11,22179.76953125
2014-02-12,22546.88671875
2014-02-13,22210.361328125
2014-02-14,22302.13671875
2014-02-17,23525.845703125
2014-02-18,23678.818359375
2014-02-19,23403.48828125
2014-02-20,22822.212890625
2014-02-21,23617.630859375
2014-02-24,23801.1875
2014-02-25,23984.7421875
2014-02-26,24413.044921875
2014-02-27,24168.30078125
2014-02-28,24413.044921875
2014-03-03,24015.333984375
2014-03-04,24045.923828125
2014-03-05,24198.896484375
2014-03-06,24688.37890625
2014-03-07,23954.150390625
2014-03-10,23250.517578125
2014-03-11,23403.48828125
2014-03-12,22546.88671875
2014-03-13,22638.6640625
2014-03-14,22516.2890625
2014-03-17,22516.2890625
2014-03-18,22455.1015625
2014-03-19,22546.88671875
2014-03-20,22026.80078125
2014-03-21,22118.587890625
2014-03-24,22179.76953125
2014-03-25,22087.990234375
2014-03-26,22791.62109375
2014-03-27,22699.849609375
2014-03-28,22822.212890625
2014-03-31,22791.62109375
2014-04-01,22975.18359375
2014-04-02,22975.18359375
2014-04-03,22577.47265625
2014-04-04,22669.251953125
2014-04-07,22455.1015625
2014-04-08,22638.6640625
2014-04-09,22913.994140625
2014-04-10,23128.14453125
2014-04-11,22852.80859375
2014-04-14,22913.994140625
2014-04-15,22638.6640625
2014-04-16,22638.6640625
2014-04-17,22608.06640625
2014-04-18,22638.6640625
2014-04-21,22577.47265625
2014-04-22,22210.361328125
2014-04-23,22118.587890625
2014-04-24,22118.587890625
2014-04-25,21904.435546875
2014-04-28,21445.537109375
2014-04-29,21384.35546875
2014-04-30,21537.3203125
2014-05-02,21598.505859375
2014-05-07,21292.58203125
2014-05-08,21659.6875
2014-05-09,21751.470703125
2014-05-12,21720.87109375
2014-05-13,21996.212890625
2014-05-14,22638.6640625
2014-05-15,22608.06640625
2014-05-16,22608.06640625
2014-05-19,22699.849609375
2014-05-20,22485.6953125
2014-05-21,21659.6875
2014-05-22,21904.435546875
2014-05-23,21843.24609375
2014-05-26,21720.87109375
2014-05-27,21506.73046875
2014-05-28,21598.505859375
2014-05-29,21537.3203125
2014-05-30,21261.986328125
2014-06-02,21200.798828125
2014-06-03,20986.650390625
2014-06-05,21047.833984375
2014-06-09,21445.537109375
2014-06-10,21629.099609375
2014-06-11,21720.87109375
2014-06-12,21904.435546875
2014-06-13,21476.13671875
2014-06-16,21414.947265625
2014-06-17,21170.205078125
2014-06-18,21109.01953125
2014-06-19,21231.392578125
2014-06-20,20925.466796875
2014-06-23,21047.833984375
2014-06-24,21537.3203125
2014-06-25,21323.166015625
2014-06-26,21476.13671875
2014-06-27,21690.28515625
2014-06-30,21537.3203125
2014-07-01,21323.166015625
2014-07-02,21323.166015625
2014-07-03,21200.798828125
2014-07-04,21200.798828125
2014-07-07,21537.3203125
2014-07-08,21659.6875
2014-07-09,21935.025390625
2014-07-10,21843.24609375
2014-07-11,21690.28515625
2014-07-14,21445.537109375
2014-07-15,21812.650390625
2014-07-16,21843.24609375
2014-07-17,22179.76953125
2014-07-18,21965.6171875
2014-07-21,21996.212890625
2014-07-22,22118.587890625
2014-07-23,22516.2890625
2014-07-24,22271.546875
2014-07-25,22485.6953125
2014-07-28,23617.630859375
2014-07-29,24229.48828125
2014-07-30,24413.044921875
2014-07-31,24596.59765625
2014-08-01,24596.59765625
2014-08-04,24474.22265625
2014-08-05,24535.412109375
2014-08-06,24963.712890625
2014-08-07,25116.68359375
2014-08-08,25024.89453125
2014-08-11,24902.5234375
2014-08-12,25055.49609375
2014-08-13,24933.1171875
2014-08-14,24994.306640625
2014-08-18,24933.1171875
2014-08-19,25116.68359375
2014-08-20,25147.267578125
2014-08-21,24076.517578125
2014-08-22,24474.22265625
2014-08-25,24413.044921875
2014-08-26,25147.267578125
2014-08-27,25697.9375
2014-08-28,25361.421875
2014-08-29,25422.60546875
2014-09-01,25422.60546875
2014-09-02,25789.71484375
2014-09-03,26309.80078125
2014-09-04,26065.052734375
2014-09-05,25575.56640625
2014-09-11,25024.89453125
2014-09-12,25177.859375
2014-09-15,23862.37890625
2014-09-16,24045.923828125
2014-09-17,24474.22265625
2014-09-18,24351.857421875
2014-09-19,24351.857421875
2014-09-22,24260.087890625
2014-09-23,24474.22265625
2014-09-24,24688.37890625
2014-09-25,24535.412109375
2014-09-26,23495.259765625
2014-09-29,23984.7421875
2014-09-30,23587.03515625
2014-10-01,23005.779296875
2014-10-02,23036.3671875
2014-10-06,23250.517578125
2014-10-07,23678.818359375
2014-10-08,23678.818359375
2014-10-10,23464.666015625
2014-10-13,23342.291015625
2014-10-14,23189.330078125
2014-10-15,23434.076171875
2014-10-16,23189.330078125
2014-10-17,23128.14453125
2014-10-20,23556.4453125
2014-10-21,22822.212890625
2014-10-22,23556.4453125
2014-10-23,23923.552734375
2014-10-24,24107.119140625
2014-10-27,25116.68359375
2014-10-28,25177.859375
2014-10-29,25912.091796875
2014-10-30,26309.80078125
2014-10-31,25697.9375
2014-11-03,25575.56640625
2014-11-04,25239.046875
2014-11-05,25514.3828125
2014-11-06,25453.201171875
2014-11-07,24810.748046875
2014-11-10,24596.59765625
2014-11-11,24718.96875
2014-11-12,24810.748046875
2014-11-13,24841.341796875
2014-11-14,24045.923828125
2014-11-17,24321.259765625
2014-11-18,24076.517578125
2014-11-19,24474.22265625
2014-11-20,24321.259765625
2014-11-21,24107.119140625
2014-11-24,24382.451171875
2014-11-25,24443.638671875
2014-11-26,24382.451171875
2014-11-27,23984.7421875
2014-11-28,23801.1875
2014-12-01,23495.259765625
2014-12-02,23434.076171875
2014-12-03,23495.259765625
2014-12-04,23862.37890625
2014-12-05,23862.37890625
2014-12-08,24076.517578125
2014-12-09,23892.966796875
2014-12-10,23434.076171875
2014-12-11,23281.115234375
2014-12-12,23525.845703125
2014-12-15,23005.779296875
2014-12-16,23128.14453125
2014-12-17,23005.779296875
2014-12-18,23219.923828125
2014-12-19,23372.890625
2014-12-22,23128.14453125
2014-12-23,23005.779296875
2014-12-24,23739.998046875
2014-12-26,23739.998046875
2014-12-29,23321.64453125
2014-12-30,22572.357421875
2015-01-02,22478.693359375
2015-01-05,22104.048828125
2015-01-06,22041.611328125
2015-01-07,21854.287109375
2015-01-08,22853.341796875
2015-01-09,23009.44921875
2015-01-12,22322.59375
2015-01-13,22416.255859375
2015-01-14,22915.78125
2015-01-15,22822.12109375
2015-01-16,22478.693359375
2015-01-19,22790.904296875
2015-01-20,22978.220703125
2015-01-21,23259.205078125
2015-01-22,23384.083984375
2015-01-23,23384.083984375
2015-01-26,23852.396484375
2015-01-27,23602.6328125
2015-01-28,22790.904296875
2015-01-29,23134.322265625
2015-01-30,22978.220703125
2015-02-02,23227.98828125
2015-02-03,23696.287109375
2015-02-04,23789.953125
2015-02-05,22697.240234375
2015-02-06,23415.30859375
2015-02-09,22947.001953125
2015-02-10,23071.8828125
2015-02-11,23134.322265625
2015-02-12,22978.220703125
2015-02-13,23508.97265625
2015-02-16,23446.53125
2015-02-17,23852.396484375
2015-02-23,24133.37890625
2015-02-24,24195.818359375
2015-02-25,24476.80078125
2015-02-26,24789.0
2015-02-27,24351.923828125
2015-03-02,23477.75
2015-03-03,23415.30859375
2015-03-04,23633.857421875
2015-03-05,23352.8671875
2015-03-06,22915.78125
2015-03-09,22978.220703125
2015-03-10,22978.220703125
2015-03-11,22884.560546875
2015-03-12,23821.169921875
2015-03-13,23852.396484375
2015-03-16,23758.736328125
2015-03-17,24227.037109375
2015-03-18,24258.259765625
2015-03-19,24757.791015625
2015-03-20,24976.330078125
2015-03-23,24913.890625
2015-03-24,24289.48046875
2015-03-25,23758.736328125
2015-03-26,24445.583984375
2015-03-27,23914.837890625
2015-03-30,24258.259765625
2015-03-31,24539.240234375
2015-04-01,24102.15625
2015-04-02,24008.490234375
2015-04-03,24351.923828125
2015-04-06,23977.27734375
2015-04-07,23633.857421875
2015-04-08,23571.408203125
2015-04-09,22978.220703125
2015-04-10,23571.408203125
2015-04-13,23914.837890625
2015-04-14,25288.53125
2015-04-15,24976.330078125
2015-04-16,25163.654296875
2015-04-17,25350.974609375
2015-04-20,25475.85546875
2015-04-21,25350.974609375
2015-04-22,24851.44921875
2015-04-23,25600.7421875
2015-04-24,26006.603515625
2015-04-27,25163.654296875
2015-04-28,25319.748046875
2015-04-29,25600.7421875
2015-04-30,25569.5234375
2015-05-04,26037.822265625
2015-05-06,26162.703125
2015-05-07,25850.501953125
2015-05-08,25475.85546875
2015-05-11,25350.974609375
2015-05-12,25694.3984375
2015-05-13,25912.94140625
2015-05-14,25663.177734375
2015-05-15,25475.85546875
2015-05-18,25257.306640625
2015-05-19,25507.072265625
2015-05-20,25600.7421875
2015-05-21,24820.220703125
2015-05-22,25600.7421875
2015-05-26,25038.765625
2015-05-27,24476.80078125
2015-05-28,24695.3515625
2015-05-29,25132.431640625
2015-06-01,24632.908203125
2015-06-02,24882.669921875
2015-06-03,24820.220703125
2015-06-04,24195.818359375
2015-06-05,23946.056640625
2015-06-08,24445.583984375
2015-06-09,24258.259765625
2015-06-10,24945.109375
2015-06-11,24976.330078125
2015-06-12,24383.138671875
2015-06-15,23821.169921875
2015-06-16,23290.421875
2015-06-17,23227.98828125
2015-06-18,23134.322265625
2015-06-19,22572.357421875
2015-06-22,22790.904296875
2015-06-23,23446.53125
2015-06-24,23633.857421875
2015-06-25,23290.421875
2015-06-26,23540.189453125
2015-06-29,23040.66796875
2015-06-30,23040.66796875
2015-07-01,22978.220703125
2015-07-02,22603.580078125
2015-07-03,22603.580078125
2015-07-06,22166.48828125
2015-07-07,22447.478515625
2015-07-08,22104.048828125
2015-07-09,22135.271484375
2015-07-10,22228.93359375
2015-07-13,22634.798828125
2015-07-14,22822.12109375
2015-07-15,21947.951171875
2015-07-16,22104.048828125
2015-07-17,21666.966796875
2015-07-20,21635.744140625
2015-07-21,21823.068359375
2015-07-22,21729.404296875
2015-07-23,21885.505859375
2015-07-24,21385.982421875
2015-07-27,22228.93359375
2015-07-28,22322.59375
2015-07-29,22291.37109375
2015-07-30,22884.560546875
2015-07-31,22978.220703125
2015-08-03,23103.107421875
2015-08-04,23602.6328125
2015-08-05,23165.546875
2015-08-06,23040.66796875
2015-08-07,23196.76171875
2015-08-10,23602.6328125
2015-08-11,23633.857421875
2015-08-12,23540.189453125
2015-08-13,22728.458984375
2015-08-14,22728.458984375
2015-08-17,22728.458984375
2015-08-18,23165.546875
2015-08-19,23227.98828125
2015-08-20,22853.341796875
2015-08-21,22603.580078125
2015-08-24,21791.8515625
2015-08-25,21760.626953125
2015-08-26,21666.966796875
2015-08-27,21666.966796875
2015-08-28,22509.916015625
2015-08-31,22353.814453125
2015-09-01,22041.611328125
2015-09-02,22166.48828125
2015-09-03,21698.185546875
2015-09-04,21635.744140625
2015-09-07,21354.76171875
2015-09-08,21323.546875
2015-09-09,21823.068359375
2015-09-10,22260.150390625
2015-09-11,21791.8515625
2015-09-14,21823.068359375
2015-09-15,21760.626953125
2015-09-16,22104.048828125
2015-09-17,22166.48828125
2015-09-18,21729.404296875
2015-09-21,21854.287109375
2015-09-22,22072.83203125
2015-09-23,21698.185546875
2015-09-24,21791.8515625
2015-09-25,21635.744140625
2015-09-30,22010.388671875
2015-10-01,22041.611328125
2015-10-02,21635.744140625
2015-10-05,21635.744140625
2015-10-06,21635.744140625
2015-10-07,21385.982421875
2015-10-08,21729.404296875
2015-10-12,22041.611328125
2015-10-13,22166.48828125
2015-10-14,21729.404296875
2015-10-15,21854.287109375
2015-10-16,21947.951171875
2015-10-19,22135.271484375
2015-10-20,22697.240234375
2015-10-21,22915.78125
2015-10-22,22947.001953125
2015-10-23,23009.44921875
2015-10-26,22978.220703125
2015-10-27,22947.001953125
2015-10-28,22572.357421875
2015-10-29,22260.150390625
2015-10-30,22572.357421875
2015-11-02,22478.693359375
2015-11-03,22915.78125
2015-11-04,22822.12109375
2015-11-05,22947.001953125
2015-11-06,22728.458984375
2015-11-09,23071.8828125
2015-11-10,22509.916015625
2015-11-11,22416.255859375
2015-11-12,22697.240234375
2015-11-13,21979.177734375
2015-11-16,21604.529296875
2015-11-17,21635.744140625
2015-11-18,22072.83203125
2015-11-19,22291.37109375
2015-11-20,22010.388671875
2015-11-23,22072.83203125
2015-11-24,22228.93359375
2015-11-25,22010.388671875
2015-11-26,22322.59375
2015-11-27,22385.0390625
2015-11-30,22010.388671875
2015-12-01,22228.93359375
2015-12-02,21916.73046875
2015-12-03,21760.626953125
2015-12-04,21666.966796875
2015-12-07,21510.86328125
2015-12-08,21479.642578125
2015-12-09,21417.201171875
2015-12-10,21666.966796875
2015-12-11,21573.3046875
2015-12-14,21354.76171875
2015-12-15,21167.4375
2015-12-16,21542.083984375
2015-12-17,21323.546875
2015-12-18,21136.21875
2015-12-21,21261.103515625
2015-12-22,21198.65625
2015-12-23,21354.76171875
2015-12-24,21261.103515625
2015-12-28,21167.4375
2015-12-29,21443.9296875
2015-12-30,21315.33203125
2016-01-04,20865.232421875
2016-01-05,20993.830078125
2016-01-06,20865.232421875
2016-01-07,20608.03125
2016-01-08,20640.177734375
2016-01-11,20318.685546875
2016-01-12,20350.833984375
2016-01-13,20768.78125
2016-01-14,19932.884765625
2016-01-15,19289.888671875
2016-01-18,19386.337890625
2016-01-19,18871.9375
2016-01-20,18196.796875
2016-01-21,18261.09765625
2016-01-22,18711.193359375
2016-01-25,19064.83984375
2016-01-26,18646.890625
2016-01-27,19129.142578125
2016-01-28,19482.787109375
2016-01-29,19643.533203125
2016-02-01,19225.591796875
2016-02-02,18871.9375
2016-02-03,18293.244140625
2016-02-04,18453.990234375
2016-02-05,18871.9375
2016-02-11,18453.990234375
2016-02-12,18261.09765625
2016-02-15,19064.83984375
2016-02-16,18968.390625
2016-02-17,20125.783203125
2016-02-18,19707.833984375
2016-02-19,19482.787109375
2016-02-22,19354.1875
2016-02-23,19354.1875
2016-02-24,19450.638671875
2016-02-25,19193.4375
2016-02-26,19289.888671875
2016-02-29,19096.990234375
2016-03-02,19418.48828125
2016-03-03,19804.291015625
2016-03-04,20447.28515625
2016-03-07,20672.330078125
2016-03-08,20415.134765625
2016-03-09,20511.58203125
2016-03-10,20543.732421875
2016-03-11,20768.78125
2016-03-14,21058.12890625
2016-03-15,20768.78125
2016-03-16,20993.830078125
2016-03-17,20833.08203125
2016-03-18,21090.27734375
2016-03-21,21025.978515625
2016-03-22,21090.27734375
2016-03-23,21025.978515625
2016-03-24,20640.177734375
2016-03-25,20415.134765625
2016-03-28,20575.8828125
2016-03-29,20800.93359375
2016-03-30,20479.43359375
2016-03-31,20479.43359375
2016-04-01,20672.330078125
2016-04-04,20672.330078125
2016-04-05,20929.529296875
2016-04-06,21090.27734375
2016-04-07,21186.728515625
2016-04-08,21058.12890625
2016-04-11,20704.482421875
2016-04-12,20672.330078125
2016-04-14,21636.830078125
2016-04-15,21990.470703125
2016-04-18,22022.623046875
2016-04-19,22183.373046875
2016-04-20,22376.275390625
2016-04-21,22762.06640625
2016-04-22,23083.568359375
2016-04-25,23469.369140625
2016-04-26,22954.97265625
2016-04-27,22922.81640625
2016-04-28,22665.619140625
2016-04-29,22376.275390625
2016-05-02,21926.17578125
2016-05-03,21829.724609375
2016-05-04,21540.376953125
2016-05-09,21508.224609375
2016-05-10,21636.830078125
2016-05-11,21668.974609375
2016-05-12,21443.9296875
2016-05-13,21379.62890625
2016-05-16,21283.1796875
2016-05-17,21476.076171875
2016-05-18,21154.57421875
2016-05-19,21733.271484375
2016-05-20,21604.67578125
2016-05-23,21347.478515625
2016-05-24,21251.025390625
2016-05-25,21958.330078125
2016-05-26,21797.576171875
2016-05-27,21636.830078125
2016-05-30,21443.9296875
2016-05-31,21926.17578125
2016-06-01,21733.271484375
2016-06-02,21797.576171875
2016-06-03,21733.271484375
2016-06-07,21701.125
2016-06-08,22279.826171875
2016-06-09,22826.361328125
2016-06-10,22504.87109375
2016-06-13,21990.470703125
2016-06-14,21958.330078125
2016-06-15,21283.1796875
2016-06-16,21379.62890625
2016-06-17,21379.62890625
2016-06-20,22054.775390625
2016-06-21,21604.67578125
2016-06-22,21926.17578125
2016-06-23,22151.22265625
2016-06-24,21315.33203125
2016-06-27,20800.93359375
2016-06-28,20768.78125
2016-06-29,21025.978515625
2016-06-30,20961.677734375
2016-07-01,21122.427734375
2016-07-04,20961.677734375
2016-07-05,20961.677734375
2016-07-06,20479.43359375
2016-07-07,20704.482421875
2016-07-08,20447.28515625
2016-07-11,20672.330078125
2016-07-12,21218.876953125
2016-07-13,21476.076171875
2016-07-14,21443.9296875
2016-07-15,21958.330078125
2016-07-18,21926.17578125
2016-07-19,22215.521484375
2016-07-20,21926.17578125
2016-07-21,22086.923828125
2016-07-22,22697.767578125
2016-07-25,23630.109375
2016-07-26,23501.517578125
2016-07-27,23372.919921875
2016-07-28,23019.267578125
2016-07-29,22633.470703125
2016-08-01,22922.81640625
2016-08-02,22633.470703125
2016-08-03,22697.767578125
2016-08-04,22826.361328125
2016-08-05,23276.46484375
2016-08-08,24048.060546875
2016-08-09,24433.861328125
2016-08-10,24369.560546875
2016-08-11,24208.810546875
2016-08-12,24240.958984375
2016-08-16,24176.65234375
2016-08-17,24048.060546875
2016-08-18,23919.4609375
2016-08-19,23919.4609375
2016-08-22,23855.162109375
2016-08-23,23983.755859375
2016-08-24,23694.416015625
2016-08-25,24498.162109375
2016-08-26,24015.912109375
2016-08-29,24691.056640625
2016-08-30,24916.107421875
2016-08-31,25012.5625
2016-09-01,25430.50390625
2016-09-02,25076.861328125
2016-09-05,25559.109375
2016-09-06,25398.3515625
2016-09-07,25655.55078125
2016-09-08,25334.05078125
2016-09-09,25559.109375
2016-09-12,25269.751953125
2016-09-13,24658.91015625
2016-09-19,24691.056640625
2016-09-20,24755.357421875
2016-09-21,25012.5625
2016-09-22,24787.50390625
2016-09-23,25044.701171875
2016-09-26,24851.80859375
2016-09-27,24851.80859375
2016-09-28,24594.611328125
2016-09-29,24433.861328125
2016-09-30,24337.416015625
2016-10-04,24691.056640625
2016-10-05,24498.162109375
2016-10-06,24916.107421875
2016-10-07,24691.056640625
2016-10-10,25205.45703125
2016-10-11,25719.8515625
2016-10-12,25398.3515625
2016-10-13,25044.701171875
2016-10-14,25173.310546875
2016-10-17,25591.25390625
2016-10-18,26491.447265625
2016-10-19,26427.15234375
2016-10-20,26812.943359375
2016-10-21,27263.044921875
2016-10-24,27873.89453125
2016-10-25,28227.533203125
2016-10-26,27616.6953125
2016-10-27,27520.2421875
2016-10-28,26973.689453125
2016-10-31,27198.744140625
2016-11-01,26973.689453125
2016-11-02,26362.849609375
2016-11-03,26362.849609375
2016-11-04,25977.048828125
2016-11-07,26266.3984375
2016-11-08,26137.796875
2016-11-09,26137.796875
2016-11-10,26973.689453125
2016-11-11,27327.345703125
2016-11-14,26941.544921875
2016-11-15,26941.544921875
2016-11-16,26491.447265625
2016-11-17,26041.353515625
2016-11-18,26234.248046875
2016-11-21,25944.8984375
2016-11-22,26202.099609375
2016-11-23,26909.390625
2016-11-24,26877.24609375
2016-11-25,26973.689453125
2016-11-28,26973.689453125
2016-11-29,27037.9921875
2016-11-30,27070.14453125
2016-12-01,26909.390625
2016-12-02,27005.845703125
2016-12-05,26620.0546875
2016-12-06,26266.3984375
2016-12-07,26909.390625
2016-12-08,28549.037109375
2016-12-09,27906.03125
2016-12-12,28098.935546875
2016-12-13,27713.13671875
2016-12-14,27680.990234375
2016-12-15,27423.794921875
2016-12-16,28356.1328125
2016-12-19,28452.5859375
2016-12-20,28291.837890625
2016-12-21,28291.837890625
2016-12-22,28291.837890625
2016-12-23,28002.490234375
2016-12-26,28034.63671875
2016-12-27,27906.03125
2016-12-28,28667.41796875
2016-12-29,28336.380859375
2017-01-02,28203.97265625
2017-01-03,28932.244140625
2017-01-04,29230.169921875
2017-01-05,28336.380859375
2017-01-06,28237.07421875
2017-01-09,28071.560546875
2017-01-10,28634.3125
2017-01-11,28700.521484375
2017-01-12,29197.064453125
2017-01-13,29031.544921875
2017-01-16,29892.232421875
2017-01-17,30355.677734375
2017-01-18,30322.578125
2017-01-19,30157.0625
2017-01-20,30057.75
2017-01-23,29627.404296875
2017-01-24,29859.126953125
2017-01-25,30653.60546875
2017-01-26,31249.466796875
2017-01-31,31117.052734375
2017-02-01,31646.716796875
2017-02-02,31348.77734375
2017-02-03,31481.201171875
2017-02-06,31712.912109375
2017-02-07,31746.017578125
2017-02-08,31282.568359375
2017-02-09,31514.287109375
2017-02-10,31646.716796875
2017-02-13,31746.017578125
2017-02-14,31779.11328125
2017-02-15,31083.953125
2017-02-16,31083.953125
2017-02-17,31315.673828125
2017-02-20,31348.77734375
2017-02-21,31481.201171875
2017-02-22,31249.466796875
2017-02-23,31547.396484375
2017-02-24,31580.5
2017-02-27,30355.677734375
2017-02-28,31050.8515625
2017-03-02,31812.22265625
2017-03-03,31381.87890625
2017-03-06,31448.087890625
2017-03-07,31746.017578125
2017-03-08,32374.974609375
2017-03-09,32441.193359375
2017-03-10,32441.193359375
2017-03-13,33566.6953125
2017-03-14,34162.5546875
2017-03-15,34030.1484375
2017-03-16,34228.76171875
2017-03-17,34361.171875
2017-03-20,33699.10546875
2017-03-21,33500.5
2017-03-22,32904.62890625
2017-03-23,33301.875
2017-03-24,33235.6640625
2017-03-27,32573.599609375
2017-03-28,32706.009765625
2017-03-29,33037.05078125
2017-03-30,32672.912109375
2017-03-31,32441.193359375
2017-04-03,32573.599609375
2017-04-04,32209.462890625
2017-04-05,32441.193359375
2017-04-06,32242.560546875
2017-04-07,32176.359375
2017-04-10,31448.087890625
2017-04-11,31381.87890625
2017-04-12,31117.052734375
2017-04-13,32143.255859375
2017-04-14,31944.634765625
2017-04-17,33368.078125
2017-04-18,33003.93359375
2017-04-19,33169.453125
2017-04-20,33103.25
2017-04-21,33500.5
2017-04-24,33897.734375
2017-04-25,34427.37890625
2017-04-26,34030.1484375
2017-04-27,33831.52734375
2017-04-28,33169.453125
2017-05-02,33963.9375
2017-05-04,34361.171875
2017-05-08,35420.484375
2017-05-10,35089.44921875
2017-05-11,35685.3046875
2017-05-12,35023.23046875
2017-05-15,35751.5078125
2017-05-16,35751.5078125
2017-05-17,35354.2734375
2017-05-18,35023.23046875
2017-05-19,35023.23046875
2017-05-22,35023.23046875
2017-05-23,35685.3046875
2017-05-24,35221.84765625
2017-05-25,35619.09765625
2017-05-26,36082.53515625
2017-05-29,35751.5078125
2017-05-30,35552.88671875
2017-05-31,35486.6875
2017-06-01,34824.6171875
2017-06-02,35685.3046875
2017-06-05,36413.578125
2017-06-07,36678.4140625
2017-06-08,36877.02734375
2017-06-09,37009.44140625
2017-06-12,37274.26171875
2017-06-13,36810.80859375
2017-06-14,36877.02734375
2017-06-15,36347.36328125
2017-06-16,36744.609375
2017-06-19,36810.80859375
2017-06-20,36678.4140625
2017-06-21,35883.93359375
2017-06-22,36413.578125
2017-06-23,36545.9921875
2017-06-26,36347.36328125
2017-06-27,36347.36328125
2017-06-28,37274.26171875
2017-06-29,38267.359375
2017-06-30,38201.15234375
2017-07-03,38267.359375
2017-07-04,38267.359375
2017-07-05,37936.32421875
2017-07-06,38465.97265625
2017-07-07,37539.08984375
2017-07-10,38002.52734375
2017-07-11,37737.7109375
2017-07-12,37870.12109375
2017-07-13,37472.88671875
2017-07-14,37936.32421875
2017-07-17,38002.52734375
2017-07-18,38002.52734375
2017-07-19,37472.88671875
2017-07-20,38002.52734375
2017-07-21,39591.4921875
2017-07-24,39856.31640625
2017-07-25,39459.07421875
2017-07-26,39790.1015625
2017-07-27,39525.2890625
2017-07-28,38797.01171875
2017-07-31,39326.66796875
2017-08-01,39591.4921875
2017-08-02,38532.1875
2017-08-03,37936.32421875
2017-08-04,38201.15234375
2017-08-07,39061.8359375
2017-08-08,38863.21484375
2017-08-09,38399.7734375
2017-08-10,38399.7734375
2017-08-11,37340.4609375
2017-08-14,37605.2890625
2017-08-16,37936.32421875
2017-08-17,37737.7109375
2017-08-18,37406.6640625
2017-08-21,37208.0546875
2017-08-22,37141.84765625
2017-08-23,37472.88671875
2017-08-24,36810.80859375
2017-08-25,37870.12109375
2017-08-28,37803.91015625
2017-08-29,37340.4609375
2017-08-30,37472.88671875
2017-08-31,36678.4140625
2017-09-01,36347.36328125
2017-09-04,36347.36328125
2017-09-05,33831.52734375
2017-09-06,33831.52734375
2017-09-07,34427.37890625
2017-09-08,34294.97265625
2017-09-11,34957.0234375
2017-09-12,35155.66015625
2017-09-13,34957.0234375
2017-09-14,35486.6875
2017-09-15,35751.5078125
2017-09-18,36413.578125
2017-09-19,36810.80859375
2017-09-20,36810.80859375
2017-09-21,37075.64453125
2017-09-25,36678.4140625
2017-09-26,36678.4140625
2017-09-27,35817.71875
2017-09-28,36678.4140625
2017-09-29,37141.84765625
2017-10-10,38333.56640625
2017-10-11,38201.15234375
2017-10-12,38797.01171875
2017-10-13,38399.7734375
2017-10-16,37803.91015625
2017-10-17,37936.32421875
2017-10-18,37737.7109375
2017-10-19,37936.32421875
2017-10-20,37803.91015625
2017-10-23,38002.52734375
2017-10-24,38201.15234375
2017-10-25,39128.0390625
2017-10-26,38929.41796875
2017-10-27,38995.63671875
2017-10-30,39194.24609375
2017-10-31,38664.58984375
2017-11-01,39061.8359375
2017-11-02,39128.0390625
2017-11-03,39657.69921875
2017-11-06,38267.359375
2017-11-07,38333.56640625
2017-11-08,38002.52734375
2017-11-09,38201.15234375
2017-11-10,38002.52734375
2017-11-13,37472.88671875
2017-11-14,37605.2890625
2017-11-15,37936.32421875
2017-11-16,38399.7734375
2017-11-17,37671.4921875
2017-11-20,37803.91015625
2017-11-21,36943.2265625
2017-11-22,37208.0546875
2017-11-23,37539.08984375
2017-11-24,37539.08984375
2017-11-27,38068.73828125
2017-11-28,38598.390625
2017-11-29,39194.24609375
2017-11-30,39657.69921875
2017-12-01,38598.390625
2017-12-04,39723.89453125
2017-12-05,39657.69921875
2017-12-06,39856.31640625
2017-12-07,39194.24609375
2017-12-08,39392.875
2017-12-11,39061.8359375
2017-12-12,38598.390625
2017-12-13,40253.5546875
2017-12-14,40650.78515625
2017-12-15,41445.26953125
2017-12-18,41246.64453125
2017-12-19,41312.859375
2017-12-21,40981.8203125
2017-12-22,41246.64453125
2017-12-26,42239.74609375
2017-12-27,43004.265625
2017-12-28,43277.3125
2018-01-02,43072.5234375
2018-01-03,43072.5234375
2018-01-04,43004.265625
2018-01-05,43755.13671875
2018-01-08,45461.65625
2018-01-09,45871.21875
2018-01-10,45052.09375
2018-01-11,46212.5234375
2018-01-12,46212.5234375
2018-01-15,46144.2578125
2018-01-16,44915.5625
2018-01-17,44642.5234375
2018-01-18,44847.3125
2018-01-19,45802.953125
2018-01-22,44847.3125
2018-01-23,46826.8671875
2018-01-24,46076.0078125
2018-01-25,45461.65625
2018-01-26,46007.75
2018-01-29,45871.21875
2018-01-30,45666.43359375
2018-01-31,45939.48046875
2018-02-01,45120.35546875
2018-02-02,45325.1328125
2018-02-05,46212.5234375
2018-02-06,43823.39453125
2018-02-07,43072.5234375
2018-02-08,41912.09765625
2018-02-09,41639.0546875
2018-02-12,43891.66015625
2018-02-13,43823.39453125
2018-02-14,44232.95703125
2018-02-19,45598.1796875
2018-02-20,45529.9140625
2018-02-21,44710.78515625
2018-02-22,44301.21875
2018-02-23,44164.6953125
2018-02-26,43755.13671875
2018-02-27,43686.8671875
2018-02-28,43686.8671875
2018-03-02,43345.5703125
2018-03-05,42458.1796875
2018-03-06,42526.44921875
2018-03-07,41980.359375
2018-03-08,42185.140625
2018-03-09,42662.9609375
2018-03-12,43686.8671875
2018-03-13,42458.1796875
2018-03-14,42048.625
2018-03-15,42116.875
2018-03-16,42799.48828125
2018-03-19,42936.01171875
2018-03-20,43413.8359375
2018-03-21,43004.265625
2018-03-22,43618.6171875
2018-03-23,42048.625
2018-03-26,41502.53125
2018-03-27,41843.8359375
2018-03-28,41024.69921875
2018-03-29,42048.625
2018-03-30,41434.27734375
2018-04-02,40615.140625
2018-04-03,39454.70703125
2018-04-04,39318.1953125
2018-04-05,39659.48046875
2018-04-06,39796.01171875
2018-04-09,38635.5859375
2018-04-10,40000.796875
2018-04-11,39932.53125
2018-04-12,40410.36328125
2018-04-13,40888.1875
2018-04-16,40819.91796875
2018-04-17,40273.84765625
2018-04-18,40205.578125
2018-04-19,40956.44140625
2018-04-20,41297.75
2018-04-23,41502.53125
2018-04-24,41843.8359375
2018-04-25,41297.75
2018-04-26,41024.69921875
2018-04-27,40888.1875
2018-04-30,41775.57421875
2018-05-02,41434.27734375
2018-05-03,41161.23046875
2018-05-04,40410.36328125
2018-05-08,39864.2734375
2018-05-09,39727.75390625
2018-05-10,39591.23828125
2018-05-11,39727.75390625
2018-05-14,39727.75390625
2018-05-15,39113.40234375
2018-05-16,39318.1953125
2018-05-17,39318.1953125
2018-05-18,38499.05078125
2018-05-21,38157.75
2018-05-23,37816.45703125
2018-05-24,38226.015625
2018-05-25,37816.45703125
2018-05-28,37611.66796875
2018-05-29,37270.359375
2018-05-30,35768.62109375
2018-05-31,35359.06640625
2018-06-01,35700.3671875
2018-06-04,37133.84765625
2018-06-05,37543.40234375
2018-06-07,38294.27734375
2018-06-08,38226.015625
2018-06-11,39181.66015625
2018-06-12,38840.359375
2018-06-14,38226.015625
2018-06-15,37543.40234375
2018-06-18,37884.71875
2018-06-19,37611.66796875
2018-06-20,37611.66796875
2018-06-21,35973.41015625
2018-06-22,36109.9296875
2018-06-25,37202.10546875
2018-06-26,36929.0703125
2018-06-27,36929.0703125
2018-06-28,35768.62109375
2018-06-29,36041.6640625
2018-07-02,35836.890625
2018-07-03,35495.5859375
2018-07-04,35427.3203125
2018-07-05,35973.41015625
2018-07-06,36997.3203125
2018-07-09,37679.9296875
2018-07-10,37202.10546875
2018-07-11,36724.28125
2018-07-12,36109.9296875
2018-07-13,37748.19140625
2018-07-16,36792.546875
2018-07-17,37816.45703125
2018-07-18,37679.9296875
2018-07-19,36587.75390625
2018-07-20,36792.546875
2018-07-23,36792.546875
2018-07-24,36451.23828125
2018-07-25,37133.84765625
2018-07-26,36519.5
2018-07-27,36587.75390625
2018-07-30,36792.546875
2018-07-31,36587.75390625
2018-08-01,36792.546875
2018-08-02,35836.890625
2018-08-03,36041.6640625
2018-08-06,36246.453125
2018-08-07,36041.6640625
2018-08-08,35905.15234375
2018-08-09,35359.06640625
2018-08-10,35290.80859375
2018-08-13,34881.234375
2018-08-14,34403.421875
2018-08-16,34266.89453125
2018-08-17,34949.49609375
2018-08-20,34949.49609375
2018-08-21,35017.75390625
2018-08-22,34744.71484375
2018-08-23,34676.4609375
2018-08-24,35222.5390625
2018-08-27,36041.6640625
2018-08-28,35973.41015625
2018-08-29,35973.41015625
2018-08-30,35086.01953125
2018-08-31,35290.80859375
2018-09-03,35017.75390625
2018-09-04,35086.01953125
2018-09-05,34403.421875
2018-09-06,34471.671875
2018-09-07,34608.19921875
2018-09-10,34812.9765625
2018-09-11,34881.234375
2018-09-12,35086.01953125
2018-09-13,35632.11328125
2018-09-14,34881.234375
2018-09-17,34403.421875
2018-09-18,34335.1484375
2018-09-19,34403.421875
2018-09-20,35154.28515625
2018-09-21,36314.7109375
2018-09-27,36656.01953125
2018-09-28,36997.3203125
2018-10-01,37952.96875
2018-10-02,37202.10546875
2018-10-04,38294.27734375
2018-10-05,38362.53125
2018-10-08,38226.015625
2018-10-10,37816.45703125
2018-10-11,36041.6640625
2018-10-12,35768.62109375
2018-10-15,35836.890625
2018-10-16,35427.3203125
2018-10-17,35836.890625
2018-10-18,35086.01953125
2018-10-19,34881.234375
2018-10-22,35768.62109375
2018-10-23,34812.9765625
2018-10-24,35563.85546875
2018-10-25,35017.75390625
2018-10-26,34812.9765625
2018-10-29,35222.5390625
2018-10-30,33277.1171875
2018-10-31,32355.587890625
2018-11-01,32594.50390625
2018-11-02,33481.890625
2018-11-05,33208.84375
2018-11-06,33140.58984375
2018-11-07,32765.154296875
2018-11-08,33072.328125
2018-11-09,32628.630859375
2018-11-12,32560.375
2018-11-13,32116.685546875
2018-11-14,32150.8125
2018-11-15,32150.8125
2018-11-16,32150.8125
2018-11-19,32014.279296875
2018-11-20,32048.41796875
2018-11-21,31775.375
2018-11-22,32014.279296875
2018-11-23,31980.15625
2018-11-26,32492.119140625
2018-11-27,33004.07421875
2018-11-28,33004.07421875
2018-11-29,33106.4609375
2018-11-30,32219.078125
2018-12-03,32219.078125
2018-12-04,32731.03125
2018-12-05,32765.154296875
2018-12-06,32594.50390625
2018-12-07,32116.685546875
2018-12-10,30853.85546875
2018-12-11,31126.904296875
2018-12-12,31946.029296875
2018-12-13,32287.330078125
2018-12-14,32731.03125
2018-12-17,32901.67578125
2018-12-18,33413.62890625
2018-12-19,32901.67578125
2018-12-20,33345.375
2018-12-21,33413.62890625
2018-12-24,33277.1171875
2018-12-26,32628.630859375
2018-12-27,32322.830078125
2018-12-28,33069.5625
2019-01-02,32678.4140625
2019-01-03,33034.0
2019-01-04,32465.064453125
2019-01-07,32322.830078125
2019-01-08,32358.392578125
2019-01-09,33034.0
2019-01-10,32358.392578125
2019-01-11,32251.712890625
2019-01-14,31682.7734375
2019-01-15,33247.359375
2019-01-16,33745.1796875
2019-01-17,33851.8515625
2019-01-18,33211.7890625
2019-01-21,32785.09375
2019-01-22,32536.173828125
2019-01-23,32251.712890625
2019-01-24,32642.859375
2019-01-25,32927.34375
2019-01-28,32571.744140625
2019-01-29,32785.09375
2019-01-30,33176.23828125
2019-01-31,34171.8828125
2019-02-01,34563.02734375
2019-02-07,34171.8828125
2019-02-08,34207.43359375
2019-02-11,32962.89453125
2019-02-12,32358.392578125
2019-02-13,32820.6640625
2019-02-14,32856.20703125
2019-02-15,32713.974609375
2019-02-18,32785.09375
2019-02-19,32749.53515625
2019-02-20,32607.298828125
2019-02-21,32393.951171875
2019-02-22,32465.064453125
2019-02-25,32642.859375
2019-02-26,32145.0390625
2019-02-27,31753.890625
2019-02-28,31540.537109375
2019-03-04,30616.015625
2019-03-05,30687.1328125
2019-03-06,30580.458984375
2019-03-07,30651.56640625
2019-03-08,29975.962890625
2019-03-11,30367.107421875
2019-03-12,30544.90625
2019-03-13,30011.517578125
2019-03-14,30331.54296875
2019-03-15,31256.0703125
2019-03-18,31362.74609375
2019-03-19,31184.95703125
2019-03-20,30936.04296875
2019-03-21,30580.458984375
2019-03-22,30224.865234375
2019-03-25,29549.255859375
2019-03-26,29442.57421875
2019-03-27,29478.1328125
2019-03-28,28980.31640625
2019-03-29,29762.611328125
2019-04-01,31291.626953125
2019-04-02,32002.80078125
2019-04-03,32180.59765625
2019-04-04,32287.2734375
2019-04-05,32216.16015625
2019-04-08,32002.80078125
2019-04-09,31860.572265625
2019-04-10,32145.0390625
2019-04-11,32145.0390625
2019-04-12,32322.830078125
2019-04-15,32500.6171875
2019-04-16,32927.34375
2019-04-17,32820.6640625
2019-04-18,32536.173828125
2019-04-19,32251.712890625
2019-04-22,32145.0390625
2019-04-23,32642.859375
2019-04-24,32251.712890625
2019-04-25,32536.173828125
2019-04-26,32287.2734375
2019-04-29,33034.0
2019-04-30,32856.20703125
2019-05-02,33211.7890625
2019-05-03,33140.671875
2019-05-07,33140.671875
2019-05-08,33282.9140625
2019-05-09,32785.09375
2019-05-10,32962.89453125
2019-05-13,32856.20703125
2019-05-14,32820.6640625
2019-05-15,32785.09375
2019-05-16,32785.09375
2019-05-17,32500.6171875
2019-05-20,32962.89453125
2019-05-21,32998.44921875
2019-05-22,32856.20703125
2019-05-23,32820.6640625
2019-05-24,32856.20703125
2019-05-27,32536.173828125
2019-05-28,32571.744140625
2019-05-29,32109.48046875
2019-05-30,31753.890625
2019-05-31,31149.3984375
2019-06-03,31682.7734375
2019-06-04,32251.712890625
2019-06-05,31611.6640625
2019-06-07,31504.978515625
2019-06-10,31931.6875
2019-06-11,31611.6640625
2019-06-12,31896.12109375
2019-06-13,31504.978515625
2019-06-14,31504.978515625
2019-06-17,31504.978515625
2019-06-18,31789.45703125
2019-06-19,32536.173828125
2019-06-20,32358.392578125
2019-06-21,32251.712890625
2019-06-24,32038.365234375
2019-06-25,31967.248046875
2019-06-26,32287.2734375
2019-06-27,32536.173828125
2019-06-28,32607.298828125
2019-07-01,33211.7890625
2019-07-02,32749.53515625
2019-07-03,32038.365234375
2019-07-04,32251.712890625
2019-07-05,31540.537109375
2019-07-08,31007.154296875
2019-07-09,30829.365234375
2019-07-10,30829.365234375
2019-07-11,30829.365234375
2019-07-12,31184.95703125
2019-07-15,31362.74609375
2019-07-16,31789.45703125
2019-07-17,31931.6875
2019-07-18,32002.80078125
2019-07-19,32358.392578125
2019-07-22,32322.830078125
2019-07-23,32785.09375
2019-07-24,32358.392578125
2019-07-25,31398.30078125
2019-07-26,31149.3984375
2019-07-29,31007.154296875
2019-07-30,30829.365234375
2019-07-31,30864.92578125
2019-08-01,30722.689453125
2019-08-02,29513.69921875
2019-08-05,29086.9921875
2019-08-06,28624.732421875
2019-08-07,28126.90625
2019-08-08,27913.5546875
2019-08-09,27913.5546875
2019-08-12,27700.203125
2019-08-13,27202.380859375
2019-08-14,27522.416015625
2019-08-16,27344.61328125
2019-08-19,27913.5546875
2019-08-20,28020.23046875
2019-08-21,28055.79296875
2019-08-22,27949.109375
2019-08-23,27735.76171875
2019-08-26,27380.171875
2019-08-27,27486.8515625
2019-08-28,27522.416015625
2019-08-29,27629.083984375
2019-08-30,28233.580078125
2019-09-02,28162.466796875
2019-09-03,28055.79296875
2019-09-04,28482.490234375
2019-09-05,28269.142578125
2019-09-06,28838.078125
2019-09-09,29264.796875
2019-09-10,30224.865234375
2019-09-11,31078.28125
2019-09-16,31753.890625
2019-09-17,31362.74609375
2019-09-18,30758.25
2019-09-19,30509.333984375
2019-09-20,31433.86328125
2019-09-23,31149.3984375
2019-09-24,31291.626953125
2019-09-25,30936.04296875
2019-09-26,31256.0703125
2019-09-27,30153.751953125
2019-09-30,30367.107421875
2019-10-01,30224.865234375
2019-10-02,29762.611328125
2019-10-04,29620.373046875
2019-10-07,29335.90234375
2019-10-08,29655.9296875
2019-10-10,29051.431640625
2019-10-11,29833.71484375
2019-10-14,30438.224609375
2019-10-15,30367.107421875
2019-10-16,30367.107421875
2019-10-17,30509.333984375
2019-10-18,30473.78125
2019-10-21,30687.1328125
2019-10-22,31362.74609375
2019-10-23,31220.509765625
2019-10-24,31291.626953125
2019-10-25,30438.224609375
2019-10-28,30509.333984375
2019-10-29,30295.986328125
2019-10-30,30189.3125
2019-10-31,29833.71484375
2019-11-01,30082.630859375
2019-11-04,30722.689453125
2019-11-05,31256.0703125
2019-11-06,30758.25
2019-11-07,30722.689453125
2019-11-08,30793.806640625
2019-11-11,30580.458984375
2019-11-12,30971.603515625
2019-11-13,30864.92578125
2019-11-14,31078.28125
2019-11-15,31078.28125
2019-11-18,31291.626953125
2019-11-19,31931.6875
2019-11-20,32678.4140625
2019-11-21,32465.064453125
2019-11-22,32856.20703125
2019-11-25,32749.53515625
2019-11-26,32607.298828125
2019-11-27,32785.09375
2019-11-28,33105.1171875
2019-11-29,32749.53515625
2019-12-02,32678.4140625
2019-12-03,32607.298828125
2019-12-04,32749.53515625
2019-12-05,33176.23828125
2019-12-06,33425.1484375
2019-12-09,34171.8828125
2019-12-10,34349.67578125
2019-12-11,34136.328125
2019-12-12,34385.23828125
2019-12-13,35558.66796875
2019-12-16,34883.0546875
2019-12-17,34100.765625
2019-12-18,35131.96484375
2019-12-19,35131.96484375
2019-12-20,34883.0546875
2019-12-23,35487.55078125
2019-12-24,35167.53515625
2019-12-26,35131.96484375
2019-12-27,35772.21484375
2019-12-30,35474.41796875
2020-01-02,34655.5
2020-01-03,35102.1875
2020-01-06,34692.72265625
2020-01-07,34990.515625
2020-01-08,34357.71484375
2020-01-09,34618.2734375
2020-01-10,34841.6171875
2020-01-13,34767.1640625
2020-01-14,35623.328125
2020-01-15,35660.54296875
2020-01-16,35735.00390625
2020-01-17,35660.54296875
2020-01-20,35958.34375
2020-01-21,35251.08203125
2020-01-22,35399.9765625
2020-01-23,34767.1640625
2020-01-28,33129.328125
2020-01-29,32943.1953125
2020-01-30,32608.1875
2020-01-31,32719.84765625
2020-02-03,32645.408203125
2020-02-04,32384.8359375
2020-02-05,32905.96875
2020-02-06,33687.68359375
2020-02-07,33054.875
2020-02-10,32198.720703125
2020-02-11,32087.048828125
2020-02-12,32384.8359375
2020-02-13,31826.46484375
2020-02-14,31826.46484375
2020-02-17,31565.916015625
2020-02-18,31082.005859375
2020-02-19,31119.228515625
2020-02-20,31417.017578125
2020-02-21,30635.322265625
2020-02-24,29071.91015625
2020-02-25,29220.802734375
2020-02-26,29071.91015625
2020-02-27,29332.470703125
2020-02-28,28960.23828125
2020-03-02,28587.99609375
2020-03-03,28364.654296875
2020-03-04,28997.458984375
2020-03-05,28811.34375
2020-03-06,27880.73828125
2020-03-09,27880.73828125
2020-03-10,26168.439453125
2020-03-11,26280.11328125
2020-03-12,26280.11328125
2020-03-13,24493.361328125
2020-03-16,23897.783203125
2020-03-17,22222.701171875
2020-03-18,21627.1171875
2020-03-19,19393.6796875
2020-03-20,22967.181640625
2020-03-23,20584.84375
2020-03-24,21701.5625
2020-03-25,23823.33203125
2020-03-26,24493.361328125
2020-03-27,26615.123046875
2020-03-30,25870.6484375
2020-03-31,25721.751953125
2020-04-01,23525.53515625
2020-04-02,23599.986328125
2020-04-03,23190.5234375
2020-04-06,24456.134765625
2020-04-07,24642.255859375
2020-04-08,23897.783203125
2020-04-09,24195.57421875
2020-04-10,25051.71875
2020-04-13,24232.79296875
2020-04-14,24716.705078125
2020-04-16,23748.880859375
2020-04-17,24083.8984375
2020-04-20,23748.880859375
2020-04-21,23599.986328125
2020-04-22,23451.091796875
2020-04-23,23302.1953125
2020-04-24,23153.296875
2020-04-27,25461.18359375
2020-04-28,25423.96484375
2020-04-29,25870.6484375
2020-05-04,24567.80859375
2020-05-06,24344.466796875
2020-05-07,24158.345703125
2020-05-08,24418.91796875
2020-05-11,23935.0
2020-05-12,23488.310546875
2020-05-13,23413.869140625
2020-05-14,23041.623046875
2020-05-15,23413.869140625
2020-05-18,23078.84765625
2020-05-19,23786.10546875
2020-05-20,23860.5546875
2020-05-21,23823.33203125
2020-05-22,23153.296875
2020-05-25,23339.41796875
2020-05-26,24270.017578125
2020-05-27,24642.255859375
2020-05-28,25461.18359375
2020-05-29,25312.287109375
2020-06-01,25758.9765625
2020-06-02,26987.361328125
2020-06-03,28736.892578125
2020-06-04,27545.728515625
2020-06-05,28327.431640625
2020-06-08,28439.099609375
2020-06-09,28662.44140625
2020-06-10,27955.185546875
2020-06-11,27061.81640625
2020-06-12,25796.19921875
2020-06-15,24753.923828125
2020-06-16,26577.8984375
2020-06-17,26056.76953125
2020-06-18,26242.884765625
2020-06-19,26801.251953125
2020-06-22,25945.08984375
2020-06-23,25833.42578125
2020-06-24,25982.322265625
2020-06-25,25126.169921875
2020-06-26,25907.873046875
2020-06-29,25237.841796875
2020-06-30,25275.064453125
2020-07-01,25610.080078125
2020-07-02,25647.3046875
2020-07-03,25907.873046875
2020-07-06,26615.123046875
2020-07-07,26652.353515625
2020-07-08,26093.9921875
2020-07-09,25833.42578125
2020-07-10,25275.064453125
2020-07-13,26317.333984375
2020-07-14,26131.212890625
2020-07-15,26540.681640625
2020-07-16,26764.025390625
2020-07-17,26540.681640625
2020-07-20,27471.28125
2020-07-21,27322.38671875
2020-07-22,26950.14453125
2020-07-23,26689.572265625
2020-07-24,26354.552734375
2020-07-27,26391.78125
2020-07-28,26577.8984375
2020-07-29,26950.14453125
2020-07-30,26764.025390625
2020-07-31,26242.884765625
2020-08-03,26242.884765625
2020-08-04,26429.001953125
2020-08-05,26429.001953125
2020-08-06,27210.705078125
2020-08-07,26912.919921875
2020-08-10,27657.400390625
2020-08-11,28885.791015625
2020-08-12,30039.734375
2020-08-13,30895.8828125
2020-08-14,29630.267578125
2020-08-18,28401.87109375
2020-08-19,28290.203125
2020-08-20,27136.263671875
2020-08-21,27359.603515625
2020-08-24,27508.49609375
2020-08-25,28252.978515625
2020-08-26,27620.173828125
2020-08-27,27508.49609375
2020-08-28,28290.203125
2020-08-31,27434.056640625
2020-09-01,27843.51953125
2020-09-02,28066.861328125
2020-09-03,27843.51953125
2020-09-04,27508.49609375
2020-09-07,28476.32421875
2020-09-08,28141.3046875
2020-09-09,27917.966796875
2020-09-10,27955.185546875
2020-09-11,27657.400390625
2020-09-14,28513.55078125
2020-09-15,28550.7734375
2020-09-16,28215.755859375
2020-09-17,28252.978515625
2020-09-18,28104.08203125
2020-09-21,28029.634765625
2020-09-22,27880.73828125
2020-09-23,27955.185546875
2020-09-24,27694.619140625
2020-09-25,28439.099609375
2020-09-28,28439.099609375
2020-09-29,27955.185546875
2020-10-05,29071.91015625
2020-10-06,29034.68359375
2020-10-07,29704.71484375
2020-10-08,29667.4921875
2020-10-12,30337.5234375
2020-10-13,29928.064453125
2020-10-14,28848.560546875
2020-10-15,29071.91015625
2020-10-16,29332.470703125
2020-10-19,30300.302734375
2020-10-20,30337.5234375
2020-10-21,30858.654296875
2020-10-22,31193.666015625
2020-10-23,31454.244140625
2020-10-26,31565.916015625
2020-10-27,31082.005859375
2020-10-28,31305.341796875
2020-10-29,30523.642578125
2020-10-30,29853.61328125
2020-11-02,31268.125
2020-11-03,31752.025390625
2020-11-04,30933.103515625
2020-11-05,31938.146484375
2020-11-06,31752.025390625
2020-11-09,31975.380859375
2020-11-10,33278.21875
2020-11-11,35176.63671875
2020-11-12,34506.60546875
2020-11-13,33464.33203125
2020-11-16,34022.6875
2020-11-17,34655.5
2020-11-18,34878.84375
2020-11-19,34618.2734375
2020-11-20,33985.47265625
2020-11-23,34581.05078125
2020-11-24,34543.83203125
2020-11-25,35958.34375
2020-11-26,36070.015625
2020-11-27,35697.77734375
2020-11-30,33762.12890625
2020-12-01,34171.5859375
2020-12-02,34841.6171875
2020-12-03,35102.1875
2020-12-04,35139.41796875
2020-12-07,35139.41796875
2020-12-08,34171.5859375
2020-12-09,34357.71484375
2020-12-10,34543.83203125
2020-12-11,35064.95703125
2020-12-14,34990.515625
2020-12-15,34469.3828125
2020-12-16,34283.2578125
2020-12-17,33687.68359375
2020-12-18,33464.33203125
2020-12-21,33613.2265625
2020-12-22,33166.54296875
2020-12-23,32757.078125
2020-12-24,33836.57421875
2020-12-28,33948.2421875
2020-12-29,33615.1953125
2020-12-30,33615.1953125
2021-01-04,32879.37890625
2021-01-05,33731.375
2021-01-06,34079.9140625
2021-01-07,35629.0078125
2021-01-08,36016.27734375
2021-01-11,35551.55078125
2021-01-12,35783.9140625
2021-01-13,36635.90625
2021-01-14,36055.00390625
2021-01-15,35009.3671875
2021-01-18,35048.10546875
2021-01-19,35009.3671875
2021-01-20,34970.640625
2021-01-21,34660.83203125
2021-01-22,34118.6484375
2021-01-25,34157.37890625
2021-01-26,33305.37109375
2021-01-27,32840.640625
2021-01-28,31833.73828125
2021-01-29,31214.111328125
2021-02-01,32608.279296875
2021-02-02,32414.654296875
2021-02-03,32492.09765625
2021-02-04,32569.556640625
2021-02-05,34351.01171875
2021-02-08,34893.19140625
2021-02-09,34660.83203125
2021-02-10,35241.73046875
2021-02-15,35086.8203125
2021-02-16,34893.19140625
2021-02-17,34699.5546875
2021-02-18,33847.5625
2021-02-19,33731.375
2021-02-22,33382.8203125
2021-02-23,33847.5625
2021-02-24,33421.5546875
2021-02-25,34660.83203125
2021-02-26,33925.00390625
2021-03-02,34467.19140625
2021-03-03,35241.73046875
2021-03-04,35474.08984375
2021-03-05,36403.546875
2021-03-08,38688.45703125
2021-03-09,40740.99609375
2021-03-10,39966.44921875
2021-03-11,40276.26171875
2021-03-12,39037.00390625
2021-03-15,39656.62890625
2021-03-16,39656.62890625
2021-03-17,39269.35546875
2021-03-18,38959.54296875
2021-03-19,38456.08984375
2021-03-22,39811.53515625
2021-03-23,39811.53515625
2021-03-24,39501.72265625
2021-03-25,40740.99609375
2021-03-26,41205.7109375
2021-03-29,41593.0
2021-03-30,42522.44140625
2021-03-31,43529.34765625
2021-04-01,42599.89453125
2021-04-02,41747.89453125
2021-04-05,42290.07421875
2021-04-06,41050.81640625
2021-04-07,41515.54296875
2021-04-08,40895.89453125
2021-04-09,40740.99609375
2021-04-12,41360.625
2021-04-13,41438.08203125
2021-04-14,41205.7109375
2021-04-15,41825.3515625
2021-04-16,40818.44140625
2021-04-19,40508.6328125
2021-04-20,41128.26171875
2021-04-21,40586.08203125
2021-04-22,41438.08203125
2021-04-23,42057.71875
2021-04-26,42599.89453125
2021-04-27,42599.89453125
2021-04-28,42599.89453125
2021-04-29,41747.89453125
2021-04-30,42367.5234375
2021-05-03,41593.0
2021-05-04,41283.17578125
2021-05-06,44536.2578125
2021-05-07,45155.890625
2021-05-10,46085.34375
2021-05-11,46240.25390625
2021-05-12,45233.34375
2021-05-13,45543.15625
2021-05-14,44613.7109375
2021-05-17,44846.07421875
2021-05-18,45543.15625
2021-05-20,44923.53125
2021-05-21,43606.8046875
2021-05-24,44071.53515625
2021-05-25,45000.984375
2021-05-26,44303.89453125
2021-05-27,42909.70703125
2021-05-28,44148.98828125
2021-05-31,45543.15625
2021-06-01,45543.15625
2021-06-02,45620.625
2021-06-03,45155.890625
2021-06-04,44613.7109375
2021-06-07,44923.53125
2021-06-08,44846.07421875
2021-06-09,44071.53515625
2021-06-10,44303.89453125
2021-06-11,44148.98828125
2021-06-14,43529.34765625
2021-06-15,43296.98828125
2021-06-16,44071.53515625
2021-06-17,44071.53515625
2021-06-18,43994.078125
2021-06-21,42677.3515625
2021-06-22,43219.5390625
2021-06-23,42987.17578125
2021-06-24,43451.890625
2021-06-25,44381.34375
2021-06-28,44303.89453125
2021-06-29,44029.19921875
2021-06-30,43793.7578125
2021-07-01,42930.42578125
2021-07-02,42773.4609375
2021-07-05,42381.046875
2021-07-06,42224.08203125
2021-07-07,41439.23828125
2021-07-08,41046.83203125
2021-07-09,39555.65234375
2021-07-12,40418.96484375
2021-07-13,40968.3515625
2021-07-14,40418.96484375
2021-07-15,40654.40625
2021-07-16,41203.80078125
2021-07-19,40105.02734375
2021-07-20,39869.57421875
2021-07-21,39712.61328125
2021-07-22,40654.40625
2021-07-23,40968.3515625
2021-07-26,40654.40625
2021-07-27,40889.8671875
2021-07-28,41203.80078125
2021-07-29,41282.28515625
2021-07-30,40261.9921875
2021-08-02,39948.0625
2021-08-03,40497.44921875
2021-08-04,41360.76171875
2021-08-05,40811.37890625
2021-08-06,40968.3515625
2021-08-09,41596.21875
2021-08-10,41046.83203125
2021-08-11,42067.12109375
2021-08-12,41910.14453125
2021-08-13,41753.17578125
2021-08-17,41753.17578125
2021-08-18,41596.21875
2021-08-19,40261.9921875
2021-08-20,39869.57421875
2021-08-23,40105.02734375
2021-08-24,41203.80078125
2021-08-25,42145.60546875
2021-08-26,42538.01171875
2021-08-27,42930.42578125
2021-08-30,41203.80078125
2021-08-31,41517.73046875
2021-09-01,41674.6953125
2021-09-02,41674.6953125
2021-09-03,41517.73046875
2021-09-06,40654.40625
2021-09-07,40340.4765625
2021-09-08,41203.80078125
2021-09-09,40654.40625
2021-09-10,40418.96484375
2021-09-13,40654.40625
2021-09-14,41046.83203125
2021-09-15,41360.76171875
2021-09-16,40889.8671875
2021-09-17,40889.8671875
2021-09-23,40418.96484375
2021-09-24,41596.21875
2021-09-27,41517.73046875
2021-09-28,42773.4609375
2021-09-29,43322.84375
2021-09-30,43401.33203125
2021-10-01,43322.84375
2021-10-05,43008.92578125
2021-10-06,42538.01171875
2021-10-07,43793.7578125
2021-10-08,43244.3671875
2021-10-12,42851.9453125
2021-10-13,42145.60546875
2021-10-14,42851.9453125
2021-10-15,43793.7578125
2021-10-18,43872.234375
2021-10-19,43479.8125
2021-10-20,44029.19921875
2021-10-21,45049.4765625
2021-10-22,45206.453125
2021-10-25,46383.70703125
2021-10-26,46383.70703125
2021-10-27,45991.28515625
2021-10-28,45363.40625
2021-10-29,44421.6171875
2021-11-01,44578.58984375
2021-11-02,44735.5546875
2021-11-03,43479.8125
2021-11-04,43950.7109375
2021-11-05,43244.3671875
2021-11-08,43401.33203125
2021-11-09,43793.7578125
2021-11-10,43793.7578125
2021-11-11,43872.234375
2021-11-12,44264.640625
2021-11-15,44186.16796875
2021-11-16,44657.0703125
2021-11-17,43872.234375
2021-11-18,43793.7578125
2021-11-19,44500.10546875
2021-11-22,44264.640625
2021-11-23,44814.02734375
2021-11-24,45206.453125
2021-11-25,44814.02734375
2021-11-26,43793.7578125
2021-11-29,43401.33203125
2021-11-30,41439.23828125
2021-12-01,42302.5625
2021-12-02,43165.87890625
2021-12-03,44735.5546875
2021-12-06,44735.5546875
2021-12-07,45049.4765625
2021-12-08,45127.97265625
2021-12-09,45206.453125
2021-12-10,45441.90625
2021-12-13,45127.97265625
2021-12-14,45049.4765625
2021-12-15,44971.0
2021-12-16,44421.6171875
2021-12-17,45834.31640625
2021-12-20,44578.58984375
2021-12-21,44892.51953125
2021-12-22,44814.02734375
2021-12-23,45049.4765625
2021-12-24,45049.4765625
2021-12-27,44500.10546875
2021-12-28,44578.58984375
2021-12-29,45223.46484375
2021-12-30,44896.94921875
2022-01-04,46039.77734375
2022-01-05,46203.04296875
2022-01-06,45549.99609375
2022-01-07,45468.3671875
2022-01-10,47182.609375
2022-01-11,48978.4765625
2022-01-12,50529.4609375
2022-01-13,50855.99609375
2022-01-14,50774.36328125
2022-01-17,49958.046875
2022-01-18,50366.21484375
2022-01-19,50529.4609375
2022-01-20,48570.33203125
2022-01-21,49223.37890625
2022-01-24,47998.91796875
2022-01-25,46611.19921875
2022-01-26,46611.19921875
2022-01-27,47345.875
2022-01-28,48570.33203125
2022-02-03,48488.6953125
2022-02-04,49713.1640625
2022-02-07,49958.046875
2022-02-08,49958.046875
2022-02-09,49958.046875
2022-02-10,53468.1796875
2022-02-11,53713.07421875
2022-02-14,52733.50390625
2022-02-15,52651.86328125
2022-02-16,52733.50390625
2022-02-17,53141.65234375
2022-02-18,51998.83203125
2022-02-21,51998.83203125
2022-02-22,51998.83203125
2022-02-23,51998.83203125
2022-02-24,49794.7890625
2022-02-25,48080.55078125
2022-02-28,48080.55078125
2022-03-02,46774.453125
2022-03-03,47672.3984375
2022-03-04,47672.3984375
2022-03-07,44896.94921875
2022-03-08,43427.58984375
2022-03-10,43427.58984375
2022-03-11,43427.58984375
2022-03-14,45549.99609375
2022-03-15,45549.99609375
2022-03-16,45549.99609375
2022-03-17,45549.99609375
2022-03-18,46937.71875
2022-03-21,46937.71875
2022-03-22,47835.65234375
2022-03-23,49876.42578125
2022-03-24,50121.31640625
2022-03-25,49713.1640625
2022-03-28,49958.046875
2022-03-29,49468.26953125
2022-03-30,49385.94921875
2022-03-31,50456.0
2022-04-01,50044.4375
2022-04-04,50291.37109375
2022-04-05,48974.421875
2022-04-06,49139.03515625
2022-04-07,47904.3828125
2022-04-08,47904.3828125
2022-04-11,49056.72265625
2022-04-12,49056.72265625
2022-04-13,49139.03515625
2022-04-14,49221.33984375
2022-04-15,48892.10546875
2022-04-18,49056.72265625
2022-04-19,49139.03515625
2022-04-20,49385.94921875
2022-04-21,49632.88671875
2022-04-22,50949.84765625
2022-04-25,49385.94921875
2022-04-26,49385.94921875
2022-04-27,47657.44921875
2022-04-28,48645.171875
2022-04-29,48151.31640625
2022-05-02,47986.6875
2022-05-03,48233.62109375
2022-05-04,49303.65625
2022-05-06,49056.72265625
2022-05-10,47739.765625
2022-05-11,46834.34765625
2022-05-12,47492.83203125
2022-05-13,47986.6875
2022-05-16,48315.9375
2022-05-17,47739.765625
2022-05-18,47739.765625
2022-05-19,46669.7265625
2022-05-20,47575.140625
2022-05-23,47986.6875
2022-05-24,48892.10546875
2022-05-25,49056.72265625
2022-05-26,48727.4921875
2022-05-27,49221.33984375
2022-05-30,49385.94921875
2022-05-31,49715.1953125
2022-06-02,47904.3828125
2022-06-03,47904.3828125
2022-06-07,47245.90234375
2022-06-08,47245.90234375
2022-06-09,46998.96875
2022-06-10,45599.703125
2022-06-13,44282.74609375
2022-06-14,45105.84765625
2022-06-15,44447.36328125
2022-06-16,43459.64453125
2022-06-17,42883.484375
2022-06-20,42307.3046875
2022-06-21,41813.44921875
2022-06-22,40043.78515625
2022-06-23,39426.45703125
2022-06-24,40331.87109375
2022-06-27,40249.55859375
2022-06-28,40661.1015625
2022-06-29,39995.8984375
2022-06-30,40037.46484375
2022-07-01,40079.0546875
2022-07-04,39039.65234375
2022-07-05,39330.68359375
2022-07-06,37958.68359375
2022-07-07,38291.28125
2022-07-08,39081.234375
2022-07-11,38956.50390625
2022-07-12,38332.859375
2022-07-13,37667.65234375
2022-07-14,37709.23046875
2022-07-15,36628.2578125
2022-07-18,38374.43359375
2022-07-19,38499.16796875
2022-07-20,40328.5
2022-07-21,40453.234375
2022-07-22,39704.8671875
2022-07-25,39788.01953125
2022-07-26,39663.29296875
2022-07-27,39663.29296875
2022-07-28,39621.7109375
2022-07-29,40286.92578125
2022-08-01,39871.16796875
2022-08-02,39496.984375
2022-08-03,39663.29296875
2022-08-04,39995.8984375
2022-08-05,41908.38671875
2022-08-08,42074.68359375
2022-08-09,42324.1328125
2022-08-10,42240.9921875
2022-08-11,43405.109375
2022-08-12,43405.109375
2022-08-16,43072.50390625
2022-08-17,43155.65625
2022-08-18,42157.84375
2022-08-19,42240.9921875
2022-08-22,41367.890625
2022-08-23,40744.26171875
2022-08-24,41908.38671875
2022-08-25,41825.23828125
2022-08-26,41658.92578125
2022-08-29,40910.55859375
2022-08-30,41243.16796875
2022-08-31,41118.4453125
2022-09-01,39704.8671875
2022-09-02,39205.95703125
2022-09-05,39995.8984375
2022-09-06,40037.46484375
2022-09-07,38956.50390625
2022-09-08,40079.0546875
2022-09-13,41534.19921875
2022-09-14,41409.4765625
2022-09-15,41243.16796875
2022-09-16,41658.92578125
2022-09-19,41243.16796875
2022-09-20,41534.19921875
2022-09-21,40577.953125
2022-09-22,40785.8359375
2022-09-23,41076.859375
2022-09-26,38623.88671875
2022-09-27,37002.44921875
2022-09-28,36877.71484375
2022-09-29,37214.109375
2022-09-30,36751.56640625
2022-10-04,37592.55859375
2022-10-05,39106.35546875
2022-10-06,38517.65625
2022-10-07,38601.7578125
2022-10-11,37550.5078125
2022-10-12,37466.41015625
2022-10-13,37592.55859375
2022-10-14,39316.6015625
2022-10-17,38601.7578125
2022-10-18,39821.20703125
2022-10-19,40283.75
2022-10-20,39106.35546875
2022-10-21,38685.859375
2022-10-24,37971.0078125
2022-10-25,38475.609375
2022-10-26,38097.16015625
2022-10-27,39526.85546875
2022-10-28,40199.65234375
2022-10-31,40409.8984375
2022-11-01,39779.15625
2022-11-02,40283.75
2022-11-03,39947.35546875
2022-11-04,39610.94921875
2022-11-07,39905.3046875
2022-11-08,40157.6015625
2022-11-09,41292.9453125
2022-11-10,41292.9453125
2022-11-11,41545.2421875
2022-11-14,41755.5
2022-11-15,41713.4453125
2022-11-16,42133.9453125
2022-11-17,40830.390625
2022-11-18,41208.84765625
2022-11-21,41797.5390625
2022-11-22,41881.64453125
2022-11-23,42007.80078125
2022-11-24,42890.84375
2022-11-25,42386.23828125
2022-11-28,41461.1484375
2022-11-29,43395.44140625
2022-11-30,44152.328125
2022-12-01,44993.33203125
2022-12-02,44068.234375
2022-12-05,44152.328125
2022-12-06,43815.94140625
2022-12-07,42722.64453125
2022-12-08,42386.23828125
2022-12-09,44236.44140625
2022-12-12,44825.12890625
2022-12-13,44825.12890625
2022-12-14,44488.734375
2022-12-15,43395.44140625
2022-12-16,43647.73828125
2022-12-19,43900.03515625
2022-12-20,44488.734375
2022-12-21,43984.13671875
2022-12-22,44236.44140625
2022-12-23,43395.44140625
2022-12-26,42890.84375
2022-12-27,43311.33984375
2022-12-28,42792.125
2022-12-29,41970.03125
2023-01-02,41191.203125
2023-01-03,42445.98046875
2023-01-04,43700.75390625
2023-01-05,46642.984375
2023-01-06,49065.9921875
2023-01-09,49498.671875
2023-01-10,50017.88671875
2023-01-11,48806.38671875
2023-01-12,48892.91796875
2023-01-13,49671.73828125
2023-01-16,51921.69140625
2023-01-17,51142.85546875
2023-01-18,50623.64453125
2023-01-19,49498.671875
2023-01-20,49325.609375
2023-01-25,50623.64453125
2023-01-26,50969.78515625
2023-01-27,49931.359375
2023-01-30,49758.27734375
2023-01-31,48460.23828125
2023-02-01,49671.73828125
2023-02-02,48806.38671875
2023-02-03,49239.05859375
2023-02-06,48287.16796875
2023-02-07,48027.55859375
2023-02-08,48200.62890625
2023-02-09,46902.5859375
2023-02-10,48200.62890625
2023-02-13,47854.48828125
2023-02-14,45864.15234375
2023-02-15,43614.21484375
2023-02-16,43095.00390625
2023-02-17,43268.06640625
2023-02-20,43873.8203125
2023-02-21,43787.2890625
2023-02-22,43008.46484375
2023-02-23,43268.06640625
2023-02-24,43873.8203125
2023-02-27,43787.2890625
2023-02-28,44393.04296875
2023-03-02,43787.2890625
2023-03-03,43268.06640625
2023-03-06,43441.14453125
2023-03-07,43960.35546875
2023-03-08,43787.2890625
2023-03-09,43873.8203125
2023-03-10,43008.46484375
2023-03-13,43527.6796875
2023-03-14,41883.5
2023-03-15,42402.7109375
2023-03-16,41580.62109375
2023-03-17,41926.765625
2023-03-20,41883.5
2023-03-21,41926.765625
2023-03-22,42532.515625
2023-03-23,42359.44140625
2023-03-24,40715.25
2023-03-27,40412.3828125
2023-03-28,41450.8125
2023-03-29,41580.62109375
2023-03-30,41283.23828125
2023-03-31,41676.83203125
2023-04-03,41370.6953125
2023-04-04,41764.2890625
2023-04-05,41851.7578125
2023-04-06,40802.1796875
2023-04-07,41108.30859375
2023-04-10,40714.71875
2023-04-11,41064.57421875
2023-04-12,41020.84375
2023-04-13,41283.23828125
2023-04-14,42551.46484375
2023-04-17,42332.81640625
2023-04-18,42332.81640625
2023-04-19,43251.1875
2023-04-20,44082.09765625
2023-04-21,43819.7109375
2023-04-24,43032.51953125
2023-04-25,43513.58203125
2023-04-26,42813.86328125
2023-04-27,42201.61328125
2023-04-28,43294.921875
2023-05-02,43294.921875
2023-05-03,42245.34765625
2023-05-04,42595.19921875
2023-05-08,43076.2578125
2023-05-09,42988.80078125
2023-05-10,42507.73828125
2023-05-11,43032.51953125
2023-05-12,42507.73828125
2023-05-15,42682.65625
2023-05-16,43119.98828125
2023-05-17,42726.39453125
2023-05-18,43294.921875
2023-05-19,43294.921875
2023-05-22,43163.71875
2023-05-23,43207.44921875
2023-05-24,43119.98828125
2023-05-25,42245.34765625
2023-05-26,41939.2265625
2023-05-30,42289.08203125
2023-05-31,41982.953125
2023-06-01,40933.37890625
2023-06-02,41501.89453125
2023-06-05,42464.0078125
2023-06-07,42332.81640625
2023-06-08,42376.54296875
2023-06-09,43251.1875
2023-06-12,42638.9296875
2023-06-13,42420.2734375
2023-06-14,42464.0078125
2023-06-15,42157.87890625
2023-06-16,42245.34765625
2023-06-19,42114.1484375
2023-06-20,41851.7578125
2023-06-21,41020.84375
2023-06-22,41808.02734375
2023-06-23,41064.57421875
2023-06-26,41283.23828125
2023-06-27,41589.35546875
2023-06-28,42114.1484375
2023-06-29,41636.78515625
2023-06-30,42211.38671875
2023-07-03,43006.9921875
2023-07-04,42786.0
2023-07-05,42211.38671875
2023-07-06,41283.1875
2023-07-07,41106.38671875
2023-07-10,41327.3828125
2023-07-11,41769.38671875
2023-07-12,41548.38671875
2023-07-13,41636.78515625
2023-07-14,43095.3984375
2023-07-17,43006.9921875
2023-07-18,42564.99609375
2023-07-19,42564.99609375
2023-07-20,42609.1953125
2023-07-21,43006.9921875
2023-07-24,42122.9921875
2023-07-25,42122.9921875
2023-07-26,43846.8046875
2023-07-27,45703.22265625
2023-07-28,45172.81640625
2023-07-31,45084.41796875
2023-08-01,46675.63671875
2023-08-02,46498.83203125
2023-08-03,45261.21484375
2023-08-04,45968.42578125
2023-08-07,45261.21484375
2023-08-08,45791.62109375
2023-08-09,44907.62109375
2023-08-10,45438.01953125
2023-08-11,45614.82421875
2023-08-14,45614.82421875
2023-08-16,45084.41796875
2023-08-17,45791.62109375
2023-08-18,45968.42578125
2023-08-21,45791.62109375
2023-08-22,46145.2265625
2023-08-23,46498.83203125
2023-08-24,47029.23828125
2023-08-25,46410.43359375
2023-08-28,46498.83203125
2023-08-29,46764.03515625
2023-08-30,46498.83203125
2023-08-31,47824.83984375
2023-09-01,47382.83203125
2023-09-04,47736.44140625
2023-09-05,47648.04296875
2023-09-06,48001.640625
2023-09-07,47913.23828125
2023-09-08,47824.83984375
2023-09-11,48797.25390625
2023-09-12,48443.64453125
2023-09-13,49062.453125
2023-09-14,49592.859375
2023-09-15,50653.66796875
2023-09-18,50565.265625
2023-09-19,49681.26171875
2023-09-20,50211.671875
2023-09-21,50653.66796875
2023-09-22,50830.4609375
2023-09-25,50742.06640625
2023-09-26,49680.66796875
2023-09-27,49323.8984375
2023-10-04,48788.734375
2023-10-05,47807.60546875
2023-10-06,49769.85546875
2023-10-10,50483.40625
2023-10-11,49591.47265625
2023-10-12,50394.21875
2023-10-13,50483.40625
2023-10-16,50483.40625
2023-10-17,50305.0234375
2023-10-18,51464.53515625
2023-10-19,51018.56640625
2023-10-20,50661.79296875
2023-10-23,49234.70703125
2023-10-24,49591.47265625
2023-10-25,48521.15625
2023-10-26,47540.03125
2023-10-27,46826.48046875
2023-10-30,45577.77734375
2023-10-31,45934.55859375
2023-11-01,45756.1640625
2023-11-02,45488.5859375
2023-11-03,46915.67578125
2023-11-06,49680.66796875
2023-11-07,46648.09375
2023-11-08,46469.70703125
2023-11-09,47629.2265625
2023-11-10,47718.4140625
2023-11-13,47183.25390625
2023-11-14,47718.4140625
2023-11-15,48699.546875
2023-11-16,48431.96484375
2023-11-17,48699.546875
2023-11-20,48075.1953125
2023-11-21,48253.578125
2023-11-22,48610.3515625
2023-11-23,48431.96484375
2023-11-24,47896.8046875
2023-11-27,46737.2890625
2023-11-28,46737.2890625
2023-11-29,46112.93359375
2023-11-30,46737.2890625
2023-12-01,46291.32421875
2023-12-04,45934.55859375
2023-12-05,45934.55859375
2023-12-06,46380.51953125
2023-12-07,45845.359375
2023-12-08,46202.12890625
2023-12-11,46023.7421875
2023-12-12,46469.70703125
2023-12-13,45934.55859375
2023-12-14,46291.32421875
2023-12-15,47450.83984375
2023-12-18,46826.48046875
2023-12-19,46380.51953125
2023-12-20,47450.83984375
2023-12-21,47361.64453125
2023-12-22,46826.48046875
2023-12-26,46826.48046875
2023-12-27,46648.09375
2023-12-28,48253.578125
2024-01-02,47807.60546875
2024-01-03,46915.67578125
2024-01-04,46112.93359375
2024-01-05,45756.1640625
2024-01-08,46558.90625
2024-01-09,46737.2890625
2024-01-10,45756.1640625
2024-01-11,45488.5859375
2024-01-12,45488.5859375
2024-01-15,46023.7421875
2024-01-16,45577.77734375
2024-01-17,44418.265625
2024-01-18,44061.484375
2024-01-19,44150.68359375
2024-01-22,43972.29296875
2024-01-23,45845.359375
2024-01-24,46469.70703125
2024-01-25,47183.25390625
2024-01-26,47986.00390625
2024-01-29,49591.47265625
2024-01-30,49859.0546875
2024-01-31,50483.40625
2024-02-01,54675.484375
2024-02-02,59135.1640625
2024-02-05,55924.19921875
2024-02-06,56280.97265625
2024-02-07,57708.07421875
2024-02-08,60294.66796875
2024-02-13,62167.73828125
2024-02-14,60027.08984375
2024-02-15,58332.421875
2024-02-16,60383.86328125
2024-02-19,61364.99609375
2024-02-20,60562.25390625
2024-02-21,58064.83984375
2024-02-22,57886.45703125
2024-02-23,58689.19140625
2024-02-26,55745.8125
2024-02-27,55656.62109375
2024-02-28,56964.140625
2024-02-29,58061.3671875
2024-03-04,63090.30859375
2024-03-05,63547.47265625
2024-03-06,63821.78515625
2024-03-07,65101.87109375
2024-03-08,64827.56640625
2024-03-11,64644.6875
2024-03-12,66930.5703125
2024-03-13,70862.296875
2024-03-14,71868.0859375
2024-03-15,69673.640625
2024-03-18,68027.8046875
2024-03-19,66290.53125
2024-03-20,67479.203125
2024-03-21,69582.2109375
2024-03-22,68484.96875
2024-03-25,65833.359375
2024-03-26,65650.5
2024-03-27,63090.30859375
2024-03-28,65017.7109375
2024-03-29,64277.82421875
2024-04-01,63260.48046875
2024-04-02,63722.91015625
2024-04-03,62243.12109375
2024-04-04,64277.82421875
2024-04-05,63907.87890625
2024-04-08,64092.8515625
2024-04-09,63907.87890625
2024-04-11,63167.98828125
2024-04-12,61318.26953125
2024-04-15,61225.7890625
2024-04-16,59561.03515625
2024-04-17,58358.71484375
2024-04-18,59191.0859375
2024-04-19,58913.62890625
2024-04-22,64277.82421875
2024-04-23,64925.2265625
2024-04-24,63722.91015625
2024-04-25,64092.8515625
2024-04-26,70289.4140625
2024-04-29,70844.34375
2024-04-30,69919.4765625
2024-05-02,66867.4375
2024-05-03,68162.2265625
2024-05-07,68347.2109375
2024-05-08,71861.6796875
2024-05-09,70844.34375
2024-05-10,73341.453125
2024-05-13,75468.6328125
2024-05-14,73618.90625
2024-05-16,74913.7265625
2024-05-17,74081.3359375
2024-05-20,75468.6328125
2024-05-21,75468.6328125
2024-05-22,73156.484375
2024-05-23,71491.7265625
2024-05-24,71121.8046875
2024-05-27,70566.875
2024-05-28,71306.7734375
2024-05-29,72231.625
2024-05-30,72786.546875
2024-05-31,73433.9375
2024-06-03,73341.453125
2024-06-04,71769.1875
2024-06-05,71584.21875
2024-06-07,73618.90625
2024-06-10,72509.0859375
2024-06-11,72509.0859375
2024-06-12,73156.484375
2024-06-13,74913.7265625
2024-06-14,74821.25
2024-06-17,72416.5859375
2024-06-18,71584.21875
2024-06-19,72971.5234375
2024-06-20,74728.765625
2024-06-21,72694.046875
2024-06-24,73988.859375
2024-06-25,73064.0078125
2024-06-26,72971.5234375
2024-06-27,73336.796875
2024-06-28,73336.796875
2024-07-01,74364.4375
2024-07-02,77727.6640625
2024-07-03,78848.734375
2024-07-04,80250.0625
2024-07-05,82398.78125
2024-07-08,81184.3046875
2024-07-09,79596.1171875
2024-07-10,78101.359375
2024-07-11,79782.953125
2024-07-12,81277.7265625
2024-07-15,80063.2265625
2024-07-16,78568.46875
2024-07-17,78568.46875
2024-07-18,78848.734375
2024-07-19,79222.421875
2024-07-22,80810.609375
2024-07-23,82492.21875
2024-07-24,79035.578125
2024-07-25,78475.046875
2024-07-26,82118.5234375
2024-07-29,84827.7890625
2024-07-30,83426.4453125
2024-07-31,82118.5234375
2024-08-01,82492.21875
2024-08-02,77727.6640625
2024-08-05,71748.609375
2024-08-06,74271.015625
2024-08-07,76232.90625
2024-08-08,76793.4296875
2024-08-09,76513.171875
2024-08-12,77073.6953125
2024-08-13,79035.578125
2024-08-14,78848.734375
2024-08-16,78475.046875
2024-08-19,81277.7265625
2024-08-20,83986.984375
2024-08-21,81464.5703125
2024-08-22,80810.609375
2024-08-23,81090.8828125
2024-08-26,82679.0546875
2024-08-27,82025.1015625
2024-08-28,80156.65625
2024-08-29,81184.3046875
2024-08-30,80250.0625
2024-09-02,81931.6796875
2024-09-03,81277.7265625
2024-09-04,78101.359375
2024-09-05,79035.578125
2024-09-06,77821.0859375
2024-09-09,76886.8515625
2024-09-10,77447.390625
2024-09-11,72776.2578125
2024-09-12,72963.109375
2024-09-13,76419.7578125
2024-09-19,77073.6953125
2024-09-20,78101.359375
2024-09-23,79409.2734375
2024-09-24,76606.5859375
2024-09-25,72963.109375
2024-09-26,75859.2109375
2024-09-27,79062.265625
2024-09-30,76326.21875
2024-10-02,76703.609375
2024-10-04,77930.109375
2024-10-07,82364.3984375
2024-10-08,84345.6640625
2024-10-10,84817.3984375
2024-10-11,86138.2421875
2024-10-14,86138.2421875
2024-10-15,90195.140625
2024-10-16,90006.4453125
2024-10-17,88402.5625
2024-10-18,89062.984375
2024-10-21,88213.875
2024-10-22,88779.9375
2024-10-23,88968.640625
2024-10-24,87930.8203125
2024-10-25,95289.8515625
2024-10-28,90761.234375
2024-10-29,90100.7890625
2024-10-30,88591.25
2024-10-31,85194.7890625
2024-11-01,86609.984375
2024-11-04,85572.1640625
2024-11-05,85855.2109375
2024-11-06,88685.6015625
2024-11-07,88779.9375
2024-11-08,87930.8203125
2024-11-11,87459.09375
2024-11-12,87459.09375
2024-11-13,85855.2109375
2024-11-14,84817.3984375
2024-11-15,84534.3515625
2024-11-18,86326.9375
2024-11-19,86421.2890625
2024-11-20,90195.140625
2024-11-21,91799.0390625
2024-11-22,92836.8359375
2024-11-25,92459.4609375
2024-11-26,90572.53125
2024-11-27,93119.8828125
2024-11-28,92459.4609375
2024-11-29,90761.234375
2024-12-02,90949.9140625
2024-12-03,95478.53125
2024-12-04,90006.4453125
2024-12-05,80949.1953125
2024-12-06,80477.46875
2024-12-09,78118.8046875
2024-12-10,78590.5390625
2024-12-11,80571.8046875
2024-12-12,82081.359375
2024-12-13,80194.421875
2024-12-16,79817.03125
2024-12-17,79628.3515625
2024-12-18,82270.046875
2024-12-19,81987.0078125
2024-12-20,80949.1953125
2024-12-23,82081.359375
2024-12-24,81609.625
2024-12-26,80666.1640625
2024-12-27,80194.421875
2024-12-30,78213.140625
2025-01-02,78684.875
2025-01-03,79062.265625
2025-01-06,80666.1640625
2025-01-07,80760.4921875
2025-01-08,80760.4921875
2025-01-09,81798.3125
2025-01-10,82836.1328125
2025-01-13,84251.3359375
2025-01-14,83779.59375
2025-01-15,84817.3984375
2025-01-16,85289.1328125
2025-01-17,83590.8984375
2025-01-20,83779.59375
2025-01-21,83873.9453125
2025-01-22,84345.6640625
2025-01-23,83590.8984375
2025-01-24,83873.9453125
2025-01-31,86515.6328125
2025-02-03,83779.59375
2025-02-04,86138.2421875
2025-02-05,85855.2109375
2025-02-06,80100.0859375
2025-02-07,81137.8828125
2025-02-10,80100.0859375
2025-02-11,79439.65625
2025-02-12,77364.0390625
2025-02-13,74911.03125
2025-02-14,75194.0703125
2025-02-17,76420.5703125
2025-02-18,77458.3828125
2025-02-19,77552.7265625
2025-02-20,78024.4609375
2025-02-21,78024.4609375
2025-02-24,77364.0390625
2025-02-25,76797.953125
2025-02-26,76892.3046875
2025-02-27,76991.3984375
2025-02-28,74609.2421875
2025-03-04,74228.0859375
2025-03-05,72989.375
2025-03-06,74895.1015625
2025-03-07,74037.53125
2025-03-10,74799.8203125
2025-03-11,73751.6640625
2025-03-12,73275.2265625
2025-03-13,74895.1015625
2025-03-14,74609.2421875
2025-03-17,75180.9609375
2025-03-18,76419.6875
2025-03-19,77372.546875
2025-03-20,78420.6953125
2025-03-21,77467.8359375
2025-03-24,77944.2578125
2025-03-25,78039.5546875
2025-03-26,77944.2578125
2025-03-27,76419.6875
2025-03-28,74990.390625
2025-03-31,75276.25
2025-04-01,75847.9609375
2025-04-02,76705.546875
2025-04-03,73465.8046875
2025-04-04,74037.53125
2025-04-07,68892.0625
2025-04-08,67176.8984375
2025-04-09,67558.0546875
2025-04-10,72322.3671875
2025-04-11,71655.375
2025-04-14,72512.9375
2025-04-15,74323.390625
2025-04-16,76229.109375
2025-04-17,76514.96875
2025-04-18,78515.984375
2025-04-21,78897.125
2025-04-22,79468.8515625
2025-04-23,80993.4296875
2025-04-24,80612.28125
2025-04-25,82803.875
2025-04-28,82518.0
2025-04-29,83661.4453125
2025-04-30,85948.3203125
2025-05-02,88806.9140625
2025-05-07,89188.0625
2025-05-08,90045.640625
2025-05-09,88517.7421875
2025-05-12,88710.171875
2025-05-13,89095.0234375
2025-05-14,89864.75
2025-05-15,90057.171875
2025-05-16,90057.171875
2025-05-19,91404.1953125
2025-05-20,92654.9921875
2025-05-21,94290.640625
2025-05-22,93039.84375
2025-05-23,95252.7890625
2025-05-26,98139.2265625
2025-05-27,98043.015625
2025-05-28,97177.0859375
2025-05-29,98812.7421875
2025-05-30,100352.1796875
2025-06-02,96214.9453125
2025-06-04,103815.9140625
2025-06-05,102276.4765625
2025-06-09,106509.9375
2025-06-10,106702.359375
2025-06-11,103142.4140625
2025-06-12,101891.6171875
2025-06-13,101987.828125
2025-06-16,103719.6953125
2025-06-17,103046.1953125
2025-06-18,102949.984375
2025-06-19,102661.328125
2025-06-20,102468.90625
2025-06-23,103527.265625
2025-06-24,108049.375
2025-06-25,105355.359375
2025-06-26,105740.2109375
2025-06-27,106413.71875
2025-06-30,106702.359375
2025-07-01,106606.15625
2025-07-02,109203.9609375
2025-07-03,112475.2578125
2025-07-04,107856.9375
2025-07-07,110069.8828125
2025-07-08,117382.21875
2025-07-09,113918.4765625
2025-07-10,112379.046875
2025-07-11,112860.1171875
2025-07-14,114014.703125
2025-07-15,115073.0625
2025-07-16,109300.1640625
2025-07-17,110454.75
2025-07-18,109107.7265625
2025-07-21,110647.171875
2025-07-22,110262.3125
2025-07-23,110935.8359375
2025-07-24,112763.90625
2025-07-25,114303.34375
2025-07-28,106317.5078125
2025-07-29,107087.21875
2025-07-30,108530.453125
2025-07-31,106702.359375
2025-08-01,101987.828125
2025-08-04,104296.984375
2025-08-05,108145.5859375
2025-08-06,111224.4609375
2025-08-07,110647.171875
2025-08-08,110084.6328125
2025-08-11,109308.7109375
2025-08-12,110666.5703125
2025-08-13,111151.53125
2025-08-14,109793.6640625
2025-08-18,103974.2109375
2025-08-19,106108.0078125
2025-08-20,106205.0
2025-08-21,106398.9765625
2025-08-22,105138.09375
2025-08-25,106980.921875
2025-08-26,105041.1015625
2025-08-27,105235.09375
2025-08-28,105817.0390625
2025-08-29,104944.1171875
2025-09-01,103877.21875
2025-09-02,105526.0546875
2025-09-03,106883.9296875
2025-09-04,105235.09375
2025-09-05,105332.078125
2025-09-08,103489.25
2025-09-09,106592.953125
2025-09-10,114061.2578125
2025-09-11,114061.2578125
2025-09-12,115710.1015625
2025-09-15,116001.078125
2025-09-16,114255.2421875
2025-09-17,114740.1953125
2025-09-18,113382.3203125
2025-09-22,113382.3203125
2025-09-23,111927.453125
2025-09-24,111830.4609375
2025-09-25,110860.5625
2025-09-26,109308.7109375
2025-09-29,112218.421875
2025-09-30,112024.453125
2025-10-01,112800.375
2025-10-02,113770.28125
2025-10-10,109405.6875
2025-10-13,108241.8046875
2025-10-14,107562.8671875
2025-10-15,112218.421875
2025-10-16,110278.609375
2025-10-17,110569.59375
2025-10-20,114643.1953125
2025-10-21,112994.3671875
2025-10-22,112315.421875
2025-10-23,111345.5078125
2025-10-24,110375.6015625
2025-10-27,114449.21875
2025-10-28,112897.359375
2025-10-29,112509.40625
2025-10-30,112315.421875
2025-10-31,113091.34375
2025-11-03,114449.21875
2025-11-04,118231.859375
2025-11-05,117940.8984375
2025-11-06,121529.546875
2025-11-07,119977.6953125
2025-11-10,125118.21875
2025-11-11,126767.0625
2025-11-12,130646.6796875
2025-11-13,130383.0
2025-11-14,126476.390625
2025-11-17,123839.4296875
2025-11-18,119639.8359375
2025-11-19,119346.8359375
2025-11-20,118370.1875
2025-11-21,117686.53125
2025-11-24,117491.1953125
2025-11-25,118858.5078125
2025-11-26,121788.46875
2025-11-27,120811.8125
2025-11-28,121886.125
2025-12-01,123351.109375
2025-12-02,128918.03125
2025-12-03,128625.0234375
2025-12-04,125792.734375
2025-12-05,127648.375
2025-12-08,124913.7421875
2025-12-09,123058.1171875
2025-12-10,121593.140625
2025-12-11,121886.125
2025-12-12,123155.7734375
2025-12-15,121983.7890625
2025-12-16,120811.8125
2025-12-17,121397.8046875
2025-12-18,121104.8125
2025-12-19,122276.796875
2025-12-22,123546.4453125
2025-12-23,123058.1171875
2025-12-24,123155.7734375
2025-12-26,121690.796875
2025-12-29,122667.453125
2025-12-30,121788.46875
2026-01-02,120421.1484375
2026-01-05,123839.4296875
2026-01-06,123448.765625
2026-01-07,121788.46875
2026-01-08,120616.484375
2026-01-09,123644.1015625
2026-01-12,122569.7890625
2026-01-13,125499.75
2026-01-14,125890.3984375
2026-01-15,127062.3828125
2026-01-16,127843.703125
2026-01-19,126476.390625
2026-01-20,129992.3359375
2026-01-21,133605.953125
2026-01-22,131554.96875
2026-01-23,132433.96875
2026-01-26,132336.3125
2026-01-27,139661.1875
2026-01-28,134680.265625
2026-01-29,134582.609375
2026-01-30,132043.3125
2026-02-02,130578.328125
2026-02-03,135559.265625
2026-02-04,138782.203125
2026-02-05,136242.921875
2026-02-06,145814.109375
2026-02-09,147865.0625
2026-02-10,151869.34375
2026-02-11,160659.203125
2026-02-12,164565.8125
2026-02-13,163979.8125
2026-02-19,162612.515625
2026-02-20,164858.8125
2026-02-23,164761.140625
2026-02-24,162807.828125
2026-02-25,163784.484375
2026-02-26,163000.546875
2026-02-27,156788.1875
2026-03-03,151364.6875
2026-03-04,135784.484375
2026-03-05,146927.296875
2026-03-06,145349.546875
2026-03-09,140616.3125
2026-03-10,145349.546875
2026-03-11,149195.296875
2026-03-12,147124.5
2026-03-13,146828.671875
2026-03-16,147223.125
2026-03-17,148603.640625
2026-03-18,152548.0
2026-03-19,153534.09375
2026-03-20,153041.046875
2026-03-23,143278.765625
2026-03-24,144856.5
2026-03-25,147321.734375
2026-03-26,150082.765625
2026-03-27,150082.765625
2026-03-30,143870.40625
2026-03-31,139926.0625
2026-04-01,146237.03125
2026-04-02,144462.078125
2026-04-03,143475.984375
2026-04-06,145842.59375
2026-04-07,144659.28125
2026-04-08,153829.921875
2026-04-09,152054.953125
2026-04-10,156097.921875
2026-04-13,154421.578125
2026-04-14,153731.3125
2026-04-15,155999.3125
2026-04-16,160042.28125
2026-04-17,160042.28125
2026-04-20,158661.75
2026-04-21,158168.703125
2026-04-22,155210.4375
2026-04-23,155802.09375
2026-04-24,155210.4375
2026-04-27,155210.4375
2026-04-28,156590.96875
2026-04-29,158365.9375
2026-04-30,158267.3125
2026-05-04,155604.875
2026-05-06,156689.578125
2026-05-07,160109.28125
2026-05-08,160605.890625
2026-05-11,157725.515625
2026-05-12,152560.703125
2026-05-13,150971.53125
2026-05-14,154944.46875
2026-05-15,154547.171875
2026-05-18,151964.765625
2026-05-19,151766.109375
2026-05-20,150673.5625
2026-05-21,154745.8125
2026-05-22,158917.40625
2026-05-26,156235.671875
2026-05-27,152759.34375
2026-05-28,148687.09375
2026-05-29,149581.0
2026-06-01,151070.859375
2026-06-02,155540.40625
2026-06-04,163088.984375
2026-06-05,170438.90625
2026-06-08,150474.90625
2026-06-09,153752.578125
2026-06-10,152958.0
2026-06-11,150474.90625
2026-06-12,160109.28125
2026-06-15,168452.4375
2026-06-16,170836.203125
2026-06-17,162890.328125
2026-06-18,161996.421875
2026-06-19,157228.90625
2026-06-22,155937.703125
2026-06-23,152660.03125
2026-06-24,150772.875
2026-06-25,150872.203125
2026-06-26,148289.796875
2026-06-29,152660.03125
2026-06-30,157924.171875
2026-07-01,157427.546875
2026-07-02,163883.5625
2026-07-03,168949.0625
2026-07-06,169743.640625
2026-07-07,172028.078125
2026-07-08,169842.96875
2026-07-09,170240.265625
2026-07-10,183152.296875
2026-07-13,184940.125
2026-07-14,178782.078125
2026-07-15,180371.25
2026-07-16,179874.625
2026-07-20,167657.859375
2026-07-21,172822.671875
2026-07-22,173915.234375
2026-07-23,175107.109375
2026-07-24,170339.59375
2026-07-27,171432.140625
2026-07-28,164082.21875
2026-07-29,159016.71875
2026-07-30,166267.328125
2026-07-31,167359.890625
2026-08-03,168353.125
2026-08-04,167657.859375
2026-08-05,169545.0
2026-08-06,171500.0
2026-08-07,175800.0
2026-08-10,171700.0
2026-08-11,166600.0
2026-08-12,166000.0
2026-08-13,168100.0
2026-08-14,168500.0
2026-08-18,168500.0
2026-08-19,166400.0
2026-08-20,160000.0
2026-08-21,164300.0
2026-08-24,163100.0
2026-08-25,166400.0
2026-08-26,166600.0
2026-08-27,168100.0
2026-08-28,171600.0
2026-08-31,173300.0
2026-09-01,171200.0
2026-09-02,169100.0
