Date,Close
1998-12-22,11.909104347229004
1998-12-23,12.193618774414062
1998-12-24,12.147171020507812
1998-12-28,12.182007789611816
1998-12-29,12.216853141784668
1998-12-30,12.17039680480957
1998-12-31,12.123942375183105
1999-01-04,12.263298988342285
1999-01-05,12.576854705810547
1999-01-06,12.948468208312988
1999-01-07,12.907822608947754
1999-01-08,12.960076332092285
1999-01-11,13.087823867797852
1999-01-12,12.733623504638672
1999-01-13,12.727821350097656
1999-01-14,12.553627014160156
1999-01-15,12.925239562988281
1999-01-19,13.372346878051758
1999-01-20,13.49427604675293
1999-01-21,13.145886421203613
1999-01-22,12.913625717163086
1999-01-25,13.140079498291016
1999-01-26,13.668476104736328
1999-01-27,13.378142356872559
1999-01-28,13.848470687866211
1999-01-29,14.0516996383667
1999-02-01,14.063311576843262
1999-02-02,13.825243949890137
1999-02-03,13.923954010009766
1999-02-04,13.447822570800781
1999-02-05,13.122663497924805
1999-02-08,13.34330940246582
1999-02-09,12.820720672607422
1999-02-10,12.913625717163086
1999-02-11,13.45943832397461
1999-02-12,12.925239562988281
1999-02-16,12.86717414855957
1999-02-17,12.576854705810547
1999-02-18,12.646528244018555
1999-02-19,12.76266098022461
1999-02-22,13.215564727783203
1999-02-23,13.389762878417969
1999-02-24,13.018142700195312
1999-02-25,13.052986145019531
1999-02-26,12.658146858215332
1999-03-01,12.600077629089355
1999-03-02,12.263298988342285
1999-03-03,12.47233772277832
1999-03-04,12.600077629089355
1999-03-05,12.890399932861328
1999-03-08,13.262020111083984
1999-03-09,13.122663497924805
1999-03-10,13.122663497924805
1999-03-11,13.099431991577148
1999-03-12,12.983305931091309
1999-03-15,13.192341804504395
1999-03-16,13.418789863586426
1999-03-17,13.331690788269043
1999-03-18,13.517502784729004
1999-03-19,13.192341804504395
1999-03-22,13.192341804504395
1999-03-23,12.809109687805176
1999-03-24,13.058789253234863
1999-03-25,13.366534233093262
1999-03-26,13.296854972839355
1999-03-29,13.79621696472168
1999-03-30,13.77298355102539
1999-03-31,13.598790168762207
1999-04-01,13.813629150390625
1999-04-05,14.289764404296875
1999-04-06,14.411699295043945
1999-04-07,14.37686824798584
1999-04-08,14.516222953796387
1999-04-09,14.49299430847168
1999-04-12,14.272346496582031
1999-04-13,14.0516996383667
1999-04-14,13.703307151794434
1999-04-15,13.819437980651855
1999-04-16,13.447822570800781
1999-04-19,12.797502517700195
1999-04-20,13.122663497924805
1999-04-21,13.471046447753906
1999-04-22,14.092338562011719
1999-04-23,14.121377944946289
1999-04-26,14.48138427734375
1999-04-27,14.121377944946289
1999-04-28,13.93557071685791
1999-04-29,13.7904052734375
1999-04-30,13.680084228515625
1999-05-03,13.79621696472168
1999-05-04,13.587179183959961
1999-05-05,13.865890502929688
1999-05-06,13.517502784729004
1999-05-07,13.749765396118164
1999-05-10,13.865890502929688
1999-05-11,14.074919700622559
1999-05-12,14.353636741638184
1999-05-13,14.312992095947266
1999-05-14,13.93557071685791
1999-05-17,14.132991790771484
1999-05-18,14.260734558105469
1999-05-19,14.307190895080566
1999-05-20,14.121377944946289
1999-05-21,13.958795547485352
1999-05-24,13.656856536865234
1999-05-25,13.372346878051758
1999-05-26,13.65104866027832
1999-05-27,13.552340507507324
1999-05-28,13.72653579711914
1999-06-01,13.418789863586426
1999-06-02,13.563944816589355
1999-06-03,13.471046447753906
1999-06-04,13.871699333190918
1999-06-07,14.121377944946289
1999-06-08,13.79621696472168
1999-06-09,14.005247116088867
1999-06-10,13.79621696472168
1999-06-11,13.610407829284668
1999-06-14,13.54653549194336
1999-06-15,13.668476104736328
1999-06-16,14.231701850891113
1999-06-17,14.388484954833984
1999-06-18,14.516222953796387
1999-06-21,14.882019996643066
1999-06-22,14.568474769592285
1999-06-23,14.67879867553711
1999-06-24,14.37686824798584
1999-06-25,14.394280433654785
1999-06-28,14.632352828979492
1999-06-29,14.818155288696289
1999-06-30,15.044609069824219
1999-07-01,15.212994575500488
1999-07-02,15.410414695739746
1999-07-06,15.323311805725098
1999-07-07,15.503326416015625
1999-07-08,15.712360382080078
1999-07-09,15.880743980407715
1999-07-12,15.903968811035156
1999-07-13,15.834291458129883
1999-07-14,16.03170394897461
1999-07-15,16.147844314575195
1999-07-16,16.293004989624023
1999-07-19,16.095577239990234
1999-07-20,15.42782974243164
1999-07-21,15.561394691467285
1999-07-22,15.079447746276855
1999-07-23,15.120094299316406
1999-07-26,14.777506828308105
1999-07-27,15.14331340789795
1999-07-28,15.282676696777344
1999-07-29,15.027193069458008
1999-07-30,14.870417594909668
1999-08-02,14.841383934020996
1999-08-03,14.783310890197754
1999-08-04,14.603314399719238
1999-08-05,14.719449043273926
1999-08-06,14.725250244140625
1999-08-09,14.556862831115723
1999-08-10,14.312992095947266
1999-08-11,14.771706581115723
1999-08-12,14.585890769958496
1999-08-13,15.050418853759766
1999-08-16,15.096863746643066
1999-08-17,15.166549682617188
1999-08-18,14.992353439331055
1999-08-19,14.841383934020996
1999-08-20,14.88783073425293
1999-08-23,15.230420112609863
1999-08-24,15.46848201751709
1999-08-25,15.793638229370117
1999-08-26,15.602029800415039
1999-08-27,15.514931678771973
1999-08-30,15.259449005126953
1999-08-31,15.392998695373535
1999-09-01,15.474292755126953
1999-09-02,15.416224479675293
1999-09-03,15.979451179504395
1999-09-07,15.985260009765625
1999-09-08,15.874938011169434
1999-09-09,16.014297485351562
1999-09-10,16.188488006591797
1999-09-13,15.967839241027832
1999-09-14,16.142030715942383
1999-09-15,15.805264472961426
1999-09-16,15.735580444335938
1999-09-17,16.04913330078125
1999-09-20,16.11881446838379
1999-09-21,15.787836074829102
1999-09-22,15.816878318786621
1999-09-23,15.236221313476562
1999-09-24,15.271063804626465
1999-09-27,15.42782974243164
1999-09-28,15.497517585754395
1999-09-29,15.212994575500488
1999-09-30,15.329129219055176
1999-10-01,15.236221313476562
1999-10-04,15.607837677001953
1999-10-05,15.700743675231934
1999-10-06,15.892359733581543
1999-10-07,15.811068534851074
1999-10-08,15.799453735351562
1999-10-11,15.95622730255127
1999-10-12,15.671712875366211
1999-10-13,15.259449005126953
1999-10-14,15.172355651855469
1999-10-15,14.812345504760742
1999-10-18,14.67879867553711
1999-10-19,14.44653606414795
1999-10-20,15.027193069458008
1999-10-21,14.783310890197754
1999-10-22,14.818155288696289
1999-10-25,14.858803749084473
1999-10-26,14.864606857299805
1999-10-27,14.847187995910645
1999-10-28,15.230420112609863
1999-10-29,15.793638229370117
1999-11-01,15.770417213439941
1999-11-02,15.700743675231934
1999-11-03,15.93299388885498
1999-11-04,16.054933547973633
1999-11-05,16.229137420654297
1999-11-08,16.391714096069336
1999-11-09,16.211706161499023
1999-11-10,16.49622917175293
1999-11-11,16.722686767578125
1999-11-12,16.815587997436523
1999-11-15,16.740102767944336
1999-11-16,17.094303131103516
1999-11-17,16.931713104248047
1999-11-18,17.506559371948242
1999-11-19,17.669139862060547
1999-11-22,17.779460906982422
1999-11-23,17.622684478759766
1999-11-24,17.895587921142578
1999-11-26,18.034955978393555
1999-11-29,17.878175735473633
1999-11-30,17.343984603881836
1999-12-01,17.512365341186523
1999-12-02,17.930438995361328
1999-12-03,18.44140625
1999-12-06,18.569154739379883
1999-12-07,18.6155948638916
1999-12-08,18.41817283630371
1999-12-09,18.37172508239746
1999-12-10,18.46462631225586
1999-12-13,18.586570739746094
1999-12-14,18.232364654541016
1999-12-15,18.603984832763672
1999-12-16,18.952377319335938
1999-12-17,19.161781311035156
1999-12-20,19.347591400146484
1999-12-21,19.719221115112305
1999-12-22,19.719221115112305
1999-12-23,19.8237361907959
1999-12-27,19.97470474243164
1999-12-28,19.788898468017578
1999-12-29,20.108259201049805
1999-12-30,20.09084129333496
1999-12-31,20.021162033081055
2000-01-03,20.60181427001953
2000-01-04,19.556631088256836
2000-01-05,19.26630210876465
2000-01-06,18.6275691986084
2000-01-07,18.952747344970703
2000-01-10,19.67276382446289
2000-01-11,19.11532974243164
2000-01-12,19.034040451049805
2000-01-13,19.208229064941406
2000-01-14,19.6495361328125
2000-01-18,19.75405502319336
2000-01-19,19.788898468017578
2000-01-20,19.905027389526367
2000-01-21,19.928255081176758
2000-01-24,19.277917861938477
2000-01-25,19.69019317626953
2000-01-26,19.04564666748047
2000-01-27,18.859838485717773
2000-01-28,18.186277389526367
2000-01-31,18.790163040161133
2000-02-01,19.18501091003418
2000-02-02,19.324369430541992
2000-02-03,19.881797790527344
2000-02-04,20.114057540893555
2000-02-07,20.346328735351562
2000-02-08,20.53213882446289
2000-02-09,20.276649475097656
2000-02-10,20.758604049682617
2000-02-11,20.206968307495117
2000-02-14,20.21858024597168
2000-02-15,20.276649475097656
2000-02-16,20.172128677368164
2000-02-17,20.62505340576172
2000-02-18,19.928255081176758
2000-02-22,19.881797790527344
2000-02-23,20.485689163208008
2000-02-24,20.741182327270508
2000-02-25,20.54375457763672
2000-02-28,20.29987335205078
2000-02-29,20.764404296875
2000-03-01,20.97344398498535
2000-03-02,21.182476043701172
2000-03-03,21.768949508666992
2000-03-06,21.734115600585938
2000-03-07,21.136037826538086
2000-03-08,21.507648468017578
2000-03-09,22.15799331665039
2000-03-10,22.204437255859375
2000-03-13,21.879262924194336
2000-03-14,21.379907608032227
2000-03-15,21.008275985717773
2000-03-16,21.739913940429688
2000-03-17,22.250885009765625
2000-03-20,22.15799331665039
2000-03-21,22.7386474609375
2000-03-22,23.13349151611328
2000-03-23,23.57480239868164
2000-03-24,23.77802848815918
2000-03-27,23.969654083251953
2000-03-28,23.38899040222168
2000-03-29,22.703807830810547
2000-03-30,22.08831024169922
2000-03-31,22.506389617919922
2000-04-03,21.554100036621094
2000-04-04,21.345067977905273
2000-04-05,21.484418869018555
2000-04-06,21.763137817382812
2000-04-07,22.506389617919922
2000-04-10,21.693462371826172
2000-04-11,21.159252166748047
2000-04-12,19.788898468017578
2000-04-13,19.411470413208008
2000-04-14,18.395305633544922
2000-04-17,19.394044876098633
2000-04-18,20.49730110168457
2000-04-19,19.8237361907959
2000-04-20,19.6495361328125
2000-04-24,19.04564666748047
2000-04-25,20.148910522460938
2000-04-26,19.765668869018555
2000-04-27,20.38117218017578
2000-04-28,20.439231872558594
2000-05-01,20.729570388793945
2000-05-02,20.346328735351562
2000-05-03,19.463726043701172
2000-05-04,19.324369430541992
2000-05-05,19.85276222229004
2000-05-08,19.150169372558594
2000-05-09,18.79596710205078
2000-05-10,17.884340286254883
2000-05-11,18.38950538635254
2000-05-12,18.6275691986084
2000-05-15,18.975975036621094
2000-05-16,19.545021057128906
2000-05-17,19.26630210876465
2000-05-18,18.77855110168457
2000-05-19,18.04691505432129
2000-05-22,17.965621948242188
2000-05-23,17.094633102416992
2000-05-24,17.768192291259766
2000-05-25,17.477867126464844
2000-05-26,17.53594207763672
2000-05-30,18.674034118652344
2000-05-31,18.314022064208984
2000-06-01,19.138553619384766
2000-06-02,20.009544372558594
2000-06-05,20.06760025024414
2000-06-06,19.788898468017578
2000-06-07,20.160518646240234
2000-06-08,20.06760025024414
2000-06-09,20.114057540893555
2000-06-12,19.69599151611328
2000-06-13,20.114057540893555
2000-06-14,19.742443084716797
2000-06-15,20.137298583984375
2000-06-16,20.206968307495117
2000-06-19,20.845701217651367
2000-06-20,20.903762817382812
2000-06-21,21.08957290649414
2000-06-22,20.439231872558594
2000-06-23,20.00374412536621
2000-06-26,20.137298583984375
2000-06-27,19.939865112304688
2000-06-28,20.137298583984375
2000-06-29,19.742443084716797
2000-06-30,20.137298583984375
2000-07-03,20.276649475097656
2000-07-05,19.626314163208008
2000-07-06,19.928255081176758
2000-07-07,20.25343132019043
2000-07-10,20.03277587890625
2000-07-11,19.870193481445312
2000-07-12,20.38117218017578
2000-07-13,20.77601432800293
2000-07-14,21.159252166748047
2000-07-17,21.333450317382812
2000-07-18,20.903762817382812
2000-07-19,20.439231872558594
2000-07-20,20.86892318725586
2000-07-21,20.41600799560547
2000-07-24,19.916650772094727
2000-07-25,20.25343132019043
2000-07-26,19.986326217651367
2000-07-27,19.405662536621094
2000-07-28,18.685638427734375
2000-07-31,19.06888198852539
2000-08-01,18.848228454589844
2000-08-02,18.766937255859375
2000-08-03,19.126953125
2000-08-04,19.126953125
2000-08-07,19.521799087524414
2000-08-08,19.556631088256836
2000-08-09,19.626314163208008
2000-08-10,19.208229064941406
2000-08-11,19.277917861938477
2000-08-14,19.67276382446289
2000-08-15,19.719221115112305
2000-08-16,19.742443084716797
2000-08-17,20.114057540893555
2000-08-18,20.137298583984375
2000-08-21,20.230201721191406
2000-08-22,20.230201721191406
2000-08-23,20.427614212036133
2000-08-24,20.61924171447754
2000-08-25,20.5495662689209
2000-08-28,20.71796226501465
2000-08-29,20.741182327270508
2000-08-30,20.60181427001953
2000-08-31,21.008275985717773
2000-09-01,21.01988410949707
2000-09-05,20.54375457763672
2000-09-06,20.021162033081055
2000-09-07,20.346328735351562
2000-09-08,19.69599151611328
2000-09-11,19.18501091003418
2000-09-12,18.906293869018555
2000-09-13,19.09209442138672
2000-09-14,19.196626663208008
2000-09-15,18.86565589904785
2000-09-18,18.441770553588867
2000-09-19,19.161781311035156
2000-09-20,19.231460571289062
2000-09-21,18.836606979370117
2000-09-22,18.302406311035156
2000-09-25,17.919160842895508
2000-09-26,17.541738510131836
2000-09-27,17.4197940826416
2000-09-28,18.02369499206543
2000-09-29,17.23399543762207
2000-10-02,17.106237411499023
2000-10-03,16.653337478637695
2000-10-04,17.10043716430664
2000-10-05,16.8565673828125
2000-10-06,16.508167266845703
2000-10-09,16.41526985168457
2000-10-10,15.933310508728027
2000-10-11,15.422332763671875
2000-10-12,14.888120651245117
2000-10-13,16.142349243164062
2000-10-16,15.886859893798828
2000-10-17,15.468778610229492
2000-10-18,15.22490119934082
2000-10-19,16.57784080505371
2000-10-20,16.827533721923828
2000-10-23,16.723011016845703
2000-10-24,16.397836685180664
2000-10-25,15.242332458496094
2000-10-26,15.608144760131836
2000-10-27,15.741689682006836
2000-10-30,15.526848793029785
2000-10-31,16.246864318847656
2000-11-01,15.933310508728027
2000-11-02,16.345582962036133
2000-11-03,16.46751594543457
2000-11-06,16.21202850341797
2000-11-07,16.328163146972656
2000-11-08,15.468778610229492
2000-11-09,15.242332458496094
2000-11-10,14.400367736816406
2000-11-13,14.353915214538574
2000-11-14,15.131996154785156
2000-11-15,15.236516952514648
2000-11-16,14.748770713806152
2000-11-17,14.864900588989258
2000-11-20,14.261012077331543
2000-11-21,14.330697059631348
2000-11-22,13.80809211730957
2000-11-24,14.353915214538574
2000-11-27,14.272627830505371
2000-11-28,13.697772979736328
2000-11-29,13.63390064239502
2000-11-30,12.913877487182617
2000-12-01,13.08227252960205
2000-12-04,13.006784439086914
2000-12-05,14.237789154052734
2000-12-06,13.84293270111084
2000-12-07,13.3842191696167
2000-12-08,14.005520820617676
2000-12-11,14.533920288085938
2000-12-12,14.237789154052734
2000-12-13,13.63390064239502
2000-12-14,13.424861907958984
2000-12-15,12.890654563903809
2000-12-18,12.635162353515625
2000-12-19,12.263541221618652
2000-12-20,11.346099853515625
2000-12-21,11.380935668945312
2000-12-22,12.164831161499023
2000-12-26,11.96159839630127
2000-12-27,12.077730178833008
2000-12-28,12.019667625427246
2000-12-29,11.63642692565918
2001-01-02,10.962859153747559
2001-01-03,12.728071212768555
2001-01-04,12.855812072753906
2001-01-05,12.077730178833008
2001-01-08,12.042891502380371
2001-01-09,12.309995651245117
2001-01-10,12.681618690490723
2001-01-11,13.2158203125
2001-01-12,13.018397331237793
2001-01-16,12.867425918579102
2001-01-17,13.26227855682373
2001-01-18,13.95907211303711
2001-01-19,14.15068531036377
2001-01-22,13.889388084411621
2001-01-23,14.121651649475098
2001-01-24,14.295849800109863
2001-01-25,13.796489715576172
2001-01-26,13.889388084411621
2001-01-29,14.181119918823242
2001-01-30,14.214550018310547
2001-01-31,13.861512184143066
2001-02-01,13.854086875915527
2001-02-02,13.244629859924316
2001-02-05,13.162867546081543
2001-02-06,13.240911483764648
2001-02-07,12.899015426635742
2001-02-08,12.709491729736328
2001-02-09,12.122328758239746
2001-02-12,12.22637939453125
2001-02-13,12.018268585205078
2001-02-14,12.300702095031738
2001-02-15,12.672327995300293
2001-02-16,11.888204574584961
2001-02-20,11.24901294708252
2001-02-21,10.962859153747559
2001-02-22,10.98144245147705
2001-02-23,10.899689674377441
2001-02-26,11.07435131072998
2001-02-27,10.650703430175781
2001-02-28,10.409147262573242
2001-03-01,10.702726364135742
2001-03-02,10.331103324890137
2001-03-05,10.5540771484375
2001-03-06,11.000025749206543
2001-03-07,11.01488971710205
2001-03-08,10.79563045501709
2001-03-09,10.08955192565918
2001-03-12,9.550701141357422
2001-03-13,10.026371002197266
2001-03-14,9.781099319458008
2001-03-15,9.665903091430664
2001-03-16,9.454075813293457
2001-03-19,9.747658729553223
2001-03-20,9.279413223266602
2001-03-21,9.32400894165039
2001-03-22,9.751374244689941
2001-03-23,9.959481239318848
2001-03-26,9.829414367675781
2001-03-27,10.145295143127441
2001-03-28,9.394620895385742
2001-03-29,9.271978378295898
2001-03-30,9.216236114501953
2001-04-02,8.993266105651855
2001-04-03,8.39123821258545
2001-04-04,8.231437683105469
2001-04-05,9.101032257080078
2001-04-06,8.677385330200195
2001-04-09,8.69968318939209
2001-04-10,9.283125877380371
2001-04-11,9.621305465698242
2001-04-12,9.862860679626465
2001-04-16,9.625019073486328
2001-04-17,9.725359916687012
2001-04-18,10.60982608795166
2001-04-19,11.278743743896484
2001-04-20,11.14867115020752
2001-04-23,10.531783103942871
2001-04-24,10.368270874023438
2001-04-25,10.5503568649292
2001-04-26,10.401716232299805
2001-04-27,10.542932510375977
2001-04-30,10.706445693969727
2001-05-01,10.962859153747559
2001-05-02,11.182121276855469
2001-05-03,10.825361251831055
2001-05-04,10.98144245147705
2001-05-07,10.970294952392578
2001-05-08,11.018607139587402
2001-05-09,10.866240501403809
2001-05-10,10.706445693969727
2001-05-11,10.591238021850586
2001-05-14,10.442590713500977
2001-05-15,10.424009323120117
2001-05-16,10.847660064697266
2001-05-17,10.910837173461914
2001-05-18,10.95914363861084
2001-05-21,11.445972442626953
2001-05-22,11.423673629760742
2001-05-23,11.14495849609375
2001-05-24,11.230430603027344
2001-05-25,11.018607139587402
2001-05-29,10.60610580444336
2001-05-30,10.175026893615723
2001-05-31,10.267926216125488
2001-06-01,10.442590713500977
2001-06-04,10.420296669006348
2001-06-05,10.832795143127441
2001-06-06,10.728741645812988
2001-06-07,11.03347110748291
2001-06-08,10.788202285766602
2001-06-11,10.60982608795166
2001-06-12,10.528066635131836
2001-06-13,10.290228843688965
2001-06-14,9.922319412231445
2001-06-15,9.829414367675781
2001-06-18,9.584141731262207
2001-06-19,9.621305465698242
2001-06-20,9.721643447875977
2001-06-21,9.903738021850586
2001-06-22,9.810834884643555
2001-06-25,9.952048301696777
2001-06-26,10.007792472839355
2001-06-27,10.030096054077148
2001-06-28,10.227049827575684
2001-06-29,10.468605995178223
2001-07-02,10.461176872253418
2001-07-03,10.424009323120117
2001-07-05,10.08955192565918
2001-07-06,9.625019073486328
2001-07-09,9.747658729553223
2001-07-10,9.450357437133789
2001-07-11,9.498672485351562
2001-07-12,10.130428314208984
2001-07-13,10.160154342651367
2001-07-16,9.914889335632324
2001-07-17,10.03380012512207
2001-07-18,9.651033401489258
2001-07-19,9.829414367675781
2001-07-20,9.77367115020752
2001-07-23,9.535828590393066
2001-07-24,9.409485816955566
2001-07-25,9.610156059265137
2001-07-26,9.792250633239746
2001-07-27,9.777388572692871
2001-07-30,9.747658729553223
2001-07-31,9.743942260742188
2001-08-01,10.004076957702637
2001-08-02,10.141576766967773
2001-08-03,9.996648788452148
2001-08-06,9.874009132385254
2001-08-07,9.818267822265625
2001-08-08,9.502389907836914
2001-08-09,9.50610065460205
2001-08-10,9.491233825683594
2001-08-13,9.528401374816895
2001-08-14,9.405760765075684
2001-08-15,9.19394302368164
2001-08-16,9.242254257202148
2001-08-17,8.967251777648926
2001-08-20,9.026707649230957
2001-08-21,8.762860298156738
2001-08-22,8.85204792022705
2001-08-23,8.844611167907715
2001-08-24,9.275693893432617
2001-08-27,9.253396987915039
2001-08-28,8.996976852416992
2001-08-29,8.826033592224121
2001-08-30,8.484140396118164
2001-08-31,8.554746627807617
2001-09-04,8.368941307067871
2001-09-05,8.298325538635254
2001-09-06,7.904409885406494
2001-09-07,7.811502456665039
2001-09-10,7.978734970092773
2001-09-17,7.469611167907715
2001-09-18,7.402719974517822
2001-09-19,7.3358283042907715
2001-09-20,7.016232967376709
2001-09-21,6.815556526184082
2001-09-24,7.198328018188477
2001-09-25,7.26521635055542
2001-09-26,7.019947528839111
2001-09-27,6.964203834533691
2001-09-28,7.1537346839904785
2001-10-01,7.060825824737549
2001-10-02,7.053393363952637
2001-10-03,7.525355339050293
2001-10-04,7.685153961181641
2001-10-05,7.681436061859131
2001-10-08,7.733465671539307
2001-10-09,7.555083751678467
2001-10-10,7.789206027984619
2001-10-11,8.164548873901367
2001-10-12,8.145965576171875
2001-10-15,8.090221405029297
2001-10-16,8.175692558288574
2001-10-17,7.804072380065918
2001-10-18,7.785491466522217
2001-10-19,7.889545440673828
2001-10-22,8.075358390808105
2001-10-23,8.08279037475586
2001-10-24,8.183128356933594
2001-10-25,8.380091667175293
2001-10-26,8.39123821258545
2001-10-29,7.989882946014404
2001-10-30,7.826371192932129
2001-10-31,7.934137344360352
2001-11-01,8.209138870239258
2001-11-02,8.220293045043945
2001-11-05,8.472993850708008
2001-11-06,8.770288467407227
2001-11-07,8.733131408691406
2001-11-08,8.77772331237793
2001-11-09,8.744277000427246
2001-11-12,8.811168670654297
2001-11-13,9.123327255249023
2001-11-14,9.17164421081543
2001-11-15,9.115901947021484
2001-11-16,9.08616828918457
2001-11-19,9.275693893432617
2001-11-20,9.015556335449219
2001-11-21,8.926371574401855
2001-11-23,9.063870429992676
2001-11-26,9.219952583312988
2001-11-27,9.19022274017334
2001-11-28,8.900359153747559
2001-11-29,9.138198852539062
2001-11-30,9.119614601135254
2001-12-03,8.989548683166504
2001-12-04,9.271978378295898
2001-12-05,9.717925071716309
2001-12-06,9.691917419433594
2001-12-07,9.513537406921387
2001-12-10,9.305429458618164
2001-12-11,9.372318267822266
2001-12-12,9.409485816955566
2001-12-13,9.075020790100098
2001-12-14,9.112187385559082
2001-12-17,9.286844253540039
2001-12-18,9.32400894165039
2001-12-19,9.19022274017334
2001-12-20,8.874343872070312
2001-12-21,8.993266105651855
2001-12-24,8.959816932678223
2001-12-26,9.030425071716309
2001-12-27,9.108469009399414
2001-12-28,9.127047538757324
2001-12-31,8.918939590454102
2002-01-02,9.141911506652832
2002-01-03,9.543268203735352
2002-01-04,9.602726936340332
2002-01-07,9.498672485351562
2002-01-08,9.569276809692383
2002-01-09,9.494956970214844
2002-01-10,9.416914939880371
2002-01-11,9.327723503112793
2002-01-14,9.18278980255127
2002-01-15,9.242254257202148
2002-01-16,9.015556335449219
2002-01-17,9.238533973693848
2002-01-18,8.930085182189941
2002-01-22,8.610493659973145
2002-01-23,8.740561485290527
2002-01-24,8.870633125305176
2002-01-25,8.837183952331543
2002-01-28,8.900359153747559
2002-01-29,8.584480285644531
2002-01-30,8.695963859558105
2002-01-31,8.822317123413086
2002-02-01,8.658804893493652
2002-02-04,8.413533210754395
2002-02-05,8.283461570739746
2002-02-06,8.235156059265137
2002-02-07,8.112519264221191
2002-02-08,8.268599510192871
2002-02-11,8.454411506652832
2002-02-12,8.316911697387695
2002-02-13,8.450695991516113
2002-02-14,8.361505508422852
2002-02-15,8.119948387145996
2002-02-19,7.833799362182617
2002-02-20,7.930427074432373
2002-02-21,7.562516689300537
2002-02-22,7.610828399658203
2002-02-25,7.867249488830566
2002-02-26,7.818938255310059
2002-02-27,7.763193130493164
2002-02-28,7.674005508422852
2002-03-01,8.060489654541016
2002-03-04,8.354074478149414
2002-03-05,8.380091667175293
2002-03-06,8.461841583251953
2002-03-07,8.432112693786621
2002-03-08,8.6550874710083
2002-03-11,8.681102752685547
2002-03-12,8.49528980255127
2002-03-13,8.272314071655273
2002-03-14,8.175692558288574
2002-03-15,8.235156059265137
2002-03-18,8.26116943359375
2002-03-19,8.294610977172852
2002-03-20,8.041909217834473
2002-03-21,8.20171070098877
2002-03-22,8.08279037475586
2002-03-25,7.900693893432617
2002-03-26,7.960151672363281
2002-03-27,7.9564385414123535
2002-03-28,8.053055763244629
2002-04-01,8.142247200012207
2002-04-02,7.904409885406494
2002-04-03,7.781773090362549
2002-04-04,7.815224647521973
2002-04-05,7.692584991455078
2002-04-08,7.655423641204834
2002-04-09,7.4621806144714355
2002-04-10,7.484474182128906
2002-04-11,7.235487937927246
2002-04-12,7.358125686645508
2002-04-15,7.376705169677734
2002-04-16,7.7111663818359375
2002-04-17,7.740894317626953
2002-04-18,7.6591386795043945
2002-04-19,7.636842727661133
2002-04-22,7.447317123413086
2002-04-23,7.294945240020752
2002-04-24,7.183462142944336
2002-04-25,7.23177433013916
2002-04-26,6.986502170562744
2002-04-29,6.941906452178955
2002-04-30,7.07940673828125
2002-05-01,7.019947528839111
2002-05-02,6.841570854187012
2002-05-03,6.678053855895996
2002-05-06,6.488529205322266
2002-05-07,6.488529205322266
2002-05-08,7.161168098449707
2002-05-09,6.927043437957764
2002-05-10,6.689201831817627
2002-05-13,6.953057289123535
2002-05-14,7.287516117095947
2002-05-15,7.26521635055542
2002-05-16,7.372992038726807
2002-05-17,7.410149097442627
2002-05-20,7.216909408569336
2002-05-21,7.038530349731445
2002-05-22,7.124001502990723
2002-05-23,7.179745674133301
2002-05-24,7.023665904998779
2002-05-28,6.9604878425598145
2002-05-29,6.830422878265381
2002-05-30,6.863868713378906
2002-05-31,6.785827159881592
2002-06-03,6.58514928817749
2002-06-04,6.678053855895996
2002-06-05,6.759816646575928
2002-06-06,6.5962982177734375
2002-06-07,6.451367378234863
2002-06-10,6.391907215118408
2002-06-11,6.250690937042236
2002-06-12,6.377042293548584
2002-06-13,6.269270420074463
2002-06-14,6.258124351501465
2002-06-17,6.469945907592773
2002-06-18,6.3993401527404785
2002-06-19,6.146636962890625
2002-06-20,6.005419731140137
2002-06-21,5.834473133087158
2002-06-24,5.934810638427734
2002-06-25,5.730418682098389
2002-06-26,5.734135150909424
2002-06-27,5.886500358581543
2002-06-28,5.87906551361084
2002-07-01,5.6300787925720215
2002-07-02,5.462850093841553
2002-07-03,5.663524627685547
2002-07-05,5.968255996704102
2002-07-08,5.789877891540527
2002-07-09,5.704405784606934
2002-07-10,5.552039623260498
2002-07-11,5.756433010101318
2002-07-12,5.730418682098389
2002-07-15,5.841905117034912
2002-07-16,5.775015830993652
2002-07-17,5.815893173217773
2002-07-18,5.693255424499512
2002-07-19,5.514877796173096
2002-07-22,5.225010871887207
2002-07-23,4.964875221252441
2002-07-24,5.221295356750488
2002-07-25,4.9091339111328125
2002-07-26,4.976024150848389
2002-07-29,5.269606113433838
2002-07-30,5.351363182067871
2002-07-31,5.321633815765381
2002-08-01,5.087513446807861
2002-08-02,4.979740619659424
2002-08-05,4.764200687408447
2002-08-06,4.964875221252441
2002-08-07,5.054065704345703
2002-08-08,5.239877700805664
2002-08-09,5.221295356750488
2002-08-12,5.172985076904297
2002-08-13,5.054065704345703
2002-08-14,5.3699421882629395
2002-08-15,5.4442667961120605
2002-08-16,5.57433557510376
2002-08-19,5.778730392456055
2002-08-20,5.615215301513672
2002-08-21,5.789877891540527
2002-08-22,5.856771469116211
2002-08-23,5.64494514465332
2002-08-26,5.682109832763672
2002-08-27,5.492580890655518
2002-08-28,5.340213298797607
2002-08-29,5.414540767669678
2002-08-30,5.27703857421875
2002-09-03,5.016900062561035
2002-09-04,5.172985076904297
2002-09-05,4.998324394226074
2002-09-06,5.165551662445068
2002-09-09,5.221295356750488
2002-09-10,5.310485363006592
2002-09-11,5.340213298797607
2002-09-12,5.143255233764648
2002-09-13,5.165551662445068
2002-09-16,5.080077171325684
2002-09-17,5.016900062561035
2002-09-18,4.964875221252441
2002-09-19,4.741903781890869
2002-09-20,4.767914295196533
2002-09-23,4.619266986846924
2002-09-24,4.544942855834961
2002-09-25,4.719605445861816
2002-09-26,4.6638617515563965
2002-09-27,4.548658847808838
2002-09-30,4.396294593811035
2002-10-01,4.634131908416748
2002-10-02,4.53007698059082
2002-10-03,4.518928050994873
2002-10-04,4.422305583953857
2002-10-07,4.344266414642334
2002-10-08,4.344266414642334
2002-10-09,4.303387641906738
2002-10-10,4.53007698059082
2002-10-11,4.816227912902832
2002-10-14,4.823660373687744
2002-10-15,5.128391265869141
2002-10-16,4.849673271179199
2002-10-17,5.054065704345703
2002-10-18,5.120957851409912
2002-10-21,5.225010871887207
2002-10-22,5.2027130126953125
2002-10-23,5.343931198120117
2002-10-24,5.258457183837891
2002-10-25,5.399672985076904
2002-10-28,5.388525009155273
2002-10-29,5.299336910247803
2002-10-30,5.481429576873779
2002-10-31,5.485147476196289
2002-11-01,5.6486616134643555
2002-11-04,5.867919445037842
2002-11-05,5.830757141113281
2002-11-06,5.923663139343262
2002-11-07,5.689542293548584
2002-11-08,5.6486616134643555
2002-11-11,5.45170259475708
2002-11-12,5.604067325592041
2002-11-13,5.6300787925720215
2002-11-14,5.856771469116211
2002-11-15,5.867919445037842
2002-11-18,5.801026821136475
2002-11-19,5.708121299743652
2002-11-20,5.945959568023682
2002-11-21,6.254405498504639
2002-11-22,6.232108116149902
2002-11-25,6.325014591217041
2002-11-26,6.14292049407959
2002-11-27,6.391907215118408
2002-11-29,6.354745864868164
2002-12-02,6.373325347900391
2002-12-03,6.150351047515869
2002-12-04,6.0574445724487305
2002-12-05,5.923663139343262
2002-12-06,5.979405403137207
2002-12-09,5.696971893310547
2002-12-10,5.789877891540527
2002-12-11,5.834473133087158
2002-12-12,5.808459281921387
2002-12-13,5.678390026092529
2002-12-16,5.871634483337402
2002-12-17,5.841905117034912
2002-12-18,5.682109832763672
2002-12-19,5.659811019897461
2002-12-20,5.719803333282471
2002-12-23,5.790605068206787
2002-12-24,5.730982780456543
2002-12-26,5.701174259185791
2002-12-27,5.600562572479248
2002-12-30,5.544668674468994
2002-12-31,5.5148606300354
2003-01-02,5.812958717346191
2003-01-03,5.835317134857178
2003-01-06,6.092428207397461
2003-01-07,6.155773639678955
2003-01-08,5.954558849334717
2003-01-09,6.1296916007995605
2003-01-10,6.163228511810303
2003-01-13,6.1296916007995605
2003-01-14,6.215397357940674
2003-01-15,6.092428207397461
2003-01-16,5.962009429931641
2003-01-17,5.671361923217773
2003-01-21,5.634098052978516
2003-01-22,5.596837520599365
2003-01-23,5.693718433380127
2003-01-24,5.470144748687744
2003-01-27,5.4105224609375
2003-01-28,5.485049247741699
2003-01-29,5.563301086425781
2003-01-30,5.391892433166504
2003-01-31,5.384438991546631
2003-02-03,5.4328813552856445
2003-02-04,5.339725494384766
2003-02-05,5.321093559265137
2003-02-06,5.291281700134277
2003-02-07,5.231663227081299
2003-02-10,5.287557125091553
2003-02-11,5.268927097320557
2003-02-12,5.198127746582031
2003-02-13,5.2130303382873535
2003-02-14,5.376986503601074
2003-02-18,5.552120685577393
2003-02-19,5.5148606300354
2003-02-20,5.429156303405762
2003-02-21,5.4962263107299805
2003-02-24,5.403070449829102
2003-02-25,5.4179768562316895
2003-02-26,5.2763776779174805
2003-02-27,5.328546524047852
2003-02-28,5.4105224609375
2003-03-03,5.317366600036621
2003-03-04,5.257747173309326
2003-03-05,5.309913635253906
2003-03-06,5.242843151092529
2003-03-07,5.216756820678711
2003-03-10,5.108697414398193
2003-03-11,5.082612991333008
2003-03-12,5.149686813354492
2003-03-13,5.425428867340088
2003-03-14,5.4440598487854
2003-03-17,5.693718433380127
2003-03-18,5.719803333282471
2003-03-19,5.70862340927124
2003-03-20,5.701174259185791
2003-03-21,5.786873817443848
2003-03-24,5.552120685577393
2003-03-25,5.630372524261475
2003-03-26,5.61174201965332
2003-03-27,5.548395156860352
2003-03-28,5.477595806121826
2003-03-31,5.328546524047852
2003-04-01,5.391892433166504
2003-04-02,5.622918605804443
2003-04-03,5.608016490936279
2003-04-04,5.544668674468994
2003-04-07,5.559574127197266
2003-04-08,5.5036797523498535
2003-04-09,5.384438991546631
2003-04-10,5.4179768562316895
2003-04-11,5.369533538818359
2003-04-14,5.499954700469971
2003-04-15,5.511132717132568
2003-04-16,5.552120685577393
2003-04-17,5.667634963989258
2003-04-21,5.645276069641113
2003-04-22,5.76824426651001
2003-04-23,5.865127086639404
2003-04-24,5.812958717346191
2003-04-25,5.704901218414307
2003-04-28,5.82413911819458
2003-04-29,5.883759021759033
2003-04-30,5.816685199737549
2003-05-01,5.8725810050964355
2003-05-02,5.995546817779541
2003-05-05,5.980641841888428
2003-05-06,6.088700771331787
2003-05-07,6.014176368713379
2003-05-08,5.917293548583984
2003-05-09,6.081249713897705
2003-05-12,6.174406051635742
2003-05-13,6.163228511810303
2003-05-14,6.140870571136475
2003-05-15,6.204216957092285
2003-05-16,6.148322105407715
2003-05-19,5.924746513366699
2003-05-20,5.9359259605407715
2003-05-21,5.9433794021606445
2003-05-22,6.006725311279297
2003-05-23,6.014176368713379
2003-05-27,6.170681476593018
2003-05-28,6.211667537689209
2003-05-29,6.226574420928955
2003-05-30,6.316001892089844
2003-06-02,6.282467842102051
2003-06-03,6.338359355926514
2003-06-04,6.472507953643799
2003-06-05,6.472507953643799
2003-06-06,6.40916109085083
2003-06-09,6.316001892089844
2003-06-10,6.405436992645264
2003-06-11,6.44642448425293
2003-06-12,6.476233959197998
2003-06-13,6.3346357345581055
2003-06-16,6.491137981414795
2003-06-17,6.520946979522705
2003-06-18,6.584294319152832
2003-06-19,6.535853385925293
2003-06-20,6.528401851654053
2003-06-23,6.397979736328125
2003-06-24,6.371898651123047
2003-06-25,6.3085503578186035
2003-06-26,6.427789211273193
2003-06-27,6.379349708557129
2003-06-30,6.360718727111816
2003-07-01,6.450150012969971
2003-07-02,6.584294319152832
2003-07-03,6.506044864654541
2003-07-07,6.729617595672607
2003-07-08,6.781784534454346
2003-07-09,6.774332523345947
2003-07-10,6.617831707000732
2003-07-11,6.7109904289245605
2003-07-14,6.740795135498047
2003-07-15,6.751977443695068
2003-07-16,6.729617595672607
2003-07-17,6.5246758460998535
2003-07-18,6.53957986831665
2003-07-21,6.394255638122559
2003-07-22,6.5321269035339355
2003-07-23,6.56939172744751
2003-07-24,6.476233959197998
2003-07-25,6.614104747772217
2003-07-28,6.6252851486206055
2003-07-29,6.561936855316162
2003-07-30,6.5134968757629395
2003-07-31,6.55820894241333
2003-08-01,6.5246758460998535
2003-08-04,6.580566883087158
2003-08-05,6.41661262512207
2003-08-06,6.356990814208984
2003-08-07,6.338359355926514
2003-08-08,6.330906391143799
2003-08-11,6.360718727111816
2003-08-12,6.457600116729736
2003-08-13,6.44642448425293
2003-08-14,6.502318859100342
2003-08-15,6.472507953643799
2003-08-18,6.6625447273254395
2003-08-19,6.751977443695068
2003-08-20,6.714715957641602
2003-08-21,6.778061866760254
2003-08-22,6.766883850097656
2003-08-25,6.725892066955566
2003-08-26,6.763154029846191
2003-08-27,6.807868003845215
2003-08-28,6.848860263824463
2003-08-29,6.871216773986816
2003-09-02,7.020267963409424
2003-09-03,7.094794750213623
2003-09-04,7.161862373352051
2003-09-05,7.124599933624268
2003-09-08,7.255017280578613
2003-09-09,7.176767349243164
2003-09-10,6.9643731117248535
2003-09-11,7.04634952545166
2003-09-12,7.0538010597229
2003-09-15,7.012812614440918
2003-09-16,7.191674709320068
2003-09-17,7.180497646331787
2003-09-18,7.281107425689697
2003-09-19,7.288558006286621
2003-09-22,7.150684356689453
2003-09-23,7.191674709320068
2003-09-24,6.945741176605225
2003-09-25,6.893573760986328
2003-09-26,6.856311798095703
2003-09-29,6.968098163604736
2003-09-30,6.811596870422363
2003-10-01,6.960644245147705
2003-10-02,6.945741176605225
2003-10-03,7.158135414123535
2003-10-06,7.19539737701416
2003-10-07,7.243843078613281
2003-10-08,7.191674709320068
2003-10-09,7.2214837074279785
2003-10-10,7.281107425689697
2003-10-13,7.303462982177734
2003-10-14,7.2848286628723145
2003-10-15,7.329545497894287
2003-10-16,7.355630874633789
2003-10-17,7.23638916015625
2003-10-20,7.322094440460205
2003-10-21,7.363084316253662
2003-10-22,7.255017280578613
2003-10-23,7.199126243591309
2003-10-24,7.091063499450684
2003-10-27,7.128325939178467
2003-10-28,7.299734115600586
2003-10-29,7.310914516448975
2003-10-30,7.303462982177734
2003-10-31,7.310914516448975
2003-11-03,7.48232364654541
2003-11-04,7.418978691101074
2003-11-05,7.441330909729004
2003-11-06,7.500952243804932
2003-11-07,7.47114372253418
2003-11-10,7.3742570877075195
2003-11-11,7.355630874633789
2003-11-12,7.512135028839111
2003-11-13,7.448785781860352
2003-11-14,7.348178863525391
2003-11-17,7.247567653656006
2003-11-18,7.158135414123535
2003-11-19,7.23638916015625
2003-11-20,7.124599933624268
2003-11-21,7.184221267700195
2003-11-24,7.366809368133545
2003-11-25,7.3593549728393555
2003-11-26,7.389167308807373
2003-11-28,7.415247440338135
2003-12-01,7.489774227142334
2003-12-02,7.456238746643066
2003-12-03,7.430151462554932
2003-12-04,7.523309707641602
2003-12-05,7.389167308807373
2003-12-08,7.407797813415527
2003-12-09,7.247567653656006
2003-12-10,7.288558006286621
2003-12-11,7.426433086395264
2003-12-12,7.4338788986206055
2003-12-15,7.340721607208252
2003-12-16,7.377989292144775
2003-12-17,7.366809368133545
2003-12-18,7.489774227142334
2003-12-19,7.463878631591797
2003-12-22,7.475139141082764
2003-12-23,7.535183906555176
2003-12-24,7.520168781280518
2003-12-26,7.535183906555176
2003-12-29,7.6702728271484375
2003-12-30,7.659017086029053
2003-12-31,7.647758960723877
2004-01-02,7.6852827072143555
2004-01-05,7.8729166984558105
2004-01-06,7.944212913513184
2004-01-07,7.981738567352295
2004-01-08,8.139345169067383
2004-01-09,8.030519485473633
2004-01-12,8.154356002807617
2004-01-13,8.03802490234375
2004-01-14,8.135589599609375
2004-01-15,8.169368743896484
2004-01-16,8.274438858032227
2004-01-20,8.293206214904785
2004-01-21,8.229402542114258
2004-01-22,8.150607109069824
2004-01-23,8.124333381652832
2004-01-26,8.274438858032227
2004-01-27,8.146854400634766
2004-01-28,8.01175594329834
2004-01-29,7.970478057861328
2004-01-30,7.974232196807861
2004-02-02,7.974232196807861
2004-02-03,7.985494613647461
2004-02-04,7.79035758972168
2004-02-05,7.801613807678223
2004-02-06,7.966728210449219
2004-02-09,7.906686782836914
2004-02-10,7.970478057861328
2004-02-11,8.034276962280273
2004-02-12,7.959218978881836
2004-02-13,7.910436630249023
2004-02-17,8.026774406433105
2004-02-18,7.989243507385254
2004-02-19,7.869158744812012
2004-02-20,7.831635475158691
2004-02-23,7.726560115814209
2004-02-24,7.734065532684326
2004-02-25,7.794110298156738
2004-02-26,7.812875747680664
2004-02-27,7.771591663360596
2004-03-01,7.8654093742370605
2004-03-02,7.835391044616699
2004-03-03,7.797863006591797
2004-03-04,7.8654093742370605
2004-03-05,7.805365562438965
2004-03-08,7.636504173278809
2004-03-09,7.636504173278809
2004-03-10,7.501406192779541
2004-03-11,7.418848991394043
2004-03-12,7.565201282501221
2004-03-15,7.42260217666626
2004-03-16,7.467637062072754
2004-03-17,7.561448097229004
2004-03-18,7.512664794921875
2004-03-19,7.411348342895508
2004-03-22,7.291262626647949
2004-03-23,7.280004501342773
2004-03-24,7.317532062530518
2004-03-25,7.55019474029541
2004-03-26,7.505160808563232
2004-03-29,7.602725028991699
2004-03-30,7.613987922668457
2004-03-31,7.565201282501221
2004-04-01,7.644005298614502
2004-04-02,7.835391044616699
2004-04-05,7.9029364585876465
2004-04-06,7.820376396179199
2004-04-07,7.771591663360596
2004-04-08,7.786603927612305
2004-04-12,7.805365562438965
2004-04-13,7.70780611038208
2004-04-14,7.700292587280273
2004-04-15,7.610234260559082
2004-04-16,7.5389323234558105
2004-04-19,7.625242710113525
2004-04-20,7.460125923156738
2004-04-21,7.572704792022705
2004-04-22,7.689035415649414
2004-04-23,7.79035758972168
2004-04-26,7.6965436935424805
2004-04-27,7.674023628234863
2004-04-28,7.54268741607666
2004-04-29,7.430107116699219
2004-04-30,7.27625036239624
2004-05-03,7.317532062530518
2004-05-04,7.388833522796631
2004-05-05,7.426354885101318
2004-05-06,7.392581939697266
2004-05-07,7.355057239532471
2004-05-10,7.325037479400635
2004-05-11,7.42260217666626
2004-05-12,7.40008544921875
2004-05-13,7.40008544921875
2004-05-14,7.298769474029541
2004-05-17,7.219964981079102
2004-05-18,7.291262626647949
2004-05-19,7.325037479400635
2004-05-20,7.321284294128418
2004-05-21,7.343799114227295
2004-05-24,7.355057239532471
2004-05-25,7.493904113769531
2004-05-26,7.478895664215088
2004-05-27,7.523924350738525
2004-05-28,7.561448097229004
2004-06-01,7.508909702301025
2004-06-02,7.508909702301025
2004-06-03,7.411348342895508
2004-06-04,7.482643127441406
2004-06-07,7.655261993408203
2004-06-08,7.6965436935424805
2004-06-09,7.610234260559082
2004-06-10,7.6515116691589355
2004-06-14,7.546435832977295
2004-06-15,7.659017086029053
2004-06-16,7.625242710113525
2004-06-17,7.5389323234558105
2004-06-18,7.553944110870361
2004-06-21,7.520168781280518
2004-06-22,7.598973274230957
2004-06-23,7.704046249389648
2004-06-24,7.666522026062012
2004-06-25,7.6965436935424805
2004-06-28,7.636504173278809
2004-06-29,7.715300559997559
2004-06-30,7.767842769622803
2004-07-01,7.625242710113525
2004-07-02,7.54268741607666
2004-07-06,7.381326675415039
2004-07-07,7.430107116699219
2004-07-08,7.3062744140625
2004-07-09,7.366316318511963
2004-07-12,7.355057239532471
2004-07-13,7.321284294128418
2004-07-14,7.204952239990234
2004-07-15,7.167430400848389
2004-07-16,7.09237813949585
2004-07-19,7.114893436431885
2004-07-20,7.231221675872803
2004-07-21,7.1223978996276855
2004-07-22,7.197450637817383
2004-07-23,7.073614120483398
2004-07-26,7.114893436431885
2004-07-27,7.182438850402832
2004-07-28,7.178687572479248
2004-07-29,7.280004501342773
2004-07-30,7.295021057128906
2004-08-02,7.313775062561035
2004-08-03,7.193693161010742
2004-08-04,7.204952239990234
2004-08-05,7.096128940582275
2004-08-06,6.882230281829834
2004-08-09,6.927259922027588
2004-08-10,7.047348499298096
2004-08-11,6.870975971221924
2004-08-12,6.7358808517456055
2004-08-13,6.773404598236084
2004-08-16,6.8334455490112305
2004-08-17,6.878478527069092
2004-08-18,6.991057872772217
2004-08-19,6.968539714813232
2004-08-20,7.002313137054443
2004-08-23,7.036087989807129
2004-08-24,6.998559474945068
2004-08-25,7.077366352081299
2004-08-26,7.039838790893555
2004-08-27,7.069860935211182
2004-08-30,6.998559474945068
2004-08-31,6.972293853759766
2004-09-01,7.02482795715332
2004-09-02,7.107387542724609
2004-09-03,6.953528881072998
2004-09-07,6.983551502227783
2004-09-08,6.991057872772217
2004-09-09,7.096128940582275
2004-09-10,7.216211795806885
2004-09-13,7.249985694885254
2004-09-14,7.280004501342773
2004-09-15,7.163676738739014
2004-09-16,7.178687572479248
2004-09-17,7.227470874786377
2004-09-20,7.253735542297363
2004-09-21,7.280004501342773
2004-09-22,7.159923076629639
2004-09-23,7.178687572479248
2004-09-24,7.118642807006836
2004-09-27,7.054850101470947
2004-09-28,7.073614120483398
2004-09-29,7.148664951324463
2004-09-30,7.174932479858398
2004-10-01,7.355057239532471
2004-10-04,7.415095806121826
2004-10-05,7.467637062072754
2004-10-06,7.516418933868408
2004-10-07,7.437612533569336
2004-10-08,7.332542419433594
2004-10-11,7.355057239532471
2004-10-12,7.3362932205200195
2004-10-13,7.3100266456604
2004-10-14,7.253735542297363
2004-10-15,7.298769474029541
2004-10-18,7.373822212219238
2004-10-19,7.373822212219238
2004-10-20,7.385075092315674
2004-10-21,7.4488701820373535
2004-10-22,7.287509918212891
2004-10-25,7.27625036239624
2004-10-26,7.291262626647949
2004-10-27,7.467637062072754
2004-10-28,7.486395835876465
2004-10-29,7.490151405334473
2004-11-01,7.55019474029541
2004-11-02,7.561448097229004
2004-11-03,7.602725028991699
2004-11-04,7.689035415649414
2004-11-05,7.756580829620361
2004-11-08,7.767842769622803
2004-11-09,7.7640886306762695
2004-11-10,7.6965436935424805
2004-11-11,7.794110298156738
2004-11-12,7.9029364585876465
2004-11-15,7.947961807250977
2004-11-16,7.887922763824463
2004-11-17,7.977984428405762
2004-11-18,8.00800609588623
2004-11-19,7.884171485900879
2004-11-22,7.895428657531738
2004-11-23,7.861654281616211
2004-11-24,7.925451278686523
2004-11-26,7.91418981552124
2004-11-29,7.917945384979248
2004-11-30,7.8729166984558105
2004-12-01,8.034276962280273
2004-12-02,8.056785583496094
2004-12-03,8.113080024719238
2004-12-06,8.146854400634766
2004-12-07,8.03802490234375
2004-12-08,8.030519485473633
2004-12-09,8.026774406433105
2004-12-10,7.985494613647461
2004-12-13,8.079305648803711
2004-12-14,8.094313621520996
2004-12-15,8.094313621520996
2004-12-16,8.060542106628418
2004-12-17,8.02150821685791
2004-12-20,7.975582599639893
2004-12-21,8.063605308532715
2004-12-22,8.078910827636719
2004-12-23,8.09804916381836
2004-12-27,8.048295974731445
2004-12-28,8.090394020080566
2004-12-29,8.090394020080566
2004-12-30,8.094220161437988
2004-12-31,8.078910827636719
2005-01-03,8.010025024414062
2005-01-04,7.8607683181762695
2005-01-05,7.833977699279785
2005-01-06,7.8110175132751465
2005-01-07,7.826323509216309
2005-01-10,7.826323509216309
2005-01-11,7.749785423278809
2005-01-12,7.791884899139404
2005-01-13,7.715341567993164
2005-01-14,7.738305568695068
2005-01-18,7.822495937347412
2005-01-19,7.657937526702881
2005-01-20,7.604358673095703
2005-01-21,7.55077600479126
2005-01-24,7.489546298980713
2005-01-25,7.501029014587402
2005-01-26,7.5775675773620605
2005-01-27,7.569914817810059
2005-01-28,7.569914817810059
2005-01-31,7.623490810394287
2005-02-01,7.6694231033325195
2005-02-02,7.673243999481201
2005-02-03,7.623490810394287
2005-02-04,7.753607273101807
2005-02-07,7.730651378631592
2005-02-08,7.768921852111816
2005-02-09,7.634974002838135
2005-02-10,7.650284290313721
2005-02-11,7.722994804382324
2005-02-14,7.738305568695068
2005-02-15,7.77657413482666
2005-02-16,7.749785423278809
2005-02-17,7.623490810394287
2005-02-18,7.608183860778809
2005-02-22,7.566087245941162
2005-02-23,7.543126106262207
2005-02-24,7.608183860778809
2005-02-25,7.657937526702881
2005-02-28,7.634974002838135
2005-03-01,7.726821422576904
2005-03-02,7.707684516906738
2005-03-03,7.650284290313721
2005-03-04,7.700036525726318
2005-03-07,7.757444381713867
2005-03-08,7.692377090454102
2005-03-09,7.677072525024414
2005-03-10,7.711511611938477
2005-03-11,7.612009048461914
2005-03-14,7.642627716064453
2005-03-15,7.566087245941162
2005-03-16,7.489546298980713
2005-03-17,7.4857177734375
2005-03-18,7.443620681762695
2005-03-21,7.443620681762695
2005-03-22,7.378561973571777
2005-03-23,7.409174919128418
2005-03-24,7.4130048751831055
2005-03-28,7.420657634735107
2005-03-29,7.36325216293335
2005-03-30,7.47423791885376
2005-03-31,7.4857177734375
2005-04-01,7.420657634735107
2005-04-04,7.447448253631592
2005-04-05,7.462756156921387
2005-04-06,7.451275825500488
2005-04-07,7.55077600479126
2005-04-08,7.4972004890441895
2005-04-11,7.455102920532227
2005-04-12,7.501029014587402
2005-04-13,7.393865585327148
2005-04-14,7.290536403656006
2005-04-15,7.068572521209717
2005-04-18,7.0762224197387695
2005-04-19,7.164244651794434
2005-04-20,7.09918212890625
2005-04-21,7.290536403656006
2005-04-22,7.202517509460449
2005-04-25,7.252270221710205
2005-04-26,7.202517509460449
2005-04-27,7.229305267333984
2005-04-28,7.156590461730957
2005-04-29,7.221651554107666
2005-05-02,7.213995456695557
2005-05-03,7.26375150680542
2005-05-04,7.313503742218018
2005-05-05,7.302018642425537
2005-05-06,7.321154594421387
2005-05-09,7.351771354675293
2005-05-10,7.2752299308776855
2005-05-11,7.309675216674805
2005-05-12,7.317328929901123
2005-05-13,7.409174919128418
2005-05-16,7.4780659675598145
2005-05-17,7.504852771759033
2005-05-18,7.612009048461914
2005-05-19,7.65410852432251
2005-05-20,7.665589332580566
2005-05-23,7.692377090454102
2005-05-24,7.730651378631592
2005-05-25,7.69620418548584
2005-05-26,7.784226894378662
2005-05-27,7.7727508544921875
2005-05-31,7.722994804382324
2005-06-01,7.799535751342773
2005-06-02,7.833977699279785
2005-06-03,7.749785423278809
2005-06-06,7.738305568695068
2005-06-07,7.707684516906738
2005-06-08,7.722994804382324
2005-06-09,7.7612690925598145
2005-06-10,7.719170093536377
2005-06-13,7.749785423278809
2005-06-14,7.703860282897949
2005-06-15,7.749785423278809
2005-06-16,7.765092372894287
2005-06-17,7.768921852111816
2005-06-20,7.757444381713867
2005-06-21,7.791884899139404
2005-06-22,7.807193756103516
2005-06-23,7.7459588050842285
2005-06-24,7.650284290313721
2005-06-27,7.589048862457275
2005-06-28,7.684726238250732
2005-06-29,7.69620418548584
2005-06-30,7.623490810394287
2005-07-01,7.642627716064453
2005-07-05,7.692377090454102
2005-07-06,7.673243999481201
2005-07-07,7.688549041748047
2005-07-08,7.826323509216309
2005-07-11,7.906693458557129
2005-07-12,7.948792934417725
2005-07-13,7.983237266540527
2005-07-14,8.052122116088867
2005-07-15,8.048295974731445
2005-07-18,8.002371788024902
2005-07-19,8.121012687683105
2005-07-20,8.094220161437988
2005-07-21,8.040643692016602
2005-07-22,8.02150821685791
2005-07-25,7.979406833648682
2005-07-26,8.040643692016602
2005-07-27,8.094220161437988
2005-07-28,8.09804916381836
2005-07-29,8.05594539642334
2005-08-01,8.059775352478027
2005-08-02,8.140145301818848
2005-08-03,8.19372272491455
2005-08-04,8.117180824279785
2005-08-05,8.09804916381836
2005-08-08,8.032988548278809
2005-08-09,8.094220161437988
2005-08-10,8.002371788024902
2005-08-11,8.063605308532715
2005-08-12,7.956448078155518
2005-08-15,7.99854040145874
2005-08-16,7.922004699707031
2005-08-17,7.9908881187438965
2005-08-18,7.937308311462402
2005-08-19,7.944967269897461
2005-08-22,7.960275173187256
2005-08-23,7.956448078155518
2005-08-24,7.906693458557129
2005-08-25,7.910521030426025
2005-08-26,7.883734703063965
2005-08-29,7.937308311462402
2005-08-30,7.937308311462402
2005-08-31,7.979406833648682
2005-09-01,7.960275173187256
2005-09-02,7.937308311462402
2005-09-06,8.029159545898438
2005-09-07,8.029159545898438
2005-09-08,8.048295974731445
2005-09-09,8.05594539642334
2005-09-12,8.075080871582031
2005-09-13,8.082737922668457
2005-09-14,7.99854040145874
2005-09-15,7.979406833648682
2005-09-16,8.029159545898438
2005-09-19,7.964097499847412
2005-09-20,7.933486461639404
2005-09-21,7.837802886962891
2005-09-22,7.868424892425537
2005-09-23,7.872252941131592
2005-09-26,7.8607683181762695
2005-09-27,7.833977699279785
2005-09-28,7.883734703063965
2005-09-29,7.944967269897461
2005-09-30,7.99854040145874
2005-10-03,7.987062454223633
2005-10-04,7.9143524169921875
2005-10-05,7.803365707397461
2005-10-06,7.715341567993164
2005-10-07,7.734475135803223
2005-10-10,7.680898189544678
2005-10-11,7.623490810394287
2005-10-12,7.573739051818848
2005-10-13,7.627317905426025
2005-10-14,7.657937526702881
2005-10-17,7.650284290313721
2005-10-18,7.634974002838135
2005-10-19,7.730651378631592
2005-10-20,7.673243999481201
2005-10-21,7.719170093536377
2005-10-24,7.818673133850098
2005-10-25,7.765092372894287
2005-10-26,7.7459588050842285
2005-10-27,7.661763668060303
2005-10-28,7.734475135803223
2005-10-31,7.814846038818359
2005-11-01,7.799535751342773
2005-11-02,7.88755989074707
2005-11-03,7.960275173187256
2005-11-04,7.994718074798584
2005-11-07,8.010025024414062
2005-11-08,8.013851165771484
2005-11-09,8.006200790405273
2005-11-10,8.075080871582031
2005-11-11,8.094220161437988
2005-11-14,8.101873397827148
2005-11-15,8.075080871582031
2005-11-16,8.105701446533203
2005-11-17,8.201377868652344
2005-11-18,8.24730396270752
2005-11-21,8.243476867675781
2005-11-22,8.297053337097168
2005-11-23,8.342979431152344
2005-11-25,8.36594009399414
2005-11-28,8.335323333740234
2005-11-29,8.335323333740234
2005-11-30,8.30853271484375
2005-12-01,8.434831619262695
2005-12-02,8.427173614501953
2005-12-05,8.385076522827148
2005-12-06,8.39655590057373
2005-12-07,8.381248474121094
2005-12-08,8.320016860961914
2005-12-09,8.35063362121582
2005-12-12,8.373598098754883
2005-12-13,8.346805572509766
2005-12-14,8.35828971862793
2005-12-15,8.323840141296387
2005-12-16,8.311517715454102
2005-12-19,8.211323738098145
2005-12-20,8.180499076843262
2005-12-21,8.188206672668457
2005-12-22,8.226741790771484
2005-12-23,8.242155075073242
2005-12-27,8.172794342041016
2005-12-28,8.153526306152344
2005-12-29,8.107290267944336
2005-12-30,8.0533447265625
2006-01-03,8.211323738098145
2006-01-04,8.307659149169922
2006-01-05,8.346192359924316
2006-01-06,8.477202415466309
2006-01-09,8.504176139831543
2006-01-10,8.496469497680664
2006-01-11,8.577391624450684
2006-01-12,8.531144142150879
2006-01-13,8.527294158935547
2006-01-17,8.442524909973145
2006-01-18,8.342340469360352
2006-01-19,8.415553092956543
2006-01-20,8.195915222167969
2006-01-23,8.165084838867188
2006-01-24,8.192060470581055
2006-01-25,8.219036102294922
2006-01-26,8.272979736328125
2006-01-27,8.365456581115723
2006-01-30,8.392431259155273
2006-01-31,8.32307243347168
2006-02-01,8.373160362243652
2006-02-02,8.257567405700684
2006-02-03,8.1997652053833
2006-02-06,8.176647186279297
2006-02-07,8.153526306152344
2006-02-08,8.311517715454102
2006-02-09,8.272979736328125
2006-02-10,8.33848762512207
2006-02-13,8.261421203613281
2006-02-14,8.373160362243652
2006-02-15,8.419404983520508
2006-02-16,8.496469497680664
2006-02-17,8.450235366821289
2006-02-21,8.35775375366211
2006-02-22,8.400136947631836
2006-02-23,8.35775375366211
2006-02-24,8.36160659790039
2006-02-27,8.438669204711914
2006-02-28,8.342340469360352
2006-03-01,8.508028984069824
2006-03-02,8.527294158935547
2006-03-03,8.477202415466309
2006-03-06,8.442524909973145
2006-03-07,8.38857650756836
2006-03-08,8.380868911743164
2006-03-09,8.330780029296875
2006-03-10,8.369311332702637
2006-03-13,8.400136947631836
2006-03-14,8.496469497680664
2006-03-15,8.546566009521484
2006-03-16,8.492615699768066
2006-03-17,8.519590377807617
2006-03-20,8.534998893737793
2006-03-21,8.500323295593262
2006-03-22,8.504176139831543
2006-03-23,8.484908103942871
2006-03-24,8.511882781982422
2006-03-27,8.523442268371582
2006-03-28,8.42711067199707
2006-03-29,8.554272651672363
2006-03-30,8.581242561340332
2006-03-31,8.531144142150879
2006-04-03,8.581242561340332
2006-04-04,8.612067222595215
2006-04-05,8.685279846191406
2006-04-06,8.67757511138916
2006-04-07,8.577391624450684
2006-04-10,8.56583023071289
2006-04-11,8.488762855529785
2006-04-12,8.504176139831543
2006-04-13,8.515732765197754
2006-04-17,8.423254013061523
2006-04-18,8.592803001403809
2006-04-19,8.585097312927246
2006-04-20,8.592803001403809
2006-04-21,8.500323295593262
2006-04-24,8.488762855529785
2006-04-25,8.484908103942871
2006-04-26,8.515732765197754
2006-04-27,8.600506782531738
2006-04-28,8.419404983520508
2006-05-01,8.350045204162598
2006-05-02,8.38857650756836
2006-05-03,8.369311332702637
2006-05-04,8.400136947631836
2006-05-05,8.44637680053711
2006-05-08,8.45793628692627
2006-05-09,8.423254013061523
2006-05-10,8.33462905883789
2006-05-11,8.161236763000488
2006-05-12,8.084173202514648
2006-05-15,8.091877937316895
2006-05-16,8.014814376831055
2006-05-17,7.906923294067383
2006-05-18,7.879942417144775
2006-05-19,7.937743663787842
2006-05-22,7.868386745452881
2006-05-23,7.8105902671813965
2006-05-24,7.887650012969971
2006-05-25,7.9608635902404785
2006-05-26,7.999396800994873
2006-05-30,7.841416358947754
2006-05-31,7.872241497039795
2006-06-01,8.00710678100586
2006-06-02,7.980131149291992
2006-06-05,7.860679626464844
2006-06-06,7.860679626464844
2006-06-07,7.752790927886963
2006-06-08,7.714254856109619
2006-06-09,7.683433532714844
2006-06-12,7.540856838226318
2006-06-13,7.5485615730285645
2006-06-14,7.598658084869385
2006-06-15,7.791319847106934
2006-06-16,7.779760837554932
2006-06-19,7.745080947875977
2006-06-20,7.733520030975342
2006-06-21,7.833704471588135
2006-06-22,7.741225719451904
2006-06-23,7.718107223510742
2006-06-26,7.733520030975342
2006-06-27,7.629482269287109
2006-06-28,7.679576396942139
2006-06-29,7.8760905265808105
2006-06-30,7.833704471588135
2006-07-03,7.891505718231201
2006-07-05,7.768200874328613
2006-07-06,7.77590799331665
2006-07-07,7.6988420486450195
2006-07-10,7.6102190017700195
2006-07-11,7.641043186187744
2006-07-12,7.502324104309082
2006-07-13,7.37902307510376
2006-07-14,7.3597540855407715
2006-07-17,7.38287353515625
2006-07-18,7.398289203643799
2006-07-19,7.506179332733154
2006-07-20,7.398289203643799
2006-07-21,7.321220874786377
2006-07-24,7.4329657554626465
2006-07-25,7.513884544372559
2006-07-26,7.533154487609863
2006-07-27,7.510030746459961
2006-07-28,7.641043186187744
2006-07-31,7.629482269287109
2006-08-01,7.521589756011963
2006-08-02,7.61406946182251
2006-08-03,7.6371917724609375
2006-08-04,7.61406946182251
2006-08-07,7.587094306945801
2006-08-08,7.560126781463623
2006-08-09,7.606363296508789
2006-08-10,7.6371917724609375
2006-08-11,7.5948052406311035
2006-08-14,7.660306930541992
2006-08-15,7.837559223175049
2006-08-16,7.9608635902404785
2006-08-17,7.995543479919434
2006-08-18,8.026371955871582
2006-08-21,7.972427845001221
2006-08-22,7.9762773513793945
2006-08-23,7.937743663787842
2006-08-24,7.968574047088623
2006-08-25,7.991689682006836
2006-08-28,8.06490421295166
2006-08-29,8.138116836547852
2006-08-30,8.195915222167969
2006-08-31,8.165084838867188
2006-09-01,8.1997652053833
2006-09-05,8.242155075073242
2006-09-06,8.107290267944336
2006-09-07,8.061055183410645
2006-09-08,8.126558303833008
2006-09-11,8.195915222167969
2006-09-12,8.33848762512207
2006-09-13,8.33848762512207
2006-09-14,8.35775375366211
2006-09-15,8.37860107421875
2006-09-18,8.374741554260254
2006-09-19,8.336129188537598
2006-09-20,8.471267700195312
2006-09-21,8.390183448791504
2006-09-22,8.339988708496094
2006-09-25,8.490571975708008
2006-09-26,8.54462718963623
2006-09-27,8.478994369506836
2006-09-28,8.521463394165039
2006-09-29,8.49443244934082
2006-10-02,8.432659149169922
2006-10-03,8.478994369506836
2006-10-04,8.610267639160156
2006-10-05,8.60640811920166
2006-10-06,8.610267639160156
2006-10-09,8.63343334197998
2006-10-10,8.641153335571289
2006-10-11,8.637296676635742
2006-10-12,8.764711380004883
2006-10-13,8.807184219360352
2006-10-16,8.803322792053223
2006-10-17,8.729959487915039
2006-10-18,8.706792831420898
2006-10-19,8.733823776245117
2006-10-20,8.787880897521973
2006-10-23,8.841935157775879
2006-10-24,8.780160903930664
2006-10-25,8.857378005981445
2006-10-26,8.903714179992676
2006-10-27,8.787880897521973
2006-10-30,8.818769454956055
2006-10-31,8.830352783203125
2006-11-01,8.791739463806152
2006-11-02,8.737682342529297
2006-11-03,8.737682342529297
2006-11-06,8.841935157775879
2006-11-07,8.888267517089844
2006-11-08,8.895990371704102
2006-11-09,8.892127990722656
2006-11-10,8.915295600891113
2006-11-13,8.992521286010742
2006-11-14,9.058159828186035
2006-11-15,9.077462196350098
2006-11-16,9.112213134765625
2006-11-17,9.127650260925293
2006-11-20,9.127650260925293
2006-11-21,9.123795509338379
2006-11-22,9.1932954788208
2006-11-24,9.17398738861084
2006-11-27,8.957763671875
2006-11-28,9.00409984588623
2006-11-29,9.062016487121582
2006-11-30,9.08132266998291
2006-12-01,9.00409984588623
2006-12-04,9.119937896728516
2006-12-05,9.123795509338379
2006-12-06,9.065881729125977
2006-12-07,9.031129837036133
2006-12-08,9.031129837036133
2006-12-11,9.085182189941406
2006-12-12,9.054298400878906
2006-12-13,9.06973934173584
2006-12-14,9.146964073181152
2006-12-15,9.148903846740723
2006-12-18,9.113950729370117
2006-12-19,9.055704116821289
2006-12-20,9.059587478637695
2006-12-21,9.016873359680176
2006-12-22,8.946974754333496
2006-12-26,8.997457504272461
2006-12-27,9.06347370147705
2006-12-28,9.059587478637695
2006-12-29,9.03240966796875
2007-01-03,9.059587478637695
2007-01-04,9.199389457702637
2007-01-05,9.125606536865234
2007-01-08,9.152790069580078
2007-01-09,9.164438247680664
2007-01-10,9.211036682128906
2007-01-11,9.304232597351074
2007-01-12,9.327531814575195
2007-01-16,9.30811595916748
2007-01-17,9.187739372253418
2007-01-18,9.082889556884766
2007-01-19,9.07900333404541
2007-01-22,9.012990951538086
2007-01-23,9.012990951538086
2007-01-24,9.176085472106934
2007-01-25,9.06347370147705
2007-01-26,9.067358016967773
2007-01-29,9.106189727783203
2007-01-30,9.160552978515625
2007-01-31,9.214923858642578
2007-02-01,9.176085472106934
2007-02-02,9.222687721252441
2007-02-05,9.199389457702637
2007-02-06,9.187739372253418
2007-02-07,9.230452537536621
2007-02-08,9.242100715637207
2007-02-09,9.141140937805176
2007-02-12,9.102303504943848
2007-02-13,9.137251853942871
2007-02-14,9.265401840209961
2007-02-15,9.3003511428833
2007-02-16,9.280929565429688
2007-02-20,9.284815788269043
2007-02-21,9.26928424835205
2007-02-22,9.319768905639648
2007-02-23,9.311997413635254
2007-02-26,9.288700103759766
2007-02-27,8.931440353393555
2007-02-28,8.966391563415527
2007-03-01,8.958624839782715
2007-03-02,8.791644096374512
2007-03-05,8.811062812805176
2007-03-06,8.946974754333496
2007-03-07,8.83436107635498
2007-03-08,8.908143043518066
2007-03-09,8.931440353393555
2007-03-12,8.985808372497559
2007-03-13,8.842127799987793
2007-03-14,8.923675537109375
2007-03-15,8.927560806274414
2007-03-16,8.912029266357422
2007-03-19,8.970276832580566
2007-03-20,9.028523445129395
2007-03-21,9.211036682128906
2007-03-22,9.176085472106934
2007-03-23,9.152790069580078
2007-03-26,9.164438247680664
2007-03-27,9.168317794799805
2007-03-28,9.06347370147705
2007-03-29,9.07512378692627
2007-03-30,9.055704116821289
2007-04-02,9.102303504943848
2007-04-03,9.176085472106934
2007-04-04,9.230452537536621
2007-04-05,9.265401840209961
2007-04-09,9.265401840209961
2007-04-10,9.257631301879883
2007-04-11,9.172204971313477
2007-04-12,9.26928424835205
2007-04-13,9.277050971984863
2007-04-16,9.354715347290039
2007-04-17,9.37413215637207
2007-04-18,9.350834846496582
2007-04-19,9.354715347290039
2007-04-20,9.40908432006836
2007-04-23,9.389662742614746
2007-04-24,9.440147399902344
2007-04-25,9.51004695892334
2007-04-26,9.564414024353027
2007-04-27,9.55663776397705
2007-04-30,9.48286247253418
2007-05-01,9.529461860656738
2007-05-02,9.579943656921387
2007-05-03,9.673142433166504
2007-05-04,9.71197509765625
2007-05-07,9.700325965881348
2007-05-08,9.739156723022461
2007-05-09,9.727508544921875
2007-05-10,9.677026748657227
2007-05-11,9.781872749328613
2007-05-14,9.735274314880371
2007-05-15,9.719736099243164
2007-05-16,9.805166244506836
2007-05-17,9.77799129486084
2007-05-18,9.828472137451172
2007-05-21,9.871183395385742
2007-05-22,9.859537124633789
2007-05-23,9.824586868286133
2007-05-24,9.700325965881348
2007-05-25,9.781872749328613
2007-05-29,9.840121269226074
2007-05-30,9.913901329040527
2007-05-31,9.96049976348877
2007-06-01,9.96049976348877
2007-06-04,9.995452880859375
2007-06-05,9.96049976348877
2007-06-06,9.844006538391113
2007-06-07,9.704205513000488
2007-06-08,9.840121269226074
2007-06-11,9.859537124633789
2007-06-12,9.743041038513184
2007-06-13,9.867301940917969
2007-06-14,9.96049976348877
2007-06-15,10.018013954162598
2007-06-18,10.045215606689453
2007-06-19,10.041326522827148
2007-06-20,9.983037948608398
2007-06-21,10.033557891845703
2007-06-22,9.92086410522461
2007-06-25,9.885890007019043
2007-06-26,9.85091781616211
2007-06-27,9.948063850402832
2007-06-28,9.983037948608398
2007-06-29,9.948063850402832
2007-07-02,10.033557891845703
2007-07-03,10.103501319885254
2007-07-05,10.142364501953125
2007-07-06,10.161792755126953
2007-07-09,10.22008228302002
2007-07-10,10.103501319885254
2007-07-11,10.161792755126953
2007-07-12,10.332772254943848
2007-07-13,10.356088638305664
2007-07-16,10.387181282043457
2007-07-17,10.422149658203125
2007-07-18,10.367746353149414
2007-07-19,10.453243255615234
2007-07-20,10.414381980895996
2007-07-23,10.429923057556152
2007-07-24,10.325000762939453
2007-07-25,10.336663246154785
2007-07-26,10.181222915649414
2007-07-27,9.963606834411621
2007-07-30,9.998583793640137
2007-07-31,9.928635597229004
2007-08-01,10.02578067779541
2007-08-02,10.045215606689453
2007-08-03,9.85091781616211
2007-08-06,10.006353378295898
2007-08-07,10.02578067779541
2007-08-08,10.181222915649414
2007-08-09,9.948063850402832
2007-08-10,9.808167457580566
2007-08-13,9.94417667388916
2007-08-14,9.742110252380371
2007-08-15,9.617761611938477
2007-08-16,9.555583953857422
2007-08-17,9.648844718933105
2007-08-20,9.683822631835938
2007-08-21,9.7149076461792
2007-08-22,9.84314250946045
2007-08-23,9.870349884033203
2007-08-24,10.010241508483887
2007-08-27,9.95583724975586
2007-08-28,9.777081489562988
2007-08-29,10.010241508483887
2007-08-30,10.052984237670898
2007-08-31,10.11904525756836
2007-09-04,10.27448558807373
2007-09-05,10.165684700012207
2007-09-06,10.216197967529297
2007-09-07,10.006353378295898
2007-09-10,9.986929893493652
2007-09-11,10.130707740783691
2007-09-12,10.103501319885254
2007-09-13,10.103501319885254
2007-09-14,10.052984237670898
2007-09-17,10.049098014831543
2007-09-18,10.247285842895508
2007-09-19,10.28614330291748
2007-09-20,10.325000762939453
2007-09-21,10.404045104980469
2007-09-24,10.376787185668945
2007-09-25,10.481921195983887
2007-09-26,10.548110961914062
2007-09-27,10.540328025817871
2007-09-28,10.50139331817627
2007-10-01,10.614307403564453
2007-10-02,10.653242111206055
2007-10-03,10.528648376464844
2007-10-04,10.555903434753418
2007-10-05,10.668821334838867
2007-10-08,10.688285827636719
2007-10-09,10.766161918640137
2007-10-10,10.801206588745117
2007-10-11,10.684396743774414
2007-10-12,10.789527893066406
2007-10-15,10.711650848388672
2007-10-16,10.711650848388672
2007-10-17,10.801206588745117
2007-10-18,10.828462600708008
2007-10-19,10.571475982666016
2007-10-22,10.637670516967773
2007-10-23,10.754484176635742
2007-10-24,10.645458221435547
2007-10-25,10.735013008117676
2007-10-26,10.879083633422852
2007-10-29,10.910229682922363
2007-10-30,10.92970085144043
2007-10-31,11.05819320678711
2007-11-01,10.93748664855957
2007-11-02,10.960847854614258
2007-11-05,10.945272445678711
2007-11-06,11.003682136535645
2007-11-07,10.70776081085205
2007-11-08,10.326171875
2007-11-09,10.112016677856445
2007-11-12,9.948479652404785
2007-11-13,10.287233352661133
2007-11-14,10.228827476501465
2007-11-15,10.104229927062988
2007-11-16,10.24830150604248
2007-11-19,10.045823097229004
2007-11-20,10.131482124328613
2007-11-21,9.940690994262695
2007-11-23,10.03803825378418
2007-11-26,9.827771186828613
2007-11-27,9.936797142028809
2007-11-28,10.228827476501465
2007-11-29,10.279444694519043
2007-11-30,10.224931716918945
2007-12-03,10.162638664245605
2007-12-04,10.123698234558105
2007-12-05,10.357320785522461
2007-12-06,10.46245288848877
2007-12-07,10.474133491516113
2007-12-10,10.52475357055664
2007-12-11,10.361217498779297
2007-12-12,10.540328025817871
2007-12-13,10.485814094543457
2007-12-14,10.419624328613281
2007-12-17,10.22104263305664
2007-12-18,10.22104263305664
2007-12-19,10.287233352661133
2007-12-20,10.435196876525879
2007-12-21,10.569365501403809
2007-12-24,10.647602081298828
2007-12-26,10.70627498626709
2007-12-27,10.557631492614746
2007-12-28,10.50678539276123
2007-12-31,10.428544998168945
2008-01-02,10.217317581176758
2008-01-03,10.23295783996582
2008-01-04,9.833967208862305
2008-01-07,9.747913360595703
2008-01-08,9.48974609375
2008-01-09,9.622739791870117
2008-01-10,9.638389587402344
2008-01-11,9.49756908416748
2008-01-14,9.68923568725586
2008-01-15,9.485836029052734
2008-01-16,9.278514862060547
2008-01-17,9.196364402770996
2008-01-18,9.035990715026855
2008-01-22,8.86778736114502
2008-01-23,8.94601821899414
2008-01-24,9.075103759765625
2008-01-25,8.934283256530762
2008-01-28,8.973401069641113
2008-01-29,9.051633834838867
2008-01-30,8.981220245361328
2008-01-31,9.094664573669434
2008-02-01,9.251130104064941
2008-02-04,9.05945873260498
2008-02-05,8.832578659057617
2008-02-06,8.734786033630371
2008-02-07,8.789551734924316
2008-02-08,8.723050117492676
2008-02-11,8.875606536865234
2008-02-12,8.895169258117676
2008-02-13,9.098573684692383
2008-02-14,8.918634414672852
2008-02-15,8.88734245300293
2008-02-19,8.805198669433594
2008-02-20,8.820844650268555
2008-02-21,8.805198669433594
2008-02-22,8.79737663269043
2008-02-25,8.848224639892578
2008-02-26,8.949931144714355
2008-02-27,8.957752227783203
2008-02-28,8.844318389892578
2008-02-29,8.66437816619873
2008-03-03,8.660467147827148
2008-03-04,8.672201156616211
2008-03-05,8.734786033630371
2008-03-06,8.613525390625
2008-03-07,8.613525390625
2008-03-10,8.519643783569336
2008-03-11,8.820844650268555
2008-03-12,8.730874061584473
2008-03-13,8.695669174194336
2008-03-14,8.586140632629395
2008-03-17,8.547027587890625
2008-03-18,8.930367469787598
2008-03-19,8.66437816619873
2008-03-20,8.760631561279297
2008-03-24,9.069735527038574
2008-03-25,9.077564239501953
2008-03-26,8.9014892578125
2008-03-27,8.831058502197266
2008-03-28,8.776281356811523
2008-03-31,8.764543533325195
2008-04-01,9.018869400024414
2008-04-02,9.128427505493164
2008-04-03,9.124518394470215
2008-04-04,9.093213081359863
2008-04-07,9.101041793823242
2008-04-08,9.046258926391602
2008-04-09,9.00713062286377
2008-04-10,9.081476211547852
2008-04-11,8.838886260986328
2008-04-14,8.803669929504395
2008-04-15,8.803669929504395
2008-04-16,9.163643836975098
2008-04-17,9.1597318649292
2008-04-18,9.32015323638916
2008-04-21,9.378843307495117
2008-04-22,9.331892013549805
2008-04-23,9.390579223632812
2008-04-24,9.504053115844727
2008-04-25,9.390579223632812
2008-04-28,9.390579223632812
2008-04-29,9.480575561523438
2008-04-30,9.312325477600098
2008-05-01,9.703600883483887
2008-05-02,9.699687004089355
2008-05-05,9.656648635864258
2008-05-06,9.77403450012207
2008-05-07,9.6018705368042
2008-05-08,9.617522239685059
2008-05-09,9.586221694946289
2008-05-12,9.74272632598877
2008-05-13,9.74272632598877
2008-05-14,9.762293815612793
2008-05-15,9.950103759765625
2008-05-16,9.926626205444336
2008-05-19,9.977496147155762
2008-05-20,9.820987701416016
2008-05-21,9.562742233276367
2008-05-22,9.5979585647583
2008-05-23,9.578392028808594
2008-05-27,9.734905242919922
2008-05-28,9.789679527282715
2008-05-29,9.860108375549316
2008-05-30,9.918803215026855
2008-06-02,9.77794361114502
2008-06-03,9.723164558410645
2008-06-04,9.74272632598877
2008-06-05,9.942278861999512
2008-06-06,9.672298431396484
2008-06-09,9.652735710144043
2008-06-10,9.609698295593262
2008-06-11,9.363191604614258
2008-06-12,9.468840599060059
2008-06-13,9.570570945739746
2008-06-16,9.594047546386719
2008-06-17,9.554917335510254
2008-06-18,9.453186988830566
2008-06-19,9.488402366638184
2008-06-20,9.319279670715332
2008-06-23,9.232952117919922
2008-06-24,9.221182823181152
2008-06-25,9.299659729003906
2008-06-26,9.123085021972656
2008-06-27,9.001448631286621
2008-06-30,8.989672660827637
2008-07-01,8.926891326904297
2008-07-02,8.809174537658691
2008-07-03,8.769933700561523
2008-07-07,8.868030548095703
2008-07-08,8.958277702331543
2008-07-09,8.691454887390137
2008-07-10,8.801323890686035
2008-07-11,8.718921661376953
2008-07-14,8.652215957641602
2008-07-15,8.632596969604492
2008-07-16,8.758164405822754
2008-07-17,8.848416328430176
2008-07-18,8.946508407592773
2008-07-21,8.769933700561523
2008-07-22,8.722846984863281
2008-07-23,8.879800796508789
2008-07-24,8.652215957641602
2008-07-25,8.773858070373535
2008-07-28,8.589428901672363
2008-07-29,8.762086868286133
2008-07-30,8.820947647094727
2008-07-31,8.769933700561523
2008-08-01,8.671834945678711
2008-08-04,8.71500015258789
2008-08-05,8.879800796508789
2008-08-06,9.005369186401367
2008-08-07,8.989672660827637
2008-08-08,9.162325859069824
2008-08-11,9.221182823181152
2008-08-12,9.240799903869629
2008-08-13,9.205486297607422
2008-08-14,9.276115417480469
2008-08-15,9.311429977416992
2008-08-18,9.193711280822754
2008-08-19,9.03283405303955
2008-08-20,9.05245590209961
2008-08-21,9.017138481140137
2008-08-22,9.142704010009766
2008-08-25,9.024989128112793
2008-08-26,8.989672660827637
2008-08-27,9.07600212097168
2008-08-28,9.13093376159668
2008-08-29,8.926891326904297
2008-09-02,8.875880241394043
2008-09-03,8.758164405822754
2008-09-04,8.44425106048584
2008-09-05,8.44425106048584
2008-09-08,8.546273231506348
2008-09-09,8.397165298461914
2008-09-10,8.357924461364746
2008-09-11,8.495258331298828
2008-09-12,8.53449821472168
2008-09-15,8.122488021850586
2008-09-16,8.275518417358398
2008-09-17,7.816422939300537
2008-09-18,8.149953842163086
2008-09-19,8.2094087600708
2008-09-22,7.996795177459717
2008-09-23,7.992854118347168
2008-09-24,8.012542724609375
2008-09-25,8.150350570678711
2008-09-26,8.18972110748291
2008-09-29,7.480996608734131
2008-09-30,7.815670490264893
2008-10-01,7.744799613952637
2008-10-02,7.441625118255615
2008-10-03,7.3353190422058105
2008-10-06,6.9297661781311035
2008-10-07,6.57540225982666
2008-10-08,6.5163445472717285
2008-10-09,6.2997870445251465
2008-10-10,6.2604146003723145
2008-10-13,6.992764949798584
2008-10-14,6.756522178649902
2008-10-15,6.24860143661499
2008-10-16,6.57540225982666
2008-10-17,6.512405872344971
2008-10-20,6.772273540496826
2008-10-21,6.417909145355225
2008-10-22,6.083232402801514
2008-10-23,6.221041202545166
2008-10-24,5.929675579071045
2008-10-27,5.807615280151367
2008-10-28,6.614776611328125
2008-10-29,6.358848571777344
2008-10-30,6.595089435577393
2008-10-31,6.555715560913086
2008-11-03,6.555715560913086
2008-11-04,6.831331729888916
2008-11-05,6.417909145355225
2008-11-06,6.0635457038879395
2008-11-07,6.236788272857666
2008-11-10,6.169853210449219
2008-11-11,6.035982608795166
2008-11-12,5.7524943351745605
2008-11-13,6.1107940673828125
2008-11-14,5.831240653991699
2008-11-17,5.665869235992432
2008-11-18,5.744617462158203
2008-11-19,5.425692558288574
2008-11-20,5.193387985229492
2008-11-21,5.469003677368164
2008-11-24,5.7367424964904785
2008-11-25,5.815492630004883
2008-11-26,5.996609210968018
2008-11-28,6.004485130310059
2008-12-01,5.571373462677002
2008-12-02,5.768241882324219
2008-12-03,5.93361234664917
2008-12-04,5.693431854248047
2008-12-05,5.917860984802246
2008-12-08,6.19347620010376
2008-12-09,6.154106140136719
2008-12-10,6.102920055389404
2008-12-11,5.972986221313477
2008-12-12,6.04386043548584
2008-12-15,5.976921558380127
2008-12-16,6.287973880767822
2008-12-17,6.16591739654541
2008-12-18,5.992673873901367
2008-12-19,6.044527530670166
2008-12-22,5.961402416229248
2008-12-23,5.8782734870910645
2008-12-24,5.917855739593506
2008-12-26,5.909939765930176
2008-12-29,5.913899898529053
2008-12-30,6.024735927581787
2008-12-31,6.099946022033691
2009-01-02,6.329535961151123
2009-01-05,6.309741973876953
2009-01-06,6.456203460693359
2009-01-07,6.250366687774658
2009-01-08,6.293909072875977
2009-01-09,6.155364513397217
2009-01-12,6.044527530670166
2009-01-13,6.016818046569824
2009-01-14,5.8347320556640625
2009-01-15,5.8743157386779785
2009-01-16,5.913899898529053
2009-01-20,5.672435760498047
2009-01-21,5.945568561553955
2009-01-22,5.810980319976807
2009-01-23,5.894107818603516
2009-01-26,5.965360164642334
2009-01-27,6.000985145568848
2009-01-28,6.171196460723877
2009-01-29,5.989110469818115
2009-01-30,5.810980319976807
2009-02-02,5.902022838592529
2009-02-03,6.020777225494385
2009-02-04,6.016818046569824
2009-02-05,6.111821174621582
2009-02-06,6.3216166496276855
2009-02-09,6.337452411651611
2009-02-10,6.080153465270996
2009-02-11,6.092030048370361
2009-02-12,6.119736194610596
2009-02-13,6.092030048370361
2009-02-17,5.83868932723999
2009-02-18,5.842648029327393
2009-02-19,5.700144290924072
2009-02-20,5.755561828613281
2009-02-23,5.490346431732178
2009-02-24,5.636812210083008
2009-02-25,5.688269138336182
2009-02-26,5.628891468048096
2009-02-27,5.589308738708496
2009-03-02,5.454720497131348
2009-03-03,5.403261184692383
2009-03-04,5.545764923095703
2009-03-05,5.375553131103516
2009-03-06,5.403261184692383
2009-03-09,5.233050346374512
2009-03-10,5.533891201019287
2009-03-11,5.656602382659912
2009-03-12,5.818896293640137
2009-03-13,5.818896293640137
2009-03-16,5.7674360275268555
2009-03-17,5.977234840393066
2009-03-18,6.060360908508301
2009-03-19,6.07619571685791
2009-03-20,5.98349666595459
2009-03-23,6.3375749588012695
2009-03-24,6.234135627746582
2009-03-25,6.269942283630371
2009-03-26,6.433056831359863
2009-03-27,6.293814182281494
2009-03-30,6.09887170791626
2009-03-31,6.214244842529297
2009-04-01,6.38929557800293
2009-04-02,6.556384563446045
2009-04-03,6.647889614105225
2009-04-06,6.580257415771484
2009-04-07,6.397251129150391
2009-04-08,6.492731094360352
2009-04-09,6.655847549438477
2009-04-13,6.655847549438477
2009-04-14,6.584235668182373
2009-04-15,6.56434440612793
2009-04-16,6.759286403656006
2009-04-17,6.747350692749023
2009-04-20,6.532515048980713
2009-04-21,6.643911361694336
2009-04-22,6.6757378578186035
2009-04-23,6.707565784454346
2009-04-24,6.803046703338623
2009-04-27,6.771218776702881
2009-04-28,6.767241477966309
2009-04-29,6.842832565307617
2009-04-30,6.862720966339111
2009-05-01,6.954225063323975
2009-05-04,7.081534385681152
2009-05-05,7.037772178649902
2009-05-06,7.07755708694458
2009-05-07,6.807023525238037
2009-05-08,6.799068450927734
2009-05-11,6.818959712982178
2009-05-12,6.783156394958496
2009-05-13,6.612085342407227
2009-05-14,6.6836957931518555
2009-05-15,6.6836957931518555
2009-05-18,6.866702079772949
2009-05-19,6.906486511230469
2009-05-20,6.834873199462891
2009-05-21,6.7155232429504395
2009-05-22,6.739391803741455
2009-05-26,6.91444206237793
2009-05-27,6.846808910369873
2009-05-28,6.946268081665039
2009-05-29,7.0218586921691895
2009-06-01,7.220777988433838
2009-06-02,7.204864025115967
2009-06-03,7.1252970695495605
2009-06-04,7.224754333496094
2009-06-05,7.296366214752197
2009-06-08,7.252605438232422
2009-06-09,7.284432411193848
2009-06-10,7.304326057434082
2009-06-11,7.332172870635986
2009-06-12,7.312280654907227
2009-06-15,7.236690998077393
2009-06-16,7.145188808441162
2009-06-17,7.18497371673584
2009-06-18,7.153147220611572
2009-06-19,7.241464138031006
2009-06-22,7.061628341674805
2009-06-23,7.065626621246338
2009-06-24,7.165536880493164
2009-06-25,7.269439220428467
2009-06-26,7.257449150085449
2009-06-29,7.333383083343506
2009-06-30,7.277431488037109
2009-07-01,7.309405326843262
2009-07-02,7.125570774078369
2009-07-06,7.105589866638184
2009-07-07,6.929747104644775
2009-07-08,6.933743000030518
2009-07-09,6.977701187133789
2009-07-10,7.005677700042725
2009-07-13,7.137558460235596
2009-07-14,7.145549297332764
2009-07-15,7.413311958312988
2009-07-16,7.521211624145508
2009-07-17,7.593149185180664
2009-07-20,7.6610870361328125
2009-07-21,7.705044746398926
2009-07-22,7.749002456665039
2009-07-23,7.900874137878418
2009-07-24,7.852914333343506
2009-07-27,7.852914333343506
2009-07-28,7.868900299072266
2009-07-29,7.860906600952148
2009-07-30,7.900874137878418
2009-07-31,7.872893333435059
2009-08-03,7.980795383453369
2009-08-04,7.956817626953125
2009-08-05,7.88488245010376
2009-08-06,7.82893705368042
2009-08-07,7.90886116027832
2009-08-10,7.872893333435059
2009-08-11,7.760997772216797
2009-08-12,7.916853904724121
2009-08-13,7.952821731567383
2009-08-14,7.876893043518066
2009-08-17,7.689061641693115
2009-08-18,7.80496072769165
2009-08-19,7.824944019317627
2009-08-20,7.912855625152588
2009-08-21,8.028755187988281
2009-08-24,8.004778861999512
2009-08-25,8.024757385253906
2009-08-26,8.060728073120117
2009-08-27,8.076712608337402
2009-08-28,8.104684829711914
2009-08-31,8.000782012939453
2009-09-01,7.836930274963379
2009-09-02,7.852914333343506
2009-09-03,7.888884544372559
2009-09-04,8.028755187988281
2009-09-08,8.088704109191895
2009-09-09,8.148648262023926
2009-09-10,8.260544776916504
2009-09-11,8.268537521362305
2009-09-14,8.240567207336426
2009-09-15,8.296512603759766
2009-09-16,8.360457420349121
2009-09-17,8.328483581542969
2009-09-18,8.379423141479492
2009-09-21,8.34332275390625
2009-09-22,8.387449264526367
2009-09-23,8.387449264526367
2009-09-24,8.307223320007324
2009-09-25,8.255081176757812
2009-09-28,8.391464233398438
2009-09-29,8.347334861755371
2009-09-30,8.371406555175781
2009-10-01,8.122709274291992
2009-10-02,8.122709274291992
2009-10-05,8.190897941589355
2009-10-06,8.339313507080078
2009-10-07,8.323266983032227
2009-10-08,8.375414848327637
2009-10-09,8.431571960449219
2009-10-12,8.435585975646973
2009-10-13,8.467674255371094
2009-10-14,8.567952156066895
2009-10-15,8.551911354064941
2009-10-16,8.471685409545898
2009-10-19,8.563946723937988
2009-10-20,8.53586483001709
2009-10-21,8.539875984191895
2009-10-22,8.579989433288574
2009-10-23,8.555919647216797
2009-10-26,8.499763488769531
2009-10-27,8.455644607543945
2009-10-28,8.331293106079102
2009-10-29,8.491739273071289
2009-10-30,8.267111778259277
2009-11-02,8.315248489379883
2009-11-03,8.283159255981445
2009-11-04,8.331293106079102
2009-11-05,8.511795997619629
2009-11-06,8.523836135864258
2009-11-09,8.720386505126953
2009-11-10,8.716370582580566
2009-11-11,8.768513679504395
2009-11-12,8.704339027404785
2009-11-13,8.78455924987793
2009-11-16,8.880826950073242
2009-11-17,8.920941352844238
2009-11-18,8.87280559539795
2009-11-19,8.7444486618042
2009-11-20,8.700326919555664
2009-11-23,8.85274887084961
2009-11-24,8.83670425415039
2009-11-25,8.85274887084961
2009-11-27,8.708345413208008
2009-11-30,8.72439193725586
2009-12-01,8.864784240722656
2009-12-02,8.85274887084961
2009-12-03,8.856762886047363
2009-12-04,8.912915229797363
2009-12-07,8.896872520446777
2009-12-08,8.816650390625
2009-12-09,8.900886535644531
2009-12-10,8.940997123718262
2009-12-11,8.920941352844238
2009-12-14,8.993143081665039
2009-12-15,8.93698787689209
2009-12-16,8.96506404876709
2009-12-17,8.856762886047363
2009-12-18,8.989206314086914
2009-12-21,9.069722175598145
2009-12-22,9.142180442810059
2009-12-23,9.178406715393066
2009-12-24,9.262951850891113
2009-12-28,9.291125297546387
2009-12-29,9.279047966003418
2009-12-30,9.311258316040039
2009-12-31,9.230741500854492
2010-01-04,9.367607116699219
2010-01-05,9.355534553527832
2010-01-06,9.250865936279297
2010-01-07,9.214640617370605
2010-01-08,9.275022506713867
2010-01-11,9.238791465759277
2010-01-12,9.138153076171875
2010-01-13,9.22671890258789
2010-01-14,9.250865936279297
2010-01-15,9.122048377990723
2010-01-19,9.279047966003418
2010-01-20,9.130105972290039
2010-01-21,9.033489227294922
2010-01-22,8.719491004943848
2010-01-25,8.791954040527344
2010-01-26,8.767794609069824
2010-01-27,8.840252876281738
2010-01-28,8.586642265319824
2010-01-29,8.43769359588623
2010-02-01,8.534308433532715
2010-02-02,8.61884880065918
2010-02-03,8.6389741897583
2010-02-04,8.397439956665039
2010-02-05,8.481975555419922
2010-02-08,8.445746421813965
2010-02-09,8.518209457397461
2010-02-10,8.494054794311523
2010-02-11,8.582621574401855
2010-02-12,8.598715782165527
2010-02-16,8.72754192352295
2010-02-17,8.751697540283203
2010-02-18,8.808049201965332
2010-02-19,8.783894538879395
2010-02-22,8.767794609069824
2010-02-23,8.659104347229004
2010-02-24,8.743640899658203
2010-02-25,8.719491004943848
2010-02-26,8.731566429138184
2010-03-01,8.844282150268555
2010-03-02,8.832205772399902
2010-03-03,8.83623218536377
2010-03-04,8.87246036529541
2010-03-05,8.981154441833496
2010-03-08,9.029460906982422
2010-03-09,9.069722175598145
2010-03-10,9.130105972290039
2010-03-11,9.166329383850098
2010-03-12,9.158282279968262
2010-03-15,9.150230407714844
2010-03-16,9.218666076660156
2010-03-17,9.246842384338379
2010-03-18,9.258920669555664
2010-03-19,9.203598022460938
2010-03-22,9.272250175476074
2010-03-23,9.361091613769531
2010-03-24,9.316671371459961
2010-03-25,9.3328218460083
2010-03-26,9.288400650024414
2010-03-29,9.316671371459961
2010-03-30,9.357056617736816
2010-03-31,9.328789710998535
2010-04-01,9.312633514404297
2010-04-05,9.421670913696289
2010-04-06,9.429746627807617
2010-04-07,9.393404006958008
2010-04-08,9.409552574157715
2010-04-09,9.482244491577148
2010-04-12,9.502437591552734
2010-04-13,9.530706405639648
2010-04-14,9.668013572692871
2010-04-15,9.712432861328125
2010-04-16,9.583208084106445
2010-04-19,9.603399276733398
2010-04-20,9.655898094177246
2010-04-21,9.676091194152832
2010-04-22,9.700322151184082
2010-04-23,9.7245512008667
2010-04-26,9.712432861328125
2010-04-27,9.522629737854004
2010-04-28,9.550898551940918
2010-04-29,9.64782428741455
2010-04-30,9.445900917053223
2010-05-03,9.575126647949219
2010-05-04,9.300517082214355
2010-05-05,9.260135650634766
2010-05-06,8.981478691101074
2010-05-07,8.783596992492676
2010-05-10,9.187439918518066
2010-05-11,9.126862525939941
2010-05-12,9.365133285522461
2010-05-13,9.227826118469238
2010-05-14,9.05013656616211
2010-05-17,9.094555854797363
2010-05-18,8.957249641418457
2010-05-19,8.888598442077637
2010-05-20,8.605904579162598
2010-05-21,8.67052173614502
2010-05-24,8.630136489868164
2010-05-25,8.605904579162598
2010-05-26,8.521100997924805
2010-05-27,8.811866760253906
2010-05-28,8.73917293548584
2010-06-01,8.654367446899414
2010-06-02,8.848214149475098
2010-06-03,8.937058448791504
2010-06-04,8.650331497192383
2010-06-07,8.525138854980469
2010-06-08,8.541287422180176
2010-06-09,8.496871948242188
2010-06-10,8.702823638916016
2010-06-11,8.779562950134277
2010-06-14,8.763405799865723
2010-06-15,8.993593215942383
2010-06-16,9.017827987670898
2010-06-17,9.05013656616211
2010-06-18,9.049727439880371
2010-06-21,8.984885215759277
2010-06-22,8.907878875732422
2010-06-23,8.891674995422363
2010-06-24,8.71335220336914
2010-06-25,8.705245971679688
2010-06-28,8.721458435058594
2010-06-29,8.397242546081543
2010-06-30,8.267555236816406
2010-07-01,8.23513126373291
2010-07-02,8.222973823547363
2010-07-06,8.304025650024414
2010-07-07,8.571504592895508
2010-07-08,8.624190330505371
2010-07-09,8.668769836425781
2010-07-12,8.709300994873047
2010-07-13,8.834930419921875
2010-07-14,8.887621879577637
2010-07-15,8.915989875793457
2010-07-16,8.660670280456543
2010-07-19,8.745771408081055
2010-07-20,8.802511215209961
2010-07-21,8.697145462036133
2010-07-22,8.932195663452148
2010-07-23,8.99299144744873
2010-07-26,9.049727439880371
2010-07-27,9.074044227600098
2010-07-28,9.00109577178955
2010-07-29,8.920039176940918
2010-07-30,8.883563995361328
2010-08-02,9.069989204406738
2010-08-03,9.02135944366455
2010-08-04,9.094305038452148
2010-08-05,9.053779602050781
2010-08-06,9.029468536376953
2010-08-09,9.090251922607422
2010-08-10,8.99704647064209
2010-08-11,8.782249450683594
2010-08-12,8.660670280456543
2010-08-13,8.620138168334961
2010-08-16,8.636350631713867
2010-08-17,8.729565620422363
2010-08-18,8.778196334838867
2010-08-19,8.672825813293457
2010-08-20,8.652562141418457
2010-08-23,8.575557708740234
2010-08-24,8.458033561706543
2010-08-25,8.510714530944824
2010-08-26,8.425610542297363
2010-08-27,8.526925086975098
2010-08-30,8.413451194763184
2010-08-31,8.385082244873047
2010-09-01,8.599875450134277
2010-09-02,8.67688274383545
2010-09-03,8.806565284729004
2010-09-07,8.733614921569824
2010-09-08,8.782249450683594
2010-09-09,8.806565284729004
2010-09-10,8.81061840057373
2010-09-13,8.968670845031738
2010-09-14,9.005146026611328
2010-09-15,9.061888694763184
2010-09-16,9.114577293395996
2010-09-17,9.163785934448242
2010-09-20,9.29801082611084
2010-09-21,9.28174114227295
2010-09-22,9.2370023727417
2010-09-23,9.224793434143066
2010-09-24,9.403759956359863
2010-09-27,9.407830238342285
2010-09-28,9.420029640197754
2010-09-29,9.39969253540039
2010-09-30,9.363088607788086
2010-10-01,9.367156028747559
2010-10-04,9.289874076843262
2010-10-05,9.472907066345215
2010-10-06,9.428165435791016
2010-10-07,9.428165435791016
2010-10-08,9.481043815612793
2010-10-11,9.497313499450684
2010-10-12,9.554254531860352
2010-10-13,9.63153076171875
2010-10-14,9.635601043701172
2010-10-15,9.798296928405762
2010-10-18,9.863373756408691
2010-10-19,9.688477516174316
2010-10-20,9.76982307434082
2010-10-21,9.777961730957031
2010-10-22,9.806431770324707
2010-10-25,9.834907531738281
2010-10-26,9.859306335449219
2010-10-27,9.887778282165527
2010-10-28,9.887778282165527
2010-10-29,9.90404987335205
2010-11-01,9.912182807922363
2010-11-02,10.009800910949707
2010-11-03,10.066742897033691
2010-11-04,10.21723747253418
2010-11-05,10.209100723266602
2010-11-08,10.21723747253418
2010-11-09,10.188765525817871
2010-11-10,10.1968994140625
2010-11-11,10.042340278625488
2010-11-12,9.899983406066895
2010-11-15,9.871509552001953
2010-11-16,9.692544937133789
2010-11-17,9.696613311767578
2010-11-18,9.859306335449219
2010-11-19,9.887778282165527
2010-11-22,9.944721221923828
2010-11-23,9.798296928405762
2010-11-24,9.9609956741333
2010-11-26,9.863373756408691
2010-11-29,9.838974952697754
2010-11-30,9.741353034973145
2010-12-01,9.948790550231934
2010-12-02,10.066742897033691
2010-12-03,10.09114933013916
2010-12-06,10.09114933013916
2010-12-07,10.103353500366211
2010-12-08,10.188765525817871
2010-12-09,10.1968994140625
2010-12-10,10.245708465576172
2010-12-13,10.225370407104492
2010-12-14,10.241641998291016
2010-12-15,10.200967788696289
2010-12-16,10.21723747253418
2010-12-17,10.237646102905273
2010-12-20,10.245809555053711
2010-12-21,10.307039260864258
2010-12-22,10.294795036315918
2010-12-23,10.2907133102417
2010-12-27,10.311121940612793
2010-12-28,10.298876762390137
2010-12-29,10.319287300109863
2010-12-30,10.294795036315918
2010-12-31,10.282548904418945
2011-01-03,10.396841049194336
2011-01-04,10.437664985656738
2011-01-05,10.498891830444336
2011-01-06,10.560124397277832
2011-01-07,10.511139869689941
2011-01-10,10.519305229187012
2011-01-11,10.502981185913086
2011-01-12,10.596861839294434
2011-01-13,10.58869743347168
2011-01-14,10.68257999420166
2011-01-18,10.694832801818848
2011-01-19,10.617274284362793
2011-01-20,10.560124397277832
2011-01-21,10.498891830444336
2011-01-24,10.64584732055664
2011-01-25,10.694832801818848
2011-01-26,10.756058692932129
2011-01-27,10.792797088623047
2011-01-28,10.543791770935059
2011-01-31,10.609106063842773
2011-02-01,10.788712501525879
2011-02-02,10.809125900268555
2011-02-03,10.82545280456543
2011-02-04,10.894845962524414
2011-02-07,10.947911262512207
2011-02-08,10.992813110351562
2011-02-09,10.972408294677734
2011-02-10,10.923419952392578
2011-02-11,10.980567932128906
2011-02-14,10.996895790100098
2011-02-15,10.956080436706543
2011-02-16,11.017308235168457
2011-02-17,11.037717819213867
2011-02-18,11.021391868591309
2011-02-22,10.751977920532227
2011-02-23,10.625435829162598
2011-02-24,10.662171363830566
2011-02-25,10.796878814697266
2011-02-28,10.84178352355957
2011-03-01,10.633596420288086
2011-03-02,10.698914527893066
2011-03-03,10.870352745056152
2011-03-04,10.78463077545166
2011-03-07,10.64584732055664
2011-03-08,10.735651016235352
2011-03-09,10.690752029418945
2011-03-10,10.490727424621582
2011-03-11,10.531551361083984
2011-03-14,10.482566833496094
2011-03-15,10.327451705932617
2011-03-16,10.07436752319336
2011-03-17,10.180493354797363
2011-03-18,10.198514938354492
2011-03-21,10.370539665222168
2011-03-22,10.354162216186523
2011-03-23,10.411500930786133
2011-03-24,10.575332641601562
2011-03-25,10.599905014038086
2011-03-28,10.575332641601562
2011-03-29,10.649056434631348
2011-03-30,10.694108963012695
2011-03-31,10.673629760742188
2011-04-01,10.65315055847168
2011-04-04,10.616293907165527
2011-04-05,10.599905014038086
2011-04-06,10.677729606628418
2011-04-07,10.681824684143066
2011-04-08,10.62038803100586
2011-04-11,10.604001998901367
2011-04-12,10.51799201965332
2011-04-13,10.583524703979492
2011-04-14,10.563044548034668
2011-04-15,10.542564392089844
2011-04-18,10.4483642578125
2011-04-19,10.477034568786621
2011-04-20,10.698203086853027
2011-04-21,10.792410850524902
2011-04-25,10.8006010055542
2011-04-26,10.890707969665527
2011-04-27,10.956239700317383
2011-04-28,10.960330963134766
2011-04-29,10.952144622802734
2011-05-02,10.911186218261719
2011-05-03,10.915278434753418
2011-05-04,10.882516860961914
2011-05-05,10.825176239013672
2011-05-06,10.845653533935547
2011-05-09,10.890707969665527
2011-05-10,10.989006042480469
2011-05-11,10.890707969665527
2011-05-12,10.97262191772461
2011-05-13,10.837464332580566
2011-05-16,10.681824684143066
2011-05-17,10.681824684143066
2011-05-18,10.7596435546875
2011-05-19,10.78012466430664
2011-05-20,10.718680381774902
2011-05-23,10.567142486572266
2011-05-24,10.534374237060547
2011-05-25,10.567142486572266
2011-05-26,10.636770248413086
2011-05-27,10.690014839172363
2011-05-31,10.837464332580566
2011-06-01,10.61219310760498
2011-06-02,10.62038803100586
2011-06-03,10.460649490356445
2011-06-06,10.382829666137695
2011-06-07,10.350065231323242
2011-06-08,10.280436515808105
2011-06-09,10.288626670837402
2011-06-10,10.14527416229248
2011-06-13,10.153468132019043
2011-06-14,10.280436515808105
2011-06-15,10.087932586669922
2011-06-16,10.063358306884766
2011-06-17,10.05431079864502
2011-06-20,10.091322898864746
2011-06-21,10.272256851196289
2011-06-22,10.1982421875
2011-06-23,10.268144607543945
2011-06-24,10.091322898864746
2011-06-27,10.227023124694824
2011-06-28,10.354504585266113
2011-06-29,10.436747550964355
2011-06-30,10.568336486816406
2011-07-01,10.741044998168945
2011-07-05,10.757495880126953
2011-07-06,10.806840896606445
2011-07-07,10.938432693481445
2011-07-08,10.88497543334961
2011-07-11,10.7040376663208
2011-07-12,10.609457015991211
2011-07-13,10.634127616882324
2011-07-14,10.543662071228027
2011-07-15,10.658803939819336
2011-07-18,10.621794700622559
2011-07-19,10.876752853393555
2011-07-20,10.843855857849121
2011-07-21,10.89319896697998
2011-07-22,10.98777961730957
2011-07-25,10.958995819091797
2011-07-26,11.008342742919922
2011-07-27,10.716376304626465
2011-07-28,10.69992733001709
2011-07-29,10.613572120666504
2011-08-01,10.605344772338867
2011-08-02,10.383286476135254
2011-08-03,10.490200996398926
2011-08-04,10.066648483276367
2011-08-05,10.004965782165527
2011-08-08,9.441594123840332
2011-08-09,9.873379707336426
2011-08-10,9.48682975769043
2011-08-11,9.848703384399414
2011-08-12,9.918611526489258
2011-08-15,10.095434188842773
2011-08-16,10.021414756774902
2011-08-17,9.976179122924805
2011-08-18,9.490943908691406
2011-08-19,9.26065731048584
2011-08-22,9.310002326965332
2011-08-23,9.651314735412598
2011-08-24,9.737671852111816
2011-08-25,9.597858428955078
2011-08-26,9.787017822265625
2011-08-29,10.033747673034668
2011-08-30,10.074872970581055
2011-08-31,10.050202369689941
2011-09-01,9.939168930053711
2011-09-02,9.713000297546387
2011-09-06,9.667760848999023
2011-09-07,9.918611526489258
2011-09-08,9.869264602661133
2011-09-09,9.659539222717285
2011-09-12,9.774686813354492
2011-09-13,9.889826774597168
2011-09-14,10.037860870361328
2011-09-15,10.1982421875
2011-09-16,10.311341285705566
2011-09-19,10.286574363708496
2011-09-20,10.261808395385742
2011-09-21,10.109076499938965
2011-09-22,9.79535961151123
2011-09-23,9.906811714172363
2011-09-26,10.030651092529297
2011-09-27,10.158611297607422
2011-09-28,10.014134407043457
2011-09-29,9.99349594116211
2011-09-30,9.74169921875
2011-10-03,9.522927284240723
2011-10-04,9.71693229675293
2011-10-05,9.919198036193848
2011-10-06,10.06779670715332
2011-10-07,10.030651092529297
2011-10-10,10.34023666381836
2011-10-11,10.38564395904541
2011-10-12,10.431050300598145
2011-10-13,10.546626091003418
2011-10-14,10.732381820678711
2011-10-17,10.563139915466309
2011-10-18,10.658079147338867
2011-10-19,10.451684951782227
2011-10-20,10.406279563903809
2011-10-21,10.538372039794922
2011-10-24,10.703486442565918
2011-10-25,10.534247398376465
2011-10-26,10.57965087890625
2011-10-27,10.8933687210083
2011-10-28,10.93051815032959
2011-10-31,10.736506462097168
2011-11-01,10.439303398132324
2011-11-02,10.567266464233398
2011-11-03,10.819064140319824
2011-11-04,10.753019332885742
2011-11-07,10.819064140319824
2011-11-08,10.942899703979492
2011-11-09,10.563139915466309
2011-11-10,10.596161842346191
2011-11-11,10.798426628112793
2011-11-14,10.715868949890137
2011-11-15,10.860342025756836
2011-11-16,10.699358940124512
2011-11-17,10.49296760559082
2011-11-18,10.406279563903809
2011-11-21,10.224652290344238
2011-11-22,10.208147048950195
2011-11-23,9.96460247039795
2011-11-25,9.910943984985352
2011-11-28,10.237042427062988
2011-11-29,10.183375358581543
2011-11-30,10.575528144836426
2011-12-01,10.63331413269043
2011-12-02,10.625054359436035
2011-12-05,10.744762420654297
2011-12-06,10.740636825561523
2011-12-07,10.753019332885742
2011-12-08,10.583778381347656
2011-12-09,10.748891830444336
2011-12-12,10.61267375946045
2011-12-13,10.513606071472168
2011-12-14,10.352621078491211
2011-12-15,10.327853202819824
2011-12-16,10.356456756591797
2011-12-19,10.2569580078125
2011-12-20,10.547174453735352
2011-12-21,10.373042106628418
2011-12-22,10.493271827697754
2011-12-23,10.596924781799316
2011-12-27,10.613507270812988
2011-12-28,10.505714416503906
2011-12-29,10.584482192993164
2011-12-30,10.551316261291504
2012-01-03,10.700571060180664
2012-01-04,10.72958755493164
2012-01-05,10.762758255004883
2012-01-06,10.766902923583984
2012-01-09,10.75031852722168
2012-01-10,10.787631034851074
2012-01-11,10.820802688598633
2012-01-12,10.874699592590332
2012-01-13,10.812507629394531
2012-01-17,10.862256050109863
2012-01-18,11.019808769226074
2012-01-19,11.098579406738281
2012-01-20,11.11101245880127
2012-01-23,11.148324966430664
2012-01-24,11.140031814575195
2012-01-25,11.227097511291504
2012-01-26,11.15247631072998
2012-01-27,11.15247631072998
2012-01-30,11.185638427734375
2012-01-31,11.206368446350098
2012-02-01,11.318307876586914
2012-02-02,11.347332000732422
2012-02-03,11.492436408996582
2012-02-06,11.496581077575684
2012-02-07,11.525605201721191
2012-02-08,11.596081733703613
2012-02-09,11.70802116394043
2012-02-10,11.620956420898438
2012-02-13,11.695584297180176
2012-02-14,11.716314315795898
2012-02-15,11.65412425994873
2012-02-16,11.824108123779297
2012-02-17,11.824108123779297
2012-02-21,11.873858451843262
2012-02-22,11.832402229309082
2012-02-23,11.87800121307373
2012-02-24,11.948485374450684
2012-02-27,11.969215393066406
2012-02-28,12.056282043457031
2012-02-29,12.002381324768066
2012-03-01,12.07286548614502
2012-03-02,12.056282043457031
2012-03-05,11.952632904052734
2012-03-06,11.836548805236816
2012-03-07,11.92361068725586
2012-03-08,12.043839454650879
2012-03-09,12.097735404968262
2012-03-12,12.11431884765625
2012-03-13,12.354783058166504
2012-03-14,12.40038776397705
2012-03-15,12.433551788330078
2012-03-16,12.427734375
2012-03-19,12.519234657287598
2012-03-20,12.506755828857422
2012-03-21,12.50259780883789
2012-03-22,12.473483085632324
2012-03-23,12.473483085632324
2012-03-26,12.65649127960205
2012-03-27,12.652328491210938
2012-03-28,12.606575965881348
2012-03-29,12.581624984741211
2012-03-30,12.544191360473633
2012-04-02,12.677284240722656
2012-04-03,12.668967247009277
2012-04-04,12.519234657287598
2012-04-05,12.548349380493164
2012-04-09,12.461003303527832
2012-04-10,12.286319732666016
2012-04-11,12.357025146484375
2012-04-12,12.510917663574219
2012-04-13,12.315433502197266
2012-04-16,12.186497688293457
2012-04-17,12.452691078186035
2012-04-18,12.361185073852539
2012-04-19,12.223931312561035
2012-04-20,12.178179740905762
2012-04-23,12.082520484924316
2012-04-24,12.057559967041016
2012-04-25,12.398616790771484
2012-04-26,12.494278907775879
2012-04-27,12.490120887756348
2012-04-30,12.402776718139648
2012-05-01,12.444369316101074
2012-05-02,12.452691078186035
2012-05-03,12.348711013793945
2012-05-04,12.090837478637695
2012-05-07,12.057559967041016
2012-05-08,12.015970230102539
2012-05-09,12.015970230102539
2012-05-10,11.924468994140625
2012-05-11,11.932788848876953
2012-05-14,11.828804016113281
2012-05-15,11.795533180236816
2012-05-16,11.699870109558105
2012-05-17,11.533502578735352
2012-05-18,11.42536449432373
2012-05-21,11.708185195922852
2012-05-22,11.670754432678223
2012-05-23,11.683232307434082
2012-05-24,11.616687774658203
2012-05-25,11.591729164123535
2012-05-29,11.74561882019043
2012-05-30,11.670754432678223
2012-05-31,11.616687774658203
2012-06-01,11.313064575195312
2012-06-04,11.379608154296875
2012-06-05,11.450319290161133
2012-06-06,11.712347984313965
2012-06-07,11.654118537902832
2012-06-08,11.783055305480957
2012-06-11,11.616687774658203
2012-06-12,11.733144760131836
2012-06-13,11.662436485290527
2012-06-14,11.720667839050293
2012-06-15,11.84550952911377
2012-06-18,11.933195114135742
2012-06-19,12.025052070617676
2012-06-20,12.045923233032227
2012-06-21,11.761999130249023
2012-06-22,11.891438484191895
2012-06-25,11.649266242980957
2012-06-26,11.695195198059082
2012-06-27,11.7661771774292
2012-06-28,11.670145034790039
2012-06-29,11.995820999145508
2012-07-02,12.062630653381348
2012-07-03,12.158661842346191
2012-07-05,12.158661842346191
2012-07-06,11.979122161865234
2012-07-09,11.954071044921875
2012-07-10,11.820454597473145
2012-07-11,11.7661771774292
2012-07-12,11.649266242980957
2012-07-13,11.803754806518555
2012-07-16,11.791228294372559
2012-07-17,11.83716106414795
2012-07-18,12.041751861572266
2012-07-19,12.146133422851562
2012-07-20,12.00835132598877
2012-07-23,11.891438484191895
2012-07-24,11.770352363586426
2012-07-25,11.724425315856934
2012-07-26,11.903964042663574
2012-07-27,12.162834167480469
2012-07-30,12.167012214660645
2012-07-31,12.21711540222168
2012-08-01,12.175363540649414
2012-08-02,12.096031188964844
2012-08-03,12.334024429321289
2012-08-06,12.421709060668945
2012-08-07,12.505213737487793
2012-08-08,12.509390830993652
2012-08-09,12.551143646240234
2012-08-10,12.580370903015137
2012-08-13,12.617952346801758
2012-08-14,12.592900276184082
2012-08-15,12.597070693969727
2012-08-16,12.768267631530762
2012-08-17,12.839245796203613
2012-08-20,12.85177230834961
2012-08-21,12.768267631530762
2012-08-22,12.789140701293945
2012-08-23,12.684760093688965
2012-08-24,12.764090538024902
2012-08-27,12.77661418914795
2012-08-28,12.747385025024414
2012-08-29,12.772442817687988
2012-08-30,12.630476951599121
2012-08-31,12.730684280395508
2012-09-04,12.730684280395508
2012-09-05,12.718161582946777
2012-09-06,13.002083778381348
2012-09-07,12.981205940246582
2012-09-10,12.843421936035156
2012-09-11,12.876826286315918
2012-09-12,12.94780445098877
2012-09-13,13.12317180633545
2012-09-14,13.185798645019531
2012-09-17,13.198328971862793
2012-09-18,13.206673622131348
2012-09-19,13.219207763671875
2012-09-20,13.194151878356934
2012-09-21,13.210921287536621
2012-09-24,13.127068519592285
2012-09-25,12.942591667175293
2012-09-26,12.850358009338379
2012-09-27,13.018061637878418
2012-09-28,12.925824165344238
2012-10-01,12.896476745605469
2012-10-02,12.913247108459473
2012-10-03,12.980329513549805
2012-10-04,13.018061637878418
2012-10-05,12.950976371765137
2012-10-08,12.816819190979004
2012-10-09,12.653306007385254
2012-10-10,12.602992057800293
2012-10-11,12.552679061889648
2012-10-12,12.54429817199707
2012-10-15,12.607186317443848
2012-10-16,12.779082298278809
2012-10-17,12.71199893951416
2012-10-18,12.56525993347168
2012-10-19,12.280163764953613
2012-10-22,12.364012718200684
2012-10-23,12.229849815368652
2012-10-24,12.158576011657715
2012-10-25,12.133421897888184
2012-10-26,12.154382705688477
2012-10-31,12.104072570800781
2012-11-01,12.301125526428223
2012-11-02,12.141805648803711
2012-11-05,12.20888900756836
2012-11-06,12.263388633728027
2012-11-07,11.957330703735352
2012-11-08,11.785433769226074
2012-11-09,11.839936256408691
2012-11-12,11.823168754577637
2012-11-13,11.764473915100098
2012-11-14,11.647080421447754
2012-11-15,11.579996109008789
2012-11-16,11.596769332885742
2012-11-19,11.915406227111816
2012-11-20,11.865097045898438
2012-11-21,11.902827262878418
2012-11-23,12.095683097839355
2012-11-26,12.150186538696289
2012-11-27,12.095683097839355
2012-11-28,12.166961669921875
2012-11-29,12.225658416748047
2012-11-30,12.213077545166016
2012-12-03,12.196310043334961
2012-12-04,12.175347328186035
2012-12-05,12.053759574890137
2012-12-06,12.125039100646973
2012-12-07,12.062148094177246
2012-12-10,12.0914945602417
2012-12-11,12.25500774383545
2012-12-12,12.234044075012207
2012-12-13,12.145998001098633
2012-12-14,12.028604507446289
2012-12-17,12.175347328186035
2012-12-18,12.35562801361084
2012-12-19,12.292738914489746
2012-12-20,12.313705444335938
2012-12-21,12.207443237304688
2012-12-24,12.173707962036133
2012-12-26,12.106239318847656
2012-12-27,12.093587875366211
2012-12-28,11.958657264709473
2012-12-31,12.165271759033203
2013-01-02,12.570079803466797
2013-01-03,12.48996353149414
2013-01-04,12.439360618591309
2013-01-07,12.42249584197998
2013-01-08,12.376112937927246
2013-01-09,12.397192001342773
2013-01-10,12.460441589355469
2013-01-11,12.477313995361328
2013-01-14,12.397192001342773
2013-01-15,12.3170747756958
2013-01-16,12.35924243927002
2013-01-17,12.409847259521484
2013-01-18,12.39297866821289
2013-01-22,12.426712036132812
2013-01-23,12.5574312210083
2013-01-24,12.342378616333008
2013-01-25,12.355025291442871
2013-01-28,12.397192001342773
2013-01-29,12.41405963897705
2013-01-30,12.376112937927246
2013-01-31,12.397192001342773
2013-02-01,12.536345481872559
2013-02-04,12.371892929077148
2013-02-05,12.515259742736816
2013-02-06,12.511043548583984
2013-02-07,12.511043548583984
2013-02-08,12.620682716369629
2013-02-11,12.64598274230957
2013-02-12,12.603815078735352
2013-02-13,12.599599838256836
2013-02-14,12.565862655639648
2013-02-15,12.5574312210083
2013-02-19,12.641766548156738
2013-02-20,12.468880653381348
2013-02-21,12.367676734924316
2013-02-22,12.519477844238281
2013-02-25,12.342378616333008
2013-02-26,12.41405963897705
2013-02-27,12.519477844238281
2013-02-28,12.494181632995605
2013-03-01,12.515259742736816
2013-03-04,12.553215980529785
2013-03-05,12.726099967956543
2013-03-06,12.717666625976562
2013-03-07,12.747184753417969
2013-03-08,12.772485733032227
2013-03-11,12.802001953125
2013-03-12,12.755616188049316
2013-03-13,12.747184753417969
2013-03-14,12.83995532989502
2013-03-15,12.78660774230957
2013-03-18,12.790837287902832
2013-03-19,12.773902893066406
2013-03-20,12.837411880493164
2013-03-21,12.693453788757324
2013-03-22,12.773902893066406
2013-03-25,12.744264602661133
2013-03-26,12.824711799621582
2013-03-27,12.790837287902832
2013-03-28,12.816242218017578
2013-04-01,12.731563568115234
2013-04-02,12.78237247467041
2013-04-03,12.68075180053711
2013-04-04,12.684988975524902
2013-04-05,12.587606430053711
2013-04-08,12.642646789550781
2013-04-09,12.731563568115234
2013-04-10,12.955964088439941
2013-04-11,12.913625717163086
2013-04-12,12.858579635620117
2013-04-15,12.646882057189941
2013-04-16,12.803539276123047
2013-04-17,12.541032791137695
2013-04-18,12.40977954864502
2013-04-19,12.426716804504395
2013-04-22,12.52409553527832
2013-04-23,12.659585952758789
2013-04-24,12.68075180053711
2013-04-25,12.723091125488281
2013-04-26,12.718863487243652
2013-04-29,12.900920867919922
2013-04-30,13.040642738342285
2013-05-01,12.926323890686035
2013-05-02,13.091449737548828
2013-05-03,13.214235305786133
2013-05-06,13.277745246887207
2013-05-07,13.269277572631836
2013-05-08,13.37512493133545
2013-05-09,13.337020874023438
2013-05-10,13.37512493133545
2013-05-13,13.341254234313965
2013-05-14,13.383590698242188
2013-05-15,13.425934791564941
2013-05-16,13.49791145324707
2013-05-17,13.633399963378906
2013-05-20,13.633399963378906
2013-05-21,13.591054916381836
2013-05-22,13.44287109375
2013-05-23,13.438636779785156
2013-05-24,13.417464256286621
2013-05-28,13.480977058410645
2013-05-29,13.447103500366211
2013-05-30,13.531784057617188
2013-05-31,13.404765129089355
2013-06-03,13.47251033782959
2013-06-04,13.413233757019043
2013-06-05,13.281977653503418
2013-06-06,13.31161880493164
2013-06-07,13.434399604797363
2013-06-10,13.46403694152832
2013-06-11,13.324320793151855
2013-06-12,13.23540210723877
2013-06-13,13.387828826904297
2013-06-14,13.286212921142578
2013-06-17,13.408994674682617
2013-06-18,13.514848709106445
2013-06-19,13.358194351196289
2013-06-20,13.061813354492188
2013-06-21,12.983091354370117
2013-06-24,12.825642585754395
2013-06-25,12.932024002075195
2013-06-26,13.00861930847168
2013-06-27,13.0724515914917
2013-06-28,13.017131805419922
2013-07-01,13.085216522216797
2013-07-02,13.10649585723877
2013-07-03,13.183089256286621
2013-07-05,13.268196105957031
2013-07-08,13.259690284729004
2013-07-09,13.31075382232666
2013-07-10,13.353302001953125
2013-07-11,13.578836441040039
2013-07-12,13.587345123291016
2013-07-15,13.625646591186523
2013-07-16,13.6341552734375
2013-07-17,13.646924018859863
2013-07-18,13.612882614135742
2013-07-19,13.383087158203125
2013-07-22,13.421387672424316
2013-07-23,13.366068840026855
2013-07-24,13.455434799194336
2013-07-25,13.463943481445312
2013-07-26,13.502237319946289
2013-07-29,13.480966567993164
2013-07-30,13.549051284790039
2013-07-31,13.502237319946289
2013-08-01,13.646924018859863
2013-08-02,13.706498146057129
2013-08-05,13.736285209655762
2013-08-06,13.663944244384766
2013-08-07,13.629901885986328
2013-08-08,13.672454833984375
2013-08-09,13.604368209838867
2013-08-12,13.693735122680664
2013-08-13,13.78735065460205
2013-08-14,13.77458381652832
2013-08-15,13.553306579589844
2013-08-16,13.54054069519043
2013-08-19,13.497980117797852
2013-08-20,13.519264221191406
2013-08-21,13.489474296569824
2013-08-22,13.549051284790039
2013-08-23,13.646924018859863
2013-08-26,13.583094596862793
2013-08-27,13.344794273376465
2013-08-28,13.353302001953125
2013-08-29,13.425644874572754
2013-08-30,13.361811637878418
2013-09-03,13.374579429626465
2013-09-04,13.502237319946289
2013-09-05,13.510751724243164
2013-09-06,13.519264221191406
2013-09-09,13.680967330932617
2013-09-10,13.766072273254395
2013-09-11,13.70224380493164
2013-09-12,13.715009689331055
2013-09-13,13.727773666381836
2013-09-16,13.706498146057129
2013-09-17,13.77458381652832
2013-09-18,13.949049949645996
2013-09-19,13.957568168640137
2013-09-20,13.858358383178711
2013-09-23,13.901119232177734
2013-09-24,13.841257095336914
2013-09-25,13.819875717163086
2013-09-26,13.87118911743164
2013-09-27,13.78567123413086
2013-09-30,13.700149536132812
2013-10-01,13.819875717163086
2013-10-02,13.8241548538208
2013-10-03,13.704428672790527
2013-10-04,13.760017395019531
2013-10-07,13.700149536132812
2013-10-08,13.482074737548828
2013-10-09,13.5333890914917
2013-10-10,13.760017395019531
2013-10-11,13.875470161437988
2013-10-14,13.922499656677246
2013-10-15,13.836983680725098
2013-10-16,13.969537734985352
2013-10-17,13.973812103271484
2013-10-18,14.213263511657715
2013-10-21,14.290236473083496
2013-10-22,14.285959243774414
2013-10-23,14.217544555664062
2013-10-24,14.25174331665039
2013-10-25,14.324440002441406
2013-10-28,14.371476173400879
2013-10-29,14.46554946899414
2013-10-30,14.435615539550781
2013-10-31,14.388582229614258
2013-11-01,14.392857551574707
2013-11-04,14.448439598083496
2013-11-05,14.40996265411377
2013-11-06,14.555342674255371
2013-11-07,14.36720085144043
2013-11-08,14.495478630065918
2013-11-11,14.512584686279297
2013-11-12,14.551066398620605
2013-11-13,14.675067901611328
2013-11-14,14.636582374572754
2013-11-15,14.666521072387695
2013-11-18,14.610929489135742
2013-11-19,14.559617042541504
2013-11-20,14.512584686279297
2013-11-21,14.636582374572754
2013-11-22,14.606653213500977
2013-11-25,14.606653213500977
2013-11-26,14.65796947479248
2013-11-27,14.773415565490723
2013-11-29,14.833279609680176
2013-12-02,14.786245346069336
2013-12-03,14.820446968078613
2013-12-04,14.833279609680176
2013-12-05,14.786245346069336
2013-12-06,14.888869285583496
2013-12-09,14.93590259552002
2013-12-10,14.905970573425293
2013-12-11,14.769137382507324
2013-12-12,14.670787811279297
2013-12-13,14.623757362365723
2013-12-16,14.769137382507324
2013-12-17,14.764862060546875
2013-12-18,14.880318641662598
2013-12-19,14.905970573425293
2013-12-20,15.022424697875977
2013-12-23,15.220085144042969
2013-12-24,15.263053894042969
2013-12-26,15.301728248596191
2013-12-27,15.288838386535645
2013-12-30,15.258755683898926
2013-12-31,15.357587814331055
2014-01-02,15.207194328308105
2014-01-03,15.13414478302002
2014-01-06,15.108359336853027
2014-01-07,15.245868682861328
2014-01-08,15.245868682861328
2014-01-09,15.147034645080566
2014-01-10,15.177116394042969
2014-01-13,15.01382064819336
2014-01-14,15.267351150512695
2014-01-15,15.452120780944824
2014-01-16,15.447823524475098
2014-01-17,15.361888885498047
2014-01-21,15.439230918884277
2014-01-22,15.422039985656738
2014-01-23,15.391963005065918
2014-01-24,15.095468521118164
2014-01-27,14.9536714553833
2014-01-28,14.86343002319336
2014-01-29,14.747408866882324
2014-01-30,14.927886009216309
2014-01-31,14.962264060974121
2014-02-03,14.648580551147461
2014-02-04,14.70444393157959
2014-02-05,14.71733283996582
2014-02-06,14.880616188049316
2014-02-07,15.082574844360352
2014-02-10,15.112652778625488
2014-02-11,15.297431945800781
2014-02-12,15.357587814331055
2014-02-13,15.469306945800781
2014-02-14,15.49939250946045
2014-02-18,15.507986068725586
2014-02-19,15.45641803741455
2014-02-20,15.507986068725586
2014-02-21,15.447823524475098
2014-02-24,15.507986068725586
2014-02-25,15.465010643005371
2014-02-26,15.47790241241455
2014-02-27,15.602518081665039
2014-02-28,15.61970329284668
2014-03-03,15.452120780944824
2014-03-04,15.654085159301758
2014-03-05,15.675569534301758
2014-03-06,15.697057723999023
2014-03-07,15.649786949157715
2014-03-10,15.624004364013672
2014-03-11,15.589632034301758
2014-03-12,15.615409851074219
2014-03-13,15.404854774475098
2014-03-14,15.310315132141113
2014-03-17,15.490797996520996
2014-03-18,15.692756652832031
2014-03-19,15.628300666809082
2014-03-20,15.748615264892578
2014-03-21,15.669641494750977
2014-03-24,15.656704902648926
2014-03-25,15.751641273498535
2014-03-26,15.561750411987305
2014-03-27,15.505653381347656
2014-03-28,15.56607437133789
2014-03-31,15.686902046203613
2014-04-01,15.87247371673584
2014-04-02,15.881105422973633
2014-04-03,15.803422927856445
2014-04-04,15.501336097717285
2014-04-07,15.380502700805664
2014-04-08,15.518599510192871
2014-04-09,15.725748062133789
2014-04-10,15.363245964050293
2014-04-11,15.19062328338623
2014-04-14,15.341658592224121
2014-04-15,15.419342041015625
2014-04-16,15.570387840270996
2014-04-17,15.548809051513672
2014-04-21,15.609219551086426
2014-04-22,15.673957824707031
2014-04-23,15.505653381347656
2014-04-24,15.626493453979492
2014-04-25,15.427979469299316
2014-04-28,15.574706077575684
2014-04-29,15.68259334564209
2014-04-30,15.730049133300781
2014-05-01,15.747323036193848
2014-05-02,15.704171180725098
2014-05-05,15.786166191101074
2014-05-06,15.609219551086426
2014-05-07,15.617857933044434
2014-05-08,15.661005973815918
2014-05-09,15.67827033996582
2014-05-12,15.88973617553711
2014-05-13,15.898364067077637
2014-05-14,15.825003623962402
2014-05-15,15.730049133300781
2014-05-16,15.829315185546875
2014-05-19,15.93288803100586
2014-05-20,15.842267990112305
2014-05-21,15.950149536132812
2014-05-22,15.980368614196777
2014-05-23,16.114139556884766
2014-05-27,16.25223731994629
2014-05-28,16.209083557128906
2014-05-29,16.304027557373047
2014-05-30,16.321290969848633
2014-06-02,16.295398712158203
2014-06-03,16.269502639770508
2014-06-04,16.29970359802246
2014-06-05,16.407590866088867
2014-06-06,16.480966567993164
2014-06-09,16.53275489807129
2014-06-10,16.541378021240234
2014-06-11,16.50253677368164
2014-06-12,16.360126495361328
2014-06-13,16.455066680908203
2014-06-16,16.455066680908203
2014-06-17,16.49390983581543
2014-06-18,16.580219268798828
2014-06-19,16.55001449584961
2014-06-20,16.513595581054688
2014-06-23,16.5612850189209
2014-06-24,16.474565505981445
2014-06-25,16.53960609436035
2014-06-26,16.522266387939453
2014-06-27,16.62197494506836
2014-06-30,16.626310348510742
2014-07-01,16.795400619506836
2014-07-02,16.812740325927734
2014-07-03,16.88644027709961
2014-07-07,16.903779983520508
2014-07-08,16.75204086303711
2014-07-09,16.83441925048828
2014-07-10,16.786720275878906
2014-07-11,16.873432159423828
2014-07-14,16.994823455810547
2014-07-15,16.964475631713867
2014-07-16,17.12055206298828
2014-07-17,16.89944076538086
2014-07-18,17.103208541870117
2014-07-21,17.081533432006836
2014-07-22,17.224607467651367
2014-07-23,17.254953384399414
2014-07-24,17.241945266723633
2014-07-25,17.22026824951172
2014-07-28,17.2506160736084
2014-07-29,17.215930938720703
2014-07-30,17.2332706451416
2014-07-31,16.908117294311523
2014-08-01,16.817068099975586
2014-08-04,16.938459396362305
2014-08-05,16.77805519104004
2014-08-06,16.726024627685547
2014-08-07,16.656661987304688
2014-08-08,16.76504898071289
2014-08-11,16.8474178314209
2014-08-12,16.8387508392334
2014-08-13,17.00348663330078
2014-08-14,17.03384017944336
2014-08-15,17.03384017944336
2014-08-18,17.194252014160156
2014-08-19,17.302640914916992
2014-08-20,17.302640914916992
2014-08-21,17.385013580322266
2014-08-22,17.38934326171875
2014-08-25,17.40669059753418
2014-08-26,17.415363311767578
2014-08-27,17.411027908325195
2014-08-28,17.385013580322266
2014-08-29,17.46303939819336
2014-09-02,17.467384338378906
2014-09-03,17.37200355529785
2014-09-04,17.363332748413086
2014-09-05,17.467384338378906
2014-09-08,17.49339485168457
2014-09-09,17.36766815185547
2014-09-10,17.471721649169922
2014-09-11,17.51073455810547
2014-09-12,17.43704605102539
2014-09-15,17.33298683166504
2014-09-16,17.46303939819336
2014-09-17,17.49773406982422
2014-09-18,17.60178565979004
2014-09-19,17.5643367767334
2014-09-22,17.446779251098633
2014-09-23,17.4075870513916
2014-09-24,17.52079200744629
2014-09-25,17.137638092041016
2014-09-26,17.324861526489258
2014-09-29,17.320505142211914
2014-09-30,17.372760772705078
2014-10-01,17.102802276611328
2014-10-02,17.094097137451172
2014-10-03,17.233430862426758
2014-10-06,17.237781524658203
2014-10-07,16.96782875061035
2014-10-08,17.29003143310547
2014-10-09,17.002660751342773
2014-10-10,16.567249298095703
2014-10-13,16.38438606262207
2014-10-14,16.41051483154297
2014-10-15,16.297298431396484
2014-10-16,16.20151710510254
2014-10-17,16.39308738708496
2014-10-20,16.51066017150879
2014-10-21,16.832853317260742
2014-10-22,16.75447654724121
2014-10-23,16.94169807434082
2014-10-24,17.08974266052246
2014-10-27,17.107166290283203
2014-10-28,17.342287063598633
2014-10-29,17.324861526489258
2014-10-30,17.381465911865234
2014-10-31,17.651418685913086
2014-11-03,17.725435256958008
2014-11-04,17.721084594726562
2014-11-05,17.768978118896484
2014-11-06,17.76026725769043
2014-11-07,17.782033920288086
2014-11-10,17.829938888549805
2014-11-11,17.838642120361328
2014-11-12,17.895244598388672
2014-11-13,17.991037368774414
2014-11-14,18.11730194091797
2014-11-17,18.082469940185547
2014-11-18,18.143428802490234
2014-11-19,18.02587127685547
2014-11-20,18.11730194091797
2014-11-21,18.143428802490234
2014-11-24,18.239213943481445
2014-11-25,18.247926712036133
2014-11-26,18.413387298583984
2014-11-28,18.50046730041504
2014-12-01,18.29146957397461
2014-12-02,18.29582405090332
2014-12-03,18.361129760742188
2014-12-04,18.361129760742188
2014-12-05,18.339366912841797
2014-12-08,18.152141571044922
2014-12-09,18.147777557373047
2014-12-10,17.87347984313965
2014-12-11,17.951852798461914
2014-12-12,17.686248779296875
2014-12-15,17.577402114868164
2014-12-16,17.342287063598633
2014-12-17,17.66884422302246
2014-12-18,18.17391014099121
2014-12-19,18.19404411315918
2014-12-22,18.412878036499023
2014-12-23,18.461017608642578
2014-12-24,18.443510055541992
2014-12-26,18.522293090820312
2014-12-29,18.430377960205078
2014-12-30,18.29907989501953
2014-12-31,18.09774398803711
2015-01-02,18.06273651123047
2015-01-05,17.786998748779297
2015-01-06,17.572546005249023
2015-01-07,17.721355438232422
2015-01-08,18.110877990722656
2015-01-09,18.053985595703125
2015-01-12,17.843910217285156
2015-01-13,17.830780029296875
2015-01-14,17.7301082611084
2015-01-15,17.50252342224121
2015-01-16,17.673208236694336
2015-01-20,17.822019577026367
2015-01-21,17.8526554107666
2015-01-22,18.14589500427246
2015-01-23,18.141523361206055
2015-01-26,18.06711769104004
2015-01-27,17.54629135131836
2015-01-28,17.515653610229492
2015-01-29,17.681964874267578
2015-01-30,17.463123321533203
2015-02-02,17.642578125
2015-02-03,17.843910217285156
2015-02-04,17.878921508789062
2015-02-05,18.04522705078125
2015-02-06,17.98833656311035
2015-02-09,17.962068557739258
2015-02-10,18.229055404663086
2015-02-11,18.29907989501953
2015-02-12,18.548551559448242
2015-02-13,18.666730880737305
2015-02-17,18.675472259521484
2015-02-18,18.6929874420166
2015-02-19,18.758642196655273
2015-02-20,18.854930877685547
2015-02-23,18.868053436279297
2015-02-24,18.924949645996094
2015-02-25,18.806785583496094
2015-02-26,18.924949645996094
2015-02-27,18.85930061340332
2015-03-02,19.00811195373535
2015-03-03,18.881189346313477
2015-03-04,18.806785583496094
2015-03-05,18.78490447998047
2015-03-06,18.55293846130371
2015-03-09,18.64046859741211
2015-03-10,18.259693145751953
2015-03-11,18.141523361206055
2015-03-12,18.259693145751953
2015-03-13,18.159027099609375
2015-03-16,18.37348747253418
2015-03-17,18.377866744995117
2015-03-18,18.62734031677246
2015-03-19,18.574813842773438
2015-03-20,18.694787979125977
2015-03-23,18.694787979125977
2015-03-24,18.633264541625977
2015-03-25,18.154251098632812
2015-03-26,18.167430877685547
2015-03-27,18.180620193481445
2015-03-30,18.400354385375977
2015-03-31,18.211376190185547
2015-04-01,18.185014724731445
2015-04-02,18.180620193481445
2015-04-06,18.356407165527344
2015-04-07,18.316848754882812
2015-04-08,18.37397575378418
2015-04-09,18.422317504882812
2015-04-10,18.492637634277344
2015-04-13,18.43990135192871
2015-04-14,18.382770538330078
2015-04-15,18.545373916625977
2015-04-16,18.479448318481445
2015-04-17,18.22456169128418
2015-04-20,18.536582946777344
2015-04-21,18.527801513671875
2015-04-22,18.716764450073242
2015-04-23,18.791475296020508
2015-04-24,18.954071044921875
2015-04-27,19.006805419921875
2015-04-28,19.068328857421875
2015-04-29,18.976043701171875
2015-04-30,18.712369918823242
2015-05-01,18.940885543823242
2015-05-04,18.95846939086914
2015-05-05,18.664030075073242
2015-05-06,18.505821228027344
2015-05-07,18.642053604125977
2015-05-08,18.91012954711914
2015-05-11,18.813444137573242
2015-05-12,18.712369918823242
2015-05-13,18.791475296020508
2015-05-14,19.09470558166504
2015-05-15,19.033170700073242
2015-05-18,19.125459671020508
2015-05-19,19.07712173461914
2015-05-20,19.090307235717773
2015-05-21,19.17380714416504
2015-05-22,19.16061782836914
2015-05-26,18.883760452270508
2015-05-27,19.239723205566406
2015-05-28,19.200172424316406
2015-05-29,19.059547424316406
2015-06-01,19.11227798461914
2015-06-02,19.072729110717773
2015-06-03,19.11227798461914
2015-06-04,18.936500549316406
2015-06-05,18.874969482421875
2015-06-08,18.664030075073242
2015-06-09,18.62007713317871
2015-06-10,18.91012954711914
2015-06-11,18.918916702270508
2015-06-12,18.751914978027344
2015-06-15,18.63766098022461
2015-06-16,18.76071548461914
2015-06-17,18.76949119567871
2015-06-18,18.936500549316406
2015-06-19,18.778900146484375
2015-06-22,18.933399200439453
2015-06-23,18.946651458740234
2015-06-24,18.85835838317871
2015-06-25,18.8142147064209
2015-06-26,18.655290603637695
2015-06-29,18.25798988342285
2015-06-30,18.275659561157227
2015-07-01,18.399259567260742
2015-07-02,18.425750732421875
2015-07-06,18.3507080078125
2015-07-07,18.37718963623047
2015-07-08,18.077014923095703
2015-07-09,18.006376266479492
2015-07-10,18.293315887451172
2015-07-13,18.57141876220703
2015-07-14,18.64204978942871
2015-07-15,18.646472930908203
2015-07-16,18.884843826293945
2015-07-17,19.176189422607422
2015-07-20,19.27772331237793
2015-07-21,19.14970588684082
2015-07-22,18.8406925201416
2015-07-23,18.80097198486328
2015-07-24,18.69944190979004
2015-07-27,18.531688690185547
2015-07-28,18.69944190979004
2015-07-29,18.823047637939453
2015-07-30,18.85835838317871
2015-07-31,18.796558380126953
2015-08-03,18.695022583007812
2015-08-04,18.584659576416016
2015-08-05,18.765655517578125
2015-08-06,18.580251693725586
2015-08-07,18.5935001373291
2015-08-10,18.884843826293945
2015-08-11,18.602323532104492
2015-08-12,18.686199188232422
2015-08-13,18.633224487304688
2015-08-14,18.725923538208008
2015-08-17,18.831872940063477
2015-08-18,18.73475456237793
2015-08-19,18.611154556274414
2015-08-20,18.156469345092773
2015-08-21,17.46340560913086
2015-08-24,16.774761199951172
2015-08-25,16.642324447631836
2015-08-26,17.481060028076172
2015-08-27,17.887191772460938
2015-08-28,17.922500610351562
2015-08-31,17.759164810180664
2015-09-01,17.189706802368164
2015-09-02,17.60466766357422
2015-09-03,17.617910385131836
2015-09-04,17.348634719848633
2015-09-08,17.834217071533203
2015-09-09,17.600257873535156
2015-09-10,17.776826858520508
2015-09-11,17.860702514648438
2015-09-14,17.816556930541992
2015-09-15,18.046110153198242
2015-09-16,18.121158599853516
2015-09-17,17.99755096435547
2015-09-18,17.76386260986328
2015-09-21,17.94123077392578
2015-09-22,17.639698028564453
2015-09-23,17.684045791625977
2015-09-24,17.684045791625977
2015-09-25,17.653005599975586
2015-09-28,17.249483108520508
2015-09-29,17.17409896850586
2015-09-30,17.515544891357422
2015-10-01,17.5244083404541
2015-10-02,17.772727966308594
2015-10-05,18.1230411529541
2015-10-06,18.145214080810547
2015-10-07,18.229459762573242
2015-10-08,18.313709259033203
2015-10-09,18.393537521362305
2015-10-12,18.415699005126953
2015-10-13,18.375802993774414
2015-10-14,18.340316772460938
2015-10-15,18.57533836364746
2015-10-16,18.610803604125977
2015-10-19,18.6817626953125
2015-10-20,18.632991790771484
2015-10-21,18.491086959838867
2015-10-22,18.90791130065918
2015-10-23,19.435596466064453
2015-10-26,19.360219955444336
2015-10-27,19.249357223510742
2015-10-28,19.537582397460938
2015-10-29,19.484373092651367
2015-10-30,19.35578155517578
2015-11-02,19.52872085571289
2015-11-03,19.630704879760742
2015-11-04,19.652875900268555
2015-11-05,19.59523582458496
2015-11-06,19.661745071411133
2015-11-09,19.4710693359375
2015-11-10,19.34246826171875
2015-11-11,19.333602905273438
2015-11-12,19.16510009765625
2015-11-13,18.788185119628906
2015-11-16,19.076419830322266
2015-11-17,19.08085060119629
2015-11-18,19.369081497192383
2015-11-19,19.457773208618164
2015-11-20,19.59966278076172
2015-11-23,19.484373092651367
2015-11-24,19.488813400268555
2015-11-25,19.426727294921875
2015-11-27,19.4710693359375
2015-11-30,19.493242263793945
2015-12-01,19.666175842285156
2015-12-02,19.542022705078125
2015-12-03,19.289260864257812
2015-12-04,19.76373291015625
2015-12-07,19.666175842285156
2015-12-08,19.617403030395508
2015-12-09,19.32917022705078
2015-12-10,19.382387161254883
2015-12-11,18.97886085510254
2015-12-14,19.125192642211914
2015-12-15,19.209447860717773
2015-12-16,19.4710693359375
2015-12-17,19.16510009765625
2015-12-18,18.79341697692871
2015-12-21,18.985061645507812
2015-12-22,19.12321662902832
2015-12-23,19.283647537231445
2015-12-24,19.274728775024414
2015-12-28,19.261363983154297
2015-12-29,19.524303436279297
2015-12-30,19.359413146972656
2015-12-31,19.087560653686523
2016-01-04,18.837989807128906
2016-01-05,18.78896713256836
2016-01-06,18.557228088378906
2016-01-07,18.009069442749023
2016-01-08,17.866458892822266
2016-01-11,17.982324600219727
2016-01-12,18.196247100830078
2016-01-13,17.706016540527344
2016-01-14,18.040264129638672
2016-01-15,17.532211303710938
2016-01-19,17.55003547668457
2016-01-20,17.41187858581543
2016-01-21,17.50992774963379
2016-01-22,17.995695114135742
2016-01-25,17.786231994628906
2016-01-26,17.960041046142578
2016-01-27,17.59014320373535
2016-01-28,17.817426681518555
2016-01-29,18.378963470458984
2016-02-01,18.44580841064453
2016-02-02,18.116025924682617
2016-02-03,18.093738555908203
2016-02-04,18.1115665435791
2016-02-05,17.603519439697266
2016-02-08,17.349489212036133
2016-02-09,17.26927375793457
2016-02-10,17.296009063720703
2016-02-11,17.260364532470703
2016-02-12,17.501008987426758
2016-02-16,17.812973022460938
2016-02-17,18.178417205810547
2016-02-18,18.107105255126953
2016-02-19,18.1204776763916
2016-02-22,18.361133575439453
2016-02-23,18.071455001831055
2016-02-24,18.209613800048828
2016-02-25,18.436899185180664
2016-02-26,18.38787841796875
2016-02-29,18.258634567260742
2016-03-01,18.802337646484375
2016-03-02,18.855817794799805
2016-03-03,18.855817794799805
2016-03-04,18.90484046936035
2016-03-07,18.78896713256836
2016-03-08,18.673095703125
2016-03-09,18.833532333374023
2016-03-10,18.815704345703125
2016-03-11,19.105379104614258
2016-03-14,19.12767219543457
2016-03-15,19.198978424072266
2016-03-16,19.42180633544922
2016-03-17,19.493104934692383
2016-03-18,19.524465560913086
2016-03-21,19.59165382385254
2016-03-22,19.596128463745117
2016-03-23,19.484153747558594
2016-03-24,19.53789520263672
2016-03-28,19.488628387451172
2016-03-29,19.793209075927734
2016-03-30,19.90966796875
2016-03-31,19.869342803955078
2016-04-01,20.021644592285156
2016-04-04,19.94549560546875
2016-04-05,19.752893447875977
2016-04-06,19.94549560546875
2016-04-07,19.65883445739746
2016-04-08,19.65883445739746
2016-04-11,19.60508918762207
2016-04-12,19.739456176757812
2016-04-13,19.94101905822754
2016-04-14,19.936538696289062
2016-04-15,19.86039161682129
2016-04-18,19.94549560546875
2016-04-19,19.833520889282227
2016-04-20,19.87382698059082
2016-04-21,19.802167892456055
2016-04-22,19.457273483276367
2016-04-25,19.461753845214844
2016-04-26,19.367692947387695
2016-04-27,19.278112411499023
2016-04-28,19.036235809326172
2016-04-29,18.870513916015625
2016-05-02,19.009366989135742
2016-05-03,18.834678649902344
2016-05-04,18.77644920349121
2016-05-05,18.785402297973633
2016-05-06,18.92426300048828
2016-05-09,18.92426300048828
2016-05-10,19.17061424255371
2016-05-11,19.031757354736328
2016-05-12,18.978004455566406
2016-05-13,18.906343460083008
2016-05-16,19.17061424255371
2016-05-17,18.978004455566406
2016-05-18,19.01384162902832
2016-05-19,18.910823822021484
2016-05-20,19.139263153076172
2016-05-23,19.10342788696289
2016-05-24,19.461753845214844
2016-05-25,19.596128463745117
2016-05-26,19.65883445739746
2016-05-27,19.752893447875977
2016-05-31,19.793209075927734
2016-06-01,19.74393653869629
2016-06-02,19.726022720336914
2016-06-03,19.68123435974121
2016-06-06,19.717060089111328
2016-06-07,19.79768180847168
2016-06-08,19.838003158569336
2016-06-09,19.842483520507812
2016-06-10,19.690189361572266
2016-06-13,19.47071075439453
2016-06-14,19.515499114990234
2016-06-15,19.466230392456055
2016-06-16,19.506549835205078
2016-06-17,19.376466751098633
2016-06-20,19.457489013671875
2016-06-21,19.592517852783203
2016-06-22,19.52499771118164
2016-06-23,19.79055404663086
2016-06-24,19.029897689819336
2016-06-27,18.647319793701172
2016-06-28,19.016395568847656
2016-06-29,19.30895233154297
2016-06-30,19.52050018310547
2016-07-01,19.565507888793945
2016-07-05,19.421478271484375
2016-07-06,19.556507110595703
2016-07-07,19.556507110595703
2016-07-08,19.86256980895996
2016-07-11,19.97958755493164
2016-07-12,20.14162254333496
2016-07-13,20.1461238861084
2016-07-14,20.27665138244629
2016-07-15,20.25864601135254
2016-07-18,20.393674850463867
2016-07-19,20.348669052124023
2016-07-20,20.614221572875977
2016-07-21,20.506202697753906
2016-07-22,20.627731323242188
2016-07-25,20.60072135925293
2016-07-26,20.645729064941406
2016-07-27,20.81675910949707
2016-07-28,20.830265045166016
2016-07-29,20.906787872314453
2016-08-01,20.947288513183594
2016-08-02,20.789756774902344
2016-08-03,20.861772537231445
2016-08-04,20.97429656982422
2016-08-05,21.176837921142578
2016-08-08,21.17233657836914
2016-08-09,21.217348098754883
2016-08-10,21.149829864501953
2016-08-11,21.226350784301758
2016-08-12,21.203842163085938
2016-08-15,21.3073673248291
2016-08-16,21.149829864501953
2016-08-17,21.140830993652344
2016-08-18,21.149829864501953
2016-08-19,21.163333892822266
2016-08-22,21.163333892822266
2016-08-23,21.239843368530273
2016-08-24,21.122825622558594
2016-08-25,21.167837142944336
2016-08-26,21.176837921142578
2016-08-29,21.257850646972656
2016-08-30,21.185840606689453
2016-08-31,21.149829864501953
2016-09-01,21.217348098754883
2016-09-02,21.311864852905273
2016-09-06,21.419891357421875
2016-09-07,21.47389793395996
2016-09-08,21.298362731933594
2016-09-09,20.776256561279297
2016-09-12,21.122825622558594
2016-09-13,20.969797134399414
2016-09-14,21.068811416625977
2016-09-15,21.41538429260254
2016-09-16,21.336740493774414
2016-09-19,21.296070098876953
2016-09-20,21.282512664794922
2016-09-21,21.52204704284668
2016-09-22,21.65311050415039
2016-09-23,21.46329689025879
2016-09-26,21.336740493774414
2016-09-27,21.57176399230957
2016-09-28,21.612436294555664
2016-09-29,21.481374740600586
2016-09-30,21.594362258911133
2016-10-03,21.531089782714844
2016-10-04,21.454248428344727
2016-10-05,21.531089782714844
2016-10-06,21.5808048248291
2016-10-07,21.52204704284668
2016-10-10,21.671194076538086
2016-10-11,21.427133560180664
2016-10-12,21.46329689025879
2016-10-13,21.327709197998047
2016-10-14,21.409059524536133
2016-10-17,21.36386489868164
2016-10-18,21.481374740600586
2016-10-19,21.52204704284668
2016-10-20,21.422618865966797
2016-10-21,21.481374740600586
2016-10-24,21.689273834228516
2016-10-25,21.612436294555664
2016-10-26,21.490413665771484
2016-10-27,21.46329689025879
2016-10-28,21.440692901611328
2016-10-31,21.431657791137695
2016-11-01,21.24635124206543
2016-11-02,21.11077117919922
2016-11-03,20.90738868713379
2016-11-04,20.871238708496094
2016-11-07,21.32318878173828
2016-11-08,21.427133560180664
2016-11-09,21.400022506713867
2016-11-10,21.056533813476562
2016-11-11,21.119808197021484
2016-11-14,20.798925399780273
2016-11-15,21.092687606811523
2016-11-16,21.28702735900879
2016-11-17,21.422618865966797
2016-11-18,21.404537200927734
2016-11-21,21.621479034423828
2016-11-22,21.689273834228516
2016-11-23,21.603391647338867
2016-11-25,21.693788528442383
2016-11-28,21.711870193481445
2016-11-29,21.725421905517578
2016-11-30,21.46781349182129
2016-12-01,21.024900436401367
2016-12-02,21.101730346679688
2016-12-05,21.30510902404785
2016-12-06,21.368377685546875
2016-12-07,21.775144577026367
2016-12-08,21.829378128051758
2016-12-09,21.987558364868164
2016-12-12,21.919769287109375
2016-12-13,22.195459365844727
2016-12-14,22.118621826171875
2016-12-15,22.218053817749023
2016-12-16,22.057355880737305
2016-12-19,22.21623992919922
2016-12-20,22.297950744628906
2016-12-21,22.25255584716797
2016-12-22,22.2071590423584
2016-12-23,22.2298583984375
2016-12-27,22.320648193359375
2016-12-28,22.12091064453125
2016-12-29,22.125450134277344
2016-12-30,21.95294952392578
2017-01-03,22.148147583007812
2017-01-04,22.225322723388672
2017-01-05,22.26163673400879
2017-01-06,22.42505645751953
2017-01-09,22.42051124572754
2017-01-10,22.42505645751953
2017-01-11,22.529470443725586
2017-01-12,22.474992752075195
2017-01-13,22.54308319091797
2017-01-17,22.45683479309082
2017-01-18,22.515844345092773
2017-01-19,22.48407745361328
2017-01-20,22.60663414001465
2017-01-23,22.647493362426758
2017-01-24,22.78821563720703
2017-01-25,23.00611114501953
2017-01-26,22.94255828857422
2017-01-27,23.033349990844727
2017-01-30,22.847232818603516
2017-01-31,22.73374366760254
2017-02-01,22.9062442779541
2017-02-02,22.860855102539062
2017-02-03,23.010652542114258
2017-02-06,23.024269104003906
2017-02-07,23.11505889892578
2017-02-08,23.155920028686523
2017-02-09,23.228544235229492
2017-02-10,23.29663848876953
2017-02-13,23.401044845581055
2017-02-14,23.47821044921875
2017-02-15,23.555389404296875
2017-02-16,23.609859466552734
2017-02-17,23.691570281982422
2017-02-21,23.81414031982422
2017-02-22,23.84137535095215
2017-02-23,23.836835861206055
2017-02-24,23.891311645507812
2017-02-27,23.877696990966797
2017-02-28,23.764202117919922
2017-03-01,24.100126266479492
2017-03-02,23.941242218017578
2017-03-03,23.995716094970703
2017-03-06,23.959400177001953
2017-03-07,23.959400177001953
2017-03-08,23.986637115478516
2017-03-09,23.982101440429688
2017-03-10,24.109209060668945
2017-03-13,24.131906509399414
2017-03-14,24.07742691040039
2017-03-15,24.24085235595703
2017-03-16,24.254472732543945
2017-03-17,24.306875228881836
2017-03-20,24.329660415649414
2017-03-21,23.974218368530273
2017-03-22,24.124601364135742
2017-03-23,24.06079864501953
2017-03-24,24.079025268554688
2017-03-27,24.079025268554688
2017-03-28,24.252185821533203
2017-03-29,24.2932071685791
2017-03-30,24.338775634765625
2017-03-31,24.2932071685791
2017-04-03,24.270414352416992
2017-04-04,24.288644790649414
2017-04-05,24.18839454650879
2017-04-06,24.192955017089844
2017-04-07,24.179283142089844
2017-04-10,24.133708953857422
2017-04-11,24.04256820678711
2017-04-12,23.960542678833008
2017-04-13,23.864849090576172
2017-04-17,24.083580017089844
2017-04-18,24.079025268554688
2017-04-19,24.06079864501953
2017-04-20,24.279539108276367
2017-04-21,24.229406356811523
2017-04-24,24.51650047302246
2017-04-25,24.64409065246582
2017-04-26,24.61675453186035
2017-04-27,24.716999053955078
2017-04-28,24.780803680419922
2017-05-01,24.967639923095703
2017-05-02,25.022323608398438
2017-05-03,24.976755142211914
2017-05-04,24.95852279663086
2017-05-05,25.049657821655273
2017-05-08,25.15903091430664
2017-05-09,25.190921783447266
2017-05-10,25.2866268157959
2017-05-11,25.254716873168945
2017-05-12,25.318527221679688
2017-05-15,25.45979118347168
2017-05-16,25.578275680541992
2017-05-17,24.881053924560547
2017-05-18,25.026874542236328
2017-05-19,25.17269515991211
2017-05-22,25.373207092285156
2017-05-23,25.418777465820312
2017-05-24,25.523588180541992
2017-05-25,25.70586395263672
2017-05-26,25.692195892333984
2017-05-30,25.801563262939453
2017-05-31,25.760547637939453
2017-06-01,25.824350357055664
2017-06-02,26.06131362915039
2017-06-05,26.084096908569336
2017-06-06,26.03396987915039
2017-06-07,26.11599349975586
2017-06-08,26.175228118896484
2017-06-09,25.528141021728516
2017-06-12,25.377763748168945
2017-06-13,25.560039520263672
2017-06-14,25.437007904052734
2017-06-15,25.323078155517578
2017-06-16,25.278697967529297
2017-06-19,25.65387535095215
2017-06-20,25.447986602783203
2017-06-21,25.589820861816406
2017-06-22,25.59897804260254
2017-06-23,25.759105682373047
2017-06-26,25.62184715270996
2017-06-27,25.200918197631836
2017-06-28,25.51661491394043
2017-06-29,25.059083938598633
2017-06-30,25.03620719909668
2017-07-03,24.862346649169922
2017-07-05,25.109411239624023
2017-07-06,24.880651473999023
2017-07-07,25.16888427734375
2017-07-10,25.351903915405273
2017-07-11,25.40680694580078
2017-07-12,25.73623275756836
2017-07-13,25.786556243896484
2017-07-14,26.01532745361328
2017-07-17,26.0199031829834
2017-07-18,26.138866424560547
2017-07-19,26.271547317504883
2017-07-20,26.326454162597656
2017-07-21,26.294422149658203
2017-07-24,26.35848045349121
2017-07-25,26.30814552307129
2017-07-26,26.408809661865234
2017-07-27,26.30814552307129
2017-07-28,26.280691146850586
2017-07-31,26.152587890625
2017-08-01,26.285276412963867
2017-08-02,26.35848045349121
2017-08-03,26.29899787902832
2017-08-04,26.35848045349121
2017-08-07,26.518613815307617
2017-08-08,26.482013702392578
2017-08-09,26.468278884887695
2017-08-10,25.946699142456055
2017-08-11,26.12513542175293
2017-08-14,26.54149055480957
2017-08-15,26.58266258239746
2017-08-16,26.660444259643555
2017-08-17,26.138866424560547
2017-08-18,26.111413955688477
2017-08-21,26.102258682250977
2017-08-22,26.49116325378418
2017-08-23,26.42710304260254
2017-08-24,26.40422821044922
2017-08-25,26.399654388427734
2017-08-28,26.449987411499023
2017-08-29,26.564369201660156
2017-08-30,26.75653648376465
2017-08-31,26.916667938232422
2017-09-01,26.89378547668457
2017-09-05,26.655874252319336
2017-09-06,26.678749084472656
2017-09-07,26.7702579498291
2017-09-08,26.550640106201172
2017-09-11,26.92582130432129
2017-09-12,26.9898738861084
2017-09-13,26.95326805114746
2017-09-14,26.86176300048828
2017-09-15,26.971513748168945
2017-09-18,26.994464874267578
2017-09-19,27.113845825195312
2017-09-20,27.00364875793457
2017-09-21,26.856708526611328
2017-09-22,26.8704891204834
2017-09-25,26.553661346435547
2017-09-26,26.650089263916016
2017-09-27,26.920991897583008
2017-09-28,26.953136444091797
2017-09-29,27.136804580688477
2017-10-02,27.178131103515625
2017-10-03,27.24241065979004
2017-10-04,27.22405433654785
2017-10-05,27.485774993896484
2017-10-06,27.527099609375
2017-10-09,27.595970153808594
2017-10-10,27.62352180480957
2017-10-11,27.715349197387695
2017-10-12,27.646482467651367
2017-10-13,27.779640197753906
2017-10-16,27.88065528869629
2017-10-17,27.88065528869629
2017-10-18,27.94953155517578
2017-10-19,27.866884231567383
2017-10-20,28.055139541625977
2017-10-23,27.921985626220703
2017-10-24,28.00004005432129
2017-10-25,27.84851837158203
2017-10-26,27.96330451965332
2017-10-27,28.71634292602539
2017-10-30,28.780630111694336
2017-10-31,28.904603958129883
2017-11-01,28.909194946289062
2017-11-02,28.922964096069336
2017-11-03,29.152549743652344
2017-11-06,29.216829299926758
2017-11-07,29.230607986450195
2017-11-08,29.391313552856445
2017-11-09,29.157140731811523
2017-11-10,29.157140731811523
2017-11-13,29.147960662841797
2017-11-14,29.088266372680664
2017-11-15,28.872459411621094
2017-11-16,29.276525497436523
2017-11-17,29.088266372680664
2017-11-20,29.198474884033203
2017-11-21,29.50611114501953
2017-11-22,29.451013565063477
2017-11-24,29.61630630493164
2017-11-27,29.61630630493164
2017-11-28,29.712730407714844
2017-11-29,29.056127548217773
2017-11-30,29.313257217407227
2017-12-01,29.161733627319336
2017-12-04,28.693387985229492
2017-12-05,28.70256805419922
2017-12-06,28.886232376098633
2017-12-07,29.0653076171875
2017-12-08,29.20305633544922
2017-12-11,29.455602645874023
2017-12-12,29.446420669555664
2017-12-13,29.455602645874023
2017-12-14,29.418867111206055
2017-12-15,29.754383087158203
2017-12-18,30.01708221435547
2017-12-19,29.83273696899414
2017-12-20,29.823516845703125
2017-12-21,29.76360321044922
2017-12-22,29.745159149169922
2017-12-26,29.546987533569336
2017-12-27,29.579261779785156
2017-12-28,29.62994956970215
2017-12-29,29.473249435424805
2018-01-02,29.837350845336914
2018-01-03,30.086217880249023
2018-01-04,30.238311767578125
2018-01-05,30.556318283081055
2018-01-08,30.671545028686523
2018-01-09,30.59318733215332
2018-01-10,30.487192153930664
2018-01-11,30.611621856689453
2018-01-12,30.791364669799805
2018-01-16,30.671545028686523
2018-01-17,31.132415771484375
2018-01-18,31.187719345092773
2018-01-19,31.247634887695312
2018-01-22,31.551815032958984
2018-01-23,31.69007682800293
2018-01-24,31.445816040039062
2018-01-25,31.390506744384766
2018-01-26,31.888269424438477
2018-01-29,31.5978946685791
2018-01-30,31.312156677246094
2018-01-31,31.547203063964844
2018-02-01,31.574865341186523
2018-02-02,30.63926887512207
2018-02-05,29.358030319213867
2018-02-06,30.201444625854492
2018-02-07,29.81430435180664
2018-02-08,28.579147338867188
2018-02-09,29.27968406677246
2018-02-12,29.80508041381836
2018-02-13,29.878829956054688
2018-02-14,30.42727279663086
2018-02-15,31.00798225402832
2018-02-16,30.96189308166504
2018-02-20,30.98954200744629
2018-02-21,30.791364669799805
2018-02-22,30.82823371887207
2018-02-23,31.47347068786621
2018-02-26,31.96660804748535
2018-02-27,31.64398193359375
2018-02-28,31.41815948486328
2018-03-01,30.897371292114258
2018-03-02,31.19232940673828
2018-03-05,31.510337829589844
2018-03-06,31.579463958740234
2018-03-07,31.754615783691406
2018-03-08,31.89286994934082
2018-03-09,32.49662399291992
2018-03-12,32.59801483154297
2018-03-13,32.22469711303711
2018-03-14,32.197052001953125
2018-03-15,32.21548843383789
2018-03-16,32.182193756103516
2018-03-19,31.5441951751709
2018-03-20,31.53032684326172
2018-03-21,31.340770721435547
2018-03-22,30.531709671020508
2018-03-23,29.718019485473633
2018-03-26,30.84609031677246
2018-03-27,29.856721878051758
2018-03-28,29.657926559448242
2018-03-29,30.245065689086914
2018-04-02,29.523849487304688
2018-04-03,29.81511688232422
2018-04-04,30.231203079223633
2018-04-05,30.356027603149414
2018-04-06,29.6116886138916
2018-04-09,29.842851638793945
2018-04-10,30.577938079833984
2018-04-11,30.39763832092285
2018-04-12,30.76287269592285
2018-04-13,30.661163330078125
2018-04-16,30.89694595336914
2018-04-17,31.470233917236328
2018-04-18,31.38699722290039
2018-04-19,31.04026222229004
2018-04-20,30.610307693481445
2018-04-23,30.499347686767578
2018-04-24,29.96767807006836
2018-04-25,29.972305297851562
2018-04-26,30.51784324645996
2018-04-27,30.46236228942871
2018-04-30,30.263565063476562
2018-05-01,30.642663955688477
2018-05-02,30.610307693481445
2018-05-03,30.679656982421875
2018-05-04,31.262184143066406
2018-05-07,31.479475021362305
2018-05-08,31.54881477355957
2018-05-09,31.93717384338379
2018-05-10,32.3532600402832
2018-05-11,32.30702209472656
2018-05-14,32.302406311035156
2018-05-15,31.99727439880371
2018-05-16,32.14059066772461
2018-05-17,31.974163055419922
2018-05-18,31.840084075927734
2018-05-21,32.117462158203125
2018-05-22,32.07124710083008
2018-05-23,32.30702209472656
2018-05-24,32.270057678222656
2018-05-25,32.24693298339844
2018-05-29,32.07124710083008
2018-05-30,32.30702209472656
2018-05-31,32.31627655029297
2018-06-01,32.86643981933594
2018-06-04,33.12996292114258
2018-06-05,33.24553680419922
2018-06-06,33.462825775146484
2018-06-07,33.19468307495117
2018-06-08,33.13920211791992
2018-06-11,33.17618942260742
2018-06-12,33.33800506591797
2018-06-13,33.16693878173828
2018-06-14,33.402740478515625
2018-06-15,33.275142669677734
2018-06-18,33.31226348876953
2018-06-19,33.14059066772461
2018-06-20,33.21018981933594
2018-06-21,32.95500564575195
2018-06-22,32.848297119140625
2018-06-25,32.16626739501953
2018-06-26,32.29618453979492
2018-06-27,31.85541343688965
2018-06-28,32.245147705078125
2018-06-29,32.231224060058594
2018-07-02,32.518890380859375
2018-07-03,32.1338005065918
2018-07-05,32.588470458984375
2018-07-06,32.96892547607422
2018-07-09,33.21947479248047
2018-07-10,33.298336029052734
2018-07-11,33.168418884277344
2018-07-12,33.69271469116211
2018-07-13,33.65558624267578
2018-07-16,33.57672119140625
2018-07-17,33.827247619628906
2018-07-18,33.771575927734375
2018-07-19,33.650943756103516
2018-07-20,33.660221099853516
2018-07-23,33.83189392089844
2018-07-24,34.0174674987793
2018-07-25,34.44432067871094
2018-07-26,33.915401458740234
2018-07-27,33.33545684814453
2018-07-30,32.815826416015625
2018-07-31,32.90397262573242
2018-08-01,33.20090103149414
2018-08-02,33.618473052978516
2018-08-03,33.73910140991211
2018-08-06,33.920040130615234
2018-08-07,34.049957275390625
2018-08-08,34.14274215698242
2018-08-09,34.15665054321289
2018-08-10,33.88291931152344
2018-08-13,33.83652114868164
2018-08-14,34.045310974121094
2018-08-15,33.73910140991211
2018-08-16,33.88756561279297
2018-08-17,33.938594818115234
2018-08-20,33.88756561279297
2018-08-21,33.94325256347656
2018-08-22,34.045310974121094
2018-08-23,34.119544982910156
2018-08-24,34.46287155151367
2018-08-27,34.77836227416992
2018-08-28,34.838687896728516
2018-08-29,35.154178619384766
2018-08-30,35.047462463378906
2018-08-31,35.07530975341797
2018-09-04,34.94075393676758
2018-09-05,34.504642486572266
2018-09-06,34.25410079956055
2018-09-07,34.13811111450195
2018-09-10,34.244815826416016
2018-09-11,34.537105560302734
2018-09-12,34.393280029296875
2018-09-13,34.79692077636719
2018-09-14,34.76909637451172
2018-09-17,34.332950592041016
2018-09-18,34.55101776123047
2018-09-19,34.46287155151367
2018-09-20,34.87117385864258
2018-09-21,34.733360290527344
2018-09-24,34.90560531616211
2018-09-25,34.863704681396484
2018-09-26,34.733360290527344
2018-09-27,34.93819046020508
2018-09-28,35.068538665771484
2018-10-01,35.23613357543945
2018-10-02,35.24079513549805
2018-10-03,35.34787368774414
2018-10-04,34.7100830078125
2018-10-05,34.27248001098633
2018-10-08,33.88609313964844
2018-10-09,34.00713348388672
2018-10-10,32.359153747558594
2018-10-11,31.94947052001953
2018-10-12,32.97364807128906
2018-10-15,32.43363571166992
2018-10-16,33.41123962402344
2018-10-17,33.257625579833984
2018-10-18,32.60588073730469
2018-10-19,32.5919075012207
2018-10-22,32.86191177368164
2018-10-23,32.73622512817383
2018-10-24,31.269794464111328
2018-10-25,32.34518051147461
2018-10-26,31.69809341430664
2018-10-29,31.162723541259766
2018-10-30,31.511884689331055
2018-10-31,32.261383056640625
2018-11-01,32.63846969604492
2018-11-02,32.00069046020508
2018-11-05,31.968090057373047
2018-11-06,32.16827392578125
2018-11-07,33.113311767578125
2018-11-08,33.08537292480469
2018-11-09,32.51276779174805
2018-11-12,31.36756706237793
2018-11-13,31.404804229736328
2018-11-14,31.02772331237793
2018-11-15,31.805160522460938
2018-11-16,31.75394630432129
2018-11-19,30.54357147216797
2018-11-20,29.887168884277344
2018-11-21,30.10597038269043
2018-11-23,29.831308364868164
2018-11-26,30.506332397460938
2018-11-27,30.566850662231445
2018-11-28,31.63756561279297
2018-11-29,31.330324172973633
2018-11-30,31.628257751464844
2018-12-03,32.32656478881836
2018-12-04,31.102205276489258
2018-12-06,31.172033309936523
2018-12-07,30.07337760925293
2018-12-10,30.487712860107422
2018-12-11,30.524944305419922
2018-12-12,30.76237678527832
2018-12-13,30.813579559326172
2018-12-14,30.059415817260742
2018-12-17,29.42163848876953
2018-12-18,29.654403686523438
2018-12-19,29.067832946777344
2018-12-20,28.546436309814453
2018-12-21,27.67912483215332
2018-12-24,26.940387725830078
2018-12-26,28.567474365234375
2018-12-27,28.773202896118164
2018-12-28,28.707744598388672
2018-12-31,28.97892189025879
2019-01-02,28.997629165649414
2019-01-03,27.534189224243164
2019-01-04,28.754493713378906
2019-01-07,29.01165008544922
2019-01-08,29.254777908325195
2019-01-09,29.633495330810547
2019-01-10,29.764413833618164
2019-01-11,29.708309173583984
2019-01-14,29.43244743347168
2019-01-15,29.876628875732422
2019-01-16,29.904674530029297
2019-01-17,30.096376419067383
2019-01-18,30.554576873779297
2019-01-22,30.040273666381836
2019-01-23,30.143129348754883
2019-01-24,30.39560890197754
2019-01-25,30.825756072998047
2019-01-28,30.414310455322266
2019-01-29,30.087024688720703
2019-01-30,31.022125244140625
2019-01-31,30.989398956298828
2019-02-01,31.171743392944336
2019-02-04,31.67202377319336
2019-02-05,31.938528060913086
2019-02-06,32.04606628417969
2019-02-07,31.606569290161133
2019-02-08,31.788911819458008
2019-02-11,31.774885177612305
2019-02-12,32.195682525634766
2019-02-13,32.23775863647461
2019-02-14,32.293880462646484
2019-02-15,32.55103302001953
2019-02-19,32.56037902832031
2019-02-20,32.5977783203125
2019-02-21,32.611812591552734
2019-02-22,33.02792739868164
2019-02-25,33.18690872192383
2019-02-26,33.25703048706055
2019-02-27,33.224300384521484
2019-02-28,33.13079071044922
2019-03-01,33.3552131652832
2019-03-04,33.22897720336914
2019-03-05,33.13079071044922
2019-03-06,32.957794189453125
2019-03-07,32.644535064697266
2019-03-08,32.639869689941406
2019-03-11,33.3411865234375
2019-03-12,33.53755569458008
2019-03-13,33.757320404052734
2019-03-14,33.82743453979492
2019-03-15,34.2369384765625
2019-03-18,34.38234329223633
2019-03-19,34.45270538330078
2019-03-20,34.35887908935547
2019-03-21,35.22196578979492
2019-03-22,34.3917350769043
2019-03-25,34.24162292480469
2019-03-26,34.42925262451172
2019-03-27,34.23225021362305
2019-03-28,34.37296676635742
2019-03-29,34.710689544677734
2019-04-01,35.1844482421875
2019-04-02,35.306400299072266
2019-04-03,35.592533111572266
2019-04-04,35.44242858886719
2019-04-05,35.611305236816406
2019-04-08,35.747318267822266
2019-04-09,35.578468322753906
2019-04-10,35.82705307006836
2019-04-11,35.78015899658203
2019-04-12,36.02876281738281
2019-04-15,36.01468276977539
2019-04-16,36.19762420654297
2019-04-17,36.39931869506836
2019-04-18,36.50251007080078
2019-04-22,36.586944580078125
2019-04-23,36.98564910888672
2019-04-24,36.999725341796875
2019-04-25,36.99032974243164
2019-04-26,36.8496208190918
2019-04-29,36.85899353027344
2019-04-30,36.91997146606445
2019-05-01,36.82615661621094
2019-05-02,36.63385009765625
2019-05-03,36.98095703125
2019-05-06,36.6948356628418
2019-05-07,35.90681076049805
2019-05-08,35.86457824707031
2019-05-09,35.620670318603516
2019-05-10,35.73326110839844
2019-05-13,34.38703536987305
2019-05-14,34.94053649902344
2019-05-15,35.320465087890625
2019-05-16,35.644126892089844
2019-05-17,35.357994079589844
2019-05-20,34.743526458740234
2019-05-21,35.17036819458008
2019-05-22,34.98743438720703
2019-05-23,34.37296676635742
2019-05-24,34.38234329223633
2019-05-28,34.283843994140625
2019-05-29,34.0821533203125
2019-05-30,34.29322052001953
2019-05-31,33.720977783203125
2019-06-03,33.12994384765625
2019-06-04,34.2369384765625
2019-06-05,34.68254852294922
2019-06-06,35.0859489440918
2019-06-07,35.73794174194336
2019-06-10,36.10381317138672
2019-06-11,36.10381317138672
2019-06-12,35.90211486816406
2019-06-13,36.00999450683594
2019-06-14,35.69572830200195
2019-06-17,35.723873138427734
2019-06-18,36.371177673339844
2019-06-19,36.50251007080078
2019-06-20,37.0372428894043
2019-06-21,36.86213302612305
2019-06-24,36.9327507019043
2019-06-25,36.25490188598633
2019-06-26,36.645606994628906
2019-06-27,36.73975372314453
2019-06-28,36.73504638671875
2019-07-01,37.3187370300293
2019-07-02,37.4175910949707
2019-07-03,37.70473098754883
2019-07-05,37.63412094116211
2019-07-08,37.346981048583984
2019-07-09,37.478782653808594
2019-07-10,37.775333404541016
2019-07-11,37.91654586791992
2019-07-12,38.194271087646484
2019-07-15,38.32137680053711
2019-07-16,37.963626861572266
2019-07-17,37.86476516723633
2019-07-18,38.14719772338867
2019-07-19,37.98244857788086
2019-07-22,38.420230865478516
2019-07-23,38.632041931152344
2019-07-24,38.9521369934082
2019-07-25,38.79209899902344
2019-07-26,38.8768310546875
2019-07-29,38.85329055786133
2019-07-30,38.60380554199219
2019-07-31,38.020111083984375
2019-08-01,37.82712173461914
2019-08-02,37.21046829223633
2019-08-05,35.6570930480957
2019-08-06,36.25019836425781
2019-08-07,36.47614288330078
2019-08-08,37.37051773071289
2019-08-09,36.946861267089844
2019-08-12,36.46202850341797
2019-08-13,37.375221252441406
2019-08-14,36.22666931152344
2019-08-15,36.160762786865234
2019-08-16,36.84801483154297
2019-08-19,37.408180236816406
2019-08-20,37.219886779785156
2019-08-21,37.65764617919922
2019-08-22,37.568214416503906
2019-08-23,36.32551574707031
2019-08-26,36.829185485839844
2019-08-27,36.772701263427734
2019-08-28,36.80564880371094
2019-08-29,37.44583511352539
2019-08-30,37.43641662597656
2019-09-03,36.97981262207031
2019-09-04,37.6105842590332
2019-09-05,38.396690368652344
2019-09-06,38.363739013671875
2019-09-09,38.07661056518555
2019-09-10,37.883602142333984
2019-09-11,38.278995513916016
2019-09-12,38.48612976074219
2019-09-13,38.203697204589844
2019-09-16,38.10955047607422
2019-09-17,38.26488494873047
2019-09-18,38.26018142700195
2019-09-19,38.34490966796875
2019-09-20,37.89775085449219
2019-09-23,38.01578903198242
2019-09-24,37.64748764038086
2019-09-25,38.0960693359375
2019-09-26,38.1385612487793
2019-09-27,37.62860870361328
2019-09-30,38.02524185180664
2019-10-01,37.67109298706055
2019-10-02,36.96281433105469
2019-10-03,37.416114807128906
2019-10-04,38.034671783447266
2019-10-07,37.874141693115234
2019-10-08,37.18001937866211
2019-10-09,37.73248291015625
2019-10-10,37.99217987060547
2019-10-11,38.51631546020508
2019-10-14,38.492713928222656
2019-10-15,38.91767501831055
2019-10-16,38.648521423339844
2019-10-17,38.572967529296875
2019-10-18,38.20466995239258
2019-10-21,38.61547088623047
2019-10-22,38.0960693359375
2019-10-23,38.12911605834961
2019-10-24,38.68629455566406
2019-10-25,39.15376663208008
2019-10-28,39.649566650390625
2019-10-29,39.29069900512695
2019-10-30,39.531517028808594
2019-10-31,39.50790786743164
2019-11-01,39.98009490966797
2019-11-04,40.18785858154297
2019-11-05,40.140625
2019-11-06,40.121742248535156
2019-11-07,40.4381217956543
2019-11-08,40.664764404296875
2019-11-11,40.683658599853516
2019-11-12,40.82058334350586
2019-11-13,40.91029739379883
2019-11-14,40.86308670043945
2019-11-15,41.1936149597168
2019-11-18,41.316375732421875
2019-11-19,41.396644592285156
2019-11-20,41.146400451660156
2019-11-21,40.938629150390625
2019-11-22,40.88668441772461
2019-11-25,41.48164367675781
2019-11-26,41.519412994384766
2019-11-27,41.75079345703125
2019-11-29,41.62802505493164
2019-12-02,41.0330810546875
2019-12-03,40.66949462890625
2019-12-04,40.83475112915039
2019-12-05,40.985862731933594
2019-12-06,41.439151763916016
2019-12-09,41.22195053100586
2019-12-10,41.25499725341797
2019-12-11,41.533592224121094
2019-12-12,41.977447509765625
2019-12-13,42.25603485107422
2019-12-16,42.633785247802734
2019-12-17,42.53462600708008
2019-12-18,42.52989959716797
2019-12-19,42.83682632446289
2019-12-20,43.085540771484375
2019-12-23,43.20869445800781
2019-12-24,43.22291946411133
2019-12-26,43.54505157470703
2019-12-27,43.54031753540039
2019-12-30,43.28923416137695
2019-12-31,43.42661666870117
2020-01-02,44.241424560546875
2020-01-03,43.7440071105957
2020-01-06,43.84823226928711
2020-01-07,43.829280853271484
2020-01-08,44.29826736450195
2020-01-09,44.80043411254883
2020-01-10,44.69621658325195
2020-01-13,45.25520706176758
2020-01-14,45.04203796386719
2020-01-15,45.094139099121094
2020-01-16,45.70050811767578
2020-01-17,46.00843048095703
2020-01-21,45.98948287963867
2020-01-22,46.15528869628906
2020-01-23,46.373199462890625
2020-01-24,46.15528869628906
2020-01-27,45.056243896484375
2020-01-28,45.918418884277344
2020-01-29,46.03685760498047
2020-01-30,46.434783935546875
2020-01-31,45.16045379638672
2020-02-03,45.75735855102539
2020-02-04,46.95587921142578
2020-02-05,47.23064422607422
2020-02-06,47.661746978759766
2020-02-07,47.225914001464844
2020-02-10,47.86545181274414
2020-02-11,47.704376220703125
2020-02-12,48.22074508666992
2020-02-13,48.09282684326172
2020-02-14,48.301273345947266
2020-02-18,48.121253967285156
2020-02-19,48.6944694519043
2020-02-20,48.187583923339844
2020-02-21,47.107479095458984
2020-02-24,45.16045379638672
2020-02-25,43.7155876159668
2020-02-26,43.914554595947266
2020-02-27,41.545921325683594
2020-02-28,41.863319396972656
2020-03-02,44.284061431884766
2020-03-03,42.60233688354492
2020-03-04,44.4309196472168
2020-03-05,43.0286865234375
2020-03-06,42.11913299560547
2020-03-09,38.92146301269531
2020-03-10,41.51749038696289
2020-03-11,39.5562744140625
2020-03-12,35.695369720458984
2020-03-13,39.88314437866211
2020-03-16,34.37367248535156
2020-03-17,36.71390151977539
2020-03-18,35.33061599731445
2020-03-19,35.45851516723633
2020-03-20,33.8336296081543
2020-03-23,33.524574279785156
2020-03-24,36.95798873901367
2020-03-25,36.910377502441406
2020-03-26,39.19613265991211
2020-03-27,37.42466735839844
2020-03-30,39.000885009765625
2020-03-31,38.27230453491211
2020-04-01,36.44845199584961
2020-04-02,37.30085372924805
2020-04-03,36.724639892578125
2020-04-06,39.858055114746094
2020-04-07,39.50090408325195
2020-04-08,40.56283187866211
2020-04-09,40.572349548339844
2020-04-13,40.66282653808594
2020-04-14,42.36763381958008
2020-04-15,41.44380569458008
2020-04-16,41.94857406616211
2020-04-17,42.5057373046875
2020-04-20,41.824764251708984
2020-04-21,40.072349548339844
2020-04-22,41.615234375
2020-04-23,41.32951736450195
2020-04-24,42.205726623535156
2020-04-27,42.56765365600586
2020-04-28,42.00095748901367
2020-04-29,43.724796295166016
2020-04-30,43.529571533203125
2020-05-01,42.334312438964844
2020-05-04,42.896217346191406
2020-05-05,43.48671340942383
2020-05-06,43.824806213378906
2020-05-07,44.48196792602539
2020-05-08,45.13435745239258
2020-05-11,45.43437576293945
2020-05-12,44.49625778198242
2020-05-13,43.729576110839844
2020-05-14,44.28672790527344
2020-05-15,44.51054000854492
2020-05-18,45.601051330566406
2020-05-19,45.43437576293945
2020-05-20,46.42962646484375
2020-05-21,45.78199768066406
2020-05-22,45.94866943359375
2020-05-26,45.90104675292969
2020-05-27,46.1629638671875
2020-05-28,46.07248306274414
2020-05-29,46.6534423828125
2020-06-01,46.63916015625
2020-06-02,47.077274322509766
2020-06-03,47.443946838378906
2020-06-04,47.05345916748047
2020-06-05,48.29158401489258
2020-06-08,48.53445053100586
2020-06-09,48.763023376464844
2020-06-10,49.57732391357422
2020-06-11,46.734405517578125
2020-06-12,47.339176177978516
2020-06-15,47.796329498291016
2020-06-16,48.815399169921875
2020-06-17,48.805885314941406
2020-06-18,49.02492141723633
2020-06-19,48.68682861328125
2020-06-22,49.6041374206543
2020-06-23,49.96226501464844
2020-06-24,48.8353385925293
2020-06-25,49.460880279541016
2020-06-26,48.486759185791016
2020-06-29,49.016780853271484
2020-06-30,49.8953971862793
2020-07-01,49.976593017578125
2020-07-02,50.26787567138672
2020-07-06,51.14649963378906
2020-07-07,50.611690521240234
2020-07-08,51.437782287597656
2020-07-09,51.6240234375
2020-07-10,51.60969924926758
2020-07-13,50.540061950683594
2020-07-14,51.12262725830078
2020-07-15,51.39958953857422
2020-07-16,50.76449203491211
2020-07-17,51.012794494628906
2020-07-20,52.316402435302734
2020-07-21,51.7911491394043
2020-07-22,52.206581115722656
2020-07-23,50.85043716430664
2020-07-24,50.23444747924805
2020-07-27,51.027130126953125
2020-07-28,50.43022918701172
2020-07-29,51.16082763671875
2020-07-30,51.447330474853516
2020-07-31,52.731849670410156
2020-08-03,54.03068542480469
2020-08-04,54.16916275024414
2020-08-05,54.36972427368164
2020-08-06,55.13374328613281
2020-08-07,54.31241989135742
2020-08-10,54.15961837768555
2020-08-11,53.18548583984375
2020-08-12,54.39359664916992
2020-08-13,54.41748046875
2020-08-14,54.3792724609375
2020-08-17,54.74217987060547
2020-08-18,54.9475212097168
2020-08-19,54.88065719604492
2020-08-20,55.61125564575195
2020-08-21,56.31797790527344
2020-08-24,56.80503845214844
2020-08-25,57.0915412902832
2020-08-26,58.251914978027344
2020-08-27,58.29964828491211
2020-08-28,58.81060028076172
2020-08-31,58.996826171875
2020-09-01,60.1237678527832
2020-09-02,60.65857696533203
2020-09-03,57.20137405395508
2020-09-04,56.40392303466797
2020-09-08,53.85399627685547
2020-09-09,55.61125564575195
2020-09-10,54.35539245605469
2020-09-11,53.9399528503418
2020-09-14,55.07166290283203
2020-09-15,55.61603927612305
2020-09-16,54.756507873535156
2020-09-17,54.3028678894043
2020-09-18,53.366943359375
2020-09-21,53.810577392578125
2020-09-22,54.66242980957031
2020-09-23,52.95872497558594
2020-09-24,53.25543212890625
2020-09-25,54.52843475341797
2020-09-28,55.57172393798828
2020-09-29,55.38507843017578
2020-09-30,55.84928894042969
2020-10-01,56.43793487548828
2020-10-02,55.00700378417969
2020-10-05,56.2130126953125
2020-10-06,55.34200668334961
2020-10-07,56.35657501220703
2020-10-08,56.64851379394531
2020-10-09,57.51472091674805
2020-10-12,59.08442306518555
2020-10-13,58.70635986328125
2020-10-14,58.39529037475586
2020-10-15,58.132080078125
2020-10-16,57.964576721191406
2020-10-19,56.90214920043945
2020-10-20,57.098365783691406
2020-10-21,57.0122184753418
2020-10-22,56.744224548339844
2020-10-23,56.6820068359375
2020-10-26,55.45207977294922
2020-10-27,55.72963333129883
2020-10-28,53.36550521850586
2020-10-29,54.255653381347656
2020-10-30,53.05443572998047
2020-11-02,53.18844223022461
2020-11-03,54.12642288208008
2020-11-04,56.23214340209961
2020-11-05,57.97892379760742
2020-11-06,58.184722900390625
2020-11-09,57.763572692871094
2020-11-10,56.68678283691406
2020-11-11,58.03158187866211
2020-11-12,57.51472091674805
2020-11-13,58.002864837646484
2020-11-16,58.562801361083984
2020-11-17,58.23736572265625
2020-11-18,57.61521530151367
2020-11-19,58.07943344116211
2020-11-20,57.48122024536133
2020-11-23,57.46686935424805
2020-11-24,58.26607894897461
2020-11-25,58.39049530029297
2020-11-27,58.70158004760742
2020-11-30,59.09400939941406
2020-12-01,59.85014343261719
2020-12-02,59.759212493896484
2020-12-03,59.7209358215332
2020-12-04,60.31914520263672
2020-12-07,60.49143600463867
2020-12-08,60.68763732910156
2020-12-09,59.524723052978516
2020-12-10,59.61085891723633
2020-12-11,59.48643493652344
2020-12-14,59.70178985595703
2020-12-15,60.69721984863281
2020-12-16,61.108795166015625
2020-12-17,61.59214401245117
2020-12-18,61.37680435180664
2020-12-21,61.43819046020508
2020-12-22,61.97064208984375
2020-12-23,61.500553131103516
2020-12-24,61.90827560424805
2020-12-28,62.60862350463867
2020-12-29,62.31121826171875
2020-12-30,62.277652740478516
2020-12-31,62.368778228759766
2021-01-04,61.35184097290039
2021-01-05,61.74998474121094
2021-01-06,60.68508529663086
2021-01-07,62.32081604003906
2021-01-08,62.7237434387207
2021-01-11,62.20568084716797
2021-01-12,61.90827560424805
2021-01-13,62.30162811279297
2021-01-14,61.754783630371094
2021-01-15,61.1215934753418
2021-01-19,61.91786575317383
2021-01-20,63.14585876464844
2021-01-21,63.961341857910156
2021-01-22,63.716705322265625
2021-01-25,64.24913787841797
2021-01-26,64.29232788085938
2021-01-27,63.07871627807617
2021-01-28,63.33774948120117
2021-01-29,61.845916748046875
2021-02-01,63.39530563354492
2021-02-02,64.25393676757812
2021-02-03,64.03329467773438
2021-02-04,65.05500030517578
2021-02-05,64.91110229492188
2021-02-08,65.5922622680664
2021-02-09,65.51551055908203
2021-02-10,65.41960906982422
2021-02-11,66.13912963867188
2021-02-12,66.47967529296875
2021-02-16,66.26384735107422
2021-02-17,65.6786117553711
2021-02-18,65.35723114013672
2021-02-19,65.26129913330078
2021-02-22,63.82222366333008
2021-02-23,63.64473342895508
2021-02-24,64.6185073852539
2021-02-25,62.35917663574219
2021-02-26,62.69019317626953
2021-03-01,64.70964813232422
2021-03-02,63.68312454223633
2021-03-03,62.08097839355469
2021-03-04,60.70907211303711
2021-03-05,61.855525970458984
2021-03-08,60.358890533447266
2021-03-09,62.411949157714844
2021-03-10,62.16252136230469
2021-03-11,63.49125289916992
2021-03-12,63.035545349121094
2021-03-15,63.70710754394531
2021-03-16,64.1867904663086
2021-03-17,64.13404083251953
2021-03-18,62.354393005371094
2021-03-19,62.16732406616211
2021-03-22,63.38971710205078
2021-03-23,62.99555969238281
2021-03-24,62.23126220703125
2021-03-25,62.19279479980469
2021-03-26,63.7742805480957
2021-03-29,63.44260025024414
2021-03-30,62.84172058105469
2021-03-31,63.841590881347656
2021-04-01,65.12504577636719
2021-04-05,66.47100067138672
2021-04-06,66.1874008178711
2021-04-07,66.5383071899414
2021-04-08,67.49971771240234
2021-04-09,68.14864349365234
2021-04-12,67.8217544555664
2021-04-13,68.4610824584961
2021-04-14,67.73526000976562
2021-04-15,68.89855194091797
2021-04-16,68.88410949707031
2021-04-19,68.31206512451172
2021-04-20,67.70640563964844
2021-04-21,68.38897705078125
2021-04-22,67.58623504638672
2021-04-23,68.59568786621094
2021-04-26,68.94660186767578
2021-04-27,68.77836608886719
2021-04-28,68.13902282714844
2021-04-29,68.08135223388672
2021-04-30,67.15359497070312
2021-05-03,66.96613311767578
2021-05-04,65.76436614990234
2021-05-05,65.60575103759766
2021-05-06,66.26431274414062
2021-05-07,66.83153533935547
2021-05-10,65.14427185058594
2021-05-11,64.94718170166016
2021-05-12,63.120548248291016
2021-05-13,63.956947326660156
2021-05-14,65.36539459228516
2021-05-17,64.88470458984375
2021-05-18,64.36553955078125
2021-05-19,64.59148406982422
2021-05-20,65.8268814086914
2021-05-21,65.46636199951172
2021-05-24,66.62964630126953
2021-05-25,66.64887237548828
2021-05-26,66.64405059814453
2021-05-27,66.29315948486328
2021-05-28,66.5286865234375
2021-06-01,66.20182800292969
2021-06-02,66.6584701538086
2021-06-03,66.03837585449219
2021-06-04,67.30741882324219
2021-06-07,67.29299926757812
2021-06-08,67.29779815673828
2021-06-09,67.34589385986328
2021-06-10,67.84102630615234
2021-06-11,68.24478912353516
2021-06-14,68.93699645996094
2021-06-15,68.51399230957031
2021-06-16,68.1438217163086
2021-06-17,68.93217468261719
2021-06-18,68.30245971679688
2021-06-21,69.03446960449219
2021-06-22,69.66051483154297
2021-06-23,69.58345794677734
2021-06-24,70.02169036865234
2021-06-25,69.9398422241211
2021-06-28,70.67182922363281
2021-06-29,71.1871337890625
2021-06-30,71.11006927490234
2021-07-01,71.23047637939453
2021-07-02,72.1695556640625
2021-07-06,72.44403839111328
2021-07-07,72.83894348144531
2021-07-08,72.15030670166016
2021-07-09,72.81486511230469
2021-07-12,72.87265014648438
2021-07-13,73.17123413085938
2021-07-14,73.71060943603516
2021-07-15,73.10382843017578
2021-07-16,72.3814468383789
2021-07-19,71.38458251953125
2021-07-20,72.44403839111328
2021-07-21,73.14234924316406
2021-07-22,73.6817398071289
2021-07-23,74.41371154785156
2021-07-26,74.37518310546875
2021-07-27,73.67208099365234
2021-07-28,73.58058166503906
2021-07-29,73.92252349853516
2021-07-30,73.87432861328125
2021-08-02,73.60946655273438
2021-08-03,74.0814208984375
2021-08-04,74.230712890625
2021-08-05,74.64006042480469
2021-08-06,74.57746124267578
2021-08-09,74.33666229248047
2021-08-10,73.80210876464844
2021-08-11,73.81173706054688
2021-08-12,74.23551940917969
2021-08-13,74.64006042480469
2021-08-16,74.97718048095703
2021-08-17,74.35591125488281
2021-08-18,73.33016204833984
2021-08-19,74.0477066040039
2021-08-20,75.0012435913086
2021-08-23,75.96922302246094
2021-08-24,75.88253784179688
2021-08-25,75.83917999267578
2021-08-26,75.36244201660156
2021-08-27,76.08961486816406
2021-08-30,76.90829467773438
2021-08-31,76.50377655029297
2021-09-01,76.52304077148438
2021-09-02,76.441162109375
2021-09-03,76.74454498291016
2021-09-07,76.7638168334961
2021-09-08,76.47005462646484
2021-09-09,76.18111419677734
2021-09-10,75.42985534667969
2021-09-13,75.45392608642578
2021-09-14,75.35761260986328
2021-09-15,76.01737976074219
2021-09-16,76.06072998046875
2021-09-17,74.87603759765625
2021-09-20,73.51220703125
2021-09-21,73.54115295410156
2021-09-22,74.54942321777344
2021-09-23,75.54804992675781
2021-09-24,75.60112762451172
2021-09-27,74.86785125732422
2021-09-28,72.64867401123047
2021-09-29,72.55701446533203
2021-09-30,72.03598022460938
2021-10-01,73.12144470214844
2021-10-04,71.4281234741211
2021-10-05,72.44605255126953
2021-10-06,72.91881561279297
2021-10-07,73.58456420898438
2021-10-08,73.30958557128906
2021-10-11,72.90435028076172
2021-10-12,72.5280532836914
2021-10-13,72.97188568115234
2021-10-14,74.61695861816406
2021-10-15,75.21517944335938
2021-10-18,75.85197448730469
2021-10-19,76.60456848144531
2021-10-20,76.39228820800781
2021-10-21,76.68656921386719
2021-10-22,76.42122650146484
2021-10-25,76.67210388183594
2021-10-26,76.88919830322266
2021-10-27,76.82166290283203
2021-10-28,77.59355163574219
2021-10-29,77.9264144897461
2021-11-01,77.81062316894531
2021-11-02,78.49566650390625
2021-11-03,78.95398712158203
2021-11-04,80.18899536132812
2021-11-05,80.6038818359375
2021-11-08,81.03804779052734
2021-11-09,80.70519256591797
2021-11-10,79.37371063232422
2021-11-11,79.74515533447266
2021-11-12,80.71485137939453
2021-11-15,80.6328353881836
2021-11-16,81.48189544677734
2021-11-17,81.23587036132812
2021-11-18,82.04635620117188
2021-11-19,82.64453887939453
2021-11-22,81.72309875488281
2021-11-23,81.53496551513672
2021-11-24,82.12834930419922
2021-11-26,80.07804870605469
2021-11-29,82.0801010131836
2021-11-30,81.39505767822266
2021-12-01,80.2806625366211
2021-12-02,81.01876831054688
2021-12-03,79.66314697265625
2021-12-06,80.42056274414062
2021-12-07,83.2282943725586
2021-12-08,83.60939025878906
2021-12-09,82.70726013183594
2021-12-10,84.36681365966797
2021-12-13,83.11250305175781
2021-12-14,81.74725341796875
2021-12-15,83.913330078125
2021-12-16,81.53496551513672
2021-12-17,80.98983764648438
2021-12-20,80.02653503417969
2021-12-21,82.05171966552734
2021-12-22,83.12472534179688
2021-12-23,83.5887451171875
2021-12-27,85.38192749023438
2021-12-28,84.93726348876953
2021-12-29,85.009765625
2021-12-30,84.44908905029297
2021-12-31,84.03824615478516
2022-01-03,84.83574676513672
2022-01-04,83.93675231933594
2022-01-05,81.355712890625
2022-01-06,80.94489288330078
2022-01-07,80.20053100585938
2022-01-10,80.21503448486328
2022-01-11,81.1768798828125
2022-01-12,81.5587158203125
2022-01-13,79.44651794433594
2022-01-14,80.11837005615234
2022-01-18,78.19466400146484
2022-01-19,77.10233306884766
2022-01-20,76.10663604736328
2022-01-21,74.59379577636719
2022-01-24,74.98046875
2022-01-25,73.24527740478516
2022-01-26,73.67545318603516
2022-01-27,73.16795349121094
2022-01-28,76.36764526367188
2022-01-31,78.28650665283203
2022-02-01,78.48950958251953
2022-02-02,79.12752532958984
2022-02-03,76.8316650390625
2022-02-04,77.14100646972656
2022-02-07,76.62864685058594
2022-02-08,77.57601165771484
2022-02-09,79.29667663574219
2022-02-10,77.2231674194336
2022-02-11,74.86447143554688
2022-02-14,74.84030151367188
2022-02-15,76.80748748779297
2022-02-16,76.73014831542969
2022-02-17,74.43428802490234
2022-02-18,73.68028259277344
2022-02-22,72.998779296875
2022-02-23,71.17174530029297
2022-02-24,73.60295104980469
2022-02-25,74.60346221923828
2022-02-28,74.4681396484375
2022-03-01,72.97946166992188
2022-03-02,74.55995178222656
2022-03-03,73.67060089111328
2022-03-04,72.3801040649414
2022-03-07,69.73139953613281
2022-03-08,69.39305877685547
2022-03-09,72.13844299316406
2022-03-10,70.87691497802734
2022-03-11,69.62987518310547
2022-03-14,68.33936309814453
2022-03-15,70.63525390625
2022-03-16,72.93109893798828
2022-03-17,73.44828033447266
2022-03-18,74.95147705078125
2022-03-21,74.8091049194336
2022-03-22,75.88411712646484
2022-03-23,74.71710968017578
2022-03-24,76.65888214111328
2022-03-25,76.61529541015625
2022-03-28,77.52564239501953
2022-03-29,79.17203521728516
2022-03-30,78.11640167236328
2022-03-31,76.9590835571289
2022-04-01,76.73151397705078
2022-04-04,78.18903350830078
2022-04-05,76.54267883300781
2022-04-06,74.73162078857422
2022-04-07,74.84785461425781
2022-04-08,73.80191040039062
2022-04-11,71.94244384765625
2022-04-12,71.62284851074219
2022-04-13,72.77532958984375
2022-04-14,71.00787353515625
2022-04-18,71.24030303955078
2022-04-19,72.57679748535156
2022-04-20,72.5090103149414
2022-04-21,71.279052734375
2022-04-22,69.28401184082031
2022-04-25,70.32510375976562
2022-04-26,67.70539855957031
2022-04-27,68.7077865600586
2022-04-28,71.45820617675781
2022-04-29,68.48017883300781
2022-05-02,69.52127838134766
2022-05-03,69.64234924316406
2022-05-04,72.08769989013672
2022-05-05,68.62059783935547
2022-05-06,68.06858825683594
2022-05-09,65.43437194824219
2022-05-10,66.43187713623047
2022-05-11,64.33515930175781
2022-05-12,63.671756744384766
2022-05-13,65.787841796875
2022-05-16,65.20677185058594
2022-05-17,67.09527587890625
2022-05-18,64.02525329589844
2022-05-19,63.323097229003906
2022-05-20,63.463539123535156
2022-05-23,64.92105865478516
2022-05-24,63.95745849609375
2022-05-25,64.70317077636719
2022-05-26,66.2575454711914
2022-05-27,68.49956512451172
2022-05-31,68.0104751586914
2022-06-01,67.80709838867188
2022-06-02,69.44863891601562
2022-06-03,67.78773498535156
2022-06-06,67.7925796508789
2022-06-07,68.60124969482422
2022-06-08,67.82647705078125
2022-06-09,66.01544189453125
2022-06-10,63.478065490722656
2022-06-13,60.6646614074707
2022-06-14,61.047210693359375
2022-06-15,62.33527374267578
2022-06-16,59.797889709472656
2022-06-17,60.34507369995117
2022-06-21,61.88068389892578
2022-06-22,61.61851501464844
2022-06-23,62.540958404541016
2022-06-24,64.78878784179688
2022-06-27,64.35183715820312
2022-06-28,62.4244270324707
2022-06-29,62.5506591796875
2022-06-30,61.71561813354492
2022-07-01,61.85640335083008
2022-07-05,62.6331787109375
2022-07-06,63.172080993652344
2022-07-07,64.47805786132812
2022-07-08,64.50719451904297
2022-07-11,63.618743896484375
2022-07-12,62.749717712402344
2022-07-13,62.58464431762695
2022-07-14,63.15751266479492
2022-07-15,64.2693099975586
2022-07-18,63.647891998291016
2022-07-19,65.58984375
2022-07-20,66.61422729492188
2022-07-21,67.55121612548828
2022-07-22,66.61908721923828
2022-07-25,66.19670867919922
2022-07-26,65.1237564086914
2022-07-27,67.92505645751953
2022-07-28,68.95915222167969
2022-07-29,70.01751708984375
2022-08-01,69.86701965332031
2022-08-02,69.3718032836914
2022-08-03,71.2166748046875
2022-08-04,71.54195404052734
2022-08-05,71.37688446044922
2022-08-08,70.77003479003906
2022-08-09,70.06121063232422
2022-08-10,71.97404479980469
2022-08-11,71.69246673583984
2022-08-12,73.11980438232422
2022-08-15,73.5810317993164
2022-08-16,73.38197326660156
2022-08-17,72.8576431274414
2022-08-18,73.23632049560547
2022-08-19,71.90607452392578
2022-08-22,69.9010009765625
2022-08-23,69.71650695800781
2022-08-24,69.76021575927734
2022-08-25,70.93994140625
2022-08-26,67.91047668457031
2022-08-29,67.0123291015625
2022-08-30,66.31321716308594
2022-08-31,65.66751861572266
2022-09-01,65.34708404541016
2022-09-02,64.49748992919922
2022-09-06,64.07025146484375
2022-09-07,65.09463500976562
2022-09-08,65.31796264648438
2022-09-09,66.60935974121094
2022-09-12,67.67744445800781
2022-09-13,64.08480072021484
2022-09-14,64.3178482055664
2022-09-15,62.837093353271484
2022-09-16,62.487552642822266
2022-09-19,62.99713134765625
2022-09-20,62.627220153808594
2022-09-21,61.64897537231445
2022-09-22,61.02115249633789
2022-09-23,60.222984313964844
2022-09-26,59.80442810058594
2022-09-27,59.88230514526367
2022-09-28,60.5150032043457
2022-09-29,58.93811798095703
2022-09-30,57.80900192260742
2022-10-03,59.60002517700195
2022-10-04,61.60031509399414
2022-10-05,61.80472183227539
2022-10-06,61.29856491088867
2022-10-07,58.77751922607422
2022-10-10,57.78953552246094
2022-10-11,56.90375518798828
2022-10-12,56.728546142578125
2022-10-13,58.4903678894043
2022-10-14,56.845359802246094
2022-10-17,58.57797622680664
2022-10-18,59.074398040771484
2022-10-19,58.904056549072266
2022-10-20,58.93811798095703
2022-10-21,60.5150032043457
2022-10-24,61.35210418701172
2022-10-25,62.5250244140625
2022-10-26,61.13308334350586
2022-10-27,60.43712615966797
2022-10-28,63.06526184082031
2022-10-31,62.23301696777344
2022-11-01,61.712257385253906
2022-11-02,59.58054733276367
2022-11-03,57.82846450805664
2022-11-04,58.88458251953125
2022-11-07,59.867706298828125
2022-11-08,60.441993713378906
2022-11-09,58.86998748779297
2022-11-10,63.70767593383789
2022-11-11,64.7978744506836
2022-11-14,64.24303436279297
2022-11-15,65.02174377441406
2022-11-16,64.131103515625
2022-11-17,64.21383666992188
2022-11-18,64.2868423461914
2022-11-21,63.59574508666992
2022-11-22,64.82707214355469
2022-11-23,65.40135955810547
2022-11-25,65.02174377441406
2022-11-28,63.62982177734375
2022-11-29,63.0068473815918
2022-11-30,66.17034149169922
2022-12-01,66.26280212402344
2022-12-02,65.87832641601562
2022-12-05,64.78326416015625
2022-12-06,63.39619445800781
2022-12-07,63.07499313354492
2022-12-08,64.10676574707031
2022-12-09,63.71253967285156
2022-12-12,65.10449981689453
2022-12-13,65.87345123291016
2022-12-14,65.3186264038086
2022-12-15,62.87544250488281
2022-12-16,62.043209075927734
2022-12-19,61.21589660644531
2022-12-20,61.30862045288086
2022-12-21,62.32386016845703
2022-12-22,60.7522087097168
2022-12-23,60.81565856933594
2022-12-27,60.23971939086914
2022-12-28,59.26842498779297
2022-12-29,60.82053756713867
2022-12-30,60.73756790161133
2023-01-03,60.161624908447266
2023-01-04,60.31781768798828
2023-01-05,59.146400451660156
2023-01-06,60.87911605834961
2023-01-09,61.58683776855469
2023-01-10,61.967552185058594
2023-01-11,63.04133987426758
2023-01-12,63.50990676879883
2023-01-13,63.69049835205078
2023-01-17,63.97846984863281
2023-01-18,63.15359878540039
2023-01-19,62.41659164428711
2023-01-20,64.10536193847656
2023-01-23,65.56475067138672
2023-01-24,65.53546905517578
2023-01-25,65.3988037109375
2023-01-26,66.44332122802734
2023-01-27,66.72151947021484
2023-01-30,65.44762420654297
2023-01-31,66.3603286743164
2023-02-01,67.9222183227539
2023-02-02,69.77693939208984
2023-02-03,69.19613647460938
2023-02-06,68.35171508789062
2023-02-07,70.0600357055664
2023-02-08,69.21563720703125
2023-02-09,68.83493041992188
2023-02-10,68.51768493652344
2023-02-13,69.70372772216797
2023-02-14,70.00146484375
2023-02-15,70.32848358154297
2023-02-16,69.1082534790039
2023-02-17,68.24433898925781
2023-02-21,66.62390899658203
2023-02-22,66.52628326416016
2023-02-23,67.62935638427734
2023-02-24,66.42378997802734
2023-02-27,66.78007507324219
2023-02-28,66.6336669921875
2023-03-01,66.14557647705078
2023-03-02,66.96068572998047
2023-03-03,68.40054321289062
2023-03-06,68.72755432128906
2023-03-07,67.8733901977539
2023-03-08,68.43470764160156
2023-03-09,67.45365142822266
2023-03-10,66.26759338378906
2023-03-13,66.62877655029297
2023-03-14,68.16624450683594
2023-03-15,68.2052993774414
2023-03-16,70.11860656738281
2023-03-17,70.02098083496094
2023-03-20,70.2098159790039
2023-03-21,70.77723693847656
2023-03-22,70.07283020019531
2023-03-23,71.21258544921875
2023-03-24,71.3984603881836
2023-03-27,70.845703125
2023-03-28,70.51307678222656
2023-03-29,71.9903564453125
2023-03-30,72.82683563232422
2023-03-31,73.86875915527344
2023-04-03,73.75135040283203
2023-04-04,73.34535217285156
2023-04-05,72.50887298583984
2023-04-06,72.91978454589844
2023-04-10,72.88063049316406
2023-04-11,72.19580841064453
2023-04-12,71.78491973876953
2023-04-13,73.12033081054688
2023-04-14,72.71431732177734
2023-04-17,72.97846984863281
2023-04-18,73.20348358154297
2023-04-19,72.99315643310547
2023-04-20,72.5137710571289
2023-04-21,72.2789535522461
2023-04-24,71.96102905273438
2023-04-25,70.42503356933594
2023-04-26,71.47183990478516
2023-04-27,72.98827362060547
2023-04-28,73.78070068359375
2023-05-01,73.82471466064453
2023-05-02,73.13500213623047
2023-05-03,72.5186538696289
2023-05-04,72.17134094238281
2023-05-05,73.98126220703125
2023-05-08,73.94213104248047
2023-05-09,73.37470245361328
2023-05-10,74.2698745727539
2023-05-11,73.93722534179688
2023-05-12,73.83940124511719
2023-05-15,74.45085906982422
2023-05-16,74.52912139892578
2023-05-17,75.52213287353516
2023-05-18,77.06788635253906
2023-05-19,77.03364562988281
2023-05-22,77.18038940429688
2023-05-23,76.04063415527344
2023-05-24,75.48299407958984
2023-05-25,78.37885284423828
2023-05-26,80.60455322265625
2023-05-30,81.0350112915039
2023-05-31,80.35997009277344
2023-06-01,81.17687225341797
2023-06-02,81.6415786743164
2023-06-05,81.17198181152344
2023-06-06,81.15243530273438
2023-06-07,79.93928527832031
2023-06-08,80.80509948730469
2023-06-09,81.20622253417969
2023-06-12,82.97210693359375
2023-06-13,83.47593688964844
2023-06-14,84.33689880371094
2023-06-15,85.42280578613281
2023-06-16,84.71842956542969
2023-06-20,84.14588165283203
2023-06-21,82.90081024169922
2023-06-22,83.57725524902344
2023-06-23,82.67041015625
2023-06-26,82.07728576660156
2023-06-27,83.69490814208984
2023-06-28,83.7439193725586
2023-06-29,83.89098358154297
2023-06-30,85.22429656982422
2023-07-03,85.04293060302734
2023-07-05,84.5184326171875
2023-07-06,84.29293060302734
2023-07-07,83.92530822753906
2023-07-10,84.14588165283203
2023-07-11,84.32725524902344
2023-07-12,85.28312683105469
2023-07-13,86.3958511352539
2023-07-14,86.2684097290039
2023-07-17,87.37133026123047
2023-07-18,88.36149597167969
2023-07-19,88.14093780517578
2023-07-20,86.38114929199219
2023-07-21,86.33702850341797
2023-07-24,86.48900604248047
2023-07-25,87.47917175292969
2023-07-26,86.3027114868164
2023-07-27,86.052734375
2023-07-28,87.22427368164062
2023-07-31,87.42526245117188
2023-08-01,87.57229614257812
2023-08-02,85.40567016601562
2023-08-03,85.05763244628906
2023-08-04,83.90079498291016
2023-08-07,84.13607788085938
2023-08-08,83.4890365600586
2023-08-09,82.41060638427734
2023-08-10,82.42041778564453
2023-08-11,81.81258392333984
2023-08-14,83.11648559570312
2023-08-15,82.2978744506836
2023-08-16,81.5135726928711
2023-08-17,80.73907470703125
2023-08-18,80.86163330078125
2023-08-21,82.40570831298828
2023-08-22,82.31258392333984
2023-08-23,83.79785919189453
2023-08-24,81.86650085449219
2023-08-25,82.69983673095703
2023-08-28,83.37628173828125
2023-08-29,85.0478286743164
2023-08-30,85.68998718261719
2023-08-31,86.10662078857422
2023-09-01,86.371337890625
2023-09-05,86.68016052246094
2023-09-06,85.7635269165039
2023-09-07,84.52333068847656
2023-09-08,84.69979095458984
2023-09-11,85.14098358154297
2023-09-12,83.59687805175781
2023-09-13,83.80766296386719
2023-09-14,84.41546630859375
2023-09-15,82.79296875
2023-09-18,83.19087219238281
2023-09-19,83.14666748046875
2023-09-20,81.8399658203125
2023-09-21,80.59221649169922
2023-09-22,80.76416778564453
2023-09-25,81.02452087402344
2023-09-26,79.5655517578125
2023-09-27,79.68834686279297
2023-09-28,80.2532730102539
2023-09-29,80.52836608886719
2023-10-02,81.39295196533203
2023-10-03,80.01258087158203
2023-10-04,81.00977325439453
2023-10-05,81.11786651611328
2023-10-06,82.63577270507812
2023-10-09,83.06314086914062
2023-10-10,83.19087219238281
2023-10-11,83.96210479736328
2023-10-12,84.04071807861328
2023-10-13,82.83717346191406
2023-10-16,83.63298034667969
2023-10-17,83.2448959350586
2023-10-18,82.3901596069336
2023-10-19,81.9185562133789
2023-10-20,80.53327941894531
2023-10-23,80.62659454345703
2023-10-24,81.18170928955078
2023-10-25,80.22380065917969
2023-10-26,78.69114685058594
2023-10-27,79.14798736572266
2023-10-30,79.99783325195312
2023-10-31,80.56765747070312
2023-11-01,82.12489318847656
2023-11-02,83.51508331298828
2023-11-03,84.37474060058594
2023-11-06,84.92985534667969
2023-11-07,85.8582763671875
2023-11-08,86.34459686279297
2023-11-09,85.94178009033203
2023-11-10,88.18675994873047
2023-11-13,87.67094421386719
2023-11-14,89.4246597290039
2023-11-15,89.53764343261719
2023-11-16,89.98466491699219
2023-11-17,89.7979965209961
2023-11-20,91.09976959228516
2023-11-21,90.36290740966797
2023-11-22,90.7657241821289
2023-11-24,90.58888244628906
2023-11-27,90.58396911621094
2023-11-28,90.75590515136719
2023-11-29,90.8246841430664
2023-11-30,90.95730590820312
2023-12-01,91.16363525390625
2023-12-04,90.05343627929688
2023-12-05,90.59380340576172
2023-12-06,89.82746124267578
2023-12-07,90.91801452636719
2023-12-08,91.69418334960938
2023-12-11,92.494873046875
2023-12-12,93.10893249511719
2023-12-13,93.9292984008789
2023-12-14,93.69841766357422
2023-12-15,94.16999816894531
2023-12-18,94.45161437988281
2023-12-19,94.81100463867188
2023-12-20,93.37835693359375
2023-12-21,94.427001953125
2023-12-22,94.55006408691406
2023-12-26,94.94392395019531
2023-12-27,94.93899536132812
2023-12-28,95.05223846435547
2023-12-29,94.76177215576172
2024-01-02,92.28048706054688
2024-01-03,91.34013366699219
2024-01-04,90.67058563232422
2024-01-05,90.64598083496094
2024-01-08,92.92048645019531
2024-01-09,93.06817626953125
2024-01-10,93.86082458496094
2024-01-11,94.33837890625
2024-01-12,94.64360809326172
2024-01-16,94.87992858886719
2024-01-17,94.41221618652344
2024-01-18,96.32733917236328
2024-01-19,98.54769897460938
2024-01-22,98.98096466064453
2024-01-23,99.3797378540039
2024-01-24,100.06404876708984
2024-01-25,100.48253631591797
2024-01-26,99.32557678222656
2024-01-29,100.23637390136719
2024-01-30,99.40927124023438
2024-01-31,97.32183074951172
2024-02-01,98.54769897460938
2024-02-02,99.56682586669922
2024-02-05,99.79327392578125
2024-02-06,99.3354263305664
2024-02-07,100.64990997314453
2024-02-08,100.96499633789062
2024-02-09,102.32379913330078
2024-02-12,101.54593658447266
2024-02-13,99.82281494140625
2024-02-14,100.86654663085938
2024-02-15,100.65483856201172
2024-02-16,99.72927856445312
2024-02-20,98.71509552001953
2024-02-21,98.09477996826172
2024-02-22,101.30471801757812
2024-02-23,101.06838989257812
2024-02-26,101.16685485839844
2024-02-27,101.2554702758789
2024-02-28,100.77791595458984
2024-02-29,101.9004135131836
2024-03-01,103.76138305664062
2024-03-04,103.76138305664062
2024-03-05,101.2111587524414
2024-03-06,102.0136489868164
2024-03-07,103.62354278564453
2024-03-08,102.08258056640625
2024-03-11,101.80194854736328
2024-03-12,103.8893814086914
2024-03-13,102.76689910888672
2024-03-14,102.78659057617188
2024-03-15,101.23578643798828
2024-03-18,101.73335266113281
2024-03-19,102.2610092163086
2024-03-20,103.40507507324219
2024-03-21,103.47904205322266
2024-03-22,103.51356506347656
2024-03-25,102.82810974121094
2024-03-26,102.40401458740234
2024-03-27,102.92674255371094
2024-03-28,102.70482635498047
2024-04-01,102.99085235595703
2024-04-02,101.99962615966797
2024-04-03,102.2708740234375
2024-04-04,100.65338134765625
2024-04-05,101.80732727050781
2024-04-08,101.68897247314453
2024-04-09,102.20182800292969
2024-04-10,100.94927978515625
2024-04-11,102.9661865234375
2024-04-12,101.29938507080078
2024-04-15,99.37618255615234
2024-04-16,99.49452209472656
2024-04-17,98.05951690673828
2024-04-18,96.94010162353516
2024-04-19,94.94291687011719
2024-04-22,95.79109954833984
2024-04-23,97.2113265991211
2024-04-24,97.65513610839844
2024-04-25,97.44309997558594
2024-04-26,98.54277038574219
2024-04-29,98.96688079833984
2024-04-30,96.78721618652344
2024-05-01,95.79602813720703
2024-05-02,97.17679595947266
2024-05-03,99.88410949707031
2024-05-06,101.05775451660156
2024-05-07,100.72735595703125
2024-05-08,101.01336669921875
2024-05-09,100.9837875366211
2024-05-10,101.35855865478516
2024-05-13,101.83692169189453
2024-05-14,102.73933410644531
2024-05-15,105.05213928222656
2024-05-16,104.68721771240234
2024-05-17,104.4554443359375
2024-05-20,105.683349609375
2024-05-21,105.85594177246094
2024-05-22,106.0926513671875
2024-05-23,105.22966003417969
2024-05-24,106.11730194091797
2024-05-28,106.56605529785156
2024-05-29,105.89046478271484
2024-05-30,103.47410583496094
2024-05-31,103.6368637084961
2024-06-03,103.89820861816406
2024-06-04,104.11518859863281
2024-06-05,106.427978515625
2024-06-06,106.07291412353516
2024-06-07,106.31948852539062
2024-06-10,106.5907211303711
2024-06-11,108.57310485839844
2024-06-12,110.97466278076172
2024-06-13,111.85243225097656
2024-06-14,112.27161407470703
2024-06-17,113.972900390625
2024-06-18,114.11592864990234
2024-06-20,112.83377075195312
2024-06-21,112.63652801513672
2024-06-24,109.87506866455078
2024-06-25,111.89057922363281
2024-06-26,111.76215362548828
2024-06-27,111.81648254394531
2024-06-28,111.7572021484375
2024-07-01,112.60194396972656
2024-07-02,113.16510772705078
2024-07-03,114.69155883789062
2024-07-05,115.04230499267578
2024-07-08,115.8277587890625
2024-07-09,115.73390197753906
2024-07-10,117.4134750366211
2024-07-11,114.47418975830078
2024-07-12,115.49678039550781
2024-07-15,115.70425415039062
2024-07-16,115.31893920898438
2024-07-17,110.83344268798828
2024-07-18,110.84329986572266
2024-07-19,109.10938262939453
2024-07-22,111.69298553466797
2024-07-23,111.2483901977539
2024-07-24,106.64433288574219
2024-07-25,105.5031967163086
2024-07-26,106.8419189453125
2024-07-29,106.3676986694336
2024-07-30,103.69515991210938
2024-07-31,108.08679962158203
2024-08-01,104.05577850341797
2024-08-02,101.13130950927734
2024-08-05,97.76224517822266
2024-08-06,99.09107971191406
2024-08-07,97.485595703125
2024-08-08,101.12637329101562
2024-08-09,101.58084869384766
2024-08-12,102.4107666015625
2024-08-13,105.5575180053711
2024-08-14,106.13551330566406
2024-08-15,109.18841552734375
2024-08-16,109.3711929321289
2024-08-19,111.1742935180664
2024-08-20,110.78402709960938
2024-08-21,111.43611145019531
2024-08-22,108.87225341796875
2024-08-23,110.63582611083984
2024-08-26,109.2476806640625
2024-08-27,109.90965270996094
2024-08-28,108.39308166503906
2024-08-29,107.41495513916016
2024-08-30,108.84261322021484
2024-09-03,103.8433609008789
2024-09-04,103.57659149169922
2024-09-05,103.41851806640625
2024-09-06,100.7361068725586
2024-09-09,102.38606262207031
2024-09-10,103.91746520996094
2024-09-11,107.46435546875
2024-09-12,108.35355377197266
2024-09-13,108.89695739746094
2024-09-16,108.48199462890625
2024-09-17,108.26957702636719
2024-09-18,107.28158569335938
2024-09-19,110.4678726196289
2024-09-20,109.92941284179688
2024-09-23,109.90913391113281
2024-09-24,110.66134643554688
2024-09-25,110.97807312011719
2024-09-26,112.44789123535156
2024-09-27,111.39874267578125
2024-09-30,111.72534942626953
2024-10-01,109.00347900390625
2024-10-02,109.81014251708984
2024-10-03,110.26544952392578
2024-10-04,111.49275207519531
2024-10-07,110.72570037841797
2024-10-08,112.79430389404297
2024-10-09,114.05625915527344
2024-10-10,114.02658081054688
2024-10-11,114.22451782226562
2024-10-14,115.71412658691406
2024-10-15,113.17041778564453
2024-10-16,113.52178192138672
2024-10-17,113.86820983886719
2024-10-18,114.27401733398438
2024-10-21,114.80850219726562
2024-10-22,114.6897201538086
2024-10-23,113.04669952392578
2024-10-24,113.3782730102539
2024-10-25,113.9671859741211
2024-10-28,113.93254089355469
2024-10-29,115.46669006347656
2024-10-30,113.63066101074219
2024-10-31,109.98336029052734
2024-11-01,110.80982208251953
2024-11-04,110.72570037841797
2024-11-05,112.28457641601562
2024-11-06,115.48153686523438
2024-11-07,117.49571990966797
2024-11-08,117.36705780029297
2024-11-11,116.71875
2024-11-12,116.86720275878906
2024-11-13,116.46141815185547
2024-11-14,116.06549835205078
2024-11-15,113.1852798461914
2024-11-18,113.55147552490234
2024-11-19,114.48187255859375
2024-11-20,114.38289642333984
2024-11-21,115.54586791992188
2024-11-22,115.6052474975586
2024-11-25,115.60030364990234
2024-11-26,116.17932891845703
2024-11-27,114.6055908203125
2024-11-29,115.66959381103516
2024-12-02,116.76824188232422
2024-12-03,117.18890380859375
2024-12-04,119.33174133300781
2024-12-05,118.72798156738281
2024-12-06,119.18822479248047
2024-12-09,118.41126251220703
2024-12-10,116.76824188232422
2024-12-11,118.46074676513672
2024-12-12,117.797607421875
2024-12-13,118.30237579345703
2024-12-16,119.48516082763672
2024-12-17,118.76262664794922
2024-12-18,114.9322280883789
2024-12-19,115.05593872070312
2024-12-20,116.773193359375
2024-12-23,118.01044464111328
2024-12-24,119.22985076904297
2024-12-26,119.30917358398438
2024-12-27,117.72293853759766
2024-12-30,116.22593688964844
2024-12-31,115.25932312011719
2025-01-02,114.9866943359375
2025-01-03,116.86043548583984
2025-01-06,118.3475112915039
2025-01-07,115.97313690185547
2025-01-08,115.93346405029297
2025-01-10,113.4054183959961
2025-01-13,112.60240173339844
2025-01-14,112.89981079101562
2025-01-15,115.14530181884766
2025-01-16,114.25801849365234
2025-01-17,116.0474853515625
2025-01-21,117.01409149169922
2025-01-22,119.6561508178711
2025-01-23,119.86930084228516
2025-01-24,118.62014770507812
2025-01-27,112.80563354492188
2025-01-28,115.81450653076172
2025-01-29,114.87269592285156
2025-01-30,115.0858383178711
2025-01-31,114.41168212890625
2025-02-03,112.87007141113281
2025-02-04,114.49595642089844
2025-02-05,116.0871353149414
2025-02-06,116.40438079833984
2025-02-07,115.40803527832031
2025-02-10,117.0934066772461
2025-02-11,117.14793395996094
2025-02-12,116.89513397216797
2025-02-13,118.55074310302734
2025-02-14,118.95226287841797
2025-02-18,120.03785705566406
2025-02-19,120.04774475097656
2025-02-20,119.66607666015625
2025-02-21,116.42420196533203
2025-02-24,114.75868225097656
2025-02-25,113.27157592773438
2025-02-26,114.50586700439453
2025-02-27,110.3370590209961
2025-02-28,111.7944107055664
2025-03-03,108.39392852783203
2025-03-04,108.30966186523438
2025-03-05,109.83145141601562
2025-03-06,106.78292083740234
2025-03-07,108.32948303222656
2025-03-10,103.72447204589844
2025-03-11,103.30313110351562
2025-03-12,104.92901611328125
2025-03-13,102.93631744384766
2025-03-14,106.0492935180664
2025-03-17,106.78787231445312
2025-03-18,105.16197967529297
2025-03-19,106.53011322021484
2025-03-20,105.7717056274414
2025-03-21,106.05921173095703
2025-03-24,108.06781005859375
2025-03-25,108.42534637451172
2025-03-26,106.0070571899414
2025-03-27,105.02882385253906
2025-03-28,102.48143768310547
2025-03-31,102.53109741210938
2025-04-01,103.28091430664062
2025-04-02,104.0456314086914
2025-04-03,96.9447250366211
2025-04-04,90.55886840820312
2025-04-07,91.10013580322266
2025-04-08,89.24793243408203
2025-04-09,101.23008728027344
2025-04-10,96.51766967773438
2025-04-11,98.4940185546875
2025-04-14,99.39279174804688
2025-04-15,99.75528717041016
2025-04-16,96.28926086425781
2025-04-17,95.76786041259766
2025-04-21,93.29496002197266
2025-04-22,95.56924438476562
2025-04-23,98.34008026123047
2025-04-24,102.00968933105469
2025-04-25,103.5192642211914
2025-04-28,103.35043334960938
2025-04-29,103.83210754394531
2025-04-30,104.26412200927734
2025-05-01,105.79354095458984
2025-05-02,107.56131744384766
2025-05-05,106.99027252197266
2025-05-06,106.10140991210938
2025-05-07,107.16407012939453
2025-05-08,108.18699645996094
2025-05-09,108.05292510986328
2025-05-12,113.06824493408203
2025-05-13,115.5113525390625
2025-05-14,116.26116943359375
2025-05-15,116.4200668334961
2025-05-16,116.63856506347656
2025-05-19,116.4697265625
2025-05-20,116.03274536132812
2025-05-21,113.85282135009766
2025-05-22,113.88262176513672
2025-05-23,112.62629699707031
2025-05-27,115.30279541015625
2025-05-28,114.82609558105469
2025-05-29,115.01976013183594
2025-05-30,114.66222381591797
2025-06-02,115.67521667480469
2025-06-03,117.41320037841797
2025-06-04,117.5870132446289
2025-06-05,117.25430297851562
2025-06-06,118.36164855957031
2025-06-09,118.942626953125
2025-06-10,119.60802459716797
2025-06-11,119.34484100341797
2025-06-12,120.45219421386719
2025-06-13,118.76385498046875
2025-06-16,120.68556213378906
2025-06-17,119.83148193359375
2025-06-18,119.97547912597656
2025-06-20,119.44415283203125
2025-06-23,120.80602264404297
2025-06-24,122.9746322631836
2025-06-25,124.02413177490234
2025-06-26,124.879638671875
2025-06-27,124.73042297363281
2025-06-30,125.9540023803711
2025-07-01,124.82989501953125
2025-07-02,126.14797973632812
2025-07-03,127.80926513671875
2025-07-07,126.79458618164062
2025-07-08,127.47601318359375
2025-07-09,128.2419891357422
2025-07-10,127.8192138671875
2025-07-11,127.25716400146484
2025-07-14,127.15271759033203
2025-07-15,128.28179931640625
2025-07-16,128.6796875
2025-07-17,129.84854125976562
2025-07-18,129.76402282714844
2025-07-21,129.93312072753906
2025-07-22,128.7294464111328
2025-07-23,129.465576171875
2025-07-24,130.01271057128906
2025-07-25,130.3111114501953
2025-07-28,131.35067749023438
2025-07-29,131.3556365966797
2025-07-30,131.64910888671875
2025-07-31,130.68417358398438
2025-08-01,127.86396789550781
2025-08-04,130.46034240722656
2025-08-05,129.38101196289062
2025-08-06,130.83836364746094
2025-08-07,130.95774841308594
2025-08-08,132.26588439941406
2025-08-11,131.37057495117188
2025-08-12,133.4049072265625
2025-08-13,133.4546356201172
2025-08-14,133.16615295410156
2025-08-15,132.15646362304688
2025-08-18,132.43997192382812
2025-08-19,130.12709045410156
2025-08-20,129.2467041015625
2025-08-21,128.77919006347656
2025-08-22,130.52500915527344
2025-08-25,130.23153686523438
2025-08-26,130.82843017578125
2025-08-27,131.53469848632812
2025-08-28,132.5742645263672
2025-08-29,130.53993225097656
2025-09-02,129.22183227539062
2025-09-03,129.9927978515625
2025-09-04,130.6344451904297
2025-09-05,130.7438507080078
2025-09-08,131.7237091064453
2025-09-09,131.97738647460938
2025-09-10,134.3698272705078
2025-09-11,134.82244873046875
2025-09-12,134.73292541503906
2025-09-15,135.94656372070312
2025-09-16,135.4740447998047
2025-09-17,135.00648498535156
2025-09-18,137.33924865722656
2025-09-19,138.73194885253906
2025-09-22,140.77285766601562
2025-09-23,139.55767822265625
2025-09-24,138.69607543945312
2025-09-25,138.45205688476562
2025-09-26,138.87039184570312
2025-09-29,139.61244201660156
2025-09-30,140.3744354248047
2025-10-01,141.74899291992188
2025-10-02,142.51596069335938
2025-10-03,141.79879760742188
2025-10-06,143.23312377929688
2025-10-07,142.27691650390625
2025-10-08,144.77203369140625
2025-10-09,144.5279998779297
2025-10-10,138.6462860107422
2025-10-13,142.02293395996094
2025-10-14,140.20013427734375
2025-10-15,141.58963012695312
2025-10-16,141.6942138671875
2025-10-17,141.9432373046875
2025-10-20,143.52696228027344
2025-10-21,143.60166931152344
2025-10-22,142.18228149414062
2025-10-23,143.9751739501953
2025-10-24,146.21133422851562
2025-10-27,148.91067504882812
2025-10-28,150.3848114013672
2025-10-29,151.46554565429688
2025-10-30,149.60292053222656
2025-10-31,149.74732971191406
2025-11-03,150.3599090576172
2025-11-04,146.390625
2025-11-05,146.96337890625
2025-11-06,144.0100555419922
2025-11-07,143.5120086669922
2025-11-10,147.18251037597656
2025-11-11,145.92747497558594
2025-11-12,146.38067626953125
2025-11-13,142.73011779785156
2025-11-14,143.50704956054688
2025-11-17,141.2609405517578
2025-11-18,138.96502685546875
2025-11-19,139.93118286132812
2025-11-20,135.53857421875
2025-11-21,136.0615234375
2025-11-24,139.3036651611328
2025-11-25,139.6772003173828
2025-11-26,141.33065795898438
2025-11-28,142.5458526611328
2025-12-01,142.610595703125
2025-12-02,144.07977294921875
2025-12-03,144.4234161376953
2025-12-04,144.96128845214844
2025-12-05,146.02207946777344
2025-12-08,147.04803466796875
2025-12-09,147.43649291992188
2025-12-10,148.1436767578125
2025-12-11,147.38668823242188
2025-12-12,143.12356567382812
2025-12-15,141.73904418945312
2025-12-16,141.99801635742188
2025-12-17,138.8404998779297
2025-12-18,140.98204040527344
2025-12-19,144.0299835205078
2025-12-22,144.80706787109375
2025-12-23,145.59515380859375
2025-12-24,145.94430541992188
2025-12-26,146.17373657226562
2025-12-29,145.51535034179688
2025-12-30,145.0564727783203
2025-12-31,143.61996459960938
2026-01-02,143.94915771484375
2026-01-05,144.26837158203125
2026-01-06,146.29344177246094
2026-01-07,146.17373657226562
2026-01-08,143.88931274414062
2026-01-09,145.79466247558594
2026-01-12,146.43310546875
2026-01-13,146.1238555908203
2026-01-14,144.3481903076172
2026-01-15,145.10635375976562
2026-01-16,145.2659454345703
2026-01-20,141.49514770507812
2026-01-21,143.46034240722656
2026-01-22,144.5277557373047
2026-01-23,144.73724365234375
2026-01-26,145.72483825683594
2026-01-27,147.69004821777344
2026-01-28,148.86717224121094
2026-01-29,146.51290893554688
2026-01-30,143.5301971435547
2026-02-02,144.9068145751953
2026-02-03,141.73455810546875
2026-02-04,137.7841796875
2026-02-05,135.3002471923828
2026-02-06,140.786865234375
2026-02-09,143.00148010253906
2026-02-10,142.20343017578125
2026-02-11,142.62240600585938
2026-02-12,138.87155151367188
2026-02-13,139.22068786621094
2026-02-17,139.14088439941406
2026-02-18,140.56741333007812
2026-02-19,139.86911010742188
2026-02-20,140.53749084472656
2026-02-23,138.1832275390625
2026-02-24,139.97885131835938
2026-02-25,142.66229248046875
2026-02-26,140.6671600341797
2026-02-27,138.42262268066406
2026-03-02,139.2007293701172
2026-03-03,137.1656951904297
2026-03-04,139.5
2026-03-05,139.83917236328125
2026-03-06,136.95620727539062
2026-03-09,139.42019653320312
2026-03-10,139.42019653320312
2026-03-11,140.08856201171875
2026-03-12,137.50486755371094
2026-03-13,136.4674072265625
2026-03-16,138.44259643554688
2026-03-17,139.2007293701172
2026-03-18,137.62457275390625
2026-03-19,138.0934295654297
2026-03-20,134.96107482910156
2026-03-23,136.78689575195312
2026-03-24,135.9878387451172
2026-03-25,136.5971221923828
2026-03-26,132.34219360351562
2026-03-27,129.76527404785156
2026-03-30,127.34815216064453
2026-03-31,132.74171447753906
2026-04-01,134.74932861328125
2026-04-02,135.8280487060547
2026-04-06,136.61709594726562
2026-04-07,137.2663116455078
2026-04-08,141.52125549316406
2026-04-09,141.9008026123047
2026-04-10,142.45013427734375
2026-04-13,145.43658447265625
2026-04-14,147.76380920410156
2026-04-15,150.12100219726562
2026-04-16,151.83895874023438
2026-04-17,154.1661834716797
2026-04-20,154.37591552734375
2026-04-21,154.50576782226562
2026-04-22,157.90171813964844
2026-04-23,155.65440368652344
2026-04-24,160.02919006347656
2026-04-27,160.37876892089844
2026-04-28,157.66201782226562
2026-04-29,158.92050170898438
2026-04-30,159.31004333496094
2026-05-01,161.67721557617188
2026-05-04,161.8570098876953
2026-05-05,165.4327392578125
2026-05-06,169.82749938964844
2026-05-07,169.4879150390625
2026-05-08,175.31097412109375
2026-05-11,177.66815185546875
2026-05-12,174.99134826660156
2026-05-13,176.63938903808594
2026-05-14,179.28622436523438
2026-05-15,176.05007934570312
2026-05-18,174.15234375
2026-05-19,173.03367614746094
2026-05-20,176.9290313720703
2026-05-21,178.38729858398438
2026-05-22,180.17515563964844
2026-05-26,184.9195098876953
2026-05-27,184.21034240722656
2026-05-28,186.62747192382812
2026-05-29,190.79251098632812
2026-06-01,195.52685546875
2026-06-02,197.9739532470703
2026-06-03,195.9962921142578
2026-06-04,192.93994140625
2026-06-05,180.08526611328125
2026-06-08,183.9606475830078
2026-06-09,180.55471801757812
2026-06-10,176.41964721679688
2026-06-11,182.99180603027344
2026-06-12,184.5799102783203
2026-06-15,191.56158447265625
2026-06-16,186.21795654296875
2026-06-17,185.57872009277344
2026-06-18,191.21200561523438
2026-06-22,192.14999389648438
2026-06-23,184.19000244140625
2026-06-24,183.0500030517578
2026-06-25,184.57000732421875
2026-06-26,181.11000061035156
2026-06-29,185.41000366210938
2026-06-30,190.52000427246094
2026-07-01,185.6199951171875
2026-07-02,180.58999633789062
2026-07-06,183.57000732421875
2026-07-07,179.17999267578125
2026-07-08,181.39999389648438
2026-07-09,185.35000610351562
2026-07-10,185.77999877929688
2026-07-13,181.27999877929688
2026-07-14,183.6199951171875
2026-07-15,181.5800018310547
2026-07-16,177.52000427246094
2026-07-17,175.58999633789062
2026-07-20,175.7100067138672
2026-07-21,180.77999877929688
2026-07-22,180.27000427246094
2026-07-23,178.4499969482422
2026-07-24,175.8800048828125
2026-07-27,174.3000030517578
2026-07-28,171.08999633789062
2026-07-29,166.57000732421875
2026-07-30,175.72999572753906
2026-07-31,175.35000610351562
2026-08-03,178.0399932861328
2026-08-04,186.89999389648438
2026-08-05,185.91000366210938
2026-08-06,185.3300018310547
2026-08-07,187.97000122070312
2026-08-10,186.32000732421875
2026-08-11,186.08999633789062
2026-08-12,188.86000061035156
2026-08-13,190.77000427246094
2026-08-14,190.00999450683594
2026-08-17,190.32000732421875
2026-08-18,185.6199951171875
2026-08-19,183.63999938964844
2026-08-20,183.10000610351562
2026-08-21,183.30999755859375
2026-08-24,180.0500030517578
2026-08-25,181.74000549316406
2026-08-26,182.83999633789062
2026-08-27,188.61000061035156
2026-08-31,186.5
2026-09-01,183.63999938964844
