Date,Close
1999-03-10,43.027042388916016
1999-03-11,43.23771286010742
1999-03-12,42.184425354003906
1999-03-15,43.39570617675781
1999-03-16,43.76435089111328
1999-03-17,43.44837188720703
1999-03-18,44.291011810302734
1999-03-19,43.15871047973633
1999-03-22,42.632076263427734
1999-03-23,41.131141662597656
1999-03-24,42.526756286621094
1999-03-25,44.08034133911133
1999-03-26,43.60636520385742
1999-03-29,45.18632125854492
1999-03-30,44.87032699584961
1999-03-31,44.21202087402344
1999-04-01,45.133663177490234
1999-04-05,46.7662353515625
1999-04-06,46.85841751098633
1999-04-07,46.37126541137695
1999-04-08,46.73992156982422
1999-04-09,47.02957534790039
1999-04-12,46.71358871459961
1999-04-13,46.08161163330078
1999-04-14,44.50167465209961
1999-04-15,45.107322692871094
1999-04-16,43.79069900512695
1999-04-19,41.73680114746094
1999-04-20,42.68473434448242
1999-04-21,44.791316986083984
1999-04-22,46.002601623535156
1999-04-23,46.608245849609375
1999-04-26,47.68129348754883
1999-04-27,46.9505729675293
1999-04-28,45.34430694580078
1999-04-29,44.97565460205078
1999-04-30,45.265323638916016
1999-05-03,45.02832794189453
1999-05-04,44.31734085083008
1999-05-05,45.660301208496094
1999-05-06,44.0013313293457
1999-05-07,44.633331298828125
1999-05-10,45.08098220825195
1999-05-11,45.79195022583008
1999-05-12,46.73992156982422
1999-05-13,45.870941162109375
1999-05-14,45.00196838378906
1999-05-17,45.81170654296875
1999-05-18,45.607627868652344
1999-05-19,46.239601135253906
1999-05-20,44.96905517578125
1999-05-21,44.554325103759766
1999-05-24,43.422035217285156
1999-05-25,42.000099182128906
1999-05-26,43.171897888183594
1999-05-27,43.132381439208984
1999-05-28,43.843360900878906
1999-06-01,42.869041442871094
1999-06-02,43.59321212768555
1999-06-03,42.97439193725586
1999-06-04,44.291011810302734
1999-06-07,45.21262741088867
1999-06-08,44.08034133911133
1999-06-09,44.817649841308594
1999-06-10,44.304176330566406
1999-06-11,43.6326904296875
1999-06-14,42.809814453125
1999-06-15,43.44837188720703
1999-06-16,45.68004608154297
1999-06-17,46.18693923950195
1999-06-18,46.39759826660156
1999-06-21,47.786624908447266
1999-06-22,46.34491729736328
1999-06-23,47.075653076171875
1999-06-24,46.14085006713867
1999-06-25,46.08161163330078
1999-06-28,47.174400329589844
1999-06-29,47.81953430175781
1999-06-30,48.55685043334961
1999-07-01,48.88601303100586
1999-07-02,49.50481033325195
1999-07-06,49.188812255859375
1999-07-07,49.2678108215332
1999-07-08,49.92613983154297
1999-07-09,50.42645263671875
1999-07-12,50.16311264038086
1999-07-13,49.92613983154297
1999-07-14,50.77535629272461
1999-07-15,51.24275588989258
1999-07-16,51.716712951660156
1999-07-19,51.190086364746094
1999-07-20,49.21515655517578
1999-07-21,49.4521369934082
1999-07-22,48.19478225708008
1999-07-23,48.26717758178711
1999-07-26,47.08224868774414
1999-07-27,48.03019332885742
1999-07-28,48.97159957885742
1999-07-29,47.924861907958984
1999-07-30,47.687889099121094
1999-08-02,47.556236267089844
1999-08-03,47.24681854248047
1999-08-04,46.391014099121094
1999-08-05,47.128326416015625
1999-08-06,46.62141418457031
1999-08-09,46.022342681884766
1999-08-10,45.607627868652344
1999-08-11,47.10856628417969
1999-08-12,46.55559158325195
1999-08-13,48.583194732666016
1999-08-16,48.97159957885742
1999-08-17,49.21515655517578
1999-08-18,48.66217803955078
1999-08-19,48.082855224609375
1999-08-20,48.84651184082031
1999-08-23,50.40009689331055
1999-08-24,50.74241638183594
1999-08-25,51.82206344604492
1999-08-26,50.95966720581055
1999-08-27,50.45277786254883
1999-08-30,49.741790771484375
1999-08-31,50.29479217529297
1999-09-01,50.65684509277344
1999-09-02,50.479122161865234
1999-09-03,52.796348571777344
1999-09-07,52.55937957763672
1999-09-08,51.84840774536133
1999-09-09,52.58570098876953
1999-09-10,53.19132995605469
1999-09-13,52.55279541015625
1999-09-14,52.84245681762695
1999-09-15,51.82206344604492
1999-09-16,51.79570770263672
1999-09-17,53.349334716796875
1999-09-20,53.47441482543945
1999-09-21,52.19071960449219
1999-09-22,52.74369812011719
1999-09-23,50.55809783935547
1999-09-24,50.62394714355469
1999-09-27,50.979427337646484
1999-09-28,51.21641159057617
1999-09-29,50.18944549560547
1999-09-30,50.71609115600586
1999-10-01,50.73585510253906
1999-10-04,51.87472915649414
1999-10-05,52.24337387084961
1999-10-06,53.290096282958984
1999-10-07,53.16500473022461
1999-10-08,53.72456741333008
1999-10-11,54.481624603271484
1999-10-12,53.2440299987793
1999-10-13,51.6640739440918
1999-10-14,51.986629486083984
1999-10-15,50.45277786254883
1999-10-18,49.814205169677734
1999-10-19,50.08412170410156
1999-10-20,51.61138916015625
1999-10-21,52.45403289794922
1999-10-22,52.217037200927734
1999-10-25,52.24337387084961
1999-10-26,51.82206344604492
1999-10-27,51.743064880371094
1999-10-28,53.53366470336914
1999-10-29,55.403255462646484
1999-11-01,55.113624572753906
1999-11-02,55.14653015136719
1999-11-03,56.24589920043945
1999-11-04,56.87788772583008
1999-11-05,57.45719528198242
1999-11-08,58.615779876708984
1999-11-09,58.22080993652344
1999-11-10,58.984458923339844
1999-11-11,60.0377311706543
1999-11-12,60.827720642089844
1999-11-15,60.709197998046875
1999-11-16,62.249664306640625
1999-11-17,61.40703201293945
1999-11-18,63.28978729248047
1999-11-19,63.85597610473633
1999-11-22,62.88163757324219
1999-11-23,63.17129898071289
1999-11-24,65.25153350830078
1999-11-26,65.46223449707031
1999-11-29,64.38258361816406
1999-11-30,61.933692932128906
1999-12-01,63.276641845703125
1999-12-02,65.28446960449219
1999-12-03,66.67350769042969
1999-12-06,67.2791519165039
1999-12-07,67.2791519165039
1999-12-08,66.46282958984375
1999-12-09,66.77884674072266
1999-12-10,67.3318099975586
1999-12-13,68.24685668945312
1999-12-14,67.01583099365234
1999-12-15,68.3061294555664
1999-12-16,69.99137878417969
1999-12-17,70.59700012207031
1999-12-20,71.51866912841797
1999-12-21,75.36316680908203
1999-12-22,75.12620544433594
1999-12-23,76.0215072631836
1999-12-27,75.57382202148438
1999-12-28,75.0998764038086
1999-12-29,77.94373321533203
1999-12-30,77.10112762451172
1999-12-31,76.99577331542969
2000-01-03,79.83969116210938
2000-01-04,74.3625259399414
2000-01-05,72.46660614013672
2000-01-06,67.48981475830078
2000-01-07,75.83715057373047
2000-01-10,77.94373321533203
2000-01-11,74.15191650390625
2000-01-12,72.51927185058594
2000-01-13,76.89042663574219
2000-01-14,78.68106842041016
2000-01-18,79.10237121582031
2000-01-19,80.89297485351562
2000-01-20,80.10298156738281
2000-01-21,81.10358428955078
2000-01-24,77.20645141601562
2000-01-25,78.36505126953125
2000-01-26,75.2051773071289
2000-01-27,76.3111572265625
2000-01-28,72.46660614013672
2000-01-31,75.57382202148438
2000-02-01,77.6014404296875
2000-02-02,78.25973510742188
2000-02-03,81.31430053710938
2000-02-04,81.86726379394531
2000-02-07,82.99955749511719
2000-02-08,86.47542572021484
2000-02-09,83.42086029052734
2000-02-10,86.15941619873047
2000-02-11,84.15815734863281
2000-02-14,84.05286407470703
2000-02-15,84.65848541259766
2000-02-16,84.26349639892578
2000-02-17,86.05408477783203
2000-02-18,82.94692993164062
2000-02-22,83.21019744873047
2000-02-23,87.8447036743164
2000-02-24,89.74065399169922
2000-02-25,87.68672180175781
2000-02-28,87.63404846191406
2000-02-29,89.95130920410156
2000-03-01,90.68861389160156
2000-03-02,88.58856964111328
2000-03-03,93.5851821899414
2000-03-06,94.32242584228516
2000-03-07,92.9005126953125
2000-03-08,93.74317169189453
2000-03-09,96.90301513671875
2000-03-10,96.48169708251953
2000-03-13,93.95382690429688
2000-03-14,90.47795104980469
2000-03-15,86.68611145019531
2000-03-16,91.63655090332031
2000-03-17,93.37451171875
2000-03-20,90.74126434326172
2000-03-21,94.16449737548828
2000-03-22,96.06038665771484
2000-03-23,97.74569702148438
2000-03-24,99.06228637695312
2000-03-27,99.22030639648438
2000-03-28,96.69236755371094
2000-03-29,92.68983459472656
2000-03-30,90.37264251708984
2000-03-31,92.26853942871094
2000-04-03,86.7387466430664
2000-04-04,85.89613342285156
2000-04-05,84.36885070800781
2000-04-06,86.37010192871094
2000-04-07,89.84597778320312
2000-04-10,84.36885070800781
2000-04-11,82.36756134033203
2000-04-12,77.52243041992188
2000-04-13,74.15191650390625
2000-04-14,67.726806640625
2000-04-17,75.52118682861328
2000-04-18,77.52243041992188
2000-04-19,75.15251159667969
2000-04-20,73.5198974609375
2000-04-24,71.4133071899414
2000-04-25,76.23212432861328
2000-04-26,73.62525177001953
2000-04-27,76.89042663574219
2000-04-28,79.83969116210938
2000-05-01,80.57695007324219
2000-05-02,75.9424819946289
2000-05-03,75.0998764038086
2000-05-04,75.25782012939453
2000-05-05,77.04845428466797
2000-05-08,74.04653930664062
2000-05-09,72.46660614013672
2000-05-10,67.20014953613281
2000-05-11,71.30803680419922
2000-05-12,71.30803680419922
2000-05-15,74.41516876220703
2000-05-16,76.52179718017578
2000-05-17,74.94185638427734
2000-05-18,72.2559814453125
2000-05-19,68.83277130126953
2000-05-22,68.78007507324219
2000-05-23,63.039634704589844
2000-05-24,66.98951721191406
2000-05-25,65.51486206054688
2000-05-26,65.51486206054688
2000-05-30,72.09796142578125
2000-05-31,70.0440673828125
2000-06-01,73.62525177001953
2000-06-02,78.89173126220703
2000-06-05,79.0892105102539
2000-06-06,76.89042663574219
2000-06-07,78.9443588256836
2000-06-08,78.57573699951172
2000-06-09,78.99706268310547
2000-06-12,76.46913146972656
2000-06-13,79.4183578491211
2000-06-14,77.62773895263672
2000-06-15,78.99706268310547
2000-06-16,79.4183578491211
2000-06-19,82.57823181152344
2000-06-20,82.26228332519531
2000-06-21,83.31555938720703
2000-06-22,80.26097869873047
2000-06-23,77.10112762451172
2000-06-26,79.20771026611328
2000-06-27,78.25973510742188
2000-06-28,79.20771026611328
2000-06-29,77.21961212158203
2000-06-30,78.7337417602539
2000-07-03,80.26097869873047
2000-07-05,77.15377044677734
2000-07-06,79.20771026611328
2000-07-07,80.84031677246094
2000-07-10,79.6158447265625
2000-07-11,80.05036163330078
2000-07-12,81.94625854492188
2000-07-13,82.99955749511719
2000-07-14,84.79013061523438
2000-07-17,85.73808288574219
2000-07-18,83.84222412109375
2000-07-19,81.94625854492188
2000-07-20,84.57951354980469
2000-07-21,81.73562622070312
2000-07-24,80.05036163330078
2000-07-25,80.68231964111328
2000-07-26,80.57695007324219
2000-07-27,77.41708374023438
2000-07-28,73.20392608642578
2000-07-31,75.36316680908203
2000-08-01,74.3625259399414
2000-08-02,73.04594421386719
2000-08-03,76.20582580566406
2000-08-04,75.9424819946289
2000-08-07,77.73309326171875
2000-08-08,79.31304168701172
2000-08-09,77.20645141601562
2000-08-10,75.6791763305664
2000-08-11,76.73251342773438
2000-08-14,78.36505126953125
2000-08-15,78.36505126953125
2000-08-16,79.155029296875
2000-08-17,80.68231964111328
2000-08-18,80.26097869873047
2000-08-21,80.47167205810547
2000-08-22,80.47167205810547
2000-08-23,81.78826141357422
2000-08-24,83.05223083496094
2000-08-25,82.60456848144531
2000-08-28,82.99955749511719
2000-08-29,83.42086029052734
2000-08-30,83.31555938720703
2000-08-31,85.63279724121094
2000-09-01,86.47542572021484
2000-09-05,83.84222412109375
2000-09-06,80.89297485351562
2000-09-07,82.68356323242188
2000-09-08,80.15568542480469
2000-09-11,78.20707702636719
2000-09-12,76.99577331542969
2000-09-13,78.786376953125
2000-09-14,78.36505126953125
2000-09-15,76.943115234375
2000-09-18,75.73187255859375
2000-09-19,78.52305603027344
2000-09-20,79.734375
2000-09-21,73.94125366210938
2000-09-22,78.31237030029297
2000-09-25,76.23212432861328
2000-09-26,75.36316680908203
2000-09-27,75.468505859375
2000-09-28,77.15377044677734
2000-09-29,74.78388977050781
2000-10-02,73.09860229492188
2000-10-03,70.78131103515625
2000-10-04,72.15060424804688
2000-10-05,72.3613052368164
2000-10-06,69.93871307373047
2000-10-09,69.62271881103516
2000-10-10,65.9888687133789
2000-10-11,64.93555450439453
2000-10-12,63.302947998046875
2000-10-13,68.464111328125
2000-10-16,69.09603881835938
2000-10-17,65.93621826171875
2000-10-18,65.72559356689453
2000-10-19,71.67669677734375
2000-10-20,72.72998046875
2000-10-23,72.6246109008789
2000-10-24,69.51741027832031
2000-10-25,65.6202163696289
2000-10-26,67.30549621582031
2000-10-27,67.17377471923828
2000-10-30,64.6854019165039
2000-10-31,68.84591674804688
2000-11-01,68.25345611572266
2000-11-02,69.09603881835938
2000-11-03,69.99137878417969
2000-11-06,69.46472930908203
2000-11-07,69.201416015625
2000-11-08,63.79008865356445
2000-11-09,63.77696228027344
2000-11-10,60.459068298339844
2000-11-13,60.551246643066406
2000-11-14,63.908607482910156
2000-11-15,65.19886779785156
2000-11-16,61.40703201293945
2000-11-17,61.36753463745117
2000-11-20,58.86600112915039
2000-11-21,58.77383041381836
2000-11-22,56.140560150146484
2000-11-24,59.353118896484375
2000-11-27,58.615779876708984
2000-11-28,55.15311813354492
2000-11-29,53.033348083496094
2000-11-30,53.072837829589844
2000-12-01,53.92863464355469
2000-12-04,54.77130126953125
2000-12-05,59.563785552978516
2000-12-06,57.2991828918457
2000-12-07,56.035221099853516
2000-12-08,57.2991828918457
2000-12-11,62.670982360839844
2000-12-12,60.38006591796875
2000-12-13,57.91798400878906
2000-12-14,55.08727264404297
2000-12-15,53.82330322265625
2000-12-18,53.92863464355469
2000-12-19,49.82079315185547
2000-12-20,46.9637451171875
2000-12-21,47.24024200439453
2000-12-22,50.979427337646484
2000-12-26,51.2954216003418
2000-12-27,51.87472915649414
2000-12-28,51.76940155029297
2000-12-29,49.188812255859375
2001-01-02,45.02832794189453
2001-01-03,52.612037658691406
2001-01-04,51.6640739440918
2001-01-05,47.71420669555664
2001-01-08,48.240848541259766
2001-01-09,48.240848541259766
2001-01-10,50.71609115600586
2001-01-11,52.19071960449219
2001-01-12,52.86219024658203
2001-01-16,52.230220794677734
2001-01-17,53.82330322265625
2001-01-18,56.08792495727539
2001-01-19,55.87724685668945
2001-01-22,55.92990493774414
2001-01-23,57.101741790771484
2001-01-24,56.5619010925293
2001-01-25,54.3499641418457
2001-01-26,55.23209762573242
2001-01-29,56.4565544128418
2001-01-30,56.24589920043945
2001-01-31,54.18143844604492
2001-02-01,54.897666931152344
2001-02-02,51.86418151855469
2001-02-05,51.82206344604492
2001-02-06,51.90632629394531
2001-02-07,51.06369400024414
2001-02-08,49.538516998291016
2001-02-09,47.52460861206055
2001-02-12,48.09760284423828
2001-02-13,46.55559158325195
2001-02-14,48.40937423706055
2001-02-15,49.209877014160156
2001-02-16,46.4544677734375
2001-02-20,44.65122985839844
2001-02-21,43.39570617675781
2001-02-22,42.97439193725586
2001-02-23,43.126075744628906
2001-02-26,43.94341278076172
2001-02-27,41.28911590576172
2001-02-28,39.983028411865234
2001-03-01,41.120601654052734
2001-03-02,39.3510627746582
2001-03-05,40.067291259765625
2001-03-06,41.626182556152344
2001-03-07,41.643028259277344
2001-03-08,40.86781311035156
2001-03-09,38.00284194946289
2001-03-12,35.64346694946289
2001-03-13,37.45513916015625
2001-03-14,36.86528778076172
2001-03-15,35.517086029052734
2001-03-16,34.71656036376953
2001-03-19,36.452392578125
2001-03-20,34.00032043457031
2001-03-21,34.00032043457031
2001-03-22,36.06479263305664
2001-03-23,36.06479263305664
2001-03-26,35.230587005615234
2001-03-27,36.44397735595703
2001-03-28,33.45263671875
2001-03-29,32.82065200805664
2001-03-30,32.989158630371094
2001-04-02,31.514545440673828
2001-04-03,29.205720901489258
2001-04-04,28.69171905517578
2001-04-05,31.438722610473633
2001-04-06,30.292747497558594
2001-04-09,31.21962547302246
2001-04-10,33.536888122558594
2001-04-11,34.54801940917969
2001-04-12,36.06479263305664
2001-04-16,33.916053771972656
2001-04-17,34.758705139160156
2001-04-18,38.38202667236328
2001-04-19,40.69926834106445
2001-04-20,40.78353500366211
2001-04-23,38.044979095458984
2001-04-24,37.32872772216797
2001-04-25,38.00284194946289
2001-04-26,37.03382110595703
2001-04-27,38.044979095458984
2001-04-30,38.887611389160156
2001-05-01,40.488609313964844
2001-05-02,41.27226257324219
2001-05-03,39.43533706665039
2001-05-04,40.61501693725586
2001-05-07,39.772377014160156
2001-05-08,40.61501693725586
2001-05-09,39.22468185424805
2001-05-10,38.567413330078125
2001-05-11,38.38202667236328
2001-05-14,37.76689529418945
2001-05-15,38.044979095458984
2001-05-16,39.73024368286133
2001-05-17,40.36221694946289
2001-05-18,40.480194091796875
2001-05-21,43.01654052734375
2001-05-22,42.890113830566406
2001-05-23,40.994197845458984
2001-05-24,42.04749298095703
2001-05-25,41.28069305419922
2001-05-29,38.86234664916992
2001-05-30,37.43828201293945
2001-05-31,37.691070556640625
2001-06-01,38.80332565307617
2001-06-04,38.61795425415039
2001-06-05,40.320091247558594
2001-06-06,40.008323669433594
2001-06-07,41.03632354736328
2001-06-08,39.898773193359375
2001-06-11,38.80332565307617
2001-06-12,38.592689514160156
2001-06-13,37.53940200805664
2001-06-14,35.601322174072266
2001-06-15,35.8962516784668
2001-06-18,35.41595458984375
2001-06-19,35.23899841308594
2001-06-20,36.03950119018555
2001-06-21,36.528221130371094
2001-06-22,36.44397735595703
2001-06-25,36.53665542602539
2001-06-26,36.66303634643555
2001-06-27,36.89898681640625
2001-06-28,37.37087631225586
2001-06-29,38.5084342956543
2001-07-02,38.29777145385742
2001-07-03,38.45785903930664
2001-07-05,36.61250305175781
2001-07-06,35.09574508666992
2001-07-09,35.399105072021484
2001-07-10,34.12672805786133
2001-07-11,34.54801940917969
2001-07-12,36.7389030456543
2001-07-13,36.359710693359375
2001-07-16,35.68559646606445
2001-07-17,36.48609161376953
2001-07-18,35.09574508666992
2001-07-19,35.92994689941406
2001-07-20,35.09574508666992
2001-07-23,34.21940612792969
2001-07-24,33.831783294677734
2001-07-25,34.12672805786133
2001-07-26,34.63230514526367
2001-07-27,35.34853744506836
2001-07-30,35.13789367675781
2001-07-31,35.18844985961914
2001-08-01,36.31758499145508
2001-08-02,37.00010299682617
2001-08-03,36.38499069213867
2001-08-06,35.81200408935547
2001-08-07,35.62662124633789
2001-08-08,34.12672805786133
2001-08-09,34.26996612548828
2001-08-10,33.94132995605469
2001-08-13,34.63230514526367
2001-08-14,34.21099853515625
2001-08-15,32.9470329284668
2001-08-16,33.33462905883789
2001-08-17,31.817899703979492
2001-08-20,32.25605392456055
2001-08-21,30.916284561157227
2001-08-22,31.758913040161133
2001-08-23,31.447120666503906
2001-08-24,33.11556625366211
2001-08-27,33.157711029052734
2001-08-28,32.12126159667969
2001-08-29,31.64936637878418
2001-08-30,30.478111267089844
2001-08-31,30.865726470947266
2001-09-04,29.888259887695312
2001-09-05,29.770296096801758
2001-09-06,28.56534194946289
2001-09-07,28.396793365478516
2001-09-10,28.73384666442871
2001-09-17,26.290218353271484
2001-09-18,25.700374603271484
2001-09-19,25.253768920898438
2001-09-20,24.41114044189453
2001-09-21,23.75387954711914
2001-09-24,24.950422286987305
2001-09-25,25.026264190673828
2001-09-26,24.158355712890625
2001-09-27,23.998252868652344
2001-09-28,24.419553756713867
2001-10-01,24.208908081054688
2001-10-02,24.28473472595215
2001-10-03,26.121686935424805
2001-10-04,26.374486923217773
2001-10-05,26.762100219726562
2001-10-08,26.84636116027832
2001-10-09,26.197528839111328
2001-10-10,27.385650634765625
2001-10-11,29.23942756652832
2001-10-12,29.113037109375
2001-10-15,28.986637115478516
2001-10-16,29.458520889282227
2001-10-17,27.343507766723633
2001-10-18,28.085033416748047
2001-10-19,28.270401000976562
2001-10-22,29.028772354125977
2001-10-23,29.18045997619629
2001-10-24,29.81243133544922
2001-10-25,31.008974075317383
2001-10-26,30.343297958374023
2001-10-29,28.683300018310547
2001-10-30,28.127166748046875
2001-10-31,28.56534194946289
2001-11-01,29.778717041015625
2001-11-02,29.997800827026367
2001-11-05,30.975261688232422
2001-11-06,32.18024444580078
2001-11-07,32.13809585571289
2001-11-08,31.80946159362793
2001-11-09,31.79262924194336
2001-11-12,32.020137786865234
2001-11-13,33.16611862182617
2001-11-14,33.402042388916016
2001-11-15,33.26722717285156
2001-11-16,33.17454528808594
2001-11-19,34.11830139160156
2001-11-20,32.54255294799805
2001-11-21,32.37403106689453
2001-11-23,33.098716735839844
2001-11-26,33.916053771972656
2001-11-27,33.873924255371094
2001-11-28,32.6521110534668
2001-11-29,33.663291931152344
2001-11-30,33.41048049926758
2001-12-03,32.837493896484375
2001-12-04,34.404808044433594
2001-12-05,36.106903076171875
2001-12-06,36.157474517822266
2001-12-07,35.16317367553711
2001-12-10,34.54801940917969
2001-12-11,34.74183654785156
2001-12-12,35.01991653442383
2001-12-13,33.5031623840332
2001-12-14,33.798072814941406
2001-12-17,34.37952423095703
2001-12-18,34.767120361328125
2001-12-19,34.1351432800293
2001-12-20,32.68581008911133
2001-12-21,33.26722717285156
2001-12-24,33.132423400878906
2001-12-26,33.44417953491211
2001-12-27,33.71381378173828
2001-12-28,33.98347473144531
2001-12-31,32.78693389892578
2002-01-02,33.798072814941406
2002-01-03,34.969356536865234
2002-01-04,35.11262130737305
2002-01-07,34.725013732910156
2002-01-08,34.96094512939453
2002-01-09,34.64072036743164
2002-01-10,34.868247985839844
2002-01-11,34.421634674072266
2002-01-14,33.67170333862305
2002-01-15,33.99188995361328
2002-01-16,32.67739486694336
2002-01-17,33.41048049926758
2002-01-18,32.51729965209961
2002-01-22,31.514545440673828
2002-01-23,32.382469177246094
2002-01-24,32.81221389770508
2002-01-25,32.71951675415039
2002-01-28,32.904903411865234
2002-01-29,32.0032958984375
2002-01-30,32.247650146484375
2002-01-31,32.44987869262695
2002-02-01,32.13809585571289
2002-02-04,31.110092163085938
2002-02-05,30.59607696533203
2002-02-06,30.38543128967285
2002-02-07,29.652334213256836
2002-02-08,30.478111267089844
2002-02-11,30.865726470947266
2002-02-12,30.612926483154297
2002-02-13,31.1353702545166
2002-02-14,31.076379776000977
2002-02-15,30.14948272705078
2002-02-19,29.222585678100586
2002-02-20,29.618623733520508
2002-02-21,28.211423873901367
2002-02-22,28.35466766357422
2002-02-25,29.50064468383789
2002-02-26,29.3911075592041
2002-02-27,28.986637115478516
2002-02-28,28.464218139648438
2002-03-01,30.115772247314453
2002-03-04,31.303895950317383
2002-03-05,31.53140640258789
2002-03-06,31.68309211730957
2002-03-07,31.750513076782227
2002-03-08,32.58470153808594
2002-03-11,32.46674346923828
2002-03-12,32.020137786865234
2002-03-13,31.244911193847656
2002-03-14,31.059537887573242
2002-03-15,31.37129783630371
2002-03-18,31.548269271850586
2002-03-19,31.4976863861084
2002-03-20,30.38543128967285
2002-03-21,31.194353103637695
2002-03-22,30.90784454345703
2002-03-25,29.964111328125
2002-03-26,30.242176055908203
2002-03-27,30.00621795654297
2002-03-28,30.38543128967285
2002-04-01,30.966846466064453
2002-04-02,29.568071365356445
2002-04-03,29.51750946044922
2002-04-04,29.289987564086914
2002-04-05,28.96137809753418
2002-04-08,29.323713302612305
2002-04-09,28.304115295410156
2002-04-10,28.5147705078125
2002-04-11,27.80695915222168
2002-04-12,28.24513053894043
2002-04-15,28.472646713256836
2002-04-16,29.660749435424805
2002-04-17,29.50908088684082
2002-04-18,28.944520950317383
2002-04-19,29.037208557128906
2002-04-22,28.304115295410156
2002-04-23,27.815391540527344
2002-04-24,27.385650634765625
2002-04-25,27.318233489990234
2002-04-26,26.155399322509766
2002-04-29,26.222803115844727
2002-04-30,26.736814498901367
2002-05-01,26.593557357788086
2002-05-02,25.70879554748535
2002-05-03,25.059968948364258
2002-05-06,24.41114044189453
2002-05-07,24.18362808227539
2002-05-08,26.770509719848633
2002-05-09,26.07954978942871
2002-05-10,24.90829849243164
2002-05-13,25.919456481933594
2002-05-14,27.444623947143555
2002-05-15,27.646862030029297
2002-05-16,27.68899917602539
2002-05-17,27.74797821044922
2002-05-20,27.141277313232422
2002-05-21,26.399757385253906
2002-05-22,26.458744049072266
2002-05-23,26.98959732055664
2002-05-24,26.323915481567383
2002-05-28,26.205949783325195
2002-05-29,25.514991760253906
2002-05-30,25.73407745361328
2002-05-31,25.312753677368164
2002-06-03,24.419553756713867
2002-06-04,24.739768981933594
2002-06-05,24.992557525634766
2002-06-06,24.335296630859375
2002-06-07,23.846580505371094
2002-06-10,23.804445266723633
2002-06-11,23.138757705688477
2002-06-12,23.47581672668457
2002-06-13,23.324138641357422
2002-06-14,23.273588180541992
2002-06-17,24.065650939941406
2002-06-18,24.45326805114746
2002-06-19,23.037647247314453
2002-06-20,22.29611587524414
2002-06-21,21.75682830810547
2002-06-24,22.18658447265625
2002-06-25,21.453487396240234
2002-06-26,21.61359214782715
2002-06-27,22.085468292236328
2002-06-28,21.99277114868164
2002-07-01,20.93947982788086
2002-07-02,20.181108474731445
2002-07-03,20.855215072631836
2002-07-05,22.19500732421875
2002-07-08,21.386072158813477
2002-07-09,20.779382705688477
2002-07-10,20.138978958129883
2002-07-11,20.897356033325195
2002-07-12,20.897356033325195
2002-07-15,21.546178817749023
2002-07-16,21.225984573364258
2002-07-17,21.61359214782715
2002-07-18,20.83837127685547
2002-07-19,20.21482276916504
2002-07-22,19.717668533325195
2002-07-23,18.875024795532227
2002-07-24,19.90304183959961
2002-07-25,18.748632431030273
2002-07-26,19.1025447845459
2002-07-29,20.07999610900879
2002-07-30,20.484458923339844
2002-07-31,20.096843719482422
2002-08-01,19.153100967407227
2002-08-02,18.748632431030273
2002-08-05,18.06609535217285
2002-08-06,18.959287643432617
2002-08-07,19.212081909179688
2002-08-08,19.860904693603516
2002-08-09,19.658676147460938
2002-08-12,19.717668533325195
2002-08-13,19.043554306030273
2002-08-14,20.256938934326172
2002-08-15,20.66983985900879
2002-08-16,20.813091278076172
2002-08-19,21.31867218017578
2002-08-20,21.225984573364258
2002-08-21,21.697853088378906
2002-08-22,22.043338775634766
2002-08-23,21.192272186279297
2002-08-26,21.27653694152832
2002-08-27,20.53502082824707
2002-08-28,19.785076141357422
2002-08-29,20.04629135131836
2002-08-30,19.79350471496582
2002-09-03,19.077259063720703
2002-09-04,19.153100967407227
2002-09-05,18.681222915649414
2002-09-06,19.25421714782715
2002-09-09,19.44801902770996
2002-09-10,19.92832374572754
2002-09-11,19.759782791137695
2002-09-12,19.220508575439453
2002-09-13,19.372177124023438
2002-09-16,19.09410858154297
2002-09-17,18.689653396606445
2002-09-18,18.478986740112305
2002-09-19,18.18406867980957
2002-09-20,18.259904861450195
2002-09-23,17.71218490600586
2002-09-24,17.720619201660156
2002-09-25,18.428430557250977
2002-09-26,18.200916290283203
2002-09-27,17.956558227539062
2002-09-30,17.459400177001953
2002-10-01,18.5211181640625
2002-10-02,17.906002044677734
2002-10-03,17.476242065429688
2002-10-04,17.147628784179688
2002-10-07,16.98752212524414
2002-10-08,17.021228790283203
2002-10-09,16.903263092041016
2002-10-10,17.762737274169922
2002-10-11,18.72336769104004
2002-10-14,18.942445755004883
2002-10-15,19.85248374938965
2002-10-16,19.195232391357422
2002-10-17,19.844058990478516
2002-10-18,20.063148498535156
2002-10-21,20.46760368347168
2002-10-22,20.341215133666992
2002-10-23,20.728830337524414
2002-10-24,20.206388473510742
2002-10-25,20.813091278076172
2002-10-28,20.636131286621094
2002-10-29,20.15583610534668
2002-10-30,20.695112228393555
2002-10-31,20.686695098876953
2002-11-01,21.27653694152832
2002-11-04,21.824256896972656
2002-11-05,21.99277114868164
2002-11-06,22.30455207824707
2002-11-07,21.520898818969727
2002-11-08,21.124862670898438
2002-11-11,20.484458923339844
2002-11-12,21.006895065307617
2002-11-13,21.25968360900879
2002-11-14,21.99277114868164
2002-11-15,22.279277801513672
2002-11-18,21.950641632080078
2002-11-19,21.61359214782715
2002-11-20,22.532068252563477
2002-11-21,23.366273880004883
2002-11-22,23.357845306396484
2002-11-25,23.585355758666992
2002-11-26,22.79327964782715
2002-11-27,23.517948150634766
2002-11-29,23.357845306396484
2002-12-02,23.593786239624023
2002-12-03,22.89439582824707
2002-12-04,22.388813018798828
2002-12-05,22.077035903930664
2002-12-06,22.30455207824707
2002-12-09,21.251258850097656
2002-12-10,21.571460723876953
2002-12-11,21.67257308959961
2002-12-12,21.790542602539062
2002-12-13,21.09958839416504
2002-12-16,21.782115936279297
2002-12-17,21.849523544311523
2002-12-18,21.386072158813477
2002-12-19,21.11643409729004
2002-12-20,21.335514068603516
2002-12-23,21.63043785095215
2002-12-24,21.360797882080078
2002-12-26,21.301815032958984
2002-12-27,20.914203643798828
2002-12-30,20.754100799560547
2002-12-31,20.53502082824707
2003-01-02,21.402931213378906
2003-01-03,21.638872146606445
2003-01-06,22.17816925048828
2003-01-07,22.45623016357422
2003-01-08,21.824256896972656
2003-01-09,22.49835777282715
2003-01-10,22.835411071777344
2003-01-13,22.700593948364258
2003-01-14,22.818553924560547
2003-01-15,22.532068252563477
2003-01-16,22.279277801513672
2003-01-17,21.327089309692383
2003-01-21,21.091157913208008
2003-01-22,21.006895065307617
2003-01-23,21.495622634887695
2003-01-24,20.914203643798828
2003-01-27,20.66983985900879
2003-01-28,20.8804988861084
2003-01-29,21.192272186279297
2003-01-30,20.64455795288086
2003-01-31,20.593996047973633
2003-02-03,20.636131286621094
2003-02-04,20.38334083557129
2003-02-05,20.290653228759766
2003-02-06,20.400196075439453
2003-02-07,20.063148498535156
2003-02-10,20.240097045898438
2003-02-11,20.349634170532227
2003-02-12,20.07157325744629
2003-02-13,20.172683715820312
2003-02-14,20.636131286621094
2003-02-18,21.27653694152832
2003-02-19,21.13328742980957
2003-02-20,21.04902458190918
2003-02-21,21.209129333496094
2003-02-24,20.846790313720703
2003-02-25,20.872072219848633
2003-02-26,20.40862464904785
2003-02-27,20.872072219848633
2003-02-28,21.200695037841797
2003-03-03,20.77095603942871
2003-03-04,20.64455795288086
2003-03-05,20.686695098876953
2003-03-06,20.636131286621094
2003-03-07,20.678268432617188
2003-03-10,20.231664657592773
2003-03-11,20.05470848083496
2003-03-12,20.417037963867188
2003-03-13,21.58831024169922
2003-03-14,21.67257308959961
2003-03-17,22.414093017578125
2003-03-18,22.692161560058594
2003-03-19,22.49835777282715
2003-03-20,22.582624435424805
2003-03-21,22.89439582824707
2003-03-24,21.94222068786621
2003-03-25,22.25399398803711
2003-03-26,22.380386352539062
2003-03-27,22.220287322998047
2003-03-28,21.975929260253906
2003-03-31,21.27653694152832
2003-04-01,21.445056915283203
2003-04-02,22.034910202026367
2003-04-03,22.312971115112305
2003-04-04,21.950641632080078
2003-04-07,21.98435401916504
2003-04-08,21.959075927734375
2003-04-09,21.453487396240234
2003-04-10,21.714706420898438
2003-04-11,21.495622634887695
2003-04-14,21.933788299560547
2003-04-15,22.14444923400879
2003-04-16,22.093896865844727
2003-04-17,22.59947395324707
2003-04-21,22.683732986450195
2003-04-22,23.11347770690918
2003-04-23,23.281999588012695
2003-04-24,23.155607223510742
2003-04-25,22.70901870727539
2003-04-28,23.155607223510742
2003-04-29,23.366273880004883
2003-04-30,23.13033103942871
2003-05-01,23.332565307617188
2003-05-02,23.829721450805664
2003-05-05,23.804445266723633
2003-05-06,24.1077880859375
2003-05-07,23.838153839111328
2003-05-08,23.399974822998047
2003-05-09,23.939266204833984
2003-05-12,24.301603317260742
2003-05-13,24.149921417236328
2003-05-14,24.099361419677734
2003-05-15,24.36901092529297
2003-05-16,24.18362808227539
2003-05-19,23.332565307617188
2003-05-20,23.399974822998047
2003-05-21,23.332565307617188
2003-05-22,23.66961097717285
2003-05-23,23.67804718017578
2003-05-27,24.52068519592285
2003-05-28,24.596527099609375
2003-05-29,24.697633743286133
2003-05-30,25.102094650268555
2003-06-02,24.925140380859375
2003-06-03,25.16108512878418
2003-06-04,25.632963180541992
2003-06-05,25.818344116210938
2003-06-06,25.38859748840332
2003-06-09,25.051544189453125
2003-06-10,25.43073081970215
2003-06-11,25.71721649169922
2003-06-12,25.82676887512207
2003-06-13,25.24535369873047
2003-06-16,26.02056884765625
2003-06-17,25.919456481933594
2003-06-18,26.05426788330078
2003-06-19,25.632963180541992
2003-06-20,25.5992488861084
2003-06-23,25.203216552734375
2003-06-24,25.009414672851562
2003-06-25,24.87458610534668
2003-06-26,25.464433670043945
2003-06-27,25.13580322265625
2003-06-30,25.236919403076172
2003-07-01,25.573976516723633
2003-07-02,26.096412658691406
2003-07-03,25.76778221130371
2003-07-07,26.871639251708984
2003-07-08,27.200265884399414
2003-07-09,27.132848739624023
2003-07-10,26.627267837524414
2003-07-11,26.829504013061523
2003-07-14,27.149703979492188
2003-07-15,27.18341064453125
2003-07-16,27.09914207458496
2003-07-17,26.27336311340332
2003-07-18,26.35762596130371
2003-07-21,26.02056884765625
2003-07-22,26.408178329467773
2003-07-23,26.627267837524414
2003-07-24,26.27336311340332
2003-07-25,26.795791625976562
2003-07-28,26.871639251708984
2003-07-29,26.669401168823242
2003-07-30,26.47559928894043
2003-07-31,26.795791625976562
2003-08-01,26.509294509887695
2003-08-04,26.500873565673828
2003-08-05,25.455997467041016
2003-08-06,25.43915557861328
2003-08-07,25.540267944335938
2003-08-08,25.338035583496094
2003-08-11,25.616107940673828
2003-08-12,26.003713607788086
2003-08-13,26.01214599609375
2003-08-14,26.037431716918945
2003-08-15,26.264936447143555
2003-08-18,26.939048767089844
2003-08-19,27.276107788085938
2003-08-20,27.208690643310547
2003-08-21,27.50360679626465
2003-08-22,27.3350830078125
2003-08-25,27.394058227539062
2003-08-26,27.41934585571289
2003-08-27,27.638427734375
2003-08-28,27.882795333862305
2003-08-29,28.135587692260742
2003-09-02,28.54006004333496
2003-09-03,28.523195266723633
2003-09-04,28.784425735473633
2003-09-05,28.59902000427246
2003-09-08,29.070907592773438
2003-09-09,28.72542381286621
2003-09-10,28.03448486328125
2003-09-11,28.34624671936035
2003-09-12,28.49791717529297
2003-09-15,28.2198486328125
2003-09-16,28.986637115478516
2003-09-17,28.868688583374023
2003-09-18,29.306840896606445
2003-09-19,29.138315200805664
2003-09-22,28.582178115844727
2003-09-23,29.087757110595703
2003-09-24,27.99233055114746
2003-09-25,27.6300048828125
2003-09-26,27.45305633544922
2003-09-29,27.924930572509766
2003-09-30,27.318233489990234
2003-10-01,27.93335723876953
2003-10-02,28.026052474975586
2003-10-03,28.809701919555664
2003-10-06,29.02035903930664
2003-10-07,29.197307586669922
2003-10-08,29.01192283630371
2003-10-09,29.231008529663086
2003-10-10,29.50064468383789
2003-10-13,29.694446563720703
2003-10-14,29.770296096801758
2003-10-15,29.643898010253906
2003-10-16,29.87984275817871
2003-10-17,29.163597106933594
2003-10-20,29.525922775268555
2003-10-21,29.7028865814209
2003-10-22,29.1298885345459
2003-10-23,28.792835235595703
2003-10-24,28.818126678466797
2003-10-27,28.826547622680664
2003-10-28,29.795570373535156
2003-10-29,29.761878967285156
2003-10-30,29.82086181640625
2003-10-31,29.643898010253906
2003-11-03,30.13262939453125
2003-11-04,29.930408477783203
2003-11-05,30.20004653930664
2003-11-06,30.28429412841797
2003-11-07,30.023101806640625
2003-11-10,29.652334213256836
2003-11-11,29.54279327392578
2003-11-12,30.17476463317871
2003-11-13,30.14106559753418
2003-11-14,29.525922775268555
2003-11-17,29.222585678100586
2003-11-18,28.548477172851562
2003-11-19,28.826547622680664
2003-11-20,28.548477172851562
2003-11-21,28.843406677246094
2003-11-24,29.643898010253906
2003-11-25,29.643898010253906
2003-11-26,29.778717041015625
2003-11-28,29.81243133544922
2003-12-01,30.2506046295166
2003-12-02,30.082077026367188
2003-12-03,29.7028865814209
2003-12-04,30.023101806640625
2003-12-05,29.525922775268555
2003-12-08,29.694446563720703
2003-12-09,29.01192283630371
2003-12-10,29.121469497680664
2003-12-11,29.74501609802246
2003-12-12,29.694446563720703
2003-12-15,29.306840896606445
2003-12-16,29.365825653076172
2003-12-17,29.41638946533203
2003-12-18,29.964111328125
2003-12-19,29.87984275817871
2003-12-22,29.972524642944336
2003-12-23,30.20004653930664
2003-12-24,30.262422561645508
2003-12-26,30.220272064208984
2003-12-29,30.71761131286621
2003-12-30,30.818775177001953
2003-12-31,30.73447608947754
2004-01-02,30.650177001953125
2004-01-05,31.265546798706055
2004-01-06,31.476289749145508
2004-01-07,31.762901306152344
2004-01-08,32.01579284667969
2004-01-09,31.80503273010254
2004-01-12,32.31082534790039
2004-01-13,31.990503311157227
2004-01-14,32.10008239746094
2004-01-15,32.18437957763672
2004-01-16,32.51313781738281
2004-01-20,32.48783493041992
2004-01-21,32.35298156738281
2004-01-22,32.15909194946289
2004-01-23,32.04108428955078
2004-01-26,32.52997970581055
2004-01-27,31.8134822845459
2004-01-28,31.27399253845215
2004-01-29,31.391998291015625
2004-01-30,31.248682022094727
2004-02-02,31.164398193359375
2004-02-03,31.13067626953125
2004-02-04,30.624895095825195
2004-02-05,30.74290657043457
2004-02-06,31.299264907836914
2004-02-09,31.29083824157715
2004-02-10,31.341415405273438
2004-02-11,31.678607940673828
2004-02-12,31.400421142578125
2004-02-13,31.13910675048828
2004-02-17,31.560577392578125
2004-02-18,31.653308868408203
2004-02-19,31.172815322875977
2004-02-20,31.07166862487793
2004-02-23,30.726045608520508
2004-02-24,30.650177001953125
2004-02-25,30.83562469482422
2004-02-26,30.91150665283203
2004-02-27,30.82722282409668
2004-03-01,31.231826782226562
2004-03-02,30.869373321533203
2004-03-03,30.700761795043945
2004-03-04,30.98738670349121
2004-03-05,30.87779426574707
2004-03-08,30.15283966064453
2004-03-09,30.060104370117188
2004-03-10,29.66390609741211
2004-03-11,29.3941650390625
2004-03-12,29.933670043945312
2004-03-15,29.411020278930664
2004-03-16,29.461606979370117
2004-03-17,29.92523956298828
2004-03-18,29.79034996032715
2004-03-19,29.293006896972656
2004-03-22,28.922115325927734
2004-03-23,28.68607521057129
2004-03-24,29.014841079711914
2004-03-25,29.79034996032715
2004-03-26,29.689207077026367
2004-03-29,30.169689178466797
2004-03-30,30.270851135253906
2004-03-31,30.211833953857422
2004-04-01,30.48160743713379
2004-04-02,31.27399253845215
2004-04-05,31.569005966186523
2004-04-06,31.172815322875977
2004-04-07,31.13910675048828
2004-04-08,31.13910675048828
2004-04-12,31.332971572875977
2004-04-13,30.87779426574707
2004-04-14,31.029523849487305
2004-04-15,30.473175048828125
2004-04-16,30.422609329223633
2004-04-19,30.793476104736328
2004-04-20,30.076982498168945
2004-04-21,30.33829116821289
2004-04-22,31.122238159179688
2004-04-23,31.36669921875
2004-04-26,31.13910675048828
2004-04-27,31.080102920532227
2004-04-28,30.515321731567383
2004-04-29,30.043235778808594
2004-04-30,29.309871673583984
2004-05-03,29.588045120239258
2004-05-04,29.714496612548828
2004-05-05,29.950525283813477
2004-05-06,29.72291374206543
2004-05-07,29.47847557067871
2004-05-10,29.225574493408203
2004-05-11,29.66390609741211
2004-05-12,29.72291374206543
2004-05-13,29.51219367980957
2004-05-14,29.293006896972656
2004-05-17,29.014841079711914
2004-05-18,29.276168823242188
2004-05-19,29.242433547973633
2004-05-20,29.377302169799805
2004-05-21,29.520633697509766
2004-05-24,29.72291374206543
2004-05-25,30.31300926208496
2004-05-26,30.50688362121582
2004-05-27,30.700761795043945
2004-05-28,30.810346603393555
2004-06-01,30.768203735351562
2004-06-02,30.700761795043945
2004-06-03,30.329866409301758
2004-06-04,30.50688362121582
2004-06-07,31.231826782226562
2004-06-08,31.27399253845215
2004-06-09,30.83562469482422
2004-06-10,31.05480194091797
2004-06-14,30.61646270751953
2004-06-15,31.012657165527344
2004-06-16,30.962080001831055
2004-06-17,30.675479888916016
2004-06-18,30.71761131286621
2004-06-21,30.473175048828125
2004-06-22,30.919939041137695
2004-06-23,31.29083824157715
2004-06-24,31.231826782226562
2004-06-25,31.467863082885742
2004-06-28,31.20654296875
2004-06-29,31.50157928466797
2004-06-30,31.8134822845459
2004-07-01,31.223400115966797
2004-07-02,31.03795051574707
2004-07-06,30.37200927734375
2004-07-07,30.431018829345703
2004-07-08,30.093822479248047
2004-07-09,30.135971069335938
2004-07-12,30.009540557861328
2004-07-13,29.967391967773438
2004-07-14,29.66390609741211
2004-07-15,29.562753677368164
2004-07-16,29.225574493408203
2004-07-19,29.16657829284668
2004-07-20,29.866228103637695
2004-07-21,28.997974395751953
2004-07-22,29.3941650390625
2004-07-23,28.837812423706055
2004-07-26,28.711374282836914
2004-07-27,29.107566833496094
2004-07-28,28.981117248535156
2004-07-29,29.318296432495117
2004-07-30,29.411020278930664
2004-08-02,29.470029830932617
2004-08-03,28.854671478271484
2004-08-04,28.863096237182617
2004-08-05,28.323604583740234
2004-08-06,27.58180046081543
2004-08-09,27.649232864379883
2004-08-10,27.994850158691406
2004-08-11,27.750385284423828
2004-08-12,27.371055603027344
2004-08-13,27.4132080078125
2004-08-16,27.72511100769043
2004-08-17,28.03700065612793
2004-08-18,28.534345626831055
2004-08-19,28.382606506347656
2004-08-20,28.669218063354492
2004-08-23,28.736661911010742
2004-08-24,28.728219985961914
2004-08-25,29.124425888061523
2004-08-26,28.997974395751953
2004-08-27,29.132850646972656
2004-08-30,28.643932342529297
2004-08-31,28.677654266357422
2004-09-01,28.88839340209961
2004-09-02,29.318296432495117
2004-09-03,28.778810501098633
2004-09-07,29.023263931274414
2004-09-08,28.913677215576172
2004-09-09,29.15813636779785
2004-09-10,29.604909896850586
2004-09-13,29.992677688598633
2004-09-14,30.034822463989258
2004-09-15,29.714496612548828
2004-09-16,29.77350425720215
2004-09-17,29.866228103637695
2004-09-20,29.866228103637695
2004-09-21,29.98423957824707
2004-09-22,29.461606979370117
2004-09-23,29.436321258544922
2004-09-24,29.33516502380371
2004-09-27,29.08226203918457
2004-09-28,29.141271591186523
2004-09-29,29.57120132446289
2004-09-30,29.62177276611328
2004-10-01,30.431018829345703
2004-10-04,30.6080322265625
2004-10-05,30.650177001953125
2004-10-06,30.894638061523438
2004-10-07,30.54902458190918
2004-10-08,29.992677688598633
2004-10-11,30.135971069335938
2004-10-12,30.08539390563965
2004-10-13,30.017967224121094
2004-10-14,29.883089065551758
2004-10-15,30.034822463989258
2004-10-18,30.464744567871094
2004-10-19,30.24557113647461
2004-10-20,30.388845443725586
2004-10-21,30.852493286132812
2004-10-22,30.178123474121094
2004-10-25,30.034822463989258
2004-10-26,30.19497299194336
2004-10-27,30.962080001831055
2004-10-28,31.15597152709961
2004-10-29,31.105384826660156
2004-11-01,31.223400115966797
2004-11-02,31.32456398010254
2004-11-03,31.535297393798828
2004-11-04,31.71232032775879
2004-11-05,31.998903274536133
2004-11-08,32.03264236450195
2004-11-09,31.965206146240234
2004-11-10,31.855634689331055
2004-11-11,32.2771110534668
2004-11-12,32.58900833129883
2004-11-15,32.73231887817383
2004-11-16,32.52997970581055
2004-11-17,32.968326568603516
2004-11-18,33.12007141113281
2004-11-19,32.605857849121094
2004-11-22,32.917762756347656
2004-11-23,32.8671989440918
2004-11-24,33.15378189086914
2004-11-26,33.05264663696289
2004-11-29,33.04417419433594
2004-11-30,32.97675704956055
2004-12-01,33.65113830566406
2004-12-02,33.777591705322266
2004-12-03,33.82815170288086
2004-12-06,33.9461669921875
2004-12-07,33.36452102661133
2004-12-08,33.55842590332031
2004-12-09,33.7607421875
2004-12-10,33.6595573425293
2004-12-13,33.95459747314453
2004-12-14,34.12319564819336
2004-12-15,33.99675369262695
2004-12-16,33.67643737792969
2004-12-17,33.5904655456543
2004-12-20,33.36066436767578
2004-12-21,33.769187927246094
2004-12-22,33.811729431152344
2004-12-23,33.83726501464844
2004-12-27,33.69260787963867
2004-12-28,34.0159912109375
2004-12-29,34.05853271484375
2004-12-30,34.03302001953125
2004-12-31,33.97343063354492
2005-01-03,33.61601257324219
2005-01-04,33.003257751464844
2005-01-05,32.79900360107422
2005-01-06,32.6373176574707
2005-01-07,32.80752944946289
2005-01-10,32.79048156738281
2005-01-11,32.560699462890625
2005-01-12,32.833072662353516
2005-01-13,32.39902877807617
2005-01-14,32.705387115478516
2005-01-18,32.95219421386719
2005-01-19,32.40751647949219
2005-01-20,31.786287307739258
2005-01-21,31.530960083007812
2005-01-24,31.088417053222656
2005-01-25,31.24160385131836
2005-01-26,31.61606788635254
2005-01-27,31.573524475097656
2005-01-28,31.420318603515625
2005-01-31,31.82883071899414
2005-02-01,31.930957794189453
2005-02-02,31.982009887695312
2005-02-03,31.61606788635254
2005-02-04,32.12669372558594
2005-02-07,32.0586051940918
2005-02-08,32.11817932128906
2005-02-09,31.582015991210938
2005-02-10,31.61606788635254
2005-02-11,32.084129333496094
2005-02-14,32.22882080078125
2005-02-15,32.44157791137695
2005-02-16,32.32242965698242
2005-02-17,31.888391494750977
2005-02-18,31.786287307739258
2005-02-22,31.394804000854492
2005-02-23,31.43733787536621
2005-02-24,31.837339401245117
2005-02-25,32.016048431396484
2005-02-28,31.675642013549805
2005-03-01,32.02457046508789
2005-03-02,32.007537841796875
2005-03-03,31.74370765686035
2005-03-04,31.930957794189453
2005-03-07,32.39049530029297
2005-03-08,32.06712341308594
2005-03-09,31.9735107421875
2005-03-10,31.930957794189453
2005-03-11,31.633075714111328
2005-03-14,31.777759552001953
2005-03-15,31.522464752197266
2005-03-16,31.165023803710938
2005-03-17,31.24160385131836
2005-03-18,31.071399688720703
2005-03-21,31.130956649780273
2005-03-22,30.747995376586914
2005-03-23,30.85862922668457
2005-03-24,30.867143630981445
2005-03-28,30.92673683166504
2005-03-29,30.679908752441406
2005-03-30,31.25861930847168
2005-03-31,31.12247657775879
2005-04-01,30.807586669921875
2005-04-04,31.028839111328125
2005-04-05,31.11394500732422
2005-04-06,31.062894821166992
2005-04-07,31.43733787536621
2005-04-08,31.18202781677246
2005-04-11,31.045875549316406
2005-04-12,31.199064254760742
2005-04-13,30.688434600830078
2005-04-14,30.254409790039062
2005-04-15,29.565065383911133
2005-04-18,29.573570251464844
2005-04-19,29.777833938598633
2005-04-20,29.53101348876953
2005-04-21,30.313987731933594
2005-04-22,29.862924575805664
2005-04-25,30.109724044799805
2005-04-26,29.828889846801758
2005-04-27,29.871429443359375
2005-04-28,29.573570251464844
2005-04-29,29.769302368164062
2005-05-02,29.88845443725586
2005-05-03,30.04163932800293
2005-05-04,30.407594680786133
2005-05-05,30.433120727539062
2005-05-06,30.518226623535156
2005-05-09,30.662906646728516
2005-05-10,30.441633224487305
2005-05-11,30.594823837280273
2005-05-12,30.509716033935547
2005-05-13,30.84162139892578
2005-05-16,31.045875549316406
2005-05-17,31.233089447021484
2005-05-18,31.658611297607422
2005-05-19,31.922422409057617
2005-05-20,32.050106048583984
2005-05-23,32.211788177490234
2005-05-24,32.31391906738281
2005-05-25,32.17776870727539
2005-05-26,32.50114059448242
2005-05-27,32.518150329589844
2005-05-31,32.40751647949219
2005-06-01,32.671356201171875
2005-06-02,32.90113830566406
2005-06-03,32.4245491027832
2005-06-06,32.43305206298828
2005-06-07,32.160728454589844
2005-06-08,32.0926513671875
2005-06-09,32.296905517578125
2005-06-10,31.956478118896484
2005-06-13,32.10966110229492
2005-06-14,31.982009887695312
2005-06-15,32.084129333496094
2005-06-16,32.254337310791016
2005-06-17,32.25861358642578
2005-06-20,32.25861358642578
2005-06-21,32.24156951904297
2005-06-22,32.20751190185547
2005-06-23,31.84970474243164
2005-06-24,31.491960525512695
2005-06-27,31.347131729125977
2005-06-28,31.64528465270996
2005-06-29,31.577129364013672
2005-06-30,31.330127716064453
2005-07-01,31.28751564025879
2005-07-05,31.6112060546875
2005-07-06,31.45787811279297
2005-07-07,31.568628311157227
2005-07-08,32.17344284057617
2005-07-11,32.4715690612793
2005-07-12,32.624881744384766
2005-07-13,32.70154571533203
2005-07-14,33.025230407714844
2005-07-15,33.127471923828125
2005-07-18,32.99117660522461
2005-07-19,33.3745002746582
2005-07-20,33.61299514770508
2005-07-21,33.621524810791016
2005-07-22,33.57893753051758
2005-07-25,33.45114517211914
2005-07-26,33.57893753051758
2005-07-27,33.83449172973633
2005-07-28,33.996334075927734
2005-07-29,33.71521759033203
2005-08-01,33.77484893798828
2005-08-02,34.141143798828125
2005-08-03,34.12409210205078
2005-08-04,33.7918815612793
2005-08-05,33.63003921508789
2005-08-08,33.38300704956055
2005-08-09,33.60447692871094
2005-08-10,33.314857482910156
2005-08-11,33.58745193481445
2005-08-12,33.40004348754883
2005-08-15,33.60447692871094
2005-08-16,33.05931091308594
2005-08-17,33.255226135253906
2005-08-18,33.08488082885742
2005-08-19,33.06784439086914
2005-08-22,33.08488082885742
2005-08-23,32.99117660522461
2005-08-24,32.795249938964844
2005-08-25,32.871910095214844
2005-08-26,32.76117706298828
2005-08-29,33.0167350769043
2005-08-30,32.89747619628906
2005-08-31,33.204124450683594
2005-09-01,33.15303421020508
2005-09-02,33.025230407714844
2005-09-06,33.510765075683594
2005-09-07,33.570411682128906
2005-09-08,33.56188201904297
2005-09-09,33.74929428100586
2005-09-12,33.84298324584961
2005-09-13,33.757808685302734
2005-09-14,33.3745002746582
2005-09-15,33.35745620727539
2005-09-16,33.56188201904297
2005-09-19,33.29783630371094
2005-09-20,33.161537170410156
2005-09-21,32.795249938964844
2005-09-22,32.914512634277344
2005-09-23,33.00822448730469
2005-09-26,33.0167350769043
2005-09-27,32.94005584716797
2005-09-28,32.948570251464844
2005-09-29,33.39151382446289
2005-09-30,33.61299514770508
2005-10-03,33.69819259643555
2005-10-04,33.476707458496094
2005-10-05,33.0167350769043
2005-10-06,32.582305908203125
2005-10-07,32.658966064453125
2005-10-10,32.48008728027344
2005-10-11,32.31822204589844
2005-10-12,31.934898376464844
2005-10-13,32.18192672729492
2005-10-14,32.42043685913086
2005-10-17,32.52266311645508
2005-10-18,32.29267120361328
2005-10-19,32.94005584716797
2005-10-20,32.633419036865234
2005-10-21,32.83784866333008
2005-10-24,33.35745620727539
2005-10-25,33.229679107666016
2005-10-26,33.05931091308594
2005-10-27,32.39487838745117
2005-10-28,32.641929626464844
2005-10-31,33.110416412353516
2005-11-01,33.08488082885742
2005-11-02,33.51930618286133
2005-11-03,34.02187728881836
2005-11-04,34.141143798828125
2005-11-07,34.1837272644043
2005-11-08,34.19224548339844
2005-11-09,34.209266662597656
2005-11-10,34.58407974243164
2005-11-11,34.67779541015625
2005-11-14,34.67779541015625
2005-11-15,34.51594924926758
2005-11-16,34.72890090942383
2005-11-17,35.18887710571289
2005-11-18,35.30813980102539
2005-11-21,35.3933219909668
2005-11-22,35.52109909057617
2005-11-23,35.606285095214844
2005-11-25,35.68292999267578
2005-11-28,35.38481140136719
2005-11-29,35.214439392089844
2005-11-30,35.129241943359375
2005-12-01,35.785179138183594
2005-12-02,35.87032699584961
2005-12-05,35.606285095214844
2005-12-06,35.725521087646484
2005-12-07,35.65738296508789
2005-12-08,35.40183639526367
2005-12-09,35.538108825683594
2005-12-12,35.6659049987793
2005-12-13,35.81071472167969
2005-12-14,35.69145202636719
2005-12-15,35.75108337402344
2005-12-16,35.50431823730469
2005-12-19,34.94076156616211
2005-12-20,34.96637725830078
2005-12-21,35.12006759643555
2005-12-22,35.350624084472656
2005-12-23,35.350624084472656
2005-12-27,35.043216705322266
2005-12-28,35.000518798828125
2005-12-29,34.76996612548828
2005-12-30,34.505279541015625
2006-01-03,35.27376174926758
2006-01-04,35.64094924926758
2006-01-05,35.794620513916016
2006-01-06,36.44357681274414
2006-01-09,36.58875274658203
2006-01-10,36.6143684387207
2006-01-11,36.8961296081543
2006-01-12,36.71682357788086
2006-01-13,36.6997184753418
2006-01-17,36.460662841796875
2006-01-18,36.042259216308594
2006-01-19,36.30695724487305
2006-01-20,35.2225341796875
2006-01-23,35.2310791015625
2006-01-24,35.384769439697266
2006-01-25,35.2310791015625
2006-01-26,35.47871780395508
2006-01-27,35.956871032714844
2006-01-30,36.025169372558594
2006-01-31,35.862945556640625
2006-02-01,35.99100875854492
2006-02-02,35.3762321472168
2006-02-03,34.94076156616211
2006-02-06,34.84682083129883
2006-02-07,34.693119049072266
2006-02-08,35.09446334838867
2006-02-09,34.761451721191406
2006-02-10,34.97489929199219
2006-02-13,34.57359313964844
2006-02-14,34.92365646362305
2006-02-15,35.14569091796875
2006-02-16,35.47018051147461
2006-02-17,35.18838119506836
2006-02-21,34.79559326171875
2006-02-22,35.2310791015625
2006-02-23,35.13714599609375
2006-02-24,35.2310791015625
2006-02-27,35.62385177612305
2006-02-28,35.09446334838867
2006-03-01,35.57262420654297
2006-03-02,35.598243713378906
2006-03-03,35.393310546875
2006-03-06,35.08590316772461
2006-03-07,34.8809700012207
2006-03-08,34.89805603027344
2006-03-09,34.59920120239258
2006-03-10,34.63335418701172
2006-03-13,34.73583221435547
2006-03-14,35.32499313354492
2006-03-15,35.62385177612305
2006-03-16,35.32499313354492
2006-03-17,35.41813659667969
2006-03-20,35.50357437133789
2006-03-21,35.12761688232422
2006-03-22,35.21306228637695
2006-03-23,35.11051559448242
2006-03-24,35.28996276855469
2006-03-27,35.29851531982422
2006-03-28,35.15324020385742
2006-03-29,35.819725036621094
2006-03-30,35.930824279785156
2006-03-31,35.828304290771484
2006-04-03,35.87101364135742
2006-04-04,36.06753158569336
2006-04-05,36.40932846069336
2006-04-06,36.511878967285156
2006-04-07,36.161521911621094
2006-04-10,36.110260009765625
2006-04-11,35.819725036621094
2006-04-12,35.828304290771484
2006-04-13,35.97356033325195
2006-04-17,35.59757614135742
2006-04-18,36.28116226196289
2006-04-19,36.44351577758789
2006-04-20,36.315338134765625
2006-04-21,35.88811111450195
2006-04-24,35.853912353515625
2006-04-25,35.777015686035156
2006-04-26,35.768463134765625
2006-04-27,36.110260009765625
2006-04-28,35.75991439819336
2006-05-01,35.40958786010742
2006-05-02,35.50357437133789
2006-05-03,35.45233154296875
2006-05-04,35.74283218383789
2006-05-05,36.0247917175293
2006-05-08,36.058998107910156
2006-05-09,35.922279357910156
2006-05-10,35.60613250732422
2006-05-11,34.81145477294922
2006-05-12,34.34149169921875
2006-05-15,34.315860748291016
2006-05-16,34.05953598022461
2006-05-17,33.59810256958008
2006-05-18,33.36738204956055
2006-05-19,33.623748779296875
2006-05-22,33.299041748046875
2006-05-23,32.974327087402344
2006-05-24,33.19647979736328
2006-05-25,33.63227081298828
2006-05-26,33.74335861206055
2006-05-30,33.01705551147461
2006-05-31,33.17084884643555
2006-06-01,33.95697021484375
2006-06-02,33.87153625488281
2006-06-05,33.13668441772461
2006-06-06,33.111053466796875
2006-06-07,32.86322784423828
2006-06-08,32.81197738647461
2006-06-09,32.598365783691406
2006-06-12,31.957500457763672
2006-06-13,31.829313278198242
2006-06-14,32.15402603149414
2006-06-15,33.02560806274414
2006-06-16,32.782772064208984
2006-06-19,32.517696380615234
2006-06-20,32.56044006347656
2006-06-21,33.073463439941406
2006-06-22,32.654502868652344
2006-06-23,32.62030029296875
2006-06-26,32.7058219909668
2006-06-27,32.09017562866211
2006-06-28,32.32958984375
2006-06-29,33.31289291381836
2006-06-30,33.150413513183594
2006-07-03,33.34712219238281
2006-07-05,32.62030029296875
2006-07-06,32.58609390258789
2006-07-07,32.22697448730469
2006-07-10,31.94481086730957
2006-07-11,32.18422317504883
2006-07-12,31.57712173461914
2006-07-13,31.047006607055664
2006-07-14,30.730628967285156
2006-07-17,30.80758285522461
2006-07-18,30.91020393371582
2006-07-19,31.31207275390625
2006-07-20,30.850343704223633
2006-07-21,30.52541732788086
2006-07-24,31.13249969482422
2006-07-25,31.31207275390625
2006-07-26,31.286401748657227
2006-07-27,31.081199645996094
2006-07-28,31.731050491333008
2006-07-31,31.722484588623047
2006-08-01,31.19234848022461
2006-08-02,31.542940139770508
2006-08-03,31.739582061767578
2006-08-04,31.594247817993164
2006-08-07,31.389020919799805
2006-08-08,31.19234848022461
2006-08-09,31.235105514526367
2006-08-10,31.457416534423828
2006-08-11,31.235105514526367
2006-08-14,31.440319061279297
2006-08-15,32.23552322387695
2006-08-16,32.99653244018555
2006-08-17,33.11625289916992
2006-08-18,33.16753387451172
2006-08-21,32.85116958618164
2006-08-22,32.859703063964844
2006-08-23,32.61174774169922
2006-08-24,32.7058219909668
2006-08-25,32.76565170288086
2006-08-28,33.01362609863281
2006-08-29,33.11625289916992
2006-08-30,33.270145416259766
2006-08-31,33.23593521118164
2006-09-01,33.41549301147461
2006-09-05,33.74042510986328
2006-09-06,33.06493377685547
2006-09-07,32.9110107421875
2006-09-08,33.107688903808594
2006-09-11,33.31289291381836
2006-09-12,33.92852783203125
2006-09-13,34.159400939941406
2006-09-14,34.193607330322266
2006-09-15,34.315940856933594
2006-09-18,34.32451248168945
2006-09-19,34.093505859375
2006-09-20,34.589717864990234
2006-09-21,34.375831604003906
2006-09-22,34.110599517822266
2006-09-25,34.70950698852539
2006-09-26,34.88060760498047
2006-09-27,34.83781814575195
2006-09-28,34.93191909790039
2006-09-29,34.77793502807617
2006-10-02,34.34160614013672
2006-10-03,34.48705291748047
2006-10-04,35.334041595458984
2006-10-05,35.505165100097656
2006-10-06,35.42815399169922
2006-10-09,35.54793167114258
2006-10-10,35.607810974121094
2006-10-11,35.53937911987305
2006-10-12,36.10403823852539
2006-10-13,36.30080032348633
2006-10-16,36.335044860839844
2006-10-17,35.93292236328125
2006-10-18,35.76182556152344
2006-10-19,35.84737014770508
2006-10-20,35.93292236328125
2006-10-23,36.30080032348633
2006-10-24,36.05270004272461
2006-10-25,36.30080032348633
2006-10-26,36.634464263916016
2006-10-27,36.11258316040039
2006-10-30,36.343589782714844
2006-10-31,36.42914581298828
2006-11-01,35.93292236328125
2006-11-02,35.96713638305664
2006-11-03,35.8730354309082
2006-11-06,36.394935607910156
2006-11-07,36.643028259277344
2006-11-08,36.814125061035156
2006-11-09,36.643028259277344
2006-11-10,36.814125061035156
2006-11-13,37.190582275390625
2006-11-14,37.58413314819336
2006-11-15,37.738136291503906
2006-11-16,37.900672912597656
2006-11-17,37.900672912597656
2006-11-20,37.977684020996094
2006-11-21,38.02901077270508
2006-11-22,38.26857376098633
2006-11-24,38.20012664794922
2006-11-27,37.33600997924805
2006-11-28,37.44724655151367
2006-11-29,37.70389938354492
2006-11-30,37.678245544433594
2006-12-01,37.35310745239258
2006-12-04,37.86644744873047
2006-12-05,38.00334930419922
2006-12-06,37.86644744873047
2006-12-07,37.387359619140625
2006-12-08,37.558448791503906
2006-12-11,37.69535827636719
2006-12-12,37.472900390625
2006-12-13,37.5413703918457
2006-12-14,37.9605598449707
2006-12-15,38.05820846557617
2006-12-18,37.68131637573242
2006-12-19,37.5614013671875
2006-12-20,37.424354553222656
2006-12-21,37.1588134765625
2006-12-22,36.7733268737793
2006-12-26,36.927528381347656
2006-12-27,37.11598205566406
2006-12-28,36.936092376708984
2006-12-29,36.97035598754883
2007-01-03,37.03888702392578
2007-01-04,37.74128341674805
2007-01-05,37.5614013671875
2007-01-08,37.58708953857422
2007-01-09,37.77555465698242
2007-01-10,38.220970153808594
2007-01-11,38.61500549316406
2007-01-12,38.812015533447266
2007-01-16,38.78630065917969
2007-01-17,38.469383239746094
2007-01-18,37.75841522216797
2007-01-19,37.83549499511719
2007-01-22,37.424354553222656
2007-01-23,37.330135345458984
2007-01-24,37.94685745239258
2007-01-25,37.458621978759766
2007-01-26,37.32155227661133
2007-01-29,37.35580825805664
2007-01-30,37.372955322265625
2007-01-31,37.749839782714844
2007-02-01,37.68989181518555
2007-02-02,37.826934814453125
2007-02-05,37.79267501831055
2007-02-06,37.74128341674805
2007-02-07,38.083927154541016
2007-02-08,38.075347900390625
2007-02-09,37.58708953857422
2007-02-12,37.44147491455078
2007-02-13,37.56996536254883
2007-02-14,38.20384216308594
2007-02-15,38.42655563354492
2007-02-16,38.29806137084961
2007-02-20,38.589317321777344
2007-02-21,38.709232330322266
2007-02-22,38.90625
2007-02-23,38.76918029785156
2007-02-26,38.58074951171875
2007-02-27,36.99605178833008
2007-02-28,37.11598205566406
2007-03-01,36.94464111328125
2007-03-02,36.38786315917969
2007-03-05,36.105201721191406
2007-03-06,36.704811096191406
2007-03-07,36.55918502807617
2007-03-08,36.80759048461914
2007-03-09,36.7733268737793
2007-03-12,37.01319122314453
2007-03-13,36.29362487792969
2007-03-14,36.82473373413086
2007-03-15,36.739070892333984
2007-03-16,36.71078872680664
2007-03-19,37.08793258666992
2007-03-20,37.3536376953125
2007-03-21,38.07361602783203
2007-03-22,37.936485290527344
2007-03-23,37.81648254394531
2007-03-26,37.970767974853516
2007-03-27,37.70506286621094
2007-03-28,37.302207946777344
2007-03-29,37.34506607055664
2007-03-30,37.310787200927734
2007-04-02,37.362213134765625
2007-04-03,37.85074996948242
2007-04-04,38.00503158569336
2007-04-05,38.1936149597168
2007-04-09,38.099334716796875
2007-04-10,38.29645919799805
2007-04-11,37.89362335205078
2007-04-12,38.1936149597168
2007-04-13,38.27075958251953
2007-04-16,38.6221923828125
2007-04-17,38.7078742980957
2007-04-18,38.57931900024414
2007-04-19,38.69930648803711
2007-04-20,38.91361999511719
2007-04-23,38.9736213684082
2007-04-24,39.170745849609375
2007-04-25,39.6936149597168
2007-04-26,39.89931106567383
2007-04-27,39.91643142700195
2007-04-30,39.39359664916992
2007-05-01,39.35929870605469
2007-05-02,39.78787612915039
2007-05-03,39.9335823059082
2007-05-04,39.9678840637207
2007-05-07,39.9678840637207
2007-05-08,40.053585052490234
2007-05-09,40.139286041259766
2007-05-10,39.59074020385742
2007-05-11,40.09644317626953
2007-05-14,39.822166442871094
2007-05-15,39.51359176635742
2007-05-16,39.89931106567383
2007-05-17,39.71073913574219
2007-05-18,40.03644943237305
2007-05-21,40.2935791015625
2007-05-22,40.32787322998047
2007-05-23,40.139286041259766
2007-05-24,39.565025329589844
2007-05-25,39.81359100341797
2007-05-29,40.122161865234375
2007-05-30,40.447872161865234
2007-05-31,40.636451721191406
2007-06-01,40.662139892578125
2007-06-04,40.78213882446289
2007-06-05,40.78213882446289
2007-06-06,40.34502029418945
2007-06-07,39.71930694580078
2007-06-08,40.207881927490234
2007-06-11,40.130733489990234
2007-06-12,39.890743255615234
2007-06-13,40.32787322998047
2007-06-14,40.59357833862305
2007-06-15,40.96843719482422
2007-06-18,40.97700119018555
2007-06-19,40.96843719482422
2007-06-20,40.58243179321289
2007-06-21,40.95128631591797
2007-06-22,40.565284729003906
2007-06-25,40.393714904785156
2007-06-26,40.162109375
2007-06-27,40.77973556518555
2007-06-28,40.76256561279297
2007-06-29,40.8311767578125
2007-07-02,41.20002746582031
2007-07-03,41.44023132324219
2007-07-05,41.74045944213867
2007-07-06,41.912010192871094
2007-07-09,41.9377555847168
2007-07-10,41.586029052734375
2007-07-11,41.86912536621094
2007-07-12,42.512481689453125
2007-07-13,42.80412292480469
2007-07-16,42.761234283447266
2007-07-17,43.087188720703125
2007-07-18,43.03573226928711
2007-07-19,43.16440200805664
2007-07-20,42.93278503417969
2007-07-23,42.949951171875
2007-07-24,42.315185546875
2007-07-25,42.3752326965332
2007-07-26,42.01493835449219
2007-07-27,41.165740966796875
2007-07-30,41.64610290527344
2007-07-31,40.77112579345703
2007-08-01,41.088539123535156
2007-08-02,41.46595001220703
2007-08-03,40.67678451538086
2007-08-06,41.14856719970703
2007-08-07,41.44023132324219
2007-08-08,41.89485549926758
2007-08-09,40.925559997558594
2007-08-10,40.55668640136719
2007-08-13,40.8311767578125
2007-08-14,40.136383056640625
2007-08-15,39.372928619384766
2007-08-16,38.98692321777344
2007-08-17,39.724647521972656
2007-08-20,39.913360595703125
2007-08-21,40.33367919921875
2007-08-22,40.88264465332031
2007-08-23,40.77112579345703
2007-08-24,41.34587097167969
2007-08-27,41.071372985839844
2007-08-28,40.09349060058594
2007-08-29,41.24293899536133
2007-08-30,41.45737838745117
2007-08-31,41.92059326171875
2007-09-04,42.61540222167969
2007-09-05,42.18651580810547
2007-09-06,42.15218734741211
2007-09-07,41.3715934753418
2007-09-10,41.34587097167969
2007-09-11,41.972049713134766
2007-09-12,41.98064422607422
2007-09-13,42.18651580810547
2007-09-14,42.2208251953125
2007-09-17,41.86912536621094
2007-09-18,42.92421340942383
2007-09-19,43.03573226928711
2007-09-20,42.915626525878906
2007-09-21,43.22116470336914
2007-09-24,43.41857147216797
2007-09-25,43.830528259277344
2007-09-26,44.04509353637695
2007-09-27,44.26821517944336
2007-09-28,44.12232971191406
2007-10-01,44.62868881225586
2007-10-02,44.63728332519531
2007-10-03,44.32831573486328
2007-10-04,44.43130874633789
2007-10-05,45.332454681396484
2007-10-08,45.61566925048828
2007-10-09,45.81306838989258
2007-10-10,45.92463302612305
2007-10-11,45.19513702392578
2007-10-12,45.94181442260742
2007-10-15,45.58992004394531
2007-10-16,45.375362396240234
2007-10-17,45.9589958190918
2007-10-18,46.15635681152344
2007-10-19,45.00632858276367
2007-10-22,45.547027587890625
2007-10-23,46.499664306640625
2007-10-24,46.14777755737305
2007-10-25,45.52983474731445
2007-10-26,46.28511428833008
2007-10-29,46.473915100097656
2007-10-30,46.56833267211914
2007-10-31,47.22917938232422
2007-11-01,46.345184326171875
2007-11-02,46.705657958984375
2007-11-05,46.405242919921875
2007-11-06,46.92878341674805
2007-11-07,45.78731155395508
2007-11-08,44.39697265625
2007-11-09,42.912200927734375
2007-11-12,41.822235107421875
2007-11-13,43.547298431396484
2007-11-14,42.98944091796875
2007-11-15,42.75774383544922
2007-11-16,43.15251922607422
2007-11-19,42.65473556518555
2007-11-20,42.82638931274414
2007-11-21,42.32001876831055
2007-11-23,42.77488708496094
2007-11-26,42.03680419921875
2007-11-27,42.87786865234375
2007-11-28,44.18241500854492
2007-11-29,44.37123107910156
2007-11-30,44.03650665283203
2007-12-03,43.667457580566406
2007-12-04,43.48722457885742
2007-12-05,44.26821517944336
2007-12-06,44.90333938598633
2007-12-07,44.91190719604492
2007-12-10,45.09215545654297
2007-12-11,44.04509353637695
2007-12-12,44.43986511230469
2007-12-13,44.1995735168457
2007-12-14,43.74470520019531
2007-12-17,42.68046951293945
2007-12-18,42.81781005859375
2007-12-19,42.809200286865234
2007-12-20,43.684627532958984
2007-12-21,44.54634094238281
2007-12-24,44.88141632080078
2007-12-26,45.104774475097656
2007-12-27,44.56352996826172
2007-12-28,44.520545959472656
2007-12-31,44.005069732666016
2008-01-02,43.30917739868164
2008-01-03,43.48958969116211
2008-01-04,41.582313537597656
2008-01-07,41.38471603393555
2008-01-08,40.310791015625
2008-01-09,41.16994094848633
2008-01-10,41.230064392089844
2008-01-11,40.42247772216797
2008-01-14,41.12696838378906
2008-01-15,39.992889404296875
2008-01-16,39.563331604003906
2008-01-17,39.013484954833984
2008-01-18,38.96192932128906
2008-01-22,37.956764221191406
2008-01-23,37.81068420410156
2008-01-24,38.583919525146484
2008-01-25,37.79351043701172
2008-01-28,38.08562469482422
2008-01-29,38.154327392578125
2008-01-30,38.11997604370117
2008-01-31,38.772926330566406
2008-02-01,39.16814422607422
2008-02-04,38.61826705932617
2008-02-05,37.51858139038086
2008-02-06,36.779747009277344
2008-02-07,37.03745651245117
2008-02-08,37.458431243896484
2008-02-11,37.862239837646484
2008-02-12,37.6474609375
2008-02-13,38.47221755981445
2008-02-14,37.77630615234375
2008-02-15,37.6474609375
2008-02-19,37.57870864868164
2008-02-20,37.75056076049805
2008-02-21,37.38972473144531
2008-02-22,37.527191162109375
2008-02-25,37.7161865234375
2008-02-26,37.862239837646484
2008-02-27,38.0512580871582
2008-02-28,37.90520477294922
2008-02-29,36.89999008178711
2008-03-03,36.65943145751953
2008-03-04,36.86564636230469
2008-03-05,37.04607009887695
2008-03-06,36.229888916015625
2008-03-07,36.14397430419922
2008-03-10,35.44806671142578
2008-03-11,36.796897888183594
2008-03-12,36.693817138671875
2008-03-13,36.977325439453125
2008-03-14,36.298622131347656
2008-03-17,35.63706970214844
2008-03-18,37.226478576660156
2008-03-19,36.30720520019531
2008-03-20,37.04920959472656
2008-03-24,38.330345153808594
2008-03-25,38.5452880859375
2008-03-26,38.433509826660156
2008-03-27,37.582305908203125
2008-03-28,37.39314270019531
2008-03-31,37.590877532958984
2008-04-01,39.19873809814453
2008-04-02,39.11274337768555
2008-04-03,39.19873809814453
2008-04-04,39.430885314941406
2008-04-07,39.344905853271484
2008-04-08,39.0439567565918
2008-04-09,38.60547637939453
2008-04-10,39.15574645996094
2008-04-11,38.072383880615234
2008-04-14,37.90042495727539
2008-04-15,37.95200729370117
2008-04-16,39.00958251953125
2008-04-17,38.92360305786133
2008-04-18,40.16172409057617
2008-04-21,40.4454460144043
2008-04-22,39.843597412109375
2008-04-23,40.2820930480957
2008-04-24,40.64323043823242
2008-04-25,40.54004669189453
2008-04-28,40.617431640625
2008-04-29,40.92695617675781
2008-04-30,40.59162902832031
2008-05-01,41.87274169921875
2008-05-02,41.932945251464844
2008-05-05,41.812564849853516
2008-05-06,42.070499420166016
2008-05-07,41.30528259277344
2008-05-08,41.614803314208984
2008-05-09,41.451454162597656
2008-05-12,42.208072662353516
2008-05-13,42.319847106933594
2008-05-14,42.22527313232422
2008-05-15,42.964717864990234
2008-05-16,42.99909973144531
2008-05-19,42.68955993652344
2008-05-20,42.36282730102539
2008-05-21,41.4256477355957
2008-05-22,41.57181167602539
2008-05-23,41.44284439086914
2008-05-27,42.17367172241211
2008-05-28,42.34564208984375
2008-05-29,42.723960876464844
2008-05-30,42.99909973144531
2008-06-02,42.4746208190918
2008-06-03,42.24247360229492
2008-06-04,42.784141540527344
2008-06-05,43.463409423828125
2008-06-06,42.156494140625
2008-06-09,41.932945251464844
2008-06-10,41.73518371582031
2008-06-11,40.72919464111328
2008-06-12,40.7722053527832
2008-06-13,41.58901596069336
2008-06-16,41.958740234375
2008-06-17,41.73518371582031
2008-06-18,41.2880859375
2008-06-19,41.932945251464844
2008-06-20,40.80065155029297
2008-06-23,40.4822883605957
2008-06-24,40.275787353515625
2008-06-25,40.9296989440918
2008-06-26,39.277706146240234
2008-06-27,39.277706146240234
2008-06-30,38.864715576171875
2008-07-01,39.41537857055664
2008-07-02,38.46891784667969
2008-07-03,38.40009307861328
2008-07-07,38.632408142089844
2008-07-08,39.553043365478516
2008-07-09,38.503334045410156
2008-07-10,38.959354400634766
2008-07-11,38.339881896972656
2008-07-14,38.0559196472168
2008-07-15,38.06452941894531
2008-07-16,39.0109977722168
2008-07-17,39.26909255981445
2008-07-18,38.36567306518555
2008-07-21,38.52914047241211
2008-07-22,38.52914047241211
2008-07-23,39.03679275512695
2008-07-24,38.45171356201172
2008-07-25,38.950748443603516
2008-07-28,38.21940231323242
2008-07-29,39.0109977722168
2008-07-30,39.2088737487793
2008-07-31,39.114253997802734
2008-08-01,38.61519241333008
2008-08-04,38.228031158447266
2008-08-05,39.518619537353516
2008-08-06,40.120914459228516
2008-08-07,39.8111457824707
2008-08-08,40.71459197998047
2008-08-11,41.084571838378906
2008-08-12,41.12759780883789
2008-08-13,41.04153060913086
2008-08-14,41.5147819519043
2008-08-15,41.43734359741211
2008-08-18,40.95550537109375
2008-08-19,40.44784927368164
2008-08-20,40.5167121887207
2008-08-21,40.32741165161133
2008-08-22,40.860870361328125
2008-08-25,40.00045394897461
2008-08-26,39.94883728027344
2008-08-27,40.20695114135742
2008-08-28,40.53390121459961
2008-08-29,39.68211364746094
2008-09-02,39.191673278808594
2008-09-03,38.82168197631836
2008-09-04,37.56550598144531
2008-09-05,37.38481521606445
2008-09-08,37.31595993041992
2008-09-09,36.52440643310547
2008-09-10,36.825538635253906
2008-09-11,37.513858795166016
2008-09-12,37.36759567260742
2008-09-15,36.2060546875
2008-09-16,36.48998260498047
2008-09-17,34.597068786621094
2008-09-18,35.76724624633789
2008-09-19,36.93647003173828
2008-09-22,35.197261810302734
2008-09-23,34.93036651611328
2008-09-24,35.171424865722656
2008-09-25,35.731082916259766
2008-09-26,35.36946105957031
2008-09-29,32.562644958496094
2008-09-30,33.501121520996094
2008-10-01,33.148101806640625
2008-10-02,31.641372680664062
2008-10-03,31.150611877441406
2008-10-06,30.014102935791016
2008-10-07,28.111316680908203
2008-10-08,27.88746452331543
2008-10-09,27.138399124145508
2008-10-10,26.966197967529297
2008-10-13,30.246572494506836
2008-10-14,28.937875747680664
2008-10-15,26.34628677368164
2008-10-16,27.775541305541992
2008-10-17,27.809965133666992
2008-10-20,28.584861755371094
2008-10-21,27.103958129882812
2008-10-22,26.354902267456055
2008-10-23,26.25157928466797
2008-10-24,25.407808303833008
2008-10-27,24.7017879486084
2008-10-28,27.43113899230957
2008-10-29,27.362255096435547
2008-10-30,28.274913787841797
2008-10-31,28.317956924438477
2008-11-03,28.257675170898438
2008-11-04,29.058408737182617
2008-11-05,27.54306411743164
2008-11-06,26.31184959411621
2008-11-07,26.854278564453125
2008-11-10,26.492660522460938
2008-11-11,25.915796279907227
2008-11-12,24.71901512145996
2008-11-13,26.22574806213379
2008-11-14,24.95148468017578
2008-11-17,24.426279067993164
2008-11-18,24.400455474853516
2008-11-19,23.12618637084961
2008-11-20,22.006898880004883
2008-11-21,22.962594985961914
2008-11-24,24.366012573242188
2008-11-25,24.254093170166016
2008-11-26,25.270051956176758
2008-11-28,25.07202911376953
2008-12-01,23.18645668029785
2008-12-02,23.96134376525879
2008-12-03,24.64152717590332
2008-12-04,23.94412612915039
2008-12-05,24.917041778564453
2008-12-08,25.898578643798828
2008-12-09,25.83831024169922
2008-12-10,25.75221061706543
2008-12-11,25.046192169189453
2008-12-12,25.554180145263672
2008-12-15,25.106468200683594
2008-12-16,26.31184959411621
2008-12-17,25.99327850341797
2008-12-18,25.536962509155273
2008-12-19,25.746477127075195
2008-12-22,25.186025619506836
2008-12-23,25.05669403076172
2008-12-24,25.125669479370117
2008-12-26,25.11705207824707
2008-12-29,24.91011619567871
2008-12-30,25.427453994750977
2008-12-31,25.64301300048828
2009-01-02,26.75531005859375
2009-01-05,26.746675491333008
2009-01-06,27.013978958129883
2009-01-07,26.2465763092041
2009-01-08,26.522504806518555
2009-01-09,25.92755126953125
2009-01-12,25.45332145690918
2009-01-13,25.46195411682129
2009-01-14,24.685924530029297
2009-01-15,25.091171264648438
2009-01-16,25.36709213256836
2009-01-20,24.108234405517578
2009-01-21,25.134292602539062
2009-01-22,24.798023223876953
2009-01-23,24.91872787475586
2009-01-26,25.099807739257812
2009-01-27,25.28087043762207
2009-01-28,26.16898536682129
2009-01-29,25.505064010620117
2009-01-30,25.05669403076172
2009-02-02,25.358476638793945
2009-02-03,25.755104064941406
2009-02-04,25.789592742919922
2009-02-05,26.35867691040039
2009-02-06,27.04846954345703
2009-02-09,27.160552978515625
2009-02-10,26.160362243652344
2009-02-11,26.03963851928711
2009-02-12,26.35867691040039
2009-02-13,26.237957000732422
2009-02-17,25.19464874267578
2009-02-18,25.211891174316406
2009-02-19,24.823884963989258
2009-02-20,24.892866134643555
2009-02-23,24.022001266479492
2009-02-24,24.815263748168945
2009-02-25,24.651439666748047
2009-02-26,23.96164894104004
2009-02-27,23.737462997436523
2009-03-02,22.970067977905273
2009-03-03,22.952821731567383
2009-03-04,23.56501007080078
2009-03-05,22.85797119140625
2009-03-06,22.676908493041992
2009-03-09,22.194047927856445
2009-03-10,23.56501007080078
2009-03-11,23.92715835571289
2009-03-12,24.720417022705078
2009-03-13,24.78077507019043
2009-03-16,24.366912841796875
2009-03-17,25.28949546813965
2009-03-18,25.608531951904297
2009-03-19,25.591279983520508
2009-03-20,25.201766967773438
2009-03-23,26.687271118164062
2009-03-24,26.194982528686523
2009-03-25,26.315885543823242
2009-03-26,27.127744674682617
2009-03-27,26.618181228637695
2009-03-30,25.9617977142334
2009-03-31,26.186336517333984
2009-04-01,26.57499885559082
2009-04-02,27.430023193359375
2009-04-03,27.939573287963867
2009-04-06,27.870492935180664
2009-04-07,27.136381149291992
2009-04-08,27.59412384033203
2009-04-09,28.44915199279785
2009-04-13,28.405961990356445
2009-04-14,28.06049156188965
2009-04-15,27.982772827148438
2009-04-16,28.708234786987305
2009-04-17,28.768707275390625
2009-04-20,27.84458351135254
2009-04-21,28.233232498168945
2009-04-22,28.319591522216797
2009-04-23,28.595979690551758
2009-04-24,29.09688949584961
2009-04-27,29.131433486938477
2009-04-28,28.915525436401367
2009-04-29,29.312820434570312
2009-04-30,29.606456756591797
2009-05-01,29.684192657470703
2009-05-04,30.271493911743164
2009-05-05,30.245574951171875
2009-05-06,30.254201889038086
2009-05-07,29.546003341674805
2009-05-08,29.56328010559082
2009-05-11,29.666908264160156
2009-05-12,29.30417251586914
2009-05-13,28.518245697021484
2009-05-14,28.837806701660156
2009-05-15,28.820520401000977
2009-05-18,29.571914672851562
2009-05-19,29.71009635925293
2009-05-20,29.606456756591797
2009-05-21,29.06235122680664
2009-05-22,28.967350006103516
2009-05-26,30.046939849853516
2009-05-27,29.839637756347656
2009-05-28,30.185121536254883
2009-05-29,30.556486129760742
2009-06-01,31.428796768188477
2009-06-02,31.471969604492188
2009-06-03,31.376989364624023
2009-06-04,31.731082916259766
2009-06-05,31.76561164855957
2009-06-08,31.67064094543457
2009-06-09,31.912456512451172
2009-06-10,31.80015754699707
2009-06-11,31.80015754699707
2009-06-12,31.65336036682129
2009-06-15,31.005599975585938
2009-06-16,30.703311920166016
2009-06-17,30.996965408325195
2009-06-18,30.9365177154541
2009-06-19,31.268564224243164
2009-06-22,30.334653854370117
2009-06-23,30.26546859741211
2009-06-24,30.775667190551758
2009-06-25,31.38097381591797
2009-06-26,31.450159072875977
2009-06-29,31.51933479309082
2009-06-30,31.45879554748535
2009-07-01,31.476104736328125
2009-07-02,30.78430938720703
2009-07-06,30.620018005371094
2009-07-07,29.859050750732422
2009-07-08,30.014707565307617
2009-07-09,30.06658935546875
2009-07-10,30.19630241394043
2009-07-13,30.775667190551758
2009-07-14,30.888084411621094
2009-07-15,31.925769805908203
2009-07-16,32.30622482299805
2009-07-17,32.479183197021484
2009-07-20,32.790489196777344
2009-07-21,33.01530838012695
2009-07-22,33.292022705078125
2009-07-23,34.02703857421875
2009-07-24,33.76762771606445
2009-07-27,34.02703857421875
2009-07-28,33.79357147216797
2009-07-29,34.01838684082031
2009-07-30,34.217288970947266
2009-07-31,34.113521575927734
2009-08-03,34.62371063232422
2009-08-04,34.62371063232422
2009-08-05,34.35565185546875
2009-08-06,34.0529899597168
2009-08-07,34.485347747802734
2009-08-10,34.243228912353516
2009-08-11,33.9492073059082
2009-08-12,34.4766960144043
2009-08-13,34.66693878173828
2009-08-14,34.269168853759766
2009-08-17,33.27472686767578
2009-08-18,33.750328063964844
2009-08-19,33.98380661010742
2009-08-20,34.38158416748047
2009-08-21,34.839881896972656
2009-08-24,34.80531311035156
2009-08-25,34.9090576171875
2009-08-26,34.84853744506836
2009-08-27,34.93501663208008
2009-08-28,34.96959686279297
2009-08-31,34.61505889892578
2009-09-01,33.96650695800781
2009-09-02,33.940582275390625
2009-09-03,34.165401458740234
2009-09-04,34.900413513183594
2009-09-08,35.22901916503906
2009-09-09,35.53165817260742
2009-09-10,35.86891174316406
2009-09-11,35.90351867675781
2009-09-14,36.0418586730957
2009-09-15,36.15426254272461
2009-09-16,36.681758880615234
2009-09-17,36.67312240600586
2009-09-18,36.73456954956055
2009-09-21,36.847103118896484
2009-09-22,36.91633605957031
2009-09-23,36.74322509765625
2009-09-24,36.4142951965332
2009-09-25,36.09405517578125
2009-09-28,36.708595275878906
2009-09-29,36.54415512084961
2009-09-30,36.57011795043945
2009-10-01,35.4881591796875
2009-10-02,35.384281158447266
2009-10-05,35.669918060302734
2009-10-06,36.3017692565918
2009-10-07,36.405670166015625
2009-10-08,36.56146240234375
2009-10-09,36.76918029785156
2009-10-12,36.847103118896484
2009-10-13,36.855743408203125
2009-10-14,37.35778045654297
2009-10-15,37.27122116088867
2009-10-16,37.028873443603516
2009-10-19,37.40104675292969
2009-10-20,37.409698486328125
2009-10-21,37.3404655456543
2009-10-22,37.48762130737305
2009-10-23,37.33180618286133
2009-10-26,37.21065139770508
2009-10-27,36.648006439208984
2009-10-28,35.82571792602539
2009-10-29,36.43161392211914
2009-10-30,35.45352554321289
2009-11-02,35.600677490234375
2009-11-03,35.713191986083984
2009-11-04,35.77377700805664
2009-11-05,36.65667724609375
2009-11-06,36.8730583190918
2009-11-09,37.66073226928711
2009-11-10,37.75593185424805
2009-11-11,37.99829864501953
2009-11-12,37.781898498535156
2009-11-13,38.093502044677734
2009-11-16,38.48301696777344
2009-11-17,38.60417175292969
2009-11-18,38.38779067993164
2009-11-19,37.79056167602539
2009-11-20,37.60014343261719
2009-11-23,38.20602798461914
2009-11-24,38.07619857788086
2009-11-25,38.24065399169922
2009-11-27,37.66073226928711
2009-11-30,37.70399856567383
2009-12-01,38.093502044677734
2009-12-02,38.14543914794922
2009-12-03,37.989646911621094
2009-12-04,38.18871307373047
2009-12-07,38.00693130493164
2009-12-08,37.773250579833984
2009-12-09,38.15407943725586
2009-12-10,38.34452438354492
2009-12-11,38.19737243652344
2009-12-14,38.560916900634766
2009-12-15,38.34452438354492
2009-12-16,38.39643096923828
2009-12-17,37.92903137207031
2009-12-18,38.54723358154297
2009-12-21,38.98072052001953
2009-12-22,39.214813232421875
2009-12-23,39.50094985961914
2009-12-24,39.86508560180664
2009-12-28,40.07315444946289
2009-12-29,39.90842819213867
2009-12-30,40.029808044433594
2009-12-31,39.66566848754883
2010-01-04,40.24656677246094
2010-01-05,40.24656677246094
2010-01-06,40.00379180908203
2010-01-07,40.029808044433594
2010-01-08,40.3592529296875
2010-01-11,40.194549560546875
2010-01-12,39.691673278808594
2010-01-13,40.18586349487305
2010-01-14,40.22053909301758
2010-01-15,39.75236129760742
2010-01-19,40.39395523071289
2010-01-20,39.813045501708984
2010-01-21,39.44023132324219
2010-01-22,38.2871208190918
2010-01-25,38.41718292236328
2010-01-26,38.45185089111328
2010-01-27,38.755313873291016
2010-01-28,37.75823211669922
2010-01-29,37.09932327270508
2010-02-01,37.506797790527344
2010-02-02,37.84495162963867
2010-02-03,38.05303192138672
2010-02-04,36.951934814453125
2010-02-05,37.26404571533203
2010-02-08,36.99528121948242
2010-02-09,37.37675857543945
2010-02-10,37.29873275756836
2010-02-11,37.862281799316406
2010-02-12,37.94031524658203
2010-02-16,38.42584228515625
2010-02-17,38.642581939697266
2010-02-18,38.88536834716797
2010-02-19,38.868003845214844
2010-02-22,38.79000473022461
2010-02-23,38.2871208190918
2010-02-24,38.677268981933594
2010-02-25,38.66859817504883
2010-02-26,38.80733108520508
2010-03-01,39.370887756347656
2010-03-02,39.492252349853516
2010-03-03,39.53561782836914
2010-03-04,39.66566848754883
2010-03-05,40.26389694213867
2010-03-08,40.341915130615234
2010-03-09,40.567359924316406
2010-03-10,40.89680862426758
2010-03-11,41.05287170410156
2010-03-12,41.0615348815918
2010-03-15,40.95751190185547
2010-03-16,41.21760177612305
2010-03-17,41.3303108215332
2010-03-18,41.46904754638672
2010-03-19,41.21821975708008
2010-03-22,41.59141540527344
2010-03-23,41.877845764160156
2010-03-24,41.67821502685547
2010-03-25,41.617469787597656
2010-03-26,41.66084671020508
2010-03-29,41.8604850769043
2010-03-30,41.99934768676758
2010-03-31,41.79971694946289
2010-04-01,41.79971694946289
2010-04-05,42.1903076171875
2010-04-06,42.311805725097656
2010-04-07,42.207672119140625
2010-04-08,42.30312728881836
2010-04-09,42.5548210144043
2010-04-12,42.589561462402344
2010-04-13,42.80653381347656
2010-04-14,43.318603515625
2010-04-15,43.50954818725586
2010-04-16,42.98879623413086
2010-04-19,42.9627571105957
2010-04-20,43.179752349853516
2010-04-21,43.42276382446289
2010-04-22,43.66576385498047
2010-04-23,43.84804916381836
2010-04-26,43.75257110595703
2010-04-27,42.823883056640625
2010-04-28,42.84992599487305
2010-04-29,43.596351623535156
2010-04-30,42.73710250854492
2010-05-03,43.33597183227539
2010-05-04,42.03407669067383
2010-05-05,41.81707000732422
2010-05-06,40.41971969604492
2010-05-07,39.412899017333984
2010-05-10,41.46123123168945
2010-05-11,41.41782760620117
2010-05-12,42.19896697998047
2010-05-13,41.5306510925293
2010-05-14,40.73215103149414
2010-05-17,40.86235046386719
2010-05-18,40.29818344116211
2010-05-19,39.97706985473633
2010-05-20,38.49289321899414
2010-05-21,38.91817092895508
2010-05-24,38.76194381713867
2010-05-25,38.79666519165039
2010-05-26,38.362701416015625
2010-05-27,39.81214904785156
2010-05-28,39.57780838012695
2010-06-01,39.21327590942383
2010-06-02,40.141971588134766
2010-06-03,40.52385330200195
2010-06-04,39.13518142700195
2010-06-07,38.423458099365234
2010-06-08,38.35402297973633
2010-06-09,38.03288650512695
2010-06-10,39.117801666259766
2010-06-11,39.49100875854492
2010-06-14,39.48233413696289
2010-06-15,40.541236877441406
2010-06-16,40.70612335205078
2010-06-17,40.83631896972656
2010-06-18,40.8702392578125
2010-06-21,40.52239990234375
2010-06-22,40.20935821533203
2010-06-23,40.044132232666016
2010-06-24,39.435420989990234
2010-06-25,39.443267822265625
2010-06-28,39.303871154785156
2010-06-29,37.78781509399414
2010-06-30,37.212764739990234
2010-07-01,37.10820770263672
2010-07-02,37.003658294677734
2010-07-06,37.11690902709961
2010-07-07,38.30187225341797
2010-07-08,38.510986328125
2010-07-09,38.876922607421875
2010-07-12,38.990203857421875
2010-07-13,39.49554443359375
2010-07-14,39.69594955444336
2010-07-15,39.73080825805664
2010-07-16,38.632965087890625
2010-07-19,38.96405792236328
2010-07-20,39.43456268310547
2010-07-21,38.89435958862305
2010-07-22,39.87890625
2010-07-23,40.13158416748047
2010-07-26,40.46267318725586
2010-07-27,40.445247650146484
2010-07-28,40.12286376953125
2010-07-29,39.82664108276367
2010-07-30,39.913761138916016
2010-08-02,40.66307830810547
2010-08-03,40.488807678222656
2010-08-04,40.8983154296875
2010-08-05,40.80248260498047
2010-08-06,40.741477966308594
2010-08-09,41.020301818847656
2010-08-10,40.66307830810547
2010-08-11,39.55653762817383
2010-08-12,39.24287796020508
2010-08-13,38.96405792236328
2010-08-16,39.033748626708984
2010-08-17,39.530399322509766
2010-08-18,39.68722915649414
2010-08-19,39.08604431152344
2010-08-20,39.1383171081543
2010-08-23,38.75497055053711
2010-08-24,38.031768798828125
2010-08-25,38.39772415161133
2010-08-26,37.935951232910156
2010-08-27,38.39772415161133
2010-08-30,37.99691390991211
2010-08-31,37.86623001098633
2010-09-01,38.99890899658203
2010-09-02,39.43456268310547
2010-09-03,40.0880241394043
2010-09-07,39.81792068481445
2010-09-08,40.297142028808594
2010-09-09,40.45395278930664
2010-09-10,40.60207748413086
2010-09-13,41.16841506958008
2010-09-14,41.34267807006836
2010-09-15,41.60405349731445
2010-09-16,41.76960754394531
2010-09-17,41.911102294921875
2010-09-20,42.64469909667969
2010-09-21,42.635955810546875
2010-09-22,42.522422790527344
2010-09-23,42.504947662353516
2010-09-24,43.36954879760742
2010-09-27,43.13375473022461
2010-09-28,43.11627960205078
2010-09-29,43.046417236328125
2010-09-30,42.854286193847656
2010-10-01,42.8018913269043
2010-10-04,42.339012145996094
2010-10-05,43.36954879760742
2010-10-06,42.9940185546875
2010-10-07,43.1512336730957
2010-10-08,43.448150634765625
2010-10-11,43.465599060058594
2010-10-12,43.76254653930664
2010-10-13,44.12061309814453
2010-10-14,44.03328323364258
2010-10-15,44.96773910522461
2010-10-18,44.80180740356445
2010-10-19,44.38261032104492
2010-10-20,44.70573806762695
2010-10-21,44.7930793762207
2010-10-22,45.09873962402344
2010-10-25,45.31707000732422
2010-10-26,45.43935012817383
2010-10-27,45.57908630371094
2010-10-28,45.675132751464844
2010-10-29,45.57034683227539
2010-11-01,45.60527801513672
2010-11-02,46.094329833984375
2010-11-03,46.30393981933594
2010-11-04,46.87160110473633
2010-11-05,46.87160110473633
2010-11-08,46.932735443115234
2010-11-09,46.67948913574219
2010-11-10,46.91526412963867
2010-11-11,46.61833953857422
2010-11-12,45.85853576660156
2010-11-15,45.68389892578125
2010-11-16,44.93281555175781
2010-11-17,45.063819885253906
2010-11-18,45.78868865966797
2010-11-19,45.8236198425293
2010-11-22,46.2078742980957
2010-11-23,45.474273681640625
2010-11-24,46.39127731323242
2010-11-26,46.08561325073242
2010-11-29,46.0506706237793
2010-11-30,45.491737365722656
2010-12-01,46.452423095703125
2010-12-02,46.924007415771484
2010-12-03,47.0462532043457
2010-12-06,47.02880096435547
2010-12-07,47.05500411987305
2010-12-08,47.22966766357422
2010-12-09,47.273345947265625
2010-12-10,47.587738037109375
2010-12-13,47.42179870605469
2010-12-14,47.50913619995117
2010-12-15,47.2995491027832
2010-12-16,47.666343688964844
2010-12-17,47.708343505859375
2010-12-20,47.74332809448242
2010-12-21,48.0321044921875
2010-12-22,48.02336120605469
2010-12-23,47.900840759277344
2010-12-27,47.92710494995117
2010-12-28,47.83959197998047
2010-12-29,47.944610595703125
2010-12-30,47.830833435058594
2010-12-31,47.65584182739258
2011-01-03,48.3996467590332
2011-01-04,48.36465072631836
2011-01-05,48.775917053222656
2011-01-06,48.93342590332031
2011-01-07,48.889678955078125
2011-01-10,49.07344436645508
2011-01-11,49.14341735839844
2011-01-12,49.49345779418945
2011-01-13,49.51095962524414
2011-01-14,49.87849807739258
2011-01-18,50.01850509643555
2011-01-19,49.44971466064453
2011-01-20,49.099674224853516
2011-01-21,48.7234001159668
2011-01-24,49.39720916748047
2011-01-25,49.46723175048828
2011-01-26,49.72972106933594
2011-01-27,50.03600311279297
2011-01-28,48.76716613769531
2011-01-31,49.00343704223633
2011-02-01,49.9222412109375
2011-02-02,49.84348678588867
2011-02-03,49.93099594116211
2011-02-04,50.21100616455078
2011-02-07,50.44728088378906
2011-02-08,50.77980422973633
2011-02-09,50.69229507446289
2011-02-10,50.771060943603516
2011-02-11,51.13856887817383
2011-02-14,51.26108932495117
2011-02-15,51.19109344482422
2011-02-16,51.52362823486328
2011-02-17,51.50611114501953
2011-02-18,51.39232635498047
2011-02-22,49.904727935791016
2011-02-23,49.49345779418945
2011-02-24,49.755985260009766
2011-02-25,50.44728088378906
2011-02-28,50.55227279663086
2011-03-01,49.73849105834961
2011-03-02,50.00099563598633
2011-03-03,50.98981475830078
2011-03-04,50.727294921875
2011-03-07,50.04472351074219
2011-03-08,50.246002197265625
2011-03-09,49.904727935791016
2011-03-10,49.12592315673828
2011-03-11,49.432212829589844
2011-03-14,49.25719451904297
2011-03-15,48.55714797973633
2011-03-16,47.384559631347656
2011-03-17,47.822113037109375
2011-03-18,47.71431350708008
2011-03-21,48.6344108581543
2011-03-22,48.546791076660156
2011-03-23,48.818450927734375
2011-03-24,49.685970306396484
2011-03-25,49.80866241455078
2011-03-28,49.53703308105469
2011-03-29,50.01896667480469
2011-03-30,50.25556182861328
2011-03-31,50.3256721496582
2011-04-01,50.35196304321289
2011-04-04,50.18547058105469
2011-04-05,50.054019927978516
2011-04-06,50.17669677734375
2011-04-07,50.141658782958984
2011-04-08,49.90507507324219
2011-04-11,49.73855972290039
2011-04-12,49.39680099487305
2011-04-13,49.81741714477539
2011-04-14,49.729801177978516
2011-04-15,49.64215850830078
2011-04-18,49.291656494140625
2011-04-19,49.59835433959961
2011-04-20,50.72000503540039
2011-04-21,51.12310028076172
2011-04-25,51.25455093383789
2011-04-26,51.54371643066406
2011-04-27,51.894248962402344
2011-04-28,51.815372467041016
2011-04-29,51.77156448364258
2011-05-02,51.6751708984375
2011-05-03,51.42979049682617
2011-05-04,51.35094451904297
2011-05-05,51.07053756713867
2011-05-06,51.23702621459961
2011-05-09,51.42979049682617
2011-05-10,51.867958068847656
2011-05-11,51.49114990234375
2011-05-12,51.79787063598633
2011-05-13,51.184444427490234
2011-05-16,50.299381256103516
2011-05-17,50.43960952758789
2011-05-18,50.8602180480957
2011-05-19,51.009178161621094
2011-05-20,50.62360382080078
2011-05-23,49.87877655029297
2011-05-24,49.572059631347656
2011-05-25,49.76484298706055
2011-05-26,50.07154846191406
2011-05-27,50.3256721496582
2011-05-31,51.140621185302734
2011-06-01,50.02773666381836
2011-06-02,50.132877349853516
2011-06-03,49.379276275634766
2011-06-06,48.97617721557617
2011-06-07,48.88854217529297
2011-06-08,48.53804016113281
2011-06-09,48.62565612792969
2011-06-10,47.88080978393555
2011-06-13,47.88080978393555
2011-06-14,48.49420166015625
2011-06-15,47.5741081237793
2011-06-16,47.39009094238281
2011-06-17,47.241661071777344
2011-06-20,47.48757553100586
2011-06-21,48.5063362121582
2011-06-22,48.15505599975586
2011-06-23,48.60296630859375
2011-06-24,47.75983428955078
2011-06-27,48.52389907836914
2011-06-28,49.24409484863281
2011-06-29,49.44609451293945
2011-06-30,50.10478973388672
2011-07-01,50.860107421875
2011-07-05,51.11479187011719
2011-07-06,51.28165817260742
2011-07-07,51.984275817871094
2011-07-08,51.84374237060547
2011-07-11,50.90401077270508
2011-07-12,50.517581939697266
2011-07-13,50.72834777832031
2011-07-14,50.13991928100586
2011-07-15,50.807376861572266
2011-07-18,50.535133361816406
2011-07-19,51.68565368652344
2011-07-20,51.46609878540039
2011-07-21,51.80860900878906
2011-07-22,52.344322204589844
2011-07-25,52.23896026611328
2011-07-26,52.37070083618164
2011-07-27,51.01818084716797
2011-07-28,51.10599899291992
2011-07-29,50.93913269042969
2011-08-01,50.7020149230957
2011-08-02,49.41972732543945
2011-08-03,49.894020080566406
2011-08-04,47.57539749145508
2011-08-05,47.276790618896484
2011-08-08,44.43123245239258
2011-08-09,46.574180603027344
2011-08-10,44.668338775634766
2011-08-11,46.635643005371094
2011-08-12,47.04844665527344
2011-08-15,47.74225616455078
2011-08-16,47.3382682800293
2011-08-17,47.057220458984375
2011-08-18,44.747406005859375
2011-08-19,43.93939971923828
2011-08-22,44.09749221801758
2011-08-23,45.91548538208008
2011-08-24,46.27557373046875
2011-08-25,45.520294189453125
2011-08-26,46.66199493408203
2011-08-29,47.96183776855469
2011-08-30,48.27800750732422
2011-08-31,48.35704803466797
2011-09-01,47.91791534423828
2011-09-02,46.793739318847656
2011-09-06,46.80252456665039
2011-09-07,47.9881706237793
2011-09-08,47.76862716674805
2011-09-09,46.7059211730957
2011-09-12,47.30313491821289
2011-09-13,47.935489654541016
2011-09-14,48.62054443359375
2011-09-15,49.3407096862793
2011-09-16,49.7929801940918
2011-09-19,49.810577392578125
2011-09-20,49.5905876159668
2011-09-21,48.72829818725586
2011-09-22,47.144493103027344
2011-09-23,47.646034240722656
2011-09-26,48.20036697387695
2011-09-27,48.70189666748047
2011-09-28,47.98040008544922
2011-09-29,47.408470153808594
2011-09-30,46.1854133605957
2011-10-03,44.99756622314453
2011-10-04,45.921451568603516
2011-10-05,47.100521087646484
2011-10-06,47.89240646362305
2011-10-07,47.57564926147461
2011-10-10,49.22102355957031
2011-10-11,49.55540084838867
2011-10-12,49.80177307128906
2011-10-13,50.259300231933594
2011-10-14,51.191993713378906
2011-10-17,50.40007781982422
2011-10-18,51.024810791015625
2011-10-19,50.03932571411133
2011-10-20,49.7929801940918
2011-10-21,50.41769027709961
2011-10-24,51.46475601196289
2011-10-25,50.452877044677734
2011-10-26,50.39130783081055
2011-10-27,51.78151321411133
2011-10-28,51.86070251464844
2011-10-31,50.989601135253906
2011-11-01,49.660980224609375
2011-11-02,50.08333206176758
2011-11-03,51.12159729003906
2011-11-04,50.85761642456055
2011-11-07,51.21839141845703
2011-11-08,51.80791091918945
2011-11-09,49.98655319213867
2011-11-10,49.96013641357422
2011-11-11,50.901611328125
2011-11-14,50.58487319946289
2011-11-15,51.14799880981445
2011-11-16,50.303306579589844
2011-11-17,49.1242561340332
2011-11-18,48.74588394165039
2011-11-21,47.81321334838867
2011-11-22,47.97160720825195
2011-11-23,46.88932418823242
2011-11-25,46.528568267822266
2011-11-28,48.147586822509766
2011-11-29,47.848411560058594
2011-11-30,49.61697006225586
2011-12-01,49.96013641357422
2011-12-02,49.81935119628906
2011-12-05,50.364891052246094
2011-12-06,50.22410202026367
2011-12-07,50.22410202026367
2011-12-08,49.379417419433594
2011-12-09,50.17132568359375
2011-12-12,49.608184814453125
2011-12-13,49.06264114379883
2011-12-14,48.297157287597656
2011-12-15,48.1651496887207
2011-12-16,48.413150787353516
2011-12-19,47.93660354614258
2011-12-20,49.35739517211914
2011-12-21,48.651405334472656
2011-12-22,49.06618881225586
2011-12-23,49.489776611328125
2011-12-27,49.674373626708984
2011-12-28,49.100276947021484
2011-12-29,49.45356750488281
2011-12-30,49.312252044677734
2012-01-03,50.257328033447266
2012-01-04,50.46932601928711
2012-01-05,50.884437561035156
2012-01-06,51.061092376708984
2012-01-09,50.89329147338867
2012-01-10,51.264244079589844
2012-01-11,51.3702392578125
2012-01-12,51.573394775390625
2012-01-13,51.38789749145508
2012-01-17,51.856021881103516
2012-01-18,52.54496383666992
2012-01-19,52.87178421020508
2012-01-20,52.79227828979492
2012-01-23,52.809932708740234
2012-01-24,52.7127799987793
2012-01-25,53.375213623046875
2012-01-26,53.18973922729492
2012-01-27,53.348731994628906
2012-01-30,53.392887115478516
2012-01-31,53.46355438232422
2012-02-01,53.89634704589844
2012-02-02,54.06416320800781
2012-02-03,54.80610275268555
2012-02-06,54.761932373046875
2012-02-07,54.876773834228516
2012-02-08,55.1682243347168
2012-02-09,55.56570053100586
2012-02-10,55.17707061767578
2012-02-13,55.689369201660156
2012-02-14,55.8306770324707
2012-02-15,55.44206237792969
2012-02-16,56.201663970947266
2012-02-17,56.02500534057617
2012-02-21,56.183982849121094
2012-02-22,55.92784118652344
2012-02-23,56.29881286621094
2012-02-24,56.49311447143555
2012-02-27,56.57262420654297
2012-02-28,57.146728515625
2012-02-29,56.89058303833008
2012-03-01,57.34104919433594
2012-03-02,57.296897888183594
2012-03-05,56.705081939697266
2012-03-06,56.14864730834961
2012-03-07,56.581451416015625
2012-03-08,57.190895080566406
2012-03-09,57.429378509521484
2012-03-12,57.45587158203125
2012-03-13,58.52462387084961
2012-03-14,58.727760314941406
2012-03-15,58.89558792114258
2012-03-16,58.85401153564453
2012-03-19,59.26985168457031
2012-03-20,59.37602233886719
2012-03-21,59.38487243652344
2012-03-22,59.26099395751953
2012-03-23,59.22560501098633
2012-03-26,60.26078796386719
2012-03-27,60.3492431640625
2012-03-28,60.110382080078125
2012-03-29,59.88031768798828
2012-03-30,59.765316009521484
2012-04-02,60.38461685180664
2012-04-03,60.366939544677734
2012-04-04,59.544105529785156
2012-04-05,59.915733337402344
2012-04-09,59.46446990966797
2012-04-10,58.50893783569336
2012-04-11,58.79206466674805
2012-04-12,59.46446990966797
2012-04-13,58.562034606933594
2012-04-16,57.907325744628906
2012-04-17,59.084041595458984
2012-04-18,58.933631896972656
2012-04-19,58.27005386352539
2012-04-20,58.110816955566406
2012-04-23,57.5799446105957
2012-04-24,57.27028274536133
2012-04-25,58.79206466674805
2012-04-26,59.137107849121094
2012-04-27,59.491004943847656
2012-04-30,59.06633377075195
2012-05-01,59.16365432739258
2012-05-02,59.33177185058594
2012-05-03,58.70359802246094
2012-05-04,57.243736267089844
2012-05-07,57.296817779541016
2012-05-08,57.0844841003418
2012-05-09,56.90753936767578
2012-05-10,56.79252243041992
2012-05-11,56.783668518066406
2012-05-14,56.252830505371094
2012-05-15,56.067012786865234
2012-05-16,55.686588287353516
2012-05-17,54.50984191894531
2012-05-18,53.80205154418945
2012-05-21,55.306121826171875
2012-05-22,55.24418640136719
2012-05-23,55.35036849975586
2012-05-24,54.98762130737305
2012-05-25,54.916839599609375
2012-05-29,55.615806579589844
2012-05-30,55.14688491821289
2012-05-31,54.907997131347656
2012-06-01,53.44813537597656
2012-06-04,53.855125427246094
2012-06-05,54.07632064819336
2012-06-06,55.31499099731445
2012-06-07,55.093780517578125
2012-06-08,55.62464141845703
2012-06-11,54.68679428100586
2012-06-12,55.35036849975586
2012-06-13,54.96993637084961
2012-06-14,55.173423767089844
2012-06-15,55.85890579223633
2012-06-18,56.38211441040039
2012-06-19,56.96738052368164
2012-06-20,57.01172637939453
2012-06-21,55.59287643432617
2012-06-22,56.17815017700195
2012-06-25,55.096256256103516
2012-06-26,55.442108154296875
2012-06-27,55.77908706665039
2012-06-28,55.15834426879883
2012-06-29,56.896446228027344
2012-07-02,57.06494140625
2012-07-03,57.543792724609375
2012-07-05,57.57926940917969
2012-07-06,56.860984802246094
2012-07-09,56.75455093383789
2012-07-10,56.195884704589844
2012-07-11,55.8855094909668
2012-07-12,55.3622932434082
2012-07-13,56.204742431640625
2012-07-16,56.045135498046875
2012-07-17,56.33774948120117
2012-07-18,57.100399017333984
2012-07-19,57.730037689208984
2012-07-20,56.96738052368164
2012-07-23,56.27571487426758
2012-07-24,55.83229446411133
2012-07-25,55.45985412597656
2012-07-26,56.195884704589844
2012-07-27,57.526084899902344
2012-07-30,57.481746673583984
2012-07-31,57.4640007019043
2012-08-01,57.29550552368164
2012-08-02,57.09153747558594
2012-08-03,58.17340850830078
2012-08-06,58.61680221557617
2012-08-07,59.104549407958984
2012-08-08,59.07795715332031
2012-08-09,59.25531005859375
2012-08-10,59.2907829284668
2012-08-13,59.432655334472656
2012-08-14,59.45926284790039
2012-08-15,59.61003875732422
2012-08-16,60.31945037841797
2012-08-17,60.585479736328125
2012-08-20,60.67416763305664
2012-08-21,60.43475341796875
2012-08-22,60.68301773071289
2012-08-23,60.18645095825195
2012-08-24,60.55891418457031
2012-08-27,60.65644073486328
2012-08-28,60.65644073486328
2012-08-29,60.65644073486328
2012-08-30,60.044525146484375
2012-08-31,60.4436149597168
2012-09-04,60.38151550292969
2012-09-05,60.31945037841797
2012-09-06,61.65849304199219
2012-09-07,61.569820404052734
2012-09-10,60.78057861328125
2012-09-11,60.68301773071289
2012-09-12,60.86042022705078
2012-09-13,61.685096740722656
2012-09-14,62.23491287231445
2012-09-17,62.26153564453125
2012-09-18,62.314735412597656
2012-09-19,62.43001174926758
2012-09-20,62.367923736572266
2012-09-21,62.3857307434082
2012-09-24,62.02111053466797
2012-09-25,61.149574279785156
2012-09-26,60.65153884887695
2012-09-27,61.48750305175781
2012-09-28,60.98060607910156
2012-10-01,60.89167022705078
2012-10-02,61.06954574584961
2012-10-03,61.460819244384766
2012-10-04,61.67426300048828
2012-10-05,61.34524154663086
2012-10-08,60.78493118286133
2012-10-09,59.81560134887695
2012-10-10,59.51322555541992
2012-10-11,59.32648468017578
2012-10-12,59.29979705810547
2012-10-15,59.735538482666016
2012-10-16,60.58039855957031
2012-10-17,60.544837951660156
2012-10-18,59.84225082397461
2012-10-19,58.41047286987305
2012-10-22,58.712860107421875
2012-10-23,58.152557373046875
2012-10-24,57.94803237915039
2012-10-25,57.94803237915039
2012-10-26,58.11698532104492
2012-10-31,57.76125717163086
2012-11-01,58.57944107055664
2012-11-02,57.956912994384766
2012-11-05,58.33931350708008
2012-11-06,58.446041107177734
2012-11-07,57.06759262084961
2012-11-08,56.16939926147461
2012-11-09,56.409507751464844
2012-11-12,56.400604248046875
2012-11-13,56.00931167602539
2012-11-14,55.35121154785156
2012-11-15,55.164459228515625
2012-11-16,55.40457534790039
2012-11-19,56.72075653076172
2012-11-20,56.73854446411133
2012-11-21,56.85415267944336
2012-11-23,57.71680450439453
2012-11-26,57.96580505371094
2012-11-27,57.77015686035156
2012-11-28,58.26817321777344
2012-11-29,58.61501693725586
2012-11-30,58.517189025878906
2012-12-03,58.40157699584961
2012-12-04,58.365989685058594
2012-12-05,57.71680450439453
2012-12-06,58.090301513671875
2012-12-07,57.74347686767578
2012-12-10,57.912445068359375
2012-12-11,58.668365478515625
2012-12-12,58.54387664794922
2012-12-13,58.081424713134766
2012-12-14,57.530052185058594
2012-12-17,58.294883728027344
2012-12-18,59.184181213378906
2012-12-19,58.92628860473633
2012-12-20,58.92628860473633
2012-12-21,58.30653762817383
2012-12-24,58.19029998779297
2012-12-26,57.6805419921875
2012-12-27,57.59113311767578
2012-12-28,57.03667068481445
2012-12-31,58.243927001953125
2013-01-02,60.095088958740234
2013-01-03,59.78208923339844
2013-01-04,59.58534622192383
2013-01-07,59.60322570800781
2013-01-08,59.48698043823242
2013-01-09,59.71055221557617
2013-01-10,60.06825256347656
2013-01-11,60.14875030517578
2013-01-14,59.880470275878906
2013-01-15,59.58534622192383
2013-01-16,59.826805114746094
2013-01-17,60.11299514770508
2013-01-18,59.97884750366211
2013-01-22,60.07719802856445
2013-01-23,60.44386672973633
2013-01-24,59.61219787597656
2013-01-25,59.91622543334961
2013-01-28,60.05035400390625
2013-01-29,60.05933380126953
2013-01-30,59.93411636352539
2013-01-31,59.79998016357422
2013-02-01,60.50645446777344
2013-02-04,59.451210021972656
2013-02-05,60.32760238647461
2013-02-06,60.130859375
2013-02-07,60.18452835083008
2013-02-08,60.801570892333984
2013-02-11,60.81944274902344
2013-02-12,60.569061279296875
2013-02-13,60.7836799621582
2013-02-14,60.765785217285156
2013-02-15,60.586944580078125
2013-02-19,61.02513885498047
2013-02-20,60.086151123046875
2013-02-21,59.4422721862793
2013-02-22,60.04142761230469
2013-02-25,59.2991828918457
2013-02-26,59.52272415161133
2013-02-27,60.130859375
2013-02-28,60.005645751953125
2013-03-01,60.25606155395508
2013-03-04,60.524330139160156
2013-03-05,61.418617248535156
2013-03-06,61.26659393310547
2013-03-07,61.427547454833984
2013-03-08,61.499088287353516
2013-03-11,61.677982330322266
2013-03-12,61.45438003540039
2013-03-13,61.37390899658203
2013-03-14,61.579593658447266
2013-03-15,61.40839767456055
2013-03-18,61.27392578125
2013-03-19,61.15739822387695
2013-03-20,61.58766174316406
2013-03-21,60.88848876953125
2013-03-22,61.48008346557617
2013-03-25,61.256011962890625
2013-03-26,61.58766174316406
2013-03-27,61.66832733154297
2013-03-28,61.82069778442383
2013-04-01,61.3994140625
2013-04-02,61.88343048095703
2013-04-03,61.31877899169922
2013-04-04,61.336631774902344
2013-04-05,60.825740814208984
2013-04-08,61.14844512939453
2013-04-09,61.56074905395508
2013-04-10,62.76185989379883
2013-04-11,62.73495864868164
2013-04-12,62.690147399902344
2013-04-15,61.453182220458984
2013-04-16,62.268856048583984
2013-04-17,61.04984664916992
2013-04-18,60.207279205322266
2013-04-19,61.031898498535156
2013-04-22,61.65935516357422
2013-04-23,62.25094223022461
2013-04-24,62.22402572631836
2013-04-25,62.55572509765625
2013-04-26,62.35850524902344
2013-04-29,62.93217468261719
2013-04-30,63.389320373535156
2013-05-01,63.09351348876953
2013-05-02,63.89124298095703
2013-05-03,64.64415740966797
2013-05-06,64.89515686035156
2013-05-07,64.85929107666016
2013-05-08,65.17300415039062
2013-05-09,65.0833969116211
2013-05-10,65.477783203125
2013-05-13,65.5584716796875
2013-05-14,65.8990478515625
2013-05-15,66.03348541259766
2013-05-16,65.9617691040039
2013-05-17,66.59821319580078
2013-05-20,66.4996109008789
2013-05-21,66.5712890625
2013-05-22,65.98868560791016
2013-05-23,65.83631896972656
2013-05-24,65.80047607421875
2013-05-28,66.23069763183594
2013-05-29,65.9169921875
2013-05-30,66.26654815673828
2013-05-31,65.65703582763672
2013-06-03,65.7735595703125
2013-06-04,65.43297576904297
2013-06-05,64.58142852783203
2013-06-06,64.89515686035156
2013-06-07,65.78251647949219
2013-06-10,65.80941009521484
2013-06-11,65.15509796142578
2013-06-12,64.40215301513672
2013-06-13,65.21782684326172
2013-06-14,64.78756713867188
2013-06-17,65.41502380371094
2013-06-18,65.95284271240234
2013-06-19,65.21782684326172
2013-06-20,63.66717529296875
2013-06-21,63.329078674316406
2013-06-24,62.69963455200195
2013-06-25,63.158233642578125
2013-06-26,63.724735260009766
2013-06-27,63.99445724487305
2013-06-28,64.0843734741211
2013-07-01,64.48001098632812
2013-07-02,64.50701141357422
2013-07-03,64.76774597167969
2013-07-05,65.2623291015625
2013-07-08,65.32526397705078
2013-07-09,65.72089385986328
2013-07-10,66.09856414794922
2013-07-11,67.41134643554688
2013-07-12,67.70804595947266
2013-07-15,67.8609390258789
2013-07-16,67.77099609375
2013-07-17,67.94184112548828
2013-07-18,67.77099609375
2013-07-19,67.06964874267578
2013-07-22,67.26747131347656
2013-07-23,66.7729263305664
2013-07-24,66.98872375488281
2013-07-25,67.41134643554688
2013-07-26,67.77099609375
2013-07-29,67.64508819580078
2013-07-30,68.00479125976562
2013-07-31,68.13065338134766
2013-08-01,68.82304382324219
2013-08-02,69.2096939086914
2013-08-05,69.25464630126953
2013-08-06,68.84101867675781
2013-08-07,68.71514892578125
2013-08-08,69.05680847167969
2013-08-09,68.77806854248047
2013-08-12,68.93994140625
2013-08-13,69.32659912109375
2013-08-14,69.06583404541016
2013-08-15,67.89691162109375
2013-08-16,67.86991119384766
2013-08-19,67.75299835205078
2013-08-20,68.04975891113281
2013-08-21,67.81596374511719
2013-08-22,68.48135375976562
2013-08-23,68.93994140625
2013-08-26,68.97592163085938
2013-08-27,67.56420135498047
2013-08-28,67.82496643066406
2013-08-29,68.301513671875
2013-08-30,67.8609390258789
2013-09-03,68.24756622314453
2013-09-04,68.97592163085938
2013-09-05,69.09278106689453
2013-09-06,69.17372131347656
2013-09-09,69.98299407958984
2013-09-10,70.32466125488281
2013-09-11,70.18976593017578
2013-09-12,70.14482879638672
2013-09-13,70.18976593017578
2013-09-16,70.00096893310547
2013-09-17,70.46855926513672
2013-09-18,71.31375122070312
2013-09-19,71.48458099365234
2013-09-20,71.23930358886719
2013-09-23,71.09497833251953
2013-09-24,71.09497833251953
2013-09-25,70.85148620605469
2013-09-26,71.40164947509766
2013-09-27,71.31145477294922
2013-09-30,71.14008331298828
2013-10-01,71.86158752441406
2013-10-02,71.83454132080078
2013-10-03,70.99578857421875
2013-10-04,71.60907745361328
2013-10-07,71.01383972167969
2013-10-08,69.64295959472656
2013-10-09,69.42652893066406
2013-10-10,70.89659881591797
2013-10-11,71.45574188232422
2013-10-14,71.96082305908203
2013-10-15,71.68121337890625
2013-10-16,72.49292755126953
2013-10-17,72.90779113769531
2013-10-18,74.0892333984375
2013-10-21,74.2515869140625
2013-10-22,74.35980224609375
2013-10-23,73.90885925292969
2013-10-24,74.2335433959961
2013-10-25,74.76560974121094
2013-10-28,74.78367614746094
2013-10-29,74.90994262695312
2013-10-30,74.8377914428711
2013-10-31,74.66644287109375
2013-11-01,74.6844482421875
2013-11-04,74.79268646240234
2013-11-05,74.8738784790039
2013-11-06,74.85584259033203
2013-11-07,73.44890594482422
2013-11-08,74.44097900390625
2013-11-11,74.32371520996094
2013-11-12,74.44097900390625
2013-11-13,75.34282684326172
2013-11-14,75.57732391357422
2013-11-15,75.72163391113281
2013-11-18,74.98210906982422
2013-11-19,74.76560974121094
2013-11-20,74.58525085449219
2013-11-21,75.34282684326172
2013-11-22,75.7486801147461
2013-11-25,75.92906188964844
2013-11-26,76.32588195800781
2013-11-27,76.85799407958984
2013-11-29,77.3179702758789
2013-12-02,77.0925064086914
2013-12-03,77.02936553955078
2013-12-04,77.10150909423828
2013-12-05,77.0022964477539
2013-12-06,77.56146240234375
2013-12-09,77.87711334228516
2013-12-10,77.8230209350586
2013-12-11,76.82190704345703
2013-12-12,76.62353515625
2013-12-13,76.52432250976562
2013-12-16,76.94818115234375
2013-12-17,76.79488372802734
2013-12-18,77.6877212524414
2013-12-19,77.47128295898438
2013-12-20,78.26020812988281
2013-12-23,79.08353424072266
2013-12-24,79.1197280883789
2013-12-26,79.3821029663086
2013-12-27,79.18303680419922
2013-12-30,79.06543731689453
2013-12-31,79.58113098144531
2014-01-02,78.95684814453125
2014-01-03,78.38690948486328
2014-01-06,78.09734344482422
2014-01-07,78.8211669921875
2014-01-08,78.99303436279297
2014-01-09,78.73067474365234
2014-01-10,78.98403930664062
2014-01-13,77.81690216064453
2014-01-14,79.30065155029297
2014-01-15,79.95206451416016
2014-01-16,79.96111297607422
2014-01-17,79.5087661743164
2014-01-21,80.11491394042969
2014-01-22,80.32303619384766
2014-01-23,80.05158996582031
2014-01-24,78.47737121582031
2014-01-27,77.71736907958984
2014-01-28,77.672119140625
2014-01-29,76.83976745605469
2014-01-30,78.26020812988281
2014-01-31,78.0521011352539
2014-02-03,76.2607421875
2014-02-04,76.82166290283203
2014-02-05,76.62264251708984
2014-02-06,77.59972381591797
2014-02-07,78.98403930664062
2014-02-10,79.4363784790039
2014-02-11,80.34114837646484
2014-02-12,80.49491882324219
2014-02-13,81.09205627441406
2014-02-14,81.25489807128906
2014-02-18,81.65298461914062
2014-02-19,81.09205627441406
2014-02-20,81.47206115722656
2014-02-21,81.36348724365234
2014-02-24,81.7977523803711
2014-02-25,81.707275390625
2014-02-26,81.63491821289062
2014-02-27,82.1645736694336
2014-02-28,82.07369232177734
2014-03-03,81.46499633789062
2014-03-04,82.50069427490234
2014-03-05,82.72779846191406
2014-03-06,82.65511322021484
2014-03-07,82.24630737304688
2014-03-10,82.31902313232422
2014-03-11,81.96467590332031
2014-03-12,82.27355194091797
2014-03-13,81.11067962646484
2014-03-14,80.55650329589844
2014-03-17,81.2651596069336
2014-03-18,82.24630737304688
2014-03-19,81.80115509033203
2014-03-20,82.02827453613281
2014-03-21,81.04121398925781
2014-03-24,80.33097076416016
2014-03-25,80.59504699707031
2014-03-26,79.5569839477539
2014-03-27,79.11078643798828
2014-03-28,79.265625
2014-03-31,79.83014678955078
2014-04-01,81.2324447631836
2014-04-02,81.4418716430664
2014-04-03,80.79536437988281
2014-04-04,78.64641571044922
2014-04-07,77.89974212646484
2014-04-08,78.61907958984375
2014-04-09,79.96672058105469
2014-04-10,77.48997497558594
2014-04-11,76.5885009765625
2014-04-14,77.189453125
2014-04-15,77.44444274902344
2014-04-16,78.47335815429688
2014-04-17,78.4916000366211
2014-04-21,79.07434844970703
2014-04-22,79.70269012451172
2014-04-23,79.00154113769531
2014-04-24,79.75730895996094
2014-04-25,78.48252868652344
2014-04-28,78.7374496459961
2014-04-29,79.36576080322266
2014-04-30,79.5751724243164
2014-05-01,79.81192779541016
2014-05-02,79.66625213623047
2014-05-05,80.08511352539062
2014-05-06,79.04706573486328
2014-05-07,78.81942749023438
2014-05-08,78.74654388427734
2014-05-09,79.0379638671875
2014-05-12,80.34007263183594
2014-05-13,80.39469146728516
2014-05-14,79.97584533691406
2014-05-15,79.34754180908203
2014-05-16,79.86660766601562
2014-05-19,80.42198181152344
2014-05-20,80.130615234375
2014-05-21,80.89550018310547
2014-05-22,81.25064849853516
2014-05-23,81.84253692626953
2014-05-27,82.86237335205078
2014-05-28,82.60740661621094
2014-05-29,83.13554382324219
2014-05-30,83.1446304321289
2014-06-02,83.06271362304688
2014-06-03,83.02625274658203
2014-06-04,83.33584594726562
2014-06-05,84.03699493408203
2014-06-06,84.51961517333984
2014-06-09,84.45587158203125
2014-06-10,84.6015853881836
2014-06-11,84.58335876464844
2014-06-12,83.8184585571289
2014-06-13,84.0643081665039
2014-06-16,84.13717651367188
2014-06-17,84.18268585205078
2014-06-18,84.65621185302734
2014-06-19,84.6015853881836
2014-06-20,84.70108795166016
2014-06-23,84.71937561035156
2014-06-24,84.63716125488281
2014-06-25,85.17585754394531
2014-06-26,85.22151184082031
2014-06-27,85.59585571289062
2014-06-30,85.741943359375
2014-07-01,86.68233489990234
2014-07-02,86.82841491699219
2014-07-03,87.3762435913086
2014-07-07,87.11148834228516
2014-07-08,86.0615005493164
2014-07-09,86.70059204101562
2014-07-10,86.42668914794922
2014-07-11,86.98363494873047
2014-07-14,87.50408935546875
2014-07-15,87.2027587890625
2014-07-16,87.5497055053711
2014-07-17,86.39017486572266
2014-07-18,87.75971984863281
2014-07-21,87.65013885498047
2014-07-22,88.20709991455078
2014-07-23,88.77315521240234
2014-07-24,88.67272186279297
2014-07-25,88.3257827758789
2014-07-28,88.35317993164062
2014-07-29,88.19798278808594
2014-07-30,88.54490661621094
2014-07-31,86.75535583496094
2014-08-01,86.43585205078125
2014-08-04,87.02928924560547
2014-08-05,86.36282348632812
2014-08-06,86.29884338378906
2014-08-07,86.02497863769531
2014-08-08,86.64584350585938
2014-08-11,87.15708923339844
2014-08-12,87.12060546875
2014-08-13,88.04275512695312
2014-08-14,88.499267578125
2014-08-15,88.92835998535156
2014-08-18,89.6131591796875
2014-08-19,90.11529541015625
2014-08-20,90.11529541015625
2014-08-21,90.29791259765625
2014-08-22,90.43485260009766
2014-08-25,90.75443267822266
2014-08-26,90.84573364257812
2014-08-27,90.86397552490234
2014-08-28,90.76354217529297
2014-08-29,91.10138702392578
2014-09-02,91.36614990234375
2014-09-03,90.82749938964844
2014-09-04,90.74530029296875
2014-09-05,91.2018051147461
2014-09-08,91.37528991699219
2014-09-09,90.61746215820312
2014-09-10,91.36614990234375
2014-09-11,91.29309844970703
2014-09-12,90.82749938964844
2014-09-15,89.95097351074219
2014-09-16,90.73615264892578
2014-09-17,90.87312316894531
2014-09-18,91.55787658691406
2014-09-19,91.50116729736328
2014-09-22,90.6500015258789
2014-09-23,90.40291595458984
2014-09-24,91.37301635742188
2014-09-25,89.45111846923828
2014-09-26,90.40291595458984
2014-09-29,90.28394317626953
2014-09-30,90.41207122802734
2014-10-01,88.9660415649414
2014-10-02,88.9660415649414
2014-10-03,89.84464263916016
2014-10-06,89.65242767333984
2014-10-07,88.38031768798828
2014-10-08,90.10086822509766
2014-10-09,88.64574432373047
2014-10-10,86.43096160888672
2014-10-13,85.07647705078125
2014-10-14,85.08562469482422
2014-10-15,84.5365219116211
2014-10-16,84.00566864013672
2014-10-17,85.1130599975586
2014-10-20,86.38521575927734
2014-10-21,88.65487670898438
2014-10-22,88.197265625
2014-10-23,89.52429962158203
2014-10-24,90.2564697265625
2014-10-27,90.32052612304688
2014-10-28,91.68417358398438
2014-10-29,91.34556579589844
2014-10-30,91.53775787353516
2014-10-31,92.80068969726562
2014-11-03,93.07526397705078
2014-11-04,92.76411437988281
2014-11-05,92.77326965332031
2014-11-06,93.06612396240234
2014-11-07,92.9837646484375
2014-11-10,93.3132095336914
2014-11-11,93.6061019897461
2014-11-12,93.77083587646484
2014-11-13,94.17350769042969
2014-11-14,94.46639251708984
2014-11-17,94.18265533447266
2014-11-18,94.88736724853516
2014-11-19,94.45719909667969
2014-11-20,94.87821960449219
2014-11-21,95.0612564086914
2014-11-24,95.80255126953125
2014-11-25,95.9489974975586
2014-11-26,96.57129669189453
2014-11-28,97.01974487304688
2014-12-01,95.92151641845703
2014-12-02,96.30592346191406
2014-12-03,96.47976684570312
2014-12-04,96.43402099609375
2014-12-05,96.44319152832031
2014-12-08,95.75680541992188
2014-12-09,96.05879211425781
2014-12-10,94.54872131347656
2014-12-11,94.99718475341797
2014-12-12,93.96299743652344
2014-12-15,92.99291229248047
2014-12-16,91.50116729736328
2014-12-17,93.16680145263672
2014-12-18,95.40902709960938
2014-12-19,95.8288345336914
2014-12-22,96.06768798828125
2014-12-23,95.7277603149414
2014-12-24,95.8104476928711
2014-12-26,96.490234375
2014-12-29,96.47186279296875
2014-12-30,95.8288345336914
2014-12-31,94.8459243774414
2015-01-02,94.56114959716797
2015-01-05,93.1740493774414
2015-01-06,91.92475128173828
2015-01-07,93.10977172851562
2015-01-08,94.891845703125
2015-01-09,94.26718139648438
2015-01-12,93.28430938720703
2015-01-13,93.25672912597656
2015-01-14,92.74230194091797
2015-01-15,91.5389404296875
2015-01-16,92.61370086669922
2015-01-20,93.34858703613281
2015-01-21,93.82624053955078
2015-01-22,95.56241607666016
2015-01-23,95.7737045288086
2015-01-26,95.66345977783203
2015-01-27,93.18327331542969
2015-01-28,92.70558166503906
2015-01-29,93.59659576416016
2015-01-30,92.87090301513672
2015-02-02,93.67929077148438
2015-02-03,94.57952117919922
2015-02-04,94.49685668945312
2015-02-05,95.31438446044922
2015-02-06,94.73571014404297
2015-02-09,94.43253326416016
2015-02-10,95.9023208618164
2015-02-11,96.25137329101562
2015-02-12,97.37210845947266
2015-02-13,98.20802307128906
2015-02-17,98.29986572265625
2015-02-18,98.43766021728516
2015-02-19,98.9245376586914
2015-02-20,99.58589172363281
2015-02-23,99.68694305419922
2015-02-24,99.76042938232422
2015-02-25,99.51242065429688
2015-02-26,100.01766204833984
2015-02-27,99.57673645019531
2015-03-02,100.47695922851562
2015-03-03,100.00847625732422
2015-03-04,99.62267303466797
2015-03-05,99.7972183227539
2015-03-06,98.66731262207031
2015-03-09,98.95208740234375
2015-03-10,97.11486053466797
2015-03-11,96.55451202392578
2015-03-12,97.1883773803711
2015-03-13,96.76579284667969
2015-03-16,98.01507568359375
2015-03-17,98.17125701904297
2015-03-18,99.13580322265625
2015-03-19,99.28277587890625
2015-03-20,99.9254379272461
2015-03-23,99.7320785522461
2015-03-24,99.37300872802734
2015-03-25,97.09882354736328
2015-03-26,96.76737213134766
2015-03-27,97.15409088134766
2015-03-30,98.26812744140625
2015-03-31,97.22774505615234
2015-04-01,96.72135162353516
2015-04-02,96.78581237792969
2015-04-06,97.57760620117188
2015-04-07,97.4118881225586
2015-04-08,98.18526458740234
2015-04-09,98.80216979980469
2015-04-10,99.20726776123047
2015-04-13,98.95868682861328
2015-04-14,98.67327880859375
2015-04-15,99.29013061523438
2015-04-16,99.15204620361328
2015-04-17,97.60523223876953
2015-04-20,99.06916046142578
2015-04-21,99.49267578125
2015-04-22,100.03593444824219
2015-04-23,100.41342163085938
2015-04-24,101.77606964111328
2015-04-27,101.51828002929688
2015-04-28,101.31570434570312
2015-04-29,100.68045043945312
2015-04-30,99.09679412841797
2015-05-01,100.40421295166016
2015-05-04,100.5699462890625
2015-05-05,98.9310531616211
2015-05-06,98.2497329711914
2015-05-07,98.8389892578125
2015-05-08,100.07276916503906
2015-05-11,99.68602752685547
2015-05-12,99.23487854003906
2015-05-13,99.43746185302734
2015-05-14,100.89219665527344
2015-05-15,100.89219665527344
2015-05-18,101.3341064453125
2015-05-19,101.22364044189453
2015-05-20,101.28810119628906
2015-05-21,101.81289672851562
2015-05-22,101.71161651611328
2015-05-26,100.54231262207031
2015-05-27,102.16278839111328
2015-05-28,101.9325942993164
2015-05-29,101.32494354248047
2015-06-01,101.66557312011719
2015-06-02,101.34331512451172
2015-06-03,101.64718627929688
2015-06-04,100.873779296875
2015-06-05,100.63441467285156
2015-06-08,99.61235809326172
2015-06-09,99.4466781616211
2015-06-10,100.80931854248047
2015-06-11,100.95663452148438
2015-06-12,100.12797546386719
2015-06-15,99.63082122802734
2015-06-16,100.17402648925781
2015-06-17,100.45024108886719
2015-06-18,101.91416931152344
2015-06-19,101.41030883789062
2015-06-22,102.1578140258789
2015-06-23,102.24089813232422
2015-06-24,101.71485900878906
2015-06-25,101.5118408203125
2015-06-26,100.8381576538086
2015-06-29,98.4572525024414
2015-06-30,98.80792236328125
2015-07-01,99.59232330322266
2015-07-02,99.62001037597656
2015-07-06,99.38929748535156
2015-07-07,99.63848876953125
2015-07-08,97.90355682373047
2015-07-09,97.84818267822266
2015-07-10,99.34319305419922
2015-07-13,101.08733367919922
2015-07-14,101.75176239013672
2015-07-15,101.86253356933594
2015-07-16,103.3021469116211
2015-07-17,104.82479095458984
2015-07-20,105.18472290039062
2015-07-21,105.1201171875
2015-07-22,103.92967224121094
2015-07-23,103.54206085205078
2015-07-24,102.5269546508789
2015-07-27,101.67796325683594
2015-07-28,102.55464172363281
2015-07-29,102.94224548339844
2015-07-30,103.43132781982422
2015-07-31,103.3113784790039
2015-08-03,102.98835754394531
2015-08-04,102.79456329345703
2015-08-05,103.58821105957031
2015-08-06,101.92708587646484
2015-08-07,101.79792022705078
2015-08-10,102.96070861816406
2015-08-11,101.6410140991211
2015-08-12,101.99169921875
2015-08-13,101.8255844116211
2015-08-14,101.98249816894531
2015-08-17,102.83149719238281
2015-08-18,102.30548858642578
2015-08-19,101.63182067871094
2015-08-20,98.81714630126953
2015-08-21,94.498291015625
2015-08-24,90.86231231689453
2015-08-25,90.5208740234375
2015-08-26,95.07966613769531
2015-08-27,97.48828125
2015-08-28,97.46984100341797
2015-08-31,96.26091766357422
2015-09-01,93.2524642944336
2015-09-02,95.88253021240234
2015-09-03,95.41188049316406
2015-09-04,94.27679443359375
2015-09-08,96.93457794189453
2015-09-09,95.84561920166016
2015-09-10,96.88841247558594
2015-09-11,97.42369079589844
2015-09-14,97.12837219238281
2015-09-15,98.27266693115234
2015-09-16,98.82636260986328
2015-09-17,98.86328887939453
2015-09-18,97.45716857910156
2015-09-21,97.7624282836914
2015-09-22,96.30083465576172
2015-09-23,96.37483978271484
2015-09-24,96.02330780029297
2015-09-25,95.209228515625
2015-09-28,92.49873352050781
2015-09-29,92.01770782470703
2015-09-30,94.1361312866211
2015-10-01,94.56168365478516
2015-10-02,96.21759796142578
2015-10-05,97.5959701538086
2015-10-06,97.13340759277344
2015-10-07,97.71619415283203
2015-10-08,98.10472869873047
2015-10-09,98.54874420166016
2015-10-12,98.78929138183594
2015-10-13,98.15099334716797
2015-10-14,97.99372100830078
2015-10-15,99.60336303710938
2015-10-16,100.0196533203125
2015-10-19,100.59320068359375
2015-10-20,100.07515716552734
2015-10-21,99.4646224975586
2015-10-22,101.49053192138672
2015-10-23,104.33050537109375
2015-10-26,104.39527130126953
2015-10-27,104.60803985595703
2015-10-28,105.47759246826172
2015-10-29,105.31111145019531
2015-10-30,104.83928680419922
2015-11-02,106.02344512939453
2015-11-03,106.3934555053711
2015-11-04,106.40269470214844
2015-11-05,106.11592864990234
2015-11-06,106.1899185180664
2015-11-09,105.06134796142578
2015-11-10,104.79306030273438
2015-11-11,104.6635513305664
2015-11-12,103.6459732055664
2015-11-13,101.61079406738281
2015-11-16,103.0723876953125
2015-11-17,103.13713836669922
2015-11-18,105.11683654785156
2015-11-19,105.19084930419922
2015-11-20,105.90313720703125
2015-11-23,105.59786987304688
2015-11-24,105.5053939819336
2015-11-25,105.59786987304688
2015-11-27,105.74589538574219
2015-11-30,105.47759246826172
2015-12-01,106.5322036743164
2015-12-02,105.87541198730469
2015-12-03,104.08072662353516
2015-12-04,106.51371765136719
2015-12-07,106.03265380859375
2015-12-08,106.0418930053711
2015-12-09,104.43228149414062
2015-12-10,104.9040756225586
2015-12-11,102.48959350585938
2015-12-14,103.26668548583984
2015-12-15,103.895751953125
2015-12-16,105.44062042236328
2015-12-17,103.90496826171875
2015-12-18,101.91185760498047
2015-12-21,103.04389953613281
2015-12-22,103.72124481201172
2015-12-23,104.49141693115234
2015-12-24,104.47283935546875
2015-12-28,104.41717529296875
2015-12-29,106.05960083007812
2015-12-30,105.10381317138672
2015-12-31,103.79549407958984
2016-01-04,101.60562896728516
2016-01-05,101.42930603027344
2016-01-06,100.45501708984375
2016-01-07,97.3094253540039
2016-01-08,96.5114517211914
2016-01-11,96.80835723876953
2016-01-12,97.93112182617188
2016-01-13,94.55355834960938
2016-01-14,96.567138671875
2016-01-15,93.5699691772461
2016-01-19,93.77410125732422
2016-01-20,93.4864730834961
2016-01-21,93.57929229736328
2016-01-22,96.28874969482422
2016-01-25,94.8597183227539
2016-01-26,95.71344757080078
2016-01-27,93.32872772216797
2016-01-28,94.64635467529297
2016-01-29,96.6227798461914
2016-02-01,96.88260650634766
2016-02-02,94.78553771972656
2016-02-03,94.33084869384766
2016-02-04,94.32158660888672
2016-02-05,91.04607391357422
2016-02-08,89.65421295166016
2016-02-09,89.37586212158203
2016-02-10,89.71918487548828
2016-02-11,89.58924865722656
2016-02-12,90.95328521728516
2016-02-16,93.00393676757812
2016-02-17,95.11029052734375
2016-02-18,94.02465057373047
2016-02-19,94.30300903320312
2016-02-22,95.83404541015625
2016-02-23,94.2566146850586
2016-02-24,95.15672302246094
2016-02-25,96.09387969970703
2016-02-26,95.9732666015625
2016-02-29,95.11029052734375
2016-03-01,98.16310119628906
2016-03-02,98.20020294189453
2016-03-03,98.01461029052734
2016-03-04,98.0517578125
2016-03-07,97.44860076904297
2016-03-08,96.64134979248047
2016-03-09,97.26303100585938
2016-03-10,97.11454772949219
2016-03-11,98.8126220703125
2016-03-14,98.9796371459961
2016-03-15,98.94255065917969
2016-03-16,99.82406616210938
2016-03-17,99.76839447021484
2016-03-18,99.92475128173828
2016-03-21,100.31561279296875
2016-03-22,100.62272644042969
2016-03-23,99.79443359375
2016-03-24,99.82234191894531
2016-03-28,99.68278503417969
2016-03-29,101.28349304199219
2016-03-30,101.7767333984375
2016-03-31,101.62782287597656
2016-04-01,102.70740509033203
2016-04-04,102.31652069091797
2016-04-05,101.33002471923828
2016-04-06,102.99592590332031
2016-04-07,101.51614379882812
2016-04-08,101.44168853759766
2016-04-11,101.06941986083984
2016-04-12,101.91635131835938
2016-04-13,103.21927642822266
2016-04-14,103.22859191894531
2016-04-15,102.96798706054688
2016-04-18,103.51709747314453
2016-04-19,102.88423156738281
2016-04-20,102.96798706054688
2016-04-21,102.97728729248047
2016-04-22,101.423095703125
2016-04-25,101.423095703125
2016-04-26,100.92986297607422
2016-04-27,100.12017059326172
2016-04-28,98.9103012084961
2016-04-29,98.38917541503906
2016-05-02,99.31982421875
2016-05-03,98.39842987060547
2016-05-04,97.7656021118164
2016-05-05,97.73767852783203
2016-05-06,98.25886535644531
2016-05-09,98.53804016113281
2016-05-10,99.88749694824219
2016-05-11,98.9847640991211
2016-05-12,98.54737854003906
2016-05-13,98.18441772460938
2016-05-16,99.41285705566406
2016-05-17,98.16578674316406
2016-05-18,98.51944732666016
2016-05-19,98.007568359375
2016-05-20,99.0871353149414
2016-05-23,98.95683288574219
2016-05-24,100.93913269042969
2016-05-25,101.66505432128906
2016-05-26,101.96288299560547
2016-05-27,102.49333953857422
2016-05-31,102.68876647949219
2016-06-01,102.69806671142578
2016-06-02,102.91213989257812
2016-06-03,102.4281997680664
2016-06-06,102.80045318603516
2016-06-07,102.53986358642578
2016-06-08,102.71666717529297
2016-06-09,102.54920196533203
2016-06-10,101.3858871459961
2016-06-13,100.53897094726562
2016-06-14,100.53897094726562
2016-06-15,100.2504653930664
2016-06-16,100.54827880859375
2016-06-17,99.36968994140625
2016-06-20,99.99491119384766
2016-06-21,100.31216430664062
2016-06-22,100.06958770751953
2016-06-23,101.49725341796875
2016-06-24,97.31681823730469
2016-06-27,95.38522338867188
2016-06-28,97.47543334960938
2016-06-29,99.20172882080078
2016-06-30,100.3495101928711
2016-07-01,100.85340881347656
2016-07-05,100.23751831054688
2016-07-06,101.05870056152344
2016-07-07,101.3572998046875
2016-07-08,102.92497253417969
2016-07-11,103.51284790039062
2016-07-12,104.03543853759766
2016-07-13,103.78343200683594
2016-07-14,104.49263000488281
2016-07-15,104.32465362548828
2016-07-18,105.01519775390625
2016-07-19,104.6325912475586
2016-07-20,105.8550033569336
2016-07-21,105.61239624023438
2016-07-22,106.05097198486328
2016-07-25,106.06031799316406
2016-07-26,106.1816177368164
2016-07-27,106.91878509521484
2016-07-28,107.29203796386719
2016-07-29,107.52533721923828
2016-08-01,108.09452819824219
2016-08-02,107.27336120605469
2016-08-03,107.62796020507812
2016-08-04,107.9359130859375
2016-08-05,108.9716796875
2016-08-08,108.8503646850586
2016-08-09,109.10232543945312
2016-08-10,108.8223876953125
2016-08-11,109.28897857666016
2016-08-12,109.36360931396484
2016-08-15,109.83016204833984
2016-08-16,109.22364807128906
2016-08-17,109.41960906982422
2016-08-18,109.44760131835938
2016-08-19,109.41960906982422
2016-08-22,109.50357055664062
2016-08-23,109.69951629638672
2016-08-24,108.99034881591797
2016-08-25,108.81305694580078
2016-08-26,108.9716796875
2016-08-29,109.12100219726562
2016-08-30,108.76638793945312
2016-08-31,108.65443420410156
2016-09-01,108.93436431884766
2016-09-02,109.28897857666016
2016-09-06,109.9701919555664
2016-09-07,110.03546142578125
2016-09-08,109.39161682128906
2016-09-09,106.63883972167969
2016-09-12,108.5517807006836
2016-09-13,107.581298828125
2016-09-14,108.09452819824219
2016-09-15,109.77418518066406
2016-09-16,109.7218017578125
2016-09-19,109.24469757080078
2016-09-20,109.45052337646484
2016-09-21,110.52631378173828
2016-09-22,111.40565490722656
2016-09-23,110.69467163085938
2016-09-26,109.76858520507812
2016-09-27,110.8537368774414
2016-09-28,111.04084014892578
2016-09-29,110.23628997802734
2016-09-30,111.05953216552734
2016-10-03,110.90050506591797
2016-10-04,110.73211669921875
2016-10-05,111.12504577636719
2016-10-06,111.06889343261719
2016-10-07,110.82563781738281
2016-10-10,111.52726745605469
2016-10-11,109.93695831298828
2016-10-12,109.84341430664062
2016-10-13,109.45052337646484
2016-10-14,109.58149719238281
2016-10-17,109.28214263916016
2016-10-18,110.2550048828125
2016-10-19,110.24569702148438
2016-10-20,110.11470031738281
2016-10-21,110.52631378173828
2016-10-24,111.85465240478516
2016-10-25,111.49919891357422
2016-10-26,110.741455078125
2016-10-27,110.23628997802734
2016-10-28,109.54405212402344
2016-10-31,109.4411392211914
2016-11-01,108.61793518066406
2016-11-02,107.7479476928711
2016-11-03,106.69086456298828
2016-11-04,106.31669616699219
2016-11-07,108.84246826171875
2016-11-08,109.55342864990234
2016-11-09,110.05860900878906
2016-11-10,108.28117370605469
2016-11-11,108.32795715332031
2016-11-14,107.23345184326172
2016-11-15,108.72085571289062
2016-11-16,109.3663330078125
2016-11-17,110.1614761352539
2016-11-18,109.7498550415039
2016-11-21,110.89112854003906
2016-11-22,111.22794342041016
2016-11-23,110.77890014648438
2016-11-25,111.13436126708984
2016-11-28,110.88179779052734
2016-11-29,111.26533508300781
2016-11-30,109.91825103759766
2016-12-01,108.01925659179688
2016-12-02,108.2343978881836
2016-12-05,109.07633209228516
2016-12-06,109.33826446533203
2016-12-07,110.72277069091797
2016-12-08,110.91921997070312
2016-12-09,111.78922271728516
2016-12-12,111.28406524658203
2016-12-13,112.68727111816406
2016-12-14,112.45341491699219
2016-12-15,112.63111114501953
2016-12-16,112.21361541748047
2016-12-19,112.67334747314453
2016-12-20,113.10493469238281
2016-12-21,113.02051544189453
2016-12-22,112.7015380859375
2016-12-23,112.77655029296875
2016-12-27,113.35828399658203
2016-12-28,112.47633361816406
2016-12-29,112.31680297851562
2016-12-30,111.16279602050781
2017-01-03,112.15731811523438
2017-01-04,112.76717376708984
2017-01-05,113.40516662597656
2017-01-06,114.39971160888672
2017-01-09,114.77500915527344
2017-01-10,115.02835845947266
2017-01-11,115.33797454833984
2017-01-12,115.15966796875
2017-01-13,115.55376434326172
2017-01-17,115.20661163330078
2017-01-18,115.441162109375
2017-01-19,115.3848648071289
2017-01-20,115.63819885253906
2017-01-23,115.73201751708984
2017-01-24,116.5107650756836
2017-01-25,117.68354797363281
2017-01-26,117.80554962158203
2017-01-27,118.03070068359375
2017-01-30,117.11122131347656
2017-01-31,116.87666320800781
2017-02-01,117.68354797363281
2017-02-02,117.58036041259766
2017-02-03,117.91812133789062
2017-02-06,118.0588607788086
2017-02-07,118.49044036865234
2017-02-08,118.6874771118164
2017-02-09,119.11907958984375
2017-02-10,119.51313018798828
2017-02-13,120.18862915039062
2017-02-14,120.59212493896484
2017-02-15,121.30513763427734
2017-02-16,121.26764678955078
2017-02-17,121.79306030273438
2017-02-21,122.3935317993164
2017-02-22,122.44041442871094
2017-02-23,121.98072052001953
2017-02-24,122.21524047851562
2017-02-27,122.3653793334961
2017-02-28,121.9900894165039
2017-03-01,123.32239532470703
2017-03-02,122.703125
2017-03-03,122.9283218383789
2017-03-06,122.65620422363281
2017-03-07,122.4498291015625
2017-03-08,122.66561126708984
2017-03-09,122.75944519042969
2017-03-10,123.27542877197266
2017-03-13,123.48186492919922
2017-03-14,123.18167114257812
2017-03-15,123.94161224365234
2017-03-16,123.85718536376953
2017-03-17,123.81395721435547
2017-03-20,123.9267807006836
2017-03-21,122.04638671875
2017-03-22,122.87374877929688
2017-03-23,122.56350708007812
2017-03-24,122.81732177734375
2017-03-27,123.01476287841797
2017-03-28,123.7669677734375
2017-03-29,124.34044647216797
2017-03-30,124.5472412109375
2017-03-31,124.4626693725586
2017-04-03,124.38746643066406
2017-04-04,124.5849380493164
2017-04-05,124.07720184326172
2017-04-06,124.14301300048828
2017-04-07,124.07720184326172
2017-04-10,124.12423706054688
2017-04-11,123.58826446533203
2017-04-12,123.09002685546875
2017-04-13,122.6010513305664
2017-04-17,123.61650848388672
2017-04-18,123.42845153808594
2017-04-19,123.62591552734375
2017-04-20,124.66010284423828
2017-04-21,124.63191223144531
2017-04-24,126.13619232177734
2017-04-25,127.04817962646484
2017-04-26,126.86962890625
2017-04-27,127.6311264038086
2017-04-28,127.85675811767578
2017-05-01,128.99440002441406
2017-05-02,129.2106170654297
2017-05-03,128.79698181152344
2017-05-04,128.84393310546875
2017-05-05,129.3140411376953
2017-05-08,129.59608459472656
2017-05-09,130.0474090576172
2017-05-10,130.1226043701172
2017-05-11,130.01922607421875
2017-05-12,130.3107147216797
2017-05-15,130.72438049316406
2017-05-16,131.2697296142578
2017-05-17,127.93196105957031
2017-05-18,129.05081176757812
2017-05-19,129.59608459472656
2017-05-22,130.686767578125
2017-05-23,130.81832885742188
2017-05-24,131.42007446289062
2017-05-25,132.53890991210938
2017-05-26,132.7739715576172
2017-05-30,132.88677978515625
2017-05-31,132.8397674560547
2017-06-01,133.35687255859375
2017-06-02,134.87998962402344
2017-06-05,134.8517608642578
2017-06-06,134.31590270996094
2017-06-07,134.84242248535156
2017-06-08,134.98341369628906
2017-06-09,131.60816955566406
2017-06-12,130.90298461914062
2017-06-13,131.96542358398438
2017-06-14,131.39193725585938
2017-06-15,130.8089599609375
2017-06-16,130.241455078125
2017-06-19,132.419189453125
2017-06-20,131.38214111328125
2017-06-21,132.68313598632812
2017-06-22,132.6454620361328
2017-06-23,133.15451049804688
2017-06-26,132.5323028564453
2017-06-27,130.12835693359375
2017-06-28,132.00442504882812
2017-06-29,129.71353149414062
2017-06-30,129.76063537597656
2017-07-03,128.39364624023438
2017-07-05,129.65692138671875
2017-07-06,128.48793029785156
2017-07-07,129.87379455566406
2017-07-10,130.7222442626953
2017-07-11,131.08993530273438
2017-07-12,132.6454620361328
2017-07-13,132.9376983642578
2017-07-14,133.98416137695312
2017-07-17,134.05015563964844
2017-07-18,134.94573974609375
2017-07-19,135.73764038085938
2017-07-20,135.91677856445312
2017-07-21,135.8602294921875
2017-07-24,136.48248291015625
2017-07-25,136.13360595703125
2017-07-26,136.57676696777344
2017-07-27,135.71885681152344
2017-07-28,135.60569763183594
2017-07-31,135.03060913085938
2017-08-01,135.34169006347656
2017-08-02,135.70941162109375
2017-08-03,135.18145751953125
2017-08-04,135.4265594482422
2017-08-07,136.28448486328125
2017-08-08,136.0487518310547
2017-08-09,135.8697052001953
2017-08-10,132.95654296875
2017-08-11,133.96534729003906
2017-08-14,135.69056701660156
2017-08-15,135.78482055664062
2017-08-16,136.02052307128906
2017-08-17,133.23939514160156
2017-08-18,133.14508056640625
2017-08-21,132.9754180908203
2017-08-22,135.00225830078125
2017-08-23,134.5215606689453
2017-08-24,134.12562561035156
2017-08-25,133.84275817871094
2017-08-28,134.257568359375
2017-08-29,134.78550720214844
2017-08-30,136.3693084716797
2017-08-31,137.83058166503906
2017-09-01,137.64202880859375
2017-09-05,136.4070281982422
2017-09-06,136.82188415527344
2017-09-07,137.14236450195312
2017-09-08,135.9545440673828
2017-09-11,137.5194854736328
2017-09-12,137.8494110107422
2017-09-13,138.03799438476562
2017-09-14,137.22726440429688
2017-09-15,137.69857788085938
2017-09-18,137.51812744140625
2017-09-19,137.7543487548828
2017-09-20,137.32919311523438
2017-09-21,136.48829650878906
2017-09-22,136.3560333251953
2017-09-25,134.91990661621094
2017-09-26,135.26950073242188
2017-09-27,136.48829650878906
2017-09-28,136.44102478027344
2017-09-29,137.4236602783203
2017-10-02,137.54649353027344
2017-10-03,137.8394012451172
2017-10-04,137.97164916992188
2017-10-05,139.32278442382812
2017-10-06,139.5117645263672
2017-10-09,139.35108947753906
2017-10-10,139.455078125
2017-10-11,139.87075805664062
2017-10-12,139.6156463623047
2017-10-13,140.15420532226562
2017-10-16,140.63601684570312
2017-10-17,140.81556701660156
2017-10-18,140.64549255371094
2017-10-19,140.12586975097656
2017-10-20,140.5037841796875
2017-10-23,139.58729553222656
2017-10-24,139.8235321044922
2017-10-25,139.29441833496094
2017-10-26,138.850341796875
2017-10-27,142.89413452148438
2017-10-30,143.21536254882812
2017-10-31,143.75396728515625
2017-11-01,143.7067413330078
2017-11-02,143.4327392578125
2017-11-03,144.8122100830078
2017-11-06,145.3034210205078
2017-11-07,145.38844299316406
2017-11-08,145.9743194580078
2017-11-09,145.20896911621094
2017-11-10,145.1995391845703
2017-11-13,145.3790283203125
2017-11-14,144.8499755859375
2017-11-15,144.169677734375
2017-11-16,146.0120391845703
2017-11-17,145.4546356201172
2017-11-20,145.3412628173828
2017-11-21,146.91909790039062
2017-11-22,147.09857177734375
2017-11-24,147.63717651367188
2017-11-27,147.571044921875
2017-11-28,147.948974609375
2017-11-29,145.3695831298828
2017-11-30,146.58840942382812
2017-12-01,145.96487426757812
2017-12-04,144.2830352783203
2017-12-05,144.37753295898438
2017-12-06,145.02943420410156
2017-12-07,145.52072143554688
2017-12-08,146.16326904296875
2017-12-11,147.2969970703125
2017-12-12,147.09857177734375
2017-12-13,147.38206481933594
2017-12-14,147.27804565429688
2017-12-15,148.950439453125
2017-12-18,150.1992645263672
2017-12-19,149.30929565429688
2017-12-20,149.14828491210938
2017-12-21,149.16725158691406
2017-12-22,148.99684143066406
2017-12-26,148.19204711914062
2017-12-27,148.2110137939453
2017-12-28,148.39080810546875
2017-12-29,147.47251892089844
2018-01-02,150.0572052001953
2018-01-03,151.5153350830078
2018-01-04,151.7803955078125
2018-01-05,153.30471801757812
2018-01-08,153.9011688232422
2018-01-09,153.9106903076172
2018-01-10,153.55091857910156
2018-01-11,154.60183715820312
2018-01-12,155.73800659179688
2018-01-16,155.2930145263672
2018-01-17,156.9688262939453
2018-01-18,156.9972686767578
2018-01-19,157.4895477294922
2018-01-22,159.17483520507812
2018-01-23,160.49090576171875
2018-01-24,159.44944763183594
2018-01-25,159.3927001953125
2018-01-26,161.83534240722656
2018-01-29,161.0495147705078
2018-01-30,159.72401428222656
2018-01-31,160.38673400878906
2018-02-01,159.02340698242188
2018-02-02,155.85157775878906
2018-02-05,149.7069091796875
2018-02-06,153.6739959716797
2018-02-07,151.6857452392578
2018-02-08,145.28541564941406
2018-02-09,147.79441833496094
2018-02-12,150.4169921875
2018-02-13,151.19337463378906
2018-02-14,154.0242919921875
2018-02-15,156.8835906982422
2018-02-16,156.18296813964844
2018-02-20,156.49542236328125
2018-02-21,156.05043029785156
2018-02-22,156.031494140625
2018-02-23,159.2222442626953
2018-02-26,161.33351135253906
2018-02-27,159.33583068847656
2018-02-28,158.31324768066406
2018-03-01,155.72850036621094
2018-03-02,157.15818786621094
2018-03-05,158.90029907226562
2018-03-06,159.57247924804688
2018-03-07,159.94174194335938
2018-03-08,160.82232666015625
2018-03-09,163.9466552734375
2018-03-12,164.81776428222656
2018-03-13,162.57383728027344
2018-03-14,162.54542541503906
2018-03-15,162.40341186523438
2018-03-16,161.92056274414062
2018-03-19,158.4658203125
2018-03-20,158.98739624023438
2018-03-21,158.29507446289062
2018-03-22,154.38800048828125
2018-03-23,150.31959533691406
2018-03-26,155.90528869628906
2018-03-27,150.8602294921875
2018-03-28,149.12477111816406
2018-03-29,151.85595703125
2018-04-02,147.4746551513672
2018-04-03,149.13421630859375
2018-04-04,151.48611450195312
2018-04-05,152.3490447998047
2018-04-06,148.5367889404297
2018-04-09,149.57994079589844
2018-04-10,152.8801727294922
2018-04-11,151.9982147216797
2018-04-12,153.82847595214844
2018-04-13,153.03182983398438
2018-04-16,154.1982879638672
2018-04-17,157.51747131347656
2018-04-18,157.83987426757812
2018-04-19,156.38897705078125
2018-04-20,153.91384887695312
2018-04-23,153.52500915527344
2018-04-24,150.27223205566406
2018-04-25,150.45240783691406
2018-04-26,153.61984252929688
2018-04-27,153.7146759033203
2018-04-30,152.62411499023438
2018-05-01,154.36900329589844
2018-05-02,153.45863342285156
2018-05-03,153.43968200683594
2018-05-04,156.3509979248047
2018-05-07,157.6501922607422
2018-05-08,157.48899841308594
2018-05-09,159.20547485351562
2018-05-10,160.8555450439453
2018-05-11,160.70384216308594
2018-05-14,160.9788818359375
2018-05-15,159.19601440429688
2018-05-16,160.24867248535156
2018-05-17,159.6322021484375
2018-05-18,158.80715942382812
2018-05-21,159.69863891601562
2018-05-22,159.489990234375
2018-05-23,160.8365936279297
2018-05-24,160.78915405273438
2018-05-25,160.95040893554688
2018-05-29,160.2391815185547
2018-05-30,161.3866424560547
2018-05-31,161.28237915039062
2018-06-01,163.81431579589844
2018-06-04,165.2937774658203
2018-06-05,165.80587768554688
2018-06-06,166.77313232421875
2018-06-07,165.41708374023438
2018-06-08,165.42652893066406
2018-06-11,165.87225341796875
2018-06-12,166.74473571777344
2018-06-13,166.73521423339844
2018-06-14,168.42323303222656
2018-06-15,167.83526611328125
2018-06-18,167.7383575439453
2018-06-19,167.26312255859375
2018-06-20,168.4510955810547
2018-06-21,166.98757934570312
2018-06-22,166.616943359375
2018-06-25,162.86300659179688
2018-06-26,163.5282440185547
2018-06-27,161.30441284179688
2018-06-28,162.6919403076172
2018-06-29,163.12911987304688
2018-07-02,164.22201538085938
2018-07-03,162.32127380371094
2018-07-05,164.33607482910156
2018-07-06,166.89254760742188
2018-07-09,168.39413452148438
2018-07-10,168.5176544189453
2018-07-11,167.66233825683594
2018-07-12,170.55137634277344
2018-07-13,170.69393920898438
2018-07-16,170.2853240966797
2018-07-17,171.3212432861328
2018-07-18,170.99806213378906
2018-07-19,170.1427459716797
2018-07-20,170.10475158691406
2018-07-23,170.64642333984375
2018-07-24,171.3496856689453
2018-07-25,173.74464416503906
2018-07-26,171.1121063232422
2018-07-27,168.8027801513672
2018-07-30,166.41738891601562
2018-07-31,167.69081115722656
2018-08-01,168.32754516601562
2018-08-02,170.617919921875
2018-08-03,171.1406707763672
2018-08-06,172.14805603027344
2018-08-07,172.77523803710938
2018-08-08,172.98434448242188
2018-08-09,172.8798065185547
2018-08-10,171.55882263183594
2018-08-13,171.36875915527344
2018-08-14,172.442626953125
2018-08-15,170.33287048339844
2018-08-16,170.89356994628906
2018-08-17,170.93154907226562
2018-08-20,170.77951049804688
2018-08-21,171.40675354003906
2018-08-22,172.07196044921875
2018-08-23,171.824951171875
2018-08-24,173.4215087890625
2018-08-27,175.18917846679688
2018-08-28,175.4457550048828
2018-08-29,177.4700164794922
2018-08-30,177.15643310546875
2018-08-31,177.38449096679688
2018-09-04,176.62417602539062
2018-09-05,174.34336853027344
2018-09-06,172.78475952148438
2018-09-07,172.11949157714844
2018-09-10,172.69923400878906
2018-09-11,174.02972412109375
2018-09-12,173.51649475097656
2018-09-13,175.36973571777344
2018-09-14,174.85653686523438
2018-09-17,172.33807373046875
2018-09-18,173.76364135742188
2018-09-19,173.6305694580078
2018-09-20,175.5503387451172
2018-09-21,174.59042358398438
2018-09-24,175.07598876953125
2018-09-25,175.31402587890625
2018-09-26,175.4377899169922
2018-09-27,176.92298889160156
2018-09-28,176.88491821289062
2018-10-01,177.24668884277344
2018-10-02,176.8468017578125
2018-10-03,177.03729248046875
2018-10-04,173.638427734375
2018-10-05,171.51527404785156
2018-10-08,170.4679718017578
2018-10-09,171.0201873779297
2018-10-10,163.49880981445312
2018-10-11,161.470947265625
2018-10-12,165.96470642089844
2018-10-15,163.95584106445312
2018-10-16,168.72569274902344
2018-10-17,168.79232788085938
2018-10-18,164.87930297851562
2018-10-19,164.7269744873047
2018-10-22,165.57435607910156
2018-10-23,164.9650421142578
2018-10-24,157.4151153564453
2018-10-25,162.8609619140625
2018-10-26,158.67181396484375
2018-10-29,155.40621948242188
2018-10-30,157.96734619140625
2018-10-31,161.68040466308594
2018-11-01,163.81301879882812
2018-11-02,161.26150512695312
2018-11-05,160.86160278320312
2018-11-06,162.08023071289062
2018-11-07,167.16429138183594
2018-11-08,166.0979461669922
2018-11-09,163.2988739013672
2018-11-12,158.35765075683594
2018-11-13,158.4909210205078
2018-11-14,157.28179931640625
2018-11-15,160.03326416015625
2018-11-16,159.4715576171875
2018-11-19,154.29232788085938
2018-11-20,151.5312957763672
2018-11-21,152.6833038330078
2018-11-23,151.57894897460938
2018-11-26,155.08255004882812
2018-11-27,155.60621643066406
2018-11-28,160.6140594482422
2018-11-29,160.0904541015625
2018-11-30,161.25193786621094
2018-12-03,164.070068359375
2018-12-04,157.77696228027344
2018-12-06,158.8907928466797
2018-12-07,153.6448974609375
2018-12-10,155.25393676757812
2018-12-11,155.76806640625
2018-12-12,157.1390380859375
2018-12-13,157.1866455078125
2018-12-14,153.3592987060547
2018-12-17,149.8842010498047
2018-12-18,150.82681274414062
2018-12-19,147.12322998046875
2018-12-20,144.99058532714844
2018-12-21,140.496826171875
2018-12-24,137.01280212402344
2018-12-26,145.56776428222656
2018-12-27,146.13108825683594
2018-12-28,146.05465698242188
2018-12-31,147.28639221191406
2019-01-02,147.87838745117188
2019-01-03,143.047119140625
2019-01-04,149.16732788085938
2019-01-07,150.94320678710938
2019-01-08,152.30857849121094
2019-01-09,153.5498046875
2019-01-10,153.989013671875
2019-01-11,153.42572021484375
2019-01-14,152.0698699951172
2019-01-15,155.0392608642578
2019-01-16,155.0106201171875
2019-01-17,156.23280334472656
2019-01-18,157.77952575683594
2019-01-22,154.61917114257812
2019-01-23,154.8196563720703
2019-01-24,155.82220458984375
2019-01-25,157.68402099609375
2019-01-28,155.73626708984375
2019-01-29,154.2659149169922
2019-01-30,158.19007873535156
2019-01-31,160.55796813964844
2019-02-01,159.88006591796875
2019-02-04,161.86598205566406
2019-02-05,163.2982177734375
2019-02-06,162.811279296875
2019-02-07,160.62484741210938
2019-02-08,160.9398956298828
2019-02-11,160.78713989257812
2019-02-12,163.16456604003906
2019-02-13,163.27915954589844
2019-02-14,163.47964477539062
2019-02-15,164.1671142578125
2019-02-19,164.49172973632812
2019-02-20,164.463134765625
2019-02-21,163.86154174804688
2019-02-22,165.07421875
2019-02-25,165.67568969726562
2019-02-26,165.84754943847656
2019-02-27,165.74252319335938
2019-02-28,165.36056518554688
2019-03-01,166.50634765625
2019-03-04,166.5349884033203
2019-03-05,166.6591033935547
2019-03-06,165.71385192871094
2019-03-07,163.68017578125
2019-03-08,163.43191528320312
2019-03-11,166.83094787597656
2019-03-12,167.74758911132812
2019-03-13,169.00790405273438
2019-03-14,168.72146606445312
2019-03-15,170.28736877441406
2019-03-18,170.69290161132812
2019-03-19,171.26681518554688
2019-03-20,171.94593811035156
2019-03-21,174.63381958007812
2019-03-22,170.7981414794922
2019-03-25,170.47291564941406
2019-03-26,171.26681518554688
2019-03-27,170.16677856445312
2019-03-28,170.55897521972656
2019-03-29,171.85032653808594
2019-04-01,174.1268310546875
2019-04-02,174.78683471679688
2019-04-03,175.7911834716797
2019-04-04,175.7242889404297
2019-04-05,176.6329803466797
2019-04-08,177.0825653076172
2019-04-09,176.4607391357422
2019-04-10,177.40774536132812
2019-04-11,176.9868621826172
2019-04-12,177.7520751953125
2019-04-15,177.7808074951172
2019-04-16,178.39295959472656
2019-04-17,179.01473999023438
2019-04-18,179.24427795410156
2019-04-22,179.75128173828125
2019-04-23,182.03733825683594
2019-04-24,181.4634246826172
2019-04-25,182.19996643066406
2019-04-26,182.36257934570312
2019-04-29,182.71646118164062
2019-04-30,181.30084228515625
2019-05-01,180.71739196777344
2019-05-02,179.9330291748047
2019-05-03,182.80258178710938
2019-05-06,181.68336486816406
2019-05-07,178.144287109375
2019-05-08,177.6947021484375
2019-05-09,176.73822021484375
2019-05-10,176.95816040039062
2019-05-13,170.81724548339844
2019-05-14,172.6920623779297
2019-05-15,175.1311798095703
2019-05-16,176.89122009277344
2019-05-17,175.08335876464844
2019-05-20,172.12771606445312
2019-05-21,173.9259796142578
2019-05-22,173.15118408203125
2019-05-23,170.5015869140625
2019-05-24,170.41546630859375
2019-05-28,169.7746124267578
2019-05-29,168.37808227539062
2019-05-30,169.0859375
2019-05-31,166.38851928710938
2019-06-03,162.72499084472656
2019-06-04,167.3067626953125
2019-06-05,168.55029296875
2019-06-06,169.88943481445312
2019-06-07,173.17027282714844
2019-06-10,175.18858337402344
2019-06-11,175.427734375
2019-06-12,174.41383361816406
2019-06-13,175.4468536376953
2019-06-14,174.70074462890625
2019-06-17,175.7529754638672
2019-06-18,178.30690002441406
2019-06-19,178.97650146484375
2019-06-20,180.6408233642578
2019-06-21,180.3730010986328
2019-06-24,180.37872314453125
2019-06-25,177.28231811523438
2019-06-26,178.10671997070312
2019-06-27,178.7873992919922
2019-06-28,179.01747131347656
2019-07-01,181.4332275390625
2019-07-02,182.15225219726562
2019-07-03,183.52310180664062
2019-07-05,183.1492462158203
2019-07-08,181.86463928222656
2019-07-09,182.77537536621094
2019-07-10,184.5968017578125
2019-07-11,184.4625701904297
2019-07-12,185.52670288085938
2019-07-15,186.12098693847656
2019-07-16,185.16238403320312
2019-07-17,184.25164794921875
2019-07-18,184.4625701904297
2019-07-19,183.11085510253906
2019-07-22,184.5680389404297
2019-07-23,185.7759246826172
2019-07-24,187.0796661376953
2019-07-25,185.3061981201172
2019-07-26,187.2139129638672
2019-07-29,186.57159423828125
2019-07-30,185.766357421875
2019-07-31,183.19715881347656
2019-08-01,182.28640747070312
2019-08-02,179.6022491455078
2019-08-05,173.2559814453125
2019-08-06,175.68138122558594
2019-08-07,176.63046264648438
2019-08-08,180.47462463378906
2019-08-09,178.77781677246094
2019-08-12,176.726318359375
2019-08-13,180.59927368164062
2019-08-14,175.20204162597656
2019-08-15,175.00076293945312
2019-08-16,177.8095703125
2019-08-19,180.63755798339844
2019-08-20,179.23794555664062
2019-08-21,180.82933044433594
2019-08-22,180.2445831298828
2019-08-23,174.54063415527344
2019-08-26,177.17689514160156
2019-08-27,176.80296325683594
2019-08-28,177.4357147216797
2019-08-29,180.14869689941406
2019-08-30,179.71725463867188
2019-09-03,177.97256469726562
2019-09-04,180.54171752929688
2019-09-05,183.8489990234375
2019-09-06,183.6669158935547
2019-09-09,183.28343200683594
2019-09-10,182.7561798095703
2019-09-11,184.47213745117188
2019-09-12,185.23907470703125
2019-09-13,184.57757568359375
2019-09-16,183.75318908691406
2019-09-17,184.63514709472656
2019-09-18,184.55844116210938
2019-09-19,184.865234375
2019-09-20,182.90953063964844
2019-09-23,182.990234375
2019-09-24,180.55999755859375
2019-09-25,182.58680725097656
2019-09-26,181.9143829345703
2019-09-27,179.65701293945312
2019-09-30,181.3668670654297
2019-10-01,179.88760375976562
2019-10-02,176.7945098876953
2019-10-03,178.7349395751953
2019-10-04,181.3668670654297
2019-10-07,180.8193359375
2019-10-08,178.11048889160156
2019-10-09,179.84915161132812
2019-10-10,181.2419891357422
2019-10-11,183.57620239257812
2019-10-14,183.55699157714844
2019-10-15,185.8911895751953
2019-10-16,185.4300994873047
2019-10-17,185.91998291015625
2019-10-18,184.1333465576172
2019-10-21,185.76634216308594
2019-10-22,184.28700256347656
2019-10-23,184.64244079589844
2019-10-24,186.4386749267578
2019-10-25,187.92759704589844
2019-10-28,189.78155517578125
2019-10-29,188.31185913085938
2019-10-30,189.2244415283203
2019-10-31,189.31088256835938
2019-11-01,191.03028869628906
2019-11-04,192.2117919921875
2019-11-05,192.31747436523438
2019-11-06,191.88519287109375
2019-11-07,192.52880859375
2019-11-08,193.29727172851562
2019-11-11,193.0378875732422
2019-11-12,193.59503173828125
2019-11-13,193.64308166503906
2019-11-14,193.48941040039062
2019-11-15,194.91104125976562
2019-11-18,195.0647430419922
2019-11-19,195.35287475585938
2019-11-20,194.18099975585938
2019-11-21,193.74871826171875
2019-11-22,193.87362670898438
2019-11-25,196.16941833496094
2019-11-26,196.54400634765625
2019-11-27,197.9176483154297
2019-11-29,197.01475524902344
2019-12-02,194.9974822998047
2019-12-03,193.47015380859375
2019-12-04,194.449951171875
2019-12-05,194.83419799804688
2019-12-06,196.91867065429688
2019-12-09,196.02529907226562
2019-12-10,195.86196899414062
2019-12-11,196.89942932128906
2019-12-12,198.3690643310547
2019-12-13,199.02232360839844
2019-12-16,201.02032470703125
2019-12-17,201.13555908203125
2019-12-18,201.289306640625
2019-12-19,202.5476531982422
2019-12-20,203.3640899658203
2019-12-23,203.90130615234375
2019-12-24,204.00721740722656
2019-12-26,205.807373046875
2019-12-27,205.6341094970703
2019-12-30,204.28636169433594
2019-12-31,204.67144775390625
2020-01-02,208.0889129638672
2020-01-03,206.1828155517578
2020-01-06,207.5112762451172
2020-01-07,207.482421875
2020-01-08,209.04188537597656
2020-01-09,210.81321716308594
2020-01-10,210.27410888671875
2020-01-13,212.70004272460938
2020-01-14,211.86248779296875
2020-01-15,211.9491424560547
2020-01-16,213.98033142089844
2020-01-17,215.039306640625
2020-01-21,214.94300842285156
2020-01-22,215.51095581054688
2020-01-23,216.20408630371094
2020-01-24,214.38465881347656
2020-01-27,209.95648193359375
2020-01-28,213.1813201904297
2020-01-29,213.52786254882812
2020-01-30,214.28842163085938
2020-01-31,210.8902130126953
2020-02-03,214.07664489746094
2020-02-04,218.97659301757812
2020-02-05,219.69854736328125
2020-02-06,221.5950164794922
2020-02-07,220.64199829101562
2020-02-10,223.30853271484375
2020-02-11,223.3470458984375
2020-02-12,225.52267456054688
2020-02-13,225.23387145996094
2020-02-14,225.87887573242188
2020-02-18,225.96548461914062
2020-02-19,228.1315155029297
2020-02-20,226.0136260986328
2020-02-21,221.6720428466797
2020-02-24,213.12355041503906
2020-02-25,207.32830810546875
2020-02-26,208.3968963623047
2020-02-27,197.96163940429688
2020-02-28,198.11569213867188
2020-03-02,208.33914184570312
2020-03-03,201.6583251953125
2020-03-04,210.07196044921875
2020-03-05,203.6894989013672
2020-03-06,200.25282287597656
2020-03-09,186.34228515625
2020-03-10,196.4888153076172
2020-03-11,187.9307403564453
2020-03-12,170.69912719726562
2020-03-13,185.15829467773438
2020-03-16,162.97857666015625
2020-03-17,175.339111328125
2020-03-18,170.00595092773438
2020-03-19,171.02642822265625
2020-03-20,164.32630920410156
2020-03-23,164.44493103027344
2020-03-24,177.17913818359375
2020-03-25,175.8671417236328
2020-03-26,185.1283721923828
2020-03-27,178.76126098632812
2020-03-30,185.26341247558594
2020-03-31,183.68130493164062
2020-04-01,175.8767852783203
2020-04-02,179.44619750976562
2020-04-03,176.89939880371094
2020-04-06,189.54676818847656
2020-04-07,189.46963500976562
2020-04-08,193.49240112304688
2020-04-09,193.772216796875
2020-04-13,195.8656463623047
2020-04-14,204.38406372070312
2020-04-15,202.03981018066406
2020-04-16,205.72500610351562
2020-04-17,207.69305419921875
2020-04-20,205.23301696777344
2020-04-21,197.65997314453125
2020-04-22,203.5254364013672
2020-04-23,203.0913543701172
2020-04-24,206.29415893554688
2020-04-27,207.9534912109375
2020-04-28,204.03677368164062
2020-04-29,211.2720947265625
2020-04-30,211.1852569580078
2020-05-01,205.23301696777344
2020-05-04,207.62550354003906
2020-05-05,209.97940063476562
2020-05-06,211.2720947265625
2020-05-07,213.99258422851562
2020-05-08,216.92532348632812
2020-05-11,218.86441040039062
2020-05-12,214.2820281982422
2020-05-13,211.60006713867188
2020-05-14,214.00221252441406
2020-05-15,215.39141845703125
2020-05-18,219.40463256835938
2020-05-19,218.8547821044922
2020-05-20,223.2248992919922
2020-05-21,220.79380798339844
2020-05-22,221.55593872070312
2020-05-26,220.95777893066406
2020-05-27,222.16371154785156
2020-05-28,221.8743438720703
2020-05-29,225.1253662109375
2020-06-01,225.80068969726562
2020-06-02,227.31527709960938
2020-06-03,228.337890625
2020-06-04,226.73641967773438
2020-06-05,231.23199462890625
2020-06-08,233.02638244628906
2020-06-09,234.71463012695312
2020-06-10,237.53155517578125
2020-06-11,225.7620849609375
2020-06-12,227.5564422607422
2020-06-15,230.32518005371094
2020-06-16,234.28050231933594
2020-06-17,235.02328491210938
2020-06-18,235.66000366210938
2020-06-19,235.6214599609375
2020-06-22,238.44717407226562
2020-06-23,240.47657775878906
2020-06-24,235.5189971923828
2020-06-25,237.7610626220703
2020-06-26,232.14630126953125
2020-06-29,234.67822265625
2020-06-30,239.2782745361328
2020-07-01,242.07115173339844
2020-07-02,243.7139892578125
2020-07-06,249.70567321777344
2020-07-07,247.9854278564453
2020-07-08,251.25186157226562
2020-07-09,253.36817932128906
2020-07-10,255.09803771972656
2020-07-13,249.85060119628906
2020-07-14,251.6190185546875
2020-07-15,252.1313018798828
2020-07-16,250.4110565185547
2020-07-17,250.70098876953125
2020-07-20,257.8136901855469
2020-07-21,255.12709045410156
2020-07-22,256.02581787109375
2020-07-23,249.33840942382812
2020-07-24,246.9707489013672
2020-07-27,251.37742614746094
2020-07-28,248.17874145507812
2020-07-29,251.03919982910156
2020-07-30,252.35354614257812
2020-07-31,256.8569030761719
2020-08-03,260.3262939453125
2020-08-04,261.2926940917969
2020-08-05,261.94012451171875
2020-08-06,265.409423828125
2020-08-07,262.34600830078125
2020-08-10,261.2249450683594
2020-08-11,256.27716064453125
2020-08-12,262.7228698730469
2020-08-13,263.3219909667969
2020-08-14,263.0128479003906
2020-08-17,266.066650390625
2020-08-18,268.6275634765625
2020-08-19,266.8204040527344
2020-08-20,270.521728515625
2020-08-21,272.3964538574219
2020-08-24,274.097412109375
2020-08-25,276.25238037109375
2020-08-26,282.1473388671875
2020-08-27,281.26788330078125
2020-08-28,282.69818115234375
2020-08-31,284.96923828125
2020-09-01,289.8398742675781
2020-09-02,292.5843811035156
2020-09-03,277.75030517578125
2020-09-04,274.049072265625
2020-09-08,260.87713623046875
2020-09-09,268.5406188964844
2020-09-10,263.186767578125
2020-09-11,261.3603210449219
2020-09-14,265.9120788574219
2020-09-15,269.6808776855469
2020-09-16,265.3804626464844
2020-09-17,261.2347106933594
2020-09-18,257.9006042480469
2020-09-21,258.5191650390625
2020-09-22,263.3219909667969
2020-09-23,255.28175354003906
2020-09-24,256.4703369140625
2020-09-25,262.4329833984375
2020-09-28,267.88336181640625
2020-09-29,266.6755065917969
2020-09-30,268.5018615722656
2020-10-01,272.76373291015625
2020-10-02,265.0905456542969
2020-10-05,270.7439880371094
2020-10-06,265.9120788574219
2020-10-07,270.5120544433594
2020-10-08,271.9519348144531
2020-10-09,276.10736083984375
2020-10-12,284.630859375
2020-10-13,284.6213073730469
2020-10-14,282.2439880371094
2020-10-15,280.3499450683594
2020-10-16,278.8133544921875
2020-10-19,274.2615661621094
2020-10-20,274.8511047363281
2020-10-21,274.6384582519531
2020-10-22,274.62872314453125
2020-10-23,275.1700744628906
2020-10-26,271.0434875488281
2020-10-27,273.1599426269531
2020-10-28,262.5103454589844
2020-10-29,267.1005859375
2020-10-30,260.3262939453125
2020-11-02,260.9060974121094
2020-11-03,265.4191589355469
2020-11-04,277.2670593261719
2020-11-05,284.49560546875
2020-11-06,284.70819091796875
2020-11-09,278.89056396484375
2020-11-10,273.89434814453125
2020-11-11,280.02130126953125
2020-11-12,278.70697021484375
2020-11-13,281.15203857421875
2020-11-16,283.3456115722656
2020-11-17,282.4468688964844
2020-11-18,280.3595275878906
2020-11-19,282.55322265625
2020-11-20,280.6204528808594
2020-11-23,280.630126953125
2020-11-24,284.572998046875
2020-11-25,286.3221435546875
2020-11-27,288.96038818359375
2020-11-30,289.5499267578125
2020-12-01,293.26080322265625
2020-12-02,293.6376953125
2020-12-03,294.05328369140625
2020-12-04,295.2515563964844
2020-12-07,296.9234313964844
2020-12-08,297.92852783203125
2020-12-09,291.18310546875
2020-12-10,292.3523864746094
2020-12-11,291.7049255371094
2020-12-14,293.8213195800781
2020-12-15,296.9621887207031
2020-12-16,298.59527587890625
2020-12-17,300.5475158691406
2020-12-18,299.6390075683594
2020-12-21,299.0783996582031
2020-12-22,299.8916931152344
2020-12-23,298.38140869140625
2020-12-24,299.6979675292969
2020-12-28,302.7185363769531
2020-12-29,302.98968505859375
2020-12-30,302.99945068359375
2020-12-31,303.7449035644531
2021-01-04,299.4560241699219
2021-01-05,301.9246520996094
2021-01-06,297.74237060546875
2021-01-07,304.9454040527344
2021-01-08,308.86639404296875
2021-01-11,304.4032897949219
2021-01-12,303.9190979003906
2021-01-13,305.97161865234375
2021-01-14,304.3354187011719
2021-01-15,301.9246520996094
2021-01-19,306.32989501953125
2021-01-20,313.455322265625
2021-01-21,315.9627990722656
2021-01-22,315.05279541015625
2021-01-25,317.6571044921875
2021-01-26,318.12176513671875
2021-01-27,309.253662109375
2021-01-28,311.0833435058594
2021-01-29,304.5387878417969
2021-02-01,312.14837646484375
2021-02-02,317.2408752441406
2021-02-03,315.9822082519531
2021-02-04,319.71923828125
2021-02-05,320.8035583496094
2021-02-08,322.952880859375
2021-02-09,322.8851013183594
2021-02-10,322.1494140625
2021-02-11,323.92095947265625
2021-02-12,325.7314758300781
2021-02-16,324.8504638671875
2021-02-17,323.2916259765625
2021-02-18,321.87811279296875
2021-02-19,320.4744567871094
2021-02-22,312.167724609375
2021-02-23,311.2382507324219
2021-02-24,313.80389404296875
2021-02-25,302.8638610839844
2021-02-26,304.1321716308594
2021-03-01,313.2811584472656
2021-03-02,308.2564392089844
2021-03-03,299.3107604980469
2021-03-04,294.4120178222656
2021-03-05,298.84600830078125
2021-03-08,290.384521484375
2021-03-09,301.8376770019531
2021-03-10,300.9759521484375
2021-03-11,307.9078674316406
2021-03-12,305.4100646972656
2021-03-15,308.6727600097656
2021-03-16,310.3669738769531
2021-03-17,311.6448974609375
2021-03-18,302.09906005859375
2021-03-19,303.16400146484375
2021-03-22,308.8493347167969
2021-03-23,307.5019226074219
2021-03-24,302.3157958984375
2021-03-25,301.79229736328125
2021-03-26,306.3193054199219
2021-03-29,306.23199462890625
2021-03-30,304.6907653808594
2021-03-31,309.35345458984375
2021-04-01,314.62677001953125
2021-04-05,320.9082336425781
2021-04-06,320.6852111816406
2021-04-07,321.4607849121094
2021-04-08,324.8147888183594
2021-04-09,326.7825927734375
2021-04-12,326.3561096191406
2021-04-13,330.165771484375
2021-04-14,326.20111083984375
2021-04-15,331.14471435546875
2021-04-16,331.53240966796875
2021-04-19,328.4983825683594
2021-04-20,326.1039733886719
2021-04-21,328.8957824707031
2021-04-22,324.93109130859375
2021-04-23,329.0218505859375
2021-04-26,331.1641540527344
2021-04-27,329.7294921875
2021-04-28,328.6146545410156
2021-04-29,329.7972717285156
2021-04-30,327.6355895996094
2021-05-03,325.8907775878906
2021-05-04,320.02618408203125
2021-05-05,318.95013427734375
2021-05-06,321.3541259765625
2021-05-07,323.96173095703125
2021-05-10,315.7803649902344
2021-05-11,315.3441162109375
2021-05-12,307.1821594238281
2021-05-13,309.5569763183594
2021-05-14,316.3910217285156
2021-05-17,314.47174072265625
2021-05-18,312.3487854003906
2021-05-19,312.7074279785156
2021-05-20,318.7561950683594
2021-05-21,316.9919738769531
2021-05-24,322.3235168457031
2021-05-25,322.76934814453125
2021-05-26,323.8938293457031
2021-05-27,322.6821594238281
2021-05-28,323.69989013671875
2021-06-01,322.6240539550781
2021-06-02,323.2540588378906
2021-06-03,319.8902893066406
2021-06-04,325.31884765625
2021-06-07,326.2881774902344
2021-06-08,326.4433288574219
2021-06-09,326.5208435058594
2021-06-10,329.9233093261719
2021-06-11,330.7861022949219
2021-06-14,333.9559020996094
2021-06-15,331.7747802734375
2021-06-16,330.5631408691406
2021-06-17,334.760498046875
2021-06-18,332.13348388671875
2021-06-21,334.1976013183594
2021-06-22,337.3129577636719
2021-06-23,337.47796630859375
2021-06-24,339.56451416015625
2021-06-25,339.147216796875
2021-06-28,343.27178955078125
2021-06-29,344.5140075683594
2021-06-30,343.9704895019531
2021-07-01,344.1064453125
2021-07-02,348.05633544921875
2021-07-06,349.560546875
2021-07-07,350.29815673828125
2021-07-08,348.18243408203125
2021-07-09,350.3562927246094
2021-07-12,351.7247619628906
2021-07-13,351.7247619628906
2021-07-14,352.3555603027344
2021-07-15,349.88079833984375
2021-07-16,347.04705810546875
2021-07-19,344.2034912109375
2021-07-20,348.2018127441406
2021-07-21,350.89007568359375
2021-07-22,353.2096252441406
2021-07-23,357.334228515625
2021-07-26,357.6156311035156
2021-07-27,353.6753845214844
2021-07-28,355.03411865234375
2021-07-29,355.6649475097656
2021-07-30,353.811279296875
2021-08-02,353.84033203125
2021-08-03,355.9851379394531
2021-08-04,356.49957275390625
2021-08-05,358.7607421875
2021-08-06,357.1886291503906
2021-08-09,357.8485107421875
2021-08-10,356.0143737792969
2021-08-11,355.4029846191406
2021-08-12,356.68389892578125
2021-08-13,357.9358825683594
2021-08-16,358.09112548828125
2021-08-17,354.93707275390625
2021-08-18,351.5209655761719
2021-08-19,353.21923828125
2021-08-20,356.8780517578125
2021-08-23,362.2157287597656
2021-08-24,363.3221130371094
2021-08-25,363.7393798828125
2021-08-26,361.42962646484375
2021-08-27,364.9427490234375
2021-08-30,369.0382995605469
2021-08-31,368.73736572265625
2021-09-01,369.3488464355469
2021-09-02,369.1741638183594
2021-09-03,370.3096008300781
2021-09-07,370.8335876464844
2021-09-08,369.5429382324219
2021-09-09,368.2715148925781
2021-09-10,365.4765625
2021-09-13,365.22430419921875
2021-09-14,364.185791015625
2021-09-15,366.8935852050781
2021-09-16,367.145751953125
2021-09-17,362.7980041503906
2021-09-20,355.301513671875
2021-09-21,355.7386169433594
2021-09-22,359.0614013671875
2021-09-23,362.3744812011719
2021-09-24,362.7144470214844
2021-09-27,359.8192443847656
2021-09-28,349.63720703125
2021-09-29,349.0640563964844
2021-09-30,347.781494140625
2021-10-01,349.9383850097656
2021-10-04,342.5933532714844
2021-10-05,347.2179870605469
2021-10-06,349.4429016113281
2021-10-07,352.6490478515625
2021-10-08,350.8905334472656
2021-10-11,348.1992492675781
2021-10-12,346.9848327636719
2021-10-13,349.7635192871094
2021-10-14,356.2049865722656
2021-10-15,358.44927978515625
2021-10-18,362.0538330078125
2021-10-19,364.79364013671875
2021-10-20,364.31756591796875
2021-10-21,366.5424499511719
2021-10-22,363.46258544921875
2021-10-25,367.1836853027344
2021-10-26,368.33984375
2021-10-27,369.19476318359375
2021-10-28,373.2948303222656
2021-10-29,375.1310729980469
2021-11-01,376.41351318359375
2021-11-02,377.9875183105469
2021-11-03,382.0000305175781
2021-11-04,386.89678955078125
2021-11-05,387.26593017578125
2021-11-08,386.7413330078125
2021-11-09,384.0792541503906
2021-11-10,378.43438720703125
2021-11-11,379.4837341308594
2021-11-12,383.476806640625
2021-11-15,383.38934326171875
2021-11-16,386.1194763183594
2021-11-17,386.32354736328125
2021-11-18,390.3263854980469
2021-11-19,392.5026550292969
2021-11-22,387.94598388671875
2021-11-23,386.17779541015625
2021-11-24,387.4214172363281
2021-11-26,380.0763854980469
2021-11-29,388.32489013671875
2021-11-30,382.6218566894531
2021-12-01,376.1123962402344
2021-12-02,378.8230895996094
2021-12-03,372.2357482910156
2021-12-06,375.2185974121094
2021-12-07,386.5177917480469
2021-12-08,388.2471923828125
2021-12-09,382.534423828125
2021-12-10,386.69268798828125
2021-12-13,381.106201171875
2021-12-14,377.16168212890625
2021-12-15,385.760009765625
2021-12-16,375.8403015136719
2021-12-17,373.9652404785156
2021-12-20,370.3376159667969
2021-12-21,378.6258850097656
2021-12-22,383.2370300292969
2021-12-23,386.126220703125
2021-12-27,392.5078125
2021-12-28,390.688720703125
2021-12-29,390.63037109375
2021-12-30,389.4629211425781
2021-12-31,387.03094482421875
2022-01-03,390.7567443847656
2022-01-04,385.6884765625
2022-01-05,373.8396911621094
2022-01-06,373.5770568847656
2022-01-07,369.5301513671875
2022-01-10,369.7733459472656
2022-01-11,375.3280944824219
2022-01-12,376.8164978027344
2022-01-13,367.3900146484375
2022-01-14,369.6761474609375
2022-01-18,360.4732971191406
2022-01-19,356.5140075683594
2022-01-20,351.88348388671875
2022-01-21,342.12615966796875
2022-01-24,343.6924743652344
2022-01-25,335.7251281738281
2022-01-26,335.1998596191406
2022-01-27,331.82421875
2022-01-28,342.233154296875
2022-01-31,353.17724609375
2022-02-01,355.580078125
2022-02-02,358.4693603515625
2022-02-03,343.9355773925781
2022-02-04,348.2743835449219
2022-02-07,345.47271728515625
2022-02-08,349.3541564941406
2022-02-09,356.7572021484375
2022-02-10,348.68292236328125
2022-02-11,337.62213134765625
2022-02-14,338.0404357910156
2022-02-15,346.4454650878906
2022-02-16,346.35791015625
2022-02-17,336.0559997558594
2022-02-18,332.2230529785156
2022-02-22,328.88629150390625
2022-02-23,320.46185302734375
2022-02-24,331.23077392578125
2022-02-25,336.3671569824219
2022-02-28,337.369140625
2022-03-01,332.20355224609375
2022-03-02,337.77777099609375
2022-03-03,332.95263671875
2022-03-04,328.12750244140625
2022-03-07,316.0257873535156
2022-03-08,314.556884765625
2022-03-09,325.88037109375
2022-03-10,322.26153564453125
2022-03-11,315.5782775878906
2022-03-14,309.51776123046875
2022-03-15,319.22637939453125
2022-03-16,331.06549072265625
2022-03-17,335.0733947753906
2022-03-18,341.9316101074219
2022-03-21,340.9810485839844
2022-03-22,347.6821594238281
2022-03-23,342.685546875
2022-03-24,350.30230712890625
2022-03-25,350.0101013183594
2022-03-28,355.4255676269531
2022-03-29,361.5423583984375
2022-03-30,357.54888916015625
2022-03-31,353.11712646484375
2022-04-01,352.445068359375
2022-04-04,359.7015380859375
2022-04-05,351.714599609375
2022-04-06,344.07830810546875
2022-04-07,344.8965148925781
2022-04-08,340.0751953125
2022-04-11,332.0299072265625
2022-04-12,330.6272888183594
2022-04-13,337.3479919433594
2022-04-14,329.6338195800781
2022-04-18,329.8870849609375
2022-04-19,337.26025390625
2022-04-20,332.34161376953125
2022-04-21,325.4650573730469
2022-04-22,316.9425354003906
2022-04-25,321.0138244628906
2022-04-26,308.897216796875
2022-04-27,308.5270690917969
2022-04-28,319.48468017578125
2022-04-29,305.1082458496094
2022-05-02,310.202392578125
2022-05-03,310.5335388183594
2022-05-04,321.0333251953125
2022-05-05,304.86480712890625
2022-05-06,301.2122497558594
2022-05-09,289.4267272949219
2022-05-10,292.94287109375
2022-05-11,284.2547607421875
2022-05-12,283.5827331542969
2022-05-13,294.09222412109375
2022-05-16,290.68316650390625
2022-05-17,298.2123107910156
2022-05-18,283.57293701171875
2022-05-19,282.05352783203125
2022-05-20,281.1769104003906
2022-05-23,285.8521423339844
2022-05-24,279.77435302734375
2022-05-25,283.68988037109375
2022-05-26,291.550048828125
2022-05-27,301.0661926269531
2022-05-31,300.26739501953125
2022-06-01,298.04669189453125
2022-06-02,306.2088928222656
2022-06-03,298.2415466308594
2022-06-06,299.2349548339844
2022-06-07,301.81610107421875
2022-06-08,299.64410400390625
2022-06-09,291.6182861328125
2022-06-10,281.3327331542969
2022-06-13,268.25177001953125
2022-06-14,268.73883056640625
2022-06-15,275.44970703125
2022-06-16,264.3363037109375
2022-06-17,267.55047607421875
2022-06-21,274.30072021484375
2022-06-22,273.9006042480469
2022-06-23,277.9797668457031
2022-06-24,287.5043029785156
2022-06-27,285.3963928222656
2022-06-28,276.7012939453125
2022-06-29,276.9550476074219
2022-06-30,273.51995849609375
2022-07-01,275.3253479003906
2022-07-05,280.0388488769531
2022-07-06,281.8344421386719
2022-07-07,287.8654479980469
2022-07-08,288.22650146484375
2022-07-11,282.0686950683594
2022-07-12,279.3362121582031
2022-07-13,278.7604675292969
2022-07-14,279.7558288574219
2022-07-15,284.8304138183594
2022-07-18,282.41998291015625
2022-07-19,291.1053161621094
2022-07-20,295.7213134765625
2022-07-21,299.9664001464844
2022-07-22,294.706298828125
2022-07-25,293.02783203125
2022-07-26,287.2701721191406
2022-07-27,299.41009521484375
2022-07-28,302.33770751953125
2022-07-29,307.8514404296875
2022-08-01,307.66607666015625
2022-08-02,306.7487487792969
2022-08-03,315.1023254394531
2022-08-04,316.57586669921875
2022-08-05,313.9897766113281
2022-08-08,312.97479248046875
2022-08-09,309.43243408203125
2022-08-10,318.0689392089844
2022-08-11,316.2635192871094
2022-08-12,322.42132568359375
2022-08-15,325.0269775390625
2022-08-16,324.2657775878906
2022-08-17,320.56719970703125
2022-08-18,321.338134765625
2022-08-19,315.07293701171875
2022-08-22,306.7780456542969
2022-08-23,306.52423095703125
2022-08-24,307.412353515625
2022-08-25,312.8479919433594
2022-08-26,300.0248718261719
2022-08-29,297.06793212890625
2022-08-30,293.759765625
2022-08-31,292.05194091796875
2022-09-01,292.1788330078125
2022-09-02,288.0508728027344
2022-09-06,285.98193359375
2022-09-07,291.7591247558594
2022-09-08,293.2718200683594
2022-09-09,299.683349609375
2022-09-12,303.24530029296875
2022-09-13,286.6163635253906
2022-09-14,288.8900451660156
2022-09-15,284.0790710449219
2022-09-16,282.3419189453125
2022-09-19,284.5406188964844
2022-09-20,282.2725524902344
2022-09-21,277.2182312011719
2022-09-22,273.8062438964844
2022-09-23,269.34820556640625
2022-09-26,268.2336730957031
2022-09-27,268.34124755859375
2022-09-28,273.67913818359375
2022-09-29,265.7896423339844
2022-09-30,261.2826843261719
2022-10-03,267.41241455078125
2022-10-04,275.820068359375
2022-10-05,275.67352294921875
2022-10-06,273.5031433105469
2022-10-07,263.08154296875
2022-10-10,260.45172119140625
2022-10-11,256.87359619140625
2022-10-12,256.78564453125
2022-10-13,262.8078308105469
2022-10-14,254.90850830078125
2022-10-17,263.3259582519531
2022-10-18,265.4082946777344
2022-10-19,264.4404602050781
2022-10-20,263.09130859375
2022-10-21,269.26025390625
2022-10-24,272.22247314453125
2022-10-25,277.8536071777344
2022-10-26,271.71405029296875
2022-10-27,266.7672424316406
2022-10-28,274.93048095703125
2022-10-31,271.7336120605469
2022-11-01,268.95709228515625
2022-11-02,259.73797607421875
2022-11-03,254.66407775878906
2022-11-04,258.7604064941406
2022-11-07,261.6053161621094
2022-11-08,263.5116882324219
2022-11-09,257.4308776855469
2022-11-10,276.4262390136719
2022-11-11,281.51971435546875
2022-11-14,279.0561218261719
2022-11-15,282.917724609375
2022-11-16,279.0561218261719
2022-11-17,278.4401550292969
2022-11-18,278.449951171875
2022-11-21,275.5855407714844
2022-11-22,279.5547180175781
2022-11-23,282.3605041503906
2022-11-25,280.5030517578125
2022-11-28,276.3870849609375
2022-11-29,274.2950439453125
2022-11-30,286.7989501953125
2022-12-01,287.15081787109375
2022-12-02,286.0070495605469
2022-12-05,281.2068786621094
2022-12-06,275.380126953125
2022-12-07,274.2558898925781
2022-12-08,277.501708984375
2022-12-09,275.73211669921875
2022-12-12,279.1929626464844
2022-12-13,282.1943359375
2022-12-14,280.10223388671875
2022-12-15,270.6973571777344
2022-12-16,268.11639404296875
2022-12-19,264.3483581542969
2022-12-20,264.1425476074219
2022-12-21,267.9742736816406
2022-12-22,261.4183044433594
2022-12-23,262.0062561035156
2022-12-27,258.3018798828125
2022-12-28,254.89161682128906
2022-12-29,261.1046142578125
2022-12-30,260.9478759765625
2023-01-03,259.18389892578125
2023-01-04,260.41864013671875
2023-01-05,256.3420104980469
2023-01-06,263.41741943359375
2023-01-09,265.12255859375
2023-01-10,267.3666076660156
2023-01-11,271.9921875
2023-01-12,273.4621276855469
2023-01-13,275.34368896484375
2023-01-17,275.9022521972656
2023-01-18,272.31561279296875
2023-01-19,269.6402587890625
2023-01-20,277.01947021484375
2023-01-23,283.1736755371094
2023-01-24,282.595458984375
2023-01-25,281.96832275390625
2023-01-26,287.46600341796875
2023-01-27,290.32757568359375
2023-01-30,284.45745849609375
2023-01-31,288.7203369140625
2023-02-01,294.8941650390625
2023-02-02,305.4779052734375
2023-02-03,300.04888916015625
2023-02-06,297.5107116699219
2023-02-07,303.67474365234375
2023-02-08,298.2751159667969
2023-02-09,295.638916015625
2023-02-10,293.6986083984375
2023-02-13,298.4024658203125
2023-02-14,300.6074523925781
2023-02-15,302.91046142578125
2023-02-16,297.22650146484375
2023-02-17,295.1294250488281
2023-02-21,288.1421813964844
2023-02-22,288.3577575683594
2023-02-23,290.87640380859375
2023-02-24,286.005859375
2023-02-27,288.05401611328125
2023-02-28,287.68157958984375
2023-03-01,285.3688659667969
2023-03-02,287.7305908203125
2023-03-03,293.6790466308594
2023-03-06,294.01220703125
2023-03-07,290.4059143066406
2023-03-08,291.8562927246094
2023-03-09,286.7996520996094
2023-03-10,282.7719421386719
2023-03-13,284.86907958984375
2023-03-14,291.415283203125
2023-03-15,292.94403076171875
2023-03-16,300.6662292480469
2023-03-17,299.2452697753906
2023-03-20,300.30731201171875
2023-03-21,304.5964050292969
2023-03-22,300.4544677734375
2023-03-23,304.0173034667969
2023-03-24,305.1361999511719
2023-03-27,303.045654296875
2023-03-28,301.43597412109375
2023-03-29,306.9324035644531
2023-03-30,309.8375549316406
2023-03-31,314.99041748046875
2023-04-03,314.2248229980469
2023-04-04,313.164794921875
2023-04-05,310.0730895996094
2023-04-06,312.1637268066406
2023-04-10,311.98699951171875
2023-04-11,309.9848327636719
2023-04-12,307.2464294433594
2023-04-13,313.26300048828125
2023-04-14,312.6740417480469
2023-04-17,312.9390563964844
2023-04-18,312.95867919921875
2023-04-19,312.8115539550781
2023-04-20,310.4264831542969
2023-04-21,310.7502746582031
2023-04-24,310.1025390625
2023-04-25,304.25286865234375
2023-04-26,306.0980224609375
2023-04-27,314.421142578125
2023-04-28,316.5902404785156
2023-05-01,316.22705078125
2023-05-02,313.4690856933594
2023-05-03,311.4177551269531
2023-05-04,310.3185119628906
2023-05-05,316.9141845703125
2023-05-08,317.6993408203125
2023-05-09,315.6872863769531
2023-05-10,319.1224670410156
2023-05-11,320.16290283203125
2023-05-12,319.0145568847656
2023-05-15,320.7419738769531
2023-05-16,321.1051025390625
2023-05-17,324.9917907714844
2023-05-18,331.0280456542969
2023-05-19,330.28204345703125
2023-05-22,331.39117431640625
2023-05-23,327.1903076171875
2023-05-24,325.51202392578125
2023-05-25,333.4326171875
2023-05-26,341.9520568847656
2023-05-30,343.5027770996094
2023-05-31,341.54962158203125
2023-06-01,345.49517822265625
2023-06-02,348.0863342285156
2023-06-05,348.33172607421875
2023-06-06,348.2728271484375
2023-06-07,342.36419677734375
2023-06-08,346.6141052246094
2023-06-09,347.93914794921875
2023-06-12,353.8182373046875
2023-06-13,356.53704833984375
2023-06-14,359.1280822753906
2023-06-15,363.4074401855469
2023-06-16,361.1204833984375
2023-06-20,360.6036376953125
2023-06-21,355.68939208984375
2023-06-22,359.8860778808594
2023-06-23,356.31842041015625
2023-06-26,351.5418395996094
2023-06-27,357.5862731933594
2023-06-28,358.2840270996094
2023-06-29,357.5666198730469
2023-06-30,363.0803527832031
2023-07-03,363.9354248046875
2023-07-05,363.9255676269531
2023-07-06,361.1539611816406
2023-07-07,359.9549255371094
2023-07-10,360.0727844238281
2023-07-11,361.8518371582031
2023-07-12,366.42193603515625
2023-07-13,372.643310546875
2023-07-14,372.56475830078125
2023-07-17,376.0439453125
2023-07-18,379.1202087402344
2023-07-19,379.0318298339844
2023-07-20,370.2944030761719
2023-07-21,369.1837463378906
2023-07-24,369.7734680175781
2023-07-25,372.2797546386719
2023-07-26,371.041259765625
2023-07-27,370.15679931640625
2023-07-28,376.8990173339844
2023-07-31,377.0955810546875
2023-08-01,376.22088623046875
2023-08-02,367.9650573730469
2023-08-03,367.3753356933594
2023-08-04,365.6553955078125
2023-08-07,368.7513427734375
2023-08-08,365.6160583496094
2023-08-09,361.59625244140625
2023-08-10,362.2645568847656
2023-08-11,359.9549255371094
2023-08-14,363.994384765625
2023-08-15,360.1318664550781
2023-08-16,356.31842041015625
2023-08-17,352.4263916015625
2023-08-18,351.9840393066406
2023-08-21,357.65509033203125
2023-08-22,357.1439514160156
2023-08-23,362.775634765625
2023-08-24,355.02105712890625
2023-08-25,357.77301025390625
2023-08-28,360.4660339355469
2023-08-29,368.3385314941406
2023-08-30,370.39263916015625
2023-08-31,371.5032653808594
2023-09-01,371.110107421875
2023-09-05,371.5819091796875
2023-09-06,368.3090515136719
2023-09-07,365.6750183105469
2023-09-08,366.18609619140625
2023-09-11,370.500732421875
2023-09-12,366.39251708984375
2023-09-13,367.78814697265625
2023-09-14,370.7955627441406
2023-09-15,364.4465026855469
2023-09-18,364.8263854980469
2023-09-19,364.04888916015625
2023-09-20,358.80267333984375
2023-09-21,352.2278137207031
2023-09-22,352.277099609375
2023-09-25,353.9502868652344
2023-09-26,348.6352844238281
2023-09-27,349.45220947265625
2023-09-28,352.3755187988281
2023-09-29,352.6313781738281
2023-10-02,355.5743408203125
2023-10-03,349.33416748046875
2023-10-04,354.088134765625
2023-10-05,353.0447692871094
2023-10-06,358.9602355957031
2023-10-09,360.7909240722656
2023-10-10,362.7889709472656
2023-10-11,365.3775939941406
2023-10-12,364.10791015625
2023-10-13,359.53106689453125
2023-10-16,363.5960998535156
2023-10-17,362.4051208496094
2023-10-18,357.6511535644531
2023-10-19,354.3046875
2023-10-20,349.0191650390625
2023-10-23,350.0723571777344
2023-10-24,353.47784423828125
2023-10-25,344.826171875
2023-10-26,338.2513427734375
2023-10-27,339.8753662109375
2023-10-30,343.7041931152344
2023-10-31,345.3478088378906
2023-11-01,351.342041015625
2023-11-02,357.72003173828125
2023-11-03,361.9228515625
2023-11-06,363.3992004394531
2023-11-07,366.8343200683594
2023-11-08,367.0705261230469
2023-11-09,364.24566650390625
2023-11-10,372.4347229003906
2023-11-13,371.2732849121094
2023-11-14,379.2655029296875
2023-11-15,379.55096435546875
2023-11-16,379.87579345703125
2023-11-17,379.9643249511719
2023-11-20,384.5903625488281
2023-11-21,382.3561096191406
2023-11-22,383.92108154296875
2023-11-24,383.37969970703125
2023-11-27,383.04510498046875
2023-11-28,384.049072265625
2023-11-29,383.67498779296875
2023-11-30,382.71038818359375
2023-12-01,383.802978515625
2023-12-04,380.2399597167969
2023-12-05,381.1946716308594
2023-12-06,378.98992919921875
2023-12-07,384.2852783203125
2023-12-08,385.9978942871094
2023-12-11,389.29510498046875
2023-12-12,392.3955993652344
2023-12-13,397.3857116699219
2023-12-14,397.041259765625
2023-12-15,398.9605712890625
2023-12-18,401.4735412597656
2023-12-19,403.5248718261719
2023-12-20,397.5285949707031
2023-12-21,402.1540222167969
2023-12-22,402.7555847167969
2023-12-26,405.22113037109375
2023-12-27,406.0461120605469
2023-12-28,405.8486633300781
2023-12-29,404.0923156738281
2024-01-02,397.2541809082031
2024-01-03,393.0506591796875
2024-01-04,391.02783203125
2024-01-05,391.4915771484375
2024-01-08,399.5828857421875
2024-01-09,400.3723449707031
2024-01-10,403.0858459472656
2024-01-11,403.92462158203125
2024-01-12,404.1318359375
2024-01-16,404.0923156738281
2024-01-17,401.81292724609375
2024-01-18,407.516357421875
2024-01-19,415.5978088378906
2024-01-22,416.1405029296875
2024-01-23,417.8673095703125
2024-01-24,420.1861877441406
2024-01-25,420.6993103027344
2024-01-26,418.19293212890625
2024-01-29,422.47540283203125
2024-01-30,419.6631774902344
2024-01-31,411.443603515625
2024-02-01,416.2885437011719
2024-02-02,423.3240051269531
2024-02-05,422.771484375
2024-02-06,421.9228820800781
2024-02-07,426.2645568847656
2024-02-08,427.053955078125
2024-02-09,431.2574768066406
2024-02-12,429.5700988769531
2024-02-13,422.8700866699219
2024-02-14,427.4782409667969
2024-02-15,428.7511901855469
2024-02-16,424.8633728027344
2024-02-20,421.6564636230469
2024-02-21,419.96905517578125
2024-02-22,432.263916015625
2024-02-23,430.9910583496094
2024-02-26,430.7640686035156
2024-02-27,431.8002014160156
2024-02-28,429.5010070800781
2024-02-29,433.1816101074219
2024-03-01,439.7039794921875
2024-03-04,438.1351318359375
2024-03-05,430.2707214355469
2024-03-06,432.9743957519531
2024-03-07,439.546142578125
2024-03-08,433.20135498046875
2024-03-11,431.5929870605469
2024-03-12,437.77984619140625
2024-03-13,434.4150390625
2024-03-14,433.31982421875
2024-03-15,428.1689758300781
2024-03-18,432.2525939941406
2024-03-19,433.3295593261719
2024-03-20,438.4674072265625
2024-03-21,440.54229736328125
2024-03-22,441.0462341308594
2024-03-25,439.4455871582031
2024-03-26,438.0228271484375
2024-03-27,439.5147399902344
2024-03-28,438.70452880859375
2024-04-01,439.6333312988281
2024-04-02,435.8392028808594
2024-04-03,436.8173522949219
2024-04-04,430.13812255859375
2024-04-05,435.2068176269531
2024-04-08,435.3353271484375
2024-04-09,436.94586181640625
2024-04-10,433.1319274902344
2024-04-11,440.0482482910156
2024-04-12,433.03314208984375
2024-04-15,425.9093322753906
2024-04-16,425.9488220214844
2024-04-17,420.75164794921875
2024-04-18,418.3507385253906
2024-04-19,409.69537353515625
2024-04-22,413.8155212402344
2024-04-23,419.9908447265625
2024-04-24,421.4136657714844
2024-04-25,419.3783264160156
2024-04-26,425.8499755859375
2024-04-29,427.5791015625
2024-04-30,419.5166015625
2024-05-01,416.4832763671875
2024-05-02,421.7990417480469
2024-05-03,430.2765197753906
2024-05-06,434.989501953125
2024-05-07,435.0586242675781
2024-05-08,434.8017272949219
2024-05-09,435.750244140625
2024-05-10,436.7778625488281
2024-05-13,437.78564453125
2024-05-14,440.6015930175781
2024-05-15,447.48834228515625
2024-05-16,446.5793151855469
2024-05-17,446.3619689941406
2024-05-20,449.47430419921875
2024-05-21,450.3536682128906
2024-05-22,450.2647399902344
2024-05-23,448.23931884765625
2024-05-24,452.47802734375
2024-05-28,454.1873474121094
2024-05-29,450.9860534667969
2024-05-30,446.15447998046875
2024-05-31,445.3244934082031
2024-06-03,447.7155456542969
2024-06-04,448.9407653808594
2024-06-05,457.9913330078125
2024-06-06,457.83319091796875
2024-06-07,457.4281311035156
2024-06-10,459.2757568359375
2024-06-11,462.42767333984375
2024-06-12,468.484375
2024-06-13,471.0237121582031
2024-06-14,473.4642028808594
2024-06-17,479.2640686035156
2024-06-18,479.4122314453125
2024-06-20,475.7169494628906
2024-06-21,474.4423828125
2024-06-24,469.0409851074219
2024-06-25,474.40478515625
2024-06-26,475.38446044921875
2024-06-27,476.61163330078125
2024-06-28,474.1375732421875
2024-07-01,476.9184265136719
2024-07-02,481.9259338378906
2024-07-03,485.9437561035156
2024-07-05,491.0106506347656
2024-07-08,492.1783142089844
2024-07-09,492.6038818359375
2024-07-10,497.739990234375
2024-07-11,486.82452392578125
2024-07-12,489.68450927734375
2024-07-15,491.00067138671875
2024-07-16,491.188720703125
2024-07-17,476.7699279785156
2024-07-18,474.5135803222656
2024-07-19,470.30767822265625
2024-07-22,477.31427001953125
2024-07-23,475.63189697265625
2024-07-24,458.57080078125
2024-07-25,453.5138244628906
2024-07-26,458.1650695800781
2024-07-29,459.0854187011719
2024-07-30,452.78155517578125
2024-07-31,466.1810302734375
2024-08-01,454.889404296875
2024-08-02,444.0926818847656
2024-08-05,430.8515319824219
2024-08-06,434.96832275390625
2024-08-07,430.25775146484375
2024-08-08,443.41973876953125
2024-08-09,445.73541259765625
2024-08-12,446.69537353515625
2024-08-13,457.77911376953125
2024-08-14,457.92755126953125
2024-08-15,469.4962158203125
2024-08-16,470.09991455078125
2024-08-19,476.2751159667969
2024-08-20,475.2756042480469
2024-08-21,477.4923400878906
2024-08-22,469.9217834472656
2024-08-23,475.018310546875
2024-08-26,470.4066467285156
2024-08-27,471.81195068359375
2024-08-28,466.4580993652344
2024-08-29,465.7752380371094
2024-08-30,471.3270568847656
2024-09-03,457.0171203613281
2024-09-04,455.82952880859375
2024-09-05,456.2550964355469
2024-09-06,444.0332336425781
2024-09-09,449.7433776855469
2024-09-10,453.8998107910156
2024-09-11,463.7563781738281
2024-09-12,468.3086853027344
2024-09-13,470.4066467285156
2024-09-16,468.3284606933594
2024-09-17,468.5758972167969
2024-09-18,466.54718017578125
2024-09-19,478.3434143066406
2024-09-20,477.43304443359375
2024-09-23,478.69854736328125
2024-09-24,481.0075988769531
2024-09-25,481.45355224609375
2024-09-26,485.0707092285156
2024-09-27,482.37518310546875
2024-09-30,483.68328857421875
2024-10-01,476.9444274902344
2024-10-02,477.61834716796875
2024-10-03,477.26153564453125
2024-10-04,482.9400939941406
2024-10-07,477.7669372558594
2024-10-08,484.9022521972656
2024-10-09,488.7176513671875
2024-10-10,488.1626892089844
2024-10-11,488.9257507324219
2024-10-14,493.028564453125
2024-10-15,486.4383239746094
2024-10-16,486.4978332519531
2024-10-17,486.834716796875
2024-10-18,490.0257873535156
2024-10-21,490.9672546386719
2024-10-22,491.50238037109375
2024-10-23,483.9706726074219
2024-10-24,487.89508056640625
2024-10-25,490.8681640625
2024-10-28,490.94744873046875
2024-10-29,495.6647033691406
2024-10-30,491.91864013671875
2024-10-31,479.501220703125
2024-11-01,483.049072265625
2024-11-04,481.641845703125
2024-11-05,487.78607177734375
2024-11-06,501.03594970703125
2024-11-07,508.9242858886719
2024-11-08,509.51904296875
2024-11-11,509.2217102050781
2024-11-12,508.300048828125
2024-11-13,507.6459655761719
2024-11-14,504.11798095703125
2024-11-15,492.10693359375
2024-11-18,495.5259094238281
2024-11-19,498.9349670410156
2024-11-20,498.64764404296875
2024-11-21,500.44134521484375
2024-11-22,501.2440490722656
2024-11-25,502.0368347167969
2024-11-26,504.7324523925781
2024-11-27,500.7584228515625
2024-11-29,505.15850830078125
2024-12-02,510.6585998535156
2024-12-03,512.2244873046875
2024-12-04,518.5570068359375
2024-12-05,517.1200561523438
2024-12-06,521.748046875
2024-12-09,517.6849365234375
2024-12-10,515.9209594726562
2024-12-11,525.1571655273438
2024-12-12,521.7679443359375
2024-12-13,525.7616577148438
2024-12-16,533.3330078125
2024-12-17,530.9843139648438
2024-12-18,511.8280334472656
2024-12-19,509.5487060546875
2024-12-20,513.998291015625
2024-12-23,519.006103515625
2024-12-24,526.0436401367188
2024-12-26,525.6863403320312
2024-12-27,518.6983642578125
2024-12-30,511.7998046875
2024-12-31,507.4521179199219
2025-01-02,506.4595031738281
2025-01-03,514.747802734375
2025-01-06,520.6637573242188
2025-01-07,511.3728942871094
2025-01-08,511.4623107910156
2025-01-10,503.44195556640625
2025-01-13,501.8240051269531
2025-01-14,501.3475341796875
2025-01-15,512.8817138671875
2025-01-16,509.2884521484375
2025-01-17,517.8844604492188
2025-01-21,520.9218139648438
2025-01-22,527.5822143554688
2025-01-23,528.7039184570312
2025-01-24,525.7161254882812
2025-01-27,510.4100646972656
2025-01-28,517.9539184570312
2025-01-29,516.9812622070312
2025-01-30,519.184814453125
2025-01-31,518.4303588867188
2025-02-03,514.28125
2025-02-04,520.59423828125
2025-02-05,522.9566650390625
2025-02-06,525.6863403320312
2025-02-07,519.0557250976562
2025-02-10,525.3388671875
2025-02-11,524.0882568359375
2025-02-12,524.39599609375
2025-02-13,531.9398803710938
2025-02-14,534.1732177734375
2025-02-18,535.3840942382812
2025-02-19,535.5330200195312
2025-02-20,533.2598266601562
2025-02-21,522.1923217773438
2025-02-24,516.0283203125
2025-02-25,509.52667236328125
2025-02-26,510.75750732421875
2025-02-27,496.5730895996094
2025-02-28,504.4147033691406
2025-03-03,493.37689208984375
2025-03-04,491.8879699707031
2025-03-05,498.3002624511719
2025-03-06,484.5923156738281
2025-03-07,488.15576171875
2025-03-10,469.2366638183594
2025-03-11,468.1149597167969
2025-03-12,473.3956604003906
2025-03-13,464.8790283203125
2025-03-14,476.11541748046875
2025-03-17,479.202392578125
2025-03-18,471.03326416015625
2025-03-19,477.3363037109375
2025-03-20,475.7184143066406
2025-03-21,477.28668212890625
2025-03-24,487.76043701171875
2025-03-25,490.54388427734375
2025-03-26,481.51751708984375
2025-03-27,478.77386474609375
2025-03-28,466.16876220703125
2025-03-31,466.1488952636719
2025-04-01,469.90655517578125
2025-04-02,473.3361511230469
2025-04-03,447.9967956542969
2025-04-04,420.1722106933594
2025-04-07,421.1861572265625
2025-04-08,413.6012268066406
2025-04-09,463.2461242675781
2025-04-10,443.5432434082031
2025-04-11,451.7147216796875
2025-04-14,454.7764892578125
2025-04-15,455.28350830078125
2025-04-16,441.5550537109375
2025-04-17,441.4755859375
2025-04-21,430.55047607421875
2025-04-22,441.8533020019531
2025-04-23,451.8737487792969
2025-04-24,464.58819580078125
2025-04-25,469.76739501953125
2025-04-28,469.6182556152344
2025-04-29,472.7198181152344
2025-04-30,472.6601867675781
2025-05-01,478.8334655761719
2025-05-02,485.9411926269531
2025-05-05,483.058349609375
2025-05-06,478.5650634765625
2025-05-07,480.44390869140625
2025-05-08,485.4044494628906
2025-05-09,485.0863342285156
2025-05-12,504.84881591796875
2025-05-13,512.5431518554688
2025-05-14,515.6148071289062
2025-05-15,516.1814575195312
2025-05-16,518.4281005859375
2025-05-19,518.9251098632812
2025-05-20,517.1954345703125
2025-05-21,510.0081481933594
2025-05-22,510.96246337890625
2025-05-23,506.2306213378906
2025-05-27,518.1398315429688
2025-05-28,515.8433837890625
2025-05-29,516.8574829101562
2025-05-30,516.042236328125
2025-06-02,520.1181030273438
2025-06-03,524.183837890625
2025-06-04,525.6452026367188
2025-06-05,521.6886596679688
2025-06-06,526.788330078125
2025-06-09,527.5637817382812
2025-06-10,531.0530395507812
2025-06-11,529.263671875
2025-06-12,530.5062866210938
2025-06-13,523.845947265625
2025-06-16,531.132568359375
2025-06-17,525.9534301757812
2025-06-18,525.8638916015625
2025-06-20,523.7166748046875
2025-06-23,529.1017456054688
2025-06-24,537.19287109375
2025-06-25,538.566162109375
2025-06-26,543.6018676757812
2025-06-27,545.4629516601562
2025-06-30,548.9959716796875
2025-07-01,544.3681640625
2025-07-02,548.159912109375
2025-07-03,553.5540161132812
2025-07-07,549.3840942382812
2025-07-08,549.6925659179688
2025-07-09,553.5838012695312
2025-07-10,552.7877197265625
2025-07-11,551.5436401367188
2025-07-14,553.5440673828125
2025-07-15,554.0515747070312
2025-07-16,554.6188354492188
2025-07-17,559.1072387695312
2025-07-18,558.56982421875
2025-07-21,561.4658813476562
2025-07-22,558.5598754882812
2025-07-23,561.1076049804688
2025-07-24,562.3018188476562
2025-07-25,563.6553344726562
2025-07-28,565.4169311523438
2025-07-29,564.5410766601562
2025-07-30,565.2974243164062
2025-07-31,562.3018188476562
2025-08-01,551.2252197265625
2025-08-04,561.3961791992188
2025-08-05,557.5845336914062
2025-08-06,564.600830078125
2025-08-07,566.5115356445312
2025-08-08,571.7960815429688
2025-08-11,570.1041870117188
2025-08-12,577.269775390625
2025-08-13,577.5584106445312
2025-08-14,577.1105346679688
2025-08-15,574.5728149414062
2025-08-18,574.3438720703125
2025-08-19,566.5513916015625
2025-08-20,563.1876220703125
2025-08-21,560.5802001953125
2025-08-22,569.2284545898438
2025-08-25,567.58642578125
2025-08-26,569.8653564453125
2025-08-27,570.7412109375
2025-08-28,574.31396484375
2025-08-29,567.666015625
2025-09-02,562.908935546875
2025-09-03,567.3375854492188
2025-09-04,572.4728393554688
2025-09-05,573.2988891601562
2025-09-08,576.0953979492188
2025-09-09,577.7275390625
2025-09-10,577.9166259765625
2025-09-11,581.2804565429688
2025-09-12,583.84814453125
2025-09-15,588.8440551757812
2025-09-16,588.3463134765625
2025-09-17,587.1720581054688
2025-09-18,592.466552734375
2025-09-19,596.4772338867188
2025-09-22,600.0083618164062
2025-09-23,596.02294921875
2025-09-24,593.9305419921875
2025-09-25,591.3699340820312
2025-09-26,593.801025390625
2025-09-29,596.5509643554688
2025-09-30,598.18505859375
2025-10-01,601.0545043945312
2025-10-02,603.5254516601562
2025-10-03,600.9848022460938
2025-10-06,605.498291015625
2025-10-07,602.3099365234375
2025-10-08,609.2147216796875
2025-10-09,608.4774169921875
2025-10-10,587.3546142578125
2025-10-13,599.8190307617188
2025-10-14,595.8236694335938
2025-10-15,600.0282592773438
2025-10-16,597.806396484375
2025-10-17,601.7320556640625
2025-10-20,609.3143310546875
2025-10-21,609.1549682617188
2025-10-22,603.286376953125
2025-10-23,608.3578491210938
2025-10-24,614.8540649414062
2025-10-27,625.8041381835938
2025-10-28,630.6165771484375
2025-10-29,633.4562377929688
2025-10-30,623.7715454101562
2025-10-31,626.7806396484375
2025-11-03,629.7796020507812
2025-11-04,616.9962768554688
2025-11-05,621.01171875
2025-11-06,609.4439086914062
2025-11-07,607.5209350585938
2025-11-10,620.9618530273438
2025-11-11,619.307861328125
2025-11-12,618.8196411132812
2025-11-13,606.1858520507812
2025-11-14,606.6441040039062
2025-11-17,601.4630737304688
2025-11-18,594.1397094726562
2025-11-19,597.6868286132812
2025-11-20,583.5384521484375
2025-11-21,587.9224853515625
2025-11-24,602.9575805664062
2025-11-25,606.674072265625
2025-11-26,612.034423828125
2025-11-28,616.9962768554688
2025-12-01,614.923828125
2025-12-02,619.7362670898438
2025-12-03,621.250732421875
2025-12-04,620.6729125976562
2025-12-05,623.20361328125
2025-12-08,622.0079956054688
2025-12-09,622.775146484375
2025-12-10,625.3258666992188
2025-12-11,623.3032836914062
2025-12-12,611.3867797851562
2025-12-15,608.3179931640625
2025-12-16,609.5235595703125
2025-12-17,598.224853515625
2025-12-18,606.8931884765625
2025-12-19,614.8043212890625
2025-12-22,617.7513427734375
2025-12-23,620.6444702148438
2025-12-24,622.4602661132812
2025-12-26,622.4202880859375
2025-12-29,619.4074096679688
2025-12-30,617.9707641601562
2025-12-31,612.8628540039062
2026-01-02,611.6757202148438
2026-01-05,616.5341796875
2026-01-06,621.951416015625
2026-01-07,622.550048828125
2026-01-08,619.0083618164062
2026-01-09,625.173828125
2026-01-12,625.6925659179688
2026-01-13,624.7647705078125
2026-01-14,618.0905151367188
2026-01-15,620.3153076171875
2026-01-16,619.7965087890625
2026-01-20,606.6276245117188
2026-01-21,614.8282470703125
2026-01-22,619.2976684570312
2026-01-23,621.2530517578125
2026-01-26,623.9866333007812
2026-01-27,629.6432495117188
2026-01-28,631.7283325195312
2026-01-29,627.947265625
2026-01-30,620.4050903320312
2026-02-02,624.6650390625
2026-02-03,615.0676879882812
2026-02-04,604.3230590820312
2026-02-05,595.6236572265625
2026-02-06,608.2138671875
2026-02-09,612.8728637695312
2026-02-10,610.029541015625
2026-02-11,611.6657104492188
2026-02-12,599.22509765625
2026-02-13,600.5020751953125
2026-02-17,599.8834838867188
2026-02-18,604.3629150390625
2026-02-19,602.0484008789062
2026-02-20,607.3758544921875
2026-02-23,599.9932250976562
2026-02-24,606.4380493164062
2026-02-25,615.227294921875
2026-02-26,607.8048095703125
2026-02-27,605.859375
2026-03-02,606.6575317382812
2026-03-03,600.1629028320312
2026-03-04,609.311279296875
2026-03-05,607.4755249023438
2026-03-06,598.337158203125
2026-03-09,606.3283081054688
2026-03-10,606.3383178710938
2026-03-11,606.2584838867188
2026-03-12,595.8530883789062
2026-03-13,592.3213500976562
2026-03-16,598.9656982421875
2026-03-17,601.8887939453125
2026-03-18,593.4986572265625
2026-03-19,591.623046875
2026-03-20,580.6888427734375
2026-03-23,587.3545532226562
2026-03-24,583.3389282226562
2026-03-25,587.1747436523438
2026-03-26,573.1600952148438
2026-03-27,561.9624633789062
2026-03-30,557.6671752929688
2026-03-31,576.54638671875
2026-04-01,583.6685791015625
2026-04-02,584.3378295898438
2026-04-06,587.85400390625
2026-04-07,587.9439086914062
2026-04-08,605.4246826171875
2026-04-09,609.5202026367188
2026-04-10,610.3992309570312
2026-04-13,616.7122802734375
2026-04-14,627.909912109375
2026-04-15,636.7003173828125
2026-04-16,639.7669067382812
2026-04-17,648.1376953125
2026-04-20,646.0799560546875
2026-04-21,643.6226806640625
2026-04-22,654.390869140625
2026-04-23,650.7048950195312
2026-04-24,663.1512451171875
2026-04-27,663.5008544921875
2026-04-28,656.8281860351562
2026-04-29,660.84375
2026-04-30,667.0069580078125
2026-05-01,673.4099731445312
2026-05-04,672.141357421875
2026-05-05,680.8617553710938
2026-05-06,695.0062255859375
2026-05-07,694.1771240234375
2026-05-08,710.44921875
2026-05-11,712.5069580078125
2026-05-12,706.463623046875
2026-05-13,713.9254760742188
2026-05-14,718.9998168945312
2026-05-15,708.1517944335938
2026-05-18,705.1051025390625
2026-05-19,700.7599487304688
2026-05-20,712.3671875
2026-05-21,713.7256469726562
2026-05-22,716.7523193359375
2026-05-26,729.4783935546875
2026-05-27,728.6492919921875
2026-05-28,734.79248046875
2026-05-29,737.49951171875
2026-06-01,741.9246826171875
2026-06-02,745.3408813476562
2026-06-03,743.39306640625
2026-06-04,739.7969970703125
2026-06-05,704.2860107421875
2026-06-08,715.283935546875
2026-06-09,707.052978515625
2026-06-10,692.9285278320312
2026-06-11,716.332763671875
2026-06-12,720.5481567382812
2026-06-15,743.1832885742188
2026-06-16,729.0587768554688
2026-06-17,721.7168579101562
2026-06-18,739.8070068359375
2026-06-22,737.9500122070312
2026-06-23,713.6500244140625
2026-06-24,710.6199951171875
2026-06-25,716.3800048828125
2026-06-26,706.52001953125
2026-06-29,724.0800170898438
2026-06-30,736.4000244140625
2026-07-01,725.1699829101562
2026-07-02,712.5999755859375
2026-07-06,722.8200073242188
2026-07-07,709.4299926757812
2026-07-08,711.4400024414062
2026-07-09,723.280029296875
2026-07-10,725.510009765625
2026-07-13,711.739990234375
2026-07-14,719.6900024414062
2026-07-15,717.739990234375
2026-07-16,705.9400024414062
2026-07-17,695.3300170898438
2026-07-20,696.0599975585938
2026-07-21,708.969970703125
2026-07-22,705.3499755859375
2026-07-23,691.9600219726562
2026-07-24,684.22998046875
2026-07-27,682.1199951171875
2026-07-28,675.489990234375
2026-07-29,661.72998046875
2026-07-30,683.5499877929688
2026-07-31,687.989990234375
2026-08-03,700.0700073242188
2026-08-04,723.8499755859375
2026-08-05,717.2999877929688
2026-08-06,714.6500244140625
2026-08-07,723.030029296875
2026-08-10,720.8699951171875
2026-08-11,718.4500122070312
2026-08-12,723.7000122070312
2026-08-13,732.0700073242188
2026-08-14,731.0700073242188
2026-08-17,729.8699951171875
2026-08-18,717.510009765625
2026-08-19,716.0800170898438
2026-08-20,710.9299926757812
2026-08-21,713.4400024414062
2026-08-24,706.3200073242188
2026-08-25,710.719970703125
2026-08-26,711.3699951171875
2026-08-27,721.1099853515625
2026-08-28,716.4299926757812
2026-08-31,716.760009765625
2026-09-01,707.6400146484375
2026-09-02,709.239990234375
2026-09-03,717.6699829101562
2026-09-04,718.9600219726562
2026-09-08,718.3599853515625
2026-09-09,716.3099975585938
2026-09-10,708.6900024414062
2026-09-11,714.8800048828125
